{"timestamp": "2026-08-17 17:43:54,184", "severity": "INFO", "message": "Shipping Service listening on port 5051", "logger": "shippingservice"}
{"timestamp": "2026-08-17 17:43:54,190", "severity": "INFO", "message": "[ShippingService] gRPC server started on :5051", "logger": "shippingservice"}
{"timestamp": "2026-08-17 17:43:54,193", "severity": "INFO", "message": "[ShippingService] HTTP server starting on :6051", "logger": "shippingservice"}
INFO:     Started server process [69071]
INFO:     Waiting for application startup.
INFO:     Application startup complete.
INFO:     Uvicorn running on http://0.0.0.0:6051 (Press CTRL+C to quit)
{"timestamp": "2026-08-17 17:46:40,175", "severity": "INFO", "message": "[GetQuote] received request", "logger": "shippingservice"}
{"timestamp": "2026-08-17 17:46:40,175", "severity": "INFO", "message": "[GetQuote] item_count=1 → $8.99", "logger": "shippingservice"}
{"timestamp": "2026-08-17 17:46:40,175", "severity": "INFO", "message": "[GetQuote] completed request", "logger": "shippingservice"}
{"timestamp": "2026-08-17 17:46:40,176", "severity": "INFO", "message": "[ShipOrder] received request", "logger": "shippingservice"}
{"timestamp": "2026-08-17 17:46:40,177", "severity": "INFO", "message": "[ShipOrder] base_address='101 Main St, Seattle, WA' → tracking_id=RC-12047853-GC", "logger": "shippingservice"}
{"timestamp": "2026-08-17 17:46:40,177", "severity": "INFO", "message": "[GetQuote] received request", "logger": "shippingservice"}
{"timestamp": "2026-08-17 17:46:40,177", "severity": "INFO", "message": "[GetQuote] item_count=1 → $8.99", "logger": "shippingservice"}
{"timestamp": "2026-08-17 17:46:40,177", "severity": "INFO", "message": "[GetQuote] completed request", "logger": "shippingservice"}
{"timestamp": "2026-08-17 17:46:40,177", "severity": "INFO", "message": "[ShipOrder] quote fetched | USD 8.99", "logger": "shippingservice"}
{"timestamp": "2026-08-17 17:46:40,206", "severity": "INFO", "message": "[MongoDB] Shipment persisted: shipping_id=59125e42-027a-4450-8424-8cfe0d4a009a, tracking_id=RC-12047853-GC", "logger": "shippingservice"}
{"timestamp": "2026-08-17 17:46:40,206", "severity": "INFO", "message": "[ShipOrder] completed request", "logger": "shippingservice"}
{"timestamp": "2026-08-17 17:46:40,261", "severity": "INFO", "message": "[GetQuote] received request", "logger": "shippingservice"}
{"timestamp": "2026-08-17 17:46:40,262", "severity": "INFO", "message": "[GetQuote] item_count=1 → $8.99", "logger": "shippingservice"}
{"timestamp": "2026-08-17 17:46:40,262", "severity": "INFO", "message": "[GetQuote] completed request", "logger": "shippingservice"}
{"timestamp": "2026-08-17 17:46:40,264", "severity": "INFO", "message": "[ShipOrder] received request", "logger": "shippingservice"}
{"timestamp": "2026-08-17 17:46:40,265", "severity": "INFO", "message": "[ShipOrder] base_address='101 Main St, Seattle, WA' → tracking_id=WI-12047853-LA", "logger": "shippingservice"}
{"timestamp": "2026-08-17 17:46:40,265", "severity": "INFO", "message": "[GetQuote] received request", "logger": "shippingservice"}
{"timestamp": "2026-08-17 17:46:40,265", "severity": "INFO", "message": "[GetQuote] item_count=1 → $8.99", "logger": "shippingservice"}
{"timestamp": "2026-08-17 17:46:40,265", "severity": "INFO", "message": "[GetQuote] completed request", "logger": "shippingservice"}
{"timestamp": "2026-08-17 17:46:40,265", "severity": "INFO", "message": "[ShipOrder] quote fetched | USD 8.99", "logger": "shippingservice"}
{"timestamp": "2026-08-17 17:46:40,268", "severity": "INFO", "message": "[MongoDB] Shipment persisted: shipping_id=fbd7844c-9b3b-4e2b-ad22-7492d1ddb6c8, tracking_id=WI-12047853-LA", "logger": "shippingservice"}
{"timestamp": "2026-08-17 17:46:40,268", "severity": "INFO", "message": "[ShipOrder] completed request", "logger": "shippingservice"}
{"timestamp": "2026-08-17 17:46:40,323", "severity": "INFO", "message": "[GetQuote] received request", "logger": "shippingservice"}
{"timestamp": "2026-08-17 17:46:40,323", "severity": "INFO", "message": "[GetQuote] item_count=2 → $8.99", "logger": "shippingservice"}
{"timestamp": "2026-08-17 17:46:40,323", "severity": "INFO", "message": "[GetQuote] completed request", "logger": "shippingservice"}
{"timestamp": "2026-08-17 17:46:40,325", "severity": "INFO", "message": "[ShipOrder] received request", "logger": "shippingservice"}
{"timestamp": "2026-08-17 17:46:40,325", "severity": "INFO", "message": "[ShipOrder] base_address='102 Main St, Seattle, WA' → tracking_id=GM-92133625-MC", "logger": "shippingservice"}
{"timestamp": "2026-08-17 17:46:40,326", "severity": "INFO", "message": "[GetQuote] received request", "logger": "shippingservice"}
{"timestamp": "2026-08-17 17:46:40,326", "severity": "INFO", "message": "[GetQuote] item_count=2 → $8.99", "logger": "shippingservice"}
{"timestamp": "2026-08-17 17:46:40,326", "severity": "INFO", "message": "[GetQuote] completed request", "logger": "shippingservice"}
{"timestamp": "2026-08-17 17:46:40,326", "severity": "INFO", "message": "[ShipOrder] quote fetched | USD 8.99", "logger": "shippingservice"}
{"timestamp": "2026-08-17 17:46:40,334", "severity": "INFO", "message": "[MongoDB] Shipment persisted: shipping_id=8f18835a-698f-45be-8140-85d3012e927b, tracking_id=GM-92133625-MC", "logger": "shippingservice"}
{"timestamp": "2026-08-17 17:46:40,334", "severity": "INFO", "message": "[ShipOrder] completed request", "logger": "shippingservice"}
{"timestamp": "2026-08-17 17:46:40,389", "severity": "INFO", "message": "[GetQuote] received request", "logger": "shippingservice"}
{"timestamp": "2026-08-17 17:46:40,389", "severity": "INFO", "message": "[GetQuote] item_count=2 → $8.99", "logger": "shippingservice"}
{"timestamp": "2026-08-17 17:46:40,389", "severity": "INFO", "message": "[GetQuote] completed request", "logger": "shippingservice"}
{"timestamp": "2026-08-17 17:46:40,393", "severity": "INFO", "message": "[ShipOrder] received request", "logger": "shippingservice"}
{"timestamp": "2026-08-17 17:46:40,393", "severity": "INFO", "message": "[ShipOrder] base_address='102 Main St, Seattle, WA' → tracking_id=YB-92133625-MY", "logger": "shippingservice"}
{"timestamp": "2026-08-17 17:46:40,394", "severity": "INFO", "message": "[GetQuote] received request", "logger": "shippingservice"}
{"timestamp": "2026-08-17 17:46:40,394", "severity": "INFO", "message": "[GetQuote] item_count=2 → $8.99", "logger": "shippingservice"}
{"timestamp": "2026-08-17 17:46:40,394", "severity": "INFO", "message": "[GetQuote] completed request", "logger": "shippingservice"}
{"timestamp": "2026-08-17 17:46:40,394", "severity": "INFO", "message": "[ShipOrder] quote fetched | USD 8.99", "logger": "shippingservice"}
{"timestamp": "2026-08-17 17:46:40,397", "severity": "INFO", "message": "[MongoDB] Shipment persisted: shipping_id=b90912e8-6aa2-4b19-b49e-92dc672c674b, tracking_id=YB-92133625-MY", "logger": "shippingservice"}
{"timestamp": "2026-08-17 17:46:40,397", "severity": "INFO", "message": "[ShipOrder] completed request", "logger": "shippingservice"}
{"timestamp": "2026-08-17 17:46:40,452", "severity": "INFO", "message": "[GetQuote] received request", "logger": "shippingservice"}
{"timestamp": "2026-08-17 17:46:40,453", "severity": "INFO", "message": "[GetQuote] item_count=3 → $15.99", "logger": "shippingservice"}
{"timestamp": "2026-08-17 17:46:40,453", "severity": "INFO", "message": "[GetQuote] completed request", "logger": "shippingservice"}
{"timestamp": "2026-08-17 17:46:40,455", "severity": "INFO", "message": "[ShipOrder] received request", "logger": "shippingservice"}
{"timestamp": "2026-08-17 17:46:40,455", "severity": "INFO", "message": "[ShipOrder] base_address='103 Main St, Seattle, WA' → tracking_id=VQ-36627258-RV", "logger": "shippingservice"}
{"timestamp": "2026-08-17 17:46:40,456", "severity": "INFO", "message": "[GetQuote] received request", "logger": "shippingservice"}
{"timestamp": "2026-08-17 17:46:40,456", "severity": "INFO", "message": "[GetQuote] item_count=3 → $15.99", "logger": "shippingservice"}
{"timestamp": "2026-08-17 17:46:40,456", "severity": "INFO", "message": "[GetQuote] completed request", "logger": "shippingservice"}
{"timestamp": "2026-08-17 17:46:40,456", "severity": "INFO", "message": "[ShipOrder] quote fetched | USD 15.99", "logger": "shippingservice"}
{"timestamp": "2026-08-17 17:46:40,462", "severity": "INFO", "message": "[MongoDB] Shipment persisted: shipping_id=2f2a8230-e32d-43f6-8655-9f233abd29fd, tracking_id=VQ-36627258-RV", "logger": "shippingservice"}
{"timestamp": "2026-08-17 17:46:40,462", "severity": "INFO", "message": "[ShipOrder] completed request", "logger": "shippingservice"}
{"timestamp": "2026-08-17 17:46:40,517", "severity": "INFO", "message": "[GetQuote] received request", "logger": "shippingservice"}
{"timestamp": "2026-08-17 17:46:40,517", "severity": "INFO", "message": "[GetQuote] item_count=3 → $15.99", "logger": "shippingservice"}
{"timestamp": "2026-08-17 17:46:40,517", "severity": "INFO", "message": "[GetQuote] completed request", "logger": "shippingservice"}
{"timestamp": "2026-08-17 17:46:40,521", "severity": "INFO", "message": "[ShipOrder] received request", "logger": "shippingservice"}
{"timestamp": "2026-08-17 17:46:40,521", "severity": "INFO", "message": "[ShipOrder] base_address='103 Main St, Seattle, WA' → tracking_id=KF-36627258-NY", "logger": "shippingservice"}
{"timestamp": "2026-08-17 17:46:40,521", "severity": "INFO", "message": "[GetQuote] received request", "logger": "shippingservice"}
{"timestamp": "2026-08-17 17:46:40,521", "severity": "INFO", "message": "[GetQuote] item_count=3 → $15.99", "logger": "shippingservice"}
{"timestamp": "2026-08-17 17:46:40,521", "severity": "INFO", "message": "[GetQuote] completed request", "logger": "shippingservice"}
{"timestamp": "2026-08-17 17:46:40,522", "severity": "INFO", "message": "[ShipOrder] quote fetched | USD 15.99", "logger": "shippingservice"}
{"timestamp": "2026-08-17 17:46:40,526", "severity": "INFO", "message": "[MongoDB] Shipment persisted: shipping_id=9d2b7a82-041c-40bb-ab60-0cca19a2dfba, tracking_id=KF-36627258-NY", "logger": "shippingservice"}
{"timestamp": "2026-08-17 17:46:40,526", "severity": "INFO", "message": "[ShipOrder] completed request", "logger": "shippingservice"}
{"timestamp": "2026-08-17 17:46:40,582", "severity": "INFO", "message": "[GetQuote] received request", "logger": "shippingservice"}
{"timestamp": "2026-08-17 17:46:40,583", "severity": "INFO", "message": "[GetQuote] item_count=4 → $15.99", "logger": "shippingservice"}
{"timestamp": "2026-08-17 17:46:40,583", "severity": "INFO", "message": "[GetQuote] completed request", "logger": "shippingservice"}
{"timestamp": "2026-08-17 17:46:40,586", "severity": "INFO", "message": "[ShipOrder] received request", "logger": "shippingservice"}
{"timestamp": "2026-08-17 17:46:40,586", "severity": "INFO", "message": "[ShipOrder] base_address='104 Main St, Seattle, WA' → tracking_id=WL-86805510-JY", "logger": "shippingservice"}
{"timestamp": "2026-08-17 17:46:40,586", "severity": "INFO", "message": "[GetQuote] received request", "logger": "shippingservice"}
{"timestamp": "2026-08-17 17:46:40,587", "severity": "INFO", "message": "[GetQuote] item_count=4 → $15.99", "logger": "shippingservice"}
{"timestamp": "2026-08-17 17:46:40,587", "severity": "INFO", "message": "[GetQuote] completed request", "logger": "shippingservice"}
{"timestamp": "2026-08-17 17:46:40,587", "severity": "INFO", "message": "[ShipOrder] quote fetched | USD 15.99", "logger": "shippingservice"}
{"timestamp": "2026-08-17 17:46:40,598", "severity": "INFO", "message": "[MongoDB] Shipment persisted: shipping_id=36802a3b-7adc-49b4-bcb1-5650e6798334, tracking_id=WL-86805510-JY", "logger": "shippingservice"}
{"timestamp": "2026-08-17 17:46:40,599", "severity": "INFO", "message": "[ShipOrder] completed request", "logger": "shippingservice"}
{"timestamp": "2026-08-17 17:46:40,660", "severity": "INFO", "message": "[GetQuote] received request", "logger": "shippingservice"}
{"timestamp": "2026-08-17 17:46:40,661", "severity": "INFO", "message": "[GetQuote] item_count=4 → $15.99", "logger": "shippingservice"}
{"timestamp": "2026-08-17 17:46:40,661", "severity": "INFO", "message": "[GetQuote] completed request", "logger": "shippingservice"}
{"timestamp": "2026-08-17 17:46:40,672", "severity": "INFO", "message": "[ShipOrder] received request", "logger": "shippingservice"}
{"timestamp": "2026-08-17 17:46:40,673", "severity": "INFO", "message": "[ShipOrder] base_address='104 Main St, Seattle, WA' → tracking_id=ZF-86805510-RR", "logger": "shippingservice"}
{"timestamp": "2026-08-17 17:46:40,673", "severity": "INFO", "message": "[GetQuote] received request", "logger": "shippingservice"}
{"timestamp": "2026-08-17 17:46:40,674", "severity": "INFO", "message": "[GetQuote] item_count=4 → $15.99", "logger": "shippingservice"}
{"timestamp": "2026-08-17 17:46:40,674", "severity": "INFO", "message": "[GetQuote] completed request", "logger": "shippingservice"}
{"timestamp": "2026-08-17 17:46:40,674", "severity": "INFO", "message": "[ShipOrder] quote fetched | USD 15.99", "logger": "shippingservice"}
{"timestamp": "2026-08-17 17:46:40,685", "severity": "INFO", "message": "[MongoDB] Shipment persisted: shipping_id=e2a5b623-6d32-4ed5-b5ed-b802332f5ed3, tracking_id=ZF-86805510-RR", "logger": "shippingservice"}
{"timestamp": "2026-08-17 17:46:40,685", "severity": "INFO", "message": "[ShipOrder] completed request", "logger": "shippingservice"}
{"timestamp": "2026-08-17 17:46:40,743", "severity": "INFO", "message": "[GetQuote] received request", "logger": "shippingservice"}
{"timestamp": "2026-08-17 17:46:40,743", "severity": "INFO", "message": "[GetQuote] item_count=5 → $23.99", "logger": "shippingservice"}
{"timestamp": "2026-08-17 17:46:40,743", "severity": "INFO", "message": "[GetQuote] completed request", "logger": "shippingservice"}
{"timestamp": "2026-08-17 17:46:40,744", "severity": "INFO", "message": "[ShipOrder] received request", "logger": "shippingservice"}
{"timestamp": "2026-08-17 17:46:40,745", "severity": "INFO", "message": "[ShipOrder] base_address='105 Main St, Seattle, WA' → tracking_id=XT-26194614-UI", "logger": "shippingservice"}
{"timestamp": "2026-08-17 17:46:40,745", "severity": "INFO", "message": "[GetQuote] received request", "logger": "shippingservice"}
{"timestamp": "2026-08-17 17:46:40,745", "severity": "INFO", "message": "[GetQuote] item_count=5 → $23.99", "logger": "shippingservice"}
{"timestamp": "2026-08-17 17:46:40,745", "severity": "INFO", "message": "[GetQuote] completed request", "logger": "shippingservice"}
{"timestamp": "2026-08-17 17:46:40,745", "severity": "INFO", "message": "[ShipOrder] quote fetched | USD 23.99", "logger": "shippingservice"}
{"timestamp": "2026-08-17 17:46:40,751", "severity": "INFO", "message": "[MongoDB] Shipment persisted: shipping_id=1e14cae1-3160-471c-83e9-094e3e72897f, tracking_id=XT-26194614-UI", "logger": "shippingservice"}
{"timestamp": "2026-08-17 17:46:40,751", "severity": "INFO", "message": "[ShipOrder] completed request", "logger": "shippingservice"}
{"timestamp": "2026-08-17 17:46:40,805", "severity": "INFO", "message": "[GetQuote] received request", "logger": "shippingservice"}
{"timestamp": "2026-08-17 17:46:40,806", "severity": "INFO", "message": "[GetQuote] item_count=5 → $23.99", "logger": "shippingservice"}
{"timestamp": "2026-08-17 17:46:40,806", "severity": "INFO", "message": "[GetQuote] completed request", "logger": "shippingservice"}
{"timestamp": "2026-08-17 17:46:40,808", "severity": "INFO", "message": "[ShipOrder] received request", "logger": "shippingservice"}
{"timestamp": "2026-08-17 17:46:40,808", "severity": "INFO", "message": "[ShipOrder] base_address='105 Main St, Seattle, WA' → tracking_id=HO-26194614-AZ", "logger": "shippingservice"}
{"timestamp": "2026-08-17 17:46:40,809", "severity": "INFO", "message": "[GetQuote] received request", "logger": "shippingservice"}
{"timestamp": "2026-08-17 17:46:40,809", "severity": "INFO", "message": "[GetQuote] item_count=5 → $23.99", "logger": "shippingservice"}
{"timestamp": "2026-08-17 17:46:40,809", "severity": "INFO", "message": "[GetQuote] completed request", "logger": "shippingservice"}
{"timestamp": "2026-08-17 17:46:40,809", "severity": "INFO", "message": "[ShipOrder] quote fetched | USD 23.99", "logger": "shippingservice"}
{"timestamp": "2026-08-17 17:46:40,812", "severity": "INFO", "message": "[MongoDB] Shipment persisted: shipping_id=6595346c-3022-4916-9d6b-b68ebbdfb9f4, tracking_id=HO-26194614-AZ", "logger": "shippingservice"}
{"timestamp": "2026-08-17 17:46:40,812", "severity": "INFO", "message": "[ShipOrder] completed request", "logger": "shippingservice"}
{"timestamp": "2026-08-17 17:46:40,868", "severity": "INFO", "message": "[GetQuote] received request", "logger": "shippingservice"}
{"timestamp": "2026-08-17 17:46:40,868", "severity": "INFO", "message": "[GetQuote] item_count=6 → $23.99", "logger": "shippingservice"}
{"timestamp": "2026-08-17 17:46:40,868", "severity": "INFO", "message": "[GetQuote] completed request", "logger": "shippingservice"}
{"timestamp": "2026-08-17 17:46:40,871", "severity": "INFO", "message": "[ShipOrder] received request", "logger": "shippingservice"}
{"timestamp": "2026-08-17 17:46:40,871", "severity": "INFO", "message": "[ShipOrder] base_address='106 Main St, Seattle, WA' → tracking_id=SD-38128036-GS", "logger": "shippingservice"}
{"timestamp": "2026-08-17 17:46:40,871", "severity": "INFO", "message": "[GetQuote] received request", "logger": "shippingservice"}
{"timestamp": "2026-08-17 17:46:40,872", "severity": "INFO", "message": "[GetQuote] item_count=6 → $23.99", "logger": "shippingservice"}
{"timestamp": "2026-08-17 17:46:40,872", "severity": "INFO", "message": "[GetQuote] completed request", "logger": "shippingservice"}
{"timestamp": "2026-08-17 17:46:40,872", "severity": "INFO", "message": "[ShipOrder] quote fetched | USD 23.99", "logger": "shippingservice"}
{"timestamp": "2026-08-17 17:46:40,881", "severity": "INFO", "message": "[MongoDB] Shipment persisted: shipping_id=6dcd0212-b333-47dd-99eb-3c36007adf11, tracking_id=SD-38128036-GS", "logger": "shippingservice"}
{"timestamp": "2026-08-17 17:46:40,881", "severity": "INFO", "message": "[ShipOrder] completed request", "logger": "shippingservice"}
{"timestamp": "2026-08-17 17:46:40,942", "severity": "INFO", "message": "[GetQuote] received request", "logger": "shippingservice"}
{"timestamp": "2026-08-17 17:46:40,942", "severity": "INFO", "message": "[GetQuote] item_count=6 → $23.99", "logger": "shippingservice"}
{"timestamp": "2026-08-17 17:46:40,942", "severity": "INFO", "message": "[GetQuote] completed request", "logger": "shippingservice"}
{"timestamp": "2026-08-17 17:46:40,951", "severity": "INFO", "message": "[ShipOrder] received request", "logger": "shippingservice"}
{"timestamp": "2026-08-17 17:46:40,951", "severity": "INFO", "message": "[ShipOrder] base_address='106 Main St, Seattle, WA' → tracking_id=EU-38128036-DB", "logger": "shippingservice"}
{"timestamp": "2026-08-17 17:46:40,951", "severity": "INFO", "message": "[GetQuote] received request", "logger": "shippingservice"}
{"timestamp": "2026-08-17 17:46:40,952", "severity": "INFO", "message": "[GetQuote] item_count=6 → $23.99", "logger": "shippingservice"}
{"timestamp": "2026-08-17 17:46:40,952", "severity": "INFO", "message": "[GetQuote] completed request", "logger": "shippingservice"}
{"timestamp": "2026-08-17 17:46:40,952", "severity": "INFO", "message": "[ShipOrder] quote fetched | USD 23.99", "logger": "shippingservice"}
{"timestamp": "2026-08-17 17:46:40,962", "severity": "INFO", "message": "[MongoDB] Shipment persisted: shipping_id=b326034c-37aa-4f95-9546-1fd0a8ff18dc, tracking_id=EU-38128036-DB", "logger": "shippingservice"}
{"timestamp": "2026-08-17 17:46:40,962", "severity": "INFO", "message": "[ShipOrder] completed request", "logger": "shippingservice"}
{"timestamp": "2026-08-17 17:46:41,021", "severity": "INFO", "message": "[GetQuote] received request", "logger": "shippingservice"}
{"timestamp": "2026-08-17 17:46:41,022", "severity": "INFO", "message": "[GetQuote] item_count=7 → $23.99", "logger": "shippingservice"}
{"timestamp": "2026-08-17 17:46:41,022", "severity": "INFO", "message": "[GetQuote] completed request", "logger": "shippingservice"}
{"timestamp": "2026-08-17 17:46:41,027", "severity": "INFO", "message": "[ShipOrder] received request", "logger": "shippingservice"}
{"timestamp": "2026-08-17 17:46:41,027", "severity": "INFO", "message": "[ShipOrder] base_address='107 Main St, Seattle, WA' → tracking_id=YO-34421037-WH", "logger": "shippingservice"}
{"timestamp": "2026-08-17 17:46:41,028", "severity": "INFO", "message": "[GetQuote] received request", "logger": "shippingservice"}
{"timestamp": "2026-08-17 17:46:41,028", "severity": "INFO", "message": "[GetQuote] item_count=7 → $23.99", "logger": "shippingservice"}
{"timestamp": "2026-08-17 17:46:41,028", "severity": "INFO", "message": "[GetQuote] completed request", "logger": "shippingservice"}
{"timestamp": "2026-08-17 17:46:41,028", "severity": "INFO", "message": "[ShipOrder] quote fetched | USD 23.99", "logger": "shippingservice"}
{"timestamp": "2026-08-17 17:46:41,038", "severity": "INFO", "message": "[MongoDB] Shipment persisted: shipping_id=5dbac07e-dc0a-48dd-b81e-47517a19efdb, tracking_id=YO-34421037-WH", "logger": "shippingservice"}
{"timestamp": "2026-08-17 17:46:41,038", "severity": "INFO", "message": "[ShipOrder] completed request", "logger": "shippingservice"}
{"timestamp": "2026-08-17 17:46:41,099", "severity": "INFO", "message": "[GetQuote] received request", "logger": "shippingservice"}
{"timestamp": "2026-08-17 17:46:41,099", "severity": "INFO", "message": "[GetQuote] item_count=7 → $23.99", "logger": "shippingservice"}
{"timestamp": "2026-08-17 17:46:41,099", "severity": "INFO", "message": "[GetQuote] completed request", "logger": "shippingservice"}
{"timestamp": "2026-08-17 17:46:41,108", "severity": "INFO", "message": "[ShipOrder] received request", "logger": "shippingservice"}
{"timestamp": "2026-08-17 17:46:41,109", "severity": "INFO", "message": "[ShipOrder] base_address='107 Main St, Seattle, WA' → tracking_id=VD-34421037-RV", "logger": "shippingservice"}
{"timestamp": "2026-08-17 17:46:41,109", "severity": "INFO", "message": "[GetQuote] received request", "logger": "shippingservice"}
{"timestamp": "2026-08-17 17:46:41,110", "severity": "INFO", "message": "[GetQuote] item_count=7 → $23.99", "logger": "shippingservice"}
{"timestamp": "2026-08-17 17:46:41,110", "severity": "INFO", "message": "[GetQuote] completed request", "logger": "shippingservice"}
{"timestamp": "2026-08-17 17:46:41,110", "severity": "INFO", "message": "[ShipOrder] quote fetched | USD 23.99", "logger": "shippingservice"}
{"timestamp": "2026-08-17 17:46:41,119", "severity": "INFO", "message": "[MongoDB] Shipment persisted: shipping_id=40fcb522-e844-491b-80d7-a498e024fbd9, tracking_id=VD-34421037-RV", "logger": "shippingservice"}
{"timestamp": "2026-08-17 17:46:41,120", "severity": "INFO", "message": "[ShipOrder] completed request", "logger": "shippingservice"}
{"timestamp": "2026-08-17 17:46:41,178", "severity": "INFO", "message": "[GetQuote] received request", "logger": "shippingservice"}
{"timestamp": "2026-08-17 17:46:41,178", "severity": "INFO", "message": "[GetQuote] item_count=8 → $31.99", "logger": "shippingservice"}
{"timestamp": "2026-08-17 17:46:41,179", "severity": "INFO", "message": "[GetQuote] completed request", "logger": "shippingservice"}
{"timestamp": "2026-08-17 17:46:41,181", "severity": "INFO", "message": "[ShipOrder] received request", "logger": "shippingservice"}
{"timestamp": "2026-08-17 17:46:41,182", "severity": "INFO", "message": "[ShipOrder] base_address='108 Main St, Seattle, WA' → tracking_id=KW-06750937-SK", "logger": "shippingservice"}
{"timestamp": "2026-08-17 17:46:41,182", "severity": "INFO", "message": "[GetQuote] received request", "logger": "shippingservice"}
{"timestamp": "2026-08-17 17:46:41,183", "severity": "INFO", "message": "[GetQuote] item_count=8 → $31.99", "logger": "shippingservice"}
{"timestamp": "2026-08-17 17:46:41,183", "severity": "INFO", "message": "[GetQuote] completed request", "logger": "shippingservice"}
{"timestamp": "2026-08-17 17:46:41,183", "severity": "INFO", "message": "[ShipOrder] quote fetched | USD 31.99", "logger": "shippingservice"}
{"timestamp": "2026-08-17 17:46:41,192", "severity": "INFO", "message": "[MongoDB] Shipment persisted: shipping_id=7c7f2bea-338f-407d-a480-5980313af141, tracking_id=KW-06750937-SK", "logger": "shippingservice"}
{"timestamp": "2026-08-17 17:46:41,192", "severity": "INFO", "message": "[ShipOrder] completed request", "logger": "shippingservice"}
{"timestamp": "2026-08-17 17:46:41,254", "severity": "INFO", "message": "[GetQuote] received request", "logger": "shippingservice"}
{"timestamp": "2026-08-17 17:46:41,254", "severity": "INFO", "message": "[GetQuote] item_count=8 → $31.99", "logger": "shippingservice"}
{"timestamp": "2026-08-17 17:46:41,254", "severity": "INFO", "message": "[GetQuote] completed request", "logger": "shippingservice"}
{"timestamp": "2026-08-17 17:46:41,262", "severity": "INFO", "message": "[ShipOrder] received request", "logger": "shippingservice"}
{"timestamp": "2026-08-17 17:46:41,263", "severity": "INFO", "message": "[ShipOrder] base_address='108 Main St, Seattle, WA' → tracking_id=DW-06750937-TL", "logger": "shippingservice"}
{"timestamp": "2026-08-17 17:46:41,263", "severity": "INFO", "message": "[GetQuote] received request", "logger": "shippingservice"}
{"timestamp": "2026-08-17 17:46:41,263", "severity": "INFO", "message": "[GetQuote] item_count=8 → $31.99", "logger": "shippingservice"}
{"timestamp": "2026-08-17 17:46:41,264", "severity": "INFO", "message": "[GetQuote] completed request", "logger": "shippingservice"}
{"timestamp": "2026-08-17 17:46:41,264", "severity": "INFO", "message": "[ShipOrder] quote fetched | USD 31.99", "logger": "shippingservice"}
{"timestamp": "2026-08-17 17:46:41,273", "severity": "INFO", "message": "[MongoDB] Shipment persisted: shipping_id=60b8950a-020d-496e-a42b-4de1c6ff478d, tracking_id=DW-06750937-TL", "logger": "shippingservice"}
{"timestamp": "2026-08-17 17:46:41,273", "severity": "INFO", "message": "[ShipOrder] completed request", "logger": "shippingservice"}
{"timestamp": "2026-08-17 17:46:41,331", "severity": "INFO", "message": "[GetQuote] received request", "logger": "shippingservice"}
{"timestamp": "2026-08-17 17:46:41,332", "severity": "INFO", "message": "[GetQuote] item_count=9 → $31.99", "logger": "shippingservice"}
{"timestamp": "2026-08-17 17:46:41,332", "severity": "INFO", "message": "[GetQuote] completed request", "logger": "shippingservice"}
{"timestamp": "2026-08-17 17:46:41,335", "severity": "INFO", "message": "[ShipOrder] received request", "logger": "shippingservice"}
{"timestamp": "2026-08-17 17:46:41,336", "severity": "INFO", "message": "[ShipOrder] base_address='109 Main St, Seattle, WA' → tracking_id=PU-35613818-SU", "logger": "shippingservice"}
{"timestamp": "2026-08-17 17:46:41,336", "severity": "INFO", "message": "[GetQuote] received request", "logger": "shippingservice"}
{"timestamp": "2026-08-17 17:46:41,336", "severity": "INFO", "message": "[GetQuote] item_count=9 → $31.99", "logger": "shippingservice"}
{"timestamp": "2026-08-17 17:46:41,336", "severity": "INFO", "message": "[GetQuote] completed request", "logger": "shippingservice"}
{"timestamp": "2026-08-17 17:46:41,336", "severity": "INFO", "message": "[ShipOrder] quote fetched | USD 31.99", "logger": "shippingservice"}
{"timestamp": "2026-08-17 17:46:41,345", "severity": "INFO", "message": "[MongoDB] Shipment persisted: shipping_id=5de79597-e32f-4f41-8def-4eeda15eb794, tracking_id=PU-35613818-SU", "logger": "shippingservice"}
{"timestamp": "2026-08-17 17:46:41,345", "severity": "INFO", "message": "[ShipOrder] completed request", "logger": "shippingservice"}
{"timestamp": "2026-08-17 17:46:41,407", "severity": "INFO", "message": "[GetQuote] received request", "logger": "shippingservice"}
{"timestamp": "2026-08-17 17:46:41,408", "severity": "INFO", "message": "[GetQuote] item_count=9 → $31.99", "logger": "shippingservice"}
{"timestamp": "2026-08-17 17:46:41,408", "severity": "INFO", "message": "[GetQuote] completed request", "logger": "shippingservice"}
{"timestamp": "2026-08-17 17:46:41,416", "severity": "INFO", "message": "[ShipOrder] received request", "logger": "shippingservice"}
{"timestamp": "2026-08-17 17:46:41,416", "severity": "INFO", "message": "[ShipOrder] base_address='109 Main St, Seattle, WA' → tracking_id=CU-35613818-WM", "logger": "shippingservice"}
{"timestamp": "2026-08-17 17:46:41,417", "severity": "INFO", "message": "[GetQuote] received request", "logger": "shippingservice"}
{"timestamp": "2026-08-17 17:46:41,417", "severity": "INFO", "message": "[GetQuote] item_count=9 → $31.99", "logger": "shippingservice"}
{"timestamp": "2026-08-17 17:46:41,417", "severity": "INFO", "message": "[GetQuote] completed request", "logger": "shippingservice"}
{"timestamp": "2026-08-17 17:46:41,417", "severity": "INFO", "message": "[ShipOrder] quote fetched | USD 31.99", "logger": "shippingservice"}
{"timestamp": "2026-08-17 17:46:41,426", "severity": "INFO", "message": "[MongoDB] Shipment persisted: shipping_id=38c2532d-d590-48bc-aaad-be97d922d821, tracking_id=CU-35613818-WM", "logger": "shippingservice"}
{"timestamp": "2026-08-17 17:46:41,426", "severity": "INFO", "message": "[ShipOrder] completed request", "logger": "shippingservice"}
{"timestamp": "2026-08-17 17:46:41,484", "severity": "INFO", "message": "[GetQuote] received request", "logger": "shippingservice"}
{"timestamp": "2026-08-17 17:46:41,485", "severity": "INFO", "message": "[GetQuote] item_count=10 → $39.99", "logger": "shippingservice"}
{"timestamp": "2026-08-17 17:46:41,485", "severity": "INFO", "message": "[GetQuote] completed request", "logger": "shippingservice"}
{"timestamp": "2026-08-17 17:46:41,488", "severity": "INFO", "message": "[ShipOrder] received request", "logger": "shippingservice"}
{"timestamp": "2026-08-17 17:46:41,488", "severity": "INFO", "message": "[ShipOrder] base_address='110 Main St, Seattle, WA' → tracking_id=JL-80582057-UE", "logger": "shippingservice"}
{"timestamp": "2026-08-17 17:46:41,489", "severity": "INFO", "message": "[GetQuote] received request", "logger": "shippingservice"}
{"timestamp": "2026-08-17 17:46:41,489", "severity": "INFO", "message": "[GetQuote] item_count=10 → $39.99", "logger": "shippingservice"}
{"timestamp": "2026-08-17 17:46:41,489", "severity": "INFO", "message": "[GetQuote] completed request", "logger": "shippingservice"}
{"timestamp": "2026-08-17 17:46:41,489", "severity": "INFO", "message": "[ShipOrder] quote fetched | USD 39.99", "logger": "shippingservice"}
{"timestamp": "2026-08-17 17:46:41,499", "severity": "INFO", "message": "[MongoDB] Shipment persisted: shipping_id=e6760026-cf69-474b-9a12-977520bb971d, tracking_id=JL-80582057-UE", "logger": "shippingservice"}
{"timestamp": "2026-08-17 17:46:41,499", "severity": "INFO", "message": "[ShipOrder] completed request", "logger": "shippingservice"}
{"timestamp": "2026-08-17 17:46:41,556", "severity": "INFO", "message": "[GetQuote] received request", "logger": "shippingservice"}
{"timestamp": "2026-08-17 17:46:41,556", "severity": "INFO", "message": "[GetQuote] item_count=10 → $39.99", "logger": "shippingservice"}
{"timestamp": "2026-08-17 17:46:41,557", "severity": "INFO", "message": "[GetQuote] completed request", "logger": "shippingservice"}
{"timestamp": "2026-08-17 17:46:41,560", "severity": "INFO", "message": "[ShipOrder] received request", "logger": "shippingservice"}
{"timestamp": "2026-08-17 17:46:41,560", "severity": "INFO", "message": "[ShipOrder] base_address='110 Main St, Seattle, WA' → tracking_id=UL-80582057-DK", "logger": "shippingservice"}
{"timestamp": "2026-08-17 17:46:41,560", "severity": "INFO", "message": "[GetQuote] received request", "logger": "shippingservice"}
{"timestamp": "2026-08-17 17:46:41,560", "severity": "INFO", "message": "[GetQuote] item_count=10 → $39.99", "logger": "shippingservice"}
{"timestamp": "2026-08-17 17:46:41,561", "severity": "INFO", "message": "[GetQuote] completed request", "logger": "shippingservice"}
{"timestamp": "2026-08-17 17:46:41,561", "severity": "INFO", "message": "[ShipOrder] quote fetched | USD 39.99", "logger": "shippingservice"}
{"timestamp": "2026-08-17 17:46:41,565", "severity": "INFO", "message": "[MongoDB] Shipment persisted: shipping_id=4e2a1023-efe7-4039-a9bd-6e73906a0adc, tracking_id=UL-80582057-DK", "logger": "shippingservice"}
{"timestamp": "2026-08-17 17:46:41,565", "severity": "INFO", "message": "[ShipOrder] completed request", "logger": "shippingservice"}
{"timestamp": "2026-08-17 17:46:41,618", "severity": "INFO", "message": "[GetQuote] received request", "logger": "shippingservice"}
{"timestamp": "2026-08-17 17:46:41,618", "severity": "INFO", "message": "[GetQuote] item_count=11 → $39.99", "logger": "shippingservice"}
{"timestamp": "2026-08-17 17:46:41,618", "severity": "INFO", "message": "[GetQuote] completed request", "logger": "shippingservice"}
{"timestamp": "2026-08-17 17:46:41,619", "severity": "INFO", "message": "[ShipOrder] received request", "logger": "shippingservice"}
{"timestamp": "2026-08-17 17:46:41,619", "severity": "INFO", "message": "[ShipOrder] base_address='111 Main St, Seattle, WA' → tracking_id=ZQ-89614816-XE", "logger": "shippingservice"}
{"timestamp": "2026-08-17 17:46:41,620", "severity": "INFO", "message": "[GetQuote] received request", "logger": "shippingservice"}
{"timestamp": "2026-08-17 17:46:41,620", "severity": "INFO", "message": "[GetQuote] item_count=11 → $39.99", "logger": "shippingservice"}
{"timestamp": "2026-08-17 17:46:41,620", "severity": "INFO", "message": "[GetQuote] completed request", "logger": "shippingservice"}
{"timestamp": "2026-08-17 17:46:41,620", "severity": "INFO", "message": "[ShipOrder] quote fetched | USD 39.99", "logger": "shippingservice"}
{"timestamp": "2026-08-17 17:46:41,622", "severity": "INFO", "message": "[MongoDB] Shipment persisted: shipping_id=52e2f426-8de9-4b26-afc4-54991645e2ff, tracking_id=ZQ-89614816-XE", "logger": "shippingservice"}
{"timestamp": "2026-08-17 17:46:41,623", "severity": "INFO", "message": "[ShipOrder] completed request", "logger": "shippingservice"}
{"timestamp": "2026-08-17 17:46:41,676", "severity": "INFO", "message": "[GetQuote] received request", "logger": "shippingservice"}
{"timestamp": "2026-08-17 17:46:41,677", "severity": "INFO", "message": "[GetQuote] item_count=11 → $39.99", "logger": "shippingservice"}
{"timestamp": "2026-08-17 17:46:41,677", "severity": "INFO", "message": "[GetQuote] completed request", "logger": "shippingservice"}
{"timestamp": "2026-08-17 17:46:41,679", "severity": "INFO", "message": "[ShipOrder] received request", "logger": "shippingservice"}
{"timestamp": "2026-08-17 17:46:41,679", "severity": "INFO", "message": "[ShipOrder] base_address='111 Main St, Seattle, WA' → tracking_id=LN-89614816-AQ", "logger": "shippingservice"}
{"timestamp": "2026-08-17 17:46:41,679", "severity": "INFO", "message": "[GetQuote] received request", "logger": "shippingservice"}
{"timestamp": "2026-08-17 17:46:41,680", "severity": "INFO", "message": "[GetQuote] item_count=11 → $39.99", "logger": "shippingservice"}
{"timestamp": "2026-08-17 17:46:41,680", "severity": "INFO", "message": "[GetQuote] completed request", "logger": "shippingservice"}
{"timestamp": "2026-08-17 17:46:41,680", "severity": "INFO", "message": "[ShipOrder] quote fetched | USD 39.99", "logger": "shippingservice"}
{"timestamp": "2026-08-17 17:46:41,683", "severity": "INFO", "message": "[MongoDB] Shipment persisted: shipping_id=a6725a24-c51a-4f28-b691-f7eef8a5afae, tracking_id=LN-89614816-AQ", "logger": "shippingservice"}
{"timestamp": "2026-08-17 17:46:41,683", "severity": "INFO", "message": "[ShipOrder] completed request", "logger": "shippingservice"}
{"timestamp": "2026-08-17 17:46:41,736", "severity": "INFO", "message": "[GetQuote] received request", "logger": "shippingservice"}
{"timestamp": "2026-08-17 17:46:41,736", "severity": "INFO", "message": "[GetQuote] item_count=0 → $0.00", "logger": "shippingservice"}
{"timestamp": "2026-08-17 17:46:41,737", "severity": "INFO", "message": "[GetQuote] completed request", "logger": "shippingservice"}
{"timestamp": "2026-08-17 17:46:41,737", "severity": "INFO", "message": "[ShipOrder] received request", "logger": "shippingservice"}
{"timestamp": "2026-08-17 17:46:41,738", "severity": "INFO", "message": "[ShipOrder] base_address='112 Main St, Seattle, WA' → tracking_id=VM-33717388-DF", "logger": "shippingservice"}
{"timestamp": "2026-08-17 17:46:41,738", "severity": "INFO", "message": "[GetQuote] received request", "logger": "shippingservice"}
{"timestamp": "2026-08-17 17:46:41,738", "severity": "INFO", "message": "[GetQuote] item_count=0 → $0.00", "logger": "shippingservice"}
{"timestamp": "2026-08-17 17:46:41,738", "severity": "INFO", "message": "[GetQuote] completed request", "logger": "shippingservice"}
{"timestamp": "2026-08-17 17:46:41,738", "severity": "INFO", "message": "[ShipOrder] quote fetched | USD 0.00", "logger": "shippingservice"}
{"timestamp": "2026-08-17 17:46:41,741", "severity": "INFO", "message": "[MongoDB] Shipment persisted: shipping_id=2838d27f-050e-4931-af39-aea78b71aefe, tracking_id=VM-33717388-DF", "logger": "shippingservice"}
{"timestamp": "2026-08-17 17:46:41,741", "severity": "INFO", "message": "[ShipOrder] completed request", "logger": "shippingservice"}
{"timestamp": "2026-08-17 17:46:41,795", "severity": "INFO", "message": "[GetQuote] received request", "logger": "shippingservice"}
{"timestamp": "2026-08-17 17:46:41,795", "severity": "INFO", "message": "[GetQuote] item_count=0 → $0.00", "logger": "shippingservice"}
{"timestamp": "2026-08-17 17:46:41,795", "severity": "INFO", "message": "[GetQuote] completed request", "logger": "shippingservice"}
{"timestamp": "2026-08-17 17:46:41,799", "severity": "INFO", "message": "[ShipOrder] received request", "logger": "shippingservice"}
{"timestamp": "2026-08-17 17:46:41,799", "severity": "INFO", "message": "[ShipOrder] base_address='112 Main St, Seattle, WA' → tracking_id=YP-33717388-KZ", "logger": "shippingservice"}
{"timestamp": "2026-08-17 17:46:41,799", "severity": "INFO", "message": "[GetQuote] received request", "logger": "shippingservice"}
{"timestamp": "2026-08-17 17:46:41,799", "severity": "INFO", "message": "[GetQuote] item_count=0 → $0.00", "logger": "shippingservice"}
{"timestamp": "2026-08-17 17:46:41,799", "severity": "INFO", "message": "[GetQuote] completed request", "logger": "shippingservice"}
{"timestamp": "2026-08-17 17:46:41,799", "severity": "INFO", "message": "[ShipOrder] quote fetched | USD 0.00", "logger": "shippingservice"}
{"timestamp": "2026-08-17 17:46:41,802", "severity": "INFO", "message": "[MongoDB] Shipment persisted: shipping_id=f2510046-c61b-4fb8-ae7a-402ddfdae7af, tracking_id=YP-33717388-KZ", "logger": "shippingservice"}
{"timestamp": "2026-08-17 17:46:41,803", "severity": "INFO", "message": "[ShipOrder] completed request", "logger": "shippingservice"}
{"timestamp": "2026-08-17 17:46:41,855", "severity": "INFO", "message": "[GetQuote] received request", "logger": "shippingservice"}
{"timestamp": "2026-08-17 17:46:41,856", "severity": "INFO", "message": "[GetQuote] item_count=1 → $8.99", "logger": "shippingservice"}
{"timestamp": "2026-08-17 17:46:41,856", "severity": "INFO", "message": "[GetQuote] completed request", "logger": "shippingservice"}
{"timestamp": "2026-08-17 17:46:41,857", "severity": "INFO", "message": "[ShipOrder] received request", "logger": "shippingservice"}
{"timestamp": "2026-08-17 17:46:41,857", "severity": "INFO", "message": "[ShipOrder] base_address='113 Main St, Seattle, WA' → tracking_id=BB-86957095-PX", "logger": "shippingservice"}
{"timestamp": "2026-08-17 17:46:41,857", "severity": "INFO", "message": "[GetQuote] received request", "logger": "shippingservice"}
{"timestamp": "2026-08-17 17:46:41,857", "severity": "INFO", "message": "[GetQuote] item_count=1 → $8.99", "logger": "shippingservice"}
{"timestamp": "2026-08-17 17:46:41,857", "severity": "INFO", "message": "[GetQuote] completed request", "logger": "shippingservice"}
{"timestamp": "2026-08-17 17:46:41,857", "severity": "INFO", "message": "[ShipOrder] quote fetched | USD 8.99", "logger": "shippingservice"}
{"timestamp": "2026-08-17 17:46:41,860", "severity": "INFO", "message": "[MongoDB] Shipment persisted: shipping_id=e82a3a66-8116-4e2b-b33d-fbb64455e3a0, tracking_id=BB-86957095-PX", "logger": "shippingservice"}
{"timestamp": "2026-08-17 17:46:41,860", "severity": "INFO", "message": "[ShipOrder] completed request", "logger": "shippingservice"}
{"timestamp": "2026-08-17 17:46:41,920", "severity": "INFO", "message": "[GetQuote] received request", "logger": "shippingservice"}
{"timestamp": "2026-08-17 17:46:41,920", "severity": "INFO", "message": "[GetQuote] item_count=1 → $8.99", "logger": "shippingservice"}
{"timestamp": "2026-08-17 17:46:41,920", "severity": "INFO", "message": "[GetQuote] completed request", "logger": "shippingservice"}
{"timestamp": "2026-08-17 17:46:41,928", "severity": "INFO", "message": "[ShipOrder] received request", "logger": "shippingservice"}
{"timestamp": "2026-08-17 17:46:41,929", "severity": "INFO", "message": "[ShipOrder] base_address='113 Main St, Seattle, WA' → tracking_id=JE-86957095-RZ", "logger": "shippingservice"}
{"timestamp": "2026-08-17 17:46:41,929", "severity": "INFO", "message": "[GetQuote] received request", "logger": "shippingservice"}
{"timestamp": "2026-08-17 17:46:41,929", "severity": "INFO", "message": "[GetQuote] item_count=1 → $8.99", "logger": "shippingservice"}
{"timestamp": "2026-08-17 17:46:41,930", "severity": "INFO", "message": "[GetQuote] completed request", "logger": "shippingservice"}
{"timestamp": "2026-08-17 17:46:41,930", "severity": "INFO", "message": "[ShipOrder] quote fetched | USD 8.99", "logger": "shippingservice"}
{"timestamp": "2026-08-17 17:46:41,941", "severity": "INFO", "message": "[MongoDB] Shipment persisted: shipping_id=27470c1d-efca-460c-870d-3d67653be1fd, tracking_id=JE-86957095-RZ", "logger": "shippingservice"}
{"timestamp": "2026-08-17 17:46:41,941", "severity": "INFO", "message": "[ShipOrder] completed request", "logger": "shippingservice"}
{"timestamp": "2026-08-17 17:46:42,001", "severity": "INFO", "message": "[GetQuote] received request", "logger": "shippingservice"}
{"timestamp": "2026-08-17 17:46:42,001", "severity": "INFO", "message": "[GetQuote] item_count=2 → $8.99", "logger": "shippingservice"}
{"timestamp": "2026-08-17 17:46:42,001", "severity": "INFO", "message": "[GetQuote] completed request", "logger": "shippingservice"}
{"timestamp": "2026-08-17 17:46:42,005", "severity": "INFO", "message": "[ShipOrder] received request", "logger": "shippingservice"}
{"timestamp": "2026-08-17 17:46:42,006", "severity": "INFO", "message": "[ShipOrder] base_address='114 Main St, Seattle, WA' → tracking_id=AS-74523316-KH", "logger": "shippingservice"}
{"timestamp": "2026-08-17 17:46:42,006", "severity": "INFO", "message": "[GetQuote] received request", "logger": "shippingservice"}
{"timestamp": "2026-08-17 17:46:42,007", "severity": "INFO", "message": "[GetQuote] item_count=2 → $8.99", "logger": "shippingservice"}
{"timestamp": "2026-08-17 17:46:42,007", "severity": "INFO", "message": "[GetQuote] completed request", "logger": "shippingservice"}
{"timestamp": "2026-08-17 17:46:42,007", "severity": "INFO", "message": "[ShipOrder] quote fetched | USD 8.99", "logger": "shippingservice"}
{"timestamp": "2026-08-17 17:46:42,020", "severity": "INFO", "message": "[MongoDB] Shipment persisted: shipping_id=383fb75c-c156-40fa-b963-d4159e51bc20, tracking_id=AS-74523316-KH", "logger": "shippingservice"}
{"timestamp": "2026-08-17 17:46:42,020", "severity": "INFO", "message": "[ShipOrder] completed request", "logger": "shippingservice"}
{"timestamp": "2026-08-17 17:46:42,074", "severity": "INFO", "message": "[GetQuote] received request", "logger": "shippingservice"}
{"timestamp": "2026-08-17 17:46:42,075", "severity": "INFO", "message": "[GetQuote] item_count=2 → $8.99", "logger": "shippingservice"}
{"timestamp": "2026-08-17 17:46:42,075", "severity": "INFO", "message": "[GetQuote] completed request", "logger": "shippingservice"}
{"timestamp": "2026-08-17 17:46:42,077", "severity": "INFO", "message": "[ShipOrder] received request", "logger": "shippingservice"}
{"timestamp": "2026-08-17 17:46:42,077", "severity": "INFO", "message": "[ShipOrder] base_address='114 Main St, Seattle, WA' → tracking_id=LI-74523316-GX", "logger": "shippingservice"}
{"timestamp": "2026-08-17 17:46:42,077", "severity": "INFO", "message": "[GetQuote] received request", "logger": "shippingservice"}
{"timestamp": "2026-08-17 17:46:42,077", "severity": "INFO", "message": "[GetQuote] item_count=2 → $8.99", "logger": "shippingservice"}
{"timestamp": "2026-08-17 17:46:42,077", "severity": "INFO", "message": "[GetQuote] completed request", "logger": "shippingservice"}
{"timestamp": "2026-08-17 17:46:42,077", "severity": "INFO", "message": "[ShipOrder] quote fetched | USD 8.99", "logger": "shippingservice"}
{"timestamp": "2026-08-17 17:46:42,080", "severity": "INFO", "message": "[MongoDB] Shipment persisted: shipping_id=6099ab42-e694-419a-87d9-2882e67981bd, tracking_id=LI-74523316-GX", "logger": "shippingservice"}
{"timestamp": "2026-08-17 17:46:42,080", "severity": "INFO", "message": "[ShipOrder] completed request", "logger": "shippingservice"}
{"timestamp": "2026-08-17 17:46:42,134", "severity": "INFO", "message": "[GetQuote] received request", "logger": "shippingservice"}
{"timestamp": "2026-08-17 17:46:42,135", "severity": "INFO", "message": "[GetQuote] item_count=3 → $15.99", "logger": "shippingservice"}
{"timestamp": "2026-08-17 17:46:42,135", "severity": "INFO", "message": "[GetQuote] completed request", "logger": "shippingservice"}
{"timestamp": "2026-08-17 17:46:42,136", "severity": "INFO", "message": "[ShipOrder] received request", "logger": "shippingservice"}
{"timestamp": "2026-08-17 17:46:42,137", "severity": "INFO", "message": "[ShipOrder] base_address='115 Main St, Seattle, WA' → tracking_id=ZQ-24492870-RH", "logger": "shippingservice"}
{"timestamp": "2026-08-17 17:46:42,137", "severity": "INFO", "message": "[GetQuote] received request", "logger": "shippingservice"}
{"timestamp": "2026-08-17 17:46:42,137", "severity": "INFO", "message": "[GetQuote] item_count=3 → $15.99", "logger": "shippingservice"}
{"timestamp": "2026-08-17 17:46:42,137", "severity": "INFO", "message": "[GetQuote] completed request", "logger": "shippingservice"}
{"timestamp": "2026-08-17 17:46:42,137", "severity": "INFO", "message": "[ShipOrder] quote fetched | USD 15.99", "logger": "shippingservice"}
{"timestamp": "2026-08-17 17:46:42,143", "severity": "INFO", "message": "[MongoDB] Shipment persisted: shipping_id=5cfd6a2b-b7a3-4fe4-a8a3-af279a003ab6, tracking_id=ZQ-24492870-RH", "logger": "shippingservice"}
{"timestamp": "2026-08-17 17:46:42,144", "severity": "INFO", "message": "[ShipOrder] completed request", "logger": "shippingservice"}
{"timestamp": "2026-08-17 17:46:42,200", "severity": "INFO", "message": "[GetQuote] received request", "logger": "shippingservice"}
{"timestamp": "2026-08-17 17:46:42,200", "severity": "INFO", "message": "[GetQuote] item_count=3 → $15.99", "logger": "shippingservice"}
{"timestamp": "2026-08-17 17:46:42,200", "severity": "INFO", "message": "[GetQuote] completed request", "logger": "shippingservice"}
{"timestamp": "2026-08-17 17:46:42,205", "severity": "INFO", "message": "[ShipOrder] received request", "logger": "shippingservice"}
{"timestamp": "2026-08-17 17:46:42,205", "severity": "INFO", "message": "[ShipOrder] base_address='115 Main St, Seattle, WA' → tracking_id=GY-24492870-IZ", "logger": "shippingservice"}
{"timestamp": "2026-08-17 17:46:42,206", "severity": "INFO", "message": "[GetQuote] received request", "logger": "shippingservice"}
{"timestamp": "2026-08-17 17:46:42,206", "severity": "INFO", "message": "[GetQuote] item_count=3 → $15.99", "logger": "shippingservice"}
{"timestamp": "2026-08-17 17:46:42,206", "severity": "INFO", "message": "[GetQuote] completed request", "logger": "shippingservice"}
{"timestamp": "2026-08-17 17:46:42,206", "severity": "INFO", "message": "[ShipOrder] quote fetched | USD 15.99", "logger": "shippingservice"}
{"timestamp": "2026-08-17 17:46:42,212", "severity": "INFO", "message": "[MongoDB] Shipment persisted: shipping_id=550ddaf1-0730-4a01-bb85-bc6b2d1a2ff0, tracking_id=GY-24492870-IZ", "logger": "shippingservice"}
{"timestamp": "2026-08-17 17:46:42,212", "severity": "INFO", "message": "[ShipOrder] completed request", "logger": "shippingservice"}
{"timestamp": "2026-08-17 17:46:42,268", "severity": "INFO", "message": "[GetQuote] received request", "logger": "shippingservice"}
{"timestamp": "2026-08-17 17:46:42,269", "severity": "INFO", "message": "[GetQuote] item_count=4 → $15.99", "logger": "shippingservice"}
{"timestamp": "2026-08-17 17:46:42,269", "severity": "INFO", "message": "[GetQuote] completed request", "logger": "shippingservice"}
{"timestamp": "2026-08-17 17:46:42,272", "severity": "INFO", "message": "[ShipOrder] received request", "logger": "shippingservice"}
{"timestamp": "2026-08-17 17:46:42,272", "severity": "INFO", "message": "[ShipOrder] base_address='116 Main St, Seattle, WA' → tracking_id=EQ-79713396-MN", "logger": "shippingservice"}
{"timestamp": "2026-08-17 17:46:42,272", "severity": "INFO", "message": "[GetQuote] received request", "logger": "shippingservice"}
{"timestamp": "2026-08-17 17:46:42,273", "severity": "INFO", "message": "[GetQuote] item_count=4 → $15.99", "logger": "shippingservice"}
{"timestamp": "2026-08-17 17:46:42,273", "severity": "INFO", "message": "[GetQuote] completed request", "logger": "shippingservice"}
{"timestamp": "2026-08-17 17:46:42,273", "severity": "INFO", "message": "[ShipOrder] quote fetched | USD 15.99", "logger": "shippingservice"}
{"timestamp": "2026-08-17 17:46:42,282", "severity": "INFO", "message": "[MongoDB] Shipment persisted: shipping_id=54f25ff2-9c7c-4726-a383-9285195b0ae3, tracking_id=EQ-79713396-MN", "logger": "shippingservice"}
{"timestamp": "2026-08-17 17:46:42,282", "severity": "INFO", "message": "[ShipOrder] completed request", "logger": "shippingservice"}
{"timestamp": "2026-08-17 17:46:42,338", "severity": "INFO", "message": "[GetQuote] received request", "logger": "shippingservice"}
{"timestamp": "2026-08-17 17:46:42,338", "severity": "INFO", "message": "[GetQuote] item_count=4 → $15.99", "logger": "shippingservice"}
{"timestamp": "2026-08-17 17:46:42,338", "severity": "INFO", "message": "[GetQuote] completed request", "logger": "shippingservice"}
{"timestamp": "2026-08-17 17:46:42,341", "severity": "INFO", "message": "[ShipOrder] received request", "logger": "shippingservice"}
{"timestamp": "2026-08-17 17:46:42,341", "severity": "INFO", "message": "[ShipOrder] base_address='116 Main St, Seattle, WA' → tracking_id=PK-79713396-JX", "logger": "shippingservice"}
{"timestamp": "2026-08-17 17:46:42,341", "severity": "INFO", "message": "[GetQuote] received request", "logger": "shippingservice"}
{"timestamp": "2026-08-17 17:46:42,341", "severity": "INFO", "message": "[GetQuote] item_count=4 → $15.99", "logger": "shippingservice"}
{"timestamp": "2026-08-17 17:46:42,341", "severity": "INFO", "message": "[GetQuote] completed request", "logger": "shippingservice"}
{"timestamp": "2026-08-17 17:46:42,341", "severity": "INFO", "message": "[ShipOrder] quote fetched | USD 15.99", "logger": "shippingservice"}
{"timestamp": "2026-08-17 17:46:42,345", "severity": "INFO", "message": "[MongoDB] Shipment persisted: shipping_id=f4146f9c-e430-4e1c-9c66-d7a5f8f2c0d0, tracking_id=PK-79713396-JX", "logger": "shippingservice"}
{"timestamp": "2026-08-17 17:46:42,345", "severity": "INFO", "message": "[ShipOrder] completed request", "logger": "shippingservice"}
{"timestamp": "2026-08-17 17:46:42,398", "severity": "INFO", "message": "[GetQuote] received request", "logger": "shippingservice"}
{"timestamp": "2026-08-17 17:46:42,398", "severity": "INFO", "message": "[GetQuote] item_count=5 → $23.99", "logger": "shippingservice"}
{"timestamp": "2026-08-17 17:46:42,398", "severity": "INFO", "message": "[GetQuote] completed request", "logger": "shippingservice"}
{"timestamp": "2026-08-17 17:46:42,399", "severity": "INFO", "message": "[ShipOrder] received request", "logger": "shippingservice"}
{"timestamp": "2026-08-17 17:46:42,399", "severity": "INFO", "message": "[ShipOrder] base_address='117 Main St, Seattle, WA' → tracking_id=LF-82381398-BU", "logger": "shippingservice"}
{"timestamp": "2026-08-17 17:46:42,400", "severity": "INFO", "message": "[GetQuote] received request", "logger": "shippingservice"}
{"timestamp": "2026-08-17 17:46:42,400", "severity": "INFO", "message": "[GetQuote] item_count=5 → $23.99", "logger": "shippingservice"}
{"timestamp": "2026-08-17 17:46:42,400", "severity": "INFO", "message": "[GetQuote] completed request", "logger": "shippingservice"}
{"timestamp": "2026-08-17 17:46:42,400", "severity": "INFO", "message": "[ShipOrder] quote fetched | USD 23.99", "logger": "shippingservice"}
{"timestamp": "2026-08-17 17:46:42,404", "severity": "INFO", "message": "[MongoDB] Shipment persisted: shipping_id=c5fc2ba8-75b8-4e29-a8c3-3f3c73bb7982, tracking_id=LF-82381398-BU", "logger": "shippingservice"}
{"timestamp": "2026-08-17 17:46:42,404", "severity": "INFO", "message": "[ShipOrder] completed request", "logger": "shippingservice"}
{"timestamp": "2026-08-17 17:46:42,464", "severity": "INFO", "message": "[GetQuote] received request", "logger": "shippingservice"}
{"timestamp": "2026-08-17 17:46:42,464", "severity": "INFO", "message": "[GetQuote] item_count=5 → $23.99", "logger": "shippingservice"}
{"timestamp": "2026-08-17 17:46:42,465", "severity": "INFO", "message": "[GetQuote] completed request", "logger": "shippingservice"}
{"timestamp": "2026-08-17 17:46:42,473", "severity": "INFO", "message": "[ShipOrder] received request", "logger": "shippingservice"}
{"timestamp": "2026-08-17 17:46:42,473", "severity": "INFO", "message": "[ShipOrder] base_address='117 Main St, Seattle, WA' → tracking_id=PZ-82381398-IM", "logger": "shippingservice"}
{"timestamp": "2026-08-17 17:46:42,474", "severity": "INFO", "message": "[GetQuote] received request", "logger": "shippingservice"}
{"timestamp": "2026-08-17 17:46:42,474", "severity": "INFO", "message": "[GetQuote] item_count=5 → $23.99", "logger": "shippingservice"}
{"timestamp": "2026-08-17 17:46:42,474", "severity": "INFO", "message": "[GetQuote] completed request", "logger": "shippingservice"}
{"timestamp": "2026-08-17 17:46:42,474", "severity": "INFO", "message": "[ShipOrder] quote fetched | USD 23.99", "logger": "shippingservice"}
{"timestamp": "2026-08-17 17:46:42,483", "severity": "INFO", "message": "[MongoDB] Shipment persisted: shipping_id=8b67f0e5-c916-4b80-ab65-c16b4c33ac11, tracking_id=PZ-82381398-IM", "logger": "shippingservice"}
{"timestamp": "2026-08-17 17:46:42,484", "severity": "INFO", "message": "[ShipOrder] completed request", "logger": "shippingservice"}
{"timestamp": "2026-08-17 17:46:42,542", "severity": "INFO", "message": "[GetQuote] received request", "logger": "shippingservice"}
{"timestamp": "2026-08-17 17:46:42,542", "severity": "INFO", "message": "[GetQuote] item_count=6 → $23.99", "logger": "shippingservice"}
{"timestamp": "2026-08-17 17:46:42,543", "severity": "INFO", "message": "[GetQuote] completed request", "logger": "shippingservice"}
{"timestamp": "2026-08-17 17:46:42,545", "severity": "INFO", "message": "[ShipOrder] received request", "logger": "shippingservice"}
{"timestamp": "2026-08-17 17:46:42,546", "severity": "INFO", "message": "[ShipOrder] base_address='118 Main St, Seattle, WA' → tracking_id=DX-74271301-YC", "logger": "shippingservice"}
{"timestamp": "2026-08-17 17:46:42,546", "severity": "INFO", "message": "[GetQuote] received request", "logger": "shippingservice"}
{"timestamp": "2026-08-17 17:46:42,547", "severity": "INFO", "message": "[GetQuote] item_count=6 → $23.99", "logger": "shippingservice"}
{"timestamp": "2026-08-17 17:46:42,547", "severity": "INFO", "message": "[GetQuote] completed request", "logger": "shippingservice"}
{"timestamp": "2026-08-17 17:46:42,547", "severity": "INFO", "message": "[ShipOrder] quote fetched | USD 23.99", "logger": "shippingservice"}
{"timestamp": "2026-08-17 17:46:42,556", "severity": "INFO", "message": "[MongoDB] Shipment persisted: shipping_id=da26b4f4-1254-406a-b0d9-b67c5b15ebb9, tracking_id=DX-74271301-YC", "logger": "shippingservice"}
{"timestamp": "2026-08-17 17:46:42,556", "severity": "INFO", "message": "[ShipOrder] completed request", "logger": "shippingservice"}
{"timestamp": "2026-08-17 17:46:42,615", "severity": "INFO", "message": "[GetQuote] received request", "logger": "shippingservice"}
{"timestamp": "2026-08-17 17:46:42,615", "severity": "INFO", "message": "[GetQuote] item_count=6 → $23.99", "logger": "shippingservice"}
{"timestamp": "2026-08-17 17:46:42,615", "severity": "INFO", "message": "[GetQuote] completed request", "logger": "shippingservice"}
{"timestamp": "2026-08-17 17:46:42,619", "severity": "INFO", "message": "[ShipOrder] received request", "logger": "shippingservice"}
{"timestamp": "2026-08-17 17:46:42,620", "severity": "INFO", "message": "[ShipOrder] base_address='118 Main St, Seattle, WA' → tracking_id=HX-74271301-IZ", "logger": "shippingservice"}
{"timestamp": "2026-08-17 17:46:42,620", "severity": "INFO", "message": "[GetQuote] received request", "logger": "shippingservice"}
{"timestamp": "2026-08-17 17:46:42,620", "severity": "INFO", "message": "[GetQuote] item_count=6 → $23.99", "logger": "shippingservice"}
{"timestamp": "2026-08-17 17:46:42,620", "severity": "INFO", "message": "[GetQuote] completed request", "logger": "shippingservice"}
{"timestamp": "2026-08-17 17:46:42,620", "severity": "INFO", "message": "[ShipOrder] quote fetched | USD 23.99", "logger": "shippingservice"}
{"timestamp": "2026-08-17 17:46:42,624", "severity": "INFO", "message": "[MongoDB] Shipment persisted: shipping_id=766a33d4-0c66-46f1-add5-880c12e09755, tracking_id=HX-74271301-IZ", "logger": "shippingservice"}
{"timestamp": "2026-08-17 17:46:42,624", "severity": "INFO", "message": "[ShipOrder] completed request", "logger": "shippingservice"}
{"timestamp": "2026-08-17 17:46:42,677", "severity": "INFO", "message": "[GetQuote] received request", "logger": "shippingservice"}
{"timestamp": "2026-08-17 17:46:42,677", "severity": "INFO", "message": "[GetQuote] item_count=7 → $23.99", "logger": "shippingservice"}
{"timestamp": "2026-08-17 17:46:42,677", "severity": "INFO", "message": "[GetQuote] completed request", "logger": "shippingservice"}
{"timestamp": "2026-08-17 17:46:42,678", "severity": "INFO", "message": "[ShipOrder] received request", "logger": "shippingservice"}
{"timestamp": "2026-08-17 17:46:42,678", "severity": "INFO", "message": "[ShipOrder] base_address='119 Main St, Seattle, WA' → tracking_id=SP-01476456-XW", "logger": "shippingservice"}
{"timestamp": "2026-08-17 17:46:42,678", "severity": "INFO", "message": "[GetQuote] received request", "logger": "shippingservice"}
{"timestamp": "2026-08-17 17:46:42,678", "severity": "INFO", "message": "[GetQuote] item_count=7 → $23.99", "logger": "shippingservice"}
{"timestamp": "2026-08-17 17:46:42,678", "severity": "INFO", "message": "[GetQuote] completed request", "logger": "shippingservice"}
{"timestamp": "2026-08-17 17:46:42,678", "severity": "INFO", "message": "[ShipOrder] quote fetched | USD 23.99", "logger": "shippingservice"}
{"timestamp": "2026-08-17 17:46:42,681", "severity": "INFO", "message": "[MongoDB] Shipment persisted: shipping_id=557cf694-4b92-4a5c-8e9a-5b018089a7c1, tracking_id=SP-01476456-XW", "logger": "shippingservice"}
{"timestamp": "2026-08-17 17:46:42,681", "severity": "INFO", "message": "[ShipOrder] completed request", "logger": "shippingservice"}
{"timestamp": "2026-08-17 17:46:42,735", "severity": "INFO", "message": "[GetQuote] received request", "logger": "shippingservice"}
{"timestamp": "2026-08-17 17:46:42,735", "severity": "INFO", "message": "[GetQuote] item_count=7 → $23.99", "logger": "shippingservice"}
{"timestamp": "2026-08-17 17:46:42,735", "severity": "INFO", "message": "[GetQuote] completed request", "logger": "shippingservice"}
{"timestamp": "2026-08-17 17:46:42,738", "severity": "INFO", "message": "[ShipOrder] received request", "logger": "shippingservice"}
{"timestamp": "2026-08-17 17:46:42,738", "severity": "INFO", "message": "[ShipOrder] base_address='119 Main St, Seattle, WA' → tracking_id=BS-01476456-TT", "logger": "shippingservice"}
{"timestamp": "2026-08-17 17:46:42,738", "severity": "INFO", "message": "[GetQuote] received request", "logger": "shippingservice"}
{"timestamp": "2026-08-17 17:46:42,738", "severity": "INFO", "message": "[GetQuote] item_count=7 → $23.99", "logger": "shippingservice"}
{"timestamp": "2026-08-17 17:46:42,738", "severity": "INFO", "message": "[GetQuote] completed request", "logger": "shippingservice"}
{"timestamp": "2026-08-17 17:46:42,738", "severity": "INFO", "message": "[ShipOrder] quote fetched | USD 23.99", "logger": "shippingservice"}
{"timestamp": "2026-08-17 17:46:42,741", "severity": "INFO", "message": "[MongoDB] Shipment persisted: shipping_id=5a501003-2d37-411d-a5a0-31fec954ad02, tracking_id=BS-01476456-TT", "logger": "shippingservice"}
{"timestamp": "2026-08-17 17:46:42,741", "severity": "INFO", "message": "[ShipOrder] completed request", "logger": "shippingservice"}
{"timestamp": "2026-08-17 17:46:42,795", "severity": "INFO", "message": "[GetQuote] received request", "logger": "shippingservice"}
{"timestamp": "2026-08-17 17:46:42,795", "severity": "INFO", "message": "[GetQuote] item_count=8 → $31.99", "logger": "shippingservice"}
{"timestamp": "2026-08-17 17:46:42,795", "severity": "INFO", "message": "[GetQuote] completed request", "logger": "shippingservice"}
{"timestamp": "2026-08-17 17:46:42,796", "severity": "INFO", "message": "[ShipOrder] received request", "logger": "shippingservice"}
{"timestamp": "2026-08-17 17:46:42,796", "severity": "INFO", "message": "[ShipOrder] base_address='120 Main St, Seattle, WA' → tracking_id=MC-65173279-RI", "logger": "shippingservice"}
{"timestamp": "2026-08-17 17:46:42,796", "severity": "INFO", "message": "[GetQuote] received request", "logger": "shippingservice"}
{"timestamp": "2026-08-17 17:46:42,796", "severity": "INFO", "message": "[GetQuote] item_count=8 → $31.99", "logger": "shippingservice"}
{"timestamp": "2026-08-17 17:46:42,796", "severity": "INFO", "message": "[GetQuote] completed request", "logger": "shippingservice"}
{"timestamp": "2026-08-17 17:46:42,796", "severity": "INFO", "message": "[ShipOrder] quote fetched | USD 31.99", "logger": "shippingservice"}
{"timestamp": "2026-08-17 17:46:42,800", "severity": "INFO", "message": "[MongoDB] Shipment persisted: shipping_id=4b54dffe-b171-4c3b-88b2-b981191f0d38, tracking_id=MC-65173279-RI", "logger": "shippingservice"}
{"timestamp": "2026-08-17 17:46:42,800", "severity": "INFO", "message": "[ShipOrder] completed request", "logger": "shippingservice"}
{"timestamp": "2026-08-17 17:46:42,855", "severity": "INFO", "message": "[GetQuote] received request", "logger": "shippingservice"}
{"timestamp": "2026-08-17 17:46:42,855", "severity": "INFO", "message": "[GetQuote] item_count=8 → $31.99", "logger": "shippingservice"}
{"timestamp": "2026-08-17 17:46:42,855", "severity": "INFO", "message": "[GetQuote] completed request", "logger": "shippingservice"}
{"timestamp": "2026-08-17 17:46:42,858", "severity": "INFO", "message": "[ShipOrder] received request", "logger": "shippingservice"}
{"timestamp": "2026-08-17 17:46:42,858", "severity": "INFO", "message": "[ShipOrder] base_address='120 Main St, Seattle, WA' → tracking_id=BI-65173279-BP", "logger": "shippingservice"}
{"timestamp": "2026-08-17 17:46:42,858", "severity": "INFO", "message": "[GetQuote] received request", "logger": "shippingservice"}
{"timestamp": "2026-08-17 17:46:42,858", "severity": "INFO", "message": "[GetQuote] item_count=8 → $31.99", "logger": "shippingservice"}
{"timestamp": "2026-08-17 17:46:42,858", "severity": "INFO", "message": "[GetQuote] completed request", "logger": "shippingservice"}
{"timestamp": "2026-08-17 17:46:42,858", "severity": "INFO", "message": "[ShipOrder] quote fetched | USD 31.99", "logger": "shippingservice"}
{"timestamp": "2026-08-17 17:46:42,862", "severity": "INFO", "message": "[MongoDB] Shipment persisted: shipping_id=79b56140-7d87-42c8-a269-0ce9d2fcd521, tracking_id=BI-65173279-BP", "logger": "shippingservice"}
{"timestamp": "2026-08-17 17:46:42,863", "severity": "INFO", "message": "[ShipOrder] completed request", "logger": "shippingservice"}
{"timestamp": "2026-08-17 17:46:42,916", "severity": "INFO", "message": "[GetQuote] received request", "logger": "shippingservice"}
{"timestamp": "2026-08-17 17:46:42,916", "severity": "INFO", "message": "[GetQuote] item_count=9 → $31.99", "logger": "shippingservice"}
{"timestamp": "2026-08-17 17:46:42,916", "severity": "INFO", "message": "[GetQuote] completed request", "logger": "shippingservice"}
{"timestamp": "2026-08-17 17:46:42,917", "severity": "INFO", "message": "[ShipOrder] received request", "logger": "shippingservice"}
{"timestamp": "2026-08-17 17:46:42,917", "severity": "INFO", "message": "[ShipOrder] base_address='121 Main St, Seattle, WA' → tracking_id=NH-86529952-XY", "logger": "shippingservice"}
{"timestamp": "2026-08-17 17:46:42,917", "severity": "INFO", "message": "[GetQuote] received request", "logger": "shippingservice"}
{"timestamp": "2026-08-17 17:46:42,917", "severity": "INFO", "message": "[GetQuote] item_count=9 → $31.99", "logger": "shippingservice"}
{"timestamp": "2026-08-17 17:46:42,917", "severity": "INFO", "message": "[GetQuote] completed request", "logger": "shippingservice"}
{"timestamp": "2026-08-17 17:46:42,917", "severity": "INFO", "message": "[ShipOrder] quote fetched | USD 31.99", "logger": "shippingservice"}
{"timestamp": "2026-08-17 17:46:42,920", "severity": "INFO", "message": "[MongoDB] Shipment persisted: shipping_id=f7631c82-2679-4a7d-966f-5db9819679bd, tracking_id=NH-86529952-XY", "logger": "shippingservice"}
{"timestamp": "2026-08-17 17:46:42,921", "severity": "INFO", "message": "[ShipOrder] completed request", "logger": "shippingservice"}
{"timestamp": "2026-08-17 17:46:42,974", "severity": "INFO", "message": "[GetQuote] received request", "logger": "shippingservice"}
{"timestamp": "2026-08-17 17:46:42,975", "severity": "INFO", "message": "[GetQuote] item_count=9 → $31.99", "logger": "shippingservice"}
{"timestamp": "2026-08-17 17:46:42,975", "severity": "INFO", "message": "[GetQuote] completed request", "logger": "shippingservice"}
{"timestamp": "2026-08-17 17:46:42,978", "severity": "INFO", "message": "[ShipOrder] received request", "logger": "shippingservice"}
{"timestamp": "2026-08-17 17:46:42,978", "severity": "INFO", "message": "[ShipOrder] base_address='121 Main St, Seattle, WA' → tracking_id=JP-86529952-EX", "logger": "shippingservice"}
{"timestamp": "2026-08-17 17:46:42,978", "severity": "INFO", "message": "[GetQuote] received request", "logger": "shippingservice"}
{"timestamp": "2026-08-17 17:46:42,978", "severity": "INFO", "message": "[GetQuote] item_count=9 → $31.99", "logger": "shippingservice"}
{"timestamp": "2026-08-17 17:46:42,978", "severity": "INFO", "message": "[GetQuote] completed request", "logger": "shippingservice"}
{"timestamp": "2026-08-17 17:46:42,978", "severity": "INFO", "message": "[ShipOrder] quote fetched | USD 31.99", "logger": "shippingservice"}
{"timestamp": "2026-08-17 17:46:42,982", "severity": "INFO", "message": "[MongoDB] Shipment persisted: shipping_id=42cf189f-b16d-4905-9a65-e0522300dd7e, tracking_id=JP-86529952-EX", "logger": "shippingservice"}
{"timestamp": "2026-08-17 17:46:42,982", "severity": "INFO", "message": "[ShipOrder] completed request", "logger": "shippingservice"}
{"timestamp": "2026-08-17 17:46:43,037", "severity": "INFO", "message": "[GetQuote] received request", "logger": "shippingservice"}
{"timestamp": "2026-08-17 17:46:43,037", "severity": "INFO", "message": "[GetQuote] item_count=10 → $39.99", "logger": "shippingservice"}
{"timestamp": "2026-08-17 17:46:43,037", "severity": "INFO", "message": "[GetQuote] completed request", "logger": "shippingservice"}
{"timestamp": "2026-08-17 17:46:43,038", "severity": "INFO", "message": "[ShipOrder] received request", "logger": "shippingservice"}
{"timestamp": "2026-08-17 17:46:43,039", "severity": "INFO", "message": "[ShipOrder] base_address='122 Main St, Seattle, WA' → tracking_id=PF-65842563-MK", "logger": "shippingservice"}
{"timestamp": "2026-08-17 17:46:43,039", "severity": "INFO", "message": "[GetQuote] received request", "logger": "shippingservice"}
{"timestamp": "2026-08-17 17:46:43,039", "severity": "INFO", "message": "[GetQuote] item_count=10 → $39.99", "logger": "shippingservice"}
{"timestamp": "2026-08-17 17:46:43,039", "severity": "INFO", "message": "[GetQuote] completed request", "logger": "shippingservice"}
{"timestamp": "2026-08-17 17:46:43,039", "severity": "INFO", "message": "[ShipOrder] quote fetched | USD 39.99", "logger": "shippingservice"}
{"timestamp": "2026-08-17 17:46:43,042", "severity": "INFO", "message": "[MongoDB] Shipment persisted: shipping_id=b9e59f75-9af4-4491-8ee5-d72d3fa77f6e, tracking_id=PF-65842563-MK", "logger": "shippingservice"}
{"timestamp": "2026-08-17 17:46:43,042", "severity": "INFO", "message": "[ShipOrder] completed request", "logger": "shippingservice"}
{"timestamp": "2026-08-17 17:46:43,096", "severity": "INFO", "message": "[GetQuote] received request", "logger": "shippingservice"}
{"timestamp": "2026-08-17 17:46:43,096", "severity": "INFO", "message": "[GetQuote] item_count=10 → $39.99", "logger": "shippingservice"}
{"timestamp": "2026-08-17 17:46:43,096", "severity": "INFO", "message": "[GetQuote] completed request", "logger": "shippingservice"}
{"timestamp": "2026-08-17 17:46:43,099", "severity": "INFO", "message": "[ShipOrder] received request", "logger": "shippingservice"}
{"timestamp": "2026-08-17 17:46:43,100", "severity": "INFO", "message": "[ShipOrder] base_address='122 Main St, Seattle, WA' → tracking_id=YJ-65842563-LS", "logger": "shippingservice"}
{"timestamp": "2026-08-17 17:46:43,100", "severity": "INFO", "message": "[GetQuote] received request", "logger": "shippingservice"}
{"timestamp": "2026-08-17 17:46:43,100", "severity": "INFO", "message": "[GetQuote] item_count=10 → $39.99", "logger": "shippingservice"}
{"timestamp": "2026-08-17 17:46:43,100", "severity": "INFO", "message": "[GetQuote] completed request", "logger": "shippingservice"}
{"timestamp": "2026-08-17 17:46:43,100", "severity": "INFO", "message": "[ShipOrder] quote fetched | USD 39.99", "logger": "shippingservice"}
{"timestamp": "2026-08-17 17:46:43,104", "severity": "INFO", "message": "[MongoDB] Shipment persisted: shipping_id=b1d1437f-83ba-4e21-825e-4d43e81d6efa, tracking_id=YJ-65842563-LS", "logger": "shippingservice"}
{"timestamp": "2026-08-17 17:46:43,105", "severity": "INFO", "message": "[ShipOrder] completed request", "logger": "shippingservice"}
{"timestamp": "2026-08-17 17:46:43,159", "severity": "INFO", "message": "[GetQuote] received request", "logger": "shippingservice"}
{"timestamp": "2026-08-17 17:46:43,159", "severity": "INFO", "message": "[GetQuote] item_count=11 → $39.99", "logger": "shippingservice"}
{"timestamp": "2026-08-17 17:46:43,159", "severity": "INFO", "message": "[GetQuote] completed request", "logger": "shippingservice"}
{"timestamp": "2026-08-17 17:46:43,160", "severity": "INFO", "message": "[ShipOrder] received request", "logger": "shippingservice"}
{"timestamp": "2026-08-17 17:46:43,160", "severity": "INFO", "message": "[ShipOrder] base_address='123 Main St, Seattle, WA' → tracking_id=PW-94503840-OK", "logger": "shippingservice"}
{"timestamp": "2026-08-17 17:46:43,161", "severity": "INFO", "message": "[GetQuote] received request", "logger": "shippingservice"}
{"timestamp": "2026-08-17 17:46:43,161", "severity": "INFO", "message": "[GetQuote] item_count=11 → $39.99", "logger": "shippingservice"}
{"timestamp": "2026-08-17 17:46:43,161", "severity": "INFO", "message": "[GetQuote] completed request", "logger": "shippingservice"}
{"timestamp": "2026-08-17 17:46:43,161", "severity": "INFO", "message": "[ShipOrder] quote fetched | USD 39.99", "logger": "shippingservice"}
{"timestamp": "2026-08-17 17:46:43,164", "severity": "INFO", "message": "[MongoDB] Shipment persisted: shipping_id=31aa0ebf-5463-4b3e-bbe0-440f065e8bc2, tracking_id=PW-94503840-OK", "logger": "shippingservice"}
{"timestamp": "2026-08-17 17:46:43,164", "severity": "INFO", "message": "[ShipOrder] completed request", "logger": "shippingservice"}
{"timestamp": "2026-08-17 17:46:43,221", "severity": "INFO", "message": "[GetQuote] received request", "logger": "shippingservice"}
{"timestamp": "2026-08-17 17:46:43,221", "severity": "INFO", "message": "[GetQuote] item_count=11 → $39.99", "logger": "shippingservice"}
{"timestamp": "2026-08-17 17:46:43,221", "severity": "INFO", "message": "[GetQuote] completed request", "logger": "shippingservice"}
{"timestamp": "2026-08-17 17:46:43,225", "severity": "INFO", "message": "[ShipOrder] received request", "logger": "shippingservice"}
{"timestamp": "2026-08-17 17:46:43,226", "severity": "INFO", "message": "[ShipOrder] base_address='123 Main St, Seattle, WA' → tracking_id=RT-94503840-ZU", "logger": "shippingservice"}
{"timestamp": "2026-08-17 17:46:43,226", "severity": "INFO", "message": "[GetQuote] received request", "logger": "shippingservice"}
{"timestamp": "2026-08-17 17:46:43,226", "severity": "INFO", "message": "[GetQuote] item_count=11 → $39.99", "logger": "shippingservice"}
{"timestamp": "2026-08-17 17:46:43,226", "severity": "INFO", "message": "[GetQuote] completed request", "logger": "shippingservice"}
{"timestamp": "2026-08-17 17:46:43,226", "severity": "INFO", "message": "[ShipOrder] quote fetched | USD 39.99", "logger": "shippingservice"}
{"timestamp": "2026-08-17 17:46:43,230", "severity": "INFO", "message": "[MongoDB] Shipment persisted: shipping_id=46d28b4e-dbf8-4905-b188-6eea90d65fcd, tracking_id=RT-94503840-ZU", "logger": "shippingservice"}
{"timestamp": "2026-08-17 17:46:43,230", "severity": "INFO", "message": "[ShipOrder] completed request", "logger": "shippingservice"}
{"timestamp": "2026-08-17 17:46:43,283", "severity": "INFO", "message": "[GetQuote] received request", "logger": "shippingservice"}
{"timestamp": "2026-08-17 17:46:43,283", "severity": "INFO", "message": "[GetQuote] item_count=0 → $0.00", "logger": "shippingservice"}
{"timestamp": "2026-08-17 17:46:43,283", "severity": "INFO", "message": "[GetQuote] completed request", "logger": "shippingservice"}
{"timestamp": "2026-08-17 17:46:43,284", "severity": "INFO", "message": "[ShipOrder] received request", "logger": "shippingservice"}
{"timestamp": "2026-08-17 17:46:43,284", "severity": "INFO", "message": "[ShipOrder] base_address='124 Main St, Seattle, WA' → tracking_id=WL-84797134-DN", "logger": "shippingservice"}
{"timestamp": "2026-08-17 17:46:43,285", "severity": "INFO", "message": "[GetQuote] received request", "logger": "shippingservice"}
{"timestamp": "2026-08-17 17:46:43,285", "severity": "INFO", "message": "[GetQuote] item_count=0 → $0.00", "logger": "shippingservice"}
{"timestamp": "2026-08-17 17:46:43,285", "severity": "INFO", "message": "[GetQuote] completed request", "logger": "shippingservice"}
{"timestamp": "2026-08-17 17:46:43,285", "severity": "INFO", "message": "[ShipOrder] quote fetched | USD 0.00", "logger": "shippingservice"}
{"timestamp": "2026-08-17 17:46:43,287", "severity": "INFO", "message": "[MongoDB] Shipment persisted: shipping_id=38cc8822-6866-48d6-8844-c6676b28c542, tracking_id=WL-84797134-DN", "logger": "shippingservice"}
{"timestamp": "2026-08-17 17:46:43,288", "severity": "INFO", "message": "[ShipOrder] completed request", "logger": "shippingservice"}
{"timestamp": "2026-08-17 17:46:43,341", "severity": "INFO", "message": "[GetQuote] received request", "logger": "shippingservice"}
{"timestamp": "2026-08-17 17:46:43,341", "severity": "INFO", "message": "[GetQuote] item_count=0 → $0.00", "logger": "shippingservice"}
{"timestamp": "2026-08-17 17:46:43,341", "severity": "INFO", "message": "[GetQuote] completed request", "logger": "shippingservice"}
{"timestamp": "2026-08-17 17:46:43,344", "severity": "INFO", "message": "[ShipOrder] received request", "logger": "shippingservice"}
{"timestamp": "2026-08-17 17:46:43,344", "severity": "INFO", "message": "[ShipOrder] base_address='124 Main St, Seattle, WA' → tracking_id=CS-84797134-QM", "logger": "shippingservice"}
{"timestamp": "2026-08-17 17:46:43,344", "severity": "INFO", "message": "[GetQuote] received request", "logger": "shippingservice"}
{"timestamp": "2026-08-17 17:46:43,344", "severity": "INFO", "message": "[GetQuote] item_count=0 → $0.00", "logger": "shippingservice"}
{"timestamp": "2026-08-17 17:46:43,344", "severity": "INFO", "message": "[GetQuote] completed request", "logger": "shippingservice"}
{"timestamp": "2026-08-17 17:46:43,344", "severity": "INFO", "message": "[ShipOrder] quote fetched | USD 0.00", "logger": "shippingservice"}
{"timestamp": "2026-08-17 17:46:43,347", "severity": "INFO", "message": "[MongoDB] Shipment persisted: shipping_id=9b67a50a-dff8-4eb0-befe-60b5e5163ceb, tracking_id=CS-84797134-QM", "logger": "shippingservice"}
{"timestamp": "2026-08-17 17:46:43,347", "severity": "INFO", "message": "[ShipOrder] completed request", "logger": "shippingservice"}
{"timestamp": "2026-08-17 17:46:43,400", "severity": "INFO", "message": "[GetQuote] received request", "logger": "shippingservice"}
{"timestamp": "2026-08-17 17:46:43,401", "severity": "INFO", "message": "[GetQuote] item_count=1 → $8.99", "logger": "shippingservice"}
{"timestamp": "2026-08-17 17:46:43,401", "severity": "INFO", "message": "[GetQuote] completed request", "logger": "shippingservice"}
{"timestamp": "2026-08-17 17:46:43,402", "severity": "INFO", "message": "[ShipOrder] received request", "logger": "shippingservice"}
{"timestamp": "2026-08-17 17:46:43,402", "severity": "INFO", "message": "[ShipOrder] base_address='125 Main St, Seattle, WA' → tracking_id=EI-76206064-EY", "logger": "shippingservice"}
{"timestamp": "2026-08-17 17:46:43,402", "severity": "INFO", "message": "[GetQuote] received request", "logger": "shippingservice"}
{"timestamp": "2026-08-17 17:46:43,402", "severity": "INFO", "message": "[GetQuote] item_count=1 → $8.99", "logger": "shippingservice"}
{"timestamp": "2026-08-17 17:46:43,402", "severity": "INFO", "message": "[GetQuote] completed request", "logger": "shippingservice"}
{"timestamp": "2026-08-17 17:46:43,402", "severity": "INFO", "message": "[ShipOrder] quote fetched | USD 8.99", "logger": "shippingservice"}
{"timestamp": "2026-08-17 17:46:43,406", "severity": "INFO", "message": "[MongoDB] Shipment persisted: shipping_id=369592d5-0723-4cb8-a5cd-882b25d14896, tracking_id=EI-76206064-EY", "logger": "shippingservice"}
{"timestamp": "2026-08-17 17:46:43,406", "severity": "INFO", "message": "[ShipOrder] completed request", "logger": "shippingservice"}
{"timestamp": "2026-08-17 17:46:43,466", "severity": "INFO", "message": "[GetQuote] received request", "logger": "shippingservice"}
{"timestamp": "2026-08-17 17:46:43,466", "severity": "INFO", "message": "[GetQuote] item_count=1 → $8.99", "logger": "shippingservice"}
{"timestamp": "2026-08-17 17:46:43,466", "severity": "INFO", "message": "[GetQuote] completed request", "logger": "shippingservice"}
{"timestamp": "2026-08-17 17:46:43,476", "severity": "INFO", "message": "[ShipOrder] received request", "logger": "shippingservice"}
{"timestamp": "2026-08-17 17:46:43,476", "severity": "INFO", "message": "[ShipOrder] base_address='125 Main St, Seattle, WA' → tracking_id=DZ-76206064-JD", "logger": "shippingservice"}
{"timestamp": "2026-08-17 17:46:43,477", "severity": "INFO", "message": "[GetQuote] received request", "logger": "shippingservice"}
{"timestamp": "2026-08-17 17:46:43,477", "severity": "INFO", "message": "[GetQuote] item_count=1 → $8.99", "logger": "shippingservice"}
{"timestamp": "2026-08-17 17:46:43,477", "severity": "INFO", "message": "[GetQuote] completed request", "logger": "shippingservice"}
{"timestamp": "2026-08-17 17:46:43,478", "severity": "INFO", "message": "[ShipOrder] quote fetched | USD 8.99", "logger": "shippingservice"}
{"timestamp": "2026-08-17 17:46:43,487", "severity": "INFO", "message": "[MongoDB] Shipment persisted: shipping_id=9aec92d1-ded2-437f-881b-f6344710edfa, tracking_id=DZ-76206064-JD", "logger": "shippingservice"}
{"timestamp": "2026-08-17 17:46:43,488", "severity": "INFO", "message": "[ShipOrder] completed request", "logger": "shippingservice"}
{"timestamp": "2026-08-17 17:46:43,545", "severity": "INFO", "message": "[GetQuote] received request", "logger": "shippingservice"}
{"timestamp": "2026-08-17 17:46:43,546", "severity": "INFO", "message": "[GetQuote] item_count=2 → $8.99", "logger": "shippingservice"}
{"timestamp": "2026-08-17 17:46:43,546", "severity": "INFO", "message": "[GetQuote] completed request", "logger": "shippingservice"}
{"timestamp": "2026-08-17 17:46:43,549", "severity": "INFO", "message": "[ShipOrder] received request", "logger": "shippingservice"}
{"timestamp": "2026-08-17 17:46:43,549", "severity": "INFO", "message": "[ShipOrder] base_address='126 Main St, Seattle, WA' → tracking_id=QY-49079491-LD", "logger": "shippingservice"}
{"timestamp": "2026-08-17 17:46:43,549", "severity": "INFO", "message": "[GetQuote] received request", "logger": "shippingservice"}
{"timestamp": "2026-08-17 17:46:43,550", "severity": "INFO", "message": "[GetQuote] item_count=2 → $8.99", "logger": "shippingservice"}
{"timestamp": "2026-08-17 17:46:43,550", "severity": "INFO", "message": "[GetQuote] completed request", "logger": "shippingservice"}
{"timestamp": "2026-08-17 17:46:43,550", "severity": "INFO", "message": "[ShipOrder] quote fetched | USD 8.99", "logger": "shippingservice"}
{"timestamp": "2026-08-17 17:46:43,559", "severity": "INFO", "message": "[MongoDB] Shipment persisted: shipping_id=ef47c9a7-99a1-4e79-bb85-b3cf8481abec, tracking_id=QY-49079491-LD", "logger": "shippingservice"}
{"timestamp": "2026-08-17 17:46:43,559", "severity": "INFO", "message": "[ShipOrder] completed request", "logger": "shippingservice"}
{"timestamp": "2026-08-17 17:46:43,621", "severity": "INFO", "message": "[GetQuote] received request", "logger": "shippingservice"}
{"timestamp": "2026-08-17 17:46:43,621", "severity": "INFO", "message": "[GetQuote] item_count=2 → $8.99", "logger": "shippingservice"}
{"timestamp": "2026-08-17 17:46:43,621", "severity": "INFO", "message": "[GetQuote] completed request", "logger": "shippingservice"}
{"timestamp": "2026-08-17 17:46:43,629", "severity": "INFO", "message": "[ShipOrder] received request", "logger": "shippingservice"}
{"timestamp": "2026-08-17 17:46:43,629", "severity": "INFO", "message": "[ShipOrder] base_address='126 Main St, Seattle, WA' → tracking_id=NL-49079491-GG", "logger": "shippingservice"}
{"timestamp": "2026-08-17 17:46:43,630", "severity": "INFO", "message": "[GetQuote] received request", "logger": "shippingservice"}
{"timestamp": "2026-08-17 17:46:43,630", "severity": "INFO", "message": "[GetQuote] item_count=2 → $8.99", "logger": "shippingservice"}
{"timestamp": "2026-08-17 17:46:43,630", "severity": "INFO", "message": "[GetQuote] completed request", "logger": "shippingservice"}
{"timestamp": "2026-08-17 17:46:43,630", "severity": "INFO", "message": "[ShipOrder] quote fetched | USD 8.99", "logger": "shippingservice"}
{"timestamp": "2026-08-17 17:46:43,639", "severity": "INFO", "message": "[MongoDB] Shipment persisted: shipping_id=4f617ed6-3c61-4699-be73-eb3c803028c5, tracking_id=NL-49079491-GG", "logger": "shippingservice"}
{"timestamp": "2026-08-17 17:46:43,639", "severity": "INFO", "message": "[ShipOrder] completed request", "logger": "shippingservice"}
{"timestamp": "2026-08-17 17:46:43,697", "severity": "INFO", "message": "[GetQuote] received request", "logger": "shippingservice"}
{"timestamp": "2026-08-17 17:46:43,697", "severity": "INFO", "message": "[GetQuote] item_count=3 → $15.99", "logger": "shippingservice"}
{"timestamp": "2026-08-17 17:46:43,697", "severity": "INFO", "message": "[GetQuote] completed request", "logger": "shippingservice"}
{"timestamp": "2026-08-17 17:46:43,700", "severity": "INFO", "message": "[ShipOrder] received request", "logger": "shippingservice"}
{"timestamp": "2026-08-17 17:46:43,700", "severity": "INFO", "message": "[ShipOrder] base_address='127 Main St, Seattle, WA' → tracking_id=NW-99896474-AA", "logger": "shippingservice"}
{"timestamp": "2026-08-17 17:46:43,700", "severity": "INFO", "message": "[GetQuote] received request", "logger": "shippingservice"}
{"timestamp": "2026-08-17 17:46:43,700", "severity": "INFO", "message": "[GetQuote] item_count=3 → $15.99", "logger": "shippingservice"}
{"timestamp": "2026-08-17 17:46:43,700", "severity": "INFO", "message": "[GetQuote] completed request", "logger": "shippingservice"}
{"timestamp": "2026-08-17 17:46:43,701", "severity": "INFO", "message": "[ShipOrder] quote fetched | USD 15.99", "logger": "shippingservice"}
{"timestamp": "2026-08-17 17:46:43,708", "severity": "INFO", "message": "[MongoDB] Shipment persisted: shipping_id=52d5005d-1e95-4b41-9a66-a498181211ec, tracking_id=NW-99896474-AA", "logger": "shippingservice"}
{"timestamp": "2026-08-17 17:46:43,708", "severity": "INFO", "message": "[ShipOrder] completed request", "logger": "shippingservice"}
{"timestamp": "2026-08-17 17:46:43,769", "severity": "INFO", "message": "[GetQuote] received request", "logger": "shippingservice"}
{"timestamp": "2026-08-17 17:46:43,769", "severity": "INFO", "message": "[GetQuote] item_count=3 → $15.99", "logger": "shippingservice"}
{"timestamp": "2026-08-17 17:46:43,769", "severity": "INFO", "message": "[GetQuote] completed request", "logger": "shippingservice"}
{"timestamp": "2026-08-17 17:46:43,779", "severity": "INFO", "message": "[ShipOrder] received request", "logger": "shippingservice"}
{"timestamp": "2026-08-17 17:46:43,779", "severity": "INFO", "message": "[ShipOrder] base_address='127 Main St, Seattle, WA' → tracking_id=NR-99896474-AH", "logger": "shippingservice"}
{"timestamp": "2026-08-17 17:46:43,779", "severity": "INFO", "message": "[GetQuote] received request", "logger": "shippingservice"}
{"timestamp": "2026-08-17 17:46:43,780", "severity": "INFO", "message": "[GetQuote] item_count=3 → $15.99", "logger": "shippingservice"}
{"timestamp": "2026-08-17 17:46:43,780", "severity": "INFO", "message": "[GetQuote] completed request", "logger": "shippingservice"}
{"timestamp": "2026-08-17 17:46:43,780", "severity": "INFO", "message": "[ShipOrder] quote fetched | USD 15.99", "logger": "shippingservice"}
{"timestamp": "2026-08-17 17:46:43,790", "severity": "INFO", "message": "[MongoDB] Shipment persisted: shipping_id=d1ecc7ad-bf25-407c-9c4a-0ecb9b62aef2, tracking_id=NR-99896474-AH", "logger": "shippingservice"}
{"timestamp": "2026-08-17 17:46:43,790", "severity": "INFO", "message": "[ShipOrder] completed request", "logger": "shippingservice"}
{"timestamp": "2026-08-17 17:46:43,848", "severity": "INFO", "message": "[GetQuote] received request", "logger": "shippingservice"}
{"timestamp": "2026-08-17 17:46:43,849", "severity": "INFO", "message": "[GetQuote] item_count=4 → $15.99", "logger": "shippingservice"}
{"timestamp": "2026-08-17 17:46:43,849", "severity": "INFO", "message": "[GetQuote] completed request", "logger": "shippingservice"}
{"timestamp": "2026-08-17 17:46:43,852", "severity": "INFO", "message": "[ShipOrder] received request", "logger": "shippingservice"}
{"timestamp": "2026-08-17 17:46:43,852", "severity": "INFO", "message": "[ShipOrder] base_address='128 Main St, Seattle, WA' → tracking_id=NK-09003249-HQ", "logger": "shippingservice"}
{"timestamp": "2026-08-17 17:46:43,853", "severity": "INFO", "message": "[GetQuote] received request", "logger": "shippingservice"}
{"timestamp": "2026-08-17 17:46:43,853", "severity": "INFO", "message": "[GetQuote] item_count=4 → $15.99", "logger": "shippingservice"}
{"timestamp": "2026-08-17 17:46:43,853", "severity": "INFO", "message": "[GetQuote] completed request", "logger": "shippingservice"}
{"timestamp": "2026-08-17 17:46:43,853", "severity": "INFO", "message": "[ShipOrder] quote fetched | USD 15.99", "logger": "shippingservice"}
{"timestamp": "2026-08-17 17:46:43,862", "severity": "INFO", "message": "[MongoDB] Shipment persisted: shipping_id=d9f72463-8871-4739-852c-c11b1d206a1c, tracking_id=NK-09003249-HQ", "logger": "shippingservice"}
{"timestamp": "2026-08-17 17:46:43,862", "severity": "INFO", "message": "[ShipOrder] completed request", "logger": "shippingservice"}
{"timestamp": "2026-08-17 17:46:43,923", "severity": "INFO", "message": "[GetQuote] received request", "logger": "shippingservice"}
{"timestamp": "2026-08-17 17:46:43,923", "severity": "INFO", "message": "[GetQuote] item_count=4 → $15.99", "logger": "shippingservice"}
{"timestamp": "2026-08-17 17:46:43,923", "severity": "INFO", "message": "[GetQuote] completed request", "logger": "shippingservice"}
{"timestamp": "2026-08-17 17:46:43,930", "severity": "INFO", "message": "[ShipOrder] received request", "logger": "shippingservice"}
{"timestamp": "2026-08-17 17:46:43,931", "severity": "INFO", "message": "[ShipOrder] base_address='128 Main St, Seattle, WA' → tracking_id=ZQ-09003249-HL", "logger": "shippingservice"}
{"timestamp": "2026-08-17 17:46:43,931", "severity": "INFO", "message": "[GetQuote] received request", "logger": "shippingservice"}
{"timestamp": "2026-08-17 17:46:43,931", "severity": "INFO", "message": "[GetQuote] item_count=4 → $15.99", "logger": "shippingservice"}
{"timestamp": "2026-08-17 17:46:43,931", "severity": "INFO", "message": "[GetQuote] completed request", "logger": "shippingservice"}
{"timestamp": "2026-08-17 17:46:43,931", "severity": "INFO", "message": "[ShipOrder] quote fetched | USD 15.99", "logger": "shippingservice"}
{"timestamp": "2026-08-17 17:46:43,939", "severity": "INFO", "message": "[MongoDB] Shipment persisted: shipping_id=58dbd6b6-b001-4e2d-83fd-1f095d819b3f, tracking_id=ZQ-09003249-HL", "logger": "shippingservice"}
{"timestamp": "2026-08-17 17:46:43,939", "severity": "INFO", "message": "[ShipOrder] completed request", "logger": "shippingservice"}
{"timestamp": "2026-08-17 17:46:43,996", "severity": "INFO", "message": "[GetQuote] received request", "logger": "shippingservice"}
{"timestamp": "2026-08-17 17:46:43,996", "severity": "INFO", "message": "[GetQuote] item_count=5 → $23.99", "logger": "shippingservice"}
{"timestamp": "2026-08-17 17:46:43,997", "severity": "INFO", "message": "[GetQuote] completed request", "logger": "shippingservice"}
{"timestamp": "2026-08-17 17:46:43,999", "severity": "INFO", "message": "[ShipOrder] received request", "logger": "shippingservice"}
{"timestamp": "2026-08-17 17:46:44,000", "severity": "INFO", "message": "[ShipOrder] base_address='129 Main St, Seattle, WA' → tracking_id=QV-23335482-VB", "logger": "shippingservice"}
{"timestamp": "2026-08-17 17:46:44,000", "severity": "INFO", "message": "[GetQuote] received request", "logger": "shippingservice"}
{"timestamp": "2026-08-17 17:46:44,000", "severity": "INFO", "message": "[GetQuote] item_count=5 → $23.99", "logger": "shippingservice"}
{"timestamp": "2026-08-17 17:46:44,001", "severity": "INFO", "message": "[GetQuote] completed request", "logger": "shippingservice"}
{"timestamp": "2026-08-17 17:46:44,001", "severity": "INFO", "message": "[ShipOrder] quote fetched | USD 23.99", "logger": "shippingservice"}
{"timestamp": "2026-08-17 17:46:44,014", "severity": "INFO", "message": "[MongoDB] Shipment persisted: shipping_id=a89613ec-f9f6-4ba6-8b36-3c0b28bd65db, tracking_id=QV-23335482-VB", "logger": "shippingservice"}
{"timestamp": "2026-08-17 17:46:44,015", "severity": "INFO", "message": "[ShipOrder] completed request", "logger": "shippingservice"}
{"timestamp": "2026-08-17 17:46:44,075", "severity": "INFO", "message": "[GetQuote] received request", "logger": "shippingservice"}
{"timestamp": "2026-08-17 17:46:44,075", "severity": "INFO", "message": "[GetQuote] item_count=5 → $23.99", "logger": "shippingservice"}
{"timestamp": "2026-08-17 17:46:44,075", "severity": "INFO", "message": "[GetQuote] completed request", "logger": "shippingservice"}
{"timestamp": "2026-08-17 17:46:44,083", "severity": "INFO", "message": "[ShipOrder] received request", "logger": "shippingservice"}
{"timestamp": "2026-08-17 17:46:44,084", "severity": "INFO", "message": "[ShipOrder] base_address='129 Main St, Seattle, WA' → tracking_id=SM-23335482-WT", "logger": "shippingservice"}
{"timestamp": "2026-08-17 17:46:44,084", "severity": "INFO", "message": "[GetQuote] received request", "logger": "shippingservice"}
{"timestamp": "2026-08-17 17:46:44,084", "severity": "INFO", "message": "[GetQuote] item_count=5 → $23.99", "logger": "shippingservice"}
{"timestamp": "2026-08-17 17:46:44,084", "severity": "INFO", "message": "[GetQuote] completed request", "logger": "shippingservice"}
{"timestamp": "2026-08-17 17:46:44,085", "severity": "INFO", "message": "[ShipOrder] quote fetched | USD 23.99", "logger": "shippingservice"}
{"timestamp": "2026-08-17 17:46:44,092", "severity": "INFO", "message": "[MongoDB] Shipment persisted: shipping_id=2f1e49f8-2e89-4ee0-ab99-0dfe064caea1, tracking_id=SM-23335482-WT", "logger": "shippingservice"}
{"timestamp": "2026-08-17 17:46:44,093", "severity": "INFO", "message": "[ShipOrder] completed request", "logger": "shippingservice"}
{"timestamp": "2026-08-17 17:46:44,150", "severity": "INFO", "message": "[GetQuote] received request", "logger": "shippingservice"}
{"timestamp": "2026-08-17 17:46:44,150", "severity": "INFO", "message": "[GetQuote] item_count=6 → $23.99", "logger": "shippingservice"}
{"timestamp": "2026-08-17 17:46:44,151", "severity": "INFO", "message": "[GetQuote] completed request", "logger": "shippingservice"}
{"timestamp": "2026-08-17 17:46:44,153", "severity": "INFO", "message": "[ShipOrder] received request", "logger": "shippingservice"}
{"timestamp": "2026-08-17 17:46:44,153", "severity": "INFO", "message": "[ShipOrder] base_address='130 Main St, Seattle, WA' → tracking_id=ZS-55516783-UH", "logger": "shippingservice"}
{"timestamp": "2026-08-17 17:46:44,154", "severity": "INFO", "message": "[GetQuote] received request", "logger": "shippingservice"}
{"timestamp": "2026-08-17 17:46:44,154", "severity": "INFO", "message": "[GetQuote] item_count=6 → $23.99", "logger": "shippingservice"}
{"timestamp": "2026-08-17 17:46:44,154", "severity": "INFO", "message": "[GetQuote] completed request", "logger": "shippingservice"}
{"timestamp": "2026-08-17 17:46:44,154", "severity": "INFO", "message": "[ShipOrder] quote fetched | USD 23.99", "logger": "shippingservice"}
{"timestamp": "2026-08-17 17:46:44,162", "severity": "INFO", "message": "[MongoDB] Shipment persisted: shipping_id=e96d9e6d-d3cd-4f00-97f8-1f83636cb3ad, tracking_id=ZS-55516783-UH", "logger": "shippingservice"}
{"timestamp": "2026-08-17 17:46:44,162", "severity": "INFO", "message": "[ShipOrder] completed request", "logger": "shippingservice"}
{"timestamp": "2026-08-17 17:46:44,223", "severity": "INFO", "message": "[GetQuote] received request", "logger": "shippingservice"}
{"timestamp": "2026-08-17 17:46:44,223", "severity": "INFO", "message": "[GetQuote] item_count=6 → $23.99", "logger": "shippingservice"}
{"timestamp": "2026-08-17 17:46:44,224", "severity": "INFO", "message": "[GetQuote] completed request", "logger": "shippingservice"}
{"timestamp": "2026-08-17 17:46:44,231", "severity": "INFO", "message": "[ShipOrder] received request", "logger": "shippingservice"}
{"timestamp": "2026-08-17 17:46:44,231", "severity": "INFO", "message": "[ShipOrder] base_address='130 Main St, Seattle, WA' → tracking_id=WF-55516783-OB", "logger": "shippingservice"}
{"timestamp": "2026-08-17 17:46:44,232", "severity": "INFO", "message": "[GetQuote] received request", "logger": "shippingservice"}
{"timestamp": "2026-08-17 17:46:44,232", "severity": "INFO", "message": "[GetQuote] item_count=6 → $23.99", "logger": "shippingservice"}
{"timestamp": "2026-08-17 17:46:44,232", "severity": "INFO", "message": "[GetQuote] completed request", "logger": "shippingservice"}
{"timestamp": "2026-08-17 17:46:44,232", "severity": "INFO", "message": "[ShipOrder] quote fetched | USD 23.99", "logger": "shippingservice"}
{"timestamp": "2026-08-17 17:46:44,240", "severity": "INFO", "message": "[MongoDB] Shipment persisted: shipping_id=2b69bfcf-8d76-429b-b7cb-7852dcb6d456, tracking_id=WF-55516783-OB", "logger": "shippingservice"}
{"timestamp": "2026-08-17 17:46:44,241", "severity": "INFO", "message": "[ShipOrder] completed request", "logger": "shippingservice"}
{"timestamp": "2026-08-17 17:46:44,299", "severity": "INFO", "message": "[GetQuote] received request", "logger": "shippingservice"}
{"timestamp": "2026-08-17 17:46:44,299", "severity": "INFO", "message": "[GetQuote] item_count=7 → $23.99", "logger": "shippingservice"}
{"timestamp": "2026-08-17 17:46:44,299", "severity": "INFO", "message": "[GetQuote] completed request", "logger": "shippingservice"}
{"timestamp": "2026-08-17 17:46:44,302", "severity": "INFO", "message": "[ShipOrder] received request", "logger": "shippingservice"}
{"timestamp": "2026-08-17 17:46:44,302", "severity": "INFO", "message": "[ShipOrder] base_address='131 Main St, Seattle, WA' → tracking_id=UG-92600615-ZV", "logger": "shippingservice"}
{"timestamp": "2026-08-17 17:46:44,303", "severity": "INFO", "message": "[GetQuote] received request", "logger": "shippingservice"}
{"timestamp": "2026-08-17 17:46:44,303", "severity": "INFO", "message": "[GetQuote] item_count=7 → $23.99", "logger": "shippingservice"}
{"timestamp": "2026-08-17 17:46:44,303", "severity": "INFO", "message": "[GetQuote] completed request", "logger": "shippingservice"}
{"timestamp": "2026-08-17 17:46:44,303", "severity": "INFO", "message": "[ShipOrder] quote fetched | USD 23.99", "logger": "shippingservice"}
{"timestamp": "2026-08-17 17:46:44,312", "severity": "INFO", "message": "[MongoDB] Shipment persisted: shipping_id=78fd9ec2-718a-4258-9050-d06be9358a27, tracking_id=UG-92600615-ZV", "logger": "shippingservice"}
{"timestamp": "2026-08-17 17:46:44,312", "severity": "INFO", "message": "[ShipOrder] completed request", "logger": "shippingservice"}
{"timestamp": "2026-08-17 17:46:44,375", "severity": "INFO", "message": "[GetQuote] received request", "logger": "shippingservice"}
{"timestamp": "2026-08-17 17:46:44,376", "severity": "INFO", "message": "[GetQuote] item_count=7 → $23.99", "logger": "shippingservice"}
{"timestamp": "2026-08-17 17:46:44,376", "severity": "INFO", "message": "[GetQuote] completed request", "logger": "shippingservice"}
{"timestamp": "2026-08-17 17:46:44,384", "severity": "INFO", "message": "[ShipOrder] received request", "logger": "shippingservice"}
{"timestamp": "2026-08-17 17:46:44,384", "severity": "INFO", "message": "[ShipOrder] base_address='131 Main St, Seattle, WA' → tracking_id=ZP-92600615-BG", "logger": "shippingservice"}
{"timestamp": "2026-08-17 17:46:44,384", "severity": "INFO", "message": "[GetQuote] received request", "logger": "shippingservice"}
{"timestamp": "2026-08-17 17:46:44,385", "severity": "INFO", "message": "[GetQuote] item_count=7 → $23.99", "logger": "shippingservice"}
{"timestamp": "2026-08-17 17:46:44,385", "severity": "INFO", "message": "[GetQuote] completed request", "logger": "shippingservice"}
{"timestamp": "2026-08-17 17:46:44,385", "severity": "INFO", "message": "[ShipOrder] quote fetched | USD 23.99", "logger": "shippingservice"}
{"timestamp": "2026-08-17 17:46:44,394", "severity": "INFO", "message": "[MongoDB] Shipment persisted: shipping_id=7ada4754-bb8c-44c3-aa6d-ba083f41e426, tracking_id=ZP-92600615-BG", "logger": "shippingservice"}
{"timestamp": "2026-08-17 17:46:44,394", "severity": "INFO", "message": "[ShipOrder] completed request", "logger": "shippingservice"}
{"timestamp": "2026-08-17 17:46:44,453", "severity": "INFO", "message": "[GetQuote] received request", "logger": "shippingservice"}
{"timestamp": "2026-08-17 17:46:44,453", "severity": "INFO", "message": "[GetQuote] item_count=8 → $31.99", "logger": "shippingservice"}
{"timestamp": "2026-08-17 17:46:44,453", "severity": "INFO", "message": "[GetQuote] completed request", "logger": "shippingservice"}
{"timestamp": "2026-08-17 17:46:44,456", "severity": "INFO", "message": "[ShipOrder] received request", "logger": "shippingservice"}
{"timestamp": "2026-08-17 17:46:44,456", "severity": "INFO", "message": "[ShipOrder] base_address='132 Main St, Seattle, WA' → tracking_id=NO-92946079-OX", "logger": "shippingservice"}
{"timestamp": "2026-08-17 17:46:44,456", "severity": "INFO", "message": "[GetQuote] received request", "logger": "shippingservice"}
{"timestamp": "2026-08-17 17:46:44,457", "severity": "INFO", "message": "[GetQuote] item_count=8 → $31.99", "logger": "shippingservice"}
{"timestamp": "2026-08-17 17:46:44,457", "severity": "INFO", "message": "[GetQuote] completed request", "logger": "shippingservice"}
{"timestamp": "2026-08-17 17:46:44,457", "severity": "INFO", "message": "[ShipOrder] quote fetched | USD 31.99", "logger": "shippingservice"}
{"timestamp": "2026-08-17 17:46:44,465", "severity": "INFO", "message": "[MongoDB] Shipment persisted: shipping_id=9bb72bf0-50b8-4b49-957d-fac44b8e9a32, tracking_id=NO-92946079-OX", "logger": "shippingservice"}
{"timestamp": "2026-08-17 17:46:44,466", "severity": "INFO", "message": "[ShipOrder] completed request", "logger": "shippingservice"}
{"timestamp": "2026-08-17 17:46:44,527", "severity": "INFO", "message": "[GetQuote] received request", "logger": "shippingservice"}
{"timestamp": "2026-08-17 17:46:44,528", "severity": "INFO", "message": "[GetQuote] item_count=8 → $31.99", "logger": "shippingservice"}
{"timestamp": "2026-08-17 17:46:44,528", "severity": "INFO", "message": "[GetQuote] completed request", "logger": "shippingservice"}
{"timestamp": "2026-08-17 17:46:44,535", "severity": "INFO", "message": "[ShipOrder] received request", "logger": "shippingservice"}
{"timestamp": "2026-08-17 17:46:44,536", "severity": "INFO", "message": "[ShipOrder] base_address='132 Main St, Seattle, WA' → tracking_id=ZC-92946079-ZC", "logger": "shippingservice"}
{"timestamp": "2026-08-17 17:46:44,536", "severity": "INFO", "message": "[GetQuote] received request", "logger": "shippingservice"}
{"timestamp": "2026-08-17 17:46:44,536", "severity": "INFO", "message": "[GetQuote] item_count=8 → $31.99", "logger": "shippingservice"}
{"timestamp": "2026-08-17 17:46:44,537", "severity": "INFO", "message": "[GetQuote] completed request", "logger": "shippingservice"}
{"timestamp": "2026-08-17 17:46:44,537", "severity": "INFO", "message": "[ShipOrder] quote fetched | USD 31.99", "logger": "shippingservice"}
{"timestamp": "2026-08-17 17:46:44,546", "severity": "INFO", "message": "[MongoDB] Shipment persisted: shipping_id=b0954388-177a-4543-9f31-050f47065c2a, tracking_id=ZC-92946079-ZC", "logger": "shippingservice"}
{"timestamp": "2026-08-17 17:46:44,546", "severity": "INFO", "message": "[ShipOrder] completed request", "logger": "shippingservice"}
{"timestamp": "2026-08-17 17:46:44,605", "severity": "INFO", "message": "[GetQuote] received request", "logger": "shippingservice"}
{"timestamp": "2026-08-17 17:46:44,605", "severity": "INFO", "message": "[GetQuote] item_count=9 → $31.99", "logger": "shippingservice"}
{"timestamp": "2026-08-17 17:46:44,605", "severity": "INFO", "message": "[GetQuote] completed request", "logger": "shippingservice"}
{"timestamp": "2026-08-17 17:46:44,608", "severity": "INFO", "message": "[ShipOrder] received request", "logger": "shippingservice"}
{"timestamp": "2026-08-17 17:46:44,608", "severity": "INFO", "message": "[ShipOrder] base_address='133 Main St, Seattle, WA' → tracking_id=FU-15591963-AL", "logger": "shippingservice"}
{"timestamp": "2026-08-17 17:46:44,609", "severity": "INFO", "message": "[GetQuote] received request", "logger": "shippingservice"}
{"timestamp": "2026-08-17 17:46:44,609", "severity": "INFO", "message": "[GetQuote] item_count=9 → $31.99", "logger": "shippingservice"}
{"timestamp": "2026-08-17 17:46:44,609", "severity": "INFO", "message": "[GetQuote] completed request", "logger": "shippingservice"}
{"timestamp": "2026-08-17 17:46:44,609", "severity": "INFO", "message": "[ShipOrder] quote fetched | USD 31.99", "logger": "shippingservice"}
{"timestamp": "2026-08-17 17:46:44,618", "severity": "INFO", "message": "[MongoDB] Shipment persisted: shipping_id=07d52802-494e-4a56-94bd-1fa7d892b315, tracking_id=FU-15591963-AL", "logger": "shippingservice"}
{"timestamp": "2026-08-17 17:46:44,619", "severity": "INFO", "message": "[ShipOrder] completed request", "logger": "shippingservice"}
{"timestamp": "2026-08-17 17:46:44,680", "severity": "INFO", "message": "[GetQuote] received request", "logger": "shippingservice"}
{"timestamp": "2026-08-17 17:46:44,680", "severity": "INFO", "message": "[GetQuote] item_count=9 → $31.99", "logger": "shippingservice"}
{"timestamp": "2026-08-17 17:46:44,681", "severity": "INFO", "message": "[GetQuote] completed request", "logger": "shippingservice"}
{"timestamp": "2026-08-17 17:46:44,690", "severity": "INFO", "message": "[ShipOrder] received request", "logger": "shippingservice"}
{"timestamp": "2026-08-17 17:46:44,690", "severity": "INFO", "message": "[ShipOrder] base_address='133 Main St, Seattle, WA' → tracking_id=MO-15591963-EH", "logger": "shippingservice"}
{"timestamp": "2026-08-17 17:46:44,690", "severity": "INFO", "message": "[GetQuote] received request", "logger": "shippingservice"}
{"timestamp": "2026-08-17 17:46:44,691", "severity": "INFO", "message": "[GetQuote] item_count=9 → $31.99", "logger": "shippingservice"}
{"timestamp": "2026-08-17 17:46:44,691", "severity": "INFO", "message": "[GetQuote] completed request", "logger": "shippingservice"}
{"timestamp": "2026-08-17 17:46:44,691", "severity": "INFO", "message": "[ShipOrder] quote fetched | USD 31.99", "logger": "shippingservice"}
{"timestamp": "2026-08-17 17:46:44,700", "severity": "INFO", "message": "[MongoDB] Shipment persisted: shipping_id=68cc8964-2bd5-4fd9-9bdc-5bde104117e0, tracking_id=MO-15591963-EH", "logger": "shippingservice"}
{"timestamp": "2026-08-17 17:46:44,701", "severity": "INFO", "message": "[ShipOrder] completed request", "logger": "shippingservice"}
{"timestamp": "2026-08-17 17:46:44,758", "severity": "INFO", "message": "[GetQuote] received request", "logger": "shippingservice"}
{"timestamp": "2026-08-17 17:46:44,759", "severity": "INFO", "message": "[GetQuote] item_count=10 → $39.99", "logger": "shippingservice"}
{"timestamp": "2026-08-17 17:46:44,759", "severity": "INFO", "message": "[GetQuote] completed request", "logger": "shippingservice"}
{"timestamp": "2026-08-17 17:46:44,762", "severity": "INFO", "message": "[ShipOrder] received request", "logger": "shippingservice"}
{"timestamp": "2026-08-17 17:46:44,762", "severity": "INFO", "message": "[ShipOrder] base_address='134 Main St, Seattle, WA' → tracking_id=IE-41972881-KY", "logger": "shippingservice"}
{"timestamp": "2026-08-17 17:46:44,762", "severity": "INFO", "message": "[GetQuote] received request", "logger": "shippingservice"}
{"timestamp": "2026-08-17 17:46:44,763", "severity": "INFO", "message": "[GetQuote] item_count=10 → $39.99", "logger": "shippingservice"}
{"timestamp": "2026-08-17 17:46:44,763", "severity": "INFO", "message": "[GetQuote] completed request", "logger": "shippingservice"}
{"timestamp": "2026-08-17 17:46:44,763", "severity": "INFO", "message": "[ShipOrder] quote fetched | USD 39.99", "logger": "shippingservice"}
{"timestamp": "2026-08-17 17:46:44,772", "severity": "INFO", "message": "[MongoDB] Shipment persisted: shipping_id=dd8dd5fc-30a1-4f3b-8a11-96d6a4dc11f2, tracking_id=IE-41972881-KY", "logger": "shippingservice"}
{"timestamp": "2026-08-17 17:46:44,772", "severity": "INFO", "message": "[ShipOrder] completed request", "logger": "shippingservice"}
{"timestamp": "2026-08-17 17:46:44,834", "severity": "INFO", "message": "[GetQuote] received request", "logger": "shippingservice"}
{"timestamp": "2026-08-17 17:46:44,835", "severity": "INFO", "message": "[GetQuote] item_count=10 → $39.99", "logger": "shippingservice"}
{"timestamp": "2026-08-17 17:46:44,835", "severity": "INFO", "message": "[GetQuote] completed request", "logger": "shippingservice"}
{"timestamp": "2026-08-17 17:46:44,843", "severity": "INFO", "message": "[ShipOrder] received request", "logger": "shippingservice"}
{"timestamp": "2026-08-17 17:46:44,844", "severity": "INFO", "message": "[ShipOrder] base_address='134 Main St, Seattle, WA' → tracking_id=GU-41972881-SM", "logger": "shippingservice"}
{"timestamp": "2026-08-17 17:46:44,844", "severity": "INFO", "message": "[GetQuote] received request", "logger": "shippingservice"}
{"timestamp": "2026-08-17 17:46:44,844", "severity": "INFO", "message": "[GetQuote] item_count=10 → $39.99", "logger": "shippingservice"}
{"timestamp": "2026-08-17 17:46:44,844", "severity": "INFO", "message": "[GetQuote] completed request", "logger": "shippingservice"}
{"timestamp": "2026-08-17 17:46:44,844", "severity": "INFO", "message": "[ShipOrder] quote fetched | USD 39.99", "logger": "shippingservice"}
{"timestamp": "2026-08-17 17:46:44,853", "severity": "INFO", "message": "[MongoDB] Shipment persisted: shipping_id=84e082dc-a40e-47bc-a6f8-874ba501e3da, tracking_id=GU-41972881-SM", "logger": "shippingservice"}
{"timestamp": "2026-08-17 17:46:44,854", "severity": "INFO", "message": "[ShipOrder] completed request", "logger": "shippingservice"}
{"timestamp": "2026-08-17 17:46:44,912", "severity": "INFO", "message": "[GetQuote] received request", "logger": "shippingservice"}
{"timestamp": "2026-08-17 17:46:44,912", "severity": "INFO", "message": "[GetQuote] item_count=11 → $39.99", "logger": "shippingservice"}
{"timestamp": "2026-08-17 17:46:44,913", "severity": "INFO", "message": "[GetQuote] completed request", "logger": "shippingservice"}
{"timestamp": "2026-08-17 17:46:44,916", "severity": "INFO", "message": "[ShipOrder] received request", "logger": "shippingservice"}
{"timestamp": "2026-08-17 17:46:44,916", "severity": "INFO", "message": "[ShipOrder] base_address='135 Main St, Seattle, WA' → tracking_id=RJ-28996570-XE", "logger": "shippingservice"}
{"timestamp": "2026-08-17 17:46:44,916", "severity": "INFO", "message": "[GetQuote] received request", "logger": "shippingservice"}
{"timestamp": "2026-08-17 17:46:44,917", "severity": "INFO", "message": "[GetQuote] item_count=11 → $39.99", "logger": "shippingservice"}
{"timestamp": "2026-08-17 17:46:44,917", "severity": "INFO", "message": "[GetQuote] completed request", "logger": "shippingservice"}
{"timestamp": "2026-08-17 17:46:44,917", "severity": "INFO", "message": "[ShipOrder] quote fetched | USD 39.99", "logger": "shippingservice"}
{"timestamp": "2026-08-17 17:46:44,927", "severity": "INFO", "message": "[MongoDB] Shipment persisted: shipping_id=71fe63a8-7a69-4ad8-b39f-cc5158936f99, tracking_id=RJ-28996570-XE", "logger": "shippingservice"}
{"timestamp": "2026-08-17 17:46:44,927", "severity": "INFO", "message": "[ShipOrder] completed request", "logger": "shippingservice"}
{"timestamp": "2026-08-17 17:46:44,982", "severity": "INFO", "message": "[GetQuote] received request", "logger": "shippingservice"}
{"timestamp": "2026-08-17 17:46:44,983", "severity": "INFO", "message": "[GetQuote] item_count=11 → $39.99", "logger": "shippingservice"}
{"timestamp": "2026-08-17 17:46:44,983", "severity": "INFO", "message": "[GetQuote] completed request", "logger": "shippingservice"}
{"timestamp": "2026-08-17 17:46:44,985", "severity": "INFO", "message": "[ShipOrder] received request", "logger": "shippingservice"}
{"timestamp": "2026-08-17 17:46:44,985", "severity": "INFO", "message": "[ShipOrder] base_address='135 Main St, Seattle, WA' → tracking_id=WE-28996570-SK", "logger": "shippingservice"}
{"timestamp": "2026-08-17 17:46:44,986", "severity": "INFO", "message": "[GetQuote] received request", "logger": "shippingservice"}
{"timestamp": "2026-08-17 17:46:44,986", "severity": "INFO", "message": "[GetQuote] item_count=11 → $39.99", "logger": "shippingservice"}
{"timestamp": "2026-08-17 17:46:44,986", "severity": "INFO", "message": "[GetQuote] completed request", "logger": "shippingservice"}
{"timestamp": "2026-08-17 17:46:44,986", "severity": "INFO", "message": "[ShipOrder] quote fetched | USD 39.99", "logger": "shippingservice"}
{"timestamp": "2026-08-17 17:46:44,989", "severity": "INFO", "message": "[MongoDB] Shipment persisted: shipping_id=604907f9-f2dc-46fc-8f1e-9ec7d3fe4705, tracking_id=WE-28996570-SK", "logger": "shippingservice"}
{"timestamp": "2026-08-17 17:46:44,989", "severity": "INFO", "message": "[ShipOrder] completed request", "logger": "shippingservice"}
{"timestamp": "2026-08-17 17:46:45,042", "severity": "INFO", "message": "[GetQuote] received request", "logger": "shippingservice"}
{"timestamp": "2026-08-17 17:46:45,042", "severity": "INFO", "message": "[GetQuote] item_count=0 → $0.00", "logger": "shippingservice"}
{"timestamp": "2026-08-17 17:46:45,042", "severity": "INFO", "message": "[GetQuote] completed request", "logger": "shippingservice"}
{"timestamp": "2026-08-17 17:46:45,043", "severity": "INFO", "message": "[ShipOrder] received request", "logger": "shippingservice"}
{"timestamp": "2026-08-17 17:46:45,043", "severity": "INFO", "message": "[ShipOrder] base_address='136 Main St, Seattle, WA' → tracking_id=GF-65210195-OV", "logger": "shippingservice"}
{"timestamp": "2026-08-17 17:46:45,043", "severity": "INFO", "message": "[GetQuote] received request", "logger": "shippingservice"}
{"timestamp": "2026-08-17 17:46:45,044", "severity": "INFO", "message": "[GetQuote] item_count=0 → $0.00", "logger": "shippingservice"}
{"timestamp": "2026-08-17 17:46:45,044", "severity": "INFO", "message": "[GetQuote] completed request", "logger": "shippingservice"}
{"timestamp": "2026-08-17 17:46:45,044", "severity": "INFO", "message": "[ShipOrder] quote fetched | USD 0.00", "logger": "shippingservice"}
{"timestamp": "2026-08-17 17:46:45,047", "severity": "INFO", "message": "[MongoDB] Shipment persisted: shipping_id=4dd92525-840d-4ef5-8d8e-c90e2647b787, tracking_id=GF-65210195-OV", "logger": "shippingservice"}
{"timestamp": "2026-08-17 17:46:45,047", "severity": "INFO", "message": "[ShipOrder] completed request", "logger": "shippingservice"}
{"timestamp": "2026-08-17 17:46:45,107", "severity": "INFO", "message": "[GetQuote] received request", "logger": "shippingservice"}
{"timestamp": "2026-08-17 17:46:45,107", "severity": "INFO", "message": "[GetQuote] item_count=0 → $0.00", "logger": "shippingservice"}
{"timestamp": "2026-08-17 17:46:45,107", "severity": "INFO", "message": "[GetQuote] completed request", "logger": "shippingservice"}
{"timestamp": "2026-08-17 17:46:45,116", "severity": "INFO", "message": "[ShipOrder] received request", "logger": "shippingservice"}
{"timestamp": "2026-08-17 17:46:45,117", "severity": "INFO", "message": "[ShipOrder] base_address='136 Main St, Seattle, WA' → tracking_id=WQ-65210195-ST", "logger": "shippingservice"}
{"timestamp": "2026-08-17 17:46:45,117", "severity": "INFO", "message": "[GetQuote] received request", "logger": "shippingservice"}
{"timestamp": "2026-08-17 17:46:45,117", "severity": "INFO", "message": "[GetQuote] item_count=0 → $0.00", "logger": "shippingservice"}
{"timestamp": "2026-08-17 17:46:45,118", "severity": "INFO", "message": "[GetQuote] completed request", "logger": "shippingservice"}
{"timestamp": "2026-08-17 17:46:45,118", "severity": "INFO", "message": "[ShipOrder] quote fetched | USD 0.00", "logger": "shippingservice"}
{"timestamp": "2026-08-17 17:46:45,128", "severity": "INFO", "message": "[MongoDB] Shipment persisted: shipping_id=62d75086-0106-4e8d-8207-d8b956815d01, tracking_id=WQ-65210195-ST", "logger": "shippingservice"}
{"timestamp": "2026-08-17 17:46:45,128", "severity": "INFO", "message": "[ShipOrder] completed request", "logger": "shippingservice"}
{"timestamp": "2026-08-17 17:46:45,186", "severity": "INFO", "message": "[GetQuote] received request", "logger": "shippingservice"}
{"timestamp": "2026-08-17 17:46:45,186", "severity": "INFO", "message": "[GetQuote] item_count=1 → $8.99", "logger": "shippingservice"}
{"timestamp": "2026-08-17 17:46:45,186", "severity": "INFO", "message": "[GetQuote] completed request", "logger": "shippingservice"}
{"timestamp": "2026-08-17 17:46:45,189", "severity": "INFO", "message": "[ShipOrder] received request", "logger": "shippingservice"}
{"timestamp": "2026-08-17 17:46:45,189", "severity": "INFO", "message": "[ShipOrder] base_address='137 Main St, Seattle, WA' → tracking_id=AT-24158897-CZ", "logger": "shippingservice"}
{"timestamp": "2026-08-17 17:46:45,189", "severity": "INFO", "message": "[GetQuote] received request", "logger": "shippingservice"}
{"timestamp": "2026-08-17 17:46:45,190", "severity": "INFO", "message": "[GetQuote] item_count=1 → $8.99", "logger": "shippingservice"}
{"timestamp": "2026-08-17 17:46:45,190", "severity": "INFO", "message": "[GetQuote] completed request", "logger": "shippingservice"}
{"timestamp": "2026-08-17 17:46:45,190", "severity": "INFO", "message": "[ShipOrder] quote fetched | USD 8.99", "logger": "shippingservice"}
{"timestamp": "2026-08-17 17:46:45,198", "severity": "INFO", "message": "[MongoDB] Shipment persisted: shipping_id=cbfd3924-ed56-4228-b023-6a61a6b6bc16, tracking_id=AT-24158897-CZ", "logger": "shippingservice"}
{"timestamp": "2026-08-17 17:46:45,198", "severity": "INFO", "message": "[ShipOrder] completed request", "logger": "shippingservice"}
{"timestamp": "2026-08-17 17:46:45,261", "severity": "INFO", "message": "[GetQuote] received request", "logger": "shippingservice"}
{"timestamp": "2026-08-17 17:46:45,261", "severity": "INFO", "message": "[GetQuote] item_count=1 → $8.99", "logger": "shippingservice"}
{"timestamp": "2026-08-17 17:46:45,261", "severity": "INFO", "message": "[GetQuote] completed request", "logger": "shippingservice"}
{"timestamp": "2026-08-17 17:46:45,272", "severity": "INFO", "message": "[ShipOrder] received request", "logger": "shippingservice"}
{"timestamp": "2026-08-17 17:46:45,273", "severity": "INFO", "message": "[ShipOrder] base_address='137 Main St, Seattle, WA' → tracking_id=PU-24158897-WZ", "logger": "shippingservice"}
{"timestamp": "2026-08-17 17:46:45,273", "severity": "INFO", "message": "[GetQuote] received request", "logger": "shippingservice"}
{"timestamp": "2026-08-17 17:46:45,273", "severity": "INFO", "message": "[GetQuote] item_count=1 → $8.99", "logger": "shippingservice"}
{"timestamp": "2026-08-17 17:46:45,273", "severity": "INFO", "message": "[GetQuote] completed request", "logger": "shippingservice"}
{"timestamp": "2026-08-17 17:46:45,274", "severity": "INFO", "message": "[ShipOrder] quote fetched | USD 8.99", "logger": "shippingservice"}
{"timestamp": "2026-08-17 17:46:45,284", "severity": "INFO", "message": "[MongoDB] Shipment persisted: shipping_id=2717a6ac-5551-4f1b-bd28-7471a3d498ea, tracking_id=PU-24158897-WZ", "logger": "shippingservice"}
{"timestamp": "2026-08-17 17:46:45,284", "severity": "INFO", "message": "[ShipOrder] completed request", "logger": "shippingservice"}
{"timestamp": "2026-08-17 17:46:45,343", "severity": "INFO", "message": "[GetQuote] received request", "logger": "shippingservice"}
{"timestamp": "2026-08-17 17:46:45,343", "severity": "INFO", "message": "[GetQuote] item_count=2 → $8.99", "logger": "shippingservice"}
{"timestamp": "2026-08-17 17:46:45,344", "severity": "INFO", "message": "[GetQuote] completed request", "logger": "shippingservice"}
{"timestamp": "2026-08-17 17:46:45,347", "severity": "INFO", "message": "[ShipOrder] received request", "logger": "shippingservice"}
{"timestamp": "2026-08-17 17:46:45,348", "severity": "INFO", "message": "[ShipOrder] base_address='138 Main St, Seattle, WA' → tracking_id=VL-41117668-IJ", "logger": "shippingservice"}
{"timestamp": "2026-08-17 17:46:45,348", "severity": "INFO", "message": "[GetQuote] received request", "logger": "shippingservice"}
{"timestamp": "2026-08-17 17:46:45,348", "severity": "INFO", "message": "[GetQuote] item_count=2 → $8.99", "logger": "shippingservice"}
{"timestamp": "2026-08-17 17:46:45,349", "severity": "INFO", "message": "[GetQuote] completed request", "logger": "shippingservice"}
{"timestamp": "2026-08-17 17:46:45,349", "severity": "INFO", "message": "[ShipOrder] quote fetched | USD 8.99", "logger": "shippingservice"}
{"timestamp": "2026-08-17 17:46:45,358", "severity": "INFO", "message": "[MongoDB] Shipment persisted: shipping_id=bc72f1a8-4c52-4ed3-8ed4-86ee2939e212, tracking_id=VL-41117668-IJ", "logger": "shippingservice"}
{"timestamp": "2026-08-17 17:46:45,358", "severity": "INFO", "message": "[ShipOrder] completed request", "logger": "shippingservice"}
{"timestamp": "2026-08-17 17:46:45,414", "severity": "INFO", "message": "[GetQuote] received request", "logger": "shippingservice"}
{"timestamp": "2026-08-17 17:46:45,414", "severity": "INFO", "message": "[GetQuote] item_count=2 → $8.99", "logger": "shippingservice"}
{"timestamp": "2026-08-17 17:46:45,415", "severity": "INFO", "message": "[GetQuote] completed request", "logger": "shippingservice"}
{"timestamp": "2026-08-17 17:46:45,418", "severity": "INFO", "message": "[ShipOrder] received request", "logger": "shippingservice"}
{"timestamp": "2026-08-17 17:46:45,418", "severity": "INFO", "message": "[ShipOrder] base_address='138 Main St, Seattle, WA' → tracking_id=QP-41117668-MA", "logger": "shippingservice"}
{"timestamp": "2026-08-17 17:46:45,418", "severity": "INFO", "message": "[GetQuote] received request", "logger": "shippingservice"}
{"timestamp": "2026-08-17 17:46:45,418", "severity": "INFO", "message": "[GetQuote] item_count=2 → $8.99", "logger": "shippingservice"}
{"timestamp": "2026-08-17 17:46:45,418", "severity": "INFO", "message": "[GetQuote] completed request", "logger": "shippingservice"}
{"timestamp": "2026-08-17 17:46:45,418", "severity": "INFO", "message": "[ShipOrder] quote fetched | USD 8.99", "logger": "shippingservice"}
{"timestamp": "2026-08-17 17:46:45,422", "severity": "INFO", "message": "[MongoDB] Shipment persisted: shipping_id=6e2b547c-0912-42c7-bee7-2f0353fff14c, tracking_id=QP-41117668-MA", "logger": "shippingservice"}
{"timestamp": "2026-08-17 17:46:45,422", "severity": "INFO", "message": "[ShipOrder] completed request", "logger": "shippingservice"}
{"timestamp": "2026-08-17 17:46:45,479", "severity": "INFO", "message": "[GetQuote] received request", "logger": "shippingservice"}
{"timestamp": "2026-08-17 17:46:45,479", "severity": "INFO", "message": "[GetQuote] item_count=3 → $15.99", "logger": "shippingservice"}
{"timestamp": "2026-08-17 17:46:45,479", "severity": "INFO", "message": "[GetQuote] completed request", "logger": "shippingservice"}
{"timestamp": "2026-08-17 17:46:45,482", "severity": "INFO", "message": "[ShipOrder] received request", "logger": "shippingservice"}
{"timestamp": "2026-08-17 17:46:45,482", "severity": "INFO", "message": "[ShipOrder] base_address='139 Main St, Seattle, WA' → tracking_id=KH-66698970-UN", "logger": "shippingservice"}
{"timestamp": "2026-08-17 17:46:45,483", "severity": "INFO", "message": "[GetQuote] received request", "logger": "shippingservice"}
{"timestamp": "2026-08-17 17:46:45,483", "severity": "INFO", "message": "[GetQuote] item_count=3 → $15.99", "logger": "shippingservice"}
{"timestamp": "2026-08-17 17:46:45,483", "severity": "INFO", "message": "[GetQuote] completed request", "logger": "shippingservice"}
{"timestamp": "2026-08-17 17:46:45,483", "severity": "INFO", "message": "[ShipOrder] quote fetched | USD 15.99", "logger": "shippingservice"}
{"timestamp": "2026-08-17 17:46:45,491", "severity": "INFO", "message": "[MongoDB] Shipment persisted: shipping_id=fc7f0a9f-dcc2-40c8-9499-ace72fa54963, tracking_id=KH-66698970-UN", "logger": "shippingservice"}
{"timestamp": "2026-08-17 17:46:45,492", "severity": "INFO", "message": "[ShipOrder] completed request", "logger": "shippingservice"}
{"timestamp": "2026-08-17 17:46:45,554", "severity": "INFO", "message": "[GetQuote] received request", "logger": "shippingservice"}
{"timestamp": "2026-08-17 17:46:45,554", "severity": "INFO", "message": "[GetQuote] item_count=3 → $15.99", "logger": "shippingservice"}
{"timestamp": "2026-08-17 17:46:45,555", "severity": "INFO", "message": "[GetQuote] completed request", "logger": "shippingservice"}
{"timestamp": "2026-08-17 17:46:45,562", "severity": "INFO", "message": "[ShipOrder] received request", "logger": "shippingservice"}
{"timestamp": "2026-08-17 17:46:45,563", "severity": "INFO", "message": "[ShipOrder] base_address='139 Main St, Seattle, WA' → tracking_id=VH-66698970-VO", "logger": "shippingservice"}
{"timestamp": "2026-08-17 17:46:45,563", "severity": "INFO", "message": "[GetQuote] received request", "logger": "shippingservice"}
{"timestamp": "2026-08-17 17:46:45,563", "severity": "INFO", "message": "[GetQuote] item_count=3 → $15.99", "logger": "shippingservice"}
{"timestamp": "2026-08-17 17:46:45,564", "severity": "INFO", "message": "[GetQuote] completed request", "logger": "shippingservice"}
{"timestamp": "2026-08-17 17:46:45,564", "severity": "INFO", "message": "[ShipOrder] quote fetched | USD 15.99", "logger": "shippingservice"}
{"timestamp": "2026-08-17 17:46:45,572", "severity": "INFO", "message": "[MongoDB] Shipment persisted: shipping_id=99be5b75-399d-426d-ab2a-40623ba00598, tracking_id=VH-66698970-VO", "logger": "shippingservice"}
{"timestamp": "2026-08-17 17:46:45,573", "severity": "INFO", "message": "[ShipOrder] completed request", "logger": "shippingservice"}
{"timestamp": "2026-08-17 17:46:45,631", "severity": "INFO", "message": "[GetQuote] received request", "logger": "shippingservice"}
{"timestamp": "2026-08-17 17:46:45,631", "severity": "INFO", "message": "[GetQuote] item_count=4 → $15.99", "logger": "shippingservice"}
{"timestamp": "2026-08-17 17:46:45,632", "severity": "INFO", "message": "[GetQuote] completed request", "logger": "shippingservice"}
{"timestamp": "2026-08-17 17:46:45,634", "severity": "INFO", "message": "[ShipOrder] received request", "logger": "shippingservice"}
{"timestamp": "2026-08-17 17:46:45,635", "severity": "INFO", "message": "[ShipOrder] base_address='140 Main St, Seattle, WA' → tracking_id=MG-54713184-JI", "logger": "shippingservice"}
{"timestamp": "2026-08-17 17:46:45,635", "severity": "INFO", "message": "[GetQuote] received request", "logger": "shippingservice"}
{"timestamp": "2026-08-17 17:46:45,635", "severity": "INFO", "message": "[GetQuote] item_count=4 → $15.99", "logger": "shippingservice"}
{"timestamp": "2026-08-17 17:46:45,636", "severity": "INFO", "message": "[GetQuote] completed request", "logger": "shippingservice"}
{"timestamp": "2026-08-17 17:46:45,636", "severity": "INFO", "message": "[ShipOrder] quote fetched | USD 15.99", "logger": "shippingservice"}
{"timestamp": "2026-08-17 17:46:45,645", "severity": "INFO", "message": "[MongoDB] Shipment persisted: shipping_id=3ea5fe78-14d4-47f9-8f7e-c31ba7a50a70, tracking_id=MG-54713184-JI", "logger": "shippingservice"}
{"timestamp": "2026-08-17 17:46:45,645", "severity": "INFO", "message": "[ShipOrder] completed request", "logger": "shippingservice"}
{"timestamp": "2026-08-17 17:46:45,707", "severity": "INFO", "message": "[GetQuote] received request", "logger": "shippingservice"}
{"timestamp": "2026-08-17 17:46:45,707", "severity": "INFO", "message": "[GetQuote] item_count=4 → $15.99", "logger": "shippingservice"}
{"timestamp": "2026-08-17 17:46:45,707", "severity": "INFO", "message": "[GetQuote] completed request", "logger": "shippingservice"}
{"timestamp": "2026-08-17 17:46:45,715", "severity": "INFO", "message": "[ShipOrder] received request", "logger": "shippingservice"}
{"timestamp": "2026-08-17 17:46:45,716", "severity": "INFO", "message": "[ShipOrder] base_address='140 Main St, Seattle, WA' → tracking_id=FW-54713184-DC", "logger": "shippingservice"}
{"timestamp": "2026-08-17 17:46:45,716", "severity": "INFO", "message": "[GetQuote] received request", "logger": "shippingservice"}
{"timestamp": "2026-08-17 17:46:45,716", "severity": "INFO", "message": "[GetQuote] item_count=4 → $15.99", "logger": "shippingservice"}
{"timestamp": "2026-08-17 17:46:45,717", "severity": "INFO", "message": "[GetQuote] completed request", "logger": "shippingservice"}
{"timestamp": "2026-08-17 17:46:45,717", "severity": "INFO", "message": "[ShipOrder] quote fetched | USD 15.99", "logger": "shippingservice"}
{"timestamp": "2026-08-17 17:46:45,726", "severity": "INFO", "message": "[MongoDB] Shipment persisted: shipping_id=cefc7642-313f-4495-adf5-3927ae9faba1, tracking_id=FW-54713184-DC", "logger": "shippingservice"}
{"timestamp": "2026-08-17 17:46:45,726", "severity": "INFO", "message": "[ShipOrder] completed request", "logger": "shippingservice"}
{"timestamp": "2026-08-17 17:46:45,784", "severity": "INFO", "message": "[GetQuote] received request", "logger": "shippingservice"}
{"timestamp": "2026-08-17 17:46:45,784", "severity": "INFO", "message": "[GetQuote] item_count=5 → $23.99", "logger": "shippingservice"}
{"timestamp": "2026-08-17 17:46:45,785", "severity": "INFO", "message": "[GetQuote] completed request", "logger": "shippingservice"}
{"timestamp": "2026-08-17 17:46:45,787", "severity": "INFO", "message": "[ShipOrder] received request", "logger": "shippingservice"}
{"timestamp": "2026-08-17 17:46:45,788", "severity": "INFO", "message": "[ShipOrder] base_address='141 Main St, Seattle, WA' → tracking_id=MB-76425167-QT", "logger": "shippingservice"}
{"timestamp": "2026-08-17 17:46:45,788", "severity": "INFO", "message": "[GetQuote] received request", "logger": "shippingservice"}
{"timestamp": "2026-08-17 17:46:45,788", "severity": "INFO", "message": "[GetQuote] item_count=5 → $23.99", "logger": "shippingservice"}
{"timestamp": "2026-08-17 17:46:45,788", "severity": "INFO", "message": "[GetQuote] completed request", "logger": "shippingservice"}
{"timestamp": "2026-08-17 17:46:45,789", "severity": "INFO", "message": "[ShipOrder] quote fetched | USD 23.99", "logger": "shippingservice"}
{"timestamp": "2026-08-17 17:46:45,798", "severity": "INFO", "message": "[MongoDB] Shipment persisted: shipping_id=4e763a00-6ce1-4baa-8419-f0d5d01f9bdb, tracking_id=MB-76425167-QT", "logger": "shippingservice"}
{"timestamp": "2026-08-17 17:46:45,798", "severity": "INFO", "message": "[ShipOrder] completed request", "logger": "shippingservice"}
{"timestamp": "2026-08-17 17:46:45,860", "severity": "INFO", "message": "[GetQuote] received request", "logger": "shippingservice"}
{"timestamp": "2026-08-17 17:46:45,860", "severity": "INFO", "message": "[GetQuote] item_count=5 → $23.99", "logger": "shippingservice"}
{"timestamp": "2026-08-17 17:46:45,860", "severity": "INFO", "message": "[GetQuote] completed request", "logger": "shippingservice"}
{"timestamp": "2026-08-17 17:46:45,868", "severity": "INFO", "message": "[ShipOrder] received request", "logger": "shippingservice"}
{"timestamp": "2026-08-17 17:46:45,869", "severity": "INFO", "message": "[ShipOrder] base_address='141 Main St, Seattle, WA' → tracking_id=CA-76425167-KD", "logger": "shippingservice"}
{"timestamp": "2026-08-17 17:46:45,869", "severity": "INFO", "message": "[GetQuote] received request", "logger": "shippingservice"}
{"timestamp": "2026-08-17 17:46:45,869", "severity": "INFO", "message": "[GetQuote] item_count=5 → $23.99", "logger": "shippingservice"}
{"timestamp": "2026-08-17 17:46:45,870", "severity": "INFO", "message": "[GetQuote] completed request", "logger": "shippingservice"}
{"timestamp": "2026-08-17 17:46:45,870", "severity": "INFO", "message": "[ShipOrder] quote fetched | USD 23.99", "logger": "shippingservice"}
{"timestamp": "2026-08-17 17:46:45,878", "severity": "INFO", "message": "[MongoDB] Shipment persisted: shipping_id=1be6f112-56f6-4c3e-a176-2cdb00a14889, tracking_id=CA-76425167-KD", "logger": "shippingservice"}
{"timestamp": "2026-08-17 17:46:45,878", "severity": "INFO", "message": "[ShipOrder] completed request", "logger": "shippingservice"}
{"timestamp": "2026-08-17 17:46:45,936", "severity": "INFO", "message": "[GetQuote] received request", "logger": "shippingservice"}
{"timestamp": "2026-08-17 17:46:45,936", "severity": "INFO", "message": "[GetQuote] item_count=6 → $23.99", "logger": "shippingservice"}
{"timestamp": "2026-08-17 17:46:45,936", "severity": "INFO", "message": "[GetQuote] completed request", "logger": "shippingservice"}
{"timestamp": "2026-08-17 17:46:45,939", "severity": "INFO", "message": "[ShipOrder] received request", "logger": "shippingservice"}
{"timestamp": "2026-08-17 17:46:45,940", "severity": "INFO", "message": "[ShipOrder] base_address='142 Main St, Seattle, WA' → tracking_id=GB-73985992-WB", "logger": "shippingservice"}
{"timestamp": "2026-08-17 17:46:45,940", "severity": "INFO", "message": "[GetQuote] received request", "logger": "shippingservice"}
{"timestamp": "2026-08-17 17:46:45,940", "severity": "INFO", "message": "[GetQuote] item_count=6 → $23.99", "logger": "shippingservice"}
{"timestamp": "2026-08-17 17:46:45,940", "severity": "INFO", "message": "[GetQuote] completed request", "logger": "shippingservice"}
{"timestamp": "2026-08-17 17:46:45,940", "severity": "INFO", "message": "[ShipOrder] quote fetched | USD 23.99", "logger": "shippingservice"}
{"timestamp": "2026-08-17 17:46:45,949", "severity": "INFO", "message": "[MongoDB] Shipment persisted: shipping_id=2ef64e64-94c0-4643-8f20-d0b8ac06ff27, tracking_id=GB-73985992-WB", "logger": "shippingservice"}
{"timestamp": "2026-08-17 17:46:45,949", "severity": "INFO", "message": "[ShipOrder] completed request", "logger": "shippingservice"}
{"timestamp": "2026-08-17 17:46:46,015", "severity": "INFO", "message": "[GetQuote] received request", "logger": "shippingservice"}
{"timestamp": "2026-08-17 17:46:46,015", "severity": "INFO", "message": "[GetQuote] item_count=6 → $23.99", "logger": "shippingservice"}
{"timestamp": "2026-08-17 17:46:46,015", "severity": "INFO", "message": "[GetQuote] completed request", "logger": "shippingservice"}
{"timestamp": "2026-08-17 17:46:46,023", "severity": "INFO", "message": "[ShipOrder] received request", "logger": "shippingservice"}
{"timestamp": "2026-08-17 17:46:46,023", "severity": "INFO", "message": "[ShipOrder] base_address='142 Main St, Seattle, WA' → tracking_id=JD-73985992-VO", "logger": "shippingservice"}
{"timestamp": "2026-08-17 17:46:46,023", "severity": "INFO", "message": "[GetQuote] received request", "logger": "shippingservice"}
{"timestamp": "2026-08-17 17:46:46,023", "severity": "INFO", "message": "[GetQuote] item_count=6 → $23.99", "logger": "shippingservice"}
{"timestamp": "2026-08-17 17:46:46,023", "severity": "INFO", "message": "[GetQuote] completed request", "logger": "shippingservice"}
{"timestamp": "2026-08-17 17:46:46,024", "severity": "INFO", "message": "[ShipOrder] quote fetched | USD 23.99", "logger": "shippingservice"}
{"timestamp": "2026-08-17 17:46:46,029", "severity": "INFO", "message": "[MongoDB] Shipment persisted: shipping_id=d76c8e7f-aa94-4517-94e3-c49eb510add3, tracking_id=JD-73985992-VO", "logger": "shippingservice"}
{"timestamp": "2026-08-17 17:46:46,029", "severity": "INFO", "message": "[ShipOrder] completed request", "logger": "shippingservice"}
{"timestamp": "2026-08-17 17:46:46,083", "severity": "INFO", "message": "[GetQuote] received request", "logger": "shippingservice"}
{"timestamp": "2026-08-17 17:46:46,083", "severity": "INFO", "message": "[GetQuote] item_count=7 → $23.99", "logger": "shippingservice"}
{"timestamp": "2026-08-17 17:46:46,083", "severity": "INFO", "message": "[GetQuote] completed request", "logger": "shippingservice"}
{"timestamp": "2026-08-17 17:46:46,085", "severity": "INFO", "message": "[ShipOrder] received request", "logger": "shippingservice"}
{"timestamp": "2026-08-17 17:46:46,085", "severity": "INFO", "message": "[ShipOrder] base_address='143 Main St, Seattle, WA' → tracking_id=YO-85909797-UM", "logger": "shippingservice"}
{"timestamp": "2026-08-17 17:46:46,085", "severity": "INFO", "message": "[GetQuote] received request", "logger": "shippingservice"}
{"timestamp": "2026-08-17 17:46:46,086", "severity": "INFO", "message": "[GetQuote] item_count=7 → $23.99", "logger": "shippingservice"}
{"timestamp": "2026-08-17 17:46:46,086", "severity": "INFO", "message": "[GetQuote] completed request", "logger": "shippingservice"}
{"timestamp": "2026-08-17 17:46:46,086", "severity": "INFO", "message": "[ShipOrder] quote fetched | USD 23.99", "logger": "shippingservice"}
{"timestamp": "2026-08-17 17:46:46,093", "severity": "INFO", "message": "[MongoDB] Shipment persisted: shipping_id=42bc5153-9679-4a92-a616-d9cdb2903403, tracking_id=YO-85909797-UM", "logger": "shippingservice"}
{"timestamp": "2026-08-17 17:46:46,093", "severity": "INFO", "message": "[ShipOrder] completed request", "logger": "shippingservice"}
{"timestamp": "2026-08-17 17:46:46,152", "severity": "INFO", "message": "[GetQuote] received request", "logger": "shippingservice"}
{"timestamp": "2026-08-17 17:46:46,152", "severity": "INFO", "message": "[GetQuote] item_count=7 → $23.99", "logger": "shippingservice"}
{"timestamp": "2026-08-17 17:46:46,153", "severity": "INFO", "message": "[GetQuote] completed request", "logger": "shippingservice"}
{"timestamp": "2026-08-17 17:46:46,161", "severity": "INFO", "message": "[ShipOrder] received request", "logger": "shippingservice"}
{"timestamp": "2026-08-17 17:46:46,161", "severity": "INFO", "message": "[ShipOrder] base_address='143 Main St, Seattle, WA' → tracking_id=ZL-85909797-NQ", "logger": "shippingservice"}
{"timestamp": "2026-08-17 17:46:46,161", "severity": "INFO", "message": "[GetQuote] received request", "logger": "shippingservice"}
{"timestamp": "2026-08-17 17:46:46,162", "severity": "INFO", "message": "[GetQuote] item_count=7 → $23.99", "logger": "shippingservice"}
{"timestamp": "2026-08-17 17:46:46,162", "severity": "INFO", "message": "[GetQuote] completed request", "logger": "shippingservice"}
{"timestamp": "2026-08-17 17:46:46,162", "severity": "INFO", "message": "[ShipOrder] quote fetched | USD 23.99", "logger": "shippingservice"}
{"timestamp": "2026-08-17 17:46:46,170", "severity": "INFO", "message": "[MongoDB] Shipment persisted: shipping_id=d3034ad3-216c-40a3-b334-fb27656c2049, tracking_id=ZL-85909797-NQ", "logger": "shippingservice"}
{"timestamp": "2026-08-17 17:46:46,170", "severity": "INFO", "message": "[ShipOrder] completed request", "logger": "shippingservice"}
{"timestamp": "2026-08-17 17:46:46,229", "severity": "INFO", "message": "[GetQuote] received request", "logger": "shippingservice"}
{"timestamp": "2026-08-17 17:46:46,229", "severity": "INFO", "message": "[GetQuote] item_count=8 → $31.99", "logger": "shippingservice"}
{"timestamp": "2026-08-17 17:46:46,229", "severity": "INFO", "message": "[GetQuote] completed request", "logger": "shippingservice"}
{"timestamp": "2026-08-17 17:46:46,232", "severity": "INFO", "message": "[ShipOrder] received request", "logger": "shippingservice"}
{"timestamp": "2026-08-17 17:46:46,232", "severity": "INFO", "message": "[ShipOrder] base_address='144 Main St, Seattle, WA' → tracking_id=CJ-25056608-AK", "logger": "shippingservice"}
{"timestamp": "2026-08-17 17:46:46,233", "severity": "INFO", "message": "[GetQuote] received request", "logger": "shippingservice"}
{"timestamp": "2026-08-17 17:46:46,233", "severity": "INFO", "message": "[GetQuote] item_count=8 → $31.99", "logger": "shippingservice"}
{"timestamp": "2026-08-17 17:46:46,233", "severity": "INFO", "message": "[GetQuote] completed request", "logger": "shippingservice"}
{"timestamp": "2026-08-17 17:46:46,233", "severity": "INFO", "message": "[ShipOrder] quote fetched | USD 31.99", "logger": "shippingservice"}
{"timestamp": "2026-08-17 17:46:46,242", "severity": "INFO", "message": "[MongoDB] Shipment persisted: shipping_id=7171d7c1-dd8b-4cb5-b1bf-422c720f0b6a, tracking_id=CJ-25056608-AK", "logger": "shippingservice"}
{"timestamp": "2026-08-17 17:46:46,242", "severity": "INFO", "message": "[ShipOrder] completed request", "logger": "shippingservice"}
{"timestamp": "2026-08-17 17:46:46,304", "severity": "INFO", "message": "[GetQuote] received request", "logger": "shippingservice"}
{"timestamp": "2026-08-17 17:46:46,305", "severity": "INFO", "message": "[GetQuote] item_count=8 → $31.99", "logger": "shippingservice"}
{"timestamp": "2026-08-17 17:46:46,305", "severity": "INFO", "message": "[GetQuote] completed request", "logger": "shippingservice"}
{"timestamp": "2026-08-17 17:46:46,313", "severity": "INFO", "message": "[ShipOrder] received request", "logger": "shippingservice"}
{"timestamp": "2026-08-17 17:46:46,313", "severity": "INFO", "message": "[ShipOrder] base_address='144 Main St, Seattle, WA' → tracking_id=LR-25056608-WP", "logger": "shippingservice"}
{"timestamp": "2026-08-17 17:46:46,313", "severity": "INFO", "message": "[GetQuote] received request", "logger": "shippingservice"}
{"timestamp": "2026-08-17 17:46:46,314", "severity": "INFO", "message": "[GetQuote] item_count=8 → $31.99", "logger": "shippingservice"}
{"timestamp": "2026-08-17 17:46:46,314", "severity": "INFO", "message": "[GetQuote] completed request", "logger": "shippingservice"}
{"timestamp": "2026-08-17 17:46:46,314", "severity": "INFO", "message": "[ShipOrder] quote fetched | USD 31.99", "logger": "shippingservice"}
{"timestamp": "2026-08-17 17:46:46,323", "severity": "INFO", "message": "[MongoDB] Shipment persisted: shipping_id=87073696-4cda-42ff-b1f4-42d64583b984, tracking_id=LR-25056608-WP", "logger": "shippingservice"}
{"timestamp": "2026-08-17 17:46:46,323", "severity": "INFO", "message": "[ShipOrder] completed request", "logger": "shippingservice"}
{"timestamp": "2026-08-17 17:46:46,381", "severity": "INFO", "message": "[GetQuote] received request", "logger": "shippingservice"}
{"timestamp": "2026-08-17 17:46:46,381", "severity": "INFO", "message": "[GetQuote] item_count=9 → $31.99", "logger": "shippingservice"}
{"timestamp": "2026-08-17 17:46:46,381", "severity": "INFO", "message": "[GetQuote] completed request", "logger": "shippingservice"}
{"timestamp": "2026-08-17 17:46:46,384", "severity": "INFO", "message": "[ShipOrder] received request", "logger": "shippingservice"}
{"timestamp": "2026-08-17 17:46:46,384", "severity": "INFO", "message": "[ShipOrder] base_address='145 Main St, Seattle, WA' → tracking_id=RD-56988336-NK", "logger": "shippingservice"}
{"timestamp": "2026-08-17 17:46:46,385", "severity": "INFO", "message": "[GetQuote] received request", "logger": "shippingservice"}
{"timestamp": "2026-08-17 17:46:46,385", "severity": "INFO", "message": "[GetQuote] item_count=9 → $31.99", "logger": "shippingservice"}
{"timestamp": "2026-08-17 17:46:46,385", "severity": "INFO", "message": "[GetQuote] completed request", "logger": "shippingservice"}
{"timestamp": "2026-08-17 17:46:46,385", "severity": "INFO", "message": "[ShipOrder] quote fetched | USD 31.99", "logger": "shippingservice"}
{"timestamp": "2026-08-17 17:46:46,394", "severity": "INFO", "message": "[MongoDB] Shipment persisted: shipping_id=4dcbd254-3668-44d2-b44c-4b2a5c54e03c, tracking_id=RD-56988336-NK", "logger": "shippingservice"}
{"timestamp": "2026-08-17 17:46:46,394", "severity": "INFO", "message": "[ShipOrder] completed request", "logger": "shippingservice"}
{"timestamp": "2026-08-17 17:46:46,456", "severity": "INFO", "message": "[GetQuote] received request", "logger": "shippingservice"}
{"timestamp": "2026-08-17 17:46:46,456", "severity": "INFO", "message": "[GetQuote] item_count=9 → $31.99", "logger": "shippingservice"}
{"timestamp": "2026-08-17 17:46:46,456", "severity": "INFO", "message": "[GetQuote] completed request", "logger": "shippingservice"}
{"timestamp": "2026-08-17 17:46:46,464", "severity": "INFO", "message": "[ShipOrder] received request", "logger": "shippingservice"}
{"timestamp": "2026-08-17 17:46:46,464", "severity": "INFO", "message": "[ShipOrder] base_address='145 Main St, Seattle, WA' → tracking_id=MT-56988336-GL", "logger": "shippingservice"}
{"timestamp": "2026-08-17 17:46:46,465", "severity": "INFO", "message": "[GetQuote] received request", "logger": "shippingservice"}
{"timestamp": "2026-08-17 17:46:46,465", "severity": "INFO", "message": "[GetQuote] item_count=9 → $31.99", "logger": "shippingservice"}
{"timestamp": "2026-08-17 17:46:46,465", "severity": "INFO", "message": "[GetQuote] completed request", "logger": "shippingservice"}
{"timestamp": "2026-08-17 17:46:46,465", "severity": "INFO", "message": "[ShipOrder] quote fetched | USD 31.99", "logger": "shippingservice"}
{"timestamp": "2026-08-17 17:46:46,473", "severity": "INFO", "message": "[MongoDB] Shipment persisted: shipping_id=3c370e2b-ff36-450f-bbbd-dcdce20c5033, tracking_id=MT-56988336-GL", "logger": "shippingservice"}
{"timestamp": "2026-08-17 17:46:46,474", "severity": "INFO", "message": "[ShipOrder] completed request", "logger": "shippingservice"}
{"timestamp": "2026-08-17 17:46:46,531", "severity": "INFO", "message": "[GetQuote] received request", "logger": "shippingservice"}
{"timestamp": "2026-08-17 17:46:46,531", "severity": "INFO", "message": "[GetQuote] item_count=10 → $39.99", "logger": "shippingservice"}
{"timestamp": "2026-08-17 17:46:46,532", "severity": "INFO", "message": "[GetQuote] completed request", "logger": "shippingservice"}
{"timestamp": "2026-08-17 17:46:46,534", "severity": "INFO", "message": "[ShipOrder] received request", "logger": "shippingservice"}
{"timestamp": "2026-08-17 17:46:46,535", "severity": "INFO", "message": "[ShipOrder] base_address='146 Main St, Seattle, WA' → tracking_id=RG-65717459-DO", "logger": "shippingservice"}
{"timestamp": "2026-08-17 17:46:46,535", "severity": "INFO", "message": "[GetQuote] received request", "logger": "shippingservice"}
{"timestamp": "2026-08-17 17:46:46,535", "severity": "INFO", "message": "[GetQuote] item_count=10 → $39.99", "logger": "shippingservice"}
{"timestamp": "2026-08-17 17:46:46,535", "severity": "INFO", "message": "[GetQuote] completed request", "logger": "shippingservice"}
{"timestamp": "2026-08-17 17:46:46,535", "severity": "INFO", "message": "[ShipOrder] quote fetched | USD 39.99", "logger": "shippingservice"}
{"timestamp": "2026-08-17 17:46:46,544", "severity": "INFO", "message": "[MongoDB] Shipment persisted: shipping_id=1e2155f5-8bf8-4077-af4c-54d371060e2d, tracking_id=RG-65717459-DO", "logger": "shippingservice"}
{"timestamp": "2026-08-17 17:46:46,545", "severity": "INFO", "message": "[ShipOrder] completed request", "logger": "shippingservice"}
{"timestamp": "2026-08-17 17:46:46,606", "severity": "INFO", "message": "[GetQuote] received request", "logger": "shippingservice"}
{"timestamp": "2026-08-17 17:46:46,606", "severity": "INFO", "message": "[GetQuote] item_count=10 → $39.99", "logger": "shippingservice"}
{"timestamp": "2026-08-17 17:46:46,606", "severity": "INFO", "message": "[GetQuote] completed request", "logger": "shippingservice"}
{"timestamp": "2026-08-17 17:46:46,614", "severity": "INFO", "message": "[ShipOrder] received request", "logger": "shippingservice"}
{"timestamp": "2026-08-17 17:46:46,615", "severity": "INFO", "message": "[ShipOrder] base_address='146 Main St, Seattle, WA' → tracking_id=TQ-65717459-UG", "logger": "shippingservice"}
{"timestamp": "2026-08-17 17:46:46,615", "severity": "INFO", "message": "[GetQuote] received request", "logger": "shippingservice"}
{"timestamp": "2026-08-17 17:46:46,615", "severity": "INFO", "message": "[GetQuote] item_count=10 → $39.99", "logger": "shippingservice"}
{"timestamp": "2026-08-17 17:46:46,615", "severity": "INFO", "message": "[GetQuote] completed request", "logger": "shippingservice"}
{"timestamp": "2026-08-17 17:46:46,616", "severity": "INFO", "message": "[ShipOrder] quote fetched | USD 39.99", "logger": "shippingservice"}
{"timestamp": "2026-08-17 17:46:46,625", "severity": "INFO", "message": "[MongoDB] Shipment persisted: shipping_id=1ddc1fd3-2c0c-46a6-abb1-376384b5f65d, tracking_id=TQ-65717459-UG", "logger": "shippingservice"}
{"timestamp": "2026-08-17 17:46:46,625", "severity": "INFO", "message": "[ShipOrder] completed request", "logger": "shippingservice"}
{"timestamp": "2026-08-17 17:46:46,683", "severity": "INFO", "message": "[GetQuote] received request", "logger": "shippingservice"}
{"timestamp": "2026-08-17 17:46:46,684", "severity": "INFO", "message": "[GetQuote] item_count=11 → $39.99", "logger": "shippingservice"}
{"timestamp": "2026-08-17 17:46:46,684", "severity": "INFO", "message": "[GetQuote] completed request", "logger": "shippingservice"}
{"timestamp": "2026-08-17 17:46:46,686", "severity": "INFO", "message": "[ShipOrder] received request", "logger": "shippingservice"}
{"timestamp": "2026-08-17 17:46:46,687", "severity": "INFO", "message": "[ShipOrder] base_address='147 Main St, Seattle, WA' → tracking_id=WJ-01645637-BX", "logger": "shippingservice"}
{"timestamp": "2026-08-17 17:46:46,687", "severity": "INFO", "message": "[GetQuote] received request", "logger": "shippingservice"}
{"timestamp": "2026-08-17 17:46:46,687", "severity": "INFO", "message": "[GetQuote] item_count=11 → $39.99", "logger": "shippingservice"}
{"timestamp": "2026-08-17 17:46:46,687", "severity": "INFO", "message": "[GetQuote] completed request", "logger": "shippingservice"}
{"timestamp": "2026-08-17 17:46:46,687", "severity": "INFO", "message": "[ShipOrder] quote fetched | USD 39.99", "logger": "shippingservice"}
{"timestamp": "2026-08-17 17:46:46,697", "severity": "INFO", "message": "[MongoDB] Shipment persisted: shipping_id=afc28802-a442-4309-b34c-ce31b4fe017c, tracking_id=WJ-01645637-BX", "logger": "shippingservice"}
{"timestamp": "2026-08-17 17:46:46,697", "severity": "INFO", "message": "[ShipOrder] completed request", "logger": "shippingservice"}
{"timestamp": "2026-08-17 17:46:46,759", "severity": "INFO", "message": "[GetQuote] received request", "logger": "shippingservice"}
{"timestamp": "2026-08-17 17:46:46,759", "severity": "INFO", "message": "[GetQuote] item_count=11 → $39.99", "logger": "shippingservice"}
{"timestamp": "2026-08-17 17:46:46,759", "severity": "INFO", "message": "[GetQuote] completed request", "logger": "shippingservice"}
{"timestamp": "2026-08-17 17:46:46,767", "severity": "INFO", "message": "[ShipOrder] received request", "logger": "shippingservice"}
{"timestamp": "2026-08-17 17:46:46,768", "severity": "INFO", "message": "[ShipOrder] base_address='147 Main St, Seattle, WA' → tracking_id=SX-01645637-YK", "logger": "shippingservice"}
{"timestamp": "2026-08-17 17:46:46,768", "severity": "INFO", "message": "[GetQuote] received request", "logger": "shippingservice"}
{"timestamp": "2026-08-17 17:46:46,768", "severity": "INFO", "message": "[GetQuote] item_count=11 → $39.99", "logger": "shippingservice"}
{"timestamp": "2026-08-17 17:46:46,768", "severity": "INFO", "message": "[GetQuote] completed request", "logger": "shippingservice"}
{"timestamp": "2026-08-17 17:46:46,769", "severity": "INFO", "message": "[ShipOrder] quote fetched | USD 39.99", "logger": "shippingservice"}
{"timestamp": "2026-08-17 17:46:46,778", "severity": "INFO", "message": "[MongoDB] Shipment persisted: shipping_id=60b8792e-ae6a-4896-a8b3-57e63e3378f8, tracking_id=SX-01645637-YK", "logger": "shippingservice"}
{"timestamp": "2026-08-17 17:46:46,778", "severity": "INFO", "message": "[ShipOrder] completed request", "logger": "shippingservice"}
{"timestamp": "2026-08-17 17:46:46,836", "severity": "INFO", "message": "[GetQuote] received request", "logger": "shippingservice"}
{"timestamp": "2026-08-17 17:46:46,836", "severity": "INFO", "message": "[GetQuote] item_count=0 → $0.00", "logger": "shippingservice"}
{"timestamp": "2026-08-17 17:46:46,837", "severity": "INFO", "message": "[GetQuote] completed request", "logger": "shippingservice"}
{"timestamp": "2026-08-17 17:46:46,839", "severity": "INFO", "message": "[ShipOrder] received request", "logger": "shippingservice"}
{"timestamp": "2026-08-17 17:46:46,840", "severity": "INFO", "message": "[ShipOrder] base_address='148 Main St, Seattle, WA' → tracking_id=JY-46295228-JF", "logger": "shippingservice"}
{"timestamp": "2026-08-17 17:46:46,840", "severity": "INFO", "message": "[GetQuote] received request", "logger": "shippingservice"}
{"timestamp": "2026-08-17 17:46:46,840", "severity": "INFO", "message": "[GetQuote] item_count=0 → $0.00", "logger": "shippingservice"}
{"timestamp": "2026-08-17 17:46:46,841", "severity": "INFO", "message": "[GetQuote] completed request", "logger": "shippingservice"}
{"timestamp": "2026-08-17 17:46:46,841", "severity": "INFO", "message": "[ShipOrder] quote fetched | USD 0.00", "logger": "shippingservice"}
{"timestamp": "2026-08-17 17:46:46,849", "severity": "INFO", "message": "[MongoDB] Shipment persisted: shipping_id=1dbac775-97f7-42d7-bcee-8de58e1d5d69, tracking_id=JY-46295228-JF", "logger": "shippingservice"}
{"timestamp": "2026-08-17 17:46:46,850", "severity": "INFO", "message": "[ShipOrder] completed request", "logger": "shippingservice"}
{"timestamp": "2026-08-17 17:46:46,912", "severity": "INFO", "message": "[GetQuote] received request", "logger": "shippingservice"}
{"timestamp": "2026-08-17 17:46:46,912", "severity": "INFO", "message": "[GetQuote] item_count=0 → $0.00", "logger": "shippingservice"}
{"timestamp": "2026-08-17 17:46:46,912", "severity": "INFO", "message": "[GetQuote] completed request", "logger": "shippingservice"}
{"timestamp": "2026-08-17 17:46:46,920", "severity": "INFO", "message": "[ShipOrder] received request", "logger": "shippingservice"}
{"timestamp": "2026-08-17 17:46:46,921", "severity": "INFO", "message": "[ShipOrder] base_address='148 Main St, Seattle, WA' → tracking_id=XS-46295228-PZ", "logger": "shippingservice"}
{"timestamp": "2026-08-17 17:46:46,921", "severity": "INFO", "message": "[GetQuote] received request", "logger": "shippingservice"}
{"timestamp": "2026-08-17 17:46:46,921", "severity": "INFO", "message": "[GetQuote] item_count=0 → $0.00", "logger": "shippingservice"}
{"timestamp": "2026-08-17 17:46:46,921", "severity": "INFO", "message": "[GetQuote] completed request", "logger": "shippingservice"}
{"timestamp": "2026-08-17 17:46:46,921", "severity": "INFO", "message": "[ShipOrder] quote fetched | USD 0.00", "logger": "shippingservice"}
{"timestamp": "2026-08-17 17:46:46,930", "severity": "INFO", "message": "[MongoDB] Shipment persisted: shipping_id=6d12fa12-7790-4fb0-b412-618e4f34dfbf, tracking_id=XS-46295228-PZ", "logger": "shippingservice"}
{"timestamp": "2026-08-17 17:46:46,930", "severity": "INFO", "message": "[ShipOrder] completed request", "logger": "shippingservice"}
{"timestamp": "2026-08-17 17:46:46,989", "severity": "INFO", "message": "[GetQuote] received request", "logger": "shippingservice"}
{"timestamp": "2026-08-17 17:46:46,989", "severity": "INFO", "message": "[GetQuote] item_count=1 → $8.99", "logger": "shippingservice"}
{"timestamp": "2026-08-17 17:46:46,989", "severity": "INFO", "message": "[GetQuote] completed request", "logger": "shippingservice"}
{"timestamp": "2026-08-17 17:46:46,992", "severity": "INFO", "message": "[ShipOrder] received request", "logger": "shippingservice"}
{"timestamp": "2026-08-17 17:46:46,992", "severity": "INFO", "message": "[ShipOrder] base_address='149 Main St, Seattle, WA' → tracking_id=GA-18393958-WC", "logger": "shippingservice"}
{"timestamp": "2026-08-17 17:46:46,993", "severity": "INFO", "message": "[GetQuote] received request", "logger": "shippingservice"}
{"timestamp": "2026-08-17 17:46:46,993", "severity": "INFO", "message": "[GetQuote] item_count=1 → $8.99", "logger": "shippingservice"}
{"timestamp": "2026-08-17 17:46:46,993", "severity": "INFO", "message": "[GetQuote] completed request", "logger": "shippingservice"}
{"timestamp": "2026-08-17 17:46:46,993", "severity": "INFO", "message": "[ShipOrder] quote fetched | USD 8.99", "logger": "shippingservice"}
{"timestamp": "2026-08-17 17:46:47,003", "severity": "INFO", "message": "[MongoDB] Shipment persisted: shipping_id=e2df4335-1b72-4386-a60b-1b0f940a71a3, tracking_id=GA-18393958-WC", "logger": "shippingservice"}
{"timestamp": "2026-08-17 17:46:47,003", "severity": "INFO", "message": "[ShipOrder] completed request", "logger": "shippingservice"}
{"timestamp": "2026-08-17 17:46:47,058", "severity": "INFO", "message": "[GetQuote] received request", "logger": "shippingservice"}
{"timestamp": "2026-08-17 17:46:47,058", "severity": "INFO", "message": "[GetQuote] item_count=1 → $8.99", "logger": "shippingservice"}
{"timestamp": "2026-08-17 17:46:47,058", "severity": "INFO", "message": "[GetQuote] completed request", "logger": "shippingservice"}
{"timestamp": "2026-08-17 17:46:47,061", "severity": "INFO", "message": "[ShipOrder] received request", "logger": "shippingservice"}
{"timestamp": "2026-08-17 17:46:47,061", "severity": "INFO", "message": "[ShipOrder] base_address='149 Main St, Seattle, WA' → tracking_id=XA-18393958-BQ", "logger": "shippingservice"}
{"timestamp": "2026-08-17 17:46:47,062", "severity": "INFO", "message": "[GetQuote] received request", "logger": "shippingservice"}
{"timestamp": "2026-08-17 17:46:47,062", "severity": "INFO", "message": "[GetQuote] item_count=1 → $8.99", "logger": "shippingservice"}
{"timestamp": "2026-08-17 17:46:47,062", "severity": "INFO", "message": "[GetQuote] completed request", "logger": "shippingservice"}
{"timestamp": "2026-08-17 17:46:47,062", "severity": "INFO", "message": "[ShipOrder] quote fetched | USD 8.99", "logger": "shippingservice"}
{"timestamp": "2026-08-17 17:46:47,065", "severity": "INFO", "message": "[MongoDB] Shipment persisted: shipping_id=a5726c30-98ca-4552-9f7a-9c1a9030fc4c, tracking_id=XA-18393958-BQ", "logger": "shippingservice"}
{"timestamp": "2026-08-17 17:46:47,065", "severity": "INFO", "message": "[ShipOrder] completed request", "logger": "shippingservice"}
{"timestamp": "2026-08-17 17:46:47,120", "severity": "INFO", "message": "[GetQuote] received request", "logger": "shippingservice"}
{"timestamp": "2026-08-17 17:46:47,120", "severity": "INFO", "message": "[GetQuote] item_count=2 → $8.99", "logger": "shippingservice"}
{"timestamp": "2026-08-17 17:46:47,121", "severity": "INFO", "message": "[GetQuote] completed request", "logger": "shippingservice"}
{"timestamp": "2026-08-17 17:46:47,123", "severity": "INFO", "message": "[ShipOrder] received request", "logger": "shippingservice"}
{"timestamp": "2026-08-17 17:46:47,123", "severity": "INFO", "message": "[ShipOrder] base_address='150 Main St, Seattle, WA' → tracking_id=OU-71456123-QH", "logger": "shippingservice"}
{"timestamp": "2026-08-17 17:46:47,123", "severity": "INFO", "message": "[GetQuote] received request", "logger": "shippingservice"}
{"timestamp": "2026-08-17 17:46:47,124", "severity": "INFO", "message": "[GetQuote] item_count=2 → $8.99", "logger": "shippingservice"}
{"timestamp": "2026-08-17 17:46:47,124", "severity": "INFO", "message": "[GetQuote] completed request", "logger": "shippingservice"}
{"timestamp": "2026-08-17 17:46:47,124", "severity": "INFO", "message": "[ShipOrder] quote fetched | USD 8.99", "logger": "shippingservice"}
{"timestamp": "2026-08-17 17:46:47,132", "severity": "INFO", "message": "[MongoDB] Shipment persisted: shipping_id=1c0d1283-8acc-4125-874e-bc079e56688f, tracking_id=OU-71456123-QH", "logger": "shippingservice"}
{"timestamp": "2026-08-17 17:46:47,132", "severity": "INFO", "message": "[ShipOrder] completed request", "logger": "shippingservice"}
{"timestamp": "2026-08-17 17:46:47,192", "severity": "INFO", "message": "[GetQuote] received request", "logger": "shippingservice"}
{"timestamp": "2026-08-17 17:46:47,193", "severity": "INFO", "message": "[GetQuote] item_count=2 → $8.99", "logger": "shippingservice"}
{"timestamp": "2026-08-17 17:46:47,193", "severity": "INFO", "message": "[GetQuote] completed request", "logger": "shippingservice"}
{"timestamp": "2026-08-17 17:46:47,202", "severity": "INFO", "message": "[ShipOrder] received request", "logger": "shippingservice"}
{"timestamp": "2026-08-17 17:46:47,202", "severity": "INFO", "message": "[ShipOrder] base_address='150 Main St, Seattle, WA' → tracking_id=BV-71456123-BY", "logger": "shippingservice"}
{"timestamp": "2026-08-17 17:46:47,203", "severity": "INFO", "message": "[GetQuote] received request", "logger": "shippingservice"}
{"timestamp": "2026-08-17 17:46:47,203", "severity": "INFO", "message": "[GetQuote] item_count=2 → $8.99", "logger": "shippingservice"}
{"timestamp": "2026-08-17 17:46:47,203", "severity": "INFO", "message": "[GetQuote] completed request", "logger": "shippingservice"}
{"timestamp": "2026-08-17 17:46:47,203", "severity": "INFO", "message": "[ShipOrder] quote fetched | USD 8.99", "logger": "shippingservice"}
{"timestamp": "2026-08-17 17:46:47,212", "severity": "INFO", "message": "[MongoDB] Shipment persisted: shipping_id=3a480092-5e9c-4bae-833b-91a2f83ac8bd, tracking_id=BV-71456123-BY", "logger": "shippingservice"}
{"timestamp": "2026-08-17 17:46:47,212", "severity": "INFO", "message": "[ShipOrder] completed request", "logger": "shippingservice"}
{"timestamp": "2026-08-17 17:46:47,270", "severity": "INFO", "message": "[GetQuote] received request", "logger": "shippingservice"}
{"timestamp": "2026-08-17 17:46:47,271", "severity": "INFO", "message": "[GetQuote] item_count=3 → $15.99", "logger": "shippingservice"}
{"timestamp": "2026-08-17 17:46:47,271", "severity": "INFO", "message": "[GetQuote] completed request", "logger": "shippingservice"}
{"timestamp": "2026-08-17 17:46:47,274", "severity": "INFO", "message": "[ShipOrder] received request", "logger": "shippingservice"}
{"timestamp": "2026-08-17 17:46:47,274", "severity": "INFO", "message": "[ShipOrder] base_address='151 Main St, Seattle, WA' → tracking_id=SO-65709942-VT", "logger": "shippingservice"}
{"timestamp": "2026-08-17 17:46:47,274", "severity": "INFO", "message": "[GetQuote] received request", "logger": "shippingservice"}
{"timestamp": "2026-08-17 17:46:47,274", "severity": "INFO", "message": "[GetQuote] item_count=3 → $15.99", "logger": "shippingservice"}
{"timestamp": "2026-08-17 17:46:47,275", "severity": "INFO", "message": "[GetQuote] completed request", "logger": "shippingservice"}
{"timestamp": "2026-08-17 17:46:47,275", "severity": "INFO", "message": "[ShipOrder] quote fetched | USD 15.99", "logger": "shippingservice"}
{"timestamp": "2026-08-17 17:46:47,284", "severity": "INFO", "message": "[MongoDB] Shipment persisted: shipping_id=8bc6f218-93ef-4598-b236-3cbd850895f0, tracking_id=SO-65709942-VT", "logger": "shippingservice"}
{"timestamp": "2026-08-17 17:46:47,284", "severity": "INFO", "message": "[ShipOrder] completed request", "logger": "shippingservice"}
{"timestamp": "2026-08-17 17:46:47,346", "severity": "INFO", "message": "[GetQuote] received request", "logger": "shippingservice"}
{"timestamp": "2026-08-17 17:46:47,346", "severity": "INFO", "message": "[GetQuote] item_count=3 → $15.99", "logger": "shippingservice"}
{"timestamp": "2026-08-17 17:46:47,347", "severity": "INFO", "message": "[GetQuote] completed request", "logger": "shippingservice"}
{"timestamp": "2026-08-17 17:46:47,355", "severity": "INFO", "message": "[ShipOrder] received request", "logger": "shippingservice"}
{"timestamp": "2026-08-17 17:46:47,355", "severity": "INFO", "message": "[ShipOrder] base_address='151 Main St, Seattle, WA' → tracking_id=MU-65709942-VP", "logger": "shippingservice"}
{"timestamp": "2026-08-17 17:46:47,356", "severity": "INFO", "message": "[GetQuote] received request", "logger": "shippingservice"}
{"timestamp": "2026-08-17 17:46:47,356", "severity": "INFO", "message": "[GetQuote] item_count=3 → $15.99", "logger": "shippingservice"}
{"timestamp": "2026-08-17 17:46:47,356", "severity": "INFO", "message": "[GetQuote] completed request", "logger": "shippingservice"}
{"timestamp": "2026-08-17 17:46:47,356", "severity": "INFO", "message": "[ShipOrder] quote fetched | USD 15.99", "logger": "shippingservice"}
{"timestamp": "2026-08-17 17:46:47,366", "severity": "INFO", "message": "[MongoDB] Shipment persisted: shipping_id=7b998dd2-4f60-4217-a9a9-8437d9165e91, tracking_id=MU-65709942-VP", "logger": "shippingservice"}
{"timestamp": "2026-08-17 17:46:47,366", "severity": "INFO", "message": "[ShipOrder] completed request", "logger": "shippingservice"}
{"timestamp": "2026-08-17 17:46:47,425", "severity": "INFO", "message": "[GetQuote] received request", "logger": "shippingservice"}
{"timestamp": "2026-08-17 17:46:47,425", "severity": "INFO", "message": "[GetQuote] item_count=4 → $15.99", "logger": "shippingservice"}
{"timestamp": "2026-08-17 17:46:47,426", "severity": "INFO", "message": "[GetQuote] completed request", "logger": "shippingservice"}
{"timestamp": "2026-08-17 17:46:47,428", "severity": "INFO", "message": "[ShipOrder] received request", "logger": "shippingservice"}
{"timestamp": "2026-08-17 17:46:47,429", "severity": "INFO", "message": "[ShipOrder] base_address='152 Main St, Seattle, WA' → tracking_id=LE-18702799-TB", "logger": "shippingservice"}
{"timestamp": "2026-08-17 17:46:47,429", "severity": "INFO", "message": "[GetQuote] received request", "logger": "shippingservice"}
{"timestamp": "2026-08-17 17:46:47,429", "severity": "INFO", "message": "[GetQuote] item_count=4 → $15.99", "logger": "shippingservice"}
{"timestamp": "2026-08-17 17:46:47,430", "severity": "INFO", "message": "[GetQuote] completed request", "logger": "shippingservice"}
{"timestamp": "2026-08-17 17:46:47,430", "severity": "INFO", "message": "[ShipOrder] quote fetched | USD 15.99", "logger": "shippingservice"}
{"timestamp": "2026-08-17 17:46:47,438", "severity": "INFO", "message": "[MongoDB] Shipment persisted: shipping_id=e4bfe448-345d-4a0b-9926-6cacb8f1048f, tracking_id=LE-18702799-TB", "logger": "shippingservice"}
{"timestamp": "2026-08-17 17:46:47,439", "severity": "INFO", "message": "[ShipOrder] completed request", "logger": "shippingservice"}
{"timestamp": "2026-08-17 17:46:47,500", "severity": "INFO", "message": "[GetQuote] received request", "logger": "shippingservice"}
{"timestamp": "2026-08-17 17:46:47,501", "severity": "INFO", "message": "[GetQuote] item_count=4 → $15.99", "logger": "shippingservice"}
{"timestamp": "2026-08-17 17:46:47,501", "severity": "INFO", "message": "[GetQuote] completed request", "logger": "shippingservice"}
{"timestamp": "2026-08-17 17:46:47,509", "severity": "INFO", "message": "[ShipOrder] received request", "logger": "shippingservice"}
{"timestamp": "2026-08-17 17:46:47,509", "severity": "INFO", "message": "[ShipOrder] base_address='152 Main St, Seattle, WA' → tracking_id=NQ-18702799-TE", "logger": "shippingservice"}
{"timestamp": "2026-08-17 17:46:47,509", "severity": "INFO", "message": "[GetQuote] received request", "logger": "shippingservice"}
{"timestamp": "2026-08-17 17:46:47,509", "severity": "INFO", "message": "[GetQuote] item_count=4 → $15.99", "logger": "shippingservice"}
{"timestamp": "2026-08-17 17:46:47,510", "severity": "INFO", "message": "[GetQuote] completed request", "logger": "shippingservice"}
{"timestamp": "2026-08-17 17:46:47,510", "severity": "INFO", "message": "[ShipOrder] quote fetched | USD 15.99", "logger": "shippingservice"}
{"timestamp": "2026-08-17 17:46:47,519", "severity": "INFO", "message": "[MongoDB] Shipment persisted: shipping_id=3fd9404f-f00c-4faa-8f8e-40fa016771a4, tracking_id=NQ-18702799-TE", "logger": "shippingservice"}
{"timestamp": "2026-08-17 17:46:47,519", "severity": "INFO", "message": "[ShipOrder] completed request", "logger": "shippingservice"}
{"timestamp": "2026-08-17 17:46:47,577", "severity": "INFO", "message": "[GetQuote] received request", "logger": "shippingservice"}
{"timestamp": "2026-08-17 17:46:47,578", "severity": "INFO", "message": "[GetQuote] item_count=5 → $23.99", "logger": "shippingservice"}
{"timestamp": "2026-08-17 17:46:47,578", "severity": "INFO", "message": "[GetQuote] completed request", "logger": "shippingservice"}
{"timestamp": "2026-08-17 17:46:47,581", "severity": "INFO", "message": "[ShipOrder] received request", "logger": "shippingservice"}
{"timestamp": "2026-08-17 17:46:47,581", "severity": "INFO", "message": "[ShipOrder] base_address='153 Main St, Seattle, WA' → tracking_id=QW-70156642-DG", "logger": "shippingservice"}
{"timestamp": "2026-08-17 17:46:47,581", "severity": "INFO", "message": "[GetQuote] received request", "logger": "shippingservice"}
{"timestamp": "2026-08-17 17:46:47,582", "severity": "INFO", "message": "[GetQuote] item_count=5 → $23.99", "logger": "shippingservice"}
{"timestamp": "2026-08-17 17:46:47,582", "severity": "INFO", "message": "[GetQuote] completed request", "logger": "shippingservice"}
{"timestamp": "2026-08-17 17:46:47,582", "severity": "INFO", "message": "[ShipOrder] quote fetched | USD 23.99", "logger": "shippingservice"}
{"timestamp": "2026-08-17 17:46:47,592", "severity": "INFO", "message": "[MongoDB] Shipment persisted: shipping_id=aa7321cd-20ff-4004-b3e8-83b2f1cd1a45, tracking_id=QW-70156642-DG", "logger": "shippingservice"}
{"timestamp": "2026-08-17 17:46:47,592", "severity": "INFO", "message": "[ShipOrder] completed request", "logger": "shippingservice"}
{"timestamp": "2026-08-17 17:46:47,654", "severity": "INFO", "message": "[GetQuote] received request", "logger": "shippingservice"}
{"timestamp": "2026-08-17 17:46:47,654", "severity": "INFO", "message": "[GetQuote] item_count=5 → $23.99", "logger": "shippingservice"}
{"timestamp": "2026-08-17 17:46:47,655", "severity": "INFO", "message": "[GetQuote] completed request", "logger": "shippingservice"}
{"timestamp": "2026-08-17 17:46:47,662", "severity": "INFO", "message": "[ShipOrder] received request", "logger": "shippingservice"}
{"timestamp": "2026-08-17 17:46:47,663", "severity": "INFO", "message": "[ShipOrder] base_address='153 Main St, Seattle, WA' → tracking_id=HK-70156642-SE", "logger": "shippingservice"}
{"timestamp": "2026-08-17 17:46:47,663", "severity": "INFO", "message": "[GetQuote] received request", "logger": "shippingservice"}
{"timestamp": "2026-08-17 17:46:47,664", "severity": "INFO", "message": "[GetQuote] item_count=5 → $23.99", "logger": "shippingservice"}
{"timestamp": "2026-08-17 17:46:47,664", "severity": "INFO", "message": "[GetQuote] completed request", "logger": "shippingservice"}
{"timestamp": "2026-08-17 17:46:47,664", "severity": "INFO", "message": "[ShipOrder] quote fetched | USD 23.99", "logger": "shippingservice"}
{"timestamp": "2026-08-17 17:46:47,673", "severity": "INFO", "message": "[MongoDB] Shipment persisted: shipping_id=06487bd6-974d-4806-b62d-63265d06d1b5, tracking_id=HK-70156642-SE", "logger": "shippingservice"}
{"timestamp": "2026-08-17 17:46:47,673", "severity": "INFO", "message": "[ShipOrder] completed request", "logger": "shippingservice"}
{"timestamp": "2026-08-17 17:46:47,732", "severity": "INFO", "message": "[GetQuote] received request", "logger": "shippingservice"}
{"timestamp": "2026-08-17 17:46:47,732", "severity": "INFO", "message": "[GetQuote] item_count=6 → $23.99", "logger": "shippingservice"}
{"timestamp": "2026-08-17 17:46:47,733", "severity": "INFO", "message": "[GetQuote] completed request", "logger": "shippingservice"}
{"timestamp": "2026-08-17 17:46:47,736", "severity": "INFO", "message": "[ShipOrder] received request", "logger": "shippingservice"}
{"timestamp": "2026-08-17 17:46:47,736", "severity": "INFO", "message": "[ShipOrder] base_address='154 Main St, Seattle, WA' → tracking_id=YU-91398480-EA", "logger": "shippingservice"}
{"timestamp": "2026-08-17 17:46:47,736", "severity": "INFO", "message": "[GetQuote] received request", "logger": "shippingservice"}
{"timestamp": "2026-08-17 17:46:47,737", "severity": "INFO", "message": "[GetQuote] item_count=6 → $23.99", "logger": "shippingservice"}
{"timestamp": "2026-08-17 17:46:47,737", "severity": "INFO", "message": "[GetQuote] completed request", "logger": "shippingservice"}
{"timestamp": "2026-08-17 17:46:47,737", "severity": "INFO", "message": "[ShipOrder] quote fetched | USD 23.99", "logger": "shippingservice"}
{"timestamp": "2026-08-17 17:46:47,746", "severity": "INFO", "message": "[MongoDB] Shipment persisted: shipping_id=82b1bdd0-bf42-41dd-8854-60cbd0def0c4, tracking_id=YU-91398480-EA", "logger": "shippingservice"}
{"timestamp": "2026-08-17 17:46:47,746", "severity": "INFO", "message": "[ShipOrder] completed request", "logger": "shippingservice"}
{"timestamp": "2026-08-17 17:46:47,808", "severity": "INFO", "message": "[GetQuote] received request", "logger": "shippingservice"}
{"timestamp": "2026-08-17 17:46:47,808", "severity": "INFO", "message": "[GetQuote] item_count=6 → $23.99", "logger": "shippingservice"}
{"timestamp": "2026-08-17 17:46:47,809", "severity": "INFO", "message": "[GetQuote] completed request", "logger": "shippingservice"}
{"timestamp": "2026-08-17 17:46:47,816", "severity": "INFO", "message": "[ShipOrder] received request", "logger": "shippingservice"}
{"timestamp": "2026-08-17 17:46:47,817", "severity": "INFO", "message": "[ShipOrder] base_address='154 Main St, Seattle, WA' → tracking_id=LH-91398480-OV", "logger": "shippingservice"}
{"timestamp": "2026-08-17 17:46:47,817", "severity": "INFO", "message": "[GetQuote] received request", "logger": "shippingservice"}
{"timestamp": "2026-08-17 17:46:47,817", "severity": "INFO", "message": "[GetQuote] item_count=6 → $23.99", "logger": "shippingservice"}
{"timestamp": "2026-08-17 17:46:47,817", "severity": "INFO", "message": "[GetQuote] completed request", "logger": "shippingservice"}
{"timestamp": "2026-08-17 17:46:47,817", "severity": "INFO", "message": "[ShipOrder] quote fetched | USD 23.99", "logger": "shippingservice"}
{"timestamp": "2026-08-17 17:46:47,825", "severity": "INFO", "message": "[MongoDB] Shipment persisted: shipping_id=6037814a-347a-4f97-b35f-d1bec2ad320b, tracking_id=LH-91398480-OV", "logger": "shippingservice"}
{"timestamp": "2026-08-17 17:46:47,825", "severity": "INFO", "message": "[ShipOrder] completed request", "logger": "shippingservice"}
{"timestamp": "2026-08-17 17:46:47,883", "severity": "INFO", "message": "[GetQuote] received request", "logger": "shippingservice"}
{"timestamp": "2026-08-17 17:46:47,883", "severity": "INFO", "message": "[GetQuote] item_count=7 → $23.99", "logger": "shippingservice"}
{"timestamp": "2026-08-17 17:46:47,884", "severity": "INFO", "message": "[GetQuote] completed request", "logger": "shippingservice"}
{"timestamp": "2026-08-17 17:46:47,887", "severity": "INFO", "message": "[ShipOrder] received request", "logger": "shippingservice"}
{"timestamp": "2026-08-17 17:46:47,887", "severity": "INFO", "message": "[ShipOrder] base_address='155 Main St, Seattle, WA' → tracking_id=QS-87181000-PU", "logger": "shippingservice"}
{"timestamp": "2026-08-17 17:46:47,887", "severity": "INFO", "message": "[GetQuote] received request", "logger": "shippingservice"}
{"timestamp": "2026-08-17 17:46:47,888", "severity": "INFO", "message": "[GetQuote] item_count=7 → $23.99", "logger": "shippingservice"}
{"timestamp": "2026-08-17 17:46:47,888", "severity": "INFO", "message": "[GetQuote] completed request", "logger": "shippingservice"}
{"timestamp": "2026-08-17 17:46:47,888", "severity": "INFO", "message": "[ShipOrder] quote fetched | USD 23.99", "logger": "shippingservice"}
{"timestamp": "2026-08-17 17:46:47,897", "severity": "INFO", "message": "[MongoDB] Shipment persisted: shipping_id=1fe185d8-b076-4d9a-a512-97f5fd88e533, tracking_id=QS-87181000-PU", "logger": "shippingservice"}
{"timestamp": "2026-08-17 17:46:47,897", "severity": "INFO", "message": "[ShipOrder] completed request", "logger": "shippingservice"}
{"timestamp": "2026-08-17 17:46:47,959", "severity": "INFO", "message": "[GetQuote] received request", "logger": "shippingservice"}
{"timestamp": "2026-08-17 17:46:47,959", "severity": "INFO", "message": "[GetQuote] item_count=7 → $23.99", "logger": "shippingservice"}
{"timestamp": "2026-08-17 17:46:47,959", "severity": "INFO", "message": "[GetQuote] completed request", "logger": "shippingservice"}
{"timestamp": "2026-08-17 17:46:47,968", "severity": "INFO", "message": "[ShipOrder] received request", "logger": "shippingservice"}
{"timestamp": "2026-08-17 17:46:47,969", "severity": "INFO", "message": "[ShipOrder] base_address='155 Main St, Seattle, WA' → tracking_id=OL-87181000-JU", "logger": "shippingservice"}
{"timestamp": "2026-08-17 17:46:47,969", "severity": "INFO", "message": "[GetQuote] received request", "logger": "shippingservice"}
{"timestamp": "2026-08-17 17:46:47,969", "severity": "INFO", "message": "[GetQuote] item_count=7 → $23.99", "logger": "shippingservice"}
{"timestamp": "2026-08-17 17:46:47,969", "severity": "INFO", "message": "[GetQuote] completed request", "logger": "shippingservice"}
{"timestamp": "2026-08-17 17:46:47,970", "severity": "INFO", "message": "[ShipOrder] quote fetched | USD 23.99", "logger": "shippingservice"}
{"timestamp": "2026-08-17 17:46:47,978", "severity": "INFO", "message": "[MongoDB] Shipment persisted: shipping_id=61279716-1369-4a20-a0c8-8a792e70cb80, tracking_id=OL-87181000-JU", "logger": "shippingservice"}
{"timestamp": "2026-08-17 17:46:47,979", "severity": "INFO", "message": "[ShipOrder] completed request", "logger": "shippingservice"}
{"timestamp": "2026-08-17 17:46:48,034", "severity": "INFO", "message": "[GetQuote] received request", "logger": "shippingservice"}
{"timestamp": "2026-08-17 17:46:48,035", "severity": "INFO", "message": "[GetQuote] item_count=8 → $31.99", "logger": "shippingservice"}
{"timestamp": "2026-08-17 17:46:48,035", "severity": "INFO", "message": "[GetQuote] completed request", "logger": "shippingservice"}
{"timestamp": "2026-08-17 17:46:48,036", "severity": "INFO", "message": "[ShipOrder] received request", "logger": "shippingservice"}
{"timestamp": "2026-08-17 17:46:48,036", "severity": "INFO", "message": "[ShipOrder] base_address='156 Main St, Seattle, WA' → tracking_id=LZ-26483492-UY", "logger": "shippingservice"}
{"timestamp": "2026-08-17 17:46:48,036", "severity": "INFO", "message": "[GetQuote] received request", "logger": "shippingservice"}
{"timestamp": "2026-08-17 17:46:48,037", "severity": "INFO", "message": "[GetQuote] item_count=8 → $31.99", "logger": "shippingservice"}
{"timestamp": "2026-08-17 17:46:48,037", "severity": "INFO", "message": "[GetQuote] completed request", "logger": "shippingservice"}
{"timestamp": "2026-08-17 17:46:48,037", "severity": "INFO", "message": "[ShipOrder] quote fetched | USD 31.99", "logger": "shippingservice"}
{"timestamp": "2026-08-17 17:46:48,041", "severity": "INFO", "message": "[MongoDB] Shipment persisted: shipping_id=999af916-9d4a-4d2d-9412-b3ec896403e9, tracking_id=LZ-26483492-UY", "logger": "shippingservice"}
{"timestamp": "2026-08-17 17:46:48,041", "severity": "INFO", "message": "[ShipOrder] completed request", "logger": "shippingservice"}
{"timestamp": "2026-08-17 17:46:48,096", "severity": "INFO", "message": "[GetQuote] received request", "logger": "shippingservice"}
{"timestamp": "2026-08-17 17:46:48,097", "severity": "INFO", "message": "[GetQuote] item_count=8 → $31.99", "logger": "shippingservice"}
{"timestamp": "2026-08-17 17:46:48,097", "severity": "INFO", "message": "[GetQuote] completed request", "logger": "shippingservice"}
{"timestamp": "2026-08-17 17:46:48,101", "severity": "INFO", "message": "[ShipOrder] received request", "logger": "shippingservice"}
{"timestamp": "2026-08-17 17:46:48,101", "severity": "INFO", "message": "[ShipOrder] base_address='156 Main St, Seattle, WA' → tracking_id=OV-26483492-FV", "logger": "shippingservice"}
{"timestamp": "2026-08-17 17:46:48,101", "severity": "INFO", "message": "[GetQuote] received request", "logger": "shippingservice"}
{"timestamp": "2026-08-17 17:46:48,101", "severity": "INFO", "message": "[GetQuote] item_count=8 → $31.99", "logger": "shippingservice"}
{"timestamp": "2026-08-17 17:46:48,101", "severity": "INFO", "message": "[GetQuote] completed request", "logger": "shippingservice"}
{"timestamp": "2026-08-17 17:46:48,101", "severity": "INFO", "message": "[ShipOrder] quote fetched | USD 31.99", "logger": "shippingservice"}
{"timestamp": "2026-08-17 17:46:48,106", "severity": "INFO", "message": "[MongoDB] Shipment persisted: shipping_id=cfec82cb-3551-490c-adf5-3ba1155e4acb, tracking_id=OV-26483492-FV", "logger": "shippingservice"}
{"timestamp": "2026-08-17 17:46:48,106", "severity": "INFO", "message": "[ShipOrder] completed request", "logger": "shippingservice"}
{"timestamp": "2026-08-17 17:46:48,163", "severity": "INFO", "message": "[GetQuote] received request", "logger": "shippingservice"}
{"timestamp": "2026-08-17 17:46:48,163", "severity": "INFO", "message": "[GetQuote] item_count=9 → $31.99", "logger": "shippingservice"}
{"timestamp": "2026-08-17 17:46:48,163", "severity": "INFO", "message": "[GetQuote] completed request", "logger": "shippingservice"}
{"timestamp": "2026-08-17 17:46:48,166", "severity": "INFO", "message": "[ShipOrder] received request", "logger": "shippingservice"}
{"timestamp": "2026-08-17 17:46:48,166", "severity": "INFO", "message": "[ShipOrder] base_address='157 Main St, Seattle, WA' → tracking_id=FV-95616726-QR", "logger": "shippingservice"}
{"timestamp": "2026-08-17 17:46:48,166", "severity": "INFO", "message": "[GetQuote] received request", "logger": "shippingservice"}
{"timestamp": "2026-08-17 17:46:48,166", "severity": "INFO", "message": "[GetQuote] item_count=9 → $31.99", "logger": "shippingservice"}
{"timestamp": "2026-08-17 17:46:48,166", "severity": "INFO", "message": "[GetQuote] completed request", "logger": "shippingservice"}
{"timestamp": "2026-08-17 17:46:48,167", "severity": "INFO", "message": "[ShipOrder] quote fetched | USD 31.99", "logger": "shippingservice"}
{"timestamp": "2026-08-17 17:46:48,174", "severity": "INFO", "message": "[MongoDB] Shipment persisted: shipping_id=9d1d7726-d2a6-4dde-8356-a53736fc01f4, tracking_id=FV-95616726-QR", "logger": "shippingservice"}
{"timestamp": "2026-08-17 17:46:48,174", "severity": "INFO", "message": "[ShipOrder] completed request", "logger": "shippingservice"}
{"timestamp": "2026-08-17 17:46:48,236", "severity": "INFO", "message": "[GetQuote] received request", "logger": "shippingservice"}
{"timestamp": "2026-08-17 17:46:48,236", "severity": "INFO", "message": "[GetQuote] item_count=9 → $31.99", "logger": "shippingservice"}
{"timestamp": "2026-08-17 17:46:48,236", "severity": "INFO", "message": "[GetQuote] completed request", "logger": "shippingservice"}
{"timestamp": "2026-08-17 17:46:48,246", "severity": "INFO", "message": "[ShipOrder] received request", "logger": "shippingservice"}
{"timestamp": "2026-08-17 17:46:48,246", "severity": "INFO", "message": "[ShipOrder] base_address='157 Main St, Seattle, WA' → tracking_id=OE-95616726-BY", "logger": "shippingservice"}
{"timestamp": "2026-08-17 17:46:48,246", "severity": "INFO", "message": "[GetQuote] received request", "logger": "shippingservice"}
{"timestamp": "2026-08-17 17:46:48,247", "severity": "INFO", "message": "[GetQuote] item_count=9 → $31.99", "logger": "shippingservice"}
{"timestamp": "2026-08-17 17:46:48,247", "severity": "INFO", "message": "[GetQuote] completed request", "logger": "shippingservice"}
{"timestamp": "2026-08-17 17:46:48,247", "severity": "INFO", "message": "[ShipOrder] quote fetched | USD 31.99", "logger": "shippingservice"}
{"timestamp": "2026-08-17 17:46:48,256", "severity": "INFO", "message": "[MongoDB] Shipment persisted: shipping_id=30bbb525-2576-412a-aa70-55ee78cb3882, tracking_id=OE-95616726-BY", "logger": "shippingservice"}
{"timestamp": "2026-08-17 17:46:48,256", "severity": "INFO", "message": "[ShipOrder] completed request", "logger": "shippingservice"}
{"timestamp": "2026-08-17 17:46:48,315", "severity": "INFO", "message": "[GetQuote] received request", "logger": "shippingservice"}
{"timestamp": "2026-08-17 17:46:48,315", "severity": "INFO", "message": "[GetQuote] item_count=10 → $39.99", "logger": "shippingservice"}
{"timestamp": "2026-08-17 17:46:48,315", "severity": "INFO", "message": "[GetQuote] completed request", "logger": "shippingservice"}
{"timestamp": "2026-08-17 17:46:48,318", "severity": "INFO", "message": "[ShipOrder] received request", "logger": "shippingservice"}
{"timestamp": "2026-08-17 17:46:48,319", "severity": "INFO", "message": "[ShipOrder] base_address='158 Main St, Seattle, WA' → tracking_id=BV-22081752-MW", "logger": "shippingservice"}
{"timestamp": "2026-08-17 17:46:48,319", "severity": "INFO", "message": "[GetQuote] received request", "logger": "shippingservice"}
{"timestamp": "2026-08-17 17:46:48,319", "severity": "INFO", "message": "[GetQuote] item_count=10 → $39.99", "logger": "shippingservice"}
{"timestamp": "2026-08-17 17:46:48,320", "severity": "INFO", "message": "[GetQuote] completed request", "logger": "shippingservice"}
{"timestamp": "2026-08-17 17:46:48,320", "severity": "INFO", "message": "[ShipOrder] quote fetched | USD 39.99", "logger": "shippingservice"}
{"timestamp": "2026-08-17 17:46:48,330", "severity": "INFO", "message": "[MongoDB] Shipment persisted: shipping_id=2f7a4b97-e114-4f1e-b916-6aa7beebf361, tracking_id=BV-22081752-MW", "logger": "shippingservice"}
{"timestamp": "2026-08-17 17:46:48,330", "severity": "INFO", "message": "[ShipOrder] completed request", "logger": "shippingservice"}
{"timestamp": "2026-08-17 17:46:48,393", "severity": "INFO", "message": "[GetQuote] received request", "logger": "shippingservice"}
{"timestamp": "2026-08-17 17:46:48,393", "severity": "INFO", "message": "[GetQuote] item_count=10 → $39.99", "logger": "shippingservice"}
{"timestamp": "2026-08-17 17:46:48,393", "severity": "INFO", "message": "[GetQuote] completed request", "logger": "shippingservice"}
{"timestamp": "2026-08-17 17:46:48,402", "severity": "INFO", "message": "[ShipOrder] received request", "logger": "shippingservice"}
{"timestamp": "2026-08-17 17:46:48,402", "severity": "INFO", "message": "[ShipOrder] base_address='158 Main St, Seattle, WA' → tracking_id=WF-22081752-IB", "logger": "shippingservice"}
{"timestamp": "2026-08-17 17:46:48,403", "severity": "INFO", "message": "[GetQuote] received request", "logger": "shippingservice"}
{"timestamp": "2026-08-17 17:46:48,403", "severity": "INFO", "message": "[GetQuote] item_count=10 → $39.99", "logger": "shippingservice"}
{"timestamp": "2026-08-17 17:46:48,403", "severity": "INFO", "message": "[GetQuote] completed request", "logger": "shippingservice"}
{"timestamp": "2026-08-17 17:46:48,404", "severity": "INFO", "message": "[ShipOrder] quote fetched | USD 39.99", "logger": "shippingservice"}
{"timestamp": "2026-08-17 17:46:48,412", "severity": "INFO", "message": "[MongoDB] Shipment persisted: shipping_id=06bc1767-8b35-49f6-9859-17a46edb2694, tracking_id=WF-22081752-IB", "logger": "shippingservice"}
{"timestamp": "2026-08-17 17:46:48,413", "severity": "INFO", "message": "[ShipOrder] completed request", "logger": "shippingservice"}
{"timestamp": "2026-08-17 17:46:48,471", "severity": "INFO", "message": "[GetQuote] received request", "logger": "shippingservice"}
{"timestamp": "2026-08-17 17:46:48,471", "severity": "INFO", "message": "[GetQuote] item_count=11 → $39.99", "logger": "shippingservice"}
{"timestamp": "2026-08-17 17:46:48,471", "severity": "INFO", "message": "[GetQuote] completed request", "logger": "shippingservice"}
{"timestamp": "2026-08-17 17:46:48,474", "severity": "INFO", "message": "[ShipOrder] received request", "logger": "shippingservice"}
{"timestamp": "2026-08-17 17:46:48,474", "severity": "INFO", "message": "[ShipOrder] base_address='159 Main St, Seattle, WA' → tracking_id=QT-87255415-GH", "logger": "shippingservice"}
{"timestamp": "2026-08-17 17:46:48,475", "severity": "INFO", "message": "[GetQuote] received request", "logger": "shippingservice"}
{"timestamp": "2026-08-17 17:46:48,475", "severity": "INFO", "message": "[GetQuote] item_count=11 → $39.99", "logger": "shippingservice"}
{"timestamp": "2026-08-17 17:46:48,475", "severity": "INFO", "message": "[GetQuote] completed request", "logger": "shippingservice"}
{"timestamp": "2026-08-17 17:46:48,475", "severity": "INFO", "message": "[ShipOrder] quote fetched | USD 39.99", "logger": "shippingservice"}
{"timestamp": "2026-08-17 17:46:48,484", "severity": "INFO", "message": "[MongoDB] Shipment persisted: shipping_id=39c7b84d-47ff-4ca3-ae41-784c53f26cac, tracking_id=QT-87255415-GH", "logger": "shippingservice"}
{"timestamp": "2026-08-17 17:46:48,484", "severity": "INFO", "message": "[ShipOrder] completed request", "logger": "shippingservice"}
{"timestamp": "2026-08-17 17:46:48,548", "severity": "INFO", "message": "[GetQuote] received request", "logger": "shippingservice"}
{"timestamp": "2026-08-17 17:46:48,548", "severity": "INFO", "message": "[GetQuote] item_count=11 → $39.99", "logger": "shippingservice"}
{"timestamp": "2026-08-17 17:46:48,549", "severity": "INFO", "message": "[GetQuote] completed request", "logger": "shippingservice"}
{"timestamp": "2026-08-17 17:46:48,556", "severity": "INFO", "message": "[ShipOrder] received request", "logger": "shippingservice"}
{"timestamp": "2026-08-17 17:46:48,557", "severity": "INFO", "message": "[ShipOrder] base_address='159 Main St, Seattle, WA' → tracking_id=WB-87255415-TY", "logger": "shippingservice"}
{"timestamp": "2026-08-17 17:46:48,557", "severity": "INFO", "message": "[GetQuote] received request", "logger": "shippingservice"}
{"timestamp": "2026-08-17 17:46:48,557", "severity": "INFO", "message": "[GetQuote] item_count=11 → $39.99", "logger": "shippingservice"}
{"timestamp": "2026-08-17 17:46:48,558", "severity": "INFO", "message": "[GetQuote] completed request", "logger": "shippingservice"}
{"timestamp": "2026-08-17 17:46:48,558", "severity": "INFO", "message": "[ShipOrder] quote fetched | USD 39.99", "logger": "shippingservice"}
{"timestamp": "2026-08-17 17:46:48,566", "severity": "INFO", "message": "[MongoDB] Shipment persisted: shipping_id=4324f19f-0fc9-4593-9eaf-f1580ea3ca5c, tracking_id=WB-87255415-TY", "logger": "shippingservice"}
{"timestamp": "2026-08-17 17:46:48,567", "severity": "INFO", "message": "[ShipOrder] completed request", "logger": "shippingservice"}
{"timestamp": "2026-08-17 17:46:48,625", "severity": "INFO", "message": "[GetQuote] received request", "logger": "shippingservice"}
{"timestamp": "2026-08-17 17:46:48,625", "severity": "INFO", "message": "[GetQuote] item_count=0 → $0.00", "logger": "shippingservice"}
{"timestamp": "2026-08-17 17:46:48,625", "severity": "INFO", "message": "[GetQuote] completed request", "logger": "shippingservice"}
{"timestamp": "2026-08-17 17:46:48,628", "severity": "INFO", "message": "[ShipOrder] received request", "logger": "shippingservice"}
{"timestamp": "2026-08-17 17:46:48,628", "severity": "INFO", "message": "[ShipOrder] base_address='160 Main St, Seattle, WA' → tracking_id=PC-94832701-CX", "logger": "shippingservice"}
{"timestamp": "2026-08-17 17:46:48,629", "severity": "INFO", "message": "[GetQuote] received request", "logger": "shippingservice"}
{"timestamp": "2026-08-17 17:46:48,629", "severity": "INFO", "message": "[GetQuote] item_count=0 → $0.00", "logger": "shippingservice"}
{"timestamp": "2026-08-17 17:46:48,629", "severity": "INFO", "message": "[GetQuote] completed request", "logger": "shippingservice"}
{"timestamp": "2026-08-17 17:46:48,629", "severity": "INFO", "message": "[ShipOrder] quote fetched | USD 0.00", "logger": "shippingservice"}
{"timestamp": "2026-08-17 17:46:48,638", "severity": "INFO", "message": "[MongoDB] Shipment persisted: shipping_id=4b380493-b3af-4c0b-9faa-9bb3b3f4e90c, tracking_id=PC-94832701-CX", "logger": "shippingservice"}
{"timestamp": "2026-08-17 17:46:48,638", "severity": "INFO", "message": "[ShipOrder] completed request", "logger": "shippingservice"}
{"timestamp": "2026-08-17 17:46:48,700", "severity": "INFO", "message": "[GetQuote] received request", "logger": "shippingservice"}
{"timestamp": "2026-08-17 17:46:48,701", "severity": "INFO", "message": "[GetQuote] item_count=0 → $0.00", "logger": "shippingservice"}
{"timestamp": "2026-08-17 17:46:48,701", "severity": "INFO", "message": "[GetQuote] completed request", "logger": "shippingservice"}
{"timestamp": "2026-08-17 17:46:48,709", "severity": "INFO", "message": "[ShipOrder] received request", "logger": "shippingservice"}
{"timestamp": "2026-08-17 17:46:48,709", "severity": "INFO", "message": "[ShipOrder] base_address='160 Main St, Seattle, WA' → tracking_id=BM-94832701-PP", "logger": "shippingservice"}
{"timestamp": "2026-08-17 17:46:48,709", "severity": "INFO", "message": "[GetQuote] received request", "logger": "shippingservice"}
{"timestamp": "2026-08-17 17:46:48,710", "severity": "INFO", "message": "[GetQuote] item_count=0 → $0.00", "logger": "shippingservice"}
{"timestamp": "2026-08-17 17:46:48,710", "severity": "INFO", "message": "[GetQuote] completed request", "logger": "shippingservice"}
{"timestamp": "2026-08-17 17:46:48,710", "severity": "INFO", "message": "[ShipOrder] quote fetched | USD 0.00", "logger": "shippingservice"}
{"timestamp": "2026-08-17 17:46:48,719", "severity": "INFO", "message": "[MongoDB] Shipment persisted: shipping_id=df392190-8d10-4e21-ba2f-ba08ddbcfe31, tracking_id=BM-94832701-PP", "logger": "shippingservice"}
{"timestamp": "2026-08-17 17:46:48,719", "severity": "INFO", "message": "[ShipOrder] completed request", "logger": "shippingservice"}
{"timestamp": "2026-08-17 17:46:48,777", "severity": "INFO", "message": "[GetQuote] received request", "logger": "shippingservice"}
{"timestamp": "2026-08-17 17:46:48,777", "severity": "INFO", "message": "[GetQuote] item_count=1 → $8.99", "logger": "shippingservice"}
{"timestamp": "2026-08-17 17:46:48,777", "severity": "INFO", "message": "[GetQuote] completed request", "logger": "shippingservice"}
{"timestamp": "2026-08-17 17:46:48,780", "severity": "INFO", "message": "[ShipOrder] received request", "logger": "shippingservice"}
{"timestamp": "2026-08-17 17:46:48,781", "severity": "INFO", "message": "[ShipOrder] base_address='161 Main St, Seattle, WA' → tracking_id=PF-26942975-JU", "logger": "shippingservice"}
{"timestamp": "2026-08-17 17:46:48,781", "severity": "INFO", "message": "[GetQuote] received request", "logger": "shippingservice"}
{"timestamp": "2026-08-17 17:46:48,781", "severity": "INFO", "message": "[GetQuote] item_count=1 → $8.99", "logger": "shippingservice"}
{"timestamp": "2026-08-17 17:46:48,781", "severity": "INFO", "message": "[GetQuote] completed request", "logger": "shippingservice"}
{"timestamp": "2026-08-17 17:46:48,781", "severity": "INFO", "message": "[ShipOrder] quote fetched | USD 8.99", "logger": "shippingservice"}
{"timestamp": "2026-08-17 17:46:48,790", "severity": "INFO", "message": "[MongoDB] Shipment persisted: shipping_id=23fb35f9-1489-4d5a-a6b4-3c9bca01a6c6, tracking_id=PF-26942975-JU", "logger": "shippingservice"}
{"timestamp": "2026-08-17 17:46:48,790", "severity": "INFO", "message": "[ShipOrder] completed request", "logger": "shippingservice"}
{"timestamp": "2026-08-17 17:46:48,851", "severity": "INFO", "message": "[GetQuote] received request", "logger": "shippingservice"}
{"timestamp": "2026-08-17 17:46:48,852", "severity": "INFO", "message": "[GetQuote] item_count=1 → $8.99", "logger": "shippingservice"}
{"timestamp": "2026-08-17 17:46:48,852", "severity": "INFO", "message": "[GetQuote] completed request", "logger": "shippingservice"}
{"timestamp": "2026-08-17 17:46:48,859", "severity": "INFO", "message": "[ShipOrder] received request", "logger": "shippingservice"}
{"timestamp": "2026-08-17 17:46:48,860", "severity": "INFO", "message": "[ShipOrder] base_address='161 Main St, Seattle, WA' → tracking_id=QD-26942975-WU", "logger": "shippingservice"}
{"timestamp": "2026-08-17 17:46:48,860", "severity": "INFO", "message": "[GetQuote] received request", "logger": "shippingservice"}
{"timestamp": "2026-08-17 17:46:48,860", "severity": "INFO", "message": "[GetQuote] item_count=1 → $8.99", "logger": "shippingservice"}
{"timestamp": "2026-08-17 17:46:48,861", "severity": "INFO", "message": "[GetQuote] completed request", "logger": "shippingservice"}
{"timestamp": "2026-08-17 17:46:48,861", "severity": "INFO", "message": "[ShipOrder] quote fetched | USD 8.99", "logger": "shippingservice"}
{"timestamp": "2026-08-17 17:46:48,870", "severity": "INFO", "message": "[MongoDB] Shipment persisted: shipping_id=bb3990f9-741e-435a-852c-7ad36e7a150d, tracking_id=QD-26942975-WU", "logger": "shippingservice"}
{"timestamp": "2026-08-17 17:46:48,870", "severity": "INFO", "message": "[ShipOrder] completed request", "logger": "shippingservice"}
{"timestamp": "2026-08-17 17:46:48,928", "severity": "INFO", "message": "[GetQuote] received request", "logger": "shippingservice"}
{"timestamp": "2026-08-17 17:46:48,929", "severity": "INFO", "message": "[GetQuote] item_count=2 → $8.99", "logger": "shippingservice"}
{"timestamp": "2026-08-17 17:46:48,929", "severity": "INFO", "message": "[GetQuote] completed request", "logger": "shippingservice"}
{"timestamp": "2026-08-17 17:46:48,931", "severity": "INFO", "message": "[ShipOrder] received request", "logger": "shippingservice"}
{"timestamp": "2026-08-17 17:46:48,932", "severity": "INFO", "message": "[ShipOrder] base_address='162 Main St, Seattle, WA' → tracking_id=LQ-39605244-XJ", "logger": "shippingservice"}
{"timestamp": "2026-08-17 17:46:48,932", "severity": "INFO", "message": "[GetQuote] received request", "logger": "shippingservice"}
{"timestamp": "2026-08-17 17:46:48,932", "severity": "INFO", "message": "[GetQuote] item_count=2 → $8.99", "logger": "shippingservice"}
{"timestamp": "2026-08-17 17:46:48,932", "severity": "INFO", "message": "[GetQuote] completed request", "logger": "shippingservice"}
{"timestamp": "2026-08-17 17:46:48,932", "severity": "INFO", "message": "[ShipOrder] quote fetched | USD 8.99", "logger": "shippingservice"}
{"timestamp": "2026-08-17 17:46:48,941", "severity": "INFO", "message": "[MongoDB] Shipment persisted: shipping_id=031ce9c1-9211-4ff5-87c4-6e4a6cdea185, tracking_id=LQ-39605244-XJ", "logger": "shippingservice"}
{"timestamp": "2026-08-17 17:46:48,942", "severity": "INFO", "message": "[ShipOrder] completed request", "logger": "shippingservice"}
{"timestamp": "2026-08-17 17:46:49,005", "severity": "INFO", "message": "[GetQuote] received request", "logger": "shippingservice"}
{"timestamp": "2026-08-17 17:46:49,005", "severity": "INFO", "message": "[GetQuote] item_count=2 → $8.99", "logger": "shippingservice"}
{"timestamp": "2026-08-17 17:46:49,005", "severity": "INFO", "message": "[GetQuote] completed request", "logger": "shippingservice"}
{"timestamp": "2026-08-17 17:46:49,017", "severity": "INFO", "message": "[ShipOrder] received request", "logger": "shippingservice"}
{"timestamp": "2026-08-17 17:46:49,018", "severity": "INFO", "message": "[ShipOrder] base_address='162 Main St, Seattle, WA' → tracking_id=GX-39605244-DG", "logger": "shippingservice"}
{"timestamp": "2026-08-17 17:46:49,018", "severity": "INFO", "message": "[GetQuote] received request", "logger": "shippingservice"}
{"timestamp": "2026-08-17 17:46:49,019", "severity": "INFO", "message": "[GetQuote] item_count=2 → $8.99", "logger": "shippingservice"}
{"timestamp": "2026-08-17 17:46:49,019", "severity": "INFO", "message": "[GetQuote] completed request", "logger": "shippingservice"}
{"timestamp": "2026-08-17 17:46:49,019", "severity": "INFO", "message": "[ShipOrder] quote fetched | USD 8.99", "logger": "shippingservice"}
{"timestamp": "2026-08-17 17:46:49,030", "severity": "INFO", "message": "[MongoDB] Shipment persisted: shipping_id=58b46f16-f8ad-4247-aab2-addc4fe8f22a, tracking_id=GX-39605244-DG", "logger": "shippingservice"}
{"timestamp": "2026-08-17 17:46:49,030", "severity": "INFO", "message": "[ShipOrder] completed request", "logger": "shippingservice"}
{"timestamp": "2026-08-17 17:46:49,089", "severity": "INFO", "message": "[GetQuote] received request", "logger": "shippingservice"}
{"timestamp": "2026-08-17 17:46:49,090", "severity": "INFO", "message": "[GetQuote] item_count=3 → $15.99", "logger": "shippingservice"}
{"timestamp": "2026-08-17 17:46:49,090", "severity": "INFO", "message": "[GetQuote] completed request", "logger": "shippingservice"}
{"timestamp": "2026-08-17 17:46:49,093", "severity": "INFO", "message": "[ShipOrder] received request", "logger": "shippingservice"}
{"timestamp": "2026-08-17 17:46:49,093", "severity": "INFO", "message": "[ShipOrder] base_address='163 Main St, Seattle, WA' → tracking_id=KN-93004757-WZ", "logger": "shippingservice"}
{"timestamp": "2026-08-17 17:46:49,094", "severity": "INFO", "message": "[GetQuote] received request", "logger": "shippingservice"}
{"timestamp": "2026-08-17 17:46:49,094", "severity": "INFO", "message": "[GetQuote] item_count=3 → $15.99", "logger": "shippingservice"}
{"timestamp": "2026-08-17 17:46:49,094", "severity": "INFO", "message": "[GetQuote] completed request", "logger": "shippingservice"}
{"timestamp": "2026-08-17 17:46:49,094", "severity": "INFO", "message": "[ShipOrder] quote fetched | USD 15.99", "logger": "shippingservice"}
{"timestamp": "2026-08-17 17:46:49,103", "severity": "INFO", "message": "[MongoDB] Shipment persisted: shipping_id=09b351b4-3a60-4b5d-8d3c-344c83ea12ee, tracking_id=KN-93004757-WZ", "logger": "shippingservice"}
{"timestamp": "2026-08-17 17:46:49,103", "severity": "INFO", "message": "[ShipOrder] completed request", "logger": "shippingservice"}
{"timestamp": "2026-08-17 17:46:49,160", "severity": "INFO", "message": "[GetQuote] received request", "logger": "shippingservice"}
{"timestamp": "2026-08-17 17:46:49,160", "severity": "INFO", "message": "[GetQuote] item_count=3 → $15.99", "logger": "shippingservice"}
{"timestamp": "2026-08-17 17:46:49,161", "severity": "INFO", "message": "[GetQuote] completed request", "logger": "shippingservice"}
{"timestamp": "2026-08-17 17:46:49,165", "severity": "INFO", "message": "[ShipOrder] received request", "logger": "shippingservice"}
{"timestamp": "2026-08-17 17:46:49,165", "severity": "INFO", "message": "[ShipOrder] base_address='163 Main St, Seattle, WA' → tracking_id=NP-93004757-UJ", "logger": "shippingservice"}
{"timestamp": "2026-08-17 17:46:49,165", "severity": "INFO", "message": "[GetQuote] received request", "logger": "shippingservice"}
{"timestamp": "2026-08-17 17:46:49,165", "severity": "INFO", "message": "[GetQuote] item_count=3 → $15.99", "logger": "shippingservice"}
{"timestamp": "2026-08-17 17:46:49,165", "severity": "INFO", "message": "[GetQuote] completed request", "logger": "shippingservice"}
{"timestamp": "2026-08-17 17:46:49,165", "severity": "INFO", "message": "[ShipOrder] quote fetched | USD 15.99", "logger": "shippingservice"}
{"timestamp": "2026-08-17 17:46:49,170", "severity": "INFO", "message": "[MongoDB] Shipment persisted: shipping_id=1d81f763-cb49-49d5-b2e1-bc2ee13cc58d, tracking_id=NP-93004757-UJ", "logger": "shippingservice"}
{"timestamp": "2026-08-17 17:46:49,170", "severity": "INFO", "message": "[ShipOrder] completed request", "logger": "shippingservice"}
{"timestamp": "2026-08-17 17:46:49,227", "severity": "INFO", "message": "[GetQuote] received request", "logger": "shippingservice"}
{"timestamp": "2026-08-17 17:46:49,227", "severity": "INFO", "message": "[GetQuote] item_count=4 → $15.99", "logger": "shippingservice"}
{"timestamp": "2026-08-17 17:46:49,227", "severity": "INFO", "message": "[GetQuote] completed request", "logger": "shippingservice"}
{"timestamp": "2026-08-17 17:46:49,230", "severity": "INFO", "message": "[ShipOrder] received request", "logger": "shippingservice"}
{"timestamp": "2026-08-17 17:46:49,231", "severity": "INFO", "message": "[ShipOrder] base_address='164 Main St, Seattle, WA' → tracking_id=OC-69883196-JG", "logger": "shippingservice"}
{"timestamp": "2026-08-17 17:46:49,231", "severity": "INFO", "message": "[GetQuote] received request", "logger": "shippingservice"}
{"timestamp": "2026-08-17 17:46:49,231", "severity": "INFO", "message": "[GetQuote] item_count=4 → $15.99", "logger": "shippingservice"}
{"timestamp": "2026-08-17 17:46:49,231", "severity": "INFO", "message": "[GetQuote] completed request", "logger": "shippingservice"}
{"timestamp": "2026-08-17 17:46:49,232", "severity": "INFO", "message": "[ShipOrder] quote fetched | USD 15.99", "logger": "shippingservice"}
{"timestamp": "2026-08-17 17:46:49,241", "severity": "INFO", "message": "[MongoDB] Shipment persisted: shipping_id=2ff6473a-943f-4680-b190-7ecea8e656f1, tracking_id=OC-69883196-JG", "logger": "shippingservice"}
{"timestamp": "2026-08-17 17:46:49,241", "severity": "INFO", "message": "[ShipOrder] completed request", "logger": "shippingservice"}
{"timestamp": "2026-08-17 17:46:49,302", "severity": "INFO", "message": "[GetQuote] received request", "logger": "shippingservice"}
{"timestamp": "2026-08-17 17:46:49,303", "severity": "INFO", "message": "[GetQuote] item_count=4 → $15.99", "logger": "shippingservice"}
{"timestamp": "2026-08-17 17:46:49,303", "severity": "INFO", "message": "[GetQuote] completed request", "logger": "shippingservice"}
{"timestamp": "2026-08-17 17:46:49,311", "severity": "INFO", "message": "[ShipOrder] received request", "logger": "shippingservice"}
{"timestamp": "2026-08-17 17:46:49,311", "severity": "INFO", "message": "[ShipOrder] base_address='164 Main St, Seattle, WA' → tracking_id=UI-69883196-KO", "logger": "shippingservice"}
{"timestamp": "2026-08-17 17:46:49,312", "severity": "INFO", "message": "[GetQuote] received request", "logger": "shippingservice"}
{"timestamp": "2026-08-17 17:46:49,312", "severity": "INFO", "message": "[GetQuote] item_count=4 → $15.99", "logger": "shippingservice"}
{"timestamp": "2026-08-17 17:46:49,312", "severity": "INFO", "message": "[GetQuote] completed request", "logger": "shippingservice"}
{"timestamp": "2026-08-17 17:46:49,312", "severity": "INFO", "message": "[ShipOrder] quote fetched | USD 15.99", "logger": "shippingservice"}
{"timestamp": "2026-08-17 17:46:49,321", "severity": "INFO", "message": "[MongoDB] Shipment persisted: shipping_id=99b86cf9-9f09-4b93-8e98-6ff21fffabe1, tracking_id=UI-69883196-KO", "logger": "shippingservice"}
{"timestamp": "2026-08-17 17:46:49,321", "severity": "INFO", "message": "[ShipOrder] completed request", "logger": "shippingservice"}
{"timestamp": "2026-08-17 17:46:49,379", "severity": "INFO", "message": "[GetQuote] received request", "logger": "shippingservice"}
{"timestamp": "2026-08-17 17:46:49,380", "severity": "INFO", "message": "[GetQuote] item_count=5 → $23.99", "logger": "shippingservice"}
{"timestamp": "2026-08-17 17:46:49,380", "severity": "INFO", "message": "[GetQuote] completed request", "logger": "shippingservice"}
{"timestamp": "2026-08-17 17:46:49,383", "severity": "INFO", "message": "[ShipOrder] received request", "logger": "shippingservice"}
{"timestamp": "2026-08-17 17:46:49,383", "severity": "INFO", "message": "[ShipOrder] base_address='165 Main St, Seattle, WA' → tracking_id=HJ-89218324-UB", "logger": "shippingservice"}
{"timestamp": "2026-08-17 17:46:49,383", "severity": "INFO", "message": "[GetQuote] received request", "logger": "shippingservice"}
{"timestamp": "2026-08-17 17:46:49,383", "severity": "INFO", "message": "[GetQuote] item_count=5 → $23.99", "logger": "shippingservice"}
{"timestamp": "2026-08-17 17:46:49,384", "severity": "INFO", "message": "[GetQuote] completed request", "logger": "shippingservice"}
{"timestamp": "2026-08-17 17:46:49,384", "severity": "INFO", "message": "[ShipOrder] quote fetched | USD 23.99", "logger": "shippingservice"}
{"timestamp": "2026-08-17 17:46:49,393", "severity": "INFO", "message": "[MongoDB] Shipment persisted: shipping_id=b66ebe1c-692f-4164-bb46-9cbe964d0b15, tracking_id=HJ-89218324-UB", "logger": "shippingservice"}
{"timestamp": "2026-08-17 17:46:49,393", "severity": "INFO", "message": "[ShipOrder] completed request", "logger": "shippingservice"}
{"timestamp": "2026-08-17 17:46:49,455", "severity": "INFO", "message": "[GetQuote] received request", "logger": "shippingservice"}
{"timestamp": "2026-08-17 17:46:49,455", "severity": "INFO", "message": "[GetQuote] item_count=5 → $23.99", "logger": "shippingservice"}
{"timestamp": "2026-08-17 17:46:49,456", "severity": "INFO", "message": "[GetQuote] completed request", "logger": "shippingservice"}
{"timestamp": "2026-08-17 17:46:49,464", "severity": "INFO", "message": "[ShipOrder] received request", "logger": "shippingservice"}
{"timestamp": "2026-08-17 17:46:49,464", "severity": "INFO", "message": "[ShipOrder] base_address='165 Main St, Seattle, WA' → tracking_id=FU-89218324-YU", "logger": "shippingservice"}
{"timestamp": "2026-08-17 17:46:49,464", "severity": "INFO", "message": "[GetQuote] received request", "logger": "shippingservice"}
{"timestamp": "2026-08-17 17:46:49,465", "severity": "INFO", "message": "[GetQuote] item_count=5 → $23.99", "logger": "shippingservice"}
{"timestamp": "2026-08-17 17:46:49,465", "severity": "INFO", "message": "[GetQuote] completed request", "logger": "shippingservice"}
{"timestamp": "2026-08-17 17:46:49,465", "severity": "INFO", "message": "[ShipOrder] quote fetched | USD 23.99", "logger": "shippingservice"}
{"timestamp": "2026-08-17 17:46:49,474", "severity": "INFO", "message": "[MongoDB] Shipment persisted: shipping_id=9fd86208-82f0-4732-ac5b-b5aaf0265940, tracking_id=FU-89218324-YU", "logger": "shippingservice"}
{"timestamp": "2026-08-17 17:46:49,474", "severity": "INFO", "message": "[ShipOrder] completed request", "logger": "shippingservice"}
{"timestamp": "2026-08-17 17:46:49,532", "severity": "INFO", "message": "[GetQuote] received request", "logger": "shippingservice"}
{"timestamp": "2026-08-17 17:46:49,532", "severity": "INFO", "message": "[GetQuote] item_count=6 → $23.99", "logger": "shippingservice"}
{"timestamp": "2026-08-17 17:46:49,532", "severity": "INFO", "message": "[GetQuote] completed request", "logger": "shippingservice"}
{"timestamp": "2026-08-17 17:46:49,535", "severity": "INFO", "message": "[ShipOrder] received request", "logger": "shippingservice"}
{"timestamp": "2026-08-17 17:46:49,536", "severity": "INFO", "message": "[ShipOrder] base_address='166 Main St, Seattle, WA' → tracking_id=MR-32474945-LF", "logger": "shippingservice"}
{"timestamp": "2026-08-17 17:46:49,536", "severity": "INFO", "message": "[GetQuote] received request", "logger": "shippingservice"}
{"timestamp": "2026-08-17 17:46:49,536", "severity": "INFO", "message": "[GetQuote] item_count=6 → $23.99", "logger": "shippingservice"}
{"timestamp": "2026-08-17 17:46:49,536", "severity": "INFO", "message": "[GetQuote] completed request", "logger": "shippingservice"}
{"timestamp": "2026-08-17 17:46:49,537", "severity": "INFO", "message": "[ShipOrder] quote fetched | USD 23.99", "logger": "shippingservice"}
{"timestamp": "2026-08-17 17:46:49,545", "severity": "INFO", "message": "[MongoDB] Shipment persisted: shipping_id=5d77149d-2a58-4967-875b-c7451374481c, tracking_id=MR-32474945-LF", "logger": "shippingservice"}
{"timestamp": "2026-08-17 17:46:49,546", "severity": "INFO", "message": "[ShipOrder] completed request", "logger": "shippingservice"}
{"timestamp": "2026-08-17 17:46:49,607", "severity": "INFO", "message": "[GetQuote] received request", "logger": "shippingservice"}
{"timestamp": "2026-08-17 17:46:49,607", "severity": "INFO", "message": "[GetQuote] item_count=6 → $23.99", "logger": "shippingservice"}
{"timestamp": "2026-08-17 17:46:49,607", "severity": "INFO", "message": "[GetQuote] completed request", "logger": "shippingservice"}
{"timestamp": "2026-08-17 17:46:49,615", "severity": "INFO", "message": "[ShipOrder] received request", "logger": "shippingservice"}
{"timestamp": "2026-08-17 17:46:49,615", "severity": "INFO", "message": "[ShipOrder] base_address='166 Main St, Seattle, WA' → tracking_id=JC-32474945-KK", "logger": "shippingservice"}
{"timestamp": "2026-08-17 17:46:49,615", "severity": "INFO", "message": "[GetQuote] received request", "logger": "shippingservice"}
{"timestamp": "2026-08-17 17:46:49,615", "severity": "INFO", "message": "[GetQuote] item_count=6 → $23.99", "logger": "shippingservice"}
{"timestamp": "2026-08-17 17:46:49,616", "severity": "INFO", "message": "[GetQuote] completed request", "logger": "shippingservice"}
{"timestamp": "2026-08-17 17:46:49,616", "severity": "INFO", "message": "[ShipOrder] quote fetched | USD 23.99", "logger": "shippingservice"}
{"timestamp": "2026-08-17 17:46:49,623", "severity": "INFO", "message": "[MongoDB] Shipment persisted: shipping_id=01a80031-d373-4120-b3b4-d44c929d331f, tracking_id=JC-32474945-KK", "logger": "shippingservice"}
{"timestamp": "2026-08-17 17:46:49,623", "severity": "INFO", "message": "[ShipOrder] completed request", "logger": "shippingservice"}
{"timestamp": "2026-08-17 17:46:49,681", "severity": "INFO", "message": "[GetQuote] received request", "logger": "shippingservice"}
{"timestamp": "2026-08-17 17:46:49,681", "severity": "INFO", "message": "[GetQuote] item_count=7 → $23.99", "logger": "shippingservice"}
{"timestamp": "2026-08-17 17:46:49,681", "severity": "INFO", "message": "[GetQuote] completed request", "logger": "shippingservice"}
{"timestamp": "2026-08-17 17:46:49,684", "severity": "INFO", "message": "[ShipOrder] received request", "logger": "shippingservice"}
{"timestamp": "2026-08-17 17:46:49,685", "severity": "INFO", "message": "[ShipOrder] base_address='167 Main St, Seattle, WA' → tracking_id=WK-00225919-WR", "logger": "shippingservice"}
{"timestamp": "2026-08-17 17:46:49,685", "severity": "INFO", "message": "[GetQuote] received request", "logger": "shippingservice"}
{"timestamp": "2026-08-17 17:46:49,685", "severity": "INFO", "message": "[GetQuote] item_count=7 → $23.99", "logger": "shippingservice"}
{"timestamp": "2026-08-17 17:46:49,685", "severity": "INFO", "message": "[GetQuote] completed request", "logger": "shippingservice"}
{"timestamp": "2026-08-17 17:46:49,686", "severity": "INFO", "message": "[ShipOrder] quote fetched | USD 23.99", "logger": "shippingservice"}
{"timestamp": "2026-08-17 17:46:49,695", "severity": "INFO", "message": "[MongoDB] Shipment persisted: shipping_id=3d06649c-e659-40f0-a71a-2def5b971c2f, tracking_id=WK-00225919-WR", "logger": "shippingservice"}
{"timestamp": "2026-08-17 17:46:49,695", "severity": "INFO", "message": "[ShipOrder] completed request", "logger": "shippingservice"}
{"timestamp": "2026-08-17 17:46:49,757", "severity": "INFO", "message": "[GetQuote] received request", "logger": "shippingservice"}
{"timestamp": "2026-08-17 17:46:49,758", "severity": "INFO", "message": "[GetQuote] item_count=7 → $23.99", "logger": "shippingservice"}
{"timestamp": "2026-08-17 17:46:49,758", "severity": "INFO", "message": "[GetQuote] completed request", "logger": "shippingservice"}
{"timestamp": "2026-08-17 17:46:49,766", "severity": "INFO", "message": "[ShipOrder] received request", "logger": "shippingservice"}
{"timestamp": "2026-08-17 17:46:49,767", "severity": "INFO", "message": "[ShipOrder] base_address='167 Main St, Seattle, WA' → tracking_id=RZ-00225919-MM", "logger": "shippingservice"}
{"timestamp": "2026-08-17 17:46:49,767", "severity": "INFO", "message": "[GetQuote] received request", "logger": "shippingservice"}
{"timestamp": "2026-08-17 17:46:49,767", "severity": "INFO", "message": "[GetQuote] item_count=7 → $23.99", "logger": "shippingservice"}
{"timestamp": "2026-08-17 17:46:49,767", "severity": "INFO", "message": "[GetQuote] completed request", "logger": "shippingservice"}
{"timestamp": "2026-08-17 17:46:49,767", "severity": "INFO", "message": "[ShipOrder] quote fetched | USD 23.99", "logger": "shippingservice"}
{"timestamp": "2026-08-17 17:46:49,777", "severity": "INFO", "message": "[MongoDB] Shipment persisted: shipping_id=731a7b0c-f22e-40c1-bf31-7249c414173e, tracking_id=RZ-00225919-MM", "logger": "shippingservice"}
{"timestamp": "2026-08-17 17:46:49,778", "severity": "INFO", "message": "[ShipOrder] completed request", "logger": "shippingservice"}
{"timestamp": "2026-08-17 17:46:49,836", "severity": "INFO", "message": "[GetQuote] received request", "logger": "shippingservice"}
{"timestamp": "2026-08-17 17:46:49,836", "severity": "INFO", "message": "[GetQuote] item_count=8 → $31.99", "logger": "shippingservice"}
{"timestamp": "2026-08-17 17:46:49,836", "severity": "INFO", "message": "[GetQuote] completed request", "logger": "shippingservice"}
{"timestamp": "2026-08-17 17:46:49,839", "severity": "INFO", "message": "[ShipOrder] received request", "logger": "shippingservice"}
{"timestamp": "2026-08-17 17:46:49,840", "severity": "INFO", "message": "[ShipOrder] base_address='168 Main St, Seattle, WA' → tracking_id=RP-99389642-DM", "logger": "shippingservice"}
{"timestamp": "2026-08-17 17:46:49,840", "severity": "INFO", "message": "[GetQuote] received request", "logger": "shippingservice"}
{"timestamp": "2026-08-17 17:46:49,840", "severity": "INFO", "message": "[GetQuote] item_count=8 → $31.99", "logger": "shippingservice"}
{"timestamp": "2026-08-17 17:46:49,841", "severity": "INFO", "message": "[GetQuote] completed request", "logger": "shippingservice"}
{"timestamp": "2026-08-17 17:46:49,841", "severity": "INFO", "message": "[ShipOrder] quote fetched | USD 31.99", "logger": "shippingservice"}
{"timestamp": "2026-08-17 17:46:49,850", "severity": "INFO", "message": "[MongoDB] Shipment persisted: shipping_id=3107a2a4-2842-426b-9953-4f72f63a0ffb, tracking_id=RP-99389642-DM", "logger": "shippingservice"}
{"timestamp": "2026-08-17 17:46:49,850", "severity": "INFO", "message": "[ShipOrder] completed request", "logger": "shippingservice"}
{"timestamp": "2026-08-17 17:46:49,911", "severity": "INFO", "message": "[GetQuote] received request", "logger": "shippingservice"}
{"timestamp": "2026-08-17 17:46:49,912", "severity": "INFO", "message": "[GetQuote] item_count=8 → $31.99", "logger": "shippingservice"}
{"timestamp": "2026-08-17 17:46:49,912", "severity": "INFO", "message": "[GetQuote] completed request", "logger": "shippingservice"}
{"timestamp": "2026-08-17 17:46:49,920", "severity": "INFO", "message": "[ShipOrder] received request", "logger": "shippingservice"}
{"timestamp": "2026-08-17 17:46:49,920", "severity": "INFO", "message": "[ShipOrder] base_address='168 Main St, Seattle, WA' → tracking_id=GK-99389642-SX", "logger": "shippingservice"}
{"timestamp": "2026-08-17 17:46:49,921", "severity": "INFO", "message": "[GetQuote] received request", "logger": "shippingservice"}
{"timestamp": "2026-08-17 17:46:49,921", "severity": "INFO", "message": "[GetQuote] item_count=8 → $31.99", "logger": "shippingservice"}
{"timestamp": "2026-08-17 17:46:49,921", "severity": "INFO", "message": "[GetQuote] completed request", "logger": "shippingservice"}
{"timestamp": "2026-08-17 17:46:49,921", "severity": "INFO", "message": "[ShipOrder] quote fetched | USD 31.99", "logger": "shippingservice"}
{"timestamp": "2026-08-17 17:46:49,930", "severity": "INFO", "message": "[MongoDB] Shipment persisted: shipping_id=f175f5f4-e74d-42cf-9502-2e659fb7d087, tracking_id=GK-99389642-SX", "logger": "shippingservice"}
{"timestamp": "2026-08-17 17:46:49,930", "severity": "INFO", "message": "[ShipOrder] completed request", "logger": "shippingservice"}
{"timestamp": "2026-08-17 17:46:49,989", "severity": "INFO", "message": "[GetQuote] received request", "logger": "shippingservice"}
{"timestamp": "2026-08-17 17:46:49,989", "severity": "INFO", "message": "[GetQuote] item_count=9 → $31.99", "logger": "shippingservice"}
{"timestamp": "2026-08-17 17:46:49,989", "severity": "INFO", "message": "[GetQuote] completed request", "logger": "shippingservice"}
{"timestamp": "2026-08-17 17:46:49,992", "severity": "INFO", "message": "[ShipOrder] received request", "logger": "shippingservice"}
{"timestamp": "2026-08-17 17:46:49,992", "severity": "INFO", "message": "[ShipOrder] base_address='169 Main St, Seattle, WA' → tracking_id=AD-99354283-LL", "logger": "shippingservice"}
{"timestamp": "2026-08-17 17:46:49,993", "severity": "INFO", "message": "[GetQuote] received request", "logger": "shippingservice"}
{"timestamp": "2026-08-17 17:46:49,993", "severity": "INFO", "message": "[GetQuote] item_count=9 → $31.99", "logger": "shippingservice"}
{"timestamp": "2026-08-17 17:46:49,993", "severity": "INFO", "message": "[GetQuote] completed request", "logger": "shippingservice"}
{"timestamp": "2026-08-17 17:46:49,993", "severity": "INFO", "message": "[ShipOrder] quote fetched | USD 31.99", "logger": "shippingservice"}
{"timestamp": "2026-08-17 17:46:50,003", "severity": "INFO", "message": "[MongoDB] Shipment persisted: shipping_id=c34a957c-7be7-4221-8a7b-0c0840b05a54, tracking_id=AD-99354283-LL", "logger": "shippingservice"}
{"timestamp": "2026-08-17 17:46:50,003", "severity": "INFO", "message": "[ShipOrder] completed request", "logger": "shippingservice"}
{"timestamp": "2026-08-17 17:46:50,061", "severity": "INFO", "message": "[GetQuote] received request", "logger": "shippingservice"}
{"timestamp": "2026-08-17 17:46:50,061", "severity": "INFO", "message": "[GetQuote] item_count=9 → $31.99", "logger": "shippingservice"}
{"timestamp": "2026-08-17 17:46:50,061", "severity": "INFO", "message": "[GetQuote] completed request", "logger": "shippingservice"}
{"timestamp": "2026-08-17 17:46:50,065", "severity": "INFO", "message": "[ShipOrder] received request", "logger": "shippingservice"}
{"timestamp": "2026-08-17 17:46:50,066", "severity": "INFO", "message": "[ShipOrder] base_address='169 Main St, Seattle, WA' → tracking_id=NK-99354283-GV", "logger": "shippingservice"}
{"timestamp": "2026-08-17 17:46:50,066", "severity": "INFO", "message": "[GetQuote] received request", "logger": "shippingservice"}
{"timestamp": "2026-08-17 17:46:50,066", "severity": "INFO", "message": "[GetQuote] item_count=9 → $31.99", "logger": "shippingservice"}
{"timestamp": "2026-08-17 17:46:50,066", "severity": "INFO", "message": "[GetQuote] completed request", "logger": "shippingservice"}
{"timestamp": "2026-08-17 17:46:50,066", "severity": "INFO", "message": "[ShipOrder] quote fetched | USD 31.99", "logger": "shippingservice"}
{"timestamp": "2026-08-17 17:46:50,071", "severity": "INFO", "message": "[MongoDB] Shipment persisted: shipping_id=19061c98-e709-4de2-8513-7eccc983cdaf, tracking_id=NK-99354283-GV", "logger": "shippingservice"}
{"timestamp": "2026-08-17 17:46:50,071", "severity": "INFO", "message": "[ShipOrder] completed request", "logger": "shippingservice"}
{"timestamp": "2026-08-17 17:46:50,128", "severity": "INFO", "message": "[GetQuote] received request", "logger": "shippingservice"}
{"timestamp": "2026-08-17 17:46:50,129", "severity": "INFO", "message": "[GetQuote] item_count=10 → $39.99", "logger": "shippingservice"}
{"timestamp": "2026-08-17 17:46:50,129", "severity": "INFO", "message": "[GetQuote] completed request", "logger": "shippingservice"}
{"timestamp": "2026-08-17 17:46:50,132", "severity": "INFO", "message": "[ShipOrder] received request", "logger": "shippingservice"}
{"timestamp": "2026-08-17 17:46:50,132", "severity": "INFO", "message": "[ShipOrder] base_address='170 Main St, Seattle, WA' → tracking_id=IV-37902320-UR", "logger": "shippingservice"}
{"timestamp": "2026-08-17 17:46:50,133", "severity": "INFO", "message": "[GetQuote] received request", "logger": "shippingservice"}
{"timestamp": "2026-08-17 17:46:50,133", "severity": "INFO", "message": "[GetQuote] item_count=10 → $39.99", "logger": "shippingservice"}
{"timestamp": "2026-08-17 17:46:50,133", "severity": "INFO", "message": "[GetQuote] completed request", "logger": "shippingservice"}
{"timestamp": "2026-08-17 17:46:50,133", "severity": "INFO", "message": "[ShipOrder] quote fetched | USD 39.99", "logger": "shippingservice"}
{"timestamp": "2026-08-17 17:46:50,142", "severity": "INFO", "message": "[MongoDB] Shipment persisted: shipping_id=308158db-fb78-4003-940c-2730312c278b, tracking_id=IV-37902320-UR", "logger": "shippingservice"}
{"timestamp": "2026-08-17 17:46:50,143", "severity": "INFO", "message": "[ShipOrder] completed request", "logger": "shippingservice"}
{"timestamp": "2026-08-17 17:46:50,199", "severity": "INFO", "message": "[GetQuote] received request", "logger": "shippingservice"}
{"timestamp": "2026-08-17 17:46:50,199", "severity": "INFO", "message": "[GetQuote] item_count=10 → $39.99", "logger": "shippingservice"}
{"timestamp": "2026-08-17 17:46:50,199", "severity": "INFO", "message": "[GetQuote] completed request", "logger": "shippingservice"}
{"timestamp": "2026-08-17 17:46:50,203", "severity": "INFO", "message": "[ShipOrder] received request", "logger": "shippingservice"}
{"timestamp": "2026-08-17 17:46:50,203", "severity": "INFO", "message": "[ShipOrder] base_address='170 Main St, Seattle, WA' → tracking_id=FB-37902320-VV", "logger": "shippingservice"}
{"timestamp": "2026-08-17 17:46:50,203", "severity": "INFO", "message": "[GetQuote] received request", "logger": "shippingservice"}
{"timestamp": "2026-08-17 17:46:50,203", "severity": "INFO", "message": "[GetQuote] item_count=10 → $39.99", "logger": "shippingservice"}
{"timestamp": "2026-08-17 17:46:50,203", "severity": "INFO", "message": "[GetQuote] completed request", "logger": "shippingservice"}
{"timestamp": "2026-08-17 17:46:50,204", "severity": "INFO", "message": "[ShipOrder] quote fetched | USD 39.99", "logger": "shippingservice"}
{"timestamp": "2026-08-17 17:46:50,207", "severity": "INFO", "message": "[MongoDB] Shipment persisted: shipping_id=9cb4f360-c6e0-440e-aa0f-ee0700afa925, tracking_id=FB-37902320-VV", "logger": "shippingservice"}
{"timestamp": "2026-08-17 17:46:50,207", "severity": "INFO", "message": "[ShipOrder] completed request", "logger": "shippingservice"}
{"timestamp": "2026-08-17 17:46:50,263", "severity": "INFO", "message": "[GetQuote] received request", "logger": "shippingservice"}
{"timestamp": "2026-08-17 17:46:50,263", "severity": "INFO", "message": "[GetQuote] item_count=11 → $39.99", "logger": "shippingservice"}
{"timestamp": "2026-08-17 17:46:50,264", "severity": "INFO", "message": "[GetQuote] completed request", "logger": "shippingservice"}
{"timestamp": "2026-08-17 17:46:50,266", "severity": "INFO", "message": "[ShipOrder] received request", "logger": "shippingservice"}
{"timestamp": "2026-08-17 17:46:50,267", "severity": "INFO", "message": "[ShipOrder] base_address='171 Main St, Seattle, WA' → tracking_id=RV-79705442-PU", "logger": "shippingservice"}
{"timestamp": "2026-08-17 17:46:50,267", "severity": "INFO", "message": "[GetQuote] received request", "logger": "shippingservice"}
{"timestamp": "2026-08-17 17:46:50,268", "severity": "INFO", "message": "[GetQuote] item_count=11 → $39.99", "logger": "shippingservice"}
{"timestamp": "2026-08-17 17:46:50,268", "severity": "INFO", "message": "[GetQuote] completed request", "logger": "shippingservice"}
{"timestamp": "2026-08-17 17:46:50,268", "severity": "INFO", "message": "[ShipOrder] quote fetched | USD 39.99", "logger": "shippingservice"}
{"timestamp": "2026-08-17 17:46:50,276", "severity": "INFO", "message": "[MongoDB] Shipment persisted: shipping_id=8ff7ab5b-5d16-4ae2-bbba-f67702c8179d, tracking_id=RV-79705442-PU", "logger": "shippingservice"}
{"timestamp": "2026-08-17 17:46:50,276", "severity": "INFO", "message": "[ShipOrder] completed request", "logger": "shippingservice"}
{"timestamp": "2026-08-17 17:46:50,337", "severity": "INFO", "message": "[GetQuote] received request", "logger": "shippingservice"}
{"timestamp": "2026-08-17 17:46:50,337", "severity": "INFO", "message": "[GetQuote] item_count=11 → $39.99", "logger": "shippingservice"}
{"timestamp": "2026-08-17 17:46:50,337", "severity": "INFO", "message": "[GetQuote] completed request", "logger": "shippingservice"}
{"timestamp": "2026-08-17 17:46:50,346", "severity": "INFO", "message": "[ShipOrder] received request", "logger": "shippingservice"}
{"timestamp": "2026-08-17 17:46:50,346", "severity": "INFO", "message": "[ShipOrder] base_address='171 Main St, Seattle, WA' → tracking_id=AI-79705442-AO", "logger": "shippingservice"}
{"timestamp": "2026-08-17 17:46:50,347", "severity": "INFO", "message": "[GetQuote] received request", "logger": "shippingservice"}
{"timestamp": "2026-08-17 17:46:50,347", "severity": "INFO", "message": "[GetQuote] item_count=11 → $39.99", "logger": "shippingservice"}
{"timestamp": "2026-08-17 17:46:50,347", "severity": "INFO", "message": "[GetQuote] completed request", "logger": "shippingservice"}
{"timestamp": "2026-08-17 17:46:50,347", "severity": "INFO", "message": "[ShipOrder] quote fetched | USD 39.99", "logger": "shippingservice"}
{"timestamp": "2026-08-17 17:46:50,356", "severity": "INFO", "message": "[MongoDB] Shipment persisted: shipping_id=c40f8330-4dd9-4db4-96ea-29483cde03cd, tracking_id=AI-79705442-AO", "logger": "shippingservice"}
{"timestamp": "2026-08-17 17:46:50,356", "severity": "INFO", "message": "[ShipOrder] completed request", "logger": "shippingservice"}
{"timestamp": "2026-08-17 17:46:50,411", "severity": "INFO", "message": "[GetQuote] received request", "logger": "shippingservice"}
{"timestamp": "2026-08-17 17:46:50,411", "severity": "INFO", "message": "[GetQuote] item_count=0 → $0.00", "logger": "shippingservice"}
{"timestamp": "2026-08-17 17:46:50,412", "severity": "INFO", "message": "[GetQuote] completed request", "logger": "shippingservice"}
{"timestamp": "2026-08-17 17:46:50,413", "severity": "INFO", "message": "[ShipOrder] received request", "logger": "shippingservice"}
{"timestamp": "2026-08-17 17:46:50,413", "severity": "INFO", "message": "[ShipOrder] base_address='172 Main St, Seattle, WA' → tracking_id=GC-51232787-XY", "logger": "shippingservice"}
{"timestamp": "2026-08-17 17:46:50,413", "severity": "INFO", "message": "[GetQuote] received request", "logger": "shippingservice"}
{"timestamp": "2026-08-17 17:46:50,413", "severity": "INFO", "message": "[GetQuote] item_count=0 → $0.00", "logger": "shippingservice"}
{"timestamp": "2026-08-17 17:46:50,414", "severity": "INFO", "message": "[GetQuote] completed request", "logger": "shippingservice"}
{"timestamp": "2026-08-17 17:46:50,414", "severity": "INFO", "message": "[ShipOrder] quote fetched | USD 0.00", "logger": "shippingservice"}
{"timestamp": "2026-08-17 17:46:50,417", "severity": "INFO", "message": "[MongoDB] Shipment persisted: shipping_id=94a8e447-e7cc-4b76-b3b6-5ec6e437abca, tracking_id=GC-51232787-XY", "logger": "shippingservice"}
{"timestamp": "2026-08-17 17:46:50,417", "severity": "INFO", "message": "[ShipOrder] completed request", "logger": "shippingservice"}
{"timestamp": "2026-08-17 17:46:50,481", "severity": "INFO", "message": "[GetQuote] received request", "logger": "shippingservice"}
{"timestamp": "2026-08-17 17:46:50,481", "severity": "INFO", "message": "[GetQuote] item_count=0 → $0.00", "logger": "shippingservice"}
{"timestamp": "2026-08-17 17:46:50,482", "severity": "INFO", "message": "[GetQuote] completed request", "logger": "shippingservice"}
{"timestamp": "2026-08-17 17:46:50,492", "severity": "INFO", "message": "[ShipOrder] received request", "logger": "shippingservice"}
{"timestamp": "2026-08-17 17:46:50,492", "severity": "INFO", "message": "[ShipOrder] base_address='172 Main St, Seattle, WA' → tracking_id=NH-51232787-YV", "logger": "shippingservice"}
{"timestamp": "2026-08-17 17:46:50,492", "severity": "INFO", "message": "[GetQuote] received request", "logger": "shippingservice"}
{"timestamp": "2026-08-17 17:46:50,493", "severity": "INFO", "message": "[GetQuote] item_count=0 → $0.00", "logger": "shippingservice"}
{"timestamp": "2026-08-17 17:46:50,493", "severity": "INFO", "message": "[GetQuote] completed request", "logger": "shippingservice"}
{"timestamp": "2026-08-17 17:46:50,493", "severity": "INFO", "message": "[ShipOrder] quote fetched | USD 0.00", "logger": "shippingservice"}
{"timestamp": "2026-08-17 17:46:50,502", "severity": "INFO", "message": "[MongoDB] Shipment persisted: shipping_id=26914142-efd3-4523-b7d5-1fd3ce06b1cd, tracking_id=NH-51232787-YV", "logger": "shippingservice"}
{"timestamp": "2026-08-17 17:46:50,502", "severity": "INFO", "message": "[ShipOrder] completed request", "logger": "shippingservice"}
{"timestamp": "2026-08-17 17:46:50,561", "severity": "INFO", "message": "[GetQuote] received request", "logger": "shippingservice"}
{"timestamp": "2026-08-17 17:46:50,561", "severity": "INFO", "message": "[GetQuote] item_count=1 → $8.99", "logger": "shippingservice"}
{"timestamp": "2026-08-17 17:46:50,561", "severity": "INFO", "message": "[GetQuote] completed request", "logger": "shippingservice"}
{"timestamp": "2026-08-17 17:46:50,564", "severity": "INFO", "message": "[ShipOrder] received request", "logger": "shippingservice"}
{"timestamp": "2026-08-17 17:46:50,565", "severity": "INFO", "message": "[ShipOrder] base_address='173 Main St, Seattle, WA' → tracking_id=AN-26914494-RR", "logger": "shippingservice"}
{"timestamp": "2026-08-17 17:46:50,565", "severity": "INFO", "message": "[GetQuote] received request", "logger": "shippingservice"}
{"timestamp": "2026-08-17 17:46:50,565", "severity": "INFO", "message": "[GetQuote] item_count=1 → $8.99", "logger": "shippingservice"}
{"timestamp": "2026-08-17 17:46:50,565", "severity": "INFO", "message": "[GetQuote] completed request", "logger": "shippingservice"}
{"timestamp": "2026-08-17 17:46:50,565", "severity": "INFO", "message": "[ShipOrder] quote fetched | USD 8.99", "logger": "shippingservice"}
{"timestamp": "2026-08-17 17:46:50,574", "severity": "INFO", "message": "[MongoDB] Shipment persisted: shipping_id=f671791f-6889-4262-bb59-e5628d98f052, tracking_id=AN-26914494-RR", "logger": "shippingservice"}
{"timestamp": "2026-08-17 17:46:50,574", "severity": "INFO", "message": "[ShipOrder] completed request", "logger": "shippingservice"}
{"timestamp": "2026-08-17 17:46:50,636", "severity": "INFO", "message": "[GetQuote] received request", "logger": "shippingservice"}
{"timestamp": "2026-08-17 17:46:50,636", "severity": "INFO", "message": "[GetQuote] item_count=1 → $8.99", "logger": "shippingservice"}
{"timestamp": "2026-08-17 17:46:50,636", "severity": "INFO", "message": "[GetQuote] completed request", "logger": "shippingservice"}
{"timestamp": "2026-08-17 17:46:50,645", "severity": "INFO", "message": "[ShipOrder] received request", "logger": "shippingservice"}
{"timestamp": "2026-08-17 17:46:50,645", "severity": "INFO", "message": "[ShipOrder] base_address='173 Main St, Seattle, WA' → tracking_id=XZ-26914494-PS", "logger": "shippingservice"}
{"timestamp": "2026-08-17 17:46:50,645", "severity": "INFO", "message": "[GetQuote] received request", "logger": "shippingservice"}
{"timestamp": "2026-08-17 17:46:50,645", "severity": "INFO", "message": "[GetQuote] item_count=1 → $8.99", "logger": "shippingservice"}
{"timestamp": "2026-08-17 17:46:50,646", "severity": "INFO", "message": "[GetQuote] completed request", "logger": "shippingservice"}
{"timestamp": "2026-08-17 17:46:50,646", "severity": "INFO", "message": "[ShipOrder] quote fetched | USD 8.99", "logger": "shippingservice"}
{"timestamp": "2026-08-17 17:46:50,654", "severity": "INFO", "message": "[MongoDB] Shipment persisted: shipping_id=737540c9-028e-4928-957d-ba741e6917c7, tracking_id=XZ-26914494-PS", "logger": "shippingservice"}
{"timestamp": "2026-08-17 17:46:50,655", "severity": "INFO", "message": "[ShipOrder] completed request", "logger": "shippingservice"}
{"timestamp": "2026-08-17 17:46:50,712", "severity": "INFO", "message": "[GetQuote] received request", "logger": "shippingservice"}
{"timestamp": "2026-08-17 17:46:50,713", "severity": "INFO", "message": "[GetQuote] item_count=2 → $8.99", "logger": "shippingservice"}
{"timestamp": "2026-08-17 17:46:50,713", "severity": "INFO", "message": "[GetQuote] completed request", "logger": "shippingservice"}
{"timestamp": "2026-08-17 17:46:50,716", "severity": "INFO", "message": "[ShipOrder] received request", "logger": "shippingservice"}
{"timestamp": "2026-08-17 17:46:50,716", "severity": "INFO", "message": "[ShipOrder] base_address='174 Main St, Seattle, WA' → tracking_id=FT-84362729-JN", "logger": "shippingservice"}
{"timestamp": "2026-08-17 17:46:50,717", "severity": "INFO", "message": "[GetQuote] received request", "logger": "shippingservice"}
{"timestamp": "2026-08-17 17:46:50,717", "severity": "INFO", "message": "[GetQuote] item_count=2 → $8.99", "logger": "shippingservice"}
{"timestamp": "2026-08-17 17:46:50,717", "severity": "INFO", "message": "[GetQuote] completed request", "logger": "shippingservice"}
{"timestamp": "2026-08-17 17:46:50,717", "severity": "INFO", "message": "[ShipOrder] quote fetched | USD 8.99", "logger": "shippingservice"}
{"timestamp": "2026-08-17 17:46:50,726", "severity": "INFO", "message": "[MongoDB] Shipment persisted: shipping_id=61b898ac-fe57-41ef-98f5-2588327ecc53, tracking_id=FT-84362729-JN", "logger": "shippingservice"}
{"timestamp": "2026-08-17 17:46:50,726", "severity": "INFO", "message": "[ShipOrder] completed request", "logger": "shippingservice"}
{"timestamp": "2026-08-17 17:46:50,788", "severity": "INFO", "message": "[GetQuote] received request", "logger": "shippingservice"}
{"timestamp": "2026-08-17 17:46:50,788", "severity": "INFO", "message": "[GetQuote] item_count=2 → $8.99", "logger": "shippingservice"}
{"timestamp": "2026-08-17 17:46:50,788", "severity": "INFO", "message": "[GetQuote] completed request", "logger": "shippingservice"}
{"timestamp": "2026-08-17 17:46:50,796", "severity": "INFO", "message": "[ShipOrder] received request", "logger": "shippingservice"}
{"timestamp": "2026-08-17 17:46:50,796", "severity": "INFO", "message": "[ShipOrder] base_address='174 Main St, Seattle, WA' → tracking_id=LE-84362729-HN", "logger": "shippingservice"}
{"timestamp": "2026-08-17 17:46:50,797", "severity": "INFO", "message": "[GetQuote] received request", "logger": "shippingservice"}
{"timestamp": "2026-08-17 17:46:50,797", "severity": "INFO", "message": "[GetQuote] item_count=2 → $8.99", "logger": "shippingservice"}
{"timestamp": "2026-08-17 17:46:50,797", "severity": "INFO", "message": "[GetQuote] completed request", "logger": "shippingservice"}
{"timestamp": "2026-08-17 17:46:50,797", "severity": "INFO", "message": "[ShipOrder] quote fetched | USD 8.99", "logger": "shippingservice"}
{"timestamp": "2026-08-17 17:46:50,806", "severity": "INFO", "message": "[MongoDB] Shipment persisted: shipping_id=75a25198-cb10-416d-b7d8-7a4a9c46d7ec, tracking_id=LE-84362729-HN", "logger": "shippingservice"}
{"timestamp": "2026-08-17 17:46:50,806", "severity": "INFO", "message": "[ShipOrder] completed request", "logger": "shippingservice"}
{"timestamp": "2026-08-17 17:46:50,864", "severity": "INFO", "message": "[GetQuote] received request", "logger": "shippingservice"}
{"timestamp": "2026-08-17 17:46:50,865", "severity": "INFO", "message": "[GetQuote] item_count=3 → $15.99", "logger": "shippingservice"}
{"timestamp": "2026-08-17 17:46:50,865", "severity": "INFO", "message": "[GetQuote] completed request", "logger": "shippingservice"}
{"timestamp": "2026-08-17 17:46:50,868", "severity": "INFO", "message": "[ShipOrder] received request", "logger": "shippingservice"}
{"timestamp": "2026-08-17 17:46:50,868", "severity": "INFO", "message": "[ShipOrder] base_address='175 Main St, Seattle, WA' → tracking_id=SC-86039360-FC", "logger": "shippingservice"}
{"timestamp": "2026-08-17 17:46:50,869", "severity": "INFO", "message": "[GetQuote] received request", "logger": "shippingservice"}
{"timestamp": "2026-08-17 17:46:50,869", "severity": "INFO", "message": "[GetQuote] item_count=3 → $15.99", "logger": "shippingservice"}
{"timestamp": "2026-08-17 17:46:50,869", "severity": "INFO", "message": "[GetQuote] completed request", "logger": "shippingservice"}
{"timestamp": "2026-08-17 17:46:50,869", "severity": "INFO", "message": "[ShipOrder] quote fetched | USD 15.99", "logger": "shippingservice"}
{"timestamp": "2026-08-17 17:46:50,878", "severity": "INFO", "message": "[MongoDB] Shipment persisted: shipping_id=ab75a5a6-d396-48b6-ad0e-edbdbe7e2e1b, tracking_id=SC-86039360-FC", "logger": "shippingservice"}
{"timestamp": "2026-08-17 17:46:50,878", "severity": "INFO", "message": "[ShipOrder] completed request", "logger": "shippingservice"}
{"timestamp": "2026-08-17 17:46:50,940", "severity": "INFO", "message": "[GetQuote] received request", "logger": "shippingservice"}
{"timestamp": "2026-08-17 17:46:50,940", "severity": "INFO", "message": "[GetQuote] item_count=3 → $15.99", "logger": "shippingservice"}
{"timestamp": "2026-08-17 17:46:50,941", "severity": "INFO", "message": "[GetQuote] completed request", "logger": "shippingservice"}
{"timestamp": "2026-08-17 17:46:50,949", "severity": "INFO", "message": "[ShipOrder] received request", "logger": "shippingservice"}
{"timestamp": "2026-08-17 17:46:50,949", "severity": "INFO", "message": "[ShipOrder] base_address='175 Main St, Seattle, WA' → tracking_id=HH-86039360-JM", "logger": "shippingservice"}
{"timestamp": "2026-08-17 17:46:50,950", "severity": "INFO", "message": "[GetQuote] received request", "logger": "shippingservice"}
{"timestamp": "2026-08-17 17:46:50,950", "severity": "INFO", "message": "[GetQuote] item_count=3 → $15.99", "logger": "shippingservice"}
{"timestamp": "2026-08-17 17:46:50,950", "severity": "INFO", "message": "[GetQuote] completed request", "logger": "shippingservice"}
{"timestamp": "2026-08-17 17:46:50,950", "severity": "INFO", "message": "[ShipOrder] quote fetched | USD 15.99", "logger": "shippingservice"}
{"timestamp": "2026-08-17 17:46:50,960", "severity": "INFO", "message": "[MongoDB] Shipment persisted: shipping_id=a562453a-759c-419d-b1b4-b19a44ba54d5, tracking_id=HH-86039360-JM", "logger": "shippingservice"}
{"timestamp": "2026-08-17 17:46:50,960", "severity": "INFO", "message": "[ShipOrder] completed request", "logger": "shippingservice"}
{"timestamp": "2026-08-17 17:46:51,018", "severity": "INFO", "message": "[GetQuote] received request", "logger": "shippingservice"}
{"timestamp": "2026-08-17 17:46:51,019", "severity": "INFO", "message": "[GetQuote] item_count=4 → $15.99", "logger": "shippingservice"}
{"timestamp": "2026-08-17 17:46:51,019", "severity": "INFO", "message": "[GetQuote] completed request", "logger": "shippingservice"}
{"timestamp": "2026-08-17 17:46:51,022", "severity": "INFO", "message": "[ShipOrder] received request", "logger": "shippingservice"}
{"timestamp": "2026-08-17 17:46:51,022", "severity": "INFO", "message": "[ShipOrder] base_address='176 Main St, Seattle, WA' → tracking_id=KS-26209797-EO", "logger": "shippingservice"}
{"timestamp": "2026-08-17 17:46:51,022", "severity": "INFO", "message": "[GetQuote] received request", "logger": "shippingservice"}
{"timestamp": "2026-08-17 17:46:51,023", "severity": "INFO", "message": "[GetQuote] item_count=4 → $15.99", "logger": "shippingservice"}
{"timestamp": "2026-08-17 17:46:51,023", "severity": "INFO", "message": "[GetQuote] completed request", "logger": "shippingservice"}
{"timestamp": "2026-08-17 17:46:51,023", "severity": "INFO", "message": "[ShipOrder] quote fetched | USD 15.99", "logger": "shippingservice"}
{"timestamp": "2026-08-17 17:46:51,032", "severity": "INFO", "message": "[MongoDB] Shipment persisted: shipping_id=04d5b337-2c36-4dfe-bd64-cf8ddeaf0764, tracking_id=KS-26209797-EO", "logger": "shippingservice"}
{"timestamp": "2026-08-17 17:46:51,032", "severity": "INFO", "message": "[ShipOrder] completed request", "logger": "shippingservice"}
{"timestamp": "2026-08-17 17:46:51,093", "severity": "INFO", "message": "[GetQuote] received request", "logger": "shippingservice"}
{"timestamp": "2026-08-17 17:46:51,093", "severity": "INFO", "message": "[GetQuote] item_count=4 → $15.99", "logger": "shippingservice"}
{"timestamp": "2026-08-17 17:46:51,094", "severity": "INFO", "message": "[GetQuote] completed request", "logger": "shippingservice"}
{"timestamp": "2026-08-17 17:46:51,102", "severity": "INFO", "message": "[ShipOrder] received request", "logger": "shippingservice"}
{"timestamp": "2026-08-17 17:46:51,102", "severity": "INFO", "message": "[ShipOrder] base_address='176 Main St, Seattle, WA' → tracking_id=JS-26209797-LS", "logger": "shippingservice"}
{"timestamp": "2026-08-17 17:46:51,103", "severity": "INFO", "message": "[GetQuote] received request", "logger": "shippingservice"}
{"timestamp": "2026-08-17 17:46:51,103", "severity": "INFO", "message": "[GetQuote] item_count=4 → $15.99", "logger": "shippingservice"}
{"timestamp": "2026-08-17 17:46:51,103", "severity": "INFO", "message": "[GetQuote] completed request", "logger": "shippingservice"}
{"timestamp": "2026-08-17 17:46:51,104", "severity": "INFO", "message": "[ShipOrder] quote fetched | USD 15.99", "logger": "shippingservice"}
{"timestamp": "2026-08-17 17:46:51,112", "severity": "INFO", "message": "[MongoDB] Shipment persisted: shipping_id=684ffd14-f9d5-411d-a423-4129d0f01de7, tracking_id=JS-26209797-LS", "logger": "shippingservice"}
{"timestamp": "2026-08-17 17:46:51,112", "severity": "INFO", "message": "[ShipOrder] completed request", "logger": "shippingservice"}
{"timestamp": "2026-08-17 17:46:51,170", "severity": "INFO", "message": "[GetQuote] received request", "logger": "shippingservice"}
{"timestamp": "2026-08-17 17:46:51,170", "severity": "INFO", "message": "[GetQuote] item_count=5 → $23.99", "logger": "shippingservice"}
{"timestamp": "2026-08-17 17:46:51,171", "severity": "INFO", "message": "[GetQuote] completed request", "logger": "shippingservice"}
{"timestamp": "2026-08-17 17:46:51,173", "severity": "INFO", "message": "[ShipOrder] received request", "logger": "shippingservice"}
{"timestamp": "2026-08-17 17:46:51,173", "severity": "INFO", "message": "[ShipOrder] base_address='177 Main St, Seattle, WA' → tracking_id=MH-70866243-XG", "logger": "shippingservice"}
{"timestamp": "2026-08-17 17:46:51,174", "severity": "INFO", "message": "[GetQuote] received request", "logger": "shippingservice"}
{"timestamp": "2026-08-17 17:46:51,174", "severity": "INFO", "message": "[GetQuote] item_count=5 → $23.99", "logger": "shippingservice"}
{"timestamp": "2026-08-17 17:46:51,174", "severity": "INFO", "message": "[GetQuote] completed request", "logger": "shippingservice"}
{"timestamp": "2026-08-17 17:46:51,174", "severity": "INFO", "message": "[ShipOrder] quote fetched | USD 23.99", "logger": "shippingservice"}
{"timestamp": "2026-08-17 17:46:51,182", "severity": "INFO", "message": "[MongoDB] Shipment persisted: shipping_id=97e009ca-7425-4f40-b088-9df0bd603144, tracking_id=MH-70866243-XG", "logger": "shippingservice"}
{"timestamp": "2026-08-17 17:46:51,182", "severity": "INFO", "message": "[ShipOrder] completed request", "logger": "shippingservice"}
{"timestamp": "2026-08-17 17:46:51,237", "severity": "INFO", "message": "[GetQuote] received request", "logger": "shippingservice"}
{"timestamp": "2026-08-17 17:46:51,237", "severity": "INFO", "message": "[GetQuote] item_count=5 → $23.99", "logger": "shippingservice"}
{"timestamp": "2026-08-17 17:46:51,237", "severity": "INFO", "message": "[GetQuote] completed request", "logger": "shippingservice"}
{"timestamp": "2026-08-17 17:46:51,240", "severity": "INFO", "message": "[ShipOrder] received request", "logger": "shippingservice"}
{"timestamp": "2026-08-17 17:46:51,240", "severity": "INFO", "message": "[ShipOrder] base_address='177 Main St, Seattle, WA' → tracking_id=SW-70866243-LI", "logger": "shippingservice"}
{"timestamp": "2026-08-17 17:46:51,240", "severity": "INFO", "message": "[GetQuote] received request", "logger": "shippingservice"}
{"timestamp": "2026-08-17 17:46:51,240", "severity": "INFO", "message": "[GetQuote] item_count=5 → $23.99", "logger": "shippingservice"}
{"timestamp": "2026-08-17 17:46:51,240", "severity": "INFO", "message": "[GetQuote] completed request", "logger": "shippingservice"}
{"timestamp": "2026-08-17 17:46:51,240", "severity": "INFO", "message": "[ShipOrder] quote fetched | USD 23.99", "logger": "shippingservice"}
{"timestamp": "2026-08-17 17:46:51,243", "severity": "INFO", "message": "[MongoDB] Shipment persisted: shipping_id=37b101b1-4638-456e-920f-9598c39796da, tracking_id=SW-70866243-LI", "logger": "shippingservice"}
{"timestamp": "2026-08-17 17:46:51,243", "severity": "INFO", "message": "[ShipOrder] completed request", "logger": "shippingservice"}
{"timestamp": "2026-08-17 17:46:51,297", "severity": "INFO", "message": "[GetQuote] received request", "logger": "shippingservice"}
{"timestamp": "2026-08-17 17:46:51,297", "severity": "INFO", "message": "[GetQuote] item_count=6 → $23.99", "logger": "shippingservice"}
{"timestamp": "2026-08-17 17:46:51,298", "severity": "INFO", "message": "[GetQuote] completed request", "logger": "shippingservice"}
{"timestamp": "2026-08-17 17:46:51,299", "severity": "INFO", "message": "[ShipOrder] received request", "logger": "shippingservice"}
{"timestamp": "2026-08-17 17:46:51,300", "severity": "INFO", "message": "[ShipOrder] base_address='178 Main St, Seattle, WA' → tracking_id=BU-08591258-WC", "logger": "shippingservice"}
{"timestamp": "2026-08-17 17:46:51,300", "severity": "INFO", "message": "[GetQuote] received request", "logger": "shippingservice"}
{"timestamp": "2026-08-17 17:46:51,300", "severity": "INFO", "message": "[GetQuote] item_count=6 → $23.99", "logger": "shippingservice"}
{"timestamp": "2026-08-17 17:46:51,300", "severity": "INFO", "message": "[GetQuote] completed request", "logger": "shippingservice"}
{"timestamp": "2026-08-17 17:46:51,300", "severity": "INFO", "message": "[ShipOrder] quote fetched | USD 23.99", "logger": "shippingservice"}
{"timestamp": "2026-08-17 17:46:51,306", "severity": "INFO", "message": "[MongoDB] Shipment persisted: shipping_id=756c0091-1093-4805-8a3e-9d3afb6b1ab8, tracking_id=BU-08591258-WC", "logger": "shippingservice"}
{"timestamp": "2026-08-17 17:46:51,306", "severity": "INFO", "message": "[ShipOrder] completed request", "logger": "shippingservice"}
{"timestamp": "2026-08-17 17:46:51,366", "severity": "INFO", "message": "[GetQuote] received request", "logger": "shippingservice"}
{"timestamp": "2026-08-17 17:46:51,367", "severity": "INFO", "message": "[GetQuote] item_count=6 → $23.99", "logger": "shippingservice"}
{"timestamp": "2026-08-17 17:46:51,367", "severity": "INFO", "message": "[GetQuote] completed request", "logger": "shippingservice"}
{"timestamp": "2026-08-17 17:46:51,379", "severity": "INFO", "message": "[ShipOrder] received request", "logger": "shippingservice"}
{"timestamp": "2026-08-17 17:46:51,380", "severity": "INFO", "message": "[ShipOrder] base_address='178 Main St, Seattle, WA' → tracking_id=QT-08591258-RS", "logger": "shippingservice"}
{"timestamp": "2026-08-17 17:46:51,381", "severity": "INFO", "message": "[GetQuote] received request", "logger": "shippingservice"}
{"timestamp": "2026-08-17 17:46:51,381", "severity": "INFO", "message": "[GetQuote] item_count=6 → $23.99", "logger": "shippingservice"}
{"timestamp": "2026-08-17 17:46:51,381", "severity": "INFO", "message": "[GetQuote] completed request", "logger": "shippingservice"}
{"timestamp": "2026-08-17 17:46:51,381", "severity": "INFO", "message": "[ShipOrder] quote fetched | USD 23.99", "logger": "shippingservice"}
{"timestamp": "2026-08-17 17:46:51,391", "severity": "INFO", "message": "[MongoDB] Shipment persisted: shipping_id=1d142c81-7847-4635-b3f1-8e48a52f6632, tracking_id=QT-08591258-RS", "logger": "shippingservice"}
{"timestamp": "2026-08-17 17:46:51,391", "severity": "INFO", "message": "[ShipOrder] completed request", "logger": "shippingservice"}
{"timestamp": "2026-08-17 17:46:51,449", "severity": "INFO", "message": "[GetQuote] received request", "logger": "shippingservice"}
{"timestamp": "2026-08-17 17:46:51,449", "severity": "INFO", "message": "[GetQuote] item_count=7 → $23.99", "logger": "shippingservice"}
{"timestamp": "2026-08-17 17:46:51,449", "severity": "INFO", "message": "[GetQuote] completed request", "logger": "shippingservice"}
{"timestamp": "2026-08-17 17:46:51,452", "severity": "INFO", "message": "[ShipOrder] received request", "logger": "shippingservice"}
{"timestamp": "2026-08-17 17:46:51,453", "severity": "INFO", "message": "[ShipOrder] base_address='179 Main St, Seattle, WA' → tracking_id=FX-33531873-KR", "logger": "shippingservice"}
{"timestamp": "2026-08-17 17:46:51,453", "severity": "INFO", "message": "[GetQuote] received request", "logger": "shippingservice"}
{"timestamp": "2026-08-17 17:46:51,453", "severity": "INFO", "message": "[GetQuote] item_count=7 → $23.99", "logger": "shippingservice"}
{"timestamp": "2026-08-17 17:46:51,453", "severity": "INFO", "message": "[GetQuote] completed request", "logger": "shippingservice"}
{"timestamp": "2026-08-17 17:46:51,454", "severity": "INFO", "message": "[ShipOrder] quote fetched | USD 23.99", "logger": "shippingservice"}
{"timestamp": "2026-08-17 17:46:51,461", "severity": "INFO", "message": "[MongoDB] Shipment persisted: shipping_id=d4e83ecc-93b1-4c9f-812c-98c6ee21d46e, tracking_id=FX-33531873-KR", "logger": "shippingservice"}
{"timestamp": "2026-08-17 17:46:51,461", "severity": "INFO", "message": "[ShipOrder] completed request", "logger": "shippingservice"}
{"timestamp": "2026-08-17 17:46:51,516", "severity": "INFO", "message": "[GetQuote] received request", "logger": "shippingservice"}
{"timestamp": "2026-08-17 17:46:51,516", "severity": "INFO", "message": "[GetQuote] item_count=7 → $23.99", "logger": "shippingservice"}
{"timestamp": "2026-08-17 17:46:51,516", "severity": "INFO", "message": "[GetQuote] completed request", "logger": "shippingservice"}
{"timestamp": "2026-08-17 17:46:51,521", "severity": "INFO", "message": "[ShipOrder] received request", "logger": "shippingservice"}
{"timestamp": "2026-08-17 17:46:51,521", "severity": "INFO", "message": "[ShipOrder] base_address='179 Main St, Seattle, WA' → tracking_id=SK-33531873-SJ", "logger": "shippingservice"}
{"timestamp": "2026-08-17 17:46:51,521", "severity": "INFO", "message": "[GetQuote] received request", "logger": "shippingservice"}
{"timestamp": "2026-08-17 17:46:51,521", "severity": "INFO", "message": "[GetQuote] item_count=7 → $23.99", "logger": "shippingservice"}
{"timestamp": "2026-08-17 17:46:51,521", "severity": "INFO", "message": "[GetQuote] completed request", "logger": "shippingservice"}
{"timestamp": "2026-08-17 17:46:51,521", "severity": "INFO", "message": "[ShipOrder] quote fetched | USD 23.99", "logger": "shippingservice"}
{"timestamp": "2026-08-17 17:46:51,526", "severity": "INFO", "message": "[MongoDB] Shipment persisted: shipping_id=77c22eda-27d3-44bf-9169-9b55e188dd8a, tracking_id=SK-33531873-SJ", "logger": "shippingservice"}
{"timestamp": "2026-08-17 17:46:51,526", "severity": "INFO", "message": "[ShipOrder] completed request", "logger": "shippingservice"}
{"timestamp": "2026-08-17 17:46:51,582", "severity": "INFO", "message": "[GetQuote] received request", "logger": "shippingservice"}
{"timestamp": "2026-08-17 17:46:51,583", "severity": "INFO", "message": "[GetQuote] item_count=8 → $31.99", "logger": "shippingservice"}
{"timestamp": "2026-08-17 17:46:51,583", "severity": "INFO", "message": "[GetQuote] completed request", "logger": "shippingservice"}
{"timestamp": "2026-08-17 17:46:51,586", "severity": "INFO", "message": "[ShipOrder] received request", "logger": "shippingservice"}
{"timestamp": "2026-08-17 17:46:51,586", "severity": "INFO", "message": "[ShipOrder] base_address='180 Main St, Seattle, WA' → tracking_id=GT-39485647-XG", "logger": "shippingservice"}
{"timestamp": "2026-08-17 17:46:51,586", "severity": "INFO", "message": "[GetQuote] received request", "logger": "shippingservice"}
{"timestamp": "2026-08-17 17:46:51,587", "severity": "INFO", "message": "[GetQuote] item_count=8 → $31.99", "logger": "shippingservice"}
{"timestamp": "2026-08-17 17:46:51,587", "severity": "INFO", "message": "[GetQuote] completed request", "logger": "shippingservice"}
{"timestamp": "2026-08-17 17:46:51,587", "severity": "INFO", "message": "[ShipOrder] quote fetched | USD 31.99", "logger": "shippingservice"}
{"timestamp": "2026-08-17 17:46:51,595", "severity": "INFO", "message": "[MongoDB] Shipment persisted: shipping_id=fef694d9-bf3e-468f-a255-2f672fa5f050, tracking_id=GT-39485647-XG", "logger": "shippingservice"}
{"timestamp": "2026-08-17 17:46:51,595", "severity": "INFO", "message": "[ShipOrder] completed request", "logger": "shippingservice"}
{"timestamp": "2026-08-17 17:46:51,657", "severity": "INFO", "message": "[GetQuote] received request", "logger": "shippingservice"}
{"timestamp": "2026-08-17 17:46:51,657", "severity": "INFO", "message": "[GetQuote] item_count=8 → $31.99", "logger": "shippingservice"}
{"timestamp": "2026-08-17 17:46:51,657", "severity": "INFO", "message": "[GetQuote] completed request", "logger": "shippingservice"}
{"timestamp": "2026-08-17 17:46:51,665", "severity": "INFO", "message": "[ShipOrder] received request", "logger": "shippingservice"}
{"timestamp": "2026-08-17 17:46:51,666", "severity": "INFO", "message": "[ShipOrder] base_address='180 Main St, Seattle, WA' → tracking_id=ZE-39485647-LT", "logger": "shippingservice"}
{"timestamp": "2026-08-17 17:46:51,666", "severity": "INFO", "message": "[GetQuote] received request", "logger": "shippingservice"}
{"timestamp": "2026-08-17 17:46:51,666", "severity": "INFO", "message": "[GetQuote] item_count=8 → $31.99", "logger": "shippingservice"}
{"timestamp": "2026-08-17 17:46:51,667", "severity": "INFO", "message": "[GetQuote] completed request", "logger": "shippingservice"}
{"timestamp": "2026-08-17 17:46:51,667", "severity": "INFO", "message": "[ShipOrder] quote fetched | USD 31.99", "logger": "shippingservice"}
{"timestamp": "2026-08-17 17:46:51,675", "severity": "INFO", "message": "[MongoDB] Shipment persisted: shipping_id=45269d6a-c13f-4bf7-ada1-be878d8865cf, tracking_id=ZE-39485647-LT", "logger": "shippingservice"}
{"timestamp": "2026-08-17 17:46:51,676", "severity": "INFO", "message": "[ShipOrder] completed request", "logger": "shippingservice"}
{"timestamp": "2026-08-17 17:46:51,734", "severity": "INFO", "message": "[GetQuote] received request", "logger": "shippingservice"}
{"timestamp": "2026-08-17 17:46:51,734", "severity": "INFO", "message": "[GetQuote] item_count=9 → $31.99", "logger": "shippingservice"}
{"timestamp": "2026-08-17 17:46:51,735", "severity": "INFO", "message": "[GetQuote] completed request", "logger": "shippingservice"}
{"timestamp": "2026-08-17 17:46:51,738", "severity": "INFO", "message": "[ShipOrder] received request", "logger": "shippingservice"}
{"timestamp": "2026-08-17 17:46:51,738", "severity": "INFO", "message": "[ShipOrder] base_address='181 Main St, Seattle, WA' → tracking_id=UX-71977303-WH", "logger": "shippingservice"}
{"timestamp": "2026-08-17 17:46:51,738", "severity": "INFO", "message": "[GetQuote] received request", "logger": "shippingservice"}
{"timestamp": "2026-08-17 17:46:51,738", "severity": "INFO", "message": "[GetQuote] item_count=9 → $31.99", "logger": "shippingservice"}
{"timestamp": "2026-08-17 17:46:51,739", "severity": "INFO", "message": "[GetQuote] completed request", "logger": "shippingservice"}
{"timestamp": "2026-08-17 17:46:51,739", "severity": "INFO", "message": "[ShipOrder] quote fetched | USD 31.99", "logger": "shippingservice"}
{"timestamp": "2026-08-17 17:46:51,747", "severity": "INFO", "message": "[MongoDB] Shipment persisted: shipping_id=230c9e66-8177-4d6f-9a9f-54b90f31bfdd, tracking_id=UX-71977303-WH", "logger": "shippingservice"}
{"timestamp": "2026-08-17 17:46:51,748", "severity": "INFO", "message": "[ShipOrder] completed request", "logger": "shippingservice"}
{"timestamp": "2026-08-17 17:46:51,810", "severity": "INFO", "message": "[GetQuote] received request", "logger": "shippingservice"}
{"timestamp": "2026-08-17 17:46:51,810", "severity": "INFO", "message": "[GetQuote] item_count=9 → $31.99", "logger": "shippingservice"}
{"timestamp": "2026-08-17 17:46:51,810", "severity": "INFO", "message": "[GetQuote] completed request", "logger": "shippingservice"}
{"timestamp": "2026-08-17 17:46:51,818", "severity": "INFO", "message": "[ShipOrder] received request", "logger": "shippingservice"}
{"timestamp": "2026-08-17 17:46:51,819", "severity": "INFO", "message": "[ShipOrder] base_address='181 Main St, Seattle, WA' → tracking_id=LL-71977303-PV", "logger": "shippingservice"}
{"timestamp": "2026-08-17 17:46:51,819", "severity": "INFO", "message": "[GetQuote] received request", "logger": "shippingservice"}
{"timestamp": "2026-08-17 17:46:51,819", "severity": "INFO", "message": "[GetQuote] item_count=9 → $31.99", "logger": "shippingservice"}
{"timestamp": "2026-08-17 17:46:51,819", "severity": "INFO", "message": "[GetQuote] completed request", "logger": "shippingservice"}
{"timestamp": "2026-08-17 17:46:51,820", "severity": "INFO", "message": "[ShipOrder] quote fetched | USD 31.99", "logger": "shippingservice"}
{"timestamp": "2026-08-17 17:46:51,828", "severity": "INFO", "message": "[MongoDB] Shipment persisted: shipping_id=db41c816-6bd9-4d57-ae07-32f41c7d5407, tracking_id=LL-71977303-PV", "logger": "shippingservice"}
{"timestamp": "2026-08-17 17:46:51,829", "severity": "INFO", "message": "[ShipOrder] completed request", "logger": "shippingservice"}
{"timestamp": "2026-08-17 17:46:51,887", "severity": "INFO", "message": "[GetQuote] received request", "logger": "shippingservice"}
{"timestamp": "2026-08-17 17:46:51,887", "severity": "INFO", "message": "[GetQuote] item_count=10 → $39.99", "logger": "shippingservice"}
{"timestamp": "2026-08-17 17:46:51,888", "severity": "INFO", "message": "[GetQuote] completed request", "logger": "shippingservice"}
{"timestamp": "2026-08-17 17:46:51,890", "severity": "INFO", "message": "[ShipOrder] received request", "logger": "shippingservice"}
{"timestamp": "2026-08-17 17:46:51,891", "severity": "INFO", "message": "[ShipOrder] base_address='182 Main St, Seattle, WA' → tracking_id=FS-24214020-HV", "logger": "shippingservice"}
{"timestamp": "2026-08-17 17:46:51,891", "severity": "INFO", "message": "[GetQuote] received request", "logger": "shippingservice"}
{"timestamp": "2026-08-17 17:46:51,891", "severity": "INFO", "message": "[GetQuote] item_count=10 → $39.99", "logger": "shippingservice"}
{"timestamp": "2026-08-17 17:46:51,891", "severity": "INFO", "message": "[GetQuote] completed request", "logger": "shippingservice"}
{"timestamp": "2026-08-17 17:46:51,892", "severity": "INFO", "message": "[ShipOrder] quote fetched | USD 39.99", "logger": "shippingservice"}
{"timestamp": "2026-08-17 17:46:51,900", "severity": "INFO", "message": "[MongoDB] Shipment persisted: shipping_id=9d041d0f-e794-4e4b-9a8a-f574e172778c, tracking_id=FS-24214020-HV", "logger": "shippingservice"}
{"timestamp": "2026-08-17 17:46:51,901", "severity": "INFO", "message": "[ShipOrder] completed request", "logger": "shippingservice"}
{"timestamp": "2026-08-17 17:46:51,962", "severity": "INFO", "message": "[GetQuote] received request", "logger": "shippingservice"}
{"timestamp": "2026-08-17 17:46:51,963", "severity": "INFO", "message": "[GetQuote] item_count=10 → $39.99", "logger": "shippingservice"}
{"timestamp": "2026-08-17 17:46:51,963", "severity": "INFO", "message": "[GetQuote] completed request", "logger": "shippingservice"}
{"timestamp": "2026-08-17 17:46:51,971", "severity": "INFO", "message": "[ShipOrder] received request", "logger": "shippingservice"}
{"timestamp": "2026-08-17 17:46:51,972", "severity": "INFO", "message": "[ShipOrder] base_address='182 Main St, Seattle, WA' → tracking_id=LF-24214020-JH", "logger": "shippingservice"}
{"timestamp": "2026-08-17 17:46:51,972", "severity": "INFO", "message": "[GetQuote] received request", "logger": "shippingservice"}
{"timestamp": "2026-08-17 17:46:51,972", "severity": "INFO", "message": "[GetQuote] item_count=10 → $39.99", "logger": "shippingservice"}
{"timestamp": "2026-08-17 17:46:51,972", "severity": "INFO", "message": "[GetQuote] completed request", "logger": "shippingservice"}
{"timestamp": "2026-08-17 17:46:51,973", "severity": "INFO", "message": "[ShipOrder] quote fetched | USD 39.99", "logger": "shippingservice"}
{"timestamp": "2026-08-17 17:46:51,981", "severity": "INFO", "message": "[MongoDB] Shipment persisted: shipping_id=7e753992-c6b0-4635-8588-83d610470175, tracking_id=LF-24214020-JH", "logger": "shippingservice"}
{"timestamp": "2026-08-17 17:46:51,982", "severity": "INFO", "message": "[ShipOrder] completed request", "logger": "shippingservice"}
{"timestamp": "2026-08-17 17:46:52,038", "severity": "INFO", "message": "[GetQuote] received request", "logger": "shippingservice"}
{"timestamp": "2026-08-17 17:46:52,038", "severity": "INFO", "message": "[GetQuote] item_count=11 → $39.99", "logger": "shippingservice"}
{"timestamp": "2026-08-17 17:46:52,039", "severity": "INFO", "message": "[GetQuote] completed request", "logger": "shippingservice"}
{"timestamp": "2026-08-17 17:46:52,040", "severity": "INFO", "message": "[ShipOrder] received request", "logger": "shippingservice"}
{"timestamp": "2026-08-17 17:46:52,041", "severity": "INFO", "message": "[ShipOrder] base_address='183 Main St, Seattle, WA' → tracking_id=ZQ-25449057-DG", "logger": "shippingservice"}
{"timestamp": "2026-08-17 17:46:52,041", "severity": "INFO", "message": "[GetQuote] received request", "logger": "shippingservice"}
{"timestamp": "2026-08-17 17:46:52,041", "severity": "INFO", "message": "[GetQuote] item_count=11 → $39.99", "logger": "shippingservice"}
{"timestamp": "2026-08-17 17:46:52,041", "severity": "INFO", "message": "[GetQuote] completed request", "logger": "shippingservice"}
{"timestamp": "2026-08-17 17:46:52,041", "severity": "INFO", "message": "[ShipOrder] quote fetched | USD 39.99", "logger": "shippingservice"}
{"timestamp": "2026-08-17 17:46:52,047", "severity": "INFO", "message": "[MongoDB] Shipment persisted: shipping_id=689ed81d-8e21-483c-8f61-e1536c8bd76f, tracking_id=ZQ-25449057-DG", "logger": "shippingservice"}
{"timestamp": "2026-08-17 17:46:52,047", "severity": "INFO", "message": "[ShipOrder] completed request", "logger": "shippingservice"}
{"timestamp": "2026-08-17 17:46:52,107", "severity": "INFO", "message": "[GetQuote] received request", "logger": "shippingservice"}
{"timestamp": "2026-08-17 17:46:52,107", "severity": "INFO", "message": "[GetQuote] item_count=11 → $39.99", "logger": "shippingservice"}
{"timestamp": "2026-08-17 17:46:52,107", "severity": "INFO", "message": "[GetQuote] completed request", "logger": "shippingservice"}
{"timestamp": "2026-08-17 17:46:52,117", "severity": "INFO", "message": "[ShipOrder] received request", "logger": "shippingservice"}
{"timestamp": "2026-08-17 17:46:52,118", "severity": "INFO", "message": "[ShipOrder] base_address='183 Main St, Seattle, WA' → tracking_id=HJ-25449057-ML", "logger": "shippingservice"}
{"timestamp": "2026-08-17 17:46:52,118", "severity": "INFO", "message": "[GetQuote] received request", "logger": "shippingservice"}
{"timestamp": "2026-08-17 17:46:52,118", "severity": "INFO", "message": "[GetQuote] item_count=11 → $39.99", "logger": "shippingservice"}
{"timestamp": "2026-08-17 17:46:52,118", "severity": "INFO", "message": "[GetQuote] completed request", "logger": "shippingservice"}
{"timestamp": "2026-08-17 17:46:52,118", "severity": "INFO", "message": "[ShipOrder] quote fetched | USD 39.99", "logger": "shippingservice"}
{"timestamp": "2026-08-17 17:46:52,127", "severity": "INFO", "message": "[MongoDB] Shipment persisted: shipping_id=2280f7b7-29e6-499f-8f4a-fdb9470e8541, tracking_id=HJ-25449057-ML", "logger": "shippingservice"}
{"timestamp": "2026-08-17 17:46:52,128", "severity": "INFO", "message": "[ShipOrder] completed request", "logger": "shippingservice"}
{"timestamp": "2026-08-17 17:46:52,185", "severity": "INFO", "message": "[GetQuote] received request", "logger": "shippingservice"}
{"timestamp": "2026-08-17 17:46:52,186", "severity": "INFO", "message": "[GetQuote] item_count=0 → $0.00", "logger": "shippingservice"}
{"timestamp": "2026-08-17 17:46:52,186", "severity": "INFO", "message": "[GetQuote] completed request", "logger": "shippingservice"}
{"timestamp": "2026-08-17 17:46:52,188", "severity": "INFO", "message": "[ShipOrder] received request", "logger": "shippingservice"}
{"timestamp": "2026-08-17 17:46:52,189", "severity": "INFO", "message": "[ShipOrder] base_address='184 Main St, Seattle, WA' → tracking_id=AP-50816651-GP", "logger": "shippingservice"}
{"timestamp": "2026-08-17 17:46:52,189", "severity": "INFO", "message": "[GetQuote] received request", "logger": "shippingservice"}
{"timestamp": "2026-08-17 17:46:52,189", "severity": "INFO", "message": "[GetQuote] item_count=0 → $0.00", "logger": "shippingservice"}
{"timestamp": "2026-08-17 17:46:52,189", "severity": "INFO", "message": "[GetQuote] completed request", "logger": "shippingservice"}
{"timestamp": "2026-08-17 17:46:52,189", "severity": "INFO", "message": "[ShipOrder] quote fetched | USD 0.00", "logger": "shippingservice"}
{"timestamp": "2026-08-17 17:46:52,197", "severity": "INFO", "message": "[MongoDB] Shipment persisted: shipping_id=9c68386e-e34d-4894-b4e0-43e41cd3b372, tracking_id=AP-50816651-GP", "logger": "shippingservice"}
{"timestamp": "2026-08-17 17:46:52,197", "severity": "INFO", "message": "[ShipOrder] completed request", "logger": "shippingservice"}
{"timestamp": "2026-08-17 17:46:52,259", "severity": "INFO", "message": "[GetQuote] received request", "logger": "shippingservice"}
{"timestamp": "2026-08-17 17:46:52,260", "severity": "INFO", "message": "[GetQuote] item_count=0 → $0.00", "logger": "shippingservice"}
{"timestamp": "2026-08-17 17:46:52,260", "severity": "INFO", "message": "[GetQuote] completed request", "logger": "shippingservice"}
{"timestamp": "2026-08-17 17:46:52,270", "severity": "INFO", "message": "[ShipOrder] received request", "logger": "shippingservice"}
{"timestamp": "2026-08-17 17:46:52,271", "severity": "INFO", "message": "[ShipOrder] base_address='184 Main St, Seattle, WA' → tracking_id=UD-50816651-JY", "logger": "shippingservice"}
{"timestamp": "2026-08-17 17:46:52,271", "severity": "INFO", "message": "[GetQuote] received request", "logger": "shippingservice"}
{"timestamp": "2026-08-17 17:46:52,271", "severity": "INFO", "message": "[GetQuote] item_count=0 → $0.00", "logger": "shippingservice"}
{"timestamp": "2026-08-17 17:46:52,271", "severity": "INFO", "message": "[GetQuote] completed request", "logger": "shippingservice"}
{"timestamp": "2026-08-17 17:46:52,271", "severity": "INFO", "message": "[ShipOrder] quote fetched | USD 0.00", "logger": "shippingservice"}
{"timestamp": "2026-08-17 17:46:52,282", "severity": "INFO", "message": "[MongoDB] Shipment persisted: shipping_id=16ecd180-461f-472b-b9ad-2ea3994346e7, tracking_id=UD-50816651-JY", "logger": "shippingservice"}
{"timestamp": "2026-08-17 17:46:52,282", "severity": "INFO", "message": "[ShipOrder] completed request", "logger": "shippingservice"}
{"timestamp": "2026-08-17 17:46:52,339", "severity": "INFO", "message": "[GetQuote] received request", "logger": "shippingservice"}
{"timestamp": "2026-08-17 17:46:52,339", "severity": "INFO", "message": "[GetQuote] item_count=1 → $8.99", "logger": "shippingservice"}
{"timestamp": "2026-08-17 17:46:52,339", "severity": "INFO", "message": "[GetQuote] completed request", "logger": "shippingservice"}
{"timestamp": "2026-08-17 17:46:52,342", "severity": "INFO", "message": "[ShipOrder] received request", "logger": "shippingservice"}
{"timestamp": "2026-08-17 17:46:52,342", "severity": "INFO", "message": "[ShipOrder] base_address='185 Main St, Seattle, WA' → tracking_id=LN-79975624-MX", "logger": "shippingservice"}
{"timestamp": "2026-08-17 17:46:52,342", "severity": "INFO", "message": "[GetQuote] received request", "logger": "shippingservice"}
{"timestamp": "2026-08-17 17:46:52,343", "severity": "INFO", "message": "[GetQuote] item_count=1 → $8.99", "logger": "shippingservice"}
{"timestamp": "2026-08-17 17:46:52,343", "severity": "INFO", "message": "[GetQuote] completed request", "logger": "shippingservice"}
{"timestamp": "2026-08-17 17:46:52,343", "severity": "INFO", "message": "[ShipOrder] quote fetched | USD 8.99", "logger": "shippingservice"}
{"timestamp": "2026-08-17 17:46:52,351", "severity": "INFO", "message": "[MongoDB] Shipment persisted: shipping_id=c1746d9e-91ea-441a-b0d2-fef64bb0ab36, tracking_id=LN-79975624-MX", "logger": "shippingservice"}
{"timestamp": "2026-08-17 17:46:52,351", "severity": "INFO", "message": "[ShipOrder] completed request", "logger": "shippingservice"}
{"timestamp": "2026-08-17 17:46:52,413", "severity": "INFO", "message": "[GetQuote] received request", "logger": "shippingservice"}
{"timestamp": "2026-08-17 17:46:52,413", "severity": "INFO", "message": "[GetQuote] item_count=1 → $8.99", "logger": "shippingservice"}
{"timestamp": "2026-08-17 17:46:52,414", "severity": "INFO", "message": "[GetQuote] completed request", "logger": "shippingservice"}
{"timestamp": "2026-08-17 17:46:52,422", "severity": "INFO", "message": "[ShipOrder] received request", "logger": "shippingservice"}
{"timestamp": "2026-08-17 17:46:52,422", "severity": "INFO", "message": "[ShipOrder] base_address='185 Main St, Seattle, WA' → tracking_id=RR-79975624-AC", "logger": "shippingservice"}
{"timestamp": "2026-08-17 17:46:52,423", "severity": "INFO", "message": "[GetQuote] received request", "logger": "shippingservice"}
{"timestamp": "2026-08-17 17:46:52,423", "severity": "INFO", "message": "[GetQuote] item_count=1 → $8.99", "logger": "shippingservice"}
{"timestamp": "2026-08-17 17:46:52,423", "severity": "INFO", "message": "[GetQuote] completed request", "logger": "shippingservice"}
{"timestamp": "2026-08-17 17:46:52,424", "severity": "INFO", "message": "[ShipOrder] quote fetched | USD 8.99", "logger": "shippingservice"}
{"timestamp": "2026-08-17 17:46:52,432", "severity": "INFO", "message": "[MongoDB] Shipment persisted: shipping_id=4bc15e7d-bceb-4ff0-9f8d-cb703337b5be, tracking_id=RR-79975624-AC", "logger": "shippingservice"}
{"timestamp": "2026-08-17 17:46:52,432", "severity": "INFO", "message": "[ShipOrder] completed request", "logger": "shippingservice"}
{"timestamp": "2026-08-17 17:46:52,490", "severity": "INFO", "message": "[GetQuote] received request", "logger": "shippingservice"}
{"timestamp": "2026-08-17 17:46:52,491", "severity": "INFO", "message": "[GetQuote] item_count=2 → $8.99", "logger": "shippingservice"}
{"timestamp": "2026-08-17 17:46:52,491", "severity": "INFO", "message": "[GetQuote] completed request", "logger": "shippingservice"}
{"timestamp": "2026-08-17 17:46:52,494", "severity": "INFO", "message": "[ShipOrder] received request", "logger": "shippingservice"}
{"timestamp": "2026-08-17 17:46:52,494", "severity": "INFO", "message": "[ShipOrder] base_address='186 Main St, Seattle, WA' → tracking_id=XN-44632960-RD", "logger": "shippingservice"}
{"timestamp": "2026-08-17 17:46:52,494", "severity": "INFO", "message": "[GetQuote] received request", "logger": "shippingservice"}
{"timestamp": "2026-08-17 17:46:52,495", "severity": "INFO", "message": "[GetQuote] item_count=2 → $8.99", "logger": "shippingservice"}
{"timestamp": "2026-08-17 17:46:52,495", "severity": "INFO", "message": "[GetQuote] completed request", "logger": "shippingservice"}
{"timestamp": "2026-08-17 17:46:52,495", "severity": "INFO", "message": "[ShipOrder] quote fetched | USD 8.99", "logger": "shippingservice"}
{"timestamp": "2026-08-17 17:46:52,504", "severity": "INFO", "message": "[MongoDB] Shipment persisted: shipping_id=f40f9d76-8f57-461a-891f-96d2c299485c, tracking_id=XN-44632960-RD", "logger": "shippingservice"}
{"timestamp": "2026-08-17 17:46:52,505", "severity": "INFO", "message": "[ShipOrder] completed request", "logger": "shippingservice"}
{"timestamp": "2026-08-17 17:46:52,565", "severity": "INFO", "message": "[GetQuote] received request", "logger": "shippingservice"}
{"timestamp": "2026-08-17 17:46:52,566", "severity": "INFO", "message": "[GetQuote] item_count=2 → $8.99", "logger": "shippingservice"}
{"timestamp": "2026-08-17 17:46:52,566", "severity": "INFO", "message": "[GetQuote] completed request", "logger": "shippingservice"}
{"timestamp": "2026-08-17 17:46:52,574", "severity": "INFO", "message": "[ShipOrder] received request", "logger": "shippingservice"}
{"timestamp": "2026-08-17 17:46:52,574", "severity": "INFO", "message": "[ShipOrder] base_address='186 Main St, Seattle, WA' → tracking_id=IL-44632960-EG", "logger": "shippingservice"}
{"timestamp": "2026-08-17 17:46:52,575", "severity": "INFO", "message": "[GetQuote] received request", "logger": "shippingservice"}
{"timestamp": "2026-08-17 17:46:52,575", "severity": "INFO", "message": "[GetQuote] item_count=2 → $8.99", "logger": "shippingservice"}
{"timestamp": "2026-08-17 17:46:52,575", "severity": "INFO", "message": "[GetQuote] completed request", "logger": "shippingservice"}
{"timestamp": "2026-08-17 17:46:52,575", "severity": "INFO", "message": "[ShipOrder] quote fetched | USD 8.99", "logger": "shippingservice"}
{"timestamp": "2026-08-17 17:46:52,584", "severity": "INFO", "message": "[MongoDB] Shipment persisted: shipping_id=2a16e3e2-838e-4163-b0af-410a30db5fcc, tracking_id=IL-44632960-EG", "logger": "shippingservice"}
{"timestamp": "2026-08-17 17:46:52,585", "severity": "INFO", "message": "[ShipOrder] completed request", "logger": "shippingservice"}
{"timestamp": "2026-08-17 17:46:52,643", "severity": "INFO", "message": "[GetQuote] received request", "logger": "shippingservice"}
{"timestamp": "2026-08-17 17:46:52,643", "severity": "INFO", "message": "[GetQuote] item_count=3 → $15.99", "logger": "shippingservice"}
{"timestamp": "2026-08-17 17:46:52,643", "severity": "INFO", "message": "[GetQuote] completed request", "logger": "shippingservice"}
{"timestamp": "2026-08-17 17:46:52,646", "severity": "INFO", "message": "[ShipOrder] received request", "logger": "shippingservice"}
{"timestamp": "2026-08-17 17:46:52,646", "severity": "INFO", "message": "[ShipOrder] base_address='187 Main St, Seattle, WA' → tracking_id=GC-93228510-GK", "logger": "shippingservice"}
{"timestamp": "2026-08-17 17:46:52,647", "severity": "INFO", "message": "[GetQuote] received request", "logger": "shippingservice"}
{"timestamp": "2026-08-17 17:46:52,647", "severity": "INFO", "message": "[GetQuote] item_count=3 → $15.99", "logger": "shippingservice"}
{"timestamp": "2026-08-17 17:46:52,647", "severity": "INFO", "message": "[GetQuote] completed request", "logger": "shippingservice"}
{"timestamp": "2026-08-17 17:46:52,647", "severity": "INFO", "message": "[ShipOrder] quote fetched | USD 15.99", "logger": "shippingservice"}
{"timestamp": "2026-08-17 17:46:52,656", "severity": "INFO", "message": "[MongoDB] Shipment persisted: shipping_id=de93a9a9-1fe1-4fdb-86c1-ac4e195e6bb6, tracking_id=GC-93228510-GK", "logger": "shippingservice"}
{"timestamp": "2026-08-17 17:46:52,657", "severity": "INFO", "message": "[ShipOrder] completed request", "logger": "shippingservice"}
{"timestamp": "2026-08-17 17:46:52,718", "severity": "INFO", "message": "[GetQuote] received request", "logger": "shippingservice"}
{"timestamp": "2026-08-17 17:46:52,718", "severity": "INFO", "message": "[GetQuote] item_count=3 → $15.99", "logger": "shippingservice"}
{"timestamp": "2026-08-17 17:46:52,719", "severity": "INFO", "message": "[GetQuote] completed request", "logger": "shippingservice"}
{"timestamp": "2026-08-17 17:46:52,727", "severity": "INFO", "message": "[ShipOrder] received request", "logger": "shippingservice"}
{"timestamp": "2026-08-17 17:46:52,727", "severity": "INFO", "message": "[ShipOrder] base_address='187 Main St, Seattle, WA' → tracking_id=XA-93228510-NS", "logger": "shippingservice"}
{"timestamp": "2026-08-17 17:46:52,728", "severity": "INFO", "message": "[GetQuote] received request", "logger": "shippingservice"}
{"timestamp": "2026-08-17 17:46:52,728", "severity": "INFO", "message": "[GetQuote] item_count=3 → $15.99", "logger": "shippingservice"}
{"timestamp": "2026-08-17 17:46:52,728", "severity": "INFO", "message": "[GetQuote] completed request", "logger": "shippingservice"}
{"timestamp": "2026-08-17 17:46:52,728", "severity": "INFO", "message": "[ShipOrder] quote fetched | USD 15.99", "logger": "shippingservice"}
{"timestamp": "2026-08-17 17:46:52,737", "severity": "INFO", "message": "[MongoDB] Shipment persisted: shipping_id=838c3382-6921-4949-ae77-8d7baab912dd, tracking_id=XA-93228510-NS", "logger": "shippingservice"}
{"timestamp": "2026-08-17 17:46:52,737", "severity": "INFO", "message": "[ShipOrder] completed request", "logger": "shippingservice"}
{"timestamp": "2026-08-17 17:46:52,795", "severity": "INFO", "message": "[GetQuote] received request", "logger": "shippingservice"}
{"timestamp": "2026-08-17 17:46:52,795", "severity": "INFO", "message": "[GetQuote] item_count=4 → $15.99", "logger": "shippingservice"}
{"timestamp": "2026-08-17 17:46:52,795", "severity": "INFO", "message": "[GetQuote] completed request", "logger": "shippingservice"}
{"timestamp": "2026-08-17 17:46:52,798", "severity": "INFO", "message": "[ShipOrder] received request", "logger": "shippingservice"}
{"timestamp": "2026-08-17 17:46:52,799", "severity": "INFO", "message": "[ShipOrder] base_address='188 Main St, Seattle, WA' → tracking_id=CT-77134874-QP", "logger": "shippingservice"}
{"timestamp": "2026-08-17 17:46:52,799", "severity": "INFO", "message": "[GetQuote] received request", "logger": "shippingservice"}
{"timestamp": "2026-08-17 17:46:52,799", "severity": "INFO", "message": "[GetQuote] item_count=4 → $15.99", "logger": "shippingservice"}
{"timestamp": "2026-08-17 17:46:52,799", "severity": "INFO", "message": "[GetQuote] completed request", "logger": "shippingservice"}
{"timestamp": "2026-08-17 17:46:52,800", "severity": "INFO", "message": "[ShipOrder] quote fetched | USD 15.99", "logger": "shippingservice"}
{"timestamp": "2026-08-17 17:46:52,809", "severity": "INFO", "message": "[MongoDB] Shipment persisted: shipping_id=fc88c9bc-b5ef-42db-b68c-c250c5660fe4, tracking_id=CT-77134874-QP", "logger": "shippingservice"}
{"timestamp": "2026-08-17 17:46:52,809", "severity": "INFO", "message": "[ShipOrder] completed request", "logger": "shippingservice"}
{"timestamp": "2026-08-17 17:46:52,871", "severity": "INFO", "message": "[GetQuote] received request", "logger": "shippingservice"}
{"timestamp": "2026-08-17 17:46:52,871", "severity": "INFO", "message": "[GetQuote] item_count=4 → $15.99", "logger": "shippingservice"}
{"timestamp": "2026-08-17 17:46:52,871", "severity": "INFO", "message": "[GetQuote] completed request", "logger": "shippingservice"}
{"timestamp": "2026-08-17 17:46:52,879", "severity": "INFO", "message": "[ShipOrder] received request", "logger": "shippingservice"}
{"timestamp": "2026-08-17 17:46:52,879", "severity": "INFO", "message": "[ShipOrder] base_address='188 Main St, Seattle, WA' → tracking_id=ZJ-77134874-VZ", "logger": "shippingservice"}
{"timestamp": "2026-08-17 17:46:52,880", "severity": "INFO", "message": "[GetQuote] received request", "logger": "shippingservice"}
{"timestamp": "2026-08-17 17:46:52,880", "severity": "INFO", "message": "[GetQuote] item_count=4 → $15.99", "logger": "shippingservice"}
{"timestamp": "2026-08-17 17:46:52,880", "severity": "INFO", "message": "[GetQuote] completed request", "logger": "shippingservice"}
{"timestamp": "2026-08-17 17:46:52,880", "severity": "INFO", "message": "[ShipOrder] quote fetched | USD 15.99", "logger": "shippingservice"}
{"timestamp": "2026-08-17 17:46:52,889", "severity": "INFO", "message": "[MongoDB] Shipment persisted: shipping_id=33117707-c6c3-4335-8b53-5e22a63759b2, tracking_id=ZJ-77134874-VZ", "logger": "shippingservice"}
{"timestamp": "2026-08-17 17:46:52,890", "severity": "INFO", "message": "[ShipOrder] completed request", "logger": "shippingservice"}
{"timestamp": "2026-08-17 17:46:52,948", "severity": "INFO", "message": "[GetQuote] received request", "logger": "shippingservice"}
{"timestamp": "2026-08-17 17:46:52,948", "severity": "INFO", "message": "[GetQuote] item_count=5 → $23.99", "logger": "shippingservice"}
{"timestamp": "2026-08-17 17:46:52,948", "severity": "INFO", "message": "[GetQuote] completed request", "logger": "shippingservice"}
{"timestamp": "2026-08-17 17:46:52,951", "severity": "INFO", "message": "[ShipOrder] received request", "logger": "shippingservice"}
{"timestamp": "2026-08-17 17:46:52,951", "severity": "INFO", "message": "[ShipOrder] base_address='189 Main St, Seattle, WA' → tracking_id=NE-09691832-YJ", "logger": "shippingservice"}
{"timestamp": "2026-08-17 17:46:52,952", "severity": "INFO", "message": "[GetQuote] received request", "logger": "shippingservice"}
{"timestamp": "2026-08-17 17:46:52,952", "severity": "INFO", "message": "[GetQuote] item_count=5 → $23.99", "logger": "shippingservice"}
{"timestamp": "2026-08-17 17:46:52,952", "severity": "INFO", "message": "[GetQuote] completed request", "logger": "shippingservice"}
{"timestamp": "2026-08-17 17:46:52,952", "severity": "INFO", "message": "[ShipOrder] quote fetched | USD 23.99", "logger": "shippingservice"}
{"timestamp": "2026-08-17 17:46:52,961", "severity": "INFO", "message": "[MongoDB] Shipment persisted: shipping_id=65c7beba-8539-48d2-85f5-4680f028b19f, tracking_id=NE-09691832-YJ", "logger": "shippingservice"}
{"timestamp": "2026-08-17 17:46:52,962", "severity": "INFO", "message": "[ShipOrder] completed request", "logger": "shippingservice"}
{"timestamp": "2026-08-17 17:46:53,026", "severity": "INFO", "message": "[GetQuote] received request", "logger": "shippingservice"}
{"timestamp": "2026-08-17 17:46:53,026", "severity": "INFO", "message": "[GetQuote] item_count=5 → $23.99", "logger": "shippingservice"}
{"timestamp": "2026-08-17 17:46:53,026", "severity": "INFO", "message": "[GetQuote] completed request", "logger": "shippingservice"}
{"timestamp": "2026-08-17 17:46:53,036", "severity": "INFO", "message": "[ShipOrder] received request", "logger": "shippingservice"}
{"timestamp": "2026-08-17 17:46:53,037", "severity": "INFO", "message": "[ShipOrder] base_address='189 Main St, Seattle, WA' → tracking_id=EP-09691832-AA", "logger": "shippingservice"}
{"timestamp": "2026-08-17 17:46:53,037", "severity": "INFO", "message": "[GetQuote] received request", "logger": "shippingservice"}
{"timestamp": "2026-08-17 17:46:53,037", "severity": "INFO", "message": "[GetQuote] item_count=5 → $23.99", "logger": "shippingservice"}
{"timestamp": "2026-08-17 17:46:53,037", "severity": "INFO", "message": "[GetQuote] completed request", "logger": "shippingservice"}
{"timestamp": "2026-08-17 17:46:53,038", "severity": "INFO", "message": "[ShipOrder] quote fetched | USD 23.99", "logger": "shippingservice"}
{"timestamp": "2026-08-17 17:46:53,044", "severity": "INFO", "message": "[MongoDB] Shipment persisted: shipping_id=32839d09-af40-4217-ac00-4265b0bfc677, tracking_id=EP-09691832-AA", "logger": "shippingservice"}
{"timestamp": "2026-08-17 17:46:53,044", "severity": "INFO", "message": "[ShipOrder] completed request", "logger": "shippingservice"}
{"timestamp": "2026-08-17 17:46:53,100", "severity": "INFO", "message": "[GetQuote] received request", "logger": "shippingservice"}
{"timestamp": "2026-08-17 17:46:53,101", "severity": "INFO", "message": "[GetQuote] item_count=6 → $23.99", "logger": "shippingservice"}
{"timestamp": "2026-08-17 17:46:53,101", "severity": "INFO", "message": "[GetQuote] completed request", "logger": "shippingservice"}
{"timestamp": "2026-08-17 17:46:53,103", "severity": "INFO", "message": "[ShipOrder] received request", "logger": "shippingservice"}
{"timestamp": "2026-08-17 17:46:53,104", "severity": "INFO", "message": "[ShipOrder] base_address='190 Main St, Seattle, WA' → tracking_id=JY-04486778-FO", "logger": "shippingservice"}
{"timestamp": "2026-08-17 17:46:53,104", "severity": "INFO", "message": "[GetQuote] received request", "logger": "shippingservice"}
{"timestamp": "2026-08-17 17:46:53,104", "severity": "INFO", "message": "[GetQuote] item_count=6 → $23.99", "logger": "shippingservice"}
{"timestamp": "2026-08-17 17:46:53,105", "severity": "INFO", "message": "[GetQuote] completed request", "logger": "shippingservice"}
{"timestamp": "2026-08-17 17:46:53,105", "severity": "INFO", "message": "[ShipOrder] quote fetched | USD 23.99", "logger": "shippingservice"}
{"timestamp": "2026-08-17 17:46:53,114", "severity": "INFO", "message": "[MongoDB] Shipment persisted: shipping_id=90fb6aac-e2a6-490a-8c6c-2ad3d878ea53, tracking_id=JY-04486778-FO", "logger": "shippingservice"}
{"timestamp": "2026-08-17 17:46:53,114", "severity": "INFO", "message": "[ShipOrder] completed request", "logger": "shippingservice"}
{"timestamp": "2026-08-17 17:46:53,176", "severity": "INFO", "message": "[GetQuote] received request", "logger": "shippingservice"}
{"timestamp": "2026-08-17 17:46:53,176", "severity": "INFO", "message": "[GetQuote] item_count=6 → $23.99", "logger": "shippingservice"}
{"timestamp": "2026-08-17 17:46:53,177", "severity": "INFO", "message": "[GetQuote] completed request", "logger": "shippingservice"}
{"timestamp": "2026-08-17 17:46:53,184", "severity": "INFO", "message": "[ShipOrder] received request", "logger": "shippingservice"}
{"timestamp": "2026-08-17 17:46:53,185", "severity": "INFO", "message": "[ShipOrder] base_address='190 Main St, Seattle, WA' → tracking_id=PA-04486778-GZ", "logger": "shippingservice"}
{"timestamp": "2026-08-17 17:46:53,185", "severity": "INFO", "message": "[GetQuote] received request", "logger": "shippingservice"}
{"timestamp": "2026-08-17 17:46:53,185", "severity": "INFO", "message": "[GetQuote] item_count=6 → $23.99", "logger": "shippingservice"}
{"timestamp": "2026-08-17 17:46:53,186", "severity": "INFO", "message": "[GetQuote] completed request", "logger": "shippingservice"}
{"timestamp": "2026-08-17 17:46:53,186", "severity": "INFO", "message": "[ShipOrder] quote fetched | USD 23.99", "logger": "shippingservice"}
{"timestamp": "2026-08-17 17:46:53,194", "severity": "INFO", "message": "[MongoDB] Shipment persisted: shipping_id=9356ea01-59ec-4859-a2b4-c716d0f00e6a, tracking_id=PA-04486778-GZ", "logger": "shippingservice"}
{"timestamp": "2026-08-17 17:46:53,195", "severity": "INFO", "message": "[ShipOrder] completed request", "logger": "shippingservice"}
{"timestamp": "2026-08-17 17:46:53,252", "severity": "INFO", "message": "[GetQuote] received request", "logger": "shippingservice"}
{"timestamp": "2026-08-17 17:46:53,253", "severity": "INFO", "message": "[GetQuote] item_count=7 → $23.99", "logger": "shippingservice"}
{"timestamp": "2026-08-17 17:46:53,253", "severity": "INFO", "message": "[GetQuote] completed request", "logger": "shippingservice"}
{"timestamp": "2026-08-17 17:46:53,255", "severity": "INFO", "message": "[ShipOrder] received request", "logger": "shippingservice"}
{"timestamp": "2026-08-17 17:46:53,256", "severity": "INFO", "message": "[ShipOrder] base_address='191 Main St, Seattle, WA' → tracking_id=OW-05328569-QE", "logger": "shippingservice"}
{"timestamp": "2026-08-17 17:46:53,256", "severity": "INFO", "message": "[GetQuote] received request", "logger": "shippingservice"}
{"timestamp": "2026-08-17 17:46:53,256", "severity": "INFO", "message": "[GetQuote] item_count=7 → $23.99", "logger": "shippingservice"}
{"timestamp": "2026-08-17 17:46:53,256", "severity": "INFO", "message": "[GetQuote] completed request", "logger": "shippingservice"}
{"timestamp": "2026-08-17 17:46:53,257", "severity": "INFO", "message": "[ShipOrder] quote fetched | USD 23.99", "logger": "shippingservice"}
{"timestamp": "2026-08-17 17:46:53,265", "severity": "INFO", "message": "[MongoDB] Shipment persisted: shipping_id=95b70920-4d2a-4135-8ada-4baab75f71a4, tracking_id=OW-05328569-QE", "logger": "shippingservice"}
{"timestamp": "2026-08-17 17:46:53,266", "severity": "INFO", "message": "[ShipOrder] completed request", "logger": "shippingservice"}
{"timestamp": "2026-08-17 17:46:53,328", "severity": "INFO", "message": "[GetQuote] received request", "logger": "shippingservice"}
{"timestamp": "2026-08-17 17:46:53,330", "severity": "INFO", "message": "[GetQuote] item_count=7 → $23.99", "logger": "shippingservice"}
{"timestamp": "2026-08-17 17:46:53,331", "severity": "INFO", "message": "[GetQuote] completed request", "logger": "shippingservice"}
{"timestamp": "2026-08-17 17:46:53,341", "severity": "INFO", "message": "[ShipOrder] received request", "logger": "shippingservice"}
{"timestamp": "2026-08-17 17:46:53,342", "severity": "INFO", "message": "[ShipOrder] base_address='191 Main St, Seattle, WA' → tracking_id=IG-05328569-GK", "logger": "shippingservice"}
{"timestamp": "2026-08-17 17:46:53,342", "severity": "INFO", "message": "[GetQuote] received request", "logger": "shippingservice"}
{"timestamp": "2026-08-17 17:46:53,342", "severity": "INFO", "message": "[GetQuote] item_count=7 → $23.99", "logger": "shippingservice"}
{"timestamp": "2026-08-17 17:46:53,342", "severity": "INFO", "message": "[GetQuote] completed request", "logger": "shippingservice"}
{"timestamp": "2026-08-17 17:46:53,343", "severity": "INFO", "message": "[ShipOrder] quote fetched | USD 23.99", "logger": "shippingservice"}
{"timestamp": "2026-08-17 17:46:53,352", "severity": "INFO", "message": "[MongoDB] Shipment persisted: shipping_id=a6ad790f-9f4c-427e-8377-4a080a0f567d, tracking_id=IG-05328569-GK", "logger": "shippingservice"}
{"timestamp": "2026-08-17 17:46:53,352", "severity": "INFO", "message": "[ShipOrder] completed request", "logger": "shippingservice"}
{"timestamp": "2026-08-17 17:46:53,412", "severity": "INFO", "message": "[GetQuote] received request", "logger": "shippingservice"}
{"timestamp": "2026-08-17 17:46:53,412", "severity": "INFO", "message": "[GetQuote] item_count=8 → $31.99", "logger": "shippingservice"}
{"timestamp": "2026-08-17 17:46:53,412", "severity": "INFO", "message": "[GetQuote] completed request", "logger": "shippingservice"}
{"timestamp": "2026-08-17 17:46:53,413", "severity": "INFO", "message": "[ShipOrder] received request", "logger": "shippingservice"}
{"timestamp": "2026-08-17 17:46:53,413", "severity": "INFO", "message": "[ShipOrder] base_address='192 Main St, Seattle, WA' → tracking_id=AE-97770764-HT", "logger": "shippingservice"}
{"timestamp": "2026-08-17 17:46:53,413", "severity": "INFO", "message": "[GetQuote] received request", "logger": "shippingservice"}
{"timestamp": "2026-08-17 17:46:53,413", "severity": "INFO", "message": "[GetQuote] item_count=8 → $31.99", "logger": "shippingservice"}
{"timestamp": "2026-08-17 17:46:53,413", "severity": "INFO", "message": "[GetQuote] completed request", "logger": "shippingservice"}
{"timestamp": "2026-08-17 17:46:53,413", "severity": "INFO", "message": "[ShipOrder] quote fetched | USD 31.99", "logger": "shippingservice"}
{"timestamp": "2026-08-17 17:46:53,417", "severity": "INFO", "message": "[MongoDB] Shipment persisted: shipping_id=94d6f41f-e031-44e8-adac-f3fbdcd96fee, tracking_id=AE-97770764-HT", "logger": "shippingservice"}
{"timestamp": "2026-08-17 17:46:53,417", "severity": "INFO", "message": "[ShipOrder] completed request", "logger": "shippingservice"}
{"timestamp": "2026-08-17 17:46:53,471", "severity": "INFO", "message": "[GetQuote] received request", "logger": "shippingservice"}
{"timestamp": "2026-08-17 17:46:53,471", "severity": "INFO", "message": "[GetQuote] item_count=8 → $31.99", "logger": "shippingservice"}
{"timestamp": "2026-08-17 17:46:53,471", "severity": "INFO", "message": "[GetQuote] completed request", "logger": "shippingservice"}
{"timestamp": "2026-08-17 17:46:53,473", "severity": "INFO", "message": "[ShipOrder] received request", "logger": "shippingservice"}
{"timestamp": "2026-08-17 17:46:53,473", "severity": "INFO", "message": "[ShipOrder] base_address='192 Main St, Seattle, WA' → tracking_id=LW-97770764-BI", "logger": "shippingservice"}
{"timestamp": "2026-08-17 17:46:53,473", "severity": "INFO", "message": "[GetQuote] received request", "logger": "shippingservice"}
{"timestamp": "2026-08-17 17:46:53,473", "severity": "INFO", "message": "[GetQuote] item_count=8 → $31.99", "logger": "shippingservice"}
{"timestamp": "2026-08-17 17:46:53,473", "severity": "INFO", "message": "[GetQuote] completed request", "logger": "shippingservice"}
{"timestamp": "2026-08-17 17:46:53,473", "severity": "INFO", "message": "[ShipOrder] quote fetched | USD 31.99", "logger": "shippingservice"}
{"timestamp": "2026-08-17 17:46:53,476", "severity": "INFO", "message": "[MongoDB] Shipment persisted: shipping_id=9f04dcaf-7b6f-4686-b8d2-f2f40327e5a9, tracking_id=LW-97770764-BI", "logger": "shippingservice"}
{"timestamp": "2026-08-17 17:46:53,476", "severity": "INFO", "message": "[ShipOrder] completed request", "logger": "shippingservice"}
{"timestamp": "2026-08-17 17:46:53,530", "severity": "INFO", "message": "[GetQuote] received request", "logger": "shippingservice"}
{"timestamp": "2026-08-17 17:46:53,530", "severity": "INFO", "message": "[GetQuote] item_count=9 → $31.99", "logger": "shippingservice"}
{"timestamp": "2026-08-17 17:46:53,530", "severity": "INFO", "message": "[GetQuote] completed request", "logger": "shippingservice"}
{"timestamp": "2026-08-17 17:46:53,532", "severity": "INFO", "message": "[ShipOrder] received request", "logger": "shippingservice"}
{"timestamp": "2026-08-17 17:46:53,532", "severity": "INFO", "message": "[ShipOrder] base_address='193 Main St, Seattle, WA' → tracking_id=FW-59323654-QN", "logger": "shippingservice"}
{"timestamp": "2026-08-17 17:46:53,532", "severity": "INFO", "message": "[GetQuote] received request", "logger": "shippingservice"}
{"timestamp": "2026-08-17 17:46:53,532", "severity": "INFO", "message": "[GetQuote] item_count=9 → $31.99", "logger": "shippingservice"}
{"timestamp": "2026-08-17 17:46:53,532", "severity": "INFO", "message": "[GetQuote] completed request", "logger": "shippingservice"}
{"timestamp": "2026-08-17 17:46:53,532", "severity": "INFO", "message": "[ShipOrder] quote fetched | USD 31.99", "logger": "shippingservice"}
{"timestamp": "2026-08-17 17:46:53,537", "severity": "INFO", "message": "[MongoDB] Shipment persisted: shipping_id=b28b7677-988e-47a4-8ac6-b3840a2cf7d4, tracking_id=FW-59323654-QN", "logger": "shippingservice"}
{"timestamp": "2026-08-17 17:46:53,537", "severity": "INFO", "message": "[ShipOrder] completed request", "logger": "shippingservice"}
{"timestamp": "2026-08-17 17:46:53,597", "severity": "INFO", "message": "[GetQuote] received request", "logger": "shippingservice"}
{"timestamp": "2026-08-17 17:46:53,597", "severity": "INFO", "message": "[GetQuote] item_count=9 → $31.99", "logger": "shippingservice"}
{"timestamp": "2026-08-17 17:46:53,597", "severity": "INFO", "message": "[GetQuote] completed request", "logger": "shippingservice"}
{"timestamp": "2026-08-17 17:46:53,606", "severity": "INFO", "message": "[ShipOrder] received request", "logger": "shippingservice"}
{"timestamp": "2026-08-17 17:46:53,606", "severity": "INFO", "message": "[ShipOrder] base_address='193 Main St, Seattle, WA' → tracking_id=ZC-59323654-DH", "logger": "shippingservice"}
{"timestamp": "2026-08-17 17:46:53,607", "severity": "INFO", "message": "[GetQuote] received request", "logger": "shippingservice"}
{"timestamp": "2026-08-17 17:46:53,607", "severity": "INFO", "message": "[GetQuote] item_count=9 → $31.99", "logger": "shippingservice"}
{"timestamp": "2026-08-17 17:46:53,607", "severity": "INFO", "message": "[GetQuote] completed request", "logger": "shippingservice"}
{"timestamp": "2026-08-17 17:46:53,608", "severity": "INFO", "message": "[ShipOrder] quote fetched | USD 31.99", "logger": "shippingservice"}
{"timestamp": "2026-08-17 17:46:53,617", "severity": "INFO", "message": "[MongoDB] Shipment persisted: shipping_id=4ea554ed-1eb1-4851-bfdd-80c4b0dcc3c4, tracking_id=ZC-59323654-DH", "logger": "shippingservice"}
{"timestamp": "2026-08-17 17:46:53,617", "severity": "INFO", "message": "[ShipOrder] completed request", "logger": "shippingservice"}
{"timestamp": "2026-08-17 17:46:53,675", "severity": "INFO", "message": "[GetQuote] received request", "logger": "shippingservice"}
{"timestamp": "2026-08-17 17:46:53,676", "severity": "INFO", "message": "[GetQuote] item_count=10 → $39.99", "logger": "shippingservice"}
{"timestamp": "2026-08-17 17:46:53,676", "severity": "INFO", "message": "[GetQuote] completed request", "logger": "shippingservice"}
{"timestamp": "2026-08-17 17:46:53,679", "severity": "INFO", "message": "[ShipOrder] received request", "logger": "shippingservice"}
{"timestamp": "2026-08-17 17:46:53,679", "severity": "INFO", "message": "[ShipOrder] base_address='194 Main St, Seattle, WA' → tracking_id=RB-72012589-HU", "logger": "shippingservice"}
{"timestamp": "2026-08-17 17:46:53,679", "severity": "INFO", "message": "[GetQuote] received request", "logger": "shippingservice"}
{"timestamp": "2026-08-17 17:46:53,680", "severity": "INFO", "message": "[GetQuote] item_count=10 → $39.99", "logger": "shippingservice"}
{"timestamp": "2026-08-17 17:46:53,680", "severity": "INFO", "message": "[GetQuote] completed request", "logger": "shippingservice"}
{"timestamp": "2026-08-17 17:46:53,680", "severity": "INFO", "message": "[ShipOrder] quote fetched | USD 39.99", "logger": "shippingservice"}
{"timestamp": "2026-08-17 17:46:53,689", "severity": "INFO", "message": "[MongoDB] Shipment persisted: shipping_id=77ec0ae7-ed52-4371-afe3-8ec22470f569, tracking_id=RB-72012589-HU", "logger": "shippingservice"}
{"timestamp": "2026-08-17 17:46:53,689", "severity": "INFO", "message": "[ShipOrder] completed request", "logger": "shippingservice"}
{"timestamp": "2026-08-17 17:46:53,751", "severity": "INFO", "message": "[GetQuote] received request", "logger": "shippingservice"}
{"timestamp": "2026-08-17 17:46:53,751", "severity": "INFO", "message": "[GetQuote] item_count=10 → $39.99", "logger": "shippingservice"}
{"timestamp": "2026-08-17 17:46:53,751", "severity": "INFO", "message": "[GetQuote] completed request", "logger": "shippingservice"}
{"timestamp": "2026-08-17 17:46:53,759", "severity": "INFO", "message": "[ShipOrder] received request", "logger": "shippingservice"}
{"timestamp": "2026-08-17 17:46:53,760", "severity": "INFO", "message": "[ShipOrder] base_address='194 Main St, Seattle, WA' → tracking_id=NB-72012589-YA", "logger": "shippingservice"}
{"timestamp": "2026-08-17 17:46:53,760", "severity": "INFO", "message": "[GetQuote] received request", "logger": "shippingservice"}
{"timestamp": "2026-08-17 17:46:53,761", "severity": "INFO", "message": "[GetQuote] item_count=10 → $39.99", "logger": "shippingservice"}
{"timestamp": "2026-08-17 17:46:53,761", "severity": "INFO", "message": "[GetQuote] completed request", "logger": "shippingservice"}
{"timestamp": "2026-08-17 17:46:53,761", "severity": "INFO", "message": "[ShipOrder] quote fetched | USD 39.99", "logger": "shippingservice"}
{"timestamp": "2026-08-17 17:46:53,770", "severity": "INFO", "message": "[MongoDB] Shipment persisted: shipping_id=e2bf5f4c-f0f3-455f-9e37-032bbef36a23, tracking_id=NB-72012589-YA", "logger": "shippingservice"}
{"timestamp": "2026-08-17 17:46:53,770", "severity": "INFO", "message": "[ShipOrder] completed request", "logger": "shippingservice"}
{"timestamp": "2026-08-17 17:46:53,829", "severity": "INFO", "message": "[GetQuote] received request", "logger": "shippingservice"}
{"timestamp": "2026-08-17 17:46:53,829", "severity": "INFO", "message": "[GetQuote] item_count=11 → $39.99", "logger": "shippingservice"}
{"timestamp": "2026-08-17 17:46:53,829", "severity": "INFO", "message": "[GetQuote] completed request", "logger": "shippingservice"}
{"timestamp": "2026-08-17 17:46:53,832", "severity": "INFO", "message": "[ShipOrder] received request", "logger": "shippingservice"}
{"timestamp": "2026-08-17 17:46:53,833", "severity": "INFO", "message": "[ShipOrder] base_address='195 Main St, Seattle, WA' → tracking_id=GF-30558242-BL", "logger": "shippingservice"}
{"timestamp": "2026-08-17 17:46:53,833", "severity": "INFO", "message": "[GetQuote] received request", "logger": "shippingservice"}
{"timestamp": "2026-08-17 17:46:53,833", "severity": "INFO", "message": "[GetQuote] item_count=11 → $39.99", "logger": "shippingservice"}
{"timestamp": "2026-08-17 17:46:53,833", "severity": "INFO", "message": "[GetQuote] completed request", "logger": "shippingservice"}
{"timestamp": "2026-08-17 17:46:53,833", "severity": "INFO", "message": "[ShipOrder] quote fetched | USD 39.99", "logger": "shippingservice"}
{"timestamp": "2026-08-17 17:46:53,842", "severity": "INFO", "message": "[MongoDB] Shipment persisted: shipping_id=49e6d9e9-3657-4654-aa86-7e40d9b6a49c, tracking_id=GF-30558242-BL", "logger": "shippingservice"}
{"timestamp": "2026-08-17 17:46:53,842", "severity": "INFO", "message": "[ShipOrder] completed request", "logger": "shippingservice"}
{"timestamp": "2026-08-17 17:46:53,903", "severity": "INFO", "message": "[GetQuote] received request", "logger": "shippingservice"}
{"timestamp": "2026-08-17 17:46:53,903", "severity": "INFO", "message": "[GetQuote] item_count=11 → $39.99", "logger": "shippingservice"}
{"timestamp": "2026-08-17 17:46:53,904", "severity": "INFO", "message": "[GetQuote] completed request", "logger": "shippingservice"}
{"timestamp": "2026-08-17 17:46:53,912", "severity": "INFO", "message": "[ShipOrder] received request", "logger": "shippingservice"}
{"timestamp": "2026-08-17 17:46:53,912", "severity": "INFO", "message": "[ShipOrder] base_address='195 Main St, Seattle, WA' → tracking_id=OO-30558242-HN", "logger": "shippingservice"}
{"timestamp": "2026-08-17 17:46:53,913", "severity": "INFO", "message": "[GetQuote] received request", "logger": "shippingservice"}
{"timestamp": "2026-08-17 17:46:53,913", "severity": "INFO", "message": "[GetQuote] item_count=11 → $39.99", "logger": "shippingservice"}
{"timestamp": "2026-08-17 17:46:53,913", "severity": "INFO", "message": "[GetQuote] completed request", "logger": "shippingservice"}
{"timestamp": "2026-08-17 17:46:53,913", "severity": "INFO", "message": "[ShipOrder] quote fetched | USD 39.99", "logger": "shippingservice"}
{"timestamp": "2026-08-17 17:46:53,922", "severity": "INFO", "message": "[MongoDB] Shipment persisted: shipping_id=2f944499-4825-43f5-8116-c0d4b74272c0, tracking_id=OO-30558242-HN", "logger": "shippingservice"}
{"timestamp": "2026-08-17 17:46:53,922", "severity": "INFO", "message": "[ShipOrder] completed request", "logger": "shippingservice"}
{"timestamp": "2026-08-17 17:46:53,981", "severity": "INFO", "message": "[GetQuote] received request", "logger": "shippingservice"}
{"timestamp": "2026-08-17 17:46:53,981", "severity": "INFO", "message": "[GetQuote] item_count=0 → $0.00", "logger": "shippingservice"}
{"timestamp": "2026-08-17 17:46:53,981", "severity": "INFO", "message": "[GetQuote] completed request", "logger": "shippingservice"}
{"timestamp": "2026-08-17 17:46:53,984", "severity": "INFO", "message": "[ShipOrder] received request", "logger": "shippingservice"}
{"timestamp": "2026-08-17 17:46:53,984", "severity": "INFO", "message": "[ShipOrder] base_address='196 Main St, Seattle, WA' → tracking_id=ID-23113905-XK", "logger": "shippingservice"}
{"timestamp": "2026-08-17 17:46:53,985", "severity": "INFO", "message": "[GetQuote] received request", "logger": "shippingservice"}
{"timestamp": "2026-08-17 17:46:53,985", "severity": "INFO", "message": "[GetQuote] item_count=0 → $0.00", "logger": "shippingservice"}
{"timestamp": "2026-08-17 17:46:53,985", "severity": "INFO", "message": "[GetQuote] completed request", "logger": "shippingservice"}
{"timestamp": "2026-08-17 17:46:53,985", "severity": "INFO", "message": "[ShipOrder] quote fetched | USD 0.00", "logger": "shippingservice"}
{"timestamp": "2026-08-17 17:46:53,994", "severity": "INFO", "message": "[MongoDB] Shipment persisted: shipping_id=441d9422-81d4-453a-ac39-237832ef76b9, tracking_id=ID-23113905-XK", "logger": "shippingservice"}
{"timestamp": "2026-08-17 17:46:53,994", "severity": "INFO", "message": "[ShipOrder] completed request", "logger": "shippingservice"}
{"timestamp": "2026-08-17 17:46:54,054", "severity": "INFO", "message": "[GetQuote] received request", "logger": "shippingservice"}
{"timestamp": "2026-08-17 17:46:54,055", "severity": "INFO", "message": "[GetQuote] item_count=0 → $0.00", "logger": "shippingservice"}
{"timestamp": "2026-08-17 17:46:54,055", "severity": "INFO", "message": "[GetQuote] completed request", "logger": "shippingservice"}
{"timestamp": "2026-08-17 17:46:54,062", "severity": "INFO", "message": "[ShipOrder] received request", "logger": "shippingservice"}
{"timestamp": "2026-08-17 17:46:54,062", "severity": "INFO", "message": "[ShipOrder] base_address='196 Main St, Seattle, WA' → tracking_id=CP-23113905-NF", "logger": "shippingservice"}
{"timestamp": "2026-08-17 17:46:54,062", "severity": "INFO", "message": "[GetQuote] received request", "logger": "shippingservice"}
{"timestamp": "2026-08-17 17:46:54,062", "severity": "INFO", "message": "[GetQuote] item_count=0 → $0.00", "logger": "shippingservice"}
{"timestamp": "2026-08-17 17:46:54,063", "severity": "INFO", "message": "[GetQuote] completed request", "logger": "shippingservice"}
{"timestamp": "2026-08-17 17:46:54,063", "severity": "INFO", "message": "[ShipOrder] quote fetched | USD 0.00", "logger": "shippingservice"}
{"timestamp": "2026-08-17 17:46:54,071", "severity": "INFO", "message": "[MongoDB] Shipment persisted: shipping_id=7bf60d42-02a3-4be4-8d5c-1d6dc6e4bea4, tracking_id=CP-23113905-NF", "logger": "shippingservice"}
{"timestamp": "2026-08-17 17:46:54,071", "severity": "INFO", "message": "[ShipOrder] completed request", "logger": "shippingservice"}
{"timestamp": "2026-08-17 17:46:54,129", "severity": "INFO", "message": "[GetQuote] received request", "logger": "shippingservice"}
{"timestamp": "2026-08-17 17:46:54,129", "severity": "INFO", "message": "[GetQuote] item_count=1 → $8.99", "logger": "shippingservice"}
{"timestamp": "2026-08-17 17:46:54,130", "severity": "INFO", "message": "[GetQuote] completed request", "logger": "shippingservice"}
{"timestamp": "2026-08-17 17:46:54,132", "severity": "INFO", "message": "[ShipOrder] received request", "logger": "shippingservice"}
{"timestamp": "2026-08-17 17:46:54,133", "severity": "INFO", "message": "[ShipOrder] base_address='197 Main St, Seattle, WA' → tracking_id=GW-14626103-XP", "logger": "shippingservice"}
{"timestamp": "2026-08-17 17:46:54,133", "severity": "INFO", "message": "[GetQuote] received request", "logger": "shippingservice"}
{"timestamp": "2026-08-17 17:46:54,133", "severity": "INFO", "message": "[GetQuote] item_count=1 → $8.99", "logger": "shippingservice"}
{"timestamp": "2026-08-17 17:46:54,133", "severity": "INFO", "message": "[GetQuote] completed request", "logger": "shippingservice"}
{"timestamp": "2026-08-17 17:46:54,133", "severity": "INFO", "message": "[ShipOrder] quote fetched | USD 8.99", "logger": "shippingservice"}
{"timestamp": "2026-08-17 17:46:54,142", "severity": "INFO", "message": "[MongoDB] Shipment persisted: shipping_id=68c9e45b-8860-4945-964b-2553195eb1e8, tracking_id=GW-14626103-XP", "logger": "shippingservice"}
{"timestamp": "2026-08-17 17:46:54,142", "severity": "INFO", "message": "[ShipOrder] completed request", "logger": "shippingservice"}
{"timestamp": "2026-08-17 17:46:54,203", "severity": "INFO", "message": "[GetQuote] received request", "logger": "shippingservice"}
{"timestamp": "2026-08-17 17:46:54,203", "severity": "INFO", "message": "[GetQuote] item_count=1 → $8.99", "logger": "shippingservice"}
{"timestamp": "2026-08-17 17:46:54,203", "severity": "INFO", "message": "[GetQuote] completed request", "logger": "shippingservice"}
{"timestamp": "2026-08-17 17:46:54,212", "severity": "INFO", "message": "[ShipOrder] received request", "logger": "shippingservice"}
{"timestamp": "2026-08-17 17:46:54,212", "severity": "INFO", "message": "[ShipOrder] base_address='197 Main St, Seattle, WA' → tracking_id=DJ-14626103-DK", "logger": "shippingservice"}
{"timestamp": "2026-08-17 17:46:54,212", "severity": "INFO", "message": "[GetQuote] received request", "logger": "shippingservice"}
{"timestamp": "2026-08-17 17:46:54,213", "severity": "INFO", "message": "[GetQuote] item_count=1 → $8.99", "logger": "shippingservice"}
{"timestamp": "2026-08-17 17:46:54,213", "severity": "INFO", "message": "[GetQuote] completed request", "logger": "shippingservice"}
{"timestamp": "2026-08-17 17:46:54,213", "severity": "INFO", "message": "[ShipOrder] quote fetched | USD 8.99", "logger": "shippingservice"}
{"timestamp": "2026-08-17 17:46:54,221", "severity": "INFO", "message": "[MongoDB] Shipment persisted: shipping_id=edb0f4ea-ff3a-444f-84da-c477227d54a6, tracking_id=DJ-14626103-DK", "logger": "shippingservice"}
{"timestamp": "2026-08-17 17:46:54,221", "severity": "INFO", "message": "[ShipOrder] completed request", "logger": "shippingservice"}
{"timestamp": "2026-08-17 17:46:54,278", "severity": "INFO", "message": "[GetQuote] received request", "logger": "shippingservice"}
{"timestamp": "2026-08-17 17:46:54,278", "severity": "INFO", "message": "[GetQuote] item_count=2 → $8.99", "logger": "shippingservice"}
{"timestamp": "2026-08-17 17:46:54,279", "severity": "INFO", "message": "[GetQuote] completed request", "logger": "shippingservice"}
{"timestamp": "2026-08-17 17:46:54,281", "severity": "INFO", "message": "[ShipOrder] received request", "logger": "shippingservice"}
{"timestamp": "2026-08-17 17:46:54,281", "severity": "INFO", "message": "[ShipOrder] base_address='198 Main St, Seattle, WA' → tracking_id=VP-34806506-XP", "logger": "shippingservice"}
{"timestamp": "2026-08-17 17:46:54,282", "severity": "INFO", "message": "[GetQuote] received request", "logger": "shippingservice"}
{"timestamp": "2026-08-17 17:46:54,282", "severity": "INFO", "message": "[GetQuote] item_count=2 → $8.99", "logger": "shippingservice"}
{"timestamp": "2026-08-17 17:46:54,282", "severity": "INFO", "message": "[GetQuote] completed request", "logger": "shippingservice"}
{"timestamp": "2026-08-17 17:46:54,282", "severity": "INFO", "message": "[ShipOrder] quote fetched | USD 8.99", "logger": "shippingservice"}
{"timestamp": "2026-08-17 17:46:54,290", "severity": "INFO", "message": "[MongoDB] Shipment persisted: shipping_id=00e801c5-9a10-49be-8386-ec1a1b9911a3, tracking_id=VP-34806506-XP", "logger": "shippingservice"}
{"timestamp": "2026-08-17 17:46:54,291", "severity": "INFO", "message": "[ShipOrder] completed request", "logger": "shippingservice"}
{"timestamp": "2026-08-17 17:46:54,346", "severity": "INFO", "message": "[GetQuote] received request", "logger": "shippingservice"}
{"timestamp": "2026-08-17 17:46:54,346", "severity": "INFO", "message": "[GetQuote] item_count=2 → $8.99", "logger": "shippingservice"}
{"timestamp": "2026-08-17 17:46:54,346", "severity": "INFO", "message": "[GetQuote] completed request", "logger": "shippingservice"}
{"timestamp": "2026-08-17 17:46:54,350", "severity": "INFO", "message": "[ShipOrder] received request", "logger": "shippingservice"}
{"timestamp": "2026-08-17 17:46:54,351", "severity": "INFO", "message": "[ShipOrder] base_address='198 Main St, Seattle, WA' → tracking_id=VG-34806506-TV", "logger": "shippingservice"}
{"timestamp": "2026-08-17 17:46:54,351", "severity": "INFO", "message": "[GetQuote] received request", "logger": "shippingservice"}
{"timestamp": "2026-08-17 17:46:54,351", "severity": "INFO", "message": "[GetQuote] item_count=2 → $8.99", "logger": "shippingservice"}
{"timestamp": "2026-08-17 17:46:54,351", "severity": "INFO", "message": "[GetQuote] completed request", "logger": "shippingservice"}
{"timestamp": "2026-08-17 17:46:54,351", "severity": "INFO", "message": "[ShipOrder] quote fetched | USD 8.99", "logger": "shippingservice"}
{"timestamp": "2026-08-17 17:46:54,354", "severity": "INFO", "message": "[MongoDB] Shipment persisted: shipping_id=ad8b4425-8918-42f6-a444-45e09345caf0, tracking_id=VG-34806506-TV", "logger": "shippingservice"}
{"timestamp": "2026-08-17 17:46:54,354", "severity": "INFO", "message": "[ShipOrder] completed request", "logger": "shippingservice"}
{"timestamp": "2026-08-17 17:46:54,408", "severity": "INFO", "message": "[GetQuote] received request", "logger": "shippingservice"}
{"timestamp": "2026-08-17 17:46:54,408", "severity": "INFO", "message": "[GetQuote] item_count=3 → $15.99", "logger": "shippingservice"}
{"timestamp": "2026-08-17 17:46:54,408", "severity": "INFO", "message": "[GetQuote] completed request", "logger": "shippingservice"}
{"timestamp": "2026-08-17 17:46:54,409", "severity": "INFO", "message": "[ShipOrder] received request", "logger": "shippingservice"}
{"timestamp": "2026-08-17 17:46:54,409", "severity": "INFO", "message": "[ShipOrder] base_address='199 Main St, Seattle, WA' → tracking_id=OH-53113053-XK", "logger": "shippingservice"}
{"timestamp": "2026-08-17 17:46:54,410", "severity": "INFO", "message": "[GetQuote] received request", "logger": "shippingservice"}
{"timestamp": "2026-08-17 17:46:54,410", "severity": "INFO", "message": "[GetQuote] item_count=3 → $15.99", "logger": "shippingservice"}
{"timestamp": "2026-08-17 17:46:54,410", "severity": "INFO", "message": "[GetQuote] completed request", "logger": "shippingservice"}
{"timestamp": "2026-08-17 17:46:54,410", "severity": "INFO", "message": "[ShipOrder] quote fetched | USD 15.99", "logger": "shippingservice"}
{"timestamp": "2026-08-17 17:46:54,415", "severity": "INFO", "message": "[MongoDB] Shipment persisted: shipping_id=6b222e88-9349-4c13-b410-5723fa9ecd70, tracking_id=OH-53113053-XK", "logger": "shippingservice"}
{"timestamp": "2026-08-17 17:46:54,415", "severity": "INFO", "message": "[ShipOrder] completed request", "logger": "shippingservice"}
{"timestamp": "2026-08-17 17:46:54,475", "severity": "INFO", "message": "[GetQuote] received request", "logger": "shippingservice"}
{"timestamp": "2026-08-17 17:46:54,476", "severity": "INFO", "message": "[GetQuote] item_count=3 → $15.99", "logger": "shippingservice"}
{"timestamp": "2026-08-17 17:46:54,476", "severity": "INFO", "message": "[GetQuote] completed request", "logger": "shippingservice"}
{"timestamp": "2026-08-17 17:46:54,486", "severity": "INFO", "message": "[ShipOrder] received request", "logger": "shippingservice"}
{"timestamp": "2026-08-17 17:46:54,486", "severity": "INFO", "message": "[ShipOrder] base_address='199 Main St, Seattle, WA' → tracking_id=FI-53113053-XF", "logger": "shippingservice"}
{"timestamp": "2026-08-17 17:46:54,487", "severity": "INFO", "message": "[GetQuote] received request", "logger": "shippingservice"}
{"timestamp": "2026-08-17 17:46:54,487", "severity": "INFO", "message": "[GetQuote] item_count=3 → $15.99", "logger": "shippingservice"}
{"timestamp": "2026-08-17 17:46:54,487", "severity": "INFO", "message": "[GetQuote] completed request", "logger": "shippingservice"}
{"timestamp": "2026-08-17 17:46:54,487", "severity": "INFO", "message": "[ShipOrder] quote fetched | USD 15.99", "logger": "shippingservice"}
{"timestamp": "2026-08-17 17:46:54,498", "severity": "INFO", "message": "[MongoDB] Shipment persisted: shipping_id=ce983e54-1fca-434e-b4ef-09b96ed37564, tracking_id=FI-53113053-XF", "logger": "shippingservice"}
{"timestamp": "2026-08-17 17:46:54,499", "severity": "INFO", "message": "[ShipOrder] completed request", "logger": "shippingservice"}
{"timestamp": "2026-08-17 17:46:54,554", "severity": "INFO", "message": "[GetQuote] received request", "logger": "shippingservice"}
{"timestamp": "2026-08-17 17:46:54,555", "severity": "INFO", "message": "[GetQuote] item_count=4 → $15.99", "logger": "shippingservice"}
{"timestamp": "2026-08-17 17:46:54,555", "severity": "INFO", "message": "[GetQuote] completed request", "logger": "shippingservice"}
{"timestamp": "2026-08-17 17:46:54,556", "severity": "INFO", "message": "[ShipOrder] received request", "logger": "shippingservice"}
{"timestamp": "2026-08-17 17:46:54,556", "severity": "INFO", "message": "[ShipOrder] base_address='200 Main St, Seattle, WA' → tracking_id=ZP-41174195-SA", "logger": "shippingservice"}
{"timestamp": "2026-08-17 17:46:54,556", "severity": "INFO", "message": "[GetQuote] received request", "logger": "shippingservice"}
{"timestamp": "2026-08-17 17:46:54,557", "severity": "INFO", "message": "[GetQuote] item_count=4 → $15.99", "logger": "shippingservice"}
{"timestamp": "2026-08-17 17:46:54,557", "severity": "INFO", "message": "[GetQuote] completed request", "logger": "shippingservice"}
{"timestamp": "2026-08-17 17:46:54,557", "severity": "INFO", "message": "[ShipOrder] quote fetched | USD 15.99", "logger": "shippingservice"}
{"timestamp": "2026-08-17 17:46:54,562", "severity": "INFO", "message": "[MongoDB] Shipment persisted: shipping_id=d9d54c1f-bc56-4b45-a063-3656a8b2e33e, tracking_id=ZP-41174195-SA", "logger": "shippingservice"}
{"timestamp": "2026-08-17 17:46:54,562", "severity": "INFO", "message": "[ShipOrder] completed request", "logger": "shippingservice"}
{"timestamp": "2026-08-17 17:46:54,622", "severity": "INFO", "message": "[GetQuote] received request", "logger": "shippingservice"}
{"timestamp": "2026-08-17 17:46:54,623", "severity": "INFO", "message": "[GetQuote] item_count=4 → $15.99", "logger": "shippingservice"}
{"timestamp": "2026-08-17 17:46:54,623", "severity": "INFO", "message": "[GetQuote] completed request", "logger": "shippingservice"}
{"timestamp": "2026-08-17 17:46:54,631", "severity": "INFO", "message": "[ShipOrder] received request", "logger": "shippingservice"}
{"timestamp": "2026-08-17 17:46:54,631", "severity": "INFO", "message": "[ShipOrder] base_address='200 Main St, Seattle, WA' → tracking_id=ZF-41174195-DF", "logger": "shippingservice"}
{"timestamp": "2026-08-17 17:46:54,631", "severity": "INFO", "message": "[GetQuote] received request", "logger": "shippingservice"}
{"timestamp": "2026-08-17 17:46:54,631", "severity": "INFO", "message": "[GetQuote] item_count=4 → $15.99", "logger": "shippingservice"}
{"timestamp": "2026-08-17 17:46:54,632", "severity": "INFO", "message": "[GetQuote] completed request", "logger": "shippingservice"}
{"timestamp": "2026-08-17 17:46:54,632", "severity": "INFO", "message": "[ShipOrder] quote fetched | USD 15.99", "logger": "shippingservice"}
{"timestamp": "2026-08-17 17:46:54,639", "severity": "INFO", "message": "[MongoDB] Shipment persisted: shipping_id=daa402f9-9a96-4da6-9b56-8635b6d818c3, tracking_id=ZF-41174195-DF", "logger": "shippingservice"}
{"timestamp": "2026-08-17 17:46:54,640", "severity": "INFO", "message": "[ShipOrder] completed request", "logger": "shippingservice"}
{"timestamp": "2026-08-17 17:47:35,334", "severity": "INFO", "message": "[GetQuote] received request", "logger": "shippingservice"}
{"timestamp": "2026-08-17 17:47:35,334", "severity": "INFO", "message": "[GetQuote] item_count=1 → $8.99", "logger": "shippingservice"}
{"timestamp": "2026-08-17 17:47:35,334", "severity": "INFO", "message": "[GetQuote] completed request", "logger": "shippingservice"}
{"timestamp": "2026-08-17 17:47:35,335", "severity": "INFO", "message": "[ShipOrder] received request", "logger": "shippingservice"}
{"timestamp": "2026-08-17 17:47:35,335", "severity": "INFO", "message": "[ShipOrder] base_address='101 Main St, Seattle, WA' → tracking_id=DK-12047853-CX", "logger": "shippingservice"}
{"timestamp": "2026-08-17 17:47:35,335", "severity": "INFO", "message": "[GetQuote] received request", "logger": "shippingservice"}
{"timestamp": "2026-08-17 17:47:35,335", "severity": "INFO", "message": "[GetQuote] item_count=1 → $8.99", "logger": "shippingservice"}
{"timestamp": "2026-08-17 17:47:35,335", "severity": "INFO", "message": "[GetQuote] completed request", "logger": "shippingservice"}
{"timestamp": "2026-08-17 17:47:35,336", "severity": "INFO", "message": "[ShipOrder] quote fetched | USD 8.99", "logger": "shippingservice"}
{"timestamp": "2026-08-17 17:47:35,339", "severity": "INFO", "message": "[MongoDB] Shipment persisted: shipping_id=3a0af8d1-bce8-4dd5-8e96-c543009b5578, tracking_id=DK-12047853-CX", "logger": "shippingservice"}
{"timestamp": "2026-08-17 17:47:35,340", "severity": "INFO", "message": "[ShipOrder] completed request", "logger": "shippingservice"}
{"timestamp": "2026-08-17 17:47:35,392", "severity": "INFO", "message": "[GetQuote] received request", "logger": "shippingservice"}
{"timestamp": "2026-08-17 17:47:35,392", "severity": "INFO", "message": "[GetQuote] item_count=2 → $8.99", "logger": "shippingservice"}
{"timestamp": "2026-08-17 17:47:35,392", "severity": "INFO", "message": "[GetQuote] completed request", "logger": "shippingservice"}
{"timestamp": "2026-08-17 17:47:35,393", "severity": "INFO", "message": "[ShipOrder] received request", "logger": "shippingservice"}
{"timestamp": "2026-08-17 17:47:35,393", "severity": "INFO", "message": "[ShipOrder] base_address='102 Main St, Seattle, WA' → tracking_id=QL-92133625-MN", "logger": "shippingservice"}
{"timestamp": "2026-08-17 17:47:35,393", "severity": "INFO", "message": "[GetQuote] received request", "logger": "shippingservice"}
{"timestamp": "2026-08-17 17:47:35,394", "severity": "INFO", "message": "[GetQuote] item_count=2 → $8.99", "logger": "shippingservice"}
{"timestamp": "2026-08-17 17:47:35,394", "severity": "INFO", "message": "[GetQuote] completed request", "logger": "shippingservice"}
{"timestamp": "2026-08-17 17:47:35,394", "severity": "INFO", "message": "[ShipOrder] quote fetched | USD 8.99", "logger": "shippingservice"}
{"timestamp": "2026-08-17 17:47:35,396", "severity": "INFO", "message": "[MongoDB] Shipment persisted: shipping_id=63a3fd76-4322-4c12-a420-006fded1fbd9, tracking_id=QL-92133625-MN", "logger": "shippingservice"}
{"timestamp": "2026-08-17 17:47:35,396", "severity": "INFO", "message": "[ShipOrder] completed request", "logger": "shippingservice"}
{"timestamp": "2026-08-17 17:47:35,449", "severity": "INFO", "message": "[GetQuote] received request", "logger": "shippingservice"}
{"timestamp": "2026-08-17 17:47:35,449", "severity": "INFO", "message": "[GetQuote] item_count=3 → $15.99", "logger": "shippingservice"}
{"timestamp": "2026-08-17 17:47:35,449", "severity": "INFO", "message": "[GetQuote] completed request", "logger": "shippingservice"}
{"timestamp": "2026-08-17 17:47:35,450", "severity": "INFO", "message": "[ShipOrder] received request", "logger": "shippingservice"}
{"timestamp": "2026-08-17 17:47:35,450", "severity": "INFO", "message": "[ShipOrder] base_address='103 Main St, Seattle, WA' → tracking_id=VY-36627258-DO", "logger": "shippingservice"}
{"timestamp": "2026-08-17 17:47:35,450", "severity": "INFO", "message": "[GetQuote] received request", "logger": "shippingservice"}
{"timestamp": "2026-08-17 17:47:35,450", "severity": "INFO", "message": "[GetQuote] item_count=3 → $15.99", "logger": "shippingservice"}
{"timestamp": "2026-08-17 17:47:35,450", "severity": "INFO", "message": "[GetQuote] completed request", "logger": "shippingservice"}
{"timestamp": "2026-08-17 17:47:35,450", "severity": "INFO", "message": "[ShipOrder] quote fetched | USD 15.99", "logger": "shippingservice"}
{"timestamp": "2026-08-17 17:47:35,455", "severity": "INFO", "message": "[MongoDB] Shipment persisted: shipping_id=2996c314-b682-41bc-891c-d6359382ca54, tracking_id=VY-36627258-DO", "logger": "shippingservice"}
{"timestamp": "2026-08-17 17:47:35,455", "severity": "INFO", "message": "[ShipOrder] completed request", "logger": "shippingservice"}
{"timestamp": "2026-08-17 17:47:35,520", "severity": "INFO", "message": "[GetQuote] received request", "logger": "shippingservice"}
{"timestamp": "2026-08-17 17:47:35,520", "severity": "INFO", "message": "[GetQuote] item_count=4 → $15.99", "logger": "shippingservice"}
{"timestamp": "2026-08-17 17:47:35,520", "severity": "INFO", "message": "[GetQuote] completed request", "logger": "shippingservice"}
{"timestamp": "2026-08-17 17:47:35,523", "severity": "INFO", "message": "[ShipOrder] received request", "logger": "shippingservice"}
{"timestamp": "2026-08-17 17:47:35,523", "severity": "INFO", "message": "[ShipOrder] base_address='104 Main St, Seattle, WA' → tracking_id=PW-86805510-LT", "logger": "shippingservice"}
{"timestamp": "2026-08-17 17:47:35,523", "severity": "INFO", "message": "[GetQuote] received request", "logger": "shippingservice"}
{"timestamp": "2026-08-17 17:47:35,524", "severity": "INFO", "message": "[GetQuote] item_count=4 → $15.99", "logger": "shippingservice"}
{"timestamp": "2026-08-17 17:47:35,524", "severity": "INFO", "message": "[GetQuote] completed request", "logger": "shippingservice"}
{"timestamp": "2026-08-17 17:47:35,524", "severity": "INFO", "message": "[ShipOrder] quote fetched | USD 15.99", "logger": "shippingservice"}
{"timestamp": "2026-08-17 17:47:35,535", "severity": "INFO", "message": "[MongoDB] Shipment persisted: shipping_id=8fe83dcb-25df-4796-ae9d-cb45df0fa958, tracking_id=PW-86805510-LT", "logger": "shippingservice"}
{"timestamp": "2026-08-17 17:47:35,536", "severity": "INFO", "message": "[ShipOrder] completed request", "logger": "shippingservice"}
{"timestamp": "2026-08-17 17:47:35,592", "severity": "INFO", "message": "[GetQuote] received request", "logger": "shippingservice"}
{"timestamp": "2026-08-17 17:47:35,592", "severity": "INFO", "message": "[GetQuote] item_count=5 → $23.99", "logger": "shippingservice"}
{"timestamp": "2026-08-17 17:47:35,592", "severity": "INFO", "message": "[GetQuote] completed request", "logger": "shippingservice"}
{"timestamp": "2026-08-17 17:47:35,596", "severity": "INFO", "message": "[ShipOrder] received request", "logger": "shippingservice"}
{"timestamp": "2026-08-17 17:47:35,596", "severity": "INFO", "message": "[ShipOrder] base_address='105 Main St, Seattle, WA' → tracking_id=EU-26194614-OO", "logger": "shippingservice"}
{"timestamp": "2026-08-17 17:47:35,596", "severity": "INFO", "message": "[GetQuote] received request", "logger": "shippingservice"}
{"timestamp": "2026-08-17 17:47:35,596", "severity": "INFO", "message": "[GetQuote] item_count=5 → $23.99", "logger": "shippingservice"}
{"timestamp": "2026-08-17 17:47:35,596", "severity": "INFO", "message": "[GetQuote] completed request", "logger": "shippingservice"}
{"timestamp": "2026-08-17 17:47:35,596", "severity": "INFO", "message": "[ShipOrder] quote fetched | USD 23.99", "logger": "shippingservice"}
{"timestamp": "2026-08-17 17:47:35,603", "severity": "INFO", "message": "[MongoDB] Shipment persisted: shipping_id=cc2e0fe9-52c2-4fbf-bec4-d42b3a115a29, tracking_id=EU-26194614-OO", "logger": "shippingservice"}
{"timestamp": "2026-08-17 17:47:35,604", "severity": "INFO", "message": "[ShipOrder] completed request", "logger": "shippingservice"}
{"timestamp": "2026-08-17 17:47:35,656", "severity": "INFO", "message": "[GetQuote] received request", "logger": "shippingservice"}
{"timestamp": "2026-08-17 17:47:35,656", "severity": "INFO", "message": "[GetQuote] item_count=6 → $23.99", "logger": "shippingservice"}
{"timestamp": "2026-08-17 17:47:35,656", "severity": "INFO", "message": "[GetQuote] completed request", "logger": "shippingservice"}
{"timestamp": "2026-08-17 17:47:35,657", "severity": "INFO", "message": "[ShipOrder] received request", "logger": "shippingservice"}
{"timestamp": "2026-08-17 17:47:35,658", "severity": "INFO", "message": "[ShipOrder] base_address='106 Main St, Seattle, WA' → tracking_id=QH-38128036-KO", "logger": "shippingservice"}
{"timestamp": "2026-08-17 17:47:35,658", "severity": "INFO", "message": "[GetQuote] received request", "logger": "shippingservice"}
{"timestamp": "2026-08-17 17:47:35,658", "severity": "INFO", "message": "[GetQuote] item_count=6 → $23.99", "logger": "shippingservice"}
{"timestamp": "2026-08-17 17:47:35,658", "severity": "INFO", "message": "[GetQuote] completed request", "logger": "shippingservice"}
{"timestamp": "2026-08-17 17:47:35,658", "severity": "INFO", "message": "[ShipOrder] quote fetched | USD 23.99", "logger": "shippingservice"}
{"timestamp": "2026-08-17 17:47:35,660", "severity": "INFO", "message": "[MongoDB] Shipment persisted: shipping_id=141bffa0-c760-4e03-abc8-bfc9fe6b1561, tracking_id=QH-38128036-KO", "logger": "shippingservice"}
{"timestamp": "2026-08-17 17:47:35,661", "severity": "INFO", "message": "[ShipOrder] completed request", "logger": "shippingservice"}
{"timestamp": "2026-08-17 17:47:35,714", "severity": "INFO", "message": "[GetQuote] received request", "logger": "shippingservice"}
{"timestamp": "2026-08-17 17:47:35,714", "severity": "INFO", "message": "[GetQuote] item_count=7 → $23.99", "logger": "shippingservice"}
{"timestamp": "2026-08-17 17:47:35,714", "severity": "INFO", "message": "[GetQuote] completed request", "logger": "shippingservice"}
{"timestamp": "2026-08-17 17:47:35,715", "severity": "INFO", "message": "[ShipOrder] received request", "logger": "shippingservice"}
{"timestamp": "2026-08-17 17:47:35,715", "severity": "INFO", "message": "[ShipOrder] base_address='107 Main St, Seattle, WA' → tracking_id=TN-34421037-XM", "logger": "shippingservice"}
{"timestamp": "2026-08-17 17:47:35,716", "severity": "INFO", "message": "[GetQuote] received request", "logger": "shippingservice"}
{"timestamp": "2026-08-17 17:47:35,716", "severity": "INFO", "message": "[GetQuote] item_count=7 → $23.99", "logger": "shippingservice"}
{"timestamp": "2026-08-17 17:47:35,716", "severity": "INFO", "message": "[GetQuote] completed request", "logger": "shippingservice"}
{"timestamp": "2026-08-17 17:47:35,716", "severity": "INFO", "message": "[ShipOrder] quote fetched | USD 23.99", "logger": "shippingservice"}
{"timestamp": "2026-08-17 17:47:35,719", "severity": "INFO", "message": "[MongoDB] Shipment persisted: shipping_id=7f864792-64c1-4ed6-a569-d6b79af9d5a3, tracking_id=TN-34421037-XM", "logger": "shippingservice"}
{"timestamp": "2026-08-17 17:47:35,719", "severity": "INFO", "message": "[ShipOrder] completed request", "logger": "shippingservice"}
{"timestamp": "2026-08-17 17:47:35,772", "severity": "INFO", "message": "[GetQuote] received request", "logger": "shippingservice"}
{"timestamp": "2026-08-17 17:47:35,772", "severity": "INFO", "message": "[GetQuote] item_count=8 → $31.99", "logger": "shippingservice"}
{"timestamp": "2026-08-17 17:47:35,772", "severity": "INFO", "message": "[GetQuote] completed request", "logger": "shippingservice"}
{"timestamp": "2026-08-17 17:47:35,773", "severity": "INFO", "message": "[ShipOrder] received request", "logger": "shippingservice"}
{"timestamp": "2026-08-17 17:47:35,773", "severity": "INFO", "message": "[ShipOrder] base_address='108 Main St, Seattle, WA' → tracking_id=MQ-06750937-MP", "logger": "shippingservice"}
{"timestamp": "2026-08-17 17:47:35,773", "severity": "INFO", "message": "[GetQuote] received request", "logger": "shippingservice"}
{"timestamp": "2026-08-17 17:47:35,773", "severity": "INFO", "message": "[GetQuote] item_count=8 → $31.99", "logger": "shippingservice"}
{"timestamp": "2026-08-17 17:47:35,773", "severity": "INFO", "message": "[GetQuote] completed request", "logger": "shippingservice"}
{"timestamp": "2026-08-17 17:47:35,773", "severity": "INFO", "message": "[ShipOrder] quote fetched | USD 31.99", "logger": "shippingservice"}
{"timestamp": "2026-08-17 17:47:35,776", "severity": "INFO", "message": "[MongoDB] Shipment persisted: shipping_id=c70dbe8e-754a-4ec3-9453-813aea13bc47, tracking_id=MQ-06750937-MP", "logger": "shippingservice"}
{"timestamp": "2026-08-17 17:47:35,776", "severity": "INFO", "message": "[ShipOrder] completed request", "logger": "shippingservice"}
{"timestamp": "2026-08-17 17:47:35,831", "severity": "INFO", "message": "[GetQuote] received request", "logger": "shippingservice"}
{"timestamp": "2026-08-17 17:47:35,831", "severity": "INFO", "message": "[GetQuote] item_count=9 → $31.99", "logger": "shippingservice"}
{"timestamp": "2026-08-17 17:47:35,831", "severity": "INFO", "message": "[GetQuote] completed request", "logger": "shippingservice"}
{"timestamp": "2026-08-17 17:47:35,832", "severity": "INFO", "message": "[ShipOrder] received request", "logger": "shippingservice"}
{"timestamp": "2026-08-17 17:47:35,833", "severity": "INFO", "message": "[ShipOrder] base_address='109 Main St, Seattle, WA' → tracking_id=UR-35613818-YO", "logger": "shippingservice"}
{"timestamp": "2026-08-17 17:47:35,833", "severity": "INFO", "message": "[GetQuote] received request", "logger": "shippingservice"}
{"timestamp": "2026-08-17 17:47:35,833", "severity": "INFO", "message": "[GetQuote] item_count=9 → $31.99", "logger": "shippingservice"}
{"timestamp": "2026-08-17 17:47:35,833", "severity": "INFO", "message": "[GetQuote] completed request", "logger": "shippingservice"}
{"timestamp": "2026-08-17 17:47:35,833", "severity": "INFO", "message": "[ShipOrder] quote fetched | USD 31.99", "logger": "shippingservice"}
{"timestamp": "2026-08-17 17:47:35,838", "severity": "INFO", "message": "[MongoDB] Shipment persisted: shipping_id=c84710ff-2762-425f-be39-731180719d00, tracking_id=UR-35613818-YO", "logger": "shippingservice"}
{"timestamp": "2026-08-17 17:47:35,838", "severity": "INFO", "message": "[ShipOrder] completed request", "logger": "shippingservice"}
{"timestamp": "2026-08-17 17:47:35,891", "severity": "INFO", "message": "[GetQuote] received request", "logger": "shippingservice"}
{"timestamp": "2026-08-17 17:47:35,891", "severity": "INFO", "message": "[GetQuote] item_count=10 → $39.99", "logger": "shippingservice"}
{"timestamp": "2026-08-17 17:47:35,891", "severity": "INFO", "message": "[GetQuote] completed request", "logger": "shippingservice"}
{"timestamp": "2026-08-17 17:47:35,892", "severity": "INFO", "message": "[ShipOrder] received request", "logger": "shippingservice"}
{"timestamp": "2026-08-17 17:47:35,892", "severity": "INFO", "message": "[ShipOrder] base_address='110 Main St, Seattle, WA' → tracking_id=FW-80582057-XC", "logger": "shippingservice"}
{"timestamp": "2026-08-17 17:47:35,892", "severity": "INFO", "message": "[GetQuote] received request", "logger": "shippingservice"}
{"timestamp": "2026-08-17 17:47:35,892", "severity": "INFO", "message": "[GetQuote] item_count=10 → $39.99", "logger": "shippingservice"}
{"timestamp": "2026-08-17 17:47:35,892", "severity": "INFO", "message": "[GetQuote] completed request", "logger": "shippingservice"}
{"timestamp": "2026-08-17 17:47:35,892", "severity": "INFO", "message": "[ShipOrder] quote fetched | USD 39.99", "logger": "shippingservice"}
{"timestamp": "2026-08-17 17:47:35,896", "severity": "INFO", "message": "[MongoDB] Shipment persisted: shipping_id=83137bec-2c93-40c2-b12a-741d2d7ea775, tracking_id=FW-80582057-XC", "logger": "shippingservice"}
{"timestamp": "2026-08-17 17:47:35,896", "severity": "INFO", "message": "[ShipOrder] completed request", "logger": "shippingservice"}
{"timestamp": "2026-08-17 17:47:35,949", "severity": "INFO", "message": "[GetQuote] received request", "logger": "shippingservice"}
{"timestamp": "2026-08-17 17:47:35,950", "severity": "INFO", "message": "[GetQuote] item_count=11 → $39.99", "logger": "shippingservice"}
{"timestamp": "2026-08-17 17:47:35,950", "severity": "INFO", "message": "[GetQuote] completed request", "logger": "shippingservice"}
{"timestamp": "2026-08-17 17:47:35,952", "severity": "INFO", "message": "[ShipOrder] received request", "logger": "shippingservice"}
{"timestamp": "2026-08-17 17:47:35,952", "severity": "INFO", "message": "[ShipOrder] base_address='111 Main St, Seattle, WA' → tracking_id=IG-89614816-ZW", "logger": "shippingservice"}
{"timestamp": "2026-08-17 17:47:35,952", "severity": "INFO", "message": "[GetQuote] received request", "logger": "shippingservice"}
{"timestamp": "2026-08-17 17:47:35,952", "severity": "INFO", "message": "[GetQuote] item_count=11 → $39.99", "logger": "shippingservice"}
{"timestamp": "2026-08-17 17:47:35,952", "severity": "INFO", "message": "[GetQuote] completed request", "logger": "shippingservice"}
{"timestamp": "2026-08-17 17:47:35,952", "severity": "INFO", "message": "[ShipOrder] quote fetched | USD 39.99", "logger": "shippingservice"}
{"timestamp": "2026-08-17 17:47:35,959", "severity": "INFO", "message": "[MongoDB] Shipment persisted: shipping_id=f3065cf4-da4a-4da1-9785-7938b0cfeeea, tracking_id=IG-89614816-ZW", "logger": "shippingservice"}
{"timestamp": "2026-08-17 17:47:35,959", "severity": "INFO", "message": "[ShipOrder] completed request", "logger": "shippingservice"}
{"timestamp": "2026-08-17 17:47:36,017", "severity": "INFO", "message": "[GetQuote] received request", "logger": "shippingservice"}
{"timestamp": "2026-08-17 17:47:36,017", "severity": "INFO", "message": "[GetQuote] item_count=0 → $0.00", "logger": "shippingservice"}
{"timestamp": "2026-08-17 17:47:36,018", "severity": "INFO", "message": "[GetQuote] completed request", "logger": "shippingservice"}
{"timestamp": "2026-08-17 17:47:36,021", "severity": "INFO", "message": "[ShipOrder] received request", "logger": "shippingservice"}
{"timestamp": "2026-08-17 17:47:36,022", "severity": "INFO", "message": "[ShipOrder] base_address='112 Main St, Seattle, WA' → tracking_id=OX-33717388-OE", "logger": "shippingservice"}
{"timestamp": "2026-08-17 17:47:36,022", "severity": "INFO", "message": "[GetQuote] received request", "logger": "shippingservice"}
{"timestamp": "2026-08-17 17:47:36,022", "severity": "INFO", "message": "[GetQuote] item_count=0 → $0.00", "logger": "shippingservice"}
{"timestamp": "2026-08-17 17:47:36,023", "severity": "INFO", "message": "[GetQuote] completed request", "logger": "shippingservice"}
{"timestamp": "2026-08-17 17:47:36,023", "severity": "INFO", "message": "[ShipOrder] quote fetched | USD 0.00", "logger": "shippingservice"}
{"timestamp": "2026-08-17 17:47:36,037", "severity": "INFO", "message": "[MongoDB] Shipment persisted: shipping_id=769d14c4-bd50-4221-93b5-09aa8b1cb1f1, tracking_id=OX-33717388-OE", "logger": "shippingservice"}
{"timestamp": "2026-08-17 17:47:36,037", "severity": "INFO", "message": "[ShipOrder] completed request", "logger": "shippingservice"}
{"timestamp": "2026-08-17 17:47:36,095", "severity": "INFO", "message": "[GetQuote] received request", "logger": "shippingservice"}
{"timestamp": "2026-08-17 17:47:36,095", "severity": "INFO", "message": "[GetQuote] item_count=1 → $8.99", "logger": "shippingservice"}
{"timestamp": "2026-08-17 17:47:36,095", "severity": "INFO", "message": "[GetQuote] completed request", "logger": "shippingservice"}
{"timestamp": "2026-08-17 17:47:36,098", "severity": "INFO", "message": "[ShipOrder] received request", "logger": "shippingservice"}
{"timestamp": "2026-08-17 17:47:36,098", "severity": "INFO", "message": "[ShipOrder] base_address='113 Main St, Seattle, WA' → tracking_id=UY-86957095-DY", "logger": "shippingservice"}
{"timestamp": "2026-08-17 17:47:36,098", "severity": "INFO", "message": "[GetQuote] received request", "logger": "shippingservice"}
{"timestamp": "2026-08-17 17:47:36,099", "severity": "INFO", "message": "[GetQuote] item_count=1 → $8.99", "logger": "shippingservice"}
{"timestamp": "2026-08-17 17:47:36,099", "severity": "INFO", "message": "[GetQuote] completed request", "logger": "shippingservice"}
{"timestamp": "2026-08-17 17:47:36,099", "severity": "INFO", "message": "[ShipOrder] quote fetched | USD 8.99", "logger": "shippingservice"}
{"timestamp": "2026-08-17 17:47:36,108", "severity": "INFO", "message": "[MongoDB] Shipment persisted: shipping_id=cbd70259-bcb3-4794-b4ba-c31468c8fe51, tracking_id=UY-86957095-DY", "logger": "shippingservice"}
{"timestamp": "2026-08-17 17:47:36,109", "severity": "INFO", "message": "[ShipOrder] completed request", "logger": "shippingservice"}
{"timestamp": "2026-08-17 17:47:36,166", "severity": "INFO", "message": "[GetQuote] received request", "logger": "shippingservice"}
{"timestamp": "2026-08-17 17:47:36,166", "severity": "INFO", "message": "[GetQuote] item_count=2 → $8.99", "logger": "shippingservice"}
{"timestamp": "2026-08-17 17:47:36,167", "severity": "INFO", "message": "[GetQuote] completed request", "logger": "shippingservice"}
{"timestamp": "2026-08-17 17:47:36,170", "severity": "INFO", "message": "[ShipOrder] received request", "logger": "shippingservice"}
{"timestamp": "2026-08-17 17:47:36,171", "severity": "INFO", "message": "[ShipOrder] base_address='114 Main St, Seattle, WA' → tracking_id=JE-74523316-NB", "logger": "shippingservice"}
{"timestamp": "2026-08-17 17:47:36,171", "severity": "INFO", "message": "[GetQuote] received request", "logger": "shippingservice"}
{"timestamp": "2026-08-17 17:47:36,172", "severity": "INFO", "message": "[GetQuote] item_count=2 → $8.99", "logger": "shippingservice"}
{"timestamp": "2026-08-17 17:47:36,172", "severity": "INFO", "message": "[GetQuote] completed request", "logger": "shippingservice"}
{"timestamp": "2026-08-17 17:47:36,172", "severity": "INFO", "message": "[ShipOrder] quote fetched | USD 8.99", "logger": "shippingservice"}
{"timestamp": "2026-08-17 17:47:36,182", "severity": "INFO", "message": "[MongoDB] Shipment persisted: shipping_id=7faf8675-4a55-4ae5-a622-2347a47d78c3, tracking_id=JE-74523316-NB", "logger": "shippingservice"}
{"timestamp": "2026-08-17 17:47:36,182", "severity": "INFO", "message": "[ShipOrder] completed request", "logger": "shippingservice"}
{"timestamp": "2026-08-17 17:47:36,239", "severity": "INFO", "message": "[GetQuote] received request", "logger": "shippingservice"}
{"timestamp": "2026-08-17 17:47:36,240", "severity": "INFO", "message": "[GetQuote] item_count=3 → $15.99", "logger": "shippingservice"}
{"timestamp": "2026-08-17 17:47:36,240", "severity": "INFO", "message": "[GetQuote] completed request", "logger": "shippingservice"}
{"timestamp": "2026-08-17 17:47:36,243", "severity": "INFO", "message": "[ShipOrder] received request", "logger": "shippingservice"}
{"timestamp": "2026-08-17 17:47:36,243", "severity": "INFO", "message": "[ShipOrder] base_address='115 Main St, Seattle, WA' → tracking_id=RP-24492870-YY", "logger": "shippingservice"}
{"timestamp": "2026-08-17 17:47:36,244", "severity": "INFO", "message": "[GetQuote] received request", "logger": "shippingservice"}
{"timestamp": "2026-08-17 17:47:36,244", "severity": "INFO", "message": "[GetQuote] item_count=3 → $15.99", "logger": "shippingservice"}
{"timestamp": "2026-08-17 17:47:36,244", "severity": "INFO", "message": "[GetQuote] completed request", "logger": "shippingservice"}
{"timestamp": "2026-08-17 17:47:36,244", "severity": "INFO", "message": "[ShipOrder] quote fetched | USD 15.99", "logger": "shippingservice"}
{"timestamp": "2026-08-17 17:47:36,253", "severity": "INFO", "message": "[MongoDB] Shipment persisted: shipping_id=23e873fe-7fda-4d5c-8129-945ca295dc81, tracking_id=RP-24492870-YY", "logger": "shippingservice"}
{"timestamp": "2026-08-17 17:47:36,253", "severity": "INFO", "message": "[ShipOrder] completed request", "logger": "shippingservice"}
{"timestamp": "2026-08-17 17:47:36,307", "severity": "INFO", "message": "[GetQuote] received request", "logger": "shippingservice"}
{"timestamp": "2026-08-17 17:47:36,308", "severity": "INFO", "message": "[GetQuote] item_count=4 → $15.99", "logger": "shippingservice"}
{"timestamp": "2026-08-17 17:47:36,308", "severity": "INFO", "message": "[GetQuote] completed request", "logger": "shippingservice"}
{"timestamp": "2026-08-17 17:47:36,309", "severity": "INFO", "message": "[ShipOrder] received request", "logger": "shippingservice"}
{"timestamp": "2026-08-17 17:47:36,309", "severity": "INFO", "message": "[ShipOrder] base_address='116 Main St, Seattle, WA' → tracking_id=MH-79713396-WR", "logger": "shippingservice"}
{"timestamp": "2026-08-17 17:47:36,310", "severity": "INFO", "message": "[GetQuote] received request", "logger": "shippingservice"}
{"timestamp": "2026-08-17 17:47:36,310", "severity": "INFO", "message": "[GetQuote] item_count=4 → $15.99", "logger": "shippingservice"}
{"timestamp": "2026-08-17 17:47:36,310", "severity": "INFO", "message": "[GetQuote] completed request", "logger": "shippingservice"}
{"timestamp": "2026-08-17 17:47:36,310", "severity": "INFO", "message": "[ShipOrder] quote fetched | USD 15.99", "logger": "shippingservice"}
{"timestamp": "2026-08-17 17:47:36,315", "severity": "INFO", "message": "[MongoDB] Shipment persisted: shipping_id=e31f342e-1e88-41cf-a032-40fcef8eeadb, tracking_id=MH-79713396-WR", "logger": "shippingservice"}
{"timestamp": "2026-08-17 17:47:36,315", "severity": "INFO", "message": "[ShipOrder] completed request", "logger": "shippingservice"}
{"timestamp": "2026-08-17 17:47:36,371", "severity": "INFO", "message": "[GetQuote] received request", "logger": "shippingservice"}
{"timestamp": "2026-08-17 17:47:36,371", "severity": "INFO", "message": "[GetQuote] item_count=5 → $23.99", "logger": "shippingservice"}
{"timestamp": "2026-08-17 17:47:36,371", "severity": "INFO", "message": "[GetQuote] completed request", "logger": "shippingservice"}
{"timestamp": "2026-08-17 17:47:36,374", "severity": "INFO", "message": "[ShipOrder] received request", "logger": "shippingservice"}
{"timestamp": "2026-08-17 17:47:36,375", "severity": "INFO", "message": "[ShipOrder] base_address='117 Main St, Seattle, WA' → tracking_id=QJ-82381398-EQ", "logger": "shippingservice"}
{"timestamp": "2026-08-17 17:47:36,375", "severity": "INFO", "message": "[GetQuote] received request", "logger": "shippingservice"}
{"timestamp": "2026-08-17 17:47:36,375", "severity": "INFO", "message": "[GetQuote] item_count=5 → $23.99", "logger": "shippingservice"}
{"timestamp": "2026-08-17 17:47:36,375", "severity": "INFO", "message": "[GetQuote] completed request", "logger": "shippingservice"}
{"timestamp": "2026-08-17 17:47:36,376", "severity": "INFO", "message": "[ShipOrder] quote fetched | USD 23.99", "logger": "shippingservice"}
{"timestamp": "2026-08-17 17:47:36,384", "severity": "INFO", "message": "[MongoDB] Shipment persisted: shipping_id=6f5bbbcc-7646-4854-8ba0-c36493fbf5d0, tracking_id=QJ-82381398-EQ", "logger": "shippingservice"}
{"timestamp": "2026-08-17 17:47:36,385", "severity": "INFO", "message": "[ShipOrder] completed request", "logger": "shippingservice"}
{"timestamp": "2026-08-17 17:47:36,442", "severity": "INFO", "message": "[GetQuote] received request", "logger": "shippingservice"}
{"timestamp": "2026-08-17 17:47:36,442", "severity": "INFO", "message": "[GetQuote] item_count=6 → $23.99", "logger": "shippingservice"}
{"timestamp": "2026-08-17 17:47:36,443", "severity": "INFO", "message": "[GetQuote] completed request", "logger": "shippingservice"}
{"timestamp": "2026-08-17 17:47:36,447", "severity": "INFO", "message": "[ShipOrder] received request", "logger": "shippingservice"}
{"timestamp": "2026-08-17 17:47:36,448", "severity": "INFO", "message": "[ShipOrder] base_address='118 Main St, Seattle, WA' → tracking_id=VQ-74271301-SL", "logger": "shippingservice"}
{"timestamp": "2026-08-17 17:47:36,448", "severity": "INFO", "message": "[GetQuote] received request", "logger": "shippingservice"}
{"timestamp": "2026-08-17 17:47:36,448", "severity": "INFO", "message": "[GetQuote] item_count=6 → $23.99", "logger": "shippingservice"}
{"timestamp": "2026-08-17 17:47:36,448", "severity": "INFO", "message": "[GetQuote] completed request", "logger": "shippingservice"}
{"timestamp": "2026-08-17 17:47:36,449", "severity": "INFO", "message": "[ShipOrder] quote fetched | USD 23.99", "logger": "shippingservice"}
{"timestamp": "2026-08-17 17:47:36,459", "severity": "INFO", "message": "[MongoDB] Shipment persisted: shipping_id=99cafa99-91c8-47ef-8a06-35444060eb8c, tracking_id=VQ-74271301-SL", "logger": "shippingservice"}
{"timestamp": "2026-08-17 17:47:36,459", "severity": "INFO", "message": "[ShipOrder] completed request", "logger": "shippingservice"}
{"timestamp": "2026-08-17 17:47:36,514", "severity": "INFO", "message": "[GetQuote] received request", "logger": "shippingservice"}
{"timestamp": "2026-08-17 17:47:36,514", "severity": "INFO", "message": "[GetQuote] item_count=7 → $23.99", "logger": "shippingservice"}
{"timestamp": "2026-08-17 17:47:36,514", "severity": "INFO", "message": "[GetQuote] completed request", "logger": "shippingservice"}
{"timestamp": "2026-08-17 17:47:36,517", "severity": "INFO", "message": "[ShipOrder] received request", "logger": "shippingservice"}
{"timestamp": "2026-08-17 17:47:36,517", "severity": "INFO", "message": "[ShipOrder] base_address='119 Main St, Seattle, WA' → tracking_id=YS-01476456-XV", "logger": "shippingservice"}
{"timestamp": "2026-08-17 17:47:36,517", "severity": "INFO", "message": "[GetQuote] received request", "logger": "shippingservice"}
{"timestamp": "2026-08-17 17:47:36,517", "severity": "INFO", "message": "[GetQuote] item_count=7 → $23.99", "logger": "shippingservice"}
{"timestamp": "2026-08-17 17:47:36,517", "severity": "INFO", "message": "[GetQuote] completed request", "logger": "shippingservice"}
{"timestamp": "2026-08-17 17:47:36,518", "severity": "INFO", "message": "[ShipOrder] quote fetched | USD 23.99", "logger": "shippingservice"}
{"timestamp": "2026-08-17 17:47:36,523", "severity": "INFO", "message": "[MongoDB] Shipment persisted: shipping_id=808c5f13-f0e6-4de7-8bf7-1bab82004781, tracking_id=YS-01476456-XV", "logger": "shippingservice"}
{"timestamp": "2026-08-17 17:47:36,523", "severity": "INFO", "message": "[ShipOrder] completed request", "logger": "shippingservice"}
{"timestamp": "2026-08-17 17:47:36,576", "severity": "INFO", "message": "[GetQuote] received request", "logger": "shippingservice"}
{"timestamp": "2026-08-17 17:47:36,576", "severity": "INFO", "message": "[GetQuote] item_count=8 → $31.99", "logger": "shippingservice"}
{"timestamp": "2026-08-17 17:47:36,576", "severity": "INFO", "message": "[GetQuote] completed request", "logger": "shippingservice"}
{"timestamp": "2026-08-17 17:47:36,577", "severity": "INFO", "message": "[ShipOrder] received request", "logger": "shippingservice"}
{"timestamp": "2026-08-17 17:47:36,577", "severity": "INFO", "message": "[ShipOrder] base_address='120 Main St, Seattle, WA' → tracking_id=YY-65173279-RN", "logger": "shippingservice"}
{"timestamp": "2026-08-17 17:47:36,577", "severity": "INFO", "message": "[GetQuote] received request", "logger": "shippingservice"}
{"timestamp": "2026-08-17 17:47:36,577", "severity": "INFO", "message": "[GetQuote] item_count=8 → $31.99", "logger": "shippingservice"}
{"timestamp": "2026-08-17 17:47:36,577", "severity": "INFO", "message": "[GetQuote] completed request", "logger": "shippingservice"}
{"timestamp": "2026-08-17 17:47:36,577", "severity": "INFO", "message": "[ShipOrder] quote fetched | USD 31.99", "logger": "shippingservice"}
{"timestamp": "2026-08-17 17:47:36,580", "severity": "INFO", "message": "[MongoDB] Shipment persisted: shipping_id=c8d1e2d1-ee1c-4ef2-bcad-42513f142d27, tracking_id=YY-65173279-RN", "logger": "shippingservice"}
{"timestamp": "2026-08-17 17:47:36,580", "severity": "INFO", "message": "[ShipOrder] completed request", "logger": "shippingservice"}
{"timestamp": "2026-08-17 17:47:36,636", "severity": "INFO", "message": "[GetQuote] received request", "logger": "shippingservice"}
{"timestamp": "2026-08-17 17:47:36,636", "severity": "INFO", "message": "[GetQuote] item_count=9 → $31.99", "logger": "shippingservice"}
{"timestamp": "2026-08-17 17:47:36,636", "severity": "INFO", "message": "[GetQuote] completed request", "logger": "shippingservice"}
{"timestamp": "2026-08-17 17:47:36,639", "severity": "INFO", "message": "[ShipOrder] received request", "logger": "shippingservice"}
{"timestamp": "2026-08-17 17:47:36,640", "severity": "INFO", "message": "[ShipOrder] base_address='121 Main St, Seattle, WA' → tracking_id=UR-86529952-NW", "logger": "shippingservice"}
{"timestamp": "2026-08-17 17:47:36,640", "severity": "INFO", "message": "[GetQuote] received request", "logger": "shippingservice"}
{"timestamp": "2026-08-17 17:47:36,640", "severity": "INFO", "message": "[GetQuote] item_count=9 → $31.99", "logger": "shippingservice"}
{"timestamp": "2026-08-17 17:47:36,640", "severity": "INFO", "message": "[GetQuote] completed request", "logger": "shippingservice"}
{"timestamp": "2026-08-17 17:47:36,640", "severity": "INFO", "message": "[ShipOrder] quote fetched | USD 31.99", "logger": "shippingservice"}
{"timestamp": "2026-08-17 17:47:36,649", "severity": "INFO", "message": "[MongoDB] Shipment persisted: shipping_id=625b398c-fd5e-41a0-8fe3-ab6fb7499406, tracking_id=UR-86529952-NW", "logger": "shippingservice"}
{"timestamp": "2026-08-17 17:47:36,649", "severity": "INFO", "message": "[ShipOrder] completed request", "logger": "shippingservice"}
{"timestamp": "2026-08-17 17:47:36,706", "severity": "INFO", "message": "[GetQuote] received request", "logger": "shippingservice"}
{"timestamp": "2026-08-17 17:47:36,707", "severity": "INFO", "message": "[GetQuote] item_count=10 → $39.99", "logger": "shippingservice"}
{"timestamp": "2026-08-17 17:47:36,707", "severity": "INFO", "message": "[GetQuote] completed request", "logger": "shippingservice"}
{"timestamp": "2026-08-17 17:47:36,710", "severity": "INFO", "message": "[ShipOrder] received request", "logger": "shippingservice"}
{"timestamp": "2026-08-17 17:47:36,711", "severity": "INFO", "message": "[ShipOrder] base_address='122 Main St, Seattle, WA' → tracking_id=UJ-65842563-YL", "logger": "shippingservice"}
{"timestamp": "2026-08-17 17:47:36,711", "severity": "INFO", "message": "[GetQuote] received request", "logger": "shippingservice"}
{"timestamp": "2026-08-17 17:47:36,712", "severity": "INFO", "message": "[GetQuote] item_count=10 → $39.99", "logger": "shippingservice"}
{"timestamp": "2026-08-17 17:47:36,712", "severity": "INFO", "message": "[GetQuote] completed request", "logger": "shippingservice"}
{"timestamp": "2026-08-17 17:47:36,712", "severity": "INFO", "message": "[ShipOrder] quote fetched | USD 39.99", "logger": "shippingservice"}
{"timestamp": "2026-08-17 17:47:36,721", "severity": "INFO", "message": "[MongoDB] Shipment persisted: shipping_id=298360f0-5cce-4731-8d56-938ff2cd8d54, tracking_id=UJ-65842563-YL", "logger": "shippingservice"}
{"timestamp": "2026-08-17 17:47:36,721", "severity": "INFO", "message": "[ShipOrder] completed request", "logger": "shippingservice"}
{"timestamp": "2026-08-17 17:47:36,778", "severity": "INFO", "message": "[GetQuote] received request", "logger": "shippingservice"}
{"timestamp": "2026-08-17 17:47:36,778", "severity": "INFO", "message": "[GetQuote] item_count=11 → $39.99", "logger": "shippingservice"}
{"timestamp": "2026-08-17 17:47:36,779", "severity": "INFO", "message": "[GetQuote] completed request", "logger": "shippingservice"}
{"timestamp": "2026-08-17 17:47:36,781", "severity": "INFO", "message": "[ShipOrder] received request", "logger": "shippingservice"}
{"timestamp": "2026-08-17 17:47:36,782", "severity": "INFO", "message": "[ShipOrder] base_address='123 Main St, Seattle, WA' → tracking_id=CM-94503840-CV", "logger": "shippingservice"}
{"timestamp": "2026-08-17 17:47:36,782", "severity": "INFO", "message": "[GetQuote] received request", "logger": "shippingservice"}
{"timestamp": "2026-08-17 17:47:36,782", "severity": "INFO", "message": "[GetQuote] item_count=11 → $39.99", "logger": "shippingservice"}
{"timestamp": "2026-08-17 17:47:36,783", "severity": "INFO", "message": "[GetQuote] completed request", "logger": "shippingservice"}
{"timestamp": "2026-08-17 17:47:36,783", "severity": "INFO", "message": "[ShipOrder] quote fetched | USD 39.99", "logger": "shippingservice"}
{"timestamp": "2026-08-17 17:47:36,792", "severity": "INFO", "message": "[MongoDB] Shipment persisted: shipping_id=46b1dd8f-fbe9-42e3-acaf-5c6d2eb0a48a, tracking_id=CM-94503840-CV", "logger": "shippingservice"}
{"timestamp": "2026-08-17 17:47:36,792", "severity": "INFO", "message": "[ShipOrder] completed request", "logger": "shippingservice"}
{"timestamp": "2026-08-17 17:47:36,849", "severity": "INFO", "message": "[GetQuote] received request", "logger": "shippingservice"}
{"timestamp": "2026-08-17 17:47:36,849", "severity": "INFO", "message": "[GetQuote] item_count=0 → $0.00", "logger": "shippingservice"}
{"timestamp": "2026-08-17 17:47:36,850", "severity": "INFO", "message": "[GetQuote] completed request", "logger": "shippingservice"}
{"timestamp": "2026-08-17 17:47:36,853", "severity": "INFO", "message": "[ShipOrder] received request", "logger": "shippingservice"}
{"timestamp": "2026-08-17 17:47:36,854", "severity": "INFO", "message": "[ShipOrder] base_address='124 Main St, Seattle, WA' → tracking_id=RA-84797134-BH", "logger": "shippingservice"}
{"timestamp": "2026-08-17 17:47:36,854", "severity": "INFO", "message": "[GetQuote] received request", "logger": "shippingservice"}
{"timestamp": "2026-08-17 17:47:36,854", "severity": "INFO", "message": "[GetQuote] item_count=0 → $0.00", "logger": "shippingservice"}
{"timestamp": "2026-08-17 17:47:36,854", "severity": "INFO", "message": "[GetQuote] completed request", "logger": "shippingservice"}
{"timestamp": "2026-08-17 17:47:36,855", "severity": "INFO", "message": "[ShipOrder] quote fetched | USD 0.00", "logger": "shippingservice"}
{"timestamp": "2026-08-17 17:47:36,865", "severity": "INFO", "message": "[MongoDB] Shipment persisted: shipping_id=464d5d09-992a-403b-b054-8521a2ef289f, tracking_id=RA-84797134-BH", "logger": "shippingservice"}
{"timestamp": "2026-08-17 17:47:36,865", "severity": "INFO", "message": "[ShipOrder] completed request", "logger": "shippingservice"}
{"timestamp": "2026-08-17 17:47:36,921", "severity": "INFO", "message": "[GetQuote] received request", "logger": "shippingservice"}
{"timestamp": "2026-08-17 17:47:36,921", "severity": "INFO", "message": "[GetQuote] item_count=1 → $8.99", "logger": "shippingservice"}
{"timestamp": "2026-08-17 17:47:36,921", "severity": "INFO", "message": "[GetQuote] completed request", "logger": "shippingservice"}
{"timestamp": "2026-08-17 17:47:36,922", "severity": "INFO", "message": "[ShipOrder] received request", "logger": "shippingservice"}
{"timestamp": "2026-08-17 17:47:36,922", "severity": "INFO", "message": "[ShipOrder] base_address='125 Main St, Seattle, WA' → tracking_id=HK-76206064-WQ", "logger": "shippingservice"}
{"timestamp": "2026-08-17 17:47:36,922", "severity": "INFO", "message": "[GetQuote] received request", "logger": "shippingservice"}
{"timestamp": "2026-08-17 17:47:36,922", "severity": "INFO", "message": "[GetQuote] item_count=1 → $8.99", "logger": "shippingservice"}
{"timestamp": "2026-08-17 17:47:36,922", "severity": "INFO", "message": "[GetQuote] completed request", "logger": "shippingservice"}
{"timestamp": "2026-08-17 17:47:36,923", "severity": "INFO", "message": "[ShipOrder] quote fetched | USD 8.99", "logger": "shippingservice"}
{"timestamp": "2026-08-17 17:47:36,926", "severity": "INFO", "message": "[MongoDB] Shipment persisted: shipping_id=4ae00efe-43b4-4179-b57e-de0f54eee3c7, tracking_id=HK-76206064-WQ", "logger": "shippingservice"}
{"timestamp": "2026-08-17 17:47:36,926", "severity": "INFO", "message": "[ShipOrder] completed request", "logger": "shippingservice"}
{"timestamp": "2026-08-17 17:47:36,978", "severity": "INFO", "message": "[GetQuote] received request", "logger": "shippingservice"}
{"timestamp": "2026-08-17 17:47:36,978", "severity": "INFO", "message": "[GetQuote] item_count=2 → $8.99", "logger": "shippingservice"}
{"timestamp": "2026-08-17 17:47:36,978", "severity": "INFO", "message": "[GetQuote] completed request", "logger": "shippingservice"}
{"timestamp": "2026-08-17 17:47:36,979", "severity": "INFO", "message": "[ShipOrder] received request", "logger": "shippingservice"}
{"timestamp": "2026-08-17 17:47:36,979", "severity": "INFO", "message": "[ShipOrder] base_address='126 Main St, Seattle, WA' → tracking_id=PB-49079491-YB", "logger": "shippingservice"}
{"timestamp": "2026-08-17 17:47:36,980", "severity": "INFO", "message": "[GetQuote] received request", "logger": "shippingservice"}
{"timestamp": "2026-08-17 17:47:36,980", "severity": "INFO", "message": "[GetQuote] item_count=2 → $8.99", "logger": "shippingservice"}
{"timestamp": "2026-08-17 17:47:36,980", "severity": "INFO", "message": "[GetQuote] completed request", "logger": "shippingservice"}
{"timestamp": "2026-08-17 17:47:36,980", "severity": "INFO", "message": "[ShipOrder] quote fetched | USD 8.99", "logger": "shippingservice"}
{"timestamp": "2026-08-17 17:47:36,983", "severity": "INFO", "message": "[MongoDB] Shipment persisted: shipping_id=0d605078-bfca-48c2-98a4-9c6d6e308fd1, tracking_id=PB-49079491-YB", "logger": "shippingservice"}
{"timestamp": "2026-08-17 17:47:36,983", "severity": "INFO", "message": "[ShipOrder] completed request", "logger": "shippingservice"}
{"timestamp": "2026-08-17 17:47:37,035", "severity": "INFO", "message": "[GetQuote] received request", "logger": "shippingservice"}
{"timestamp": "2026-08-17 17:47:37,035", "severity": "INFO", "message": "[GetQuote] item_count=3 → $15.99", "logger": "shippingservice"}
{"timestamp": "2026-08-17 17:47:37,035", "severity": "INFO", "message": "[GetQuote] completed request", "logger": "shippingservice"}
{"timestamp": "2026-08-17 17:47:37,036", "severity": "INFO", "message": "[ShipOrder] received request", "logger": "shippingservice"}
{"timestamp": "2026-08-17 17:47:37,036", "severity": "INFO", "message": "[ShipOrder] base_address='127 Main St, Seattle, WA' → tracking_id=IE-99896474-DH", "logger": "shippingservice"}
{"timestamp": "2026-08-17 17:47:37,036", "severity": "INFO", "message": "[GetQuote] received request", "logger": "shippingservice"}
{"timestamp": "2026-08-17 17:47:37,036", "severity": "INFO", "message": "[GetQuote] item_count=3 → $15.99", "logger": "shippingservice"}
{"timestamp": "2026-08-17 17:47:37,036", "severity": "INFO", "message": "[GetQuote] completed request", "logger": "shippingservice"}
{"timestamp": "2026-08-17 17:47:37,036", "severity": "INFO", "message": "[ShipOrder] quote fetched | USD 15.99", "logger": "shippingservice"}
{"timestamp": "2026-08-17 17:47:37,039", "severity": "INFO", "message": "[MongoDB] Shipment persisted: shipping_id=e01525ce-63b8-4589-a5b0-82bd6b898a3b, tracking_id=IE-99896474-DH", "logger": "shippingservice"}
{"timestamp": "2026-08-17 17:47:37,039", "severity": "INFO", "message": "[ShipOrder] completed request", "logger": "shippingservice"}
{"timestamp": "2026-08-17 17:47:37,092", "severity": "INFO", "message": "[GetQuote] received request", "logger": "shippingservice"}
{"timestamp": "2026-08-17 17:47:37,092", "severity": "INFO", "message": "[GetQuote] item_count=4 → $15.99", "logger": "shippingservice"}
{"timestamp": "2026-08-17 17:47:37,092", "severity": "INFO", "message": "[GetQuote] completed request", "logger": "shippingservice"}
{"timestamp": "2026-08-17 17:47:37,093", "severity": "INFO", "message": "[ShipOrder] received request", "logger": "shippingservice"}
{"timestamp": "2026-08-17 17:47:37,093", "severity": "INFO", "message": "[ShipOrder] base_address='128 Main St, Seattle, WA' → tracking_id=HZ-09003249-CI", "logger": "shippingservice"}
{"timestamp": "2026-08-17 17:47:37,093", "severity": "INFO", "message": "[GetQuote] received request", "logger": "shippingservice"}
{"timestamp": "2026-08-17 17:47:37,093", "severity": "INFO", "message": "[GetQuote] item_count=4 → $15.99", "logger": "shippingservice"}
{"timestamp": "2026-08-17 17:47:37,093", "severity": "INFO", "message": "[GetQuote] completed request", "logger": "shippingservice"}
{"timestamp": "2026-08-17 17:47:37,093", "severity": "INFO", "message": "[ShipOrder] quote fetched | USD 15.99", "logger": "shippingservice"}
{"timestamp": "2026-08-17 17:47:37,096", "severity": "INFO", "message": "[MongoDB] Shipment persisted: shipping_id=02cbedb9-6fa6-4502-966b-955a0cf01de0, tracking_id=HZ-09003249-CI", "logger": "shippingservice"}
{"timestamp": "2026-08-17 17:47:37,096", "severity": "INFO", "message": "[ShipOrder] completed request", "logger": "shippingservice"}
{"timestamp": "2026-08-17 17:47:37,149", "severity": "INFO", "message": "[GetQuote] received request", "logger": "shippingservice"}
{"timestamp": "2026-08-17 17:47:37,149", "severity": "INFO", "message": "[GetQuote] item_count=5 → $23.99", "logger": "shippingservice"}
{"timestamp": "2026-08-17 17:47:37,149", "severity": "INFO", "message": "[GetQuote] completed request", "logger": "shippingservice"}
{"timestamp": "2026-08-17 17:47:37,150", "severity": "INFO", "message": "[ShipOrder] received request", "logger": "shippingservice"}
{"timestamp": "2026-08-17 17:47:37,150", "severity": "INFO", "message": "[ShipOrder] base_address='129 Main St, Seattle, WA' → tracking_id=EC-23335482-WP", "logger": "shippingservice"}
{"timestamp": "2026-08-17 17:47:37,150", "severity": "INFO", "message": "[GetQuote] received request", "logger": "shippingservice"}
{"timestamp": "2026-08-17 17:47:37,150", "severity": "INFO", "message": "[GetQuote] item_count=5 → $23.99", "logger": "shippingservice"}
{"timestamp": "2026-08-17 17:47:37,150", "severity": "INFO", "message": "[GetQuote] completed request", "logger": "shippingservice"}
{"timestamp": "2026-08-17 17:47:37,150", "severity": "INFO", "message": "[ShipOrder] quote fetched | USD 23.99", "logger": "shippingservice"}
{"timestamp": "2026-08-17 17:47:37,153", "severity": "INFO", "message": "[MongoDB] Shipment persisted: shipping_id=6907523d-0a64-4e5a-9505-fb3ec5930b24, tracking_id=EC-23335482-WP", "logger": "shippingservice"}
{"timestamp": "2026-08-17 17:47:37,153", "severity": "INFO", "message": "[ShipOrder] completed request", "logger": "shippingservice"}
{"timestamp": "2026-08-17 17:47:37,207", "severity": "INFO", "message": "[GetQuote] received request", "logger": "shippingservice"}
{"timestamp": "2026-08-17 17:47:37,207", "severity": "INFO", "message": "[GetQuote] item_count=6 → $23.99", "logger": "shippingservice"}
{"timestamp": "2026-08-17 17:47:37,207", "severity": "INFO", "message": "[GetQuote] completed request", "logger": "shippingservice"}
{"timestamp": "2026-08-17 17:47:37,209", "severity": "INFO", "message": "[ShipOrder] received request", "logger": "shippingservice"}
{"timestamp": "2026-08-17 17:47:37,209", "severity": "INFO", "message": "[ShipOrder] base_address='130 Main St, Seattle, WA' → tracking_id=BJ-55516783-FW", "logger": "shippingservice"}
{"timestamp": "2026-08-17 17:47:37,210", "severity": "INFO", "message": "[GetQuote] received request", "logger": "shippingservice"}
{"timestamp": "2026-08-17 17:47:37,210", "severity": "INFO", "message": "[GetQuote] item_count=6 → $23.99", "logger": "shippingservice"}
{"timestamp": "2026-08-17 17:47:37,210", "severity": "INFO", "message": "[GetQuote] completed request", "logger": "shippingservice"}
{"timestamp": "2026-08-17 17:47:37,210", "severity": "INFO", "message": "[ShipOrder] quote fetched | USD 23.99", "logger": "shippingservice"}
{"timestamp": "2026-08-17 17:47:37,218", "severity": "INFO", "message": "[MongoDB] Shipment persisted: shipping_id=b5078000-a7a7-4f88-ab87-f344aee7261e, tracking_id=BJ-55516783-FW", "logger": "shippingservice"}
{"timestamp": "2026-08-17 17:47:37,218", "severity": "INFO", "message": "[ShipOrder] completed request", "logger": "shippingservice"}
{"timestamp": "2026-08-17 17:47:37,275", "severity": "INFO", "message": "[GetQuote] received request", "logger": "shippingservice"}
{"timestamp": "2026-08-17 17:47:37,275", "severity": "INFO", "message": "[GetQuote] item_count=7 → $23.99", "logger": "shippingservice"}
{"timestamp": "2026-08-17 17:47:37,275", "severity": "INFO", "message": "[GetQuote] completed request", "logger": "shippingservice"}
{"timestamp": "2026-08-17 17:47:37,278", "severity": "INFO", "message": "[ShipOrder] received request", "logger": "shippingservice"}
{"timestamp": "2026-08-17 17:47:37,279", "severity": "INFO", "message": "[ShipOrder] base_address='131 Main St, Seattle, WA' → tracking_id=IP-92600615-VB", "logger": "shippingservice"}
{"timestamp": "2026-08-17 17:47:37,279", "severity": "INFO", "message": "[GetQuote] received request", "logger": "shippingservice"}
{"timestamp": "2026-08-17 17:47:37,279", "severity": "INFO", "message": "[GetQuote] item_count=7 → $23.99", "logger": "shippingservice"}
{"timestamp": "2026-08-17 17:47:37,279", "severity": "INFO", "message": "[GetQuote] completed request", "logger": "shippingservice"}
{"timestamp": "2026-08-17 17:47:37,279", "severity": "INFO", "message": "[ShipOrder] quote fetched | USD 23.99", "logger": "shippingservice"}
{"timestamp": "2026-08-17 17:47:37,288", "severity": "INFO", "message": "[MongoDB] Shipment persisted: shipping_id=49369971-75ec-44bb-ac36-f5f265e764fc, tracking_id=IP-92600615-VB", "logger": "shippingservice"}
{"timestamp": "2026-08-17 17:47:37,288", "severity": "INFO", "message": "[ShipOrder] completed request", "logger": "shippingservice"}
{"timestamp": "2026-08-17 17:47:37,342", "severity": "INFO", "message": "[GetQuote] received request", "logger": "shippingservice"}
{"timestamp": "2026-08-17 17:47:37,342", "severity": "INFO", "message": "[GetQuote] item_count=8 → $31.99", "logger": "shippingservice"}
{"timestamp": "2026-08-17 17:47:37,343", "severity": "INFO", "message": "[GetQuote] completed request", "logger": "shippingservice"}
{"timestamp": "2026-08-17 17:47:37,344", "severity": "INFO", "message": "[ShipOrder] received request", "logger": "shippingservice"}
{"timestamp": "2026-08-17 17:47:37,344", "severity": "INFO", "message": "[ShipOrder] base_address='132 Main St, Seattle, WA' → tracking_id=NX-92946079-HD", "logger": "shippingservice"}
{"timestamp": "2026-08-17 17:47:37,344", "severity": "INFO", "message": "[GetQuote] received request", "logger": "shippingservice"}
{"timestamp": "2026-08-17 17:47:37,344", "severity": "INFO", "message": "[GetQuote] item_count=8 → $31.99", "logger": "shippingservice"}
{"timestamp": "2026-08-17 17:47:37,344", "severity": "INFO", "message": "[GetQuote] completed request", "logger": "shippingservice"}
{"timestamp": "2026-08-17 17:47:37,344", "severity": "INFO", "message": "[ShipOrder] quote fetched | USD 31.99", "logger": "shippingservice"}
{"timestamp": "2026-08-17 17:47:37,348", "severity": "INFO", "message": "[MongoDB] Shipment persisted: shipping_id=4b83b345-cd7c-45b4-9656-20f292abc289, tracking_id=NX-92946079-HD", "logger": "shippingservice"}
{"timestamp": "2026-08-17 17:47:37,348", "severity": "INFO", "message": "[ShipOrder] completed request", "logger": "shippingservice"}
{"timestamp": "2026-08-17 17:47:37,402", "severity": "INFO", "message": "[GetQuote] received request", "logger": "shippingservice"}
{"timestamp": "2026-08-17 17:47:37,402", "severity": "INFO", "message": "[GetQuote] item_count=9 → $31.99", "logger": "shippingservice"}
{"timestamp": "2026-08-17 17:47:37,402", "severity": "INFO", "message": "[GetQuote] completed request", "logger": "shippingservice"}
{"timestamp": "2026-08-17 17:47:37,404", "severity": "INFO", "message": "[ShipOrder] received request", "logger": "shippingservice"}
{"timestamp": "2026-08-17 17:47:37,404", "severity": "INFO", "message": "[ShipOrder] base_address='133 Main St, Seattle, WA' → tracking_id=DR-15591963-EJ", "logger": "shippingservice"}
{"timestamp": "2026-08-17 17:47:37,404", "severity": "INFO", "message": "[GetQuote] received request", "logger": "shippingservice"}
{"timestamp": "2026-08-17 17:47:37,404", "severity": "INFO", "message": "[GetQuote] item_count=9 → $31.99", "logger": "shippingservice"}
{"timestamp": "2026-08-17 17:47:37,405", "severity": "INFO", "message": "[GetQuote] completed request", "logger": "shippingservice"}
{"timestamp": "2026-08-17 17:47:37,405", "severity": "INFO", "message": "[ShipOrder] quote fetched | USD 31.99", "logger": "shippingservice"}
{"timestamp": "2026-08-17 17:47:37,412", "severity": "INFO", "message": "[MongoDB] Shipment persisted: shipping_id=412c5c3e-41bf-41d1-9cd0-c07f1cd0c507, tracking_id=DR-15591963-EJ", "logger": "shippingservice"}
{"timestamp": "2026-08-17 17:47:37,412", "severity": "INFO", "message": "[ShipOrder] completed request", "logger": "shippingservice"}
{"timestamp": "2026-08-17 17:47:37,465", "severity": "INFO", "message": "[GetQuote] received request", "logger": "shippingservice"}
{"timestamp": "2026-08-17 17:47:37,466", "severity": "INFO", "message": "[GetQuote] item_count=10 → $39.99", "logger": "shippingservice"}
{"timestamp": "2026-08-17 17:47:37,466", "severity": "INFO", "message": "[GetQuote] completed request", "logger": "shippingservice"}
{"timestamp": "2026-08-17 17:47:37,466", "severity": "INFO", "message": "[ShipOrder] received request", "logger": "shippingservice"}
{"timestamp": "2026-08-17 17:47:37,467", "severity": "INFO", "message": "[ShipOrder] base_address='134 Main St, Seattle, WA' → tracking_id=JX-41972881-JN", "logger": "shippingservice"}
{"timestamp": "2026-08-17 17:47:37,467", "severity": "INFO", "message": "[GetQuote] received request", "logger": "shippingservice"}
{"timestamp": "2026-08-17 17:47:37,467", "severity": "INFO", "message": "[GetQuote] item_count=10 → $39.99", "logger": "shippingservice"}
{"timestamp": "2026-08-17 17:47:37,467", "severity": "INFO", "message": "[GetQuote] completed request", "logger": "shippingservice"}
{"timestamp": "2026-08-17 17:47:37,467", "severity": "INFO", "message": "[ShipOrder] quote fetched | USD 39.99", "logger": "shippingservice"}
{"timestamp": "2026-08-17 17:47:37,470", "severity": "INFO", "message": "[MongoDB] Shipment persisted: shipping_id=91c306f9-4fc9-4eb3-b4c1-603b1017ac65, tracking_id=JX-41972881-JN", "logger": "shippingservice"}
{"timestamp": "2026-08-17 17:47:37,470", "severity": "INFO", "message": "[ShipOrder] completed request", "logger": "shippingservice"}
{"timestamp": "2026-08-17 17:47:37,523", "severity": "INFO", "message": "[GetQuote] received request", "logger": "shippingservice"}
{"timestamp": "2026-08-17 17:47:37,523", "severity": "INFO", "message": "[GetQuote] item_count=11 → $39.99", "logger": "shippingservice"}
{"timestamp": "2026-08-17 17:47:37,523", "severity": "INFO", "message": "[GetQuote] completed request", "logger": "shippingservice"}
{"timestamp": "2026-08-17 17:47:37,524", "severity": "INFO", "message": "[ShipOrder] received request", "logger": "shippingservice"}
{"timestamp": "2026-08-17 17:47:37,525", "severity": "INFO", "message": "[ShipOrder] base_address='135 Main St, Seattle, WA' → tracking_id=PH-28996570-CY", "logger": "shippingservice"}
{"timestamp": "2026-08-17 17:47:37,525", "severity": "INFO", "message": "[GetQuote] received request", "logger": "shippingservice"}
{"timestamp": "2026-08-17 17:47:37,525", "severity": "INFO", "message": "[GetQuote] item_count=11 → $39.99", "logger": "shippingservice"}
{"timestamp": "2026-08-17 17:47:37,525", "severity": "INFO", "message": "[GetQuote] completed request", "logger": "shippingservice"}
{"timestamp": "2026-08-17 17:47:37,525", "severity": "INFO", "message": "[ShipOrder] quote fetched | USD 39.99", "logger": "shippingservice"}
{"timestamp": "2026-08-17 17:47:37,530", "severity": "INFO", "message": "[MongoDB] Shipment persisted: shipping_id=5d5f2dbd-c185-464a-8bd4-e39f068c60d5, tracking_id=PH-28996570-CY", "logger": "shippingservice"}
{"timestamp": "2026-08-17 17:47:37,530", "severity": "INFO", "message": "[ShipOrder] completed request", "logger": "shippingservice"}
{"timestamp": "2026-08-17 17:47:37,585", "severity": "INFO", "message": "[GetQuote] received request", "logger": "shippingservice"}
{"timestamp": "2026-08-17 17:47:37,585", "severity": "INFO", "message": "[GetQuote] item_count=0 → $0.00", "logger": "shippingservice"}
{"timestamp": "2026-08-17 17:47:37,585", "severity": "INFO", "message": "[GetQuote] completed request", "logger": "shippingservice"}
{"timestamp": "2026-08-17 17:47:37,588", "severity": "INFO", "message": "[ShipOrder] received request", "logger": "shippingservice"}
{"timestamp": "2026-08-17 17:47:37,588", "severity": "INFO", "message": "[ShipOrder] base_address='136 Main St, Seattle, WA' → tracking_id=GU-65210195-AP", "logger": "shippingservice"}
{"timestamp": "2026-08-17 17:47:37,589", "severity": "INFO", "message": "[GetQuote] received request", "logger": "shippingservice"}
{"timestamp": "2026-08-17 17:47:37,589", "severity": "INFO", "message": "[GetQuote] item_count=0 → $0.00", "logger": "shippingservice"}
{"timestamp": "2026-08-17 17:47:37,589", "severity": "INFO", "message": "[GetQuote] completed request", "logger": "shippingservice"}
{"timestamp": "2026-08-17 17:47:37,589", "severity": "INFO", "message": "[ShipOrder] quote fetched | USD 0.00", "logger": "shippingservice"}
{"timestamp": "2026-08-17 17:47:37,599", "severity": "INFO", "message": "[MongoDB] Shipment persisted: shipping_id=8aea3f36-c669-46cb-906e-afdd6870ca17, tracking_id=GU-65210195-AP", "logger": "shippingservice"}
{"timestamp": "2026-08-17 17:47:37,599", "severity": "INFO", "message": "[ShipOrder] completed request", "logger": "shippingservice"}
{"timestamp": "2026-08-17 17:47:37,652", "severity": "INFO", "message": "[GetQuote] received request", "logger": "shippingservice"}
{"timestamp": "2026-08-17 17:47:37,652", "severity": "INFO", "message": "[GetQuote] item_count=1 → $8.99", "logger": "shippingservice"}
{"timestamp": "2026-08-17 17:47:37,652", "severity": "INFO", "message": "[GetQuote] completed request", "logger": "shippingservice"}
{"timestamp": "2026-08-17 17:47:37,653", "severity": "INFO", "message": "[ShipOrder] received request", "logger": "shippingservice"}
{"timestamp": "2026-08-17 17:47:37,653", "severity": "INFO", "message": "[ShipOrder] base_address='137 Main St, Seattle, WA' → tracking_id=ZQ-24158897-JS", "logger": "shippingservice"}
{"timestamp": "2026-08-17 17:47:37,653", "severity": "INFO", "message": "[GetQuote] received request", "logger": "shippingservice"}
{"timestamp": "2026-08-17 17:47:37,653", "severity": "INFO", "message": "[GetQuote] item_count=1 → $8.99", "logger": "shippingservice"}
{"timestamp": "2026-08-17 17:47:37,654", "severity": "INFO", "message": "[GetQuote] completed request", "logger": "shippingservice"}
{"timestamp": "2026-08-17 17:47:37,654", "severity": "INFO", "message": "[ShipOrder] quote fetched | USD 8.99", "logger": "shippingservice"}
{"timestamp": "2026-08-17 17:47:37,656", "severity": "INFO", "message": "[MongoDB] Shipment persisted: shipping_id=57e69620-b4d5-4f46-b51a-181ac7ec3d64, tracking_id=ZQ-24158897-JS", "logger": "shippingservice"}
{"timestamp": "2026-08-17 17:47:37,656", "severity": "INFO", "message": "[ShipOrder] completed request", "logger": "shippingservice"}
{"timestamp": "2026-08-17 17:47:37,712", "severity": "INFO", "message": "[GetQuote] received request", "logger": "shippingservice"}
{"timestamp": "2026-08-17 17:47:37,712", "severity": "INFO", "message": "[GetQuote] item_count=2 → $8.99", "logger": "shippingservice"}
{"timestamp": "2026-08-17 17:47:37,712", "severity": "INFO", "message": "[GetQuote] completed request", "logger": "shippingservice"}
{"timestamp": "2026-08-17 17:47:37,715", "severity": "INFO", "message": "[ShipOrder] received request", "logger": "shippingservice"}
{"timestamp": "2026-08-17 17:47:37,716", "severity": "INFO", "message": "[ShipOrder] base_address='138 Main St, Seattle, WA' → tracking_id=VM-41117668-AX", "logger": "shippingservice"}
{"timestamp": "2026-08-17 17:47:37,716", "severity": "INFO", "message": "[GetQuote] received request", "logger": "shippingservice"}
{"timestamp": "2026-08-17 17:47:37,716", "severity": "INFO", "message": "[GetQuote] item_count=2 → $8.99", "logger": "shippingservice"}
{"timestamp": "2026-08-17 17:47:37,716", "severity": "INFO", "message": "[GetQuote] completed request", "logger": "shippingservice"}
{"timestamp": "2026-08-17 17:47:37,716", "severity": "INFO", "message": "[ShipOrder] quote fetched | USD 8.99", "logger": "shippingservice"}
{"timestamp": "2026-08-17 17:47:37,726", "severity": "INFO", "message": "[MongoDB] Shipment persisted: shipping_id=0cb7b560-ab6d-4edd-8a90-cbc5e764b3ff, tracking_id=VM-41117668-AX", "logger": "shippingservice"}
{"timestamp": "2026-08-17 17:47:37,726", "severity": "INFO", "message": "[ShipOrder] completed request", "logger": "shippingservice"}
{"timestamp": "2026-08-17 17:47:37,783", "severity": "INFO", "message": "[GetQuote] received request", "logger": "shippingservice"}
{"timestamp": "2026-08-17 17:47:37,783", "severity": "INFO", "message": "[GetQuote] item_count=3 → $15.99", "logger": "shippingservice"}
{"timestamp": "2026-08-17 17:47:37,784", "severity": "INFO", "message": "[GetQuote] completed request", "logger": "shippingservice"}
{"timestamp": "2026-08-17 17:47:37,786", "severity": "INFO", "message": "[ShipOrder] received request", "logger": "shippingservice"}
{"timestamp": "2026-08-17 17:47:37,787", "severity": "INFO", "message": "[ShipOrder] base_address='139 Main St, Seattle, WA' → tracking_id=HV-66698970-KW", "logger": "shippingservice"}
{"timestamp": "2026-08-17 17:47:37,787", "severity": "INFO", "message": "[GetQuote] received request", "logger": "shippingservice"}
{"timestamp": "2026-08-17 17:47:37,787", "severity": "INFO", "message": "[GetQuote] item_count=3 → $15.99", "logger": "shippingservice"}
{"timestamp": "2026-08-17 17:47:37,787", "severity": "INFO", "message": "[GetQuote] completed request", "logger": "shippingservice"}
{"timestamp": "2026-08-17 17:47:37,787", "severity": "INFO", "message": "[ShipOrder] quote fetched | USD 15.99", "logger": "shippingservice"}
{"timestamp": "2026-08-17 17:47:37,796", "severity": "INFO", "message": "[MongoDB] Shipment persisted: shipping_id=6b125d0e-08d3-41a3-b41d-b7e75f5887ac, tracking_id=HV-66698970-KW", "logger": "shippingservice"}
{"timestamp": "2026-08-17 17:47:37,796", "severity": "INFO", "message": "[ShipOrder] completed request", "logger": "shippingservice"}
{"timestamp": "2026-08-17 17:47:37,853", "severity": "INFO", "message": "[GetQuote] received request", "logger": "shippingservice"}
{"timestamp": "2026-08-17 17:47:37,853", "severity": "INFO", "message": "[GetQuote] item_count=4 → $15.99", "logger": "shippingservice"}
{"timestamp": "2026-08-17 17:47:37,853", "severity": "INFO", "message": "[GetQuote] completed request", "logger": "shippingservice"}
{"timestamp": "2026-08-17 17:47:37,857", "severity": "INFO", "message": "[ShipOrder] received request", "logger": "shippingservice"}
{"timestamp": "2026-08-17 17:47:37,857", "severity": "INFO", "message": "[ShipOrder] base_address='140 Main St, Seattle, WA' → tracking_id=YD-54713184-LV", "logger": "shippingservice"}
{"timestamp": "2026-08-17 17:47:37,858", "severity": "INFO", "message": "[GetQuote] received request", "logger": "shippingservice"}
{"timestamp": "2026-08-17 17:47:37,858", "severity": "INFO", "message": "[GetQuote] item_count=4 → $15.99", "logger": "shippingservice"}
{"timestamp": "2026-08-17 17:47:37,858", "severity": "INFO", "message": "[GetQuote] completed request", "logger": "shippingservice"}
{"timestamp": "2026-08-17 17:47:37,858", "severity": "INFO", "message": "[ShipOrder] quote fetched | USD 15.99", "logger": "shippingservice"}
{"timestamp": "2026-08-17 17:47:37,867", "severity": "INFO", "message": "[MongoDB] Shipment persisted: shipping_id=c75934d1-8f9f-4666-9131-5189e9cb45d7, tracking_id=YD-54713184-LV", "logger": "shippingservice"}
{"timestamp": "2026-08-17 17:47:37,867", "severity": "INFO", "message": "[ShipOrder] completed request", "logger": "shippingservice"}
{"timestamp": "2026-08-17 17:47:37,924", "severity": "INFO", "message": "[GetQuote] received request", "logger": "shippingservice"}
{"timestamp": "2026-08-17 17:47:37,924", "severity": "INFO", "message": "[GetQuote] item_count=5 → $23.99", "logger": "shippingservice"}
{"timestamp": "2026-08-17 17:47:37,924", "severity": "INFO", "message": "[GetQuote] completed request", "logger": "shippingservice"}
{"timestamp": "2026-08-17 17:47:37,927", "severity": "INFO", "message": "[ShipOrder] received request", "logger": "shippingservice"}
{"timestamp": "2026-08-17 17:47:37,928", "severity": "INFO", "message": "[ShipOrder] base_address='141 Main St, Seattle, WA' → tracking_id=YZ-76425167-FQ", "logger": "shippingservice"}
{"timestamp": "2026-08-17 17:47:37,928", "severity": "INFO", "message": "[GetQuote] received request", "logger": "shippingservice"}
{"timestamp": "2026-08-17 17:47:37,928", "severity": "INFO", "message": "[GetQuote] item_count=5 → $23.99", "logger": "shippingservice"}
{"timestamp": "2026-08-17 17:47:37,928", "severity": "INFO", "message": "[GetQuote] completed request", "logger": "shippingservice"}
{"timestamp": "2026-08-17 17:47:37,928", "severity": "INFO", "message": "[ShipOrder] quote fetched | USD 23.99", "logger": "shippingservice"}
{"timestamp": "2026-08-17 17:47:37,937", "severity": "INFO", "message": "[MongoDB] Shipment persisted: shipping_id=69ed9948-36d7-4300-a784-379be88e55ca, tracking_id=YZ-76425167-FQ", "logger": "shippingservice"}
{"timestamp": "2026-08-17 17:47:37,937", "severity": "INFO", "message": "[ShipOrder] completed request", "logger": "shippingservice"}
{"timestamp": "2026-08-17 17:47:37,994", "severity": "INFO", "message": "[GetQuote] received request", "logger": "shippingservice"}
{"timestamp": "2026-08-17 17:47:37,994", "severity": "INFO", "message": "[GetQuote] item_count=6 → $23.99", "logger": "shippingservice"}
{"timestamp": "2026-08-17 17:47:37,995", "severity": "INFO", "message": "[GetQuote] completed request", "logger": "shippingservice"}
{"timestamp": "2026-08-17 17:47:37,998", "severity": "INFO", "message": "[ShipOrder] received request", "logger": "shippingservice"}
{"timestamp": "2026-08-17 17:47:37,998", "severity": "INFO", "message": "[ShipOrder] base_address='142 Main St, Seattle, WA' → tracking_id=MS-73985992-XF", "logger": "shippingservice"}
{"timestamp": "2026-08-17 17:47:37,999", "severity": "INFO", "message": "[GetQuote] received request", "logger": "shippingservice"}
{"timestamp": "2026-08-17 17:47:37,999", "severity": "INFO", "message": "[GetQuote] item_count=6 → $23.99", "logger": "shippingservice"}
{"timestamp": "2026-08-17 17:47:37,999", "severity": "INFO", "message": "[GetQuote] completed request", "logger": "shippingservice"}
{"timestamp": "2026-08-17 17:47:37,999", "severity": "INFO", "message": "[ShipOrder] quote fetched | USD 23.99", "logger": "shippingservice"}
{"timestamp": "2026-08-17 17:47:38,012", "severity": "INFO", "message": "[MongoDB] Shipment persisted: shipping_id=62d38fa1-6699-41ea-9928-96e726cce700, tracking_id=MS-73985992-XF", "logger": "shippingservice"}
{"timestamp": "2026-08-17 17:47:38,012", "severity": "INFO", "message": "[ShipOrder] completed request", "logger": "shippingservice"}
{"timestamp": "2026-08-17 17:47:38,067", "severity": "INFO", "message": "[GetQuote] received request", "logger": "shippingservice"}
{"timestamp": "2026-08-17 17:47:38,067", "severity": "INFO", "message": "[GetQuote] item_count=7 → $23.99", "logger": "shippingservice"}
{"timestamp": "2026-08-17 17:47:38,067", "severity": "INFO", "message": "[GetQuote] completed request", "logger": "shippingservice"}
{"timestamp": "2026-08-17 17:47:38,069", "severity": "INFO", "message": "[ShipOrder] received request", "logger": "shippingservice"}
{"timestamp": "2026-08-17 17:47:38,069", "severity": "INFO", "message": "[ShipOrder] base_address='143 Main St, Seattle, WA' → tracking_id=QZ-85909797-JG", "logger": "shippingservice"}
{"timestamp": "2026-08-17 17:47:38,069", "severity": "INFO", "message": "[GetQuote] received request", "logger": "shippingservice"}
{"timestamp": "2026-08-17 17:47:38,069", "severity": "INFO", "message": "[GetQuote] item_count=7 → $23.99", "logger": "shippingservice"}
{"timestamp": "2026-08-17 17:47:38,069", "severity": "INFO", "message": "[GetQuote] completed request", "logger": "shippingservice"}
{"timestamp": "2026-08-17 17:47:38,069", "severity": "INFO", "message": "[ShipOrder] quote fetched | USD 23.99", "logger": "shippingservice"}
{"timestamp": "2026-08-17 17:47:38,073", "severity": "INFO", "message": "[MongoDB] Shipment persisted: shipping_id=1496c99c-82d6-41ab-9c21-bd7eddda44a1, tracking_id=QZ-85909797-JG", "logger": "shippingservice"}
{"timestamp": "2026-08-17 17:47:38,073", "severity": "INFO", "message": "[ShipOrder] completed request", "logger": "shippingservice"}
{"timestamp": "2026-08-17 17:47:38,129", "severity": "INFO", "message": "[GetQuote] received request", "logger": "shippingservice"}
{"timestamp": "2026-08-17 17:47:38,129", "severity": "INFO", "message": "[GetQuote] item_count=8 → $31.99", "logger": "shippingservice"}
{"timestamp": "2026-08-17 17:47:38,130", "severity": "INFO", "message": "[GetQuote] completed request", "logger": "shippingservice"}
{"timestamp": "2026-08-17 17:47:38,132", "severity": "INFO", "message": "[ShipOrder] received request", "logger": "shippingservice"}
{"timestamp": "2026-08-17 17:47:38,133", "severity": "INFO", "message": "[ShipOrder] base_address='144 Main St, Seattle, WA' → tracking_id=SU-25056608-UL", "logger": "shippingservice"}
{"timestamp": "2026-08-17 17:47:38,133", "severity": "INFO", "message": "[GetQuote] received request", "logger": "shippingservice"}
{"timestamp": "2026-08-17 17:47:38,134", "severity": "INFO", "message": "[GetQuote] item_count=8 → $31.99", "logger": "shippingservice"}
{"timestamp": "2026-08-17 17:47:38,134", "severity": "INFO", "message": "[GetQuote] completed request", "logger": "shippingservice"}
{"timestamp": "2026-08-17 17:47:38,134", "severity": "INFO", "message": "[ShipOrder] quote fetched | USD 31.99", "logger": "shippingservice"}
{"timestamp": "2026-08-17 17:47:38,144", "severity": "INFO", "message": "[MongoDB] Shipment persisted: shipping_id=ab17b223-616b-43de-9506-10b0bf7447f3, tracking_id=SU-25056608-UL", "logger": "shippingservice"}
{"timestamp": "2026-08-17 17:47:38,144", "severity": "INFO", "message": "[ShipOrder] completed request", "logger": "shippingservice"}
{"timestamp": "2026-08-17 17:47:38,201", "severity": "INFO", "message": "[GetQuote] received request", "logger": "shippingservice"}
{"timestamp": "2026-08-17 17:47:38,201", "severity": "INFO", "message": "[GetQuote] item_count=9 → $31.99", "logger": "shippingservice"}
{"timestamp": "2026-08-17 17:47:38,202", "severity": "INFO", "message": "[GetQuote] completed request", "logger": "shippingservice"}
{"timestamp": "2026-08-17 17:47:38,204", "severity": "INFO", "message": "[ShipOrder] received request", "logger": "shippingservice"}
{"timestamp": "2026-08-17 17:47:38,205", "severity": "INFO", "message": "[ShipOrder] base_address='145 Main St, Seattle, WA' → tracking_id=LM-56988336-PF", "logger": "shippingservice"}
{"timestamp": "2026-08-17 17:47:38,205", "severity": "INFO", "message": "[GetQuote] received request", "logger": "shippingservice"}
{"timestamp": "2026-08-17 17:47:38,205", "severity": "INFO", "message": "[GetQuote] item_count=9 → $31.99", "logger": "shippingservice"}
{"timestamp": "2026-08-17 17:47:38,206", "severity": "INFO", "message": "[GetQuote] completed request", "logger": "shippingservice"}
{"timestamp": "2026-08-17 17:47:38,206", "severity": "INFO", "message": "[ShipOrder] quote fetched | USD 31.99", "logger": "shippingservice"}
{"timestamp": "2026-08-17 17:47:38,215", "severity": "INFO", "message": "[MongoDB] Shipment persisted: shipping_id=3671a807-95b3-47ca-ae85-2d844967bead, tracking_id=LM-56988336-PF", "logger": "shippingservice"}
{"timestamp": "2026-08-17 17:47:38,215", "severity": "INFO", "message": "[ShipOrder] completed request", "logger": "shippingservice"}
{"timestamp": "2026-08-17 17:47:38,272", "severity": "INFO", "message": "[GetQuote] received request", "logger": "shippingservice"}
{"timestamp": "2026-08-17 17:47:38,272", "severity": "INFO", "message": "[GetQuote] item_count=10 → $39.99", "logger": "shippingservice"}
{"timestamp": "2026-08-17 17:47:38,273", "severity": "INFO", "message": "[GetQuote] completed request", "logger": "shippingservice"}
{"timestamp": "2026-08-17 17:47:38,276", "severity": "INFO", "message": "[ShipOrder] received request", "logger": "shippingservice"}
{"timestamp": "2026-08-17 17:47:38,277", "severity": "INFO", "message": "[ShipOrder] base_address='146 Main St, Seattle, WA' → tracking_id=SK-65717459-VR", "logger": "shippingservice"}
{"timestamp": "2026-08-17 17:47:38,277", "severity": "INFO", "message": "[GetQuote] received request", "logger": "shippingservice"}
{"timestamp": "2026-08-17 17:47:38,277", "severity": "INFO", "message": "[GetQuote] item_count=10 → $39.99", "logger": "shippingservice"}
{"timestamp": "2026-08-17 17:47:38,277", "severity": "INFO", "message": "[GetQuote] completed request", "logger": "shippingservice"}
{"timestamp": "2026-08-17 17:47:38,278", "severity": "INFO", "message": "[ShipOrder] quote fetched | USD 39.99", "logger": "shippingservice"}
{"timestamp": "2026-08-17 17:47:38,286", "severity": "INFO", "message": "[MongoDB] Shipment persisted: shipping_id=95d3bbf9-f975-441b-99ef-33ba4b6b116e, tracking_id=SK-65717459-VR", "logger": "shippingservice"}
{"timestamp": "2026-08-17 17:47:38,286", "severity": "INFO", "message": "[ShipOrder] completed request", "logger": "shippingservice"}
{"timestamp": "2026-08-17 17:47:38,344", "severity": "INFO", "message": "[GetQuote] received request", "logger": "shippingservice"}
{"timestamp": "2026-08-17 17:47:38,344", "severity": "INFO", "message": "[GetQuote] item_count=11 → $39.99", "logger": "shippingservice"}
{"timestamp": "2026-08-17 17:47:38,344", "severity": "INFO", "message": "[GetQuote] completed request", "logger": "shippingservice"}
{"timestamp": "2026-08-17 17:47:38,347", "severity": "INFO", "message": "[ShipOrder] received request", "logger": "shippingservice"}
{"timestamp": "2026-08-17 17:47:38,347", "severity": "INFO", "message": "[ShipOrder] base_address='147 Main St, Seattle, WA' → tracking_id=VP-01645637-OV", "logger": "shippingservice"}
{"timestamp": "2026-08-17 17:47:38,348", "severity": "INFO", "message": "[GetQuote] received request", "logger": "shippingservice"}
{"timestamp": "2026-08-17 17:47:38,348", "severity": "INFO", "message": "[GetQuote] item_count=11 → $39.99", "logger": "shippingservice"}
{"timestamp": "2026-08-17 17:47:38,348", "severity": "INFO", "message": "[GetQuote] completed request", "logger": "shippingservice"}
{"timestamp": "2026-08-17 17:47:38,348", "severity": "INFO", "message": "[ShipOrder] quote fetched | USD 39.99", "logger": "shippingservice"}
{"timestamp": "2026-08-17 17:47:38,357", "severity": "INFO", "message": "[MongoDB] Shipment persisted: shipping_id=fb47dbdc-3bba-4725-be4d-3935a7e489ee, tracking_id=VP-01645637-OV", "logger": "shippingservice"}
{"timestamp": "2026-08-17 17:47:38,357", "severity": "INFO", "message": "[ShipOrder] completed request", "logger": "shippingservice"}
{"timestamp": "2026-08-17 17:47:38,414", "severity": "INFO", "message": "[GetQuote] received request", "logger": "shippingservice"}
{"timestamp": "2026-08-17 17:47:38,414", "severity": "INFO", "message": "[GetQuote] item_count=0 → $0.00", "logger": "shippingservice"}
{"timestamp": "2026-08-17 17:47:38,415", "severity": "INFO", "message": "[GetQuote] completed request", "logger": "shippingservice"}
{"timestamp": "2026-08-17 17:47:38,418", "severity": "INFO", "message": "[ShipOrder] received request", "logger": "shippingservice"}
{"timestamp": "2026-08-17 17:47:38,419", "severity": "INFO", "message": "[ShipOrder] base_address='148 Main St, Seattle, WA' → tracking_id=BT-46295228-KR", "logger": "shippingservice"}
{"timestamp": "2026-08-17 17:47:38,419", "severity": "INFO", "message": "[GetQuote] received request", "logger": "shippingservice"}
{"timestamp": "2026-08-17 17:47:38,419", "severity": "INFO", "message": "[GetQuote] item_count=0 → $0.00", "logger": "shippingservice"}
{"timestamp": "2026-08-17 17:47:38,420", "severity": "INFO", "message": "[GetQuote] completed request", "logger": "shippingservice"}
{"timestamp": "2026-08-17 17:47:38,420", "severity": "INFO", "message": "[ShipOrder] quote fetched | USD 0.00", "logger": "shippingservice"}
{"timestamp": "2026-08-17 17:47:38,428", "severity": "INFO", "message": "[MongoDB] Shipment persisted: shipping_id=1718c03c-4d89-44a5-99f9-8a6c615efe78, tracking_id=BT-46295228-KR", "logger": "shippingservice"}
{"timestamp": "2026-08-17 17:47:38,429", "severity": "INFO", "message": "[ShipOrder] completed request", "logger": "shippingservice"}
{"timestamp": "2026-08-17 17:47:38,485", "severity": "INFO", "message": "[GetQuote] received request", "logger": "shippingservice"}
{"timestamp": "2026-08-17 17:47:38,485", "severity": "INFO", "message": "[GetQuote] item_count=1 → $8.99", "logger": "shippingservice"}
{"timestamp": "2026-08-17 17:47:38,486", "severity": "INFO", "message": "[GetQuote] completed request", "logger": "shippingservice"}
{"timestamp": "2026-08-17 17:47:38,488", "severity": "INFO", "message": "[ShipOrder] received request", "logger": "shippingservice"}
{"timestamp": "2026-08-17 17:47:38,489", "severity": "INFO", "message": "[ShipOrder] base_address='149 Main St, Seattle, WA' → tracking_id=ZX-18393958-JD", "logger": "shippingservice"}
{"timestamp": "2026-08-17 17:47:38,489", "severity": "INFO", "message": "[GetQuote] received request", "logger": "shippingservice"}
{"timestamp": "2026-08-17 17:47:38,489", "severity": "INFO", "message": "[GetQuote] item_count=1 → $8.99", "logger": "shippingservice"}
{"timestamp": "2026-08-17 17:47:38,489", "severity": "INFO", "message": "[GetQuote] completed request", "logger": "shippingservice"}
{"timestamp": "2026-08-17 17:47:38,489", "severity": "INFO", "message": "[ShipOrder] quote fetched | USD 8.99", "logger": "shippingservice"}
{"timestamp": "2026-08-17 17:47:38,498", "severity": "INFO", "message": "[MongoDB] Shipment persisted: shipping_id=d564a66e-0497-4b41-8dc5-4a1c4f5aebf5, tracking_id=ZX-18393958-JD", "logger": "shippingservice"}
{"timestamp": "2026-08-17 17:47:38,498", "severity": "INFO", "message": "[ShipOrder] completed request", "logger": "shippingservice"}
{"timestamp": "2026-08-17 17:47:38,555", "severity": "INFO", "message": "[GetQuote] received request", "logger": "shippingservice"}
{"timestamp": "2026-08-17 17:47:38,556", "severity": "INFO", "message": "[GetQuote] item_count=2 → $8.99", "logger": "shippingservice"}
{"timestamp": "2026-08-17 17:47:38,556", "severity": "INFO", "message": "[GetQuote] completed request", "logger": "shippingservice"}
{"timestamp": "2026-08-17 17:47:38,559", "severity": "INFO", "message": "[ShipOrder] received request", "logger": "shippingservice"}
{"timestamp": "2026-08-17 17:47:38,560", "severity": "INFO", "message": "[ShipOrder] base_address='150 Main St, Seattle, WA' → tracking_id=HX-71456123-NZ", "logger": "shippingservice"}
{"timestamp": "2026-08-17 17:47:38,560", "severity": "INFO", "message": "[GetQuote] received request", "logger": "shippingservice"}
{"timestamp": "2026-08-17 17:47:38,560", "severity": "INFO", "message": "[GetQuote] item_count=2 → $8.99", "logger": "shippingservice"}
{"timestamp": "2026-08-17 17:47:38,560", "severity": "INFO", "message": "[GetQuote] completed request", "logger": "shippingservice"}
{"timestamp": "2026-08-17 17:47:38,561", "severity": "INFO", "message": "[ShipOrder] quote fetched | USD 8.99", "logger": "shippingservice"}
{"timestamp": "2026-08-17 17:47:38,569", "severity": "INFO", "message": "[MongoDB] Shipment persisted: shipping_id=f93c4088-c56b-4b9a-b5e3-c5b289b5392a, tracking_id=HX-71456123-NZ", "logger": "shippingservice"}
{"timestamp": "2026-08-17 17:47:38,570", "severity": "INFO", "message": "[ShipOrder] completed request", "logger": "shippingservice"}
{"timestamp": "2026-08-17 17:47:38,627", "severity": "INFO", "message": "[GetQuote] received request", "logger": "shippingservice"}
{"timestamp": "2026-08-17 17:47:38,627", "severity": "INFO", "message": "[GetQuote] item_count=3 → $15.99", "logger": "shippingservice"}
{"timestamp": "2026-08-17 17:47:38,628", "severity": "INFO", "message": "[GetQuote] completed request", "logger": "shippingservice"}
{"timestamp": "2026-08-17 17:47:38,631", "severity": "INFO", "message": "[ShipOrder] received request", "logger": "shippingservice"}
{"timestamp": "2026-08-17 17:47:38,631", "severity": "INFO", "message": "[ShipOrder] base_address='151 Main St, Seattle, WA' → tracking_id=NC-65709942-CF", "logger": "shippingservice"}
{"timestamp": "2026-08-17 17:47:38,632", "severity": "INFO", "message": "[GetQuote] received request", "logger": "shippingservice"}
{"timestamp": "2026-08-17 17:47:38,632", "severity": "INFO", "message": "[GetQuote] item_count=3 → $15.99", "logger": "shippingservice"}
{"timestamp": "2026-08-17 17:47:38,632", "severity": "INFO", "message": "[GetQuote] completed request", "logger": "shippingservice"}
{"timestamp": "2026-08-17 17:47:38,632", "severity": "INFO", "message": "[ShipOrder] quote fetched | USD 15.99", "logger": "shippingservice"}
{"timestamp": "2026-08-17 17:47:38,642", "severity": "INFO", "message": "[MongoDB] Shipment persisted: shipping_id=88501819-fc90-48e3-8d8f-cfd73b264ea9, tracking_id=NC-65709942-CF", "logger": "shippingservice"}
{"timestamp": "2026-08-17 17:47:38,642", "severity": "INFO", "message": "[ShipOrder] completed request", "logger": "shippingservice"}
{"timestamp": "2026-08-17 17:47:38,697", "severity": "INFO", "message": "[GetQuote] received request", "logger": "shippingservice"}
{"timestamp": "2026-08-17 17:47:38,697", "severity": "INFO", "message": "[GetQuote] item_count=4 → $15.99", "logger": "shippingservice"}
{"timestamp": "2026-08-17 17:47:38,697", "severity": "INFO", "message": "[GetQuote] completed request", "logger": "shippingservice"}
{"timestamp": "2026-08-17 17:47:38,699", "severity": "INFO", "message": "[ShipOrder] received request", "logger": "shippingservice"}
{"timestamp": "2026-08-17 17:47:38,699", "severity": "INFO", "message": "[ShipOrder] base_address='152 Main St, Seattle, WA' → tracking_id=PZ-18702799-DM", "logger": "shippingservice"}
{"timestamp": "2026-08-17 17:47:38,699", "severity": "INFO", "message": "[GetQuote] received request", "logger": "shippingservice"}
{"timestamp": "2026-08-17 17:47:38,699", "severity": "INFO", "message": "[GetQuote] item_count=4 → $15.99", "logger": "shippingservice"}
{"timestamp": "2026-08-17 17:47:38,699", "severity": "INFO", "message": "[GetQuote] completed request", "logger": "shippingservice"}
{"timestamp": "2026-08-17 17:47:38,699", "severity": "INFO", "message": "[ShipOrder] quote fetched | USD 15.99", "logger": "shippingservice"}
{"timestamp": "2026-08-17 17:47:38,704", "severity": "INFO", "message": "[MongoDB] Shipment persisted: shipping_id=230aa530-8aa3-4b60-98f1-1067a3b67892, tracking_id=PZ-18702799-DM", "logger": "shippingservice"}
{"timestamp": "2026-08-17 17:47:38,704", "severity": "INFO", "message": "[ShipOrder] completed request", "logger": "shippingservice"}
{"timestamp": "2026-08-17 17:47:38,760", "severity": "INFO", "message": "[GetQuote] received request", "logger": "shippingservice"}
{"timestamp": "2026-08-17 17:47:38,761", "severity": "INFO", "message": "[GetQuote] item_count=5 → $23.99", "logger": "shippingservice"}
{"timestamp": "2026-08-17 17:47:38,761", "severity": "INFO", "message": "[GetQuote] completed request", "logger": "shippingservice"}
{"timestamp": "2026-08-17 17:47:38,764", "severity": "INFO", "message": "[ShipOrder] received request", "logger": "shippingservice"}
{"timestamp": "2026-08-17 17:47:38,764", "severity": "INFO", "message": "[ShipOrder] base_address='153 Main St, Seattle, WA' → tracking_id=PR-70156642-IJ", "logger": "shippingservice"}
{"timestamp": "2026-08-17 17:47:38,764", "severity": "INFO", "message": "[GetQuote] received request", "logger": "shippingservice"}
{"timestamp": "2026-08-17 17:47:38,765", "severity": "INFO", "message": "[GetQuote] item_count=5 → $23.99", "logger": "shippingservice"}
{"timestamp": "2026-08-17 17:47:38,765", "severity": "INFO", "message": "[GetQuote] completed request", "logger": "shippingservice"}
{"timestamp": "2026-08-17 17:47:38,765", "severity": "INFO", "message": "[ShipOrder] quote fetched | USD 23.99", "logger": "shippingservice"}
{"timestamp": "2026-08-17 17:47:38,774", "severity": "INFO", "message": "[MongoDB] Shipment persisted: shipping_id=6fa5d3ae-4d8f-4101-9adb-55ffaf5c698b, tracking_id=PR-70156642-IJ", "logger": "shippingservice"}
{"timestamp": "2026-08-17 17:47:38,774", "severity": "INFO", "message": "[ShipOrder] completed request", "logger": "shippingservice"}
{"timestamp": "2026-08-17 17:47:38,832", "severity": "INFO", "message": "[GetQuote] received request", "logger": "shippingservice"}
{"timestamp": "2026-08-17 17:47:38,832", "severity": "INFO", "message": "[GetQuote] item_count=6 → $23.99", "logger": "shippingservice"}
{"timestamp": "2026-08-17 17:47:38,832", "severity": "INFO", "message": "[GetQuote] completed request", "logger": "shippingservice"}
{"timestamp": "2026-08-17 17:47:38,836", "severity": "INFO", "message": "[ShipOrder] received request", "logger": "shippingservice"}
{"timestamp": "2026-08-17 17:47:38,836", "severity": "INFO", "message": "[ShipOrder] base_address='154 Main St, Seattle, WA' → tracking_id=PY-91398480-OV", "logger": "shippingservice"}
{"timestamp": "2026-08-17 17:47:38,837", "severity": "INFO", "message": "[GetQuote] received request", "logger": "shippingservice"}
{"timestamp": "2026-08-17 17:47:38,837", "severity": "INFO", "message": "[GetQuote] item_count=6 → $23.99", "logger": "shippingservice"}
{"timestamp": "2026-08-17 17:47:38,837", "severity": "INFO", "message": "[GetQuote] completed request", "logger": "shippingservice"}
{"timestamp": "2026-08-17 17:47:38,837", "severity": "INFO", "message": "[ShipOrder] quote fetched | USD 23.99", "logger": "shippingservice"}
{"timestamp": "2026-08-17 17:47:38,846", "severity": "INFO", "message": "[MongoDB] Shipment persisted: shipping_id=c87d5af3-b4a9-479e-885f-3d75ef6d376a, tracking_id=PY-91398480-OV", "logger": "shippingservice"}
{"timestamp": "2026-08-17 17:47:38,846", "severity": "INFO", "message": "[ShipOrder] completed request", "logger": "shippingservice"}
{"timestamp": "2026-08-17 17:47:38,903", "severity": "INFO", "message": "[GetQuote] received request", "logger": "shippingservice"}
{"timestamp": "2026-08-17 17:47:38,903", "severity": "INFO", "message": "[GetQuote] item_count=7 → $23.99", "logger": "shippingservice"}
{"timestamp": "2026-08-17 17:47:38,903", "severity": "INFO", "message": "[GetQuote] completed request", "logger": "shippingservice"}
{"timestamp": "2026-08-17 17:47:38,906", "severity": "INFO", "message": "[ShipOrder] received request", "logger": "shippingservice"}
{"timestamp": "2026-08-17 17:47:38,906", "severity": "INFO", "message": "[ShipOrder] base_address='155 Main St, Seattle, WA' → tracking_id=AU-87181000-XK", "logger": "shippingservice"}
{"timestamp": "2026-08-17 17:47:38,907", "severity": "INFO", "message": "[GetQuote] received request", "logger": "shippingservice"}
{"timestamp": "2026-08-17 17:47:38,907", "severity": "INFO", "message": "[GetQuote] item_count=7 → $23.99", "logger": "shippingservice"}
{"timestamp": "2026-08-17 17:47:38,907", "severity": "INFO", "message": "[GetQuote] completed request", "logger": "shippingservice"}
{"timestamp": "2026-08-17 17:47:38,907", "severity": "INFO", "message": "[ShipOrder] quote fetched | USD 23.99", "logger": "shippingservice"}
{"timestamp": "2026-08-17 17:47:38,916", "severity": "INFO", "message": "[MongoDB] Shipment persisted: shipping_id=3316b568-6b3e-4a6a-bf39-42e060b30bf9, tracking_id=AU-87181000-XK", "logger": "shippingservice"}
{"timestamp": "2026-08-17 17:47:38,917", "severity": "INFO", "message": "[ShipOrder] completed request", "logger": "shippingservice"}
{"timestamp": "2026-08-17 17:47:38,974", "severity": "INFO", "message": "[GetQuote] received request", "logger": "shippingservice"}
{"timestamp": "2026-08-17 17:47:38,974", "severity": "INFO", "message": "[GetQuote] item_count=8 → $31.99", "logger": "shippingservice"}
{"timestamp": "2026-08-17 17:47:38,974", "severity": "INFO", "message": "[GetQuote] completed request", "logger": "shippingservice"}
{"timestamp": "2026-08-17 17:47:38,977", "severity": "INFO", "message": "[ShipOrder] received request", "logger": "shippingservice"}
{"timestamp": "2026-08-17 17:47:38,978", "severity": "INFO", "message": "[ShipOrder] base_address='156 Main St, Seattle, WA' → tracking_id=UU-26483492-TC", "logger": "shippingservice"}
{"timestamp": "2026-08-17 17:47:38,978", "severity": "INFO", "message": "[GetQuote] received request", "logger": "shippingservice"}
{"timestamp": "2026-08-17 17:47:38,978", "severity": "INFO", "message": "[GetQuote] item_count=8 → $31.99", "logger": "shippingservice"}
{"timestamp": "2026-08-17 17:47:38,979", "severity": "INFO", "message": "[GetQuote] completed request", "logger": "shippingservice"}
{"timestamp": "2026-08-17 17:47:38,979", "severity": "INFO", "message": "[ShipOrder] quote fetched | USD 31.99", "logger": "shippingservice"}
{"timestamp": "2026-08-17 17:47:38,988", "severity": "INFO", "message": "[MongoDB] Shipment persisted: shipping_id=e9515312-2d73-4482-8f13-9c9f0c6d7b84, tracking_id=UU-26483492-TC", "logger": "shippingservice"}
{"timestamp": "2026-08-17 17:47:38,988", "severity": "INFO", "message": "[ShipOrder] completed request", "logger": "shippingservice"}
{"timestamp": "2026-08-17 17:47:39,045", "severity": "INFO", "message": "[GetQuote] received request", "logger": "shippingservice"}
{"timestamp": "2026-08-17 17:47:39,045", "severity": "INFO", "message": "[GetQuote] item_count=9 → $31.99", "logger": "shippingservice"}
{"timestamp": "2026-08-17 17:47:39,045", "severity": "INFO", "message": "[GetQuote] completed request", "logger": "shippingservice"}
{"timestamp": "2026-08-17 17:47:39,048", "severity": "INFO", "message": "[ShipOrder] received request", "logger": "shippingservice"}
{"timestamp": "2026-08-17 17:47:39,048", "severity": "INFO", "message": "[ShipOrder] base_address='157 Main St, Seattle, WA' → tracking_id=JV-95616726-EV", "logger": "shippingservice"}
{"timestamp": "2026-08-17 17:47:39,048", "severity": "INFO", "message": "[GetQuote] received request", "logger": "shippingservice"}
{"timestamp": "2026-08-17 17:47:39,049", "severity": "INFO", "message": "[GetQuote] item_count=9 → $31.99", "logger": "shippingservice"}
{"timestamp": "2026-08-17 17:47:39,049", "severity": "INFO", "message": "[GetQuote] completed request", "logger": "shippingservice"}
{"timestamp": "2026-08-17 17:47:39,049", "severity": "INFO", "message": "[ShipOrder] quote fetched | USD 31.99", "logger": "shippingservice"}
{"timestamp": "2026-08-17 17:47:39,058", "severity": "INFO", "message": "[MongoDB] Shipment persisted: shipping_id=44be3762-1065-43a7-988f-4d1945893d08, tracking_id=JV-95616726-EV", "logger": "shippingservice"}
{"timestamp": "2026-08-17 17:47:39,058", "severity": "INFO", "message": "[ShipOrder] completed request", "logger": "shippingservice"}
{"timestamp": "2026-08-17 17:47:39,114", "severity": "INFO", "message": "[GetQuote] received request", "logger": "shippingservice"}
{"timestamp": "2026-08-17 17:47:39,115", "severity": "INFO", "message": "[GetQuote] item_count=10 → $39.99", "logger": "shippingservice"}
{"timestamp": "2026-08-17 17:47:39,115", "severity": "INFO", "message": "[GetQuote] completed request", "logger": "shippingservice"}
{"timestamp": "2026-08-17 17:47:39,118", "severity": "INFO", "message": "[ShipOrder] received request", "logger": "shippingservice"}
{"timestamp": "2026-08-17 17:47:39,119", "severity": "INFO", "message": "[ShipOrder] base_address='158 Main St, Seattle, WA' → tracking_id=PQ-22081752-QV", "logger": "shippingservice"}
{"timestamp": "2026-08-17 17:47:39,119", "severity": "INFO", "message": "[GetQuote] received request", "logger": "shippingservice"}
{"timestamp": "2026-08-17 17:47:39,119", "severity": "INFO", "message": "[GetQuote] item_count=10 → $39.99", "logger": "shippingservice"}
{"timestamp": "2026-08-17 17:47:39,119", "severity": "INFO", "message": "[GetQuote] completed request", "logger": "shippingservice"}
{"timestamp": "2026-08-17 17:47:39,120", "severity": "INFO", "message": "[ShipOrder] quote fetched | USD 39.99", "logger": "shippingservice"}
{"timestamp": "2026-08-17 17:47:39,129", "severity": "INFO", "message": "[MongoDB] Shipment persisted: shipping_id=14aa5911-2f9c-454f-980e-ec536df7dd8b, tracking_id=PQ-22081752-QV", "logger": "shippingservice"}
{"timestamp": "2026-08-17 17:47:39,129", "severity": "INFO", "message": "[ShipOrder] completed request", "logger": "shippingservice"}
{"timestamp": "2026-08-17 17:47:39,186", "severity": "INFO", "message": "[GetQuote] received request", "logger": "shippingservice"}
{"timestamp": "2026-08-17 17:47:39,186", "severity": "INFO", "message": "[GetQuote] item_count=11 → $39.99", "logger": "shippingservice"}
{"timestamp": "2026-08-17 17:47:39,187", "severity": "INFO", "message": "[GetQuote] completed request", "logger": "shippingservice"}
{"timestamp": "2026-08-17 17:47:39,189", "severity": "INFO", "message": "[ShipOrder] received request", "logger": "shippingservice"}
{"timestamp": "2026-08-17 17:47:39,190", "severity": "INFO", "message": "[ShipOrder] base_address='159 Main St, Seattle, WA' → tracking_id=DM-87255415-TY", "logger": "shippingservice"}
{"timestamp": "2026-08-17 17:47:39,190", "severity": "INFO", "message": "[GetQuote] received request", "logger": "shippingservice"}
{"timestamp": "2026-08-17 17:47:39,190", "severity": "INFO", "message": "[GetQuote] item_count=11 → $39.99", "logger": "shippingservice"}
{"timestamp": "2026-08-17 17:47:39,190", "severity": "INFO", "message": "[GetQuote] completed request", "logger": "shippingservice"}
{"timestamp": "2026-08-17 17:47:39,191", "severity": "INFO", "message": "[ShipOrder] quote fetched | USD 39.99", "logger": "shippingservice"}
{"timestamp": "2026-08-17 17:47:39,200", "severity": "INFO", "message": "[MongoDB] Shipment persisted: shipping_id=6cd1f68b-47e0-43ec-9d79-886f8f155362, tracking_id=DM-87255415-TY", "logger": "shippingservice"}
{"timestamp": "2026-08-17 17:47:39,200", "severity": "INFO", "message": "[ShipOrder] completed request", "logger": "shippingservice"}
{"timestamp": "2026-08-17 17:47:39,257", "severity": "INFO", "message": "[GetQuote] received request", "logger": "shippingservice"}
{"timestamp": "2026-08-17 17:47:39,257", "severity": "INFO", "message": "[GetQuote] item_count=0 → $0.00", "logger": "shippingservice"}
{"timestamp": "2026-08-17 17:47:39,257", "severity": "INFO", "message": "[GetQuote] completed request", "logger": "shippingservice"}
{"timestamp": "2026-08-17 17:47:39,261", "severity": "INFO", "message": "[ShipOrder] received request", "logger": "shippingservice"}
{"timestamp": "2026-08-17 17:47:39,261", "severity": "INFO", "message": "[ShipOrder] base_address='160 Main St, Seattle, WA' → tracking_id=RP-94832701-JQ", "logger": "shippingservice"}
{"timestamp": "2026-08-17 17:47:39,262", "severity": "INFO", "message": "[GetQuote] received request", "logger": "shippingservice"}
{"timestamp": "2026-08-17 17:47:39,262", "severity": "INFO", "message": "[GetQuote] item_count=0 → $0.00", "logger": "shippingservice"}
{"timestamp": "2026-08-17 17:47:39,262", "severity": "INFO", "message": "[GetQuote] completed request", "logger": "shippingservice"}
{"timestamp": "2026-08-17 17:47:39,262", "severity": "INFO", "message": "[ShipOrder] quote fetched | USD 0.00", "logger": "shippingservice"}
{"timestamp": "2026-08-17 17:47:39,271", "severity": "INFO", "message": "[MongoDB] Shipment persisted: shipping_id=cb7c21b1-a822-4686-b4b0-17d9314419b1, tracking_id=RP-94832701-JQ", "logger": "shippingservice"}
{"timestamp": "2026-08-17 17:47:39,271", "severity": "INFO", "message": "[ShipOrder] completed request", "logger": "shippingservice"}
{"timestamp": "2026-08-17 17:47:39,328", "severity": "INFO", "message": "[GetQuote] received request", "logger": "shippingservice"}
{"timestamp": "2026-08-17 17:47:39,328", "severity": "INFO", "message": "[GetQuote] item_count=1 → $8.99", "logger": "shippingservice"}
{"timestamp": "2026-08-17 17:47:39,328", "severity": "INFO", "message": "[GetQuote] completed request", "logger": "shippingservice"}
{"timestamp": "2026-08-17 17:47:39,331", "severity": "INFO", "message": "[ShipOrder] received request", "logger": "shippingservice"}
{"timestamp": "2026-08-17 17:47:39,332", "severity": "INFO", "message": "[ShipOrder] base_address='161 Main St, Seattle, WA' → tracking_id=BW-26942975-KU", "logger": "shippingservice"}
{"timestamp": "2026-08-17 17:47:39,332", "severity": "INFO", "message": "[GetQuote] received request", "logger": "shippingservice"}
{"timestamp": "2026-08-17 17:47:39,332", "severity": "INFO", "message": "[GetQuote] item_count=1 → $8.99", "logger": "shippingservice"}
{"timestamp": "2026-08-17 17:47:39,332", "severity": "INFO", "message": "[GetQuote] completed request", "logger": "shippingservice"}
{"timestamp": "2026-08-17 17:47:39,333", "severity": "INFO", "message": "[ShipOrder] quote fetched | USD 8.99", "logger": "shippingservice"}
{"timestamp": "2026-08-17 17:47:39,342", "severity": "INFO", "message": "[MongoDB] Shipment persisted: shipping_id=e49b43c8-1e3a-492b-ac54-8d0442cf52f7, tracking_id=BW-26942975-KU", "logger": "shippingservice"}
{"timestamp": "2026-08-17 17:47:39,342", "severity": "INFO", "message": "[ShipOrder] completed request", "logger": "shippingservice"}
{"timestamp": "2026-08-17 17:47:39,400", "severity": "INFO", "message": "[GetQuote] received request", "logger": "shippingservice"}
{"timestamp": "2026-08-17 17:47:39,400", "severity": "INFO", "message": "[GetQuote] item_count=2 → $8.99", "logger": "shippingservice"}
{"timestamp": "2026-08-17 17:47:39,401", "severity": "INFO", "message": "[GetQuote] completed request", "logger": "shippingservice"}
{"timestamp": "2026-08-17 17:47:39,404", "severity": "INFO", "message": "[ShipOrder] received request", "logger": "shippingservice"}
{"timestamp": "2026-08-17 17:47:39,405", "severity": "INFO", "message": "[ShipOrder] base_address='162 Main St, Seattle, WA' → tracking_id=BA-39605244-WU", "logger": "shippingservice"}
{"timestamp": "2026-08-17 17:47:39,405", "severity": "INFO", "message": "[GetQuote] received request", "logger": "shippingservice"}
{"timestamp": "2026-08-17 17:47:39,405", "severity": "INFO", "message": "[GetQuote] item_count=2 → $8.99", "logger": "shippingservice"}
{"timestamp": "2026-08-17 17:47:39,405", "severity": "INFO", "message": "[GetQuote] completed request", "logger": "shippingservice"}
{"timestamp": "2026-08-17 17:47:39,405", "severity": "INFO", "message": "[ShipOrder] quote fetched | USD 8.99", "logger": "shippingservice"}
{"timestamp": "2026-08-17 17:47:39,414", "severity": "INFO", "message": "[MongoDB] Shipment persisted: shipping_id=54b33a5f-1121-4b2b-ac1f-bfd31df70061, tracking_id=BA-39605244-WU", "logger": "shippingservice"}
{"timestamp": "2026-08-17 17:47:39,414", "severity": "INFO", "message": "[ShipOrder] completed request", "logger": "shippingservice"}
{"timestamp": "2026-08-17 17:47:39,472", "severity": "INFO", "message": "[GetQuote] received request", "logger": "shippingservice"}
{"timestamp": "2026-08-17 17:47:39,472", "severity": "INFO", "message": "[GetQuote] item_count=3 → $15.99", "logger": "shippingservice"}
{"timestamp": "2026-08-17 17:47:39,473", "severity": "INFO", "message": "[GetQuote] completed request", "logger": "shippingservice"}
{"timestamp": "2026-08-17 17:47:39,476", "severity": "INFO", "message": "[ShipOrder] received request", "logger": "shippingservice"}
{"timestamp": "2026-08-17 17:47:39,476", "severity": "INFO", "message": "[ShipOrder] base_address='163 Main St, Seattle, WA' → tracking_id=QW-93004757-VT", "logger": "shippingservice"}
{"timestamp": "2026-08-17 17:47:39,476", "severity": "INFO", "message": "[GetQuote] received request", "logger": "shippingservice"}
{"timestamp": "2026-08-17 17:47:39,477", "severity": "INFO", "message": "[GetQuote] item_count=3 → $15.99", "logger": "shippingservice"}
{"timestamp": "2026-08-17 17:47:39,477", "severity": "INFO", "message": "[GetQuote] completed request", "logger": "shippingservice"}
{"timestamp": "2026-08-17 17:47:39,477", "severity": "INFO", "message": "[ShipOrder] quote fetched | USD 15.99", "logger": "shippingservice"}
{"timestamp": "2026-08-17 17:47:39,486", "severity": "INFO", "message": "[MongoDB] Shipment persisted: shipping_id=d7c1681a-8e18-4cf1-9891-1d96f0d13256, tracking_id=QW-93004757-VT", "logger": "shippingservice"}
{"timestamp": "2026-08-17 17:47:39,486", "severity": "INFO", "message": "[ShipOrder] completed request", "logger": "shippingservice"}
{"timestamp": "2026-08-17 17:47:39,543", "severity": "INFO", "message": "[GetQuote] received request", "logger": "shippingservice"}
{"timestamp": "2026-08-17 17:47:39,544", "severity": "INFO", "message": "[GetQuote] item_count=4 → $15.99", "logger": "shippingservice"}
{"timestamp": "2026-08-17 17:47:39,544", "severity": "INFO", "message": "[GetQuote] completed request", "logger": "shippingservice"}
{"timestamp": "2026-08-17 17:47:39,547", "severity": "INFO", "message": "[ShipOrder] received request", "logger": "shippingservice"}
{"timestamp": "2026-08-17 17:47:39,548", "severity": "INFO", "message": "[ShipOrder] base_address='164 Main St, Seattle, WA' → tracking_id=HJ-69883196-XN", "logger": "shippingservice"}
{"timestamp": "2026-08-17 17:47:39,548", "severity": "INFO", "message": "[GetQuote] received request", "logger": "shippingservice"}
{"timestamp": "2026-08-17 17:47:39,548", "severity": "INFO", "message": "[GetQuote] item_count=4 → $15.99", "logger": "shippingservice"}
{"timestamp": "2026-08-17 17:47:39,549", "severity": "INFO", "message": "[GetQuote] completed request", "logger": "shippingservice"}
{"timestamp": "2026-08-17 17:47:39,549", "severity": "INFO", "message": "[ShipOrder] quote fetched | USD 15.99", "logger": "shippingservice"}
{"timestamp": "2026-08-17 17:47:39,559", "severity": "INFO", "message": "[MongoDB] Shipment persisted: shipping_id=5838aac5-222c-4df3-8bbf-a44887c7f64c, tracking_id=HJ-69883196-XN", "logger": "shippingservice"}
{"timestamp": "2026-08-17 17:47:39,559", "severity": "INFO", "message": "[ShipOrder] completed request", "logger": "shippingservice"}
{"timestamp": "2026-08-17 17:47:39,616", "severity": "INFO", "message": "[GetQuote] received request", "logger": "shippingservice"}
{"timestamp": "2026-08-17 17:47:39,616", "severity": "INFO", "message": "[GetQuote] item_count=5 → $23.99", "logger": "shippingservice"}
{"timestamp": "2026-08-17 17:47:39,616", "severity": "INFO", "message": "[GetQuote] completed request", "logger": "shippingservice"}
{"timestamp": "2026-08-17 17:47:39,619", "severity": "INFO", "message": "[ShipOrder] received request", "logger": "shippingservice"}
{"timestamp": "2026-08-17 17:47:39,620", "severity": "INFO", "message": "[ShipOrder] base_address='165 Main St, Seattle, WA' → tracking_id=DB-89218324-SS", "logger": "shippingservice"}
{"timestamp": "2026-08-17 17:47:39,620", "severity": "INFO", "message": "[GetQuote] received request", "logger": "shippingservice"}
{"timestamp": "2026-08-17 17:47:39,620", "severity": "INFO", "message": "[GetQuote] item_count=5 → $23.99", "logger": "shippingservice"}
{"timestamp": "2026-08-17 17:47:39,621", "severity": "INFO", "message": "[GetQuote] completed request", "logger": "shippingservice"}
{"timestamp": "2026-08-17 17:47:39,621", "severity": "INFO", "message": "[ShipOrder] quote fetched | USD 23.99", "logger": "shippingservice"}
{"timestamp": "2026-08-17 17:47:39,630", "severity": "INFO", "message": "[MongoDB] Shipment persisted: shipping_id=c2530879-0876-4158-a52f-7b24a4985673, tracking_id=DB-89218324-SS", "logger": "shippingservice"}
{"timestamp": "2026-08-17 17:47:39,631", "severity": "INFO", "message": "[ShipOrder] completed request", "logger": "shippingservice"}
{"timestamp": "2026-08-17 17:47:39,688", "severity": "INFO", "message": "[GetQuote] received request", "logger": "shippingservice"}
{"timestamp": "2026-08-17 17:47:39,688", "severity": "INFO", "message": "[GetQuote] item_count=6 → $23.99", "logger": "shippingservice"}
{"timestamp": "2026-08-17 17:47:39,689", "severity": "INFO", "message": "[GetQuote] completed request", "logger": "shippingservice"}
{"timestamp": "2026-08-17 17:47:39,692", "severity": "INFO", "message": "[ShipOrder] received request", "logger": "shippingservice"}
{"timestamp": "2026-08-17 17:47:39,693", "severity": "INFO", "message": "[ShipOrder] base_address='166 Main St, Seattle, WA' → tracking_id=ID-32474945-KK", "logger": "shippingservice"}
{"timestamp": "2026-08-17 17:47:39,693", "severity": "INFO", "message": "[GetQuote] received request", "logger": "shippingservice"}
{"timestamp": "2026-08-17 17:47:39,694", "severity": "INFO", "message": "[GetQuote] item_count=6 → $23.99", "logger": "shippingservice"}
{"timestamp": "2026-08-17 17:47:39,694", "severity": "INFO", "message": "[GetQuote] completed request", "logger": "shippingservice"}
{"timestamp": "2026-08-17 17:47:39,694", "severity": "INFO", "message": "[ShipOrder] quote fetched | USD 23.99", "logger": "shippingservice"}
{"timestamp": "2026-08-17 17:47:39,704", "severity": "INFO", "message": "[MongoDB] Shipment persisted: shipping_id=d903da68-fbd7-4b45-9270-595432942798, tracking_id=ID-32474945-KK", "logger": "shippingservice"}
{"timestamp": "2026-08-17 17:47:39,704", "severity": "INFO", "message": "[ShipOrder] completed request", "logger": "shippingservice"}
{"timestamp": "2026-08-17 17:47:39,759", "severity": "INFO", "message": "[GetQuote] received request", "logger": "shippingservice"}
{"timestamp": "2026-08-17 17:47:39,759", "severity": "INFO", "message": "[GetQuote] item_count=7 → $23.99", "logger": "shippingservice"}
{"timestamp": "2026-08-17 17:47:39,760", "severity": "INFO", "message": "[GetQuote] completed request", "logger": "shippingservice"}
{"timestamp": "2026-08-17 17:47:39,761", "severity": "INFO", "message": "[ShipOrder] received request", "logger": "shippingservice"}
{"timestamp": "2026-08-17 17:47:39,762", "severity": "INFO", "message": "[ShipOrder] base_address='167 Main St, Seattle, WA' → tracking_id=HR-00225919-LM", "logger": "shippingservice"}
{"timestamp": "2026-08-17 17:47:39,762", "severity": "INFO", "message": "[GetQuote] received request", "logger": "shippingservice"}
{"timestamp": "2026-08-17 17:47:39,762", "severity": "INFO", "message": "[GetQuote] item_count=7 → $23.99", "logger": "shippingservice"}
{"timestamp": "2026-08-17 17:47:39,762", "severity": "INFO", "message": "[GetQuote] completed request", "logger": "shippingservice"}
{"timestamp": "2026-08-17 17:47:39,762", "severity": "INFO", "message": "[ShipOrder] quote fetched | USD 23.99", "logger": "shippingservice"}
{"timestamp": "2026-08-17 17:47:39,768", "severity": "INFO", "message": "[MongoDB] Shipment persisted: shipping_id=dc5cd62c-c674-4a74-b1b4-1cac0144d9df, tracking_id=HR-00225919-LM", "logger": "shippingservice"}
{"timestamp": "2026-08-17 17:47:39,768", "severity": "INFO", "message": "[ShipOrder] completed request", "logger": "shippingservice"}
{"timestamp": "2026-08-17 17:47:39,825", "severity": "INFO", "message": "[GetQuote] received request", "logger": "shippingservice"}
{"timestamp": "2026-08-17 17:47:39,825", "severity": "INFO", "message": "[GetQuote] item_count=8 → $31.99", "logger": "shippingservice"}
{"timestamp": "2026-08-17 17:47:39,825", "severity": "INFO", "message": "[GetQuote] completed request", "logger": "shippingservice"}
{"timestamp": "2026-08-17 17:47:39,828", "severity": "INFO", "message": "[ShipOrder] received request", "logger": "shippingservice"}
{"timestamp": "2026-08-17 17:47:39,828", "severity": "INFO", "message": "[ShipOrder] base_address='168 Main St, Seattle, WA' → tracking_id=RN-99389642-DZ", "logger": "shippingservice"}
{"timestamp": "2026-08-17 17:47:39,829", "severity": "INFO", "message": "[GetQuote] received request", "logger": "shippingservice"}
{"timestamp": "2026-08-17 17:47:39,829", "severity": "INFO", "message": "[GetQuote] item_count=8 → $31.99", "logger": "shippingservice"}
{"timestamp": "2026-08-17 17:47:39,829", "severity": "INFO", "message": "[GetQuote] completed request", "logger": "shippingservice"}
{"timestamp": "2026-08-17 17:47:39,829", "severity": "INFO", "message": "[ShipOrder] quote fetched | USD 31.99", "logger": "shippingservice"}
{"timestamp": "2026-08-17 17:47:39,839", "severity": "INFO", "message": "[MongoDB] Shipment persisted: shipping_id=834d7273-fe36-4165-8394-8bd45a0bdd0d, tracking_id=RN-99389642-DZ", "logger": "shippingservice"}
{"timestamp": "2026-08-17 17:47:39,840", "severity": "INFO", "message": "[ShipOrder] completed request", "logger": "shippingservice"}
{"timestamp": "2026-08-17 17:47:39,897", "severity": "INFO", "message": "[GetQuote] received request", "logger": "shippingservice"}
{"timestamp": "2026-08-17 17:47:39,897", "severity": "INFO", "message": "[GetQuote] item_count=9 → $31.99", "logger": "shippingservice"}
{"timestamp": "2026-08-17 17:47:39,897", "severity": "INFO", "message": "[GetQuote] completed request", "logger": "shippingservice"}
{"timestamp": "2026-08-17 17:47:39,900", "severity": "INFO", "message": "[ShipOrder] received request", "logger": "shippingservice"}
{"timestamp": "2026-08-17 17:47:39,900", "severity": "INFO", "message": "[ShipOrder] base_address='169 Main St, Seattle, WA' → tracking_id=AS-99354283-IR", "logger": "shippingservice"}
{"timestamp": "2026-08-17 17:47:39,901", "severity": "INFO", "message": "[GetQuote] received request", "logger": "shippingservice"}
{"timestamp": "2026-08-17 17:47:39,901", "severity": "INFO", "message": "[GetQuote] item_count=9 → $31.99", "logger": "shippingservice"}
{"timestamp": "2026-08-17 17:47:39,901", "severity": "INFO", "message": "[GetQuote] completed request", "logger": "shippingservice"}
{"timestamp": "2026-08-17 17:47:39,901", "severity": "INFO", "message": "[ShipOrder] quote fetched | USD 31.99", "logger": "shippingservice"}
{"timestamp": "2026-08-17 17:47:39,910", "severity": "INFO", "message": "[MongoDB] Shipment persisted: shipping_id=57ab0505-618a-4580-a9cc-5c395328928e, tracking_id=AS-99354283-IR", "logger": "shippingservice"}
{"timestamp": "2026-08-17 17:47:39,910", "severity": "INFO", "message": "[ShipOrder] completed request", "logger": "shippingservice"}
{"timestamp": "2026-08-17 17:47:39,967", "severity": "INFO", "message": "[GetQuote] received request", "logger": "shippingservice"}
{"timestamp": "2026-08-17 17:47:39,967", "severity": "INFO", "message": "[GetQuote] item_count=10 → $39.99", "logger": "shippingservice"}
{"timestamp": "2026-08-17 17:47:39,967", "severity": "INFO", "message": "[GetQuote] completed request", "logger": "shippingservice"}
{"timestamp": "2026-08-17 17:47:39,971", "severity": "INFO", "message": "[ShipOrder] received request", "logger": "shippingservice"}
{"timestamp": "2026-08-17 17:47:39,971", "severity": "INFO", "message": "[ShipOrder] base_address='170 Main St, Seattle, WA' → tracking_id=YD-37902320-BO", "logger": "shippingservice"}
{"timestamp": "2026-08-17 17:47:39,972", "severity": "INFO", "message": "[GetQuote] received request", "logger": "shippingservice"}
{"timestamp": "2026-08-17 17:47:39,972", "severity": "INFO", "message": "[GetQuote] item_count=10 → $39.99", "logger": "shippingservice"}
{"timestamp": "2026-08-17 17:47:39,972", "severity": "INFO", "message": "[GetQuote] completed request", "logger": "shippingservice"}
{"timestamp": "2026-08-17 17:47:39,972", "severity": "INFO", "message": "[ShipOrder] quote fetched | USD 39.99", "logger": "shippingservice"}
{"timestamp": "2026-08-17 17:47:39,981", "severity": "INFO", "message": "[MongoDB] Shipment persisted: shipping_id=25a5f24d-4239-4f24-beff-98de865aff78, tracking_id=YD-37902320-BO", "logger": "shippingservice"}
{"timestamp": "2026-08-17 17:47:39,981", "severity": "INFO", "message": "[ShipOrder] completed request", "logger": "shippingservice"}
{"timestamp": "2026-08-17 17:47:40,038", "severity": "INFO", "message": "[GetQuote] received request", "logger": "shippingservice"}
{"timestamp": "2026-08-17 17:47:40,038", "severity": "INFO", "message": "[GetQuote] item_count=11 → $39.99", "logger": "shippingservice"}
{"timestamp": "2026-08-17 17:47:40,038", "severity": "INFO", "message": "[GetQuote] completed request", "logger": "shippingservice"}
{"timestamp": "2026-08-17 17:47:40,041", "severity": "INFO", "message": "[ShipOrder] received request", "logger": "shippingservice"}
{"timestamp": "2026-08-17 17:47:40,042", "severity": "INFO", "message": "[ShipOrder] base_address='171 Main St, Seattle, WA' → tracking_id=DX-79705442-EE", "logger": "shippingservice"}
{"timestamp": "2026-08-17 17:47:40,042", "severity": "INFO", "message": "[GetQuote] received request", "logger": "shippingservice"}
{"timestamp": "2026-08-17 17:47:40,042", "severity": "INFO", "message": "[GetQuote] item_count=11 → $39.99", "logger": "shippingservice"}
{"timestamp": "2026-08-17 17:47:40,042", "severity": "INFO", "message": "[GetQuote] completed request", "logger": "shippingservice"}
{"timestamp": "2026-08-17 17:47:40,042", "severity": "INFO", "message": "[ShipOrder] quote fetched | USD 39.99", "logger": "shippingservice"}
{"timestamp": "2026-08-17 17:47:40,048", "severity": "INFO", "message": "[MongoDB] Shipment persisted: shipping_id=c19e2d08-d211-4b14-b823-4f24dfab0ee7, tracking_id=DX-79705442-EE", "logger": "shippingservice"}
{"timestamp": "2026-08-17 17:47:40,048", "severity": "INFO", "message": "[ShipOrder] completed request", "logger": "shippingservice"}
{"timestamp": "2026-08-17 17:47:40,104", "severity": "INFO", "message": "[GetQuote] received request", "logger": "shippingservice"}
{"timestamp": "2026-08-17 17:47:40,104", "severity": "INFO", "message": "[GetQuote] item_count=0 → $0.00", "logger": "shippingservice"}
{"timestamp": "2026-08-17 17:47:40,104", "severity": "INFO", "message": "[GetQuote] completed request", "logger": "shippingservice"}
{"timestamp": "2026-08-17 17:47:40,107", "severity": "INFO", "message": "[ShipOrder] received request", "logger": "shippingservice"}
{"timestamp": "2026-08-17 17:47:40,108", "severity": "INFO", "message": "[ShipOrder] base_address='172 Main St, Seattle, WA' → tracking_id=CZ-51232787-TM", "logger": "shippingservice"}
{"timestamp": "2026-08-17 17:47:40,108", "severity": "INFO", "message": "[GetQuote] received request", "logger": "shippingservice"}
{"timestamp": "2026-08-17 17:47:40,108", "severity": "INFO", "message": "[GetQuote] item_count=0 → $0.00", "logger": "shippingservice"}
{"timestamp": "2026-08-17 17:47:40,109", "severity": "INFO", "message": "[GetQuote] completed request", "logger": "shippingservice"}
{"timestamp": "2026-08-17 17:47:40,109", "severity": "INFO", "message": "[ShipOrder] quote fetched | USD 0.00", "logger": "shippingservice"}
{"timestamp": "2026-08-17 17:47:40,120", "severity": "INFO", "message": "[MongoDB] Shipment persisted: shipping_id=b493e6f5-6cb9-4bf9-8358-618436d56226, tracking_id=CZ-51232787-TM", "logger": "shippingservice"}
{"timestamp": "2026-08-17 17:47:40,120", "severity": "INFO", "message": "[ShipOrder] completed request", "logger": "shippingservice"}
{"timestamp": "2026-08-17 17:47:40,175", "severity": "INFO", "message": "[GetQuote] received request", "logger": "shippingservice"}
{"timestamp": "2026-08-17 17:47:40,175", "severity": "INFO", "message": "[GetQuote] item_count=1 → $8.99", "logger": "shippingservice"}
{"timestamp": "2026-08-17 17:47:40,176", "severity": "INFO", "message": "[GetQuote] completed request", "logger": "shippingservice"}
{"timestamp": "2026-08-17 17:47:40,177", "severity": "INFO", "message": "[ShipOrder] received request", "logger": "shippingservice"}
{"timestamp": "2026-08-17 17:47:40,178", "severity": "INFO", "message": "[ShipOrder] base_address='173 Main St, Seattle, WA' → tracking_id=HF-26914494-QL", "logger": "shippingservice"}
{"timestamp": "2026-08-17 17:47:40,178", "severity": "INFO", "message": "[GetQuote] received request", "logger": "shippingservice"}
{"timestamp": "2026-08-17 17:47:40,178", "severity": "INFO", "message": "[GetQuote] item_count=1 → $8.99", "logger": "shippingservice"}
{"timestamp": "2026-08-17 17:47:40,178", "severity": "INFO", "message": "[GetQuote] completed request", "logger": "shippingservice"}
{"timestamp": "2026-08-17 17:47:40,179", "severity": "INFO", "message": "[ShipOrder] quote fetched | USD 8.99", "logger": "shippingservice"}
{"timestamp": "2026-08-17 17:47:40,185", "severity": "INFO", "message": "[MongoDB] Shipment persisted: shipping_id=3ece13d8-1266-4e83-9e46-5ac95ad41370, tracking_id=HF-26914494-QL", "logger": "shippingservice"}
{"timestamp": "2026-08-17 17:47:40,185", "severity": "INFO", "message": "[ShipOrder] completed request", "logger": "shippingservice"}
{"timestamp": "2026-08-17 17:47:40,241", "severity": "INFO", "message": "[GetQuote] received request", "logger": "shippingservice"}
{"timestamp": "2026-08-17 17:47:40,242", "severity": "INFO", "message": "[GetQuote] item_count=2 → $8.99", "logger": "shippingservice"}
{"timestamp": "2026-08-17 17:47:40,242", "severity": "INFO", "message": "[GetQuote] completed request", "logger": "shippingservice"}
{"timestamp": "2026-08-17 17:47:40,245", "severity": "INFO", "message": "[ShipOrder] received request", "logger": "shippingservice"}
{"timestamp": "2026-08-17 17:47:40,245", "severity": "INFO", "message": "[ShipOrder] base_address='174 Main St, Seattle, WA' → tracking_id=BP-84362729-EU", "logger": "shippingservice"}
{"timestamp": "2026-08-17 17:47:40,246", "severity": "INFO", "message": "[GetQuote] received request", "logger": "shippingservice"}
{"timestamp": "2026-08-17 17:47:40,246", "severity": "INFO", "message": "[GetQuote] item_count=2 → $8.99", "logger": "shippingservice"}
{"timestamp": "2026-08-17 17:47:40,246", "severity": "INFO", "message": "[GetQuote] completed request", "logger": "shippingservice"}
{"timestamp": "2026-08-17 17:47:40,246", "severity": "INFO", "message": "[ShipOrder] quote fetched | USD 8.99", "logger": "shippingservice"}
{"timestamp": "2026-08-17 17:47:40,257", "severity": "INFO", "message": "[MongoDB] Shipment persisted: shipping_id=69b142dd-0229-4d36-b643-2bafa40af42b, tracking_id=BP-84362729-EU", "logger": "shippingservice"}
{"timestamp": "2026-08-17 17:47:40,257", "severity": "INFO", "message": "[ShipOrder] completed request", "logger": "shippingservice"}
{"timestamp": "2026-08-17 17:47:40,314", "severity": "INFO", "message": "[GetQuote] received request", "logger": "shippingservice"}
{"timestamp": "2026-08-17 17:47:40,314", "severity": "INFO", "message": "[GetQuote] item_count=3 → $15.99", "logger": "shippingservice"}
{"timestamp": "2026-08-17 17:47:40,315", "severity": "INFO", "message": "[GetQuote] completed request", "logger": "shippingservice"}
{"timestamp": "2026-08-17 17:47:40,317", "severity": "INFO", "message": "[ShipOrder] received request", "logger": "shippingservice"}
{"timestamp": "2026-08-17 17:47:40,318", "severity": "INFO", "message": "[ShipOrder] base_address='175 Main St, Seattle, WA' → tracking_id=KZ-86039360-NY", "logger": "shippingservice"}
{"timestamp": "2026-08-17 17:47:40,318", "severity": "INFO", "message": "[GetQuote] received request", "logger": "shippingservice"}
{"timestamp": "2026-08-17 17:47:40,318", "severity": "INFO", "message": "[GetQuote] item_count=3 → $15.99", "logger": "shippingservice"}
{"timestamp": "2026-08-17 17:47:40,318", "severity": "INFO", "message": "[GetQuote] completed request", "logger": "shippingservice"}
{"timestamp": "2026-08-17 17:47:40,319", "severity": "INFO", "message": "[ShipOrder] quote fetched | USD 15.99", "logger": "shippingservice"}
{"timestamp": "2026-08-17 17:47:40,327", "severity": "INFO", "message": "[MongoDB] Shipment persisted: shipping_id=2798bf72-515c-4308-a859-d23f413615b9, tracking_id=KZ-86039360-NY", "logger": "shippingservice"}
{"timestamp": "2026-08-17 17:47:40,328", "severity": "INFO", "message": "[ShipOrder] completed request", "logger": "shippingservice"}
{"timestamp": "2026-08-17 17:47:40,381", "severity": "INFO", "message": "[GetQuote] received request", "logger": "shippingservice"}
{"timestamp": "2026-08-17 17:47:40,382", "severity": "INFO", "message": "[GetQuote] item_count=4 → $15.99", "logger": "shippingservice"}
{"timestamp": "2026-08-17 17:47:40,382", "severity": "INFO", "message": "[GetQuote] completed request", "logger": "shippingservice"}
{"timestamp": "2026-08-17 17:47:40,383", "severity": "INFO", "message": "[ShipOrder] received request", "logger": "shippingservice"}
{"timestamp": "2026-08-17 17:47:40,383", "severity": "INFO", "message": "[ShipOrder] base_address='176 Main St, Seattle, WA' → tracking_id=WO-26209797-QZ", "logger": "shippingservice"}
{"timestamp": "2026-08-17 17:47:40,383", "severity": "INFO", "message": "[GetQuote] received request", "logger": "shippingservice"}
{"timestamp": "2026-08-17 17:47:40,383", "severity": "INFO", "message": "[GetQuote] item_count=4 → $15.99", "logger": "shippingservice"}
{"timestamp": "2026-08-17 17:47:40,383", "severity": "INFO", "message": "[GetQuote] completed request", "logger": "shippingservice"}
{"timestamp": "2026-08-17 17:47:40,384", "severity": "INFO", "message": "[ShipOrder] quote fetched | USD 15.99", "logger": "shippingservice"}
{"timestamp": "2026-08-17 17:47:40,388", "severity": "INFO", "message": "[MongoDB] Shipment persisted: shipping_id=996ae5d1-8c8b-4ca0-9673-abc04052676e, tracking_id=WO-26209797-QZ", "logger": "shippingservice"}
{"timestamp": "2026-08-17 17:47:40,388", "severity": "INFO", "message": "[ShipOrder] completed request", "logger": "shippingservice"}
{"timestamp": "2026-08-17 17:47:40,441", "severity": "INFO", "message": "[GetQuote] received request", "logger": "shippingservice"}
{"timestamp": "2026-08-17 17:47:40,441", "severity": "INFO", "message": "[GetQuote] item_count=5 → $23.99", "logger": "shippingservice"}
{"timestamp": "2026-08-17 17:47:40,441", "severity": "INFO", "message": "[GetQuote] completed request", "logger": "shippingservice"}
{"timestamp": "2026-08-17 17:47:40,442", "severity": "INFO", "message": "[ShipOrder] received request", "logger": "shippingservice"}
{"timestamp": "2026-08-17 17:47:40,442", "severity": "INFO", "message": "[ShipOrder] base_address='177 Main St, Seattle, WA' → tracking_id=DC-70866243-FD", "logger": "shippingservice"}
{"timestamp": "2026-08-17 17:47:40,442", "severity": "INFO", "message": "[GetQuote] received request", "logger": "shippingservice"}
{"timestamp": "2026-08-17 17:47:40,442", "severity": "INFO", "message": "[GetQuote] item_count=5 → $23.99", "logger": "shippingservice"}
{"timestamp": "2026-08-17 17:47:40,443", "severity": "INFO", "message": "[GetQuote] completed request", "logger": "shippingservice"}
{"timestamp": "2026-08-17 17:47:40,443", "severity": "INFO", "message": "[ShipOrder] quote fetched | USD 23.99", "logger": "shippingservice"}
{"timestamp": "2026-08-17 17:47:40,446", "severity": "INFO", "message": "[MongoDB] Shipment persisted: shipping_id=7326f682-9aeb-4ae4-b850-5a0c30a19e3c, tracking_id=DC-70866243-FD", "logger": "shippingservice"}
{"timestamp": "2026-08-17 17:47:40,446", "severity": "INFO", "message": "[ShipOrder] completed request", "logger": "shippingservice"}
{"timestamp": "2026-08-17 17:47:40,501", "severity": "INFO", "message": "[GetQuote] received request", "logger": "shippingservice"}
{"timestamp": "2026-08-17 17:47:40,502", "severity": "INFO", "message": "[GetQuote] item_count=6 → $23.99", "logger": "shippingservice"}
{"timestamp": "2026-08-17 17:47:40,502", "severity": "INFO", "message": "[GetQuote] completed request", "logger": "shippingservice"}
{"timestamp": "2026-08-17 17:47:40,504", "severity": "INFO", "message": "[ShipOrder] received request", "logger": "shippingservice"}
{"timestamp": "2026-08-17 17:47:40,505", "severity": "INFO", "message": "[ShipOrder] base_address='178 Main St, Seattle, WA' → tracking_id=YL-08591258-RO", "logger": "shippingservice"}
{"timestamp": "2026-08-17 17:47:40,505", "severity": "INFO", "message": "[GetQuote] received request", "logger": "shippingservice"}
{"timestamp": "2026-08-17 17:47:40,505", "severity": "INFO", "message": "[GetQuote] item_count=6 → $23.99", "logger": "shippingservice"}
{"timestamp": "2026-08-17 17:47:40,506", "severity": "INFO", "message": "[GetQuote] completed request", "logger": "shippingservice"}
{"timestamp": "2026-08-17 17:47:40,506", "severity": "INFO", "message": "[ShipOrder] quote fetched | USD 23.99", "logger": "shippingservice"}
{"timestamp": "2026-08-17 17:47:40,513", "severity": "INFO", "message": "[MongoDB] Shipment persisted: shipping_id=5e5dee36-6281-41aa-b413-574d4882879d, tracking_id=YL-08591258-RO", "logger": "shippingservice"}
{"timestamp": "2026-08-17 17:47:40,513", "severity": "INFO", "message": "[ShipOrder] completed request", "logger": "shippingservice"}
{"timestamp": "2026-08-17 17:47:40,570", "severity": "INFO", "message": "[GetQuote] received request", "logger": "shippingservice"}
{"timestamp": "2026-08-17 17:47:40,570", "severity": "INFO", "message": "[GetQuote] item_count=7 → $23.99", "logger": "shippingservice"}
{"timestamp": "2026-08-17 17:47:40,570", "severity": "INFO", "message": "[GetQuote] completed request", "logger": "shippingservice"}
{"timestamp": "2026-08-17 17:47:40,573", "severity": "INFO", "message": "[ShipOrder] received request", "logger": "shippingservice"}
{"timestamp": "2026-08-17 17:47:40,574", "severity": "INFO", "message": "[ShipOrder] base_address='179 Main St, Seattle, WA' → tracking_id=PT-33531873-JG", "logger": "shippingservice"}
{"timestamp": "2026-08-17 17:47:40,574", "severity": "INFO", "message": "[GetQuote] received request", "logger": "shippingservice"}
{"timestamp": "2026-08-17 17:47:40,574", "severity": "INFO", "message": "[GetQuote] item_count=7 → $23.99", "logger": "shippingservice"}
{"timestamp": "2026-08-17 17:47:40,574", "severity": "INFO", "message": "[GetQuote] completed request", "logger": "shippingservice"}
{"timestamp": "2026-08-17 17:47:40,574", "severity": "INFO", "message": "[ShipOrder] quote fetched | USD 23.99", "logger": "shippingservice"}
{"timestamp": "2026-08-17 17:47:40,583", "severity": "INFO", "message": "[MongoDB] Shipment persisted: shipping_id=1788787b-3093-4a3d-8a0c-f12f186be93d, tracking_id=PT-33531873-JG", "logger": "shippingservice"}
{"timestamp": "2026-08-17 17:47:40,583", "severity": "INFO", "message": "[ShipOrder] completed request", "logger": "shippingservice"}
{"timestamp": "2026-08-17 17:47:40,640", "severity": "INFO", "message": "[GetQuote] received request", "logger": "shippingservice"}
{"timestamp": "2026-08-17 17:47:40,640", "severity": "INFO", "message": "[GetQuote] item_count=8 → $31.99", "logger": "shippingservice"}
{"timestamp": "2026-08-17 17:47:40,641", "severity": "INFO", "message": "[GetQuote] completed request", "logger": "shippingservice"}
{"timestamp": "2026-08-17 17:47:40,644", "severity": "INFO", "message": "[ShipOrder] received request", "logger": "shippingservice"}
{"timestamp": "2026-08-17 17:47:40,645", "severity": "INFO", "message": "[ShipOrder] base_address='180 Main St, Seattle, WA' → tracking_id=XT-39485647-XV", "logger": "shippingservice"}
{"timestamp": "2026-08-17 17:47:40,645", "severity": "INFO", "message": "[GetQuote] received request", "logger": "shippingservice"}
{"timestamp": "2026-08-17 17:47:40,646", "severity": "INFO", "message": "[GetQuote] item_count=8 → $31.99", "logger": "shippingservice"}
{"timestamp": "2026-08-17 17:47:40,646", "severity": "INFO", "message": "[GetQuote] completed request", "logger": "shippingservice"}
{"timestamp": "2026-08-17 17:47:40,646", "severity": "INFO", "message": "[ShipOrder] quote fetched | USD 31.99", "logger": "shippingservice"}
{"timestamp": "2026-08-17 17:47:40,655", "severity": "INFO", "message": "[MongoDB] Shipment persisted: shipping_id=8c8a761a-0662-44ab-ab53-49910d93b079, tracking_id=XT-39485647-XV", "logger": "shippingservice"}
{"timestamp": "2026-08-17 17:47:40,655", "severity": "INFO", "message": "[ShipOrder] completed request", "logger": "shippingservice"}
{"timestamp": "2026-08-17 17:47:40,712", "severity": "INFO", "message": "[GetQuote] received request", "logger": "shippingservice"}
{"timestamp": "2026-08-17 17:47:40,712", "severity": "INFO", "message": "[GetQuote] item_count=9 → $31.99", "logger": "shippingservice"}
{"timestamp": "2026-08-17 17:47:40,713", "severity": "INFO", "message": "[GetQuote] completed request", "logger": "shippingservice"}
{"timestamp": "2026-08-17 17:47:40,715", "severity": "INFO", "message": "[ShipOrder] received request", "logger": "shippingservice"}
{"timestamp": "2026-08-17 17:47:40,716", "severity": "INFO", "message": "[ShipOrder] base_address='181 Main St, Seattle, WA' → tracking_id=OM-71977303-RU", "logger": "shippingservice"}
{"timestamp": "2026-08-17 17:47:40,716", "severity": "INFO", "message": "[GetQuote] received request", "logger": "shippingservice"}
{"timestamp": "2026-08-17 17:47:40,716", "severity": "INFO", "message": "[GetQuote] item_count=9 → $31.99", "logger": "shippingservice"}
{"timestamp": "2026-08-17 17:47:40,717", "severity": "INFO", "message": "[GetQuote] completed request", "logger": "shippingservice"}
{"timestamp": "2026-08-17 17:47:40,717", "severity": "INFO", "message": "[ShipOrder] quote fetched | USD 31.99", "logger": "shippingservice"}
{"timestamp": "2026-08-17 17:47:40,725", "severity": "INFO", "message": "[MongoDB] Shipment persisted: shipping_id=4a15ad63-41ac-4753-bb3a-8eb5a6179baa, tracking_id=OM-71977303-RU", "logger": "shippingservice"}
{"timestamp": "2026-08-17 17:47:40,726", "severity": "INFO", "message": "[ShipOrder] completed request", "logger": "shippingservice"}
{"timestamp": "2026-08-17 17:47:40,783", "severity": "INFO", "message": "[GetQuote] received request", "logger": "shippingservice"}
{"timestamp": "2026-08-17 17:47:40,783", "severity": "INFO", "message": "[GetQuote] item_count=10 → $39.99", "logger": "shippingservice"}
{"timestamp": "2026-08-17 17:47:40,783", "severity": "INFO", "message": "[GetQuote] completed request", "logger": "shippingservice"}
{"timestamp": "2026-08-17 17:47:40,787", "severity": "INFO", "message": "[ShipOrder] received request", "logger": "shippingservice"}
{"timestamp": "2026-08-17 17:47:40,787", "severity": "INFO", "message": "[ShipOrder] base_address='182 Main St, Seattle, WA' → tracking_id=VN-24214020-YO", "logger": "shippingservice"}
{"timestamp": "2026-08-17 17:47:40,788", "severity": "INFO", "message": "[GetQuote] received request", "logger": "shippingservice"}
{"timestamp": "2026-08-17 17:47:40,788", "severity": "INFO", "message": "[GetQuote] item_count=10 → $39.99", "logger": "shippingservice"}
{"timestamp": "2026-08-17 17:47:40,788", "severity": "INFO", "message": "[GetQuote] completed request", "logger": "shippingservice"}
{"timestamp": "2026-08-17 17:47:40,788", "severity": "INFO", "message": "[ShipOrder] quote fetched | USD 39.99", "logger": "shippingservice"}
{"timestamp": "2026-08-17 17:47:40,797", "severity": "INFO", "message": "[MongoDB] Shipment persisted: shipping_id=3fd8c30d-16c9-4f20-b421-08265aa1c20d, tracking_id=VN-24214020-YO", "logger": "shippingservice"}
{"timestamp": "2026-08-17 17:47:40,797", "severity": "INFO", "message": "[ShipOrder] completed request", "logger": "shippingservice"}
{"timestamp": "2026-08-17 17:47:40,853", "severity": "INFO", "message": "[GetQuote] received request", "logger": "shippingservice"}
{"timestamp": "2026-08-17 17:47:40,854", "severity": "INFO", "message": "[GetQuote] item_count=11 → $39.99", "logger": "shippingservice"}
{"timestamp": "2026-08-17 17:47:40,854", "severity": "INFO", "message": "[GetQuote] completed request", "logger": "shippingservice"}
{"timestamp": "2026-08-17 17:47:40,856", "severity": "INFO", "message": "[ShipOrder] received request", "logger": "shippingservice"}
{"timestamp": "2026-08-17 17:47:40,857", "severity": "INFO", "message": "[ShipOrder] base_address='183 Main St, Seattle, WA' → tracking_id=NF-25449057-BX", "logger": "shippingservice"}
{"timestamp": "2026-08-17 17:47:40,857", "severity": "INFO", "message": "[GetQuote] received request", "logger": "shippingservice"}
{"timestamp": "2026-08-17 17:47:40,857", "severity": "INFO", "message": "[GetQuote] item_count=11 → $39.99", "logger": "shippingservice"}
{"timestamp": "2026-08-17 17:47:40,857", "severity": "INFO", "message": "[GetQuote] completed request", "logger": "shippingservice"}
{"timestamp": "2026-08-17 17:47:40,857", "severity": "INFO", "message": "[ShipOrder] quote fetched | USD 39.99", "logger": "shippingservice"}
{"timestamp": "2026-08-17 17:47:40,864", "severity": "INFO", "message": "[MongoDB] Shipment persisted: shipping_id=69c9d46e-f3f7-4257-809a-6834e46ed411, tracking_id=NF-25449057-BX", "logger": "shippingservice"}
{"timestamp": "2026-08-17 17:47:40,865", "severity": "INFO", "message": "[ShipOrder] completed request", "logger": "shippingservice"}
{"timestamp": "2026-08-17 17:47:40,921", "severity": "INFO", "message": "[GetQuote] received request", "logger": "shippingservice"}
{"timestamp": "2026-08-17 17:47:40,922", "severity": "INFO", "message": "[GetQuote] item_count=0 → $0.00", "logger": "shippingservice"}
{"timestamp": "2026-08-17 17:47:40,922", "severity": "INFO", "message": "[GetQuote] completed request", "logger": "shippingservice"}
{"timestamp": "2026-08-17 17:47:40,925", "severity": "INFO", "message": "[ShipOrder] received request", "logger": "shippingservice"}
{"timestamp": "2026-08-17 17:47:40,925", "severity": "INFO", "message": "[ShipOrder] base_address='184 Main St, Seattle, WA' → tracking_id=NJ-50816651-WG", "logger": "shippingservice"}
{"timestamp": "2026-08-17 17:47:40,926", "severity": "INFO", "message": "[GetQuote] received request", "logger": "shippingservice"}
{"timestamp": "2026-08-17 17:47:40,926", "severity": "INFO", "message": "[GetQuote] item_count=0 → $0.00", "logger": "shippingservice"}
{"timestamp": "2026-08-17 17:47:40,926", "severity": "INFO", "message": "[GetQuote] completed request", "logger": "shippingservice"}
{"timestamp": "2026-08-17 17:47:40,927", "severity": "INFO", "message": "[ShipOrder] quote fetched | USD 0.00", "logger": "shippingservice"}
{"timestamp": "2026-08-17 17:47:40,936", "severity": "INFO", "message": "[MongoDB] Shipment persisted: shipping_id=9b2d76b0-088f-4fa8-b4d5-1fabd9295fd9, tracking_id=NJ-50816651-WG", "logger": "shippingservice"}
{"timestamp": "2026-08-17 17:47:40,936", "severity": "INFO", "message": "[ShipOrder] completed request", "logger": "shippingservice"}
{"timestamp": "2026-08-17 17:47:40,992", "severity": "INFO", "message": "[GetQuote] received request", "logger": "shippingservice"}
{"timestamp": "2026-08-17 17:47:40,993", "severity": "INFO", "message": "[GetQuote] item_count=1 → $8.99", "logger": "shippingservice"}
{"timestamp": "2026-08-17 17:47:40,993", "severity": "INFO", "message": "[GetQuote] completed request", "logger": "shippingservice"}
{"timestamp": "2026-08-17 17:47:40,995", "severity": "INFO", "message": "[ShipOrder] received request", "logger": "shippingservice"}
{"timestamp": "2026-08-17 17:47:40,996", "severity": "INFO", "message": "[ShipOrder] base_address='185 Main St, Seattle, WA' → tracking_id=OL-79975624-CC", "logger": "shippingservice"}
{"timestamp": "2026-08-17 17:47:40,996", "severity": "INFO", "message": "[GetQuote] received request", "logger": "shippingservice"}
{"timestamp": "2026-08-17 17:47:40,997", "severity": "INFO", "message": "[GetQuote] item_count=1 → $8.99", "logger": "shippingservice"}
{"timestamp": "2026-08-17 17:47:40,997", "severity": "INFO", "message": "[GetQuote] completed request", "logger": "shippingservice"}
{"timestamp": "2026-08-17 17:47:40,997", "severity": "INFO", "message": "[ShipOrder] quote fetched | USD 8.99", "logger": "shippingservice"}
{"timestamp": "2026-08-17 17:47:41,007", "severity": "INFO", "message": "[MongoDB] Shipment persisted: shipping_id=65776ebf-bd20-40c0-af09-0615b3be7b80, tracking_id=OL-79975624-CC", "logger": "shippingservice"}
{"timestamp": "2026-08-17 17:47:41,007", "severity": "INFO", "message": "[ShipOrder] completed request", "logger": "shippingservice"}
{"timestamp": "2026-08-17 17:47:41,064", "severity": "INFO", "message": "[GetQuote] received request", "logger": "shippingservice"}
{"timestamp": "2026-08-17 17:47:41,064", "severity": "INFO", "message": "[GetQuote] item_count=2 → $8.99", "logger": "shippingservice"}
{"timestamp": "2026-08-17 17:47:41,065", "severity": "INFO", "message": "[GetQuote] completed request", "logger": "shippingservice"}
{"timestamp": "2026-08-17 17:47:41,067", "severity": "INFO", "message": "[ShipOrder] received request", "logger": "shippingservice"}
{"timestamp": "2026-08-17 17:47:41,068", "severity": "INFO", "message": "[ShipOrder] base_address='186 Main St, Seattle, WA' → tracking_id=CX-44632960-SI", "logger": "shippingservice"}
{"timestamp": "2026-08-17 17:47:41,068", "severity": "INFO", "message": "[GetQuote] received request", "logger": "shippingservice"}
{"timestamp": "2026-08-17 17:47:41,068", "severity": "INFO", "message": "[GetQuote] item_count=2 → $8.99", "logger": "shippingservice"}
{"timestamp": "2026-08-17 17:47:41,068", "severity": "INFO", "message": "[GetQuote] completed request", "logger": "shippingservice"}
{"timestamp": "2026-08-17 17:47:41,068", "severity": "INFO", "message": "[ShipOrder] quote fetched | USD 8.99", "logger": "shippingservice"}
{"timestamp": "2026-08-17 17:47:41,076", "severity": "INFO", "message": "[MongoDB] Shipment persisted: shipping_id=c1e43558-9f7e-4645-b4df-759bf9c3c7cb, tracking_id=CX-44632960-SI", "logger": "shippingservice"}
{"timestamp": "2026-08-17 17:47:41,076", "severity": "INFO", "message": "[ShipOrder] completed request", "logger": "shippingservice"}
{"timestamp": "2026-08-17 17:47:41,132", "severity": "INFO", "message": "[GetQuote] received request", "logger": "shippingservice"}
{"timestamp": "2026-08-17 17:47:41,133", "severity": "INFO", "message": "[GetQuote] item_count=3 → $15.99", "logger": "shippingservice"}
{"timestamp": "2026-08-17 17:47:41,133", "severity": "INFO", "message": "[GetQuote] completed request", "logger": "shippingservice"}
{"timestamp": "2026-08-17 17:47:41,135", "severity": "INFO", "message": "[ShipOrder] received request", "logger": "shippingservice"}
{"timestamp": "2026-08-17 17:47:41,136", "severity": "INFO", "message": "[ShipOrder] base_address='187 Main St, Seattle, WA' → tracking_id=JL-93228510-VY", "logger": "shippingservice"}
{"timestamp": "2026-08-17 17:47:41,136", "severity": "INFO", "message": "[GetQuote] received request", "logger": "shippingservice"}
{"timestamp": "2026-08-17 17:47:41,136", "severity": "INFO", "message": "[GetQuote] item_count=3 → $15.99", "logger": "shippingservice"}
{"timestamp": "2026-08-17 17:47:41,136", "severity": "INFO", "message": "[GetQuote] completed request", "logger": "shippingservice"}
{"timestamp": "2026-08-17 17:47:41,137", "severity": "INFO", "message": "[ShipOrder] quote fetched | USD 15.99", "logger": "shippingservice"}
{"timestamp": "2026-08-17 17:47:41,145", "severity": "INFO", "message": "[MongoDB] Shipment persisted: shipping_id=54c027ba-600d-4d89-a04d-3e730ce8318f, tracking_id=JL-93228510-VY", "logger": "shippingservice"}
{"timestamp": "2026-08-17 17:47:41,146", "severity": "INFO", "message": "[ShipOrder] completed request", "logger": "shippingservice"}
{"timestamp": "2026-08-17 17:47:41,202", "severity": "INFO", "message": "[GetQuote] received request", "logger": "shippingservice"}
{"timestamp": "2026-08-17 17:47:41,202", "severity": "INFO", "message": "[GetQuote] item_count=4 → $15.99", "logger": "shippingservice"}
{"timestamp": "2026-08-17 17:47:41,203", "severity": "INFO", "message": "[GetQuote] completed request", "logger": "shippingservice"}
{"timestamp": "2026-08-17 17:47:41,206", "severity": "INFO", "message": "[ShipOrder] received request", "logger": "shippingservice"}
{"timestamp": "2026-08-17 17:47:41,207", "severity": "INFO", "message": "[ShipOrder] base_address='188 Main St, Seattle, WA' → tracking_id=MG-77134874-UG", "logger": "shippingservice"}
{"timestamp": "2026-08-17 17:47:41,207", "severity": "INFO", "message": "[GetQuote] received request", "logger": "shippingservice"}
{"timestamp": "2026-08-17 17:47:41,207", "severity": "INFO", "message": "[GetQuote] item_count=4 → $15.99", "logger": "shippingservice"}
{"timestamp": "2026-08-17 17:47:41,208", "severity": "INFO", "message": "[GetQuote] completed request", "logger": "shippingservice"}
{"timestamp": "2026-08-17 17:47:41,208", "severity": "INFO", "message": "[ShipOrder] quote fetched | USD 15.99", "logger": "shippingservice"}
{"timestamp": "2026-08-17 17:47:41,217", "severity": "INFO", "message": "[MongoDB] Shipment persisted: shipping_id=0b8c4799-4d80-4018-82a5-943bccc3fc2d, tracking_id=MG-77134874-UG", "logger": "shippingservice"}
{"timestamp": "2026-08-17 17:47:41,218", "severity": "INFO", "message": "[ShipOrder] completed request", "logger": "shippingservice"}
{"timestamp": "2026-08-17 17:47:41,274", "severity": "INFO", "message": "[GetQuote] received request", "logger": "shippingservice"}
{"timestamp": "2026-08-17 17:47:41,274", "severity": "INFO", "message": "[GetQuote] item_count=5 → $23.99", "logger": "shippingservice"}
{"timestamp": "2026-08-17 17:47:41,274", "severity": "INFO", "message": "[GetQuote] completed request", "logger": "shippingservice"}
{"timestamp": "2026-08-17 17:47:41,277", "severity": "INFO", "message": "[ShipOrder] received request", "logger": "shippingservice"}
{"timestamp": "2026-08-17 17:47:41,277", "severity": "INFO", "message": "[ShipOrder] base_address='189 Main St, Seattle, WA' → tracking_id=XI-09691832-TT", "logger": "shippingservice"}
{"timestamp": "2026-08-17 17:47:41,277", "severity": "INFO", "message": "[GetQuote] received request", "logger": "shippingservice"}
{"timestamp": "2026-08-17 17:47:41,278", "severity": "INFO", "message": "[GetQuote] item_count=5 → $23.99", "logger": "shippingservice"}
{"timestamp": "2026-08-17 17:47:41,278", "severity": "INFO", "message": "[GetQuote] completed request", "logger": "shippingservice"}
{"timestamp": "2026-08-17 17:47:41,278", "severity": "INFO", "message": "[ShipOrder] quote fetched | USD 23.99", "logger": "shippingservice"}
{"timestamp": "2026-08-17 17:47:41,286", "severity": "INFO", "message": "[MongoDB] Shipment persisted: shipping_id=d89a90b1-8c5d-44ab-88f8-dda16f0942dc, tracking_id=XI-09691832-TT", "logger": "shippingservice"}
{"timestamp": "2026-08-17 17:47:41,287", "severity": "INFO", "message": "[ShipOrder] completed request", "logger": "shippingservice"}
{"timestamp": "2026-08-17 17:47:41,341", "severity": "INFO", "message": "[GetQuote] received request", "logger": "shippingservice"}
{"timestamp": "2026-08-17 17:47:41,341", "severity": "INFO", "message": "[GetQuote] item_count=6 → $23.99", "logger": "shippingservice"}
{"timestamp": "2026-08-17 17:47:41,341", "severity": "INFO", "message": "[GetQuote] completed request", "logger": "shippingservice"}
{"timestamp": "2026-08-17 17:47:41,342", "severity": "INFO", "message": "[ShipOrder] received request", "logger": "shippingservice"}
{"timestamp": "2026-08-17 17:47:41,342", "severity": "INFO", "message": "[ShipOrder] base_address='190 Main St, Seattle, WA' → tracking_id=EE-04486778-QQ", "logger": "shippingservice"}
{"timestamp": "2026-08-17 17:47:41,342", "severity": "INFO", "message": "[GetQuote] received request", "logger": "shippingservice"}
{"timestamp": "2026-08-17 17:47:41,343", "severity": "INFO", "message": "[GetQuote] item_count=6 → $23.99", "logger": "shippingservice"}
{"timestamp": "2026-08-17 17:47:41,343", "severity": "INFO", "message": "[GetQuote] completed request", "logger": "shippingservice"}
{"timestamp": "2026-08-17 17:47:41,343", "severity": "INFO", "message": "[ShipOrder] quote fetched | USD 23.99", "logger": "shippingservice"}
{"timestamp": "2026-08-17 17:47:41,347", "severity": "INFO", "message": "[MongoDB] Shipment persisted: shipping_id=084efab8-9336-4847-a7a5-6f2857c7d220, tracking_id=EE-04486778-QQ", "logger": "shippingservice"}
{"timestamp": "2026-08-17 17:47:41,347", "severity": "INFO", "message": "[ShipOrder] completed request", "logger": "shippingservice"}
{"timestamp": "2026-08-17 17:47:41,400", "severity": "INFO", "message": "[GetQuote] received request", "logger": "shippingservice"}
{"timestamp": "2026-08-17 17:47:41,400", "severity": "INFO", "message": "[GetQuote] item_count=7 → $23.99", "logger": "shippingservice"}
{"timestamp": "2026-08-17 17:47:41,400", "severity": "INFO", "message": "[GetQuote] completed request", "logger": "shippingservice"}
{"timestamp": "2026-08-17 17:47:41,401", "severity": "INFO", "message": "[ShipOrder] received request", "logger": "shippingservice"}
{"timestamp": "2026-08-17 17:47:41,401", "severity": "INFO", "message": "[ShipOrder] base_address='191 Main St, Seattle, WA' → tracking_id=DB-05328569-QB", "logger": "shippingservice"}
{"timestamp": "2026-08-17 17:47:41,401", "severity": "INFO", "message": "[GetQuote] received request", "logger": "shippingservice"}
{"timestamp": "2026-08-17 17:47:41,401", "severity": "INFO", "message": "[GetQuote] item_count=7 → $23.99", "logger": "shippingservice"}
{"timestamp": "2026-08-17 17:47:41,401", "severity": "INFO", "message": "[GetQuote] completed request", "logger": "shippingservice"}
{"timestamp": "2026-08-17 17:47:41,401", "severity": "INFO", "message": "[ShipOrder] quote fetched | USD 23.99", "logger": "shippingservice"}
{"timestamp": "2026-08-17 17:47:41,405", "severity": "INFO", "message": "[MongoDB] Shipment persisted: shipping_id=3c0847d8-b329-44f4-ad26-974d7acb9500, tracking_id=DB-05328569-QB", "logger": "shippingservice"}
{"timestamp": "2026-08-17 17:47:41,405", "severity": "INFO", "message": "[ShipOrder] completed request", "logger": "shippingservice"}
{"timestamp": "2026-08-17 17:47:41,460", "severity": "INFO", "message": "[GetQuote] received request", "logger": "shippingservice"}
{"timestamp": "2026-08-17 17:47:41,460", "severity": "INFO", "message": "[GetQuote] item_count=8 → $31.99", "logger": "shippingservice"}
{"timestamp": "2026-08-17 17:47:41,460", "severity": "INFO", "message": "[GetQuote] completed request", "logger": "shippingservice"}
{"timestamp": "2026-08-17 17:47:41,463", "severity": "INFO", "message": "[ShipOrder] received request", "logger": "shippingservice"}
{"timestamp": "2026-08-17 17:47:41,463", "severity": "INFO", "message": "[ShipOrder] base_address='192 Main St, Seattle, WA' → tracking_id=AX-97770764-SB", "logger": "shippingservice"}
{"timestamp": "2026-08-17 17:47:41,463", "severity": "INFO", "message": "[GetQuote] received request", "logger": "shippingservice"}
{"timestamp": "2026-08-17 17:47:41,464", "severity": "INFO", "message": "[GetQuote] item_count=8 → $31.99", "logger": "shippingservice"}
{"timestamp": "2026-08-17 17:47:41,464", "severity": "INFO", "message": "[GetQuote] completed request", "logger": "shippingservice"}
{"timestamp": "2026-08-17 17:47:41,464", "severity": "INFO", "message": "[ShipOrder] quote fetched | USD 31.99", "logger": "shippingservice"}
{"timestamp": "2026-08-17 17:47:41,472", "severity": "INFO", "message": "[MongoDB] Shipment persisted: shipping_id=cb15e77c-e4aa-4c3e-aa36-e7a3272b9c0e, tracking_id=AX-97770764-SB", "logger": "shippingservice"}
{"timestamp": "2026-08-17 17:47:41,472", "severity": "INFO", "message": "[ShipOrder] completed request", "logger": "shippingservice"}
{"timestamp": "2026-08-17 17:47:41,529", "severity": "INFO", "message": "[GetQuote] received request", "logger": "shippingservice"}
{"timestamp": "2026-08-17 17:47:41,530", "severity": "INFO", "message": "[GetQuote] item_count=9 → $31.99", "logger": "shippingservice"}
{"timestamp": "2026-08-17 17:47:41,530", "severity": "INFO", "message": "[GetQuote] completed request", "logger": "shippingservice"}
{"timestamp": "2026-08-17 17:47:41,533", "severity": "INFO", "message": "[ShipOrder] received request", "logger": "shippingservice"}
{"timestamp": "2026-08-17 17:47:41,533", "severity": "INFO", "message": "[ShipOrder] base_address='193 Main St, Seattle, WA' → tracking_id=UC-59323654-DA", "logger": "shippingservice"}
{"timestamp": "2026-08-17 17:47:41,533", "severity": "INFO", "message": "[GetQuote] received request", "logger": "shippingservice"}
{"timestamp": "2026-08-17 17:47:41,534", "severity": "INFO", "message": "[GetQuote] item_count=9 → $31.99", "logger": "shippingservice"}
{"timestamp": "2026-08-17 17:47:41,534", "severity": "INFO", "message": "[GetQuote] completed request", "logger": "shippingservice"}
{"timestamp": "2026-08-17 17:47:41,534", "severity": "INFO", "message": "[ShipOrder] quote fetched | USD 31.99", "logger": "shippingservice"}
{"timestamp": "2026-08-17 17:47:41,543", "severity": "INFO", "message": "[MongoDB] Shipment persisted: shipping_id=94961037-677c-49d9-8518-465434d4c028, tracking_id=UC-59323654-DA", "logger": "shippingservice"}
{"timestamp": "2026-08-17 17:47:41,543", "severity": "INFO", "message": "[ShipOrder] completed request", "logger": "shippingservice"}
{"timestamp": "2026-08-17 17:47:41,601", "severity": "INFO", "message": "[GetQuote] received request", "logger": "shippingservice"}
{"timestamp": "2026-08-17 17:47:41,601", "severity": "INFO", "message": "[GetQuote] item_count=10 → $39.99", "logger": "shippingservice"}
{"timestamp": "2026-08-17 17:47:41,601", "severity": "INFO", "message": "[GetQuote] completed request", "logger": "shippingservice"}
{"timestamp": "2026-08-17 17:47:41,604", "severity": "INFO", "message": "[ShipOrder] received request", "logger": "shippingservice"}
{"timestamp": "2026-08-17 17:47:41,605", "severity": "INFO", "message": "[ShipOrder] base_address='194 Main St, Seattle, WA' → tracking_id=AY-72012589-DF", "logger": "shippingservice"}
{"timestamp": "2026-08-17 17:47:41,605", "severity": "INFO", "message": "[GetQuote] received request", "logger": "shippingservice"}
{"timestamp": "2026-08-17 17:47:41,605", "severity": "INFO", "message": "[GetQuote] item_count=10 → $39.99", "logger": "shippingservice"}
{"timestamp": "2026-08-17 17:47:41,606", "severity": "INFO", "message": "[GetQuote] completed request", "logger": "shippingservice"}
{"timestamp": "2026-08-17 17:47:41,606", "severity": "INFO", "message": "[ShipOrder] quote fetched | USD 39.99", "logger": "shippingservice"}
{"timestamp": "2026-08-17 17:47:41,615", "severity": "INFO", "message": "[MongoDB] Shipment persisted: shipping_id=3dd7c2d8-71c3-46e3-b2be-a02e0fc0b82c, tracking_id=AY-72012589-DF", "logger": "shippingservice"}
{"timestamp": "2026-08-17 17:47:41,615", "severity": "INFO", "message": "[ShipOrder] completed request", "logger": "shippingservice"}
{"timestamp": "2026-08-17 17:47:41,671", "severity": "INFO", "message": "[GetQuote] received request", "logger": "shippingservice"}
{"timestamp": "2026-08-17 17:47:41,672", "severity": "INFO", "message": "[GetQuote] item_count=11 → $39.99", "logger": "shippingservice"}
{"timestamp": "2026-08-17 17:47:41,672", "severity": "INFO", "message": "[GetQuote] completed request", "logger": "shippingservice"}
{"timestamp": "2026-08-17 17:47:41,674", "severity": "INFO", "message": "[ShipOrder] received request", "logger": "shippingservice"}
{"timestamp": "2026-08-17 17:47:41,675", "severity": "INFO", "message": "[ShipOrder] base_address='195 Main St, Seattle, WA' → tracking_id=ZA-30558242-JQ", "logger": "shippingservice"}
{"timestamp": "2026-08-17 17:47:41,675", "severity": "INFO", "message": "[GetQuote] received request", "logger": "shippingservice"}
{"timestamp": "2026-08-17 17:47:41,675", "severity": "INFO", "message": "[GetQuote] item_count=11 → $39.99", "logger": "shippingservice"}
{"timestamp": "2026-08-17 17:47:41,675", "severity": "INFO", "message": "[GetQuote] completed request", "logger": "shippingservice"}
{"timestamp": "2026-08-17 17:47:41,675", "severity": "INFO", "message": "[ShipOrder] quote fetched | USD 39.99", "logger": "shippingservice"}
{"timestamp": "2026-08-17 17:47:41,683", "severity": "INFO", "message": "[MongoDB] Shipment persisted: shipping_id=4ca4391e-acd3-4a03-9e7f-34a56407ecc7, tracking_id=ZA-30558242-JQ", "logger": "shippingservice"}
{"timestamp": "2026-08-17 17:47:41,683", "severity": "INFO", "message": "[ShipOrder] completed request", "logger": "shippingservice"}
{"timestamp": "2026-08-17 17:47:41,740", "severity": "INFO", "message": "[GetQuote] received request", "logger": "shippingservice"}
{"timestamp": "2026-08-17 17:47:41,740", "severity": "INFO", "message": "[GetQuote] item_count=0 → $0.00", "logger": "shippingservice"}
{"timestamp": "2026-08-17 17:47:41,741", "severity": "INFO", "message": "[GetQuote] completed request", "logger": "shippingservice"}
{"timestamp": "2026-08-17 17:47:41,744", "severity": "INFO", "message": "[ShipOrder] received request", "logger": "shippingservice"}
{"timestamp": "2026-08-17 17:47:41,744", "severity": "INFO", "message": "[ShipOrder] base_address='196 Main St, Seattle, WA' → tracking_id=HQ-23113905-FO", "logger": "shippingservice"}
{"timestamp": "2026-08-17 17:47:41,745", "severity": "INFO", "message": "[GetQuote] received request", "logger": "shippingservice"}
{"timestamp": "2026-08-17 17:47:41,745", "severity": "INFO", "message": "[GetQuote] item_count=0 → $0.00", "logger": "shippingservice"}
{"timestamp": "2026-08-17 17:47:41,745", "severity": "INFO", "message": "[GetQuote] completed request", "logger": "shippingservice"}
{"timestamp": "2026-08-17 17:47:41,746", "severity": "INFO", "message": "[ShipOrder] quote fetched | USD 0.00", "logger": "shippingservice"}
{"timestamp": "2026-08-17 17:47:41,755", "severity": "INFO", "message": "[MongoDB] Shipment persisted: shipping_id=7b2bc2fe-dc0c-455a-ae33-54391fff0e14, tracking_id=HQ-23113905-FO", "logger": "shippingservice"}
{"timestamp": "2026-08-17 17:47:41,756", "severity": "INFO", "message": "[ShipOrder] completed request", "logger": "shippingservice"}
{"timestamp": "2026-08-17 17:47:41,813", "severity": "INFO", "message": "[GetQuote] received request", "logger": "shippingservice"}
{"timestamp": "2026-08-17 17:47:41,813", "severity": "INFO", "message": "[GetQuote] item_count=1 → $8.99", "logger": "shippingservice"}
{"timestamp": "2026-08-17 17:47:41,813", "severity": "INFO", "message": "[GetQuote] completed request", "logger": "shippingservice"}
{"timestamp": "2026-08-17 17:47:41,816", "severity": "INFO", "message": "[ShipOrder] received request", "logger": "shippingservice"}
{"timestamp": "2026-08-17 17:47:41,816", "severity": "INFO", "message": "[ShipOrder] base_address='197 Main St, Seattle, WA' → tracking_id=CX-14626103-VC", "logger": "shippingservice"}
{"timestamp": "2026-08-17 17:47:41,817", "severity": "INFO", "message": "[GetQuote] received request", "logger": "shippingservice"}
{"timestamp": "2026-08-17 17:47:41,817", "severity": "INFO", "message": "[GetQuote] item_count=1 → $8.99", "logger": "shippingservice"}
{"timestamp": "2026-08-17 17:47:41,817", "severity": "INFO", "message": "[GetQuote] completed request", "logger": "shippingservice"}
{"timestamp": "2026-08-17 17:47:41,818", "severity": "INFO", "message": "[ShipOrder] quote fetched | USD 8.99", "logger": "shippingservice"}
{"timestamp": "2026-08-17 17:47:41,827", "severity": "INFO", "message": "[MongoDB] Shipment persisted: shipping_id=2e014260-a9ff-4467-9f6f-cf5b0d301f0d, tracking_id=CX-14626103-VC", "logger": "shippingservice"}
{"timestamp": "2026-08-17 17:47:41,827", "severity": "INFO", "message": "[ShipOrder] completed request", "logger": "shippingservice"}
{"timestamp": "2026-08-17 17:47:41,884", "severity": "INFO", "message": "[GetQuote] received request", "logger": "shippingservice"}
{"timestamp": "2026-08-17 17:47:41,884", "severity": "INFO", "message": "[GetQuote] item_count=2 → $8.99", "logger": "shippingservice"}
{"timestamp": "2026-08-17 17:47:41,885", "severity": "INFO", "message": "[GetQuote] completed request", "logger": "shippingservice"}
{"timestamp": "2026-08-17 17:47:41,888", "severity": "INFO", "message": "[ShipOrder] received request", "logger": "shippingservice"}
{"timestamp": "2026-08-17 17:47:41,888", "severity": "INFO", "message": "[ShipOrder] base_address='198 Main St, Seattle, WA' → tracking_id=WJ-34806506-IH", "logger": "shippingservice"}
{"timestamp": "2026-08-17 17:47:41,889", "severity": "INFO", "message": "[GetQuote] received request", "logger": "shippingservice"}
{"timestamp": "2026-08-17 17:47:41,889", "severity": "INFO", "message": "[GetQuote] item_count=2 → $8.99", "logger": "shippingservice"}
{"timestamp": "2026-08-17 17:47:41,889", "severity": "INFO", "message": "[GetQuote] completed request", "logger": "shippingservice"}
{"timestamp": "2026-08-17 17:47:41,889", "severity": "INFO", "message": "[ShipOrder] quote fetched | USD 8.99", "logger": "shippingservice"}
{"timestamp": "2026-08-17 17:47:41,898", "severity": "INFO", "message": "[MongoDB] Shipment persisted: shipping_id=9919229a-1381-406f-a1d1-2dbdfbd62728, tracking_id=WJ-34806506-IH", "logger": "shippingservice"}
{"timestamp": "2026-08-17 17:47:41,898", "severity": "INFO", "message": "[ShipOrder] completed request", "logger": "shippingservice"}
{"timestamp": "2026-08-17 17:47:41,954", "severity": "INFO", "message": "[GetQuote] received request", "logger": "shippingservice"}
{"timestamp": "2026-08-17 17:47:41,955", "severity": "INFO", "message": "[GetQuote] item_count=3 → $15.99", "logger": "shippingservice"}
{"timestamp": "2026-08-17 17:47:41,955", "severity": "INFO", "message": "[GetQuote] completed request", "logger": "shippingservice"}
{"timestamp": "2026-08-17 17:47:41,957", "severity": "INFO", "message": "[ShipOrder] received request", "logger": "shippingservice"}
{"timestamp": "2026-08-17 17:47:41,957", "severity": "INFO", "message": "[ShipOrder] base_address='199 Main St, Seattle, WA' → tracking_id=QD-53113053-VT", "logger": "shippingservice"}
{"timestamp": "2026-08-17 17:47:41,957", "severity": "INFO", "message": "[GetQuote] received request", "logger": "shippingservice"}
{"timestamp": "2026-08-17 17:47:41,957", "severity": "INFO", "message": "[GetQuote] item_count=3 → $15.99", "logger": "shippingservice"}
{"timestamp": "2026-08-17 17:47:41,957", "severity": "INFO", "message": "[GetQuote] completed request", "logger": "shippingservice"}
{"timestamp": "2026-08-17 17:47:41,957", "severity": "INFO", "message": "[ShipOrder] quote fetched | USD 15.99", "logger": "shippingservice"}
{"timestamp": "2026-08-17 17:47:41,962", "severity": "INFO", "message": "[MongoDB] Shipment persisted: shipping_id=ef6c6241-0492-475b-9c83-03bc11ab5e52, tracking_id=QD-53113053-VT", "logger": "shippingservice"}
{"timestamp": "2026-08-17 17:47:41,963", "severity": "INFO", "message": "[ShipOrder] completed request", "logger": "shippingservice"}
{"timestamp": "2026-08-17 17:47:42,017", "severity": "INFO", "message": "[GetQuote] received request", "logger": "shippingservice"}
{"timestamp": "2026-08-17 17:47:42,017", "severity": "INFO", "message": "[GetQuote] item_count=4 → $15.99", "logger": "shippingservice"}
{"timestamp": "2026-08-17 17:47:42,017", "severity": "INFO", "message": "[GetQuote] completed request", "logger": "shippingservice"}
{"timestamp": "2026-08-17 17:47:42,019", "severity": "INFO", "message": "[ShipOrder] received request", "logger": "shippingservice"}
{"timestamp": "2026-08-17 17:47:42,019", "severity": "INFO", "message": "[ShipOrder] base_address='200 Main St, Seattle, WA' → tracking_id=YM-41174195-NP", "logger": "shippingservice"}
{"timestamp": "2026-08-17 17:47:42,020", "severity": "INFO", "message": "[GetQuote] received request", "logger": "shippingservice"}
{"timestamp": "2026-08-17 17:47:42,020", "severity": "INFO", "message": "[GetQuote] item_count=4 → $15.99", "logger": "shippingservice"}
{"timestamp": "2026-08-17 17:47:42,020", "severity": "INFO", "message": "[GetQuote] completed request", "logger": "shippingservice"}
{"timestamp": "2026-08-17 17:47:42,020", "severity": "INFO", "message": "[ShipOrder] quote fetched | USD 15.99", "logger": "shippingservice"}
{"timestamp": "2026-08-17 17:47:42,026", "severity": "INFO", "message": "[MongoDB] Shipment persisted: shipping_id=b1757304-d6a3-4b6b-8bc3-fa1c987e1d99, tracking_id=YM-41174195-NP", "logger": "shippingservice"}
{"timestamp": "2026-08-17 17:47:42,026", "severity": "INFO", "message": "[ShipOrder] completed request", "logger": "shippingservice"}
