{
  "config": {
    "trials": 1,
    "concurrency": 1,
    "module": "ms_baseline.dsb_social"
  },
  "summary": {
    "total_trials": 1,
    "successful": 0,
    "failed": 1,
    "wall_time_sec": 150.70288929800017
  },
  "latency_stats": {
    "Stage1:Login": {
      "n": 1,
      "mean": 65.16168500002095,
      "p50": 65.16168500002095,
      "p95": 65.16168500002095,
      "p99": 65.16168500002095,
      "min": 65.16168500002095,
      "max": 65.16168500002095
    },
    "Stage1:RegisterUser": {
      "n": 1,
      "mean": 103.24874300022202,
      "p50": 103.24874300022202,
      "p95": 103.24874300022202,
      "p99": 103.24874300022202,
      "min": 103.24874300022202,
      "max": 103.24874300022202
    },
    "Stage1:TOTAL": {
      "n": 1,
      "mean": 168.56633299994428,
      "p50": 168.56633299994428,
      "p95": 168.56633299994428,
      "p99": 168.56633299994428,
      "min": 168.56633299994428,
      "max": 168.56633299994428
    },
    "Stage2:Follow(100->1100)": {
      "n": 1,
      "mean": 72.60884000015722,
      "p50": 72.60884000015722,
      "p95": 72.60884000015722,
      "p99": 72.60884000015722,
      "min": 72.60884000015722,
      "max": 72.60884000015722
    },
    "Stage2:Follow(100->2100)": {
      "n": 1,
      "mean": 69.50301999995645,
      "p50": 69.50301999995645,
      "p95": 69.50301999995645,
      "p99": 69.50301999995645,
      "min": 69.50301999995645,
      "max": 69.50301999995645
    },
    "Stage2:GetFollowees": {
      "n": 1,
      "mean": 101.2882529998933,
      "p50": 101.2882529998933,
      "p95": 101.2882529998933,
      "p99": 101.2882529998933,
      "min": 101.2882529998933,
      "max": 101.2882529998933
    },
    "Stage2:InsertUser(1100)": {
      "n": 1,
      "mean": 63.51010500020493,
      "p50": 63.51010500020493,
      "p95": 63.51010500020493,
      "p99": 63.51010500020493,
      "min": 63.51010500020493,
      "max": 63.51010500020493
    },
    "Stage2:InsertUser(2100)": {
      "n": 1,
      "mean": 64.3892439998126,
      "p50": 64.3892439998126,
      "p95": 64.3892439998126,
      "p99": 64.3892439998126,
      "min": 64.3892439998126,
      "max": 64.3892439998126
    },
    "Stage2:TOTAL": {
      "n": 1,
      "mean": 371.41954200023974,
      "p50": 371.41954200023974,
      "p95": 371.41954200023974,
      "p99": 371.41954200023974,
      "min": 371.41954200023974,
      "max": 371.41954200023974
    },
    "Stage3:ComposePost(1)": {
      "n": 1,
      "mean": 30031.290463999994,
      "p50": 30031.290463999994,
      "p95": 30031.290463999994,
      "p99": 30031.290463999994,
      "min": 30031.290463999994,
      "max": 30031.290463999994
    },
    "Stage3:ComposePost(2)": {
      "n": 1,
      "mean": 30032.529880999846,
      "p50": 30032.529880999846,
      "p95": 30032.529880999846,
      "p99": 30032.529880999846,
      "min": 30032.529880999846,
      "max": 30032.529880999846
    },
    "Stage3:ComposePost(3)": {
      "n": 1,
      "mean": 30033.648985000127,
      "p50": 30033.648985000127,
      "p95": 30033.648985000127,
      "p99": 30033.648985000127,
      "min": 30033.648985000127,
      "max": 30033.648985000127
    },
    "Stage3:ComposePost(4)": {
      "n": 1,
      "mean": 30031.84694299989,
      "p50": 30031.84694299989,
      "p95": 30031.84694299989,
      "p99": 30031.84694299989,
      "min": 30031.84694299989,
      "max": 30031.84694299989
    },
    "Stage3:ComposePost(5)": {
      "n": 1,
      "mean": 30031.796058000054,
      "p50": 30031.796058000054,
      "p95": 30031.796058000054,
      "p99": 30031.796058000054,
      "min": 30031.796058000054,
      "max": 30031.796058000054
    },
    "Stage3:TOTAL": {
      "n": 1,
      "mean": 150161.41135299994,
      "p50": 150161.41135299994,
      "p95": 150161.41135299994,
      "p99": 150161.41135299994,
      "min": 150161.41135299994,
      "max": 150161.41135299994
    }
  },
  "consistency": {
    "passed": 6,
    "failed": 4,
    "ratio": "6/10"
  }
}