{
  "config": {
    "trials": 10,
    "concurrency": 2,
    "module": "ms_baseline.dsb_social"
  },
  "summary": {
    "total_trials": 10,
    "successful": 10,
    "failed": 0,
    "wall_time_sec": 5.022236814998905
  },
  "latency_stats": {
    "EndToEnd:TOTAL": {
      "n": 10,
      "mean": 999.0045238002494,
      "p50": 1009.0485390001049,
      "p95": 1097.000517700144,
      "p99": 1098.2735691402195,
      "min": 920.3482770008122,
      "max": 1098.5918320002384
    },
    "Stage1:Login": {
      "n": 10,
      "mean": 65.73072090013738,
      "p50": 64.2965404995266,
      "p95": 72.9722255505294,
      "p99": 73.13228191078451,
      "min": 62.72370999977284,
      "max": 73.17229600084829
    },
    "Stage1:RegisterUser": {
      "n": 10,
      "mean": 99.99559200005024,
      "p50": 95.77247350080142,
      "p95": 127.78963915015993,
      "p99": 128.60375502985335,
      "min": 74.72242900075798,
      "max": 128.8072839997767
    },
    "Stage1:TOTAL": {
      "n": 10,
      "mean": 165.77533400013635,
      "p50": 159.59465349988022,
      "p95": 192.80660435033496,
      "p99": 193.77482327021426,
      "min": 139.68093900075473,
      "max": 194.01687800018408
    },
    "Stage2:Follow(100->1100)": {
      "n": 1,
      "mean": 77.99250700008997,
      "p50": 77.99250700008997,
      "p95": 77.99250700008997,
      "p99": 77.99250700008997,
      "min": 77.99250700008997,
      "max": 77.99250700008997
    },
    "Stage2:Follow(100->2100)": {
      "n": 1,
      "mean": 65.90593799955968,
      "p50": 65.90593799955968,
      "p95": 65.90593799955968,
      "p99": 65.90593799955968,
      "min": 65.90593799955968,
      "max": 65.90593799955968
    },
    "Stage2:Follow(101->1101)": {
      "n": 1,
      "mean": 79.64040499973635,
      "p50": 79.64040499973635,
      "p95": 79.64040499973635,
      "p99": 79.64040499973635,
      "min": 79.64040499973635,
      "max": 79.64040499973635
    },
    "Stage2:Follow(101->2101)": {
      "n": 1,
      "mean": 67.65476600048714,
      "p50": 67.65476600048714,
      "p95": 67.65476600048714,
      "p99": 67.65476600048714,
      "min": 67.65476600048714,
      "max": 67.65476600048714
    },
    "Stage2:Follow(102->1102)": {
      "n": 1,
      "mean": 62.900437998905545,
      "p50": 62.900437998905545,
      "p95": 62.900437998905545,
      "p99": 62.900437998905545,
      "min": 62.900437998905545,
      "max": 62.900437998905545
    },
    "Stage2:Follow(102->2102)": {
      "n": 1,
      "mean": 84.49881999877107,
      "p50": 84.49881999877107,
      "p95": 84.49881999877107,
      "p99": 84.49881999877107,
      "min": 84.49881999877107,
      "max": 84.49881999877107
    },
    "Stage2:Follow(103->1103)": {
      "n": 1,
      "mean": 63.38181099999929,
      "p50": 63.38181099999929,
      "p95": 63.38181099999929,
      "p99": 63.38181099999929,
      "min": 63.38181099999929,
      "max": 63.38181099999929
    },
    "Stage2:Follow(103->2103)": {
      "n": 1,
      "mean": 70.639352001308,
      "p50": 70.639352001308,
      "p95": 70.639352001308,
      "p99": 70.639352001308,
      "min": 70.639352001308,
      "max": 70.639352001308
    },
    "Stage2:Follow(104->1104)": {
      "n": 1,
      "mean": 63.843762000033166,
      "p50": 63.843762000033166,
      "p95": 63.843762000033166,
      "p99": 63.843762000033166,
      "min": 63.843762000033166,
      "max": 63.843762000033166
    },
    "Stage2:Follow(104->2104)": {
      "n": 1,
      "mean": 64.40508600098838,
      "p50": 64.40508600098838,
      "p95": 64.40508600098838,
      "p99": 64.40508600098838,
      "min": 64.40508600098838,
      "max": 64.40508600098838
    },
    "Stage2:Follow(105->1105)": {
      "n": 1,
      "mean": 63.862950999464374,
      "p50": 63.862950999464374,
      "p95": 63.862950999464374,
      "p99": 63.862950999464374,
      "min": 63.862950999464374,
      "max": 63.862950999464374
    },
    "Stage2:Follow(105->2105)": {
      "n": 1,
      "mean": 64.61440199927893,
      "p50": 64.61440199927893,
      "p95": 64.61440199927893,
      "p99": 64.61440199927893,
      "min": 64.61440199927893,
      "max": 64.61440199927893
    },
    "Stage2:Follow(106->1106)": {
      "n": 1,
      "mean": 63.81397499899322,
      "p50": 63.81397499899322,
      "p95": 63.81397499899322,
      "p99": 63.81397499899322,
      "min": 63.81397499899322,
      "max": 63.81397499899322
    },
    "Stage2:Follow(106->2106)": {
      "n": 1,
      "mean": 63.61242699858849,
      "p50": 63.61242699858849,
      "p95": 63.61242699858849,
      "p99": 63.61242699858849,
      "min": 63.61242699858849,
      "max": 63.61242699858849
    },
    "Stage2:Follow(107->1107)": {
      "n": 1,
      "mean": 64.6376960012276,
      "p50": 64.6376960012276,
      "p95": 64.6376960012276,
      "p99": 64.6376960012276,
      "min": 64.6376960012276,
      "max": 64.6376960012276
    },
    "Stage2:Follow(107->2107)": {
      "n": 1,
      "mean": 63.83516099958797,
      "p50": 63.83516099958797,
      "p95": 63.83516099958797,
      "p99": 63.83516099958797,
      "min": 63.83516099958797,
      "max": 63.83516099958797
    },
    "Stage2:Follow(108->1108)": {
      "n": 1,
      "mean": 63.60377300006803,
      "p50": 63.60377300006803,
      "p95": 63.60377300006803,
      "p99": 63.60377300006803,
      "min": 63.60377300006803,
      "max": 63.60377300006803
    },
    "Stage2:Follow(108->2108)": {
      "n": 1,
      "mean": 64.85172300017439,
      "p50": 64.85172300017439,
      "p95": 64.85172300017439,
      "p99": 64.85172300017439,
      "min": 64.85172300017439,
      "max": 64.85172300017439
    },
    "Stage2:Follow(109->1109)": {
      "n": 1,
      "mean": 64.4181989991921,
      "p50": 64.4181989991921,
      "p95": 64.4181989991921,
      "p99": 64.4181989991921,
      "min": 64.4181989991921,
      "max": 64.4181989991921
    },
    "Stage2:Follow(109->2109)": {
      "n": 1,
      "mean": 65.10284899923136,
      "p50": 65.10284899923136,
      "p95": 65.10284899923136,
      "p99": 65.10284899923136,
      "min": 65.10284899923136,
      "max": 65.10284899923136
    },
    "Stage2:GetFollowees": {
      "n": 10,
      "mean": 67.3750554000435,
      "p50": 63.314617500509485,
      "p95": 79.5098224000867,
      "p99": 79.57822528029283,
      "min": 61.77836599999864,
      "max": 79.59532600034436
    },
    "Stage2:InsertUser(1100)": {
      "n": 1,
      "mean": 64.85928400070406,
      "p50": 64.85928400070406,
      "p95": 64.85928400070406,
      "p99": 64.85928400070406,
      "min": 64.85928400070406,
      "max": 64.85928400070406
    },
    "Stage2:InsertUser(1101)": {
      "n": 1,
      "mean": 67.49719000072218,
      "p50": 67.49719000072218,
      "p95": 67.49719000072218,
      "p99": 67.49719000072218,
      "min": 67.49719000072218,
      "max": 67.49719000072218
    },
    "Stage2:InsertUser(1102)": {
      "n": 1,
      "mean": 62.49412699980894,
      "p50": 62.49412699980894,
      "p95": 62.49412699980894,
      "p99": 62.49412699980894,
      "min": 62.49412699980894,
      "max": 62.49412699980894
    },
    "Stage2:InsertUser(1103)": {
      "n": 1,
      "mean": 63.17686500005948,
      "p50": 63.17686500005948,
      "p95": 63.17686500005948,
      "p99": 63.17686500005948,
      "min": 63.17686500005948,
      "max": 63.17686500005948
    },
    "Stage2:InsertUser(1104)": {
      "n": 1,
      "mean": 62.72007699953974,
      "p50": 62.72007699953974,
      "p95": 62.72007699953974,
      "p99": 62.72007699953974,
      "min": 62.72007699953974,
      "max": 62.72007699953974
    },
    "Stage2:InsertUser(1105)": {
      "n": 1,
      "mean": 62.960889999885694,
      "p50": 62.960889999885694,
      "p95": 62.960889999885694,
      "p99": 62.960889999885694,
      "min": 62.960889999885694,
      "max": 62.960889999885694
    },
    "Stage2:InsertUser(1106)": {
      "n": 1,
      "mean": 63.46852100068645,
      "p50": 63.46852100068645,