2026-05-17 17:35:15,625 - INFO - Request for get_stock_by_skus, skus: ['b2926dc2-cc6d-4c3e-ae40-7a127c173b16']
2026-05-17 17:35:15,629 - INFO - Request for get_stock_by_skus successfully processed, result: {'b2926dc2-cc6d-4c3e-ae40-7a127c173b16': 10}
2026-05-17 17:35:15,630 - INFO - Request for get_stock_by_skus, skus: ['b2926dc2-cc6d-4c3e-ae40-7a127c173b16']
2026-05-17 17:35:15,630 - INFO - Request for get_stock_by_skus, skus: ['b2926dc2-cc6d-4c3e-ae40-7a127c173b16']
2026-05-17 17:35:15,632 - INFO - Request for get_stock_by_skus, skus: ['b2926dc2-cc6d-4c3e-ae40-7a127c173b16']
2026-05-17 17:35:15,633 - INFO - Request for get_stock_by_skus successfully processed, result: {'b2926dc2-cc6d-4c3e-ae40-7a127c173b16': 10}
2026-05-17 17:35:15,634 - INFO - Request for get_stock_by_skus, skus: ['b2926dc2-cc6d-4c3e-ae40-7a127c173b16']
2026-05-17 17:35:15,634 - INFO - Request for get_stock_by_skus successfully processed, result: {'b2926dc2-cc6d-4c3e-ae40-7a127c173b16': 10}
2026-05-17 17:35:15,635 - INFO - Request for get_stock_by_skus, skus: ['b2926dc2-cc6d-4c3e-ae40-7a127c173b16']
2026-05-17 17:35:15,638 - INFO - Request for get_stock_by_skus, skus: ['b2926dc2-cc6d-4c3e-ae40-7a127c173b16']
2026-05-17 17:35:15,638 - INFO - Request for get_stock_by_skus successfully processed, result: {'b2926dc2-cc6d-4c3e-ae40-7a127c173b16': 10}
2026-05-17 17:35:15,640 - INFO - Request for get_stock_by_skus, skus: ['b2926dc2-cc6d-4c3e-ae40-7a127c173b16']
2026-05-17 17:35:15,640 - INFO - Request for get_stock_by_skus, skus: ['b2926dc2-cc6d-4c3e-ae40-7a127c173b16']
2026-05-17 17:35:15,642 - INFO - Request for get_stock_by_skus, skus: ['b2926dc2-cc6d-4c3e-ae40-7a127c173b16']
2026-05-17 17:35:15,644 - INFO - Request for get_stock_by_skus successfully processed, result: {'b2926dc2-cc6d-4c3e-ae40-7a127c173b16': 10}
2026-05-17 17:35:15,646 - INFO - Request for get_stock_by_skus successfully processed, result: {'b2926dc2-cc6d-4c3e-ae40-7a127c173b16': 10}
2026-05-17 17:35:15,647 - INFO - Request for get_stock_by_skus successfully processed, result: {'b2926dc2-cc6d-4c3e-ae40-7a127c173b16': 10}
2026-05-17 17:35:15,649 - INFO - Request for get_stock_by_skus successfully processed, result: {'b2926dc2-cc6d-4c3e-ae40-7a127c173b16': 10}
2026-05-17 17:35:15,651 - INFO - Request for get_stock_by_skus successfully processed, result: {'b2926dc2-cc6d-4c3e-ae40-7a127c173b16': 10}
2026-05-17 17:35:15,652 - INFO - Request for get_stock_by_skus successfully processed, result: {'b2926dc2-cc6d-4c3e-ae40-7a127c173b16': 10}
2026-05-17 17:35:15,687 - INFO - Request for reserve_stock, order_id: 1ea6f06e-2911-42cf-bd33-8cad913d07ce, request: order_id='1ea6f06e-2911-42cf-bd33-8cad913d07ce' items=[CartItem(sku='b2926dc2-cc6d-4c3e-ae40-7a127c173b16', qty=2)] atomic_update=True delay=0.0 drop=0
2026-05-17 17:35:15,687 - INFO - Failure injected for inventory reserve_stock INJECT_DELAY: 0, INJECT_DROP_RATE: 0
2026-05-17 17:35:15,690 - INFO - Request for reserve_stock successfully processed, order_id: 1ea6f06e-2911-42cf-bd33-8cad913d07ce, result items: [{'sku': 'b2926dc2-cc6d-4c3e-ae40-7a127c173b16', 'remaining': 8}], status: RESERVED
2026-05-17 17:35:16,242 - INFO - Request for get_stock_by_skus, skus: ['b2926dc2-cc6d-4c3e-ae40-7a127c173b16']
2026-05-17 17:35:16,246 - INFO - Request for get_stock_by_skus successfully processed, result: {'b2926dc2-cc6d-4c3e-ae40-7a127c173b16': 8}
2026-05-17 17:35:16,379 - INFO - Request for reserve_stock, order_id: a8ccfd3d-0f15-4854-9565-6abfa2fba03e, request: order_id='a8ccfd3d-0f15-4854-9565-6abfa2fba03e' items=[CartItem(sku='b2926dc2-cc6d-4c3e-ae40-7a127c173b16', qty=2)] atomic_update=True delay=0.0 drop=0
2026-05-17 17:35:16,379 - INFO - Failure injected for inventory reserve_stock INJECT_DELAY: 0, INJECT_DROP_RATE: 0
2026-05-17 17:35:16,383 - INFO - Request for reserve_stock successfully processed, order_id: a8ccfd3d-0f15-4854-9565-6abfa2fba03e, result items: [{'sku': 'b2926dc2-cc6d-4c3e-ae40-7a127c173b16', 'remaining': 6}], status: RESERVED
2026-05-17 17:35:16,944 - INFO - Request for get_stock_by_skus, skus: ['b2926dc2-cc6d-4c3e-ae40-7a127c173b16']
2026-05-17 17:35:16,949 - INFO - Request for get_stock_by_skus successfully processed, result: {'b2926dc2-cc6d-4c3e-ae40-7a127c173b16': 6}
2026-05-17 17:35:16,991 - INFO - Request for reserve_stock, order_id: 974b8379-8087-4568-bda6-b1d1d0abb981, request: order_id='974b8379-8087-4568-bda6-b1d1d0abb981' items=[CartItem(sku='b2926dc2-cc6d-4c3e-ae40-7a127c173b16', qty=2)] atomic_update=True delay=0.0 drop=0
2026-05-17 17:35:16,991 - INFO - Failure injected for inventory reserve_stock INJECT_DELAY: 0, INJECT_DROP_RATE: 0
2026-05-17 17:35:16,995 - INFO - Request for reserve_stock successfully processed, order_id: 974b8379-8087-4568-bda6-b1d1d0abb981, result items: [{'sku': 'b2926dc2-cc6d-4c3e-ae40-7a127c173b16', 'remaining': 4}], status: RESERVED
2026-05-17 17:35:17,548 - INFO - Request for get_stock_by_skus, skus: ['b2926dc2-cc6d-4c3e-ae40-7a127c173b16']
2026-05-17 17:35:17,553 - INFO - Request for get_stock_by_skus successfully processed, result: {'b2926dc2-cc6d-4c3e-ae40-7a127c173b16': 4}
2026-05-17 17:35:17,564 - INFO - Request for reserve_stock, order_id: 7b9e20dd-db60-4fab-a916-5f124748b142, request: order_id='7b9e20dd-db60-4fab-a916-5f124748b142' items=[CartItem(sku='b2926dc2-cc6d-4c3e-ae40-7a127c173b16', qty=2)] atomic_update=True delay=0.0 drop=0
2026-05-17 17:35:17,564 - INFO - Failure injected for inventory reserve_stock INJECT_DELAY: 0, INJECT_DROP_RATE: 0
2026-05-17 17:35:17,571 - INFO - Request for reserve_stock successfully processed, order_id: 7b9e20dd-db60-4fab-a916-5f124748b142, result items: [{'sku': 'b2926dc2-cc6d-4c3e-ae40-7a127c173b16', 'remaining': 2}], status: RESERVED
2026-05-17 17:35:18,137 - INFO - Request for reserve_stock, order_id: 2cf87fb8-17c5-4094-ae20-97a16f2d8b58, request: order_id='2cf87fb8-17c5-4094-ae20-97a16f2d8b58' items=[CartItem(sku='b2926dc2-cc6d-4c3e-ae40-7a127c173b16', qty=2)] atomic_update=True delay=0.0 drop=0
2026-05-17 17:35:18,137 - INFO - Failure injected for inventory reserve_stock INJECT_DELAY: 0, INJECT_DROP_RATE: 0
2026-05-17 17:35:18,144 - INFO - Request for reserve_stock successfully processed, order_id: 2cf87fb8-17c5-4094-ae20-97a16f2d8b58, result items: [{'sku': 'b2926dc2-cc6d-4c3e-ae40-7a127c173b16', 'remaining': 0}], status: RESERVED
2026-05-17 17:35:18,708 - INFO - Request for reserve_stock, order_id: 039bda05-d2ee-4531-b27f-3cf532f0bb5d, request: order_id='039bda05-d2ee-4531-b27f-3cf532f0bb5d' items=[CartItem(sku='b2926dc2-cc6d-4c3e-ae40-7a127c173b16', qty=2)] atomic_update=True delay=0.0 drop=0
2026-05-17 17:35:18,708 - INFO - Failure injected for inventory reserve_stock INJECT_DELAY: 0, INJECT_DROP_RATE: 0
2026-05-17 17:35:18,711 - INFO - Request for reserve_stock successfully processed, order_id: 039bda05-d2ee-4531-b27f-3cf532f0bb5d, failed_sku: b2926dc2-cc6d-4c3e-ae40-7a127c173b16, status: OUT_OF_STOCK
2026-05-17 17:35:18,712 - ERROR - Exception in Request for reserve_stock, order_id: 039bda05-d2ee-4531-b27f-3cf532f0bb5d, status: OUT_OF_STOCK, Error: Out of stock: b2926dc2-cc6d-4c3e-ae40-7a127c173b16
2026-05-17 17:35:18,742 - INFO - Request for reserve_stock, order_id: bfea7521-b7f0-4b17-8c20-72cf9bc92a3f, request: order_id='bfea7521-b7f0-4b17-8c20-72cf9bc92a3f' items=[CartItem(sku='b2926dc2-cc6d-4c3e-ae40-7a127c173b16', qty=2)] atomic_update=True delay=0.0 drop=0
2026-05-17 17:35:18,742 - INFO - Failure injected for inventory reserve_stock INJECT_DELAY: 0, INJECT_DROP_RATE: 0
2026-05-17 17:35:18,745 - INFO - Request for reserve_stock successfully processed, order_id: bfea7521-b7f0-4b17-8c20-72cf9bc92a3f, failed_sku: b2926dc2-cc6d-4c3e-ae40-7a127c173b16, status: OUT_OF_STOCK
2026-05-17 17:35:18,745 - ERROR - Exception in Request for reserve_stock, order_id: bfea7521-b7f0-4b17-8c20-72cf9bc92a3f, status: OUT_OF_STOCK, Error: Out of stock: b2926dc2-cc6d-4c3e-ae40-7a127c173b16
2026-05-17 17:35:18,782 - INFO - Request for reserve_stock, order_id: 9edfd3c3-72da-46a8-9e29-e5f0da4e64d4, request: order_id='9edfd3c3-72da-46a8-9e29-e5f0da4e64d4' items=[CartItem(sku='b2926dc2-cc6d-4c3e-ae40-7a127c173b16', qty=2)] atomic_update=True delay=0.0 drop=0
2026-05-17 17:35:18,782 - INFO - Failure injected for inventory reserve_stock INJECT_DELAY: 0, INJECT_DROP_RATE: 0
2026-05-17 17:35:18,783 - INFO - Request for reserve_stock successfully processed, order_id: 9edfd3c3-72da-46a8-9e29-e5f0da4e64d4, failed_sku: b2926dc2-cc6d-4c3e-ae40-7a127c173b16, status: OUT_OF_STOCK
2026-05-17 17:35:18,783 - ERROR - Exception in Request for reserve_stock, order_id: 9edfd3c3-72da-46a8-9e29-e5f0da4e64d4, status: OUT_OF_STOCK, Error: Out of stock: b2926dc2-cc6d-4c3e-ae40-7a127c173b16
2026-05-17 17:35:18,788 - INFO - Request for get_stock_by_skus, skus: ['b2926dc2-cc6d-4c3e-ae40-7a127c173b16']
2026-05-17 17:35:18,792 - INFO - Request for get_stock_by_skus successfully processed, result: {'b2926dc2-cc6d-4c3e-ae40-7a127c173b16': 0}
2026-05-17 17:35:18,808 - INFO - Request for get_stock_by_skus, skus: ['b2926dc2-cc6d-4c3e-ae40-7a127c173b16']
2026-05-17 17:35:18,811 - INFO - Request for get_stock_by_skus successfully processed, result: {'b2926dc2-cc6d-4c3e-ae40-7a127c173b16': 0}
2026-05-17 17:35:18,821 - INFO - Request for get_stock_by_skus, skus: ['b2926dc2-cc6d-4c3e-ae40-7a127c173b16']
2026-05-17 17:35:18,822 - INFO - Request for reserve_stock, order_id: e8c87ac6-a68e-4914-9903-2eb857183386, request: order_id='e8c87ac6-a68e-4914-9903-2eb857183386' items=[CartItem(sku='b2926dc2-cc6d-4c3e-ae40-7a127c173b16', qty=2)] atomic_update=True delay=0.0 drop=0
2026-05-17 17:35:18,824 - INFO - Failure injected for inventory reserve_stock INJECT_DELAY: 0, INJECT_DROP_RATE: 0
2026-05-17 17:35:18,826 - INFO - Request for get_stock_by_skus successfully processed, result: {'b2926dc2-cc6d-4c3e-ae40-7a127c173b16': 0}
2026-05-17 17:35:18,827 - INFO - Request for reserve_stock successfully processed, order_id: e8c87ac6-a68e-4914-9903-2eb857183386, failed_sku: b2926dc2-cc6d-4c3e-ae40-7a127c173b16, status: OUT_OF_STOCK
2026-05-17 17:35:18,827 - ERROR - Exception in Request for reserve_stock, order_id: e8c87ac6-a68e-4914-9903-2eb857183386, status: OUT_OF_STOCK, Error: Out of stock: b2926dc2-cc6d-4c3e-ae40-7a127c173b16
2026-05-17 17:35:18,841 - INFO - Request for get_stock_by_skus, skus: ['b2926dc2-cc6d-4c3e-ae40-7a127c173b16']
2026-05-17 17:35:18,845 - INFO - Request for get_stock_by_skus successfully processed, result: {'b2926dc2-cc6d-4c3e-ae40-7a127c173b16': 0}
2026-05-17 17:35:18,851 - INFO - Request for get_stock_by_skus, skus: ['b2926dc2-cc6d-4c3e-ae40-7a127c173b16']
2026-05-17 17:35:18,853 - INFO - Request for get_stock_by_skus successfully processed, result: {'b2926dc2-cc6d-4c3e-ae40-7a127c173b16': 0}
2026-05-17 17:35:18,858 - INFO - Request for reserve_stock, order_id: 7b44b022-c2de-442c-b132-c198e80e522e, request: order_id='7b44b022-c2de-442c-b132-c198e80e522e' items=[CartItem(sku='b2926dc2-cc6d-4c3e-ae40-7a127c173b16', qty=2)] atomic_update=True delay=0.0 drop=0
2026-05-17 17:35:18,859 - INFO - Failure injected for inventory reserve_stock INJECT_DELAY: 0, INJECT_DROP_RATE: 0
2026-05-17 17:35:18,861 - INFO - Request for reserve_stock successfully processed, order_id: 7b44b022-c2de-442c-b132-c198e80e522e, failed_sku: b2926dc2-cc6d-4c3e-ae40-7a127c173b16, status: OUT_OF_STOCK
2026-05-17 17:35:18,862 - ERROR - Exception in Request for reserve_stock, order_id: 7b44b022-c2de-442c-b132-c198e80e522e, status: OUT_OF_STOCK, Error: Out of stock: b2926dc2-cc6d-4c3e-ae40-7a127c173b16
2026-05-17 17:35:18,887 - INFO - Request for reserve_stock, order_id: e2866f0d-bae9-47a9-a5f8-6eae9dd0e323, request: order_id='e2866f0d-bae9-47a9-a5f8-6eae9dd0e323' items=[CartItem(sku='b2926dc2-cc6d-4c3e-ae40-7a127c173b16', qty=2)] atomic_update=True delay=0.0 drop=0
2026-05-17 17:35:18,887 - INFO - Failure injected for inventory reserve_stock INJECT_DELAY: 0, INJECT_DROP_RATE: 0
2026-05-17 17:35:18,890 - INFO - Request for reserve_stock successfully processed, order_id: e2866f0d-bae9-47a9-a5f8-6eae9dd0e323, failed_sku: b2926dc2-cc6d-4c3e-ae40-7a127c173b16, status: OUT_OF_STOCK
2026-05-17 17:35:18,891 - INFO - Request for get_stock_by_skus, skus: ['b2926dc2-cc6d-4c3e-ae40-7a127c173b16']
2026-05-17 17:35:18,891 - ERROR - Exception in Request for reserve_stock, order_id: e2866f0d-bae9-47a9-a5f8-6eae9dd0e323, status: OUT_OF_STOCK, Error: Out of stock: b2926dc2-cc6d-4c3e-ae40-7a127c173b16
2026-05-17 17:35:18,893 - INFO - Request for get_stock_by_skus successfully processed, result: {'b2926dc2-cc6d-4c3e-ae40-7a127c173b16': 0}
2026-05-17 17:35:18,916 - INFO - Request for get_stock_by_skus, skus: ['b2926dc2-cc6d-4c3e-ae40-7a127c173b16']
2026-05-17 17:35:18,919 - INFO - Request for get_stock_by_skus successfully processed, result: {'b2926dc2-cc6d-4c3e-ae40-7a127c173b16': 0}
2026-05-17 17:35:18,921 - INFO - Request for reserve_stock, order_id: bd036109-0c67-45fc-a393-45e35b74c99e, request: order_id='bd036109-0c67-45fc-a393-45e35b74c99e' items=[CartItem(sku='b2926dc2-cc6d-4c3e-ae40-7a127c173b16', qty=2)] atomic_update=True delay=0.0 drop=0
2026-05-17 17:35:18,922 - INFO - Failure injected for inventory reserve_stock INJECT_DELAY: 0, INJECT_DROP_RATE: 0
2026-05-17 17:35:18,925 - INFO - Request for reserve_stock successfully processed, order_id: bd036109-0c67-45fc-a393-45e35b74c99e, failed_sku: b2926dc2-cc6d-4c3e-ae40-7a127c173b16, status: OUT_OF_STOCK
2026-05-17 17:35:18,926 - ERROR - Exception in Request for reserve_stock, order_id: bd036109-0c67-45fc-a393-45e35b74c99e, status: OUT_OF_STOCK, Error: Out of stock: b2926dc2-cc6d-4c3e-ae40-7a127c173b16
2026-05-17 17:35:18,954 - INFO - Request for reserve_stock, order_id: 9cc36def-a991-49a7-8039-bbe1c96ab0c0, request: order_id='9cc36def-a991-49a7-8039-bbe1c96ab0c0' items=[CartItem(sku='b2926dc2-cc6d-4c3e-ae40-7a127c173b16', qty=2)] atomic_update=True delay=0.0 drop=0
2026-05-17 17:35:18,954 - INFO - Failure injected for inventory reserve_stock INJECT_DELAY: 0, INJECT_DROP_RATE: 0
2026-05-17 17:35:18,956 - INFO - Request for reserve_stock successfully processed, order_id: 9cc36def-a991-49a7-8039-bbe1c96ab0c0, failed_sku: b2926dc2-cc6d-4c3e-ae40-7a127c173b16, status: OUT_OF_STOCK
2026-05-17 17:35:18,956 - ERROR - Exception in Request for reserve_stock, order_id: 9cc36def-a991-49a7-8039-bbe1c96ab0c0, status: OUT_OF_STOCK, Error: Out of stock: b2926dc2-cc6d-4c3e-ae40-7a127c173b16
2026-05-17 17:35:19,013 - INFO - Request for reserve_stock, order_id: 15a6ec86-ba92-4351-8f21-a2a32065f47c, request: order_id='15a6ec86-ba92-4351-8f21-a2a32065f47c' items=[CartItem(sku='b2926dc2-cc6d-4c3e-ae40-7a127c173b16', qty=2)] atomic_update=True delay=0.0 drop=0
2026-05-17 17:35:19,013 - INFO - Failure injected for inventory reserve_stock INJECT_DELAY: 0, INJECT_DROP_RATE: 0
2026-05-17 17:35:19,014 - INFO - Request for reserve_stock successfully processed, order_id: 15a6ec86-ba92-4351-8f21-a2a32065f47c, failed_sku: b2926dc2-cc6d-4c3e-ae40-7a127c173b16, status: OUT_OF_STOCK
2026-05-17 17:35:19,014 - ERROR - Exception in Request for reserve_stock, order_id: 15a6ec86-ba92-4351-8f21-a2a32065f47c, status: OUT_OF_STOCK, Error: Out of stock: b2926dc2-cc6d-4c3e-ae40-7a127c173b16
2026-05-17 17:35:19,035 - INFO - Request for reserve_stock, order_id: 6a04c52f-eb84-4f52-ba8b-a4161b5b57ca, request: order_id='6a04c52f-eb84-4f52-ba8b-a4161b5b57ca' items=[CartItem(sku='b2926dc2-cc6d-4c3e-ae40-7a127c173b16', qty=2)] atomic_update=True delay=0.0 drop=0
2026-05-17 17:35:19,035 - INFO - Failure injected for inventory reserve_stock INJECT_DELAY: 0, INJECT_DROP_RATE: 0
2026-05-17 17:35:19,036 - INFO - Request for reserve_stock successfully processed, order_id: 6a04c52f-eb84-4f52-ba8b-a4161b5b57ca, failed_sku: b2926dc2-cc6d-4c3e-ae40-7a127c173b16, status: OUT_OF_STOCK
2026-05-17 17:35:19,036 - ERROR - Exception in Request for reserve_stock, order_id: 6a04c52f-eb84-4f52-ba8b-a4161b5b57ca, status: OUT_OF_STOCK, Error: Out of stock: b2926dc2-cc6d-4c3e-ae40-7a127c173b16
2026-05-17 17:35:19,053 - INFO - Request for reserve_stock, order_id: 28ff7284-7a9f-4a5c-948c-2c0eac5f2414, request: order_id='28ff7284-7a9f-4a5c-948c-2c0eac5f2414' items=[CartItem(sku='b2926dc2-cc6d-4c3e-ae40-7a127c173b16', qty=2)] atomic_update=True delay=0.0 drop=0
2026-05-17 17:35:19,054 - INFO - Failure injected for inventory reserve_stock INJECT_DELAY: 0, INJECT_DROP_RATE: 0
2026-05-17 17:35:19,055 - INFO - Request for reserve_stock successfully processed, order_id: 28ff7284-7a9f-4a5c-948c-2c0eac5f2414, failed_sku: b2926dc2-cc6d-4c3e-ae40-7a127c173b16, status: OUT_OF_STOCK
2026-05-17 17:35:19,055 - ERROR - Exception in Request for reserve_stock, order_id: 28ff7284-7a9f-4a5c-948c-2c0eac5f2414, status: OUT_OF_STOCK, Error: Out of stock: b2926dc2-cc6d-4c3e-ae40-7a127c173b16
2026-05-17 17:35:19,075 - INFO - Request for reserve_stock, order_id: 340348b1-0a27-4f74-8ddb-d45396ffb91b, request: order_id='340348b1-0a27-4f74-8ddb-d45396ffb91b' items=[CartItem(sku='b2926dc2-cc6d-4c3e-ae40-7a127c173b16', qty=2)] atomic_update=True delay=0.0 drop=0
2026-05-17 17:35:19,075 - INFO - Failure injected for inventory reserve_stock INJECT_DELAY: 0, INJECT_DROP_RATE: 0
2026-05-17 17:35:19,078 - INFO - Request for reserve_stock successfully processed, order_id: 340348b1-0a27-4f74-8ddb-d45396ffb91b, failed_sku: b2926dc2-cc6d-4c3e-ae40-7a127c173b16, status: OUT_OF_STOCK
2026-05-17 17:35:19,079 - ERROR - Exception in Request for reserve_stock, order_id: 340348b1-0a27-4f74-8ddb-d45396ffb91b, status: OUT_OF_STOCK, Error: Out of stock: b2926dc2-cc6d-4c3e-ae40-7a127c173b16
2026-05-17 17:35:19,097 - INFO - Request for reserve_stock, order_id: 39745b9c-1a03-48bd-a25d-a370b8c3dc81, request: order_id='39745b9c-1a03-48bd-a25d-a370b8c3dc81' items=[CartItem(sku='b2926dc2-cc6d-4c3e-ae40-7a127c173b16', qty=2)] atomic_update=True delay=0.0 drop=0
2026-05-17 17:35:19,097 - INFO - Failure injected for inventory reserve_stock INJECT_DELAY: 0, INJECT_DROP_RATE: 0
2026-05-17 17:35:19,099 - INFO - Request for reserve_stock successfully processed, order_id: 39745b9c-1a03-48bd-a25d-a370b8c3dc81, failed_sku: b2926dc2-cc6d-4c3e-ae40-7a127c173b16, status: OUT_OF_STOCK
2026-05-17 17:35:19,099 - ERROR - Exception in Request for reserve_stock, order_id: 39745b9c-1a03-48bd-a25d-a370b8c3dc81, status: OUT_OF_STOCK, Error: Out of stock: b2926dc2-cc6d-4c3e-ae40-7a127c173b16
2026-05-17 17:35:19,125 - INFO - Request for reserve_stock, order_id: a937ae3e-2b2e-44ce-ad20-68b8143dd20d, request: order_id='a937ae3e-2b2e-44ce-ad20-68b8143dd20d' items=[CartItem(sku='b2926dc2-cc6d-4c3e-ae40-7a127c173b16', qty=2)] atomic_update=True delay=0.0 drop=0
2026-05-17 17:35:19,126 - INFO - Failure injected for inventory reserve_stock INJECT_DELAY: 0, INJECT_DROP_RATE: 0
2026-05-17 17:35:19,128 - INFO - Request for reserve_stock successfully processed, order_id: a937ae3e-2b2e-44ce-ad20-68b8143dd20d, failed_sku: b2926dc2-cc6d-4c3e-ae40-7a127c173b16, status: OUT_OF_STOCK
2026-05-17 17:35:19,128 - ERROR - Exception in Request for reserve_stock, order_id: a937ae3e-2b2e-44ce-ad20-68b8143dd20d, status: OUT_OF_STOCK, Error: Out of stock: b2926dc2-cc6d-4c3e-ae40-7a127c173b16
2026-05-17 17:35:19,158 - INFO - Request for reserve_stock, order_id: 6b342c4a-a86d-40a5-ad1b-f75229951368, request: order_id='6b342c4a-a86d-40a5-ad1b-f75229951368' items=[CartItem(sku='b2926dc2-cc6d-4c3e-ae40-7a127c173b16', qty=2)] atomic_update=True delay=0.0 drop=0
2026-05-17 17:35:19,158 - INFO - Failure injected for inventory reserve_stock INJECT_DELAY: 0, INJECT_DROP_RATE: 0
2026-05-17 17:35:19,160 - INFO - Request for reserve_stock successfully processed, order_id: 6b342c4a-a86d-40a5-ad1b-f75229951368, failed_sku: b2926dc2-cc6d-4c3e-ae40-7a127c173b16, status: OUT_OF_STOCK
2026-05-17 17:35:19,161 - ERROR - Exception in Request for reserve_stock, order_id: 6b342c4a-a86d-40a5-ad1b-f75229951368, status: OUT_OF_STOCK, Error: Out of stock: b2926dc2-cc6d-4c3e-ae40-7a127c173b16
2026-07-16 15:01:19,315 - INFO - Request for reserve_stock, order_id: a, request: order_id='a' items=[CartItem(sku='4cc0770f-91bc-4c0d-a26f-7b872f02ca94', qty=2)] atomic_update=False delay=0.0 drop=0
2026-07-16 15:01:19,316 - INFO - Failure injected for inventory reserve_stock INJECT_DELAY: 0, INJECT_DROP_RATE: 0
2026-07-16 15:01:19,340 - INFO - Request for reserve_stock successfully processed, order_id: a, failed_sku: 4cc0770f-91bc-4c0d-a26f-7b872f02ca94, status: OUT_OF_STOCK
2026-07-16 15:01:42,605 - INFO - Request for reserve_stock, order_id: a, request: order_id='a' items=[CartItem(sku='4cc0770f-91bc-4c0d-a26f-7b872f02ca94', qty=2)] atomic_update=False delay=0.0 drop=0
2026-07-16 15:01:42,606 - INFO - Failure injected for inventory reserve_stock INJECT_DELAY: 0, INJECT_DROP_RATE: 0
2026-07-16 15:01:42,608 - INFO - Request for reserve_stock successfully processed, order_id: a, failed_sku: 4cc0770f-91bc-4c0d-a26f-7b872f02ca94, status: OUT_OF_STOCK
2026-07-16 15:02:11,084 - INFO - Request for reserve_stock, order_id: a, request: order_id='a' items=[CartItem(sku='4cc0770f-91bc-4c0d-a26f-7b872f02ca94', qty=2)] atomic_update=False delay=0.0 drop=0
2026-07-16 15:02:11,084 - INFO - Failure injected for inventory reserve_stock INJECT_DELAY: 0, INJECT_DROP_RATE: 0
2026-07-16 15:02:11,088 - INFO - Request for reserve_stock successfully processed, order_id: a, failed_sku: 4cc0770f-91bc-4c0d-a26f-7b872f02ca94, status: OUT_OF_STOCK
2026-07-16 15:02:58,047 - INFO - Request for reserve_stock, order_id: a, request: order_id='a' items=[CartItem(sku='b2926dc2-cc6d-4c3e-ae40-7a127c173b16', qty=2)] atomic_update=False delay=0.0 drop=0
2026-07-16 15:02:58,048 - INFO - Failure injected for inventory reserve_stock INJECT_DELAY: 0, INJECT_DROP_RATE: 0
2026-07-16 15:02:58,062 - INFO - Request for reserve_stock successfully processed, order_id: a, result items: [{'sku': 'b2926dc2-cc6d-4c3e-ae40-7a127c173b16', 'remaining': 8}], status: RESERVED
2026-07-16 15:06:49,474 - INFO - Request for reserve_stock, order_id: bc224cd3-8449-4db6-a2d5-e0e4a39060c9, request: order_id='bc224cd3-8449-4db6-a2d5-e0e4a39060c9' items=[CartItem(sku='b2926dc2-cc6d-4c3e-ae40-7a127c173b16', qty=2)] atomic_update=True delay=0.0 drop=0
2026-07-16 15:06:49,474 - INFO - Failure injected for inventory reserve_stock INJECT_DELAY: 0, INJECT_DROP_RATE: 0
2026-07-16 15:06:49,477 - INFO - Request for reserve_stock successfully processed, order_id: bc224cd3-8449-4db6-a2d5-e0e4a39060c9, result items: [{'sku': 'b2926dc2-cc6d-4c3e-ae40-7a127c173b16', 'remaining': 6}], status: RESERVED
2026-07-16 15:07:09,667 - INFO - Request for reserve_stock, order_id: 721f2e6d-63d9-4547-aba3-8909f555edd0, request: order_id='721f2e6d-63d9-4547-aba3-8909f555edd0' items=[CartItem(sku='b2926dc2-cc6d-4c3e-ae40-7a127c173b16', qty=2)] atomic_update=True delay=0.0 drop=0
2026-07-16 15:07:09,668 - INFO - Failure injected for inventory reserve_stock INJECT_DELAY: 0, INJECT_DROP_RATE: 0
2026-07-16 15:07:09,672 - INFO - Request for reserve_stock successfully processed, order_id: 721f2e6d-63d9-4547-aba3-8909f555edd0, result items: [{'sku': 'b2926dc2-cc6d-4c3e-ae40-7a127c173b16', 'remaining': 4}], status: RESERVED
2026-07-16 15:07:17,562 - INFO - Request for reserve_stock, order_id: 38d8bc5e-f040-4fd0-9ffd-b6a97bdfa809, request: order_id='38d8bc5e-f040-4fd0-9ffd-b6a97bdfa809' items=[CartItem(sku='b2926dc2-cc6d-4c3e-ae40-7a127c173b16', qty=2)] atomic_update=True delay=0.0 drop=0
2026-07-16 15:07:17,562 - INFO - Failure injected for inventory reserve_stock INJECT_DELAY: 0, INJECT_DROP_RATE: 0
2026-07-16 15:07:17,566 - INFO - Request for reserve_stock successfully processed, order_id: 38d8bc5e-f040-4fd0-9ffd-b6a97bdfa809, result items: [{'sku': 'b2926dc2-cc6d-4c3e-ae40-7a127c173b16', 'remaining': 2}], status: RESERVED
2026-07-16 15:07:46,921 - INFO - Request for reserve_stock, order_id: 0e635522-d4ae-430d-9df7-9d8ef57a9ada, request: order_id='0e635522-d4ae-430d-9df7-9d8ef57a9ada' items=[CartItem(sku='b2926dc2-cc6d-4c3e-ae40-7a127c173b16', qty=2)] atomic_update=True delay=0.0 drop=0
2026-07-16 15:07:46,922 - INFO - Failure injected for inventory reserve_stock INJECT_DELAY: 0, INJECT_DROP_RATE: 0
2026-07-16 15:07:46,926 - INFO - Request for reserve_stock successfully processed, order_id: 0e635522-d4ae-430d-9df7-9d8ef57a9ada, result items: [{'sku': 'b2926dc2-cc6d-4c3e-ae40-7a127c173b16', 'remaining': 0}], status: RESERVED
2026-07-16 15:07:50,327 - INFO - Request for reserve_stock, order_id: 8a5de298-4430-4705-b6fc-2a30affc2567, request: order_id='8a5de298-4430-4705-b6fc-2a30affc2567' items=[CartItem(sku='b2926dc2-cc6d-4c3e-ae40-7a127c173b16', qty=2)] atomic_update=True delay=0.0 drop=0
2026-07-16 15:07:50,328 - INFO - Failure injected for inventory reserve_stock INJECT_DELAY: 0, INJECT_DROP_RATE: 0
2026-07-16 15:07:50,332 - INFO - Request for reserve_stock successfully processed, order_id: 8a5de298-4430-4705-b6fc-2a30affc2567, failed_sku: b2926dc2-cc6d-4c3e-ae40-7a127c173b16, status: OUT_OF_STOCK
2026-07-16 15:07:50,333 - ERROR - Exception in Request for reserve_stock, order_id: 8a5de298-4430-4705-b6fc-2a30affc2567, status: OUT_OF_STOCK, Error: Out of stock: b2926dc2-cc6d-4c3e-ae40-7a127c173b16
2026-07-16 15:08:10,331 - INFO - Request for reserve_stock, order_id: 34c24047-cbe9-4893-b03b-fee6ba0f4e48, request: order_id='34c24047-cbe9-4893-b03b-fee6ba0f4e48' items=[CartItem(sku='b2926dc2-cc6d-4c3e-ae40-7a127c173b16', qty=2)] atomic_update=True delay=0.0 drop=0
2026-07-16 15:08:10,331 - INFO - Failure injected for inventory reserve_stock INJECT_DELAY: 0, INJECT_DROP_RATE: 0
2026-07-16 15:08:10,334 - INFO - Request for reserve_stock successfully processed, order_id: 34c24047-cbe9-4893-b03b-fee6ba0f4e48, failed_sku: b2926dc2-cc6d-4c3e-ae40-7a127c173b16, status: OUT_OF_STOCK
2026-07-16 15:08:10,335 - ERROR - Exception in Request for reserve_stock, order_id: 34c24047-cbe9-4893-b03b-fee6ba0f4e48, status: OUT_OF_STOCK, Error: Out of stock: b2926dc2-cc6d-4c3e-ae40-7a127c173b16
2026-07-16 15:52:21,969 - INFO - Request for reserve_stock, order_id: 9e001ae5-3932-4e4e-9db4-0a07d015dec0, request: order_id='9e001ae5-3932-4e4e-9db4-0a07d015dec0' items=[CartItem(sku='b2926dc2-cc6d-4c3e-ae40-7a127c173b16', qty=2)] atomic_update=True delay=0.0 drop=0
2026-07-16 15:52:21,977 - INFO - Failure injected for inventory reserve_stock INJECT_DELAY: 0, INJECT_DROP_RATE: 0
2026-07-16 15:52:22,013 - INFO - Request for reserve_stock successfully processed, order_id: 9e001ae5-3932-4e4e-9db4-0a07d015dec0, result items: [{'sku': 'b2926dc2-cc6d-4c3e-ae40-7a127c173b16', 'remaining': 8}], status: RESERVED
2026-07-16 15:56:05,817 - INFO - Request for reserve_stock, order_id: 25fa27d0-8130-4e6e-9f2b-5bcfd019255b, request: order_id='25fa27d0-8130-4e6e-9f2b-5bcfd019255b' items=[CartItem(sku='b2926dc2-cc6d-4c3e-ae40-7a127c173b16', qty=2)] atomic_update=True delay=0.0 drop=0
2026-07-16 15:56:05,817 - INFO - Failure injected for inventory reserve_stock INJECT_DELAY: 0, INJECT_DROP_RATE: 0
2026-07-16 15:56:05,819 - INFO - Request for reserve_stock successfully processed, order_id: 25fa27d0-8130-4e6e-9f2b-5bcfd019255b, result items: [{'sku': 'b2926dc2-cc6d-4c3e-ae40-7a127c173b16', 'remaining': 6}], status: RESERVED
2026-07-16 16:02:09,424 - INFO - Request for reserve_stock, order_id: 1ef56f29-a618-4f54-843b-0af381b57b72, request: order_id='1ef56f29-a618-4f54-843b-0af381b57b72' items=[CartItem(sku='b2926dc2-cc6d-4c3e-ae40-7a127c173b16', qty=2)] atomic_update=True delay=0.0 drop=0
2026-07-16 16:02:09,428 - INFO - Failure injected for inventory reserve_stock INJECT_DELAY: 0, INJECT_DROP_RATE: 0
2026-07-16 16:02:09,436 - INFO - Request for reserve_stock successfully processed, order_id: 1ef56f29-a618-4f54-843b-0af381b57b72, result items: [{'sku': 'b2926dc2-cc6d-4c3e-ae40-7a127c173b16', 'remaining': 0}], status: RESERVED
2026-07-16 16:08:06,976 - INFO - Request for reserve_stock, order_id: bdfb4c9c-a1c5-4c73-8411-ec0009a4ce52, request: order_id='bdfb4c9c-a1c5-4c73-8411-ec0009a4ce52' items=[CartItem(sku='b2926dc2-cc6d-4c3e-ae40-7a127c173b16', qty=2)] atomic_update=True delay=0.0 drop=0
2026-07-16 16:08:06,976 - INFO - Failure injected for inventory reserve_stock INJECT_DELAY: 0, INJECT_DROP_RATE: 0
2026-07-16 16:08:06,978 - INFO - Request for reserve_stock successfully processed, order_id: bdfb4c9c-a1c5-4c73-8411-ec0009a4ce52, failed_sku: b2926dc2-cc6d-4c3e-ae40-7a127c173b16, status: OUT_OF_STOCK
2026-07-16 16:08:06,978 - ERROR - Exception in Request for reserve_stock, order_id: bdfb4c9c-a1c5-4c73-8411-ec0009a4ce52, status: OUT_OF_STOCK, Error: Out of stock: b2926dc2-cc6d-4c3e-ae40-7a127c173b16
2026-07-16 16:10:31,193 - INFO - Request for reserve_stock, order_id: 76a70a35-e14f-48fd-986f-c4b17033c3fc, request: order_id='76a70a35-e14f-48fd-986f-c4b17033c3fc' items=[CartItem(sku='b2926dc2-cc6d-4c3e-ae40-7a127c173b16', qty=2)] atomic_update=True delay=0.0 drop=0
2026-07-16 16:10:31,193 - INFO - Failure injected for inventory reserve_stock INJECT_DELAY: 0, INJECT_DROP_RATE: 0
2026-07-16 16:10:31,194 - INFO - Request for reserve_stock successfully processed, order_id: 76a70a35-e14f-48fd-986f-c4b17033c3fc, failed_sku: b2926dc2-cc6d-4c3e-ae40-7a127c173b16, status: OUT_OF_STOCK
2026-07-16 16:10:31,194 - ERROR - Exception in Request for reserve_stock, order_id: 76a70a35-e14f-48fd-986f-c4b17033c3fc, status: OUT_OF_STOCK, Error: Out of stock: b2926dc2-cc6d-4c3e-ae40-7a127c173b16
2026-07-16 16:13:16,132 - INFO - Request for reserve_stock, order_id: 847448d6-27fd-4f98-b025-a13bb2674ea5, request: order_id='847448d6-27fd-4f98-b025-a13bb2674ea5' items=[CartItem(sku='b2926dc2-cc6d-4c3e-ae40-7a127c173b16', qty=2)] atomic_update=True delay=0.0 drop=0
2026-07-16 16:13:16,132 - INFO - Failure injected for inventory reserve_stock INJECT_DELAY: 0, INJECT_DROP_RATE: 0
2026-07-16 16:13:16,134 - INFO - Request for reserve_stock successfully processed, order_id: 847448d6-27fd-4f98-b025-a13bb2674ea5, result items: [{'sku': 'b2926dc2-cc6d-4c3e-ae40-7a127c173b16', 'remaining': 8}], status: RESERVED
2026-08-17 15:31:45,502 - INFO - Request for reserve_stock, order_id: order-1, request: order_id='order-1' items=[CartItem(sku='4cc0770f-91bc-4c0d-a26f-7b872f02ca94', qty=2)] atomic_update=True delay=0.0 drop=0
2026-08-17 15:31:45,503 - INFO - Failure injected for inventory reserve_stock INJECT_DELAY: 0, INJECT_DROP_RATE: 0
2026-08-17 15:31:45,506 - INFO - Request for reserve_stock successfully processed, order_id: order-1, result items: [{'sku': '4cc0770f-91bc-4c0d-a26f-7b872f02ca94', 'remaining': 498}], status: RESERVED
2026-08-17 15:31:45,526 - INFO - Request for reserve_stock, order_id: order-2, request: order_id='order-2' items=[CartItem(sku='4cc0770f-91bc-4c0d-a26f-7b872f02ca94', qty=2)] atomic_update=True delay=0.0 drop=0
2026-08-17 15:31:45,526 - INFO - Failure injected for inventory reserve_stock INJECT_DELAY: 0, INJECT_DROP_RATE: 0
2026-08-17 15:31:45,532 - INFO - Request for reserve_stock successfully processed, order_id: order-2, result items: [{'sku': '4cc0770f-91bc-4c0d-a26f-7b872f02ca94', 'remaining': 498}], status: RESERVED
2026-08-17 15:31:45,548 - INFO - Request for reserve_stock, order_id: order-3, request: order_id='order-3' items=[CartItem(sku='4cc0770f-91bc-4c0d-a26f-7b872f02ca94', qty=2)] atomic_update=True delay=0.0 drop=0
2026-08-17 15:31:45,549 - INFO - Failure injected for inventory reserve_stock INJECT_DELAY: 0, INJECT_DROP_RATE: 0
2026-08-17 15:31:45,553 - INFO - Request for reserve_stock successfully processed, order_id: order-3, result items: [{'sku': '4cc0770f-91bc-4c0d-a26f-7b872f02ca94', 'remaining': 498}], status: RESERVED
2026-08-17 15:31:45,562 - INFO - Request for reserve_stock, order_id: order-4, request: order_id='order-4' items=[CartItem(sku='4cc0770f-91bc-4c0d-a26f-7b872f02ca94', qty=2)] atomic_update=True delay=0.0 drop=0
2026-08-17 15:31:45,562 - INFO - Failure injected for inventory reserve_stock INJECT_DELAY: 0, INJECT_DROP_RATE: 0
2026-08-17 15:31:45,565 - INFO - Request for reserve_stock successfully processed, order_id: order-4, result items: [{'sku': '4cc0770f-91bc-4c0d-a26f-7b872f02ca94', 'remaining': 498}], status: RESERVED
2026-08-17 15:31:45,576 - INFO - Request for reserve_stock, order_id: order-5, request: order_id='order-5' items=[CartItem(sku='4cc0770f-91bc-4c0d-a26f-7b872f02ca94', qty=2)] atomic_update=True delay=0.0 drop=0
2026-08-17 15:31:45,576 - INFO - Failure injected for inventory reserve_stock INJECT_DELAY: 0, INJECT_DROP_RATE: 0
2026-08-17 15:31:45,578 - INFO - Request for reserve_stock successfully processed, order_id: order-5, result items: [{'sku': '4cc0770f-91bc-4c0d-a26f-7b872f02ca94', 'remaining': 498}], status: RESERVED
2026-08-17 15:31:45,589 - INFO - Request for reserve_stock, order_id: order-6, request: order_id='order-6' items=[CartItem(sku='4cc0770f-91bc-4c0d-a26f-7b872f02ca94', qty=2)] atomic_update=True delay=0.0 drop=0
2026-08-17 15:31:45,589 - INFO - Failure injected for inventory reserve_stock INJECT_DELAY: 0, INJECT_DROP_RATE: 0
2026-08-17 15:31:45,592 - INFO - Request for reserve_stock successfully processed, order_id: order-6, result items: [{'sku': '4cc0770f-91bc-4c0d-a26f-7b872f02ca94', 'remaining': 498}], status: RESERVED
2026-08-17 15:31:45,616 - INFO - Request for reserve_stock, order_id: order-7, request: order_id='order-7' items=[CartItem(sku='4cc0770f-91bc-4c0d-a26f-7b872f02ca94', qty=2)] atomic_update=True delay=0.0 drop=0
2026-08-17 15:31:45,616 - INFO - Failure injected for inventory reserve_stock INJECT_DELAY: 0, INJECT_DROP_RATE: 0
2026-08-17 15:31:45,619 - INFO - Request for reserve_stock successfully processed, order_id: order-7, result items: [{'sku': '4cc0770f-91bc-4c0d-a26f-7b872f02ca94', 'remaining': 498}], status: RESERVED
2026-08-17 15:31:45,631 - INFO - Request for reserve_stock, order_id: order-8, request: order_id='order-8' items=[CartItem(sku='4cc0770f-91bc-4c0d-a26f-7b872f02ca94', qty=2)] atomic_update=True delay=0.0 drop=0
2026-08-17 15:31:45,631 - INFO - Failure injected for inventory reserve_stock INJECT_DELAY: 0, INJECT_DROP_RATE: 0
2026-08-17 15:31:45,634 - INFO - Request for reserve_stock successfully processed, order_id: order-8, result items: [{'sku': '4cc0770f-91bc-4c0d-a26f-7b872f02ca94', 'remaining': 498}], status: RESERVED
2026-08-17 15:31:45,643 - INFO - Request for reserve_stock, order_id: order-9, request: order_id='order-9' items=[CartItem(sku='4cc0770f-91bc-4c0d-a26f-7b872f02ca94', qty=2)] atomic_update=True delay=0.0 drop=0
2026-08-17 15:31:45,643 - INFO - Failure injected for inventory reserve_stock INJECT_DELAY: 0, INJECT_DROP_RATE: 0
2026-08-17 15:31:45,644 - INFO - Request for reserve_stock successfully processed, order_id: order-9, result items: [{'sku': '4cc0770f-91bc-4c0d-a26f-7b872f02ca94', 'remaining': 498}], status: RESERVED
2026-08-17 15:31:45,653 - INFO - Request for reserve_stock, order_id: order-10, request: order_id='order-10' items=[CartItem(sku='4cc0770f-91bc-4c0d-a26f-7b872f02ca94', qty=2)] atomic_update=True delay=0.0 drop=0
2026-08-17 15:31:45,653 - INFO - Failure injected for inventory reserve_stock INJECT_DELAY: 0, INJECT_DROP_RATE: 0
2026-08-17 15:31:45,654 - INFO - Request for reserve_stock successfully processed, order_id: order-10, result items: [{'sku': '4cc0770f-91bc-4c0d-a26f-7b872f02ca94', 'remaining': 498}], status: RESERVED
2026-08-17 15:31:45,663 - INFO - Request for reserve_stock, order_id: order-11, request: order_id='order-11' items=[CartItem(sku='4cc0770f-91bc-4c0d-a26f-7b872f02ca94', qty=2)] atomic_update=True delay=0.0 drop=0
2026-08-17 15:31:45,663 - INFO - Failure injected for inventory reserve_stock INJECT_DELAY: 0, INJECT_DROP_RATE: 0
2026-08-17 15:31:45,665 - INFO - Request for reserve_stock successfully processed, order_id: order-11, result items: [{'sku': '4cc0770f-91bc-4c0d-a26f-7b872f02ca94', 'remaining': 498}], status: RESERVED
2026-08-17 15:31:45,673 - INFO - Request for reserve_stock, order_id: order-12, request: order_id='order-12' items=[CartItem(sku='4cc0770f-91bc-4c0d-a26f-7b872f02ca94', qty=2)] atomic_update=True delay=0.0 drop=0
2026-08-17 15:31:45,673 - INFO - Failure injected for inventory reserve_stock INJECT_DELAY: 0, INJECT_DROP_RATE: 0
2026-08-17 15:31:45,674 - INFO - Request for reserve_stock successfully processed, order_id: order-12, result items: [{'sku': '4cc0770f-91bc-4c0d-a26f-7b872f02ca94', 'remaining': 498}], status: RESERVED
2026-08-17 15:31:45,683 - INFO - Request for reserve_stock, order_id: order-13, request: order_id='order-13' items=[CartItem(sku='4cc0770f-91bc-4c0d-a26f-7b872f02ca94', qty=2)] atomic_update=True delay=0.0 drop=0
2026-08-17 15:31:45,683 - INFO - Failure injected for inventory reserve_stock INJECT_DELAY: 0, INJECT_DROP_RATE: 0
2026-08-17 15:31:45,685 - INFO - Request for reserve_stock successfully processed, order_id: order-13, result items: [{'sku': '4cc0770f-91bc-4c0d-a26f-7b872f02ca94', 'remaining': 498}], status: RESERVED
2026-08-17 15:31:45,693 - INFO - Request for reserve_stock, order_id: order-14, request: order_id='order-14' items=[CartItem(sku='4cc0770f-91bc-4c0d-a26f-7b872f02ca94', qty=2)] atomic_update=True delay=0.0 drop=0
2026-08-17 15:31:45,693 - INFO - Failure injected for inventory reserve_stock INJECT_DELAY: 0, INJECT_DROP_RATE: 0
2026-08-17 15:31:45,695 - INFO - Request for reserve_stock successfully processed, order_id: order-14, result items: [{'sku': '4cc0770f-91bc-4c0d-a26f-7b872f02ca94', 'remaining': 498}], status: RESERVED
2026-08-17 15:31:45,704 - INFO - Request for reserve_stock, order_id: order-15, request: order_id='order-15' items=[CartItem(sku='4cc0770f-91bc-4c0d-a26f-7b872f02ca94', qty=2)] atomic_update=True delay=0.0 drop=0
2026-08-17 15:31:45,704 - INFO - Failure injected for inventory reserve_stock INJECT_DELAY: 0, INJECT_DROP_RATE: 0
2026-08-17 15:31:45,705 - INFO - Request for reserve_stock successfully processed, order_id: order-15, result items: [{'sku': '4cc0770f-91bc-4c0d-a26f-7b872f02ca94', 'remaining': 498}], status: RESERVED
2026-08-17 15:31:45,714 - INFO - Request for reserve_stock, order_id: order-16, request: order_id='order-16' items=[CartItem(sku='4cc0770f-91bc-4c0d-a26f-7b872f02ca94', qty=2)] atomic_update=True delay=0.0 drop=0
2026-08-17 15:31:45,714 - INFO - Failure injected for inventory reserve_stock INJECT_DELAY: 0, INJECT_DROP_RATE: 0
2026-08-17 15:31:45,716 - INFO - Request for reserve_stock successfully processed, order_id: order-16, result items: [{'sku': '4cc0770f-91bc-4c0d-a26f-7b872f02ca94', 'remaining': 498}], status: RESERVED
2026-08-17 15:31:45,724 - INFO - Request for reserve_stock, order_id: order-17, request: order_id='order-17' items=[CartItem(sku='4cc0770f-91bc-4c0d-a26f-7b872f02ca94', qty=2)] atomic_update=True delay=0.0 drop=0
2026-08-17 15:31:45,725 - INFO - Failure injected for inventory reserve_stock INJECT_DELAY: 0, INJECT_DROP_RATE: 0
2026-08-17 15:31:45,726 - INFO - Request for reserve_stock successfully processed, order_id: order-17, result items: [{'sku': '4cc0770f-91bc-4c0d-a26f-7b872f02ca94', 'remaining': 498}], status: RESERVED
2026-08-17 15:31:45,735 - INFO - Request for reserve_stock, order_id: order-18, request: order_id='order-18' items=[CartItem(sku='4cc0770f-91bc-4c0d-a26f-7b872f02ca94', qty=2)] atomic_update=True delay=0.0 drop=0
2026-08-17 15:31:45,735 - INFO - Failure injected for inventory reserve_stock INJECT_DELAY: 0, INJECT_DROP_RATE: 0
2026-08-17 15:31:45,737 - INFO - Request for reserve_stock successfully processed, order_id: order-18, result items: [{'sku': '4cc0770f-91bc-4c0d-a26f-7b872f02ca94', 'remaining': 498}], status: RESERVED
2026-08-17 15:31:45,745 - INFO - Request for reserve_stock, order_id: order-19, request: order_id='order-19' items=[CartItem(sku='4cc0770f-91bc-4c0d-a26f-7b872f02ca94', qty=2)] atomic_update=True delay=0.0 drop=0
2026-08-17 15:31:45,745 - INFO - Failure injected for inventory reserve_stock INJECT_DELAY: 0, INJECT_DROP_RATE: 0
2026-08-17 15:31:45,747 - INFO - Request for reserve_stock successfully processed, order_id: order-19, result items: [{'sku': '4cc0770f-91bc-4c0d-a26f-7b872f02ca94', 'remaining': 498}], status: RESERVED
2026-08-17 15:31:45,755 - INFO - Request for reserve_stock, order_id: order-20, request: order_id='order-20' items=[CartItem(sku='4cc0770f-91bc-4c0d-a26f-7b872f02ca94', qty=2)] atomic_update=True delay=0.0 drop=0
2026-08-17 15:31:45,756 - INFO - Failure injected for inventory reserve_stock INJECT_DELAY: 0, INJECT_DROP_RATE: 0
2026-08-17 15:31:45,757 - INFO - Request for reserve_stock successfully processed, order_id: order-20, result items: [{'sku': '4cc0770f-91bc-4c0d-a26f-7b872f02ca94', 'remaining': 498}], status: RESERVED
2026-08-17 15:31:45,766 - INFO - Request for reserve_stock, order_id: order-21, request: order_id='order-21' items=[CartItem(sku='4cc0770f-91bc-4c0d-a26f-7b872f02ca94', qty=2)] atomic_update=True delay=0.0 drop=0
2026-08-17 15:31:45,766 - INFO - Failure injected for inventory reserve_stock INJECT_DELAY: 0, INJECT_DROP_RATE: 0
2026-08-17 15:31:45,768 - INFO - Request for reserve_stock successfully processed, order_id: order-21, result items: [{'sku': '4cc0770f-91bc-4c0d-a26f-7b872f02ca94', 'remaining': 498}], status: RESERVED
2026-08-17 15:31:45,776 - INFO - Request for reserve_stock, order_id: order-22, request: order_id='order-22' items=[CartItem(sku='4cc0770f-91bc-4c0d-a26f-7b872f02ca94', qty=2)] atomic_update=True delay=0.0 drop=0
2026-08-17 15:31:45,776 - INFO - Failure injected for inventory reserve_stock INJECT_DELAY: 0, INJECT_DROP_RATE: 0
2026-08-17 15:31:45,777 - INFO - Request for reserve_stock successfully processed, order_id: order-22, result items: [{'sku': '4cc0770f-91bc-4c0d-a26f-7b872f02ca94', 'remaining': 498}], status: RESERVED
2026-08-17 15:31:45,786 - INFO - Request for reserve_stock, order_id: order-23, request: order_id='order-23' items=[CartItem(sku='4cc0770f-91bc-4c0d-a26f-7b872f02ca94', qty=2)] atomic_update=True delay=0.0 drop=0
2026-08-17 15:31:45,786 - INFO - Failure injected for inventory reserve_stock INJECT_DELAY: 0, INJECT_DROP_RATE: 0
2026-08-17 15:31:45,788 - INFO - Request for reserve_stock successfully processed, order_id: order-23, result items: [{'sku': '4cc0770f-91bc-4c0d-a26f-7b872f02ca94', 'remaining': 498}], status: RESERVED
2026-08-17 15:31:45,796 - INFO - Request for reserve_stock, order_id: order-24, request: order_id='order-24' items=[CartItem(sku='4cc0770f-91bc-4c0d-a26f-7b872f02ca94', qty=2)] atomic_update=True delay=0.0 drop=0
2026-08-17 15:31:45,796 - INFO - Failure injected for inventory reserve_stock INJECT_DELAY: 0, INJECT_DROP_RATE: 0
2026-08-17 15:31:45,798 - INFO - Request for reserve_stock successfully processed, order_id: order-24, result items: [{'sku': '4cc0770f-91bc-4c0d-a26f-7b872f02ca94', 'remaining': 498}], status: RESERVED
2026-08-17 15:31:45,806 - INFO - Request for reserve_stock, order_id: order-25, request: order_id='order-25' items=[CartItem(sku='4cc0770f-91bc-4c0d-a26f-7b872f02ca94', qty=2)] atomic_update=True delay=0.0 drop=0
2026-08-17 15:31:45,806 - INFO - Failure injected for inventory reserve_stock INJECT_DELAY: 0, INJECT_DROP_RATE: 0
2026-08-17 15:31:45,808 - INFO - Request for reserve_stock successfully processed, order_id: order-25, result items: [{'sku': '4cc0770f-91bc-4c0d-a26f-7b872f02ca94', 'remaining': 498}], status: RESERVED
2026-08-17 15:31:45,817 - INFO - Request for reserve_stock, order_id: order-26, request: order_id='order-26' items=[CartItem(sku='4cc0770f-91bc-4c0d-a26f-7b872f02ca94', qty=2)] atomic_update=True delay=0.0 drop=0
2026-08-17 15:31:45,817 - INFO - Failure injected for inventory reserve_stock INJECT_DELAY: 0, INJECT_DROP_RATE: 0
2026-08-17 15:31:45,819 - INFO - Request for reserve_stock successfully processed, order_id: order-26, result items: [{'sku': '4cc0770f-91bc-4c0d-a26f-7b872f02ca94', 'remaining': 498}], status: RESERVED
2026-08-17 15:31:45,827 - INFO - Request for reserve_stock, order_id: order-27, request: order_id='order-27' items=[CartItem(sku='4cc0770f-91bc-4c0d-a26f-7b872f02ca94', qty=2)] atomic_update=True delay=0.0 drop=0
2026-08-17 15:31:45,827 - INFO - Failure injected for inventory reserve_stock INJECT_DELAY: 0, INJECT_DROP_RATE: 0
2026-08-17 15:31:45,829 - INFO - Request for reserve_stock successfully processed, order_id: order-27, result items: [{'sku': '4cc0770f-91bc-4c0d-a26f-7b872f02ca94', 'remaining': 498}], status: RESERVED
2026-08-17 15:31:45,840 - INFO - Request for reserve_stock, order_id: order-28, request: order_id='order-28' items=[CartItem(sku='4cc0770f-91bc-4c0d-a26f-7b872f02ca94', qty=2)] atomic_update=True delay=0.0 drop=0
2026-08-17 15:31:45,840 - INFO - Failure injected for inventory reserve_stock INJECT_DELAY: 0, INJECT_DROP_RATE: 0
2026-08-17 15:31:45,842 - INFO - Request for reserve_stock successfully processed, order_id: order-28, result items: [{'sku': '4cc0770f-91bc-4c0d-a26f-7b872f02ca94', 'remaining': 498}], status: RESERVED
2026-08-17 15:31:45,855 - INFO - Request for reserve_stock, order_id: order-29, request: order_id='order-29' items=[CartItem(sku='4cc0770f-91bc-4c0d-a26f-7b872f02ca94', qty=2)] atomic_update=True delay=0.0 drop=0
2026-08-17 15:31:45,855 - INFO - Failure injected for inventory reserve_stock INJECT_DELAY: 0, INJECT_DROP_RATE: 0
2026-08-17 15:31:45,857 - INFO - Request for reserve_stock successfully processed, order_id: order-29, result items: [{'sku': '4cc0770f-91bc-4c0d-a26f-7b872f02ca94', 'remaining': 498}], status: RESERVED
2026-08-17 15:31:45,866 - INFO - Request for reserve_stock, order_id: order-30, request: order_id='order-30' items=[CartItem(sku='4cc0770f-91bc-4c0d-a26f-7b872f02ca94', qty=2)] atomic_update=True delay=0.0 drop=0
2026-08-17 15:31:45,866 - INFO - Failure injected for inventory reserve_stock INJECT_DELAY: 0, INJECT_DROP_RATE: 0
2026-08-17 15:31:45,868 - INFO - Request for reserve_stock successfully processed, order_id: order-30, result items: [{'sku': '4cc0770f-91bc-4c0d-a26f-7b872f02ca94', 'remaining': 498}], status: RESERVED
2026-08-17 15:31:45,877 - INFO - Request for reserve_stock, order_id: order-31, request: order_id='order-31' items=[CartItem(sku='4cc0770f-91bc-4c0d-a26f-7b872f02ca94', qty=2)] atomic_update=True delay=0.0 drop=0
2026-08-17 15:31:45,877 - INFO - Failure injected for inventory reserve_stock INJECT_DELAY: 0, INJECT_DROP_RATE: 0
2026-08-17 15:31:45,880 - INFO - Request for reserve_stock successfully processed, order_id: order-31, result items: [{'sku': '4cc0770f-91bc-4c0d-a26f-7b872f02ca94', 'remaining': 498}], status: RESERVED
2026-08-17 15:31:45,891 - INFO - Request for reserve_stock, order_id: order-32, request: order_id='order-32' items=[CartItem(sku='4cc0770f-91bc-4c0d-a26f-7b872f02ca94', qty=2)] atomic_update=True delay=0.0 drop=0
2026-08-17 15:31:45,891 - INFO - Failure injected for inventory reserve_stock INJECT_DELAY: 0, INJECT_DROP_RATE: 0
2026-08-17 15:31:45,894 - INFO - Request for reserve_stock successfully processed, order_id: order-32, result items: [{'sku': '4cc0770f-91bc-4c0d-a26f-7b872f02ca94', 'remaining': 498}], status: RESERVED
2026-08-17 15:31:45,906 - INFO - Request for reserve_stock, order_id: order-33, request: order_id='order-33' items=[CartItem(sku='4cc0770f-91bc-4c0d-a26f-7b872f02ca94', qty=2)] atomic_update=True delay=0.0 drop=0
2026-08-17 15:31:45,906 - INFO - Failure injected for inventory reserve_stock INJECT_DELAY: 0, INJECT_DROP_RATE: 0
2026-08-17 15:31:45,908 - INFO - Request for reserve_stock successfully processed, order_id: order-33, result items: [{'sku': '4cc0770f-91bc-4c0d-a26f-7b872f02ca94', 'remaining': 498}], status: RESERVED
2026-08-17 15:31:45,917 - INFO - Request for reserve_stock, order_id: order-34, request: order_id='order-34' items=[CartItem(sku='4cc0770f-91bc-4c0d-a26f-7b872f02ca94', qty=2)] atomic_update=True delay=0.0 drop=0
2026-08-17 15:31:45,917 - INFO - Failure injected for inventory reserve_stock INJECT_DELAY: 0, INJECT_DROP_RATE: 0
2026-08-17 15:31:45,919 - INFO - Request for reserve_stock successfully processed, order_id: order-34, result items: [{'sku': '4cc0770f-91bc-4c0d-a26f-7b872f02ca94', 'remaining': 498}], status: RESERVED
2026-08-17 15:31:45,931 - INFO - Request for reserve_stock, order_id: order-35, request: order_id='order-35' items=[CartItem(sku='4cc0770f-91bc-4c0d-a26f-7b872f02ca94', qty=2)] atomic_update=True delay=0.0 drop=0
2026-08-17 15:31:45,931 - INFO - Failure injected for inventory reserve_stock INJECT_DELAY: 0, INJECT_DROP_RATE: 0
2026-08-17 15:31:45,933 - INFO - Request for reserve_stock successfully processed, order_id: order-35, result items: [{'sku': '4cc0770f-91bc-4c0d-a26f-7b872f02ca94', 'remaining': 498}], status: RESERVED
2026-08-17 15:31:45,943 - INFO - Request for reserve_stock, order_id: order-36, request: order_id='order-36' items=[CartItem(sku='4cc0770f-91bc-4c0d-a26f-7b872f02ca94', qty=2)] atomic_update=True delay=0.0 drop=0
2026-08-17 15:31:45,943 - INFO - Failure injected for inventory reserve_stock INJECT_DELAY: 0, INJECT_DROP_RATE: 0
2026-08-17 15:31:45,946 - INFO - Request for reserve_stock successfully processed, order_id: order-36, result items: [{'sku': '4cc0770f-91bc-4c0d-a26f-7b872f02ca94', 'remaining': 498}], status: RESERVED
2026-08-17 15:31:45,958 - INFO - Request for reserve_stock, order_id: order-37, request: order_id='order-37' items=[CartItem(sku='4cc0770f-91bc-4c0d-a26f-7b872f02ca94', qty=2)] atomic_update=True delay=0.0 drop=0
2026-08-17 15:31:45,958 - INFO - Failure injected for inventory reserve_stock INJECT_DELAY: 0, INJECT_DROP_RATE: 0
2026-08-17 15:31:45,960 - INFO - Request for reserve_stock successfully processed, order_id: order-37, result items: [{'sku': '4cc0770f-91bc-4c0d-a26f-7b872f02ca94', 'remaining': 498}], status: RESERVED
2026-08-17 15:31:45,971 - INFO - Request for reserve_stock, order_id: order-38, request: order_id='order-38' items=[CartItem(sku='4cc0770f-91bc-4c0d-a26f-7b872f02ca94', qty=2)] atomic_update=True delay=0.0 drop=0
2026-08-17 15:31:45,971 - INFO - Failure injected for inventory reserve_stock INJECT_DELAY: 0, INJECT_DROP_RATE: 0
2026-08-17 15:31:45,973 - INFO - Request for reserve_stock successfully processed, order_id: order-38, result items: [{'sku': '4cc0770f-91bc-4c0d-a26f-7b872f02ca94', 'remaining': 498}], status: RESERVED
2026-08-17 15:31:45,981 - INFO - Request for reserve_stock, order_id: order-39, request: order_id='order-39' items=[CartItem(sku='4cc0770f-91bc-4c0d-a26f-7b872f02ca94', qty=2)] atomic_update=True delay=0.0 drop=0
2026-08-17 15:31:45,981 - INFO - Failure injected for inventory reserve_stock INJECT_DELAY: 0, INJECT_DROP_RATE: 0
2026-08-17 15:31:45,983 - INFO - Request for reserve_stock successfully processed, order_id: order-39, result items: [{'sku': '4cc0770f-91bc-4c0d-a26f-7b872f02ca94', 'remaining': 498}], status: RESERVED
2026-08-17 15:31:45,991 - INFO - Request for reserve_stock, order_id: order-40, request: order_id='order-40' items=[CartItem(sku='4cc0770f-91bc-4c0d-a26f-7b872f02ca94', qty=2)] atomic_update=True delay=0.0 drop=0
2026-08-17 15:31:45,991 - INFO - Failure injected for inventory reserve_stock INJECT_DELAY: 0, INJECT_DROP_RATE: 0
2026-08-17 15:31:45,993 - INFO - Request for reserve_stock successfully processed, order_id: order-40, result items: [{'sku': '4cc0770f-91bc-4c0d-a26f-7b872f02ca94', 'remaining': 498}], status: RESERVED
2026-08-17 15:31:46,005 - INFO - Request for reserve_stock, order_id: order-41, request: order_id='order-41' items=[CartItem(sku='4cc0770f-91bc-4c0d-a26f-7b872f02ca94', qty=2)] atomic_update=True delay=0.0 drop=0
2026-08-17 15:31:46,005 - INFO - Failure injected for inventory reserve_stock INJECT_DELAY: 0, INJECT_DROP_RATE: 0
2026-08-17 15:31:46,007 - INFO - Request for reserve_stock successfully processed, order_id: order-41, result items: [{'sku': '4cc0770f-91bc-4c0d-a26f-7b872f02ca94', 'remaining': 498}], status: RESERVED
2026-08-17 15:31:46,017 - INFO - Request for reserve_stock, order_id: order-42, request: order_id='order-42' items=[CartItem(sku='4cc0770f-91bc-4c0d-a26f-7b872f02ca94', qty=2)] atomic_update=True delay=0.0 drop=0
2026-08-17 15:31:46,017 - INFO - Failure injected for inventory reserve_stock INJECT_DELAY: 0, INJECT_DROP_RATE: 0
2026-08-17 15:31:46,019 - INFO - Request for reserve_stock successfully processed, order_id: order-42, result items: [{'sku': '4cc0770f-91bc-4c0d-a26f-7b872f02ca94', 'remaining': 498}], status: RESERVED
2026-08-17 15:31:46,027 - INFO - Request for reserve_stock, order_id: order-43, request: order_id='order-43' items=[CartItem(sku='4cc0770f-91bc-4c0d-a26f-7b872f02ca94', qty=2)] atomic_update=True delay=0.0 drop=0
2026-08-17 15:31:46,027 - INFO - Failure injected for inventory reserve_stock INJECT_DELAY: 0, INJECT_DROP_RATE: 0
2026-08-17 15:31:46,029 - INFO - Request for reserve_stock successfully processed, order_id: order-43, result items: [{'sku': '4cc0770f-91bc-4c0d-a26f-7b872f02ca94', 'remaining': 498}], status: RESERVED
2026-08-17 15:31:46,037 - INFO - Request for reserve_stock, order_id: order-44, request: order_id='order-44' items=[CartItem(sku='4cc0770f-91bc-4c0d-a26f-7b872f02ca94', qty=2)] atomic_update=True delay=0.0 drop=0
2026-08-17 15:31:46,038 - INFO - Failure injected for inventory reserve_stock INJECT_DELAY: 0, INJECT_DROP_RATE: 0
2026-08-17 15:31:46,039 - INFO - Request for reserve_stock successfully processed, order_id: order-44, result items: [{'sku': '4cc0770f-91bc-4c0d-a26f-7b872f02ca94', 'remaining': 498}], status: RESERVED
2026-08-17 15:31:46,048 - INFO - Request for reserve_stock, order_id: order-45, request: order_id='order-45' items=[CartItem(sku='4cc0770f-91bc-4c0d-a26f-7b872f02ca94', qty=2)] atomic_update=True delay=0.0 drop=0
2026-08-17 15:31:46,048 - INFO - Failure injected for inventory reserve_stock INJECT_DELAY: 0, INJECT_DROP_RATE: 0
2026-08-17 15:31:46,050 - INFO - Request for reserve_stock successfully processed, order_id: order-45, result items: [{'sku': '4cc0770f-91bc-4c0d-a26f-7b872f02ca94', 'remaining': 498}], status: RESERVED
2026-08-17 15:31:46,059 - INFO - Request for reserve_stock, order_id: order-46, request: order_id='order-46' items=[CartItem(sku='4cc0770f-91bc-4c0d-a26f-7b872f02ca94', qty=2)] atomic_update=True delay=0.0 drop=0
2026-08-17 15:31:46,059 - INFO - Failure injected for inventory reserve_stock INJECT_DELAY: 0, INJECT_DROP_RATE: 0
2026-08-17 15:31:46,060 - INFO - Request for reserve_stock successfully processed, order_id: order-46, result items: [{'sku': '4cc0770f-91bc-4c0d-a26f-7b872f02ca94', 'remaining': 498}], status: RESERVED
2026-08-17 15:31:46,069 - INFO - Request for reserve_stock, order_id: order-47, request: order_id='order-47' items=[CartItem(sku='4cc0770f-91bc-4c0d-a26f-7b872f02ca94', qty=2)] atomic_update=True delay=0.0 drop=0
2026-08-17 15:31:46,069 - INFO - Failure injected for inventory reserve_stock INJECT_DELAY: 0, INJECT_DROP_RATE: 0
2026-08-17 15:31:46,071 - INFO - Request for reserve_stock successfully processed, order_id: order-47, result items: [{'sku': '4cc0770f-91bc-4c0d-a26f-7b872f02ca94', 'remaining': 498}], status: RESERVED
2026-08-17 15:31:46,080 - INFO - Request for reserve_stock, order_id: order-48, request: order_id='order-48' items=[CartItem(sku='4cc0770f-91bc-4c0d-a26f-7b872f02ca94', qty=2)] atomic_update=True delay=0.0 drop=0
2026-08-17 15:31:46,080 - INFO - Failure injected for inventory reserve_stock INJECT_DELAY: 0, INJECT_DROP_RATE: 0
2026-08-17 15:31:46,082 - INFO - Request for reserve_stock successfully processed, order_id: order-48, result items: [{'sku': '4cc0770f-91bc-4c0d-a26f-7b872f02ca94', 'remaining': 498}], status: RESERVED
2026-08-17 15:31:46,091 - INFO - Request for reserve_stock, order_id: order-49, request: order_id='order-49' items=[CartItem(sku='4cc0770f-91bc-4c0d-a26f-7b872f02ca94', qty=2)] atomic_update=True delay=0.0 drop=0
2026-08-17 15:31:46,091 - INFO - Failure injected for inventory reserve_stock INJECT_DELAY: 0, INJECT_DROP_RATE: 0
2026-08-17 15:31:46,093 - INFO - Request for reserve_stock successfully processed, order_id: order-49, result items: [{'sku': '4cc0770f-91bc-4c0d-a26f-7b872f02ca94', 'remaining': 498}], status: RESERVED
2026-08-17 15:31:46,101 - INFO - Request for reserve_stock, order_id: order-50, request: order_id='order-50' items=[CartItem(sku='4cc0770f-91bc-4c0d-a26f-7b872f02ca94', qty=2)] atomic_update=True delay=0.0 drop=0
2026-08-17 15:31:46,101 - INFO - Failure injected for inventory reserve_stock INJECT_DELAY: 0, INJECT_DROP_RATE: 0
2026-08-17 15:31:46,103 - INFO - Request for reserve_stock successfully processed, order_id: order-50, result items: [{'sku': '4cc0770f-91bc-4c0d-a26f-7b872f02ca94', 'remaining': 498}], status: RESERVED
2026-08-17 15:31:46,111 - INFO - Request for reserve_stock, order_id: order-51, request: order_id='order-51' items=[CartItem(sku='4cc0770f-91bc-4c0d-a26f-7b872f02ca94', qty=2)] atomic_update=True delay=0.0 drop=0
2026-08-17 15:31:46,111 - INFO - Failure injected for inventory reserve_stock INJECT_DELAY: 0, INJECT_DROP_RATE: 0
2026-08-17 15:31:46,112 - INFO - Request for reserve_stock successfully processed, order_id: order-51, result items: [{'sku': '4cc0770f-91bc-4c0d-a26f-7b872f02ca94', 'remaining': 498}], status: RESERVED
2026-08-17 15:31:46,121 - INFO - Request for reserve_stock, order_id: order-52, request: order_id='order-52' items=[CartItem(sku='4cc0770f-91bc-4c0d-a26f-7b872f02ca94', qty=2)] atomic_update=True delay=0.0 drop=0
2026-08-17 15:31:46,121 - INFO - Failure injected for inventory reserve_stock INJECT_DELAY: 0, INJECT_DROP_RATE: 0
2026-08-17 15:31:46,123 - INFO - Request for reserve_stock successfully processed, order_id: order-52, result items: [{'sku': '4cc0770f-91bc-4c0d-a26f-7b872f02ca94', 'remaining': 498}], status: RESERVED
2026-08-17 15:31:46,132 - INFO - Request for reserve_stock, order_id: order-53, request: order_id='order-53' items=[CartItem(sku='4cc0770f-91bc-4c0d-a26f-7b872f02ca94', qty=2)] atomic_update=True delay=0.0 drop=0
2026-08-17 15:31:46,132 - INFO - Failure injected for inventory reserve_stock INJECT_DELAY: 0, INJECT_DROP_RATE: 0
2026-08-17 15:31:46,134 - INFO - Request for reserve_stock successfully processed, order_id: order-53, result items: [{'sku': '4cc0770f-91bc-4c0d-a26f-7b872f02ca94', 'remaining': 498}], status: RESERVED
2026-08-17 15:31:46,142 - INFO - Request for reserve_stock, order_id: order-54, request: order_id='order-54' items=[CartItem(sku='4cc0770f-91bc-4c0d-a26f-7b872f02ca94', qty=2)] atomic_update=True delay=0.0 drop=0
2026-08-17 15:31:46,143 - INFO - Failure injected for inventory reserve_stock INJECT_DELAY: 0, INJECT_DROP_RATE: 0
2026-08-17 15:31:46,144 - INFO - Request for reserve_stock successfully processed, order_id: order-54, result items: [{'sku': '4cc0770f-91bc-4c0d-a26f-7b872f02ca94', 'remaining': 498}], status: RESERVED
2026-08-17 15:31:46,153 - INFO - Request for reserve_stock, order_id: order-55, request: order_id='order-55' items=[CartItem(sku='4cc0770f-91bc-4c0d-a26f-7b872f02ca94', qty=2)] atomic_update=True delay=0.0 drop=0
2026-08-17 15:31:46,153 - INFO - Failure injected for inventory reserve_stock INJECT_DELAY: 0, INJECT_DROP_RATE: 0
2026-08-17 15:31:46,155 - INFO - Request for reserve_stock successfully processed, order_id: order-55, result items: [{'sku': '4cc0770f-91bc-4c0d-a26f-7b872f02ca94', 'remaining': 498}], status: RESERVED
2026-08-17 15:31:46,163 - INFO - Request for reserve_stock, order_id: order-56, request: order_id='order-56' items=[CartItem(sku='4cc0770f-91bc-4c0d-a26f-7b872f02ca94', qty=2)] atomic_update=True delay=0.0 drop=0
2026-08-17 15:31:46,164 - INFO - Failure injected for inventory reserve_stock INJECT_DELAY: 0, INJECT_DROP_RATE: 0
2026-08-17 15:31:46,166 - INFO - Request for reserve_stock successfully processed, order_id: order-56, result items: [{'sku': '4cc0770f-91bc-4c0d-a26f-7b872f02ca94', 'remaining': 498}], status: RESERVED
2026-08-17 15:31:46,174 - INFO - Request for reserve_stock, order_id: order-57, request: order_id='order-57' items=[CartItem(sku='4cc0770f-91bc-4c0d-a26f-7b872f02ca94', qty=2)] atomic_update=True delay=0.0 drop=0
2026-08-17 15:31:46,174 - INFO - Failure injected for inventory reserve_stock INJECT_DELAY: 0, INJECT_DROP_RATE: 0
2026-08-17 15:31:46,176 - INFO - Request for reserve_stock successfully processed, order_id: order-57, result items: [{'sku': '4cc0770f-91bc-4c0d-a26f-7b872f02ca94', 'remaining': 498}], status: RESERVED
2026-08-17 15:31:46,184 - INFO - Request for reserve_stock, order_id: order-58, request: order_id='order-58' items=[CartItem(sku='4cc0770f-91bc-4c0d-a26f-7b872f02ca94', qty=2)] atomic_update=True delay=0.0 drop=0
2026-08-17 15:31:46,184 - INFO - Failure injected for inventory reserve_stock INJECT_DELAY: 0, INJECT_DROP_RATE: 0
2026-08-17 15:31:46,186 - INFO - Request for reserve_stock successfully processed, order_id: order-58, result items: [{'sku': '4cc0770f-91bc-4c0d-a26f-7b872f02ca94', 'remaining': 498}], status: RESERVED
2026-08-17 15:31:46,194 - INFO - Request for reserve_stock, order_id: order-59, request: order_id='order-59' items=[CartItem(sku='4cc0770f-91bc-4c0d-a26f-7b872f02ca94', qty=2)] atomic_update=True delay=0.0 drop=0
2026-08-17 15:31:46,194 - INFO - Failure injected for inventory reserve_stock INJECT_DELAY: 0, INJECT_DROP_RATE: 0
2026-08-17 15:31:46,196 - INFO - Request for reserve_stock successfully processed, order_id: order-59, result items: [{'sku': '4cc0770f-91bc-4c0d-a26f-7b872f02ca94', 'remaining': 498}], status: RESERVED
2026-08-17 15:31:46,204 - INFO - Request for reserve_stock, order_id: order-60, request: order_id='order-60' items=[CartItem(sku='4cc0770f-91bc-4c0d-a26f-7b872f02ca94', qty=2)] atomic_update=True delay=0.0 drop=0
2026-08-17 15:31:46,204 - INFO - Failure injected for inventory reserve_stock INJECT_DELAY: 0, INJECT_DROP_RATE: 0
2026-08-17 15:31:46,206 - INFO - Request for reserve_stock successfully processed, order_id: order-60, result items: [{'sku': '4cc0770f-91bc-4c0d-a26f-7b872f02ca94', 'remaining': 498}], status: RESERVED
2026-08-17 15:31:46,215 - INFO - Request for reserve_stock, order_id: order-61, request: order_id='order-61' items=[CartItem(sku='4cc0770f-91bc-4c0d-a26f-7b872f02ca94', qty=2)] atomic_update=True delay=0.0 drop=0
2026-08-17 15:31:46,215 - INFO - Failure injected for inventory reserve_stock INJECT_DELAY: 0, INJECT_DROP_RATE: 0
2026-08-17 15:31:46,217 - INFO - Request for reserve_stock successfully processed, order_id: order-61, result items: [{'sku': '4cc0770f-91bc-4c0d-a26f-7b872f02ca94', 'remaining': 498}], status: RESERVED
2026-08-17 15:31:46,225 - INFO - Request for reserve_stock, order_id: order-62, request: order_id='order-62' items=[CartItem(sku='4cc0770f-91bc-4c0d-a26f-7b872f02ca94', qty=2)] atomic_update=True delay=0.0 drop=0
2026-08-17 15:31:46,226 - INFO - Failure injected for inventory reserve_stock INJECT_DELAY: 0, INJECT_DROP_RATE: 0
2026-08-17 15:31:46,227 - INFO - Request for reserve_stock successfully processed, order_id: order-62, result items: [{'sku': '4cc0770f-91bc-4c0d-a26f-7b872f02ca94', 'remaining': 498}], status: RESERVED
2026-08-17 15:31:46,236 - INFO - Request for reserve_stock, order_id: order-63, request: order_id='order-63' items=[CartItem(sku='4cc0770f-91bc-4c0d-a26f-7b872f02ca94', qty=2)] atomic_update=True delay=0.0 drop=0
2026-08-17 15:31:46,236 - INFO - Failure injected for inventory reserve_stock INJECT_DELAY: 0, INJECT_DROP_RATE: 0
2026-08-17 15:31:46,238 - INFO - Request for reserve_stock successfully processed, order_id: order-63, result items: [{'sku': '4cc0770f-91bc-4c0d-a26f-7b872f02ca94', 'remaining': 498}], status: RESERVED
2026-08-17 15:31:46,246 - INFO - Request for reserve_stock, order_id: order-64, request: order_id='order-64' items=[CartItem(sku='4cc0770f-91bc-4c0d-a26f-7b872f02ca94', qty=2)] atomic_update=True delay=0.0 drop=0
2026-08-17 15:31:46,246 - INFO - Failure injected for inventory reserve_stock INJECT_DELAY: 0, INJECT_DROP_RATE: 0
2026-08-17 15:31:46,249 - INFO - Request for reserve_stock successfully processed, order_id: order-64, result items: [{'sku': '4cc0770f-91bc-4c0d-a26f-7b872f02ca94', 'remaining': 498}], status: RESERVED
2026-08-17 15:31:46,257 - INFO - Request for reserve_stock, order_id: order-65, request: order_id='order-65' items=[CartItem(sku='4cc0770f-91bc-4c0d-a26f-7b872f02ca94', qty=2)] atomic_update=True delay=0.0 drop=0
2026-08-17 15:31:46,257 - INFO - Failure injected for inventory reserve_stock INJECT_DELAY: 0, INJECT_DROP_RATE: 0
2026-08-17 15:31:46,259 - INFO - Request for reserve_stock successfully processed, order_id: order-65, result items: [{'sku': '4cc0770f-91bc-4c0d-a26f-7b872f02ca94', 'remaining': 498}], status: RESERVED
2026-08-17 15:31:46,269 - INFO - Request for reserve_stock, order_id: order-66, request: order_id='order-66' items=[CartItem(sku='4cc0770f-91bc-4c0d-a26f-7b872f02ca94', qty=2)] atomic_update=True delay=0.0 drop=0
2026-08-17 15:31:46,269 - INFO - Failure injected for inventory reserve_stock INJECT_DELAY: 0, INJECT_DROP_RATE: 0
2026-08-17 15:31:46,270 - INFO - Request for reserve_stock successfully processed, order_id: order-66, result items: [{'sku': '4cc0770f-91bc-4c0d-a26f-7b872f02ca94', 'remaining': 498}], status: RESERVED
2026-08-17 15:31:46,278 - INFO - Request for reserve_stock, order_id: order-67, request: order_id='order-67' items=[CartItem(sku='4cc0770f-91bc-4c0d-a26f-7b872f02ca94', qty=2)] atomic_update=True delay=0.0 drop=0
2026-08-17 15:31:46,278 - INFO - Failure injected for inventory reserve_stock INJECT_DELAY: 0, INJECT_DROP_RATE: 0
2026-08-17 15:31:46,281 - INFO - Request for reserve_stock successfully processed, order_id: order-67, result items: [{'sku': '4cc0770f-91bc-4c0d-a26f-7b872f02ca94', 'remaining': 498}], status: RESERVED
2026-08-17 15:31:46,289 - INFO - Request for reserve_stock, order_id: order-68, request: order_id='order-68' items=[CartItem(sku='4cc0770f-91bc-4c0d-a26f-7b872f02ca94', qty=2)] atomic_update=True delay=0.0 drop=0
2026-08-17 15:31:46,289 - INFO - Failure injected for inventory reserve_stock INJECT_DELAY: 0, INJECT_DROP_RATE: 0
2026-08-17 15:31:46,291 - INFO - Request for reserve_stock successfully processed, order_id: order-68, result items: [{'sku': '4cc0770f-91bc-4c0d-a26f-7b872f02ca94', 'remaining': 498}], status: RESERVED
2026-08-17 15:31:46,300 - INFO - Request for reserve_stock, order_id: order-69, request: order_id='order-69' items=[CartItem(sku='4cc0770f-91bc-4c0d-a26f-7b872f02ca94', qty=2)] atomic_update=True delay=0.0 drop=0
2026-08-17 15:31:46,300 - INFO - Failure injected for inventory reserve_stock INJECT_DELAY: 0, INJECT_DROP_RATE: 0
2026-08-17 15:31:46,301 - INFO - Request for reserve_stock successfully processed, order_id: order-69, result items: [{'sku': '4cc0770f-91bc-4c0d-a26f-7b872f02ca94', 'remaining': 498}], status: RESERVED
2026-08-17 15:31:46,309 - INFO - Request for reserve_stock, order_id: order-70, request: order_id='order-70' items=[CartItem(sku='4cc0770f-91bc-4c0d-a26f-7b872f02ca94', qty=2)] atomic_update=True delay=0.0 drop=0
2026-08-17 15:31:46,309 - INFO - Failure injected for inventory reserve_stock INJECT_DELAY: 0, INJECT_DROP_RATE: 0
2026-08-17 15:31:46,311 - INFO - Request for reserve_stock successfully processed, order_id: order-70, result items: [{'sku': '4cc0770f-91bc-4c0d-a26f-7b872f02ca94', 'remaining': 498}], status: RESERVED
2026-08-17 15:31:46,319 - INFO - Request for reserve_stock, order_id: order-71, request: order_id='order-71' items=[CartItem(sku='4cc0770f-91bc-4c0d-a26f-7b872f02ca94', qty=2)] atomic_update=True delay=0.0 drop=0
2026-08-17 15:31:46,319 - INFO - Failure injected for inventory reserve_stock INJECT_DELAY: 0, INJECT_DROP_RATE: 0
2026-08-17 15:31:46,321 - INFO - Request for reserve_stock successfully processed, order_id: order-71, result items: [{'sku': '4cc0770f-91bc-4c0d-a26f-7b872f02ca94', 'remaining': 498}], status: RESERVED
2026-08-17 15:31:46,330 - INFO - Request for reserve_stock, order_id: order-72, request: order_id='order-72' items=[CartItem(sku='4cc0770f-91bc-4c0d-a26f-7b872f02ca94', qty=2)] atomic_update=True delay=0.0 drop=0
2026-08-17 15:31:46,330 - INFO - Failure injected for inventory reserve_stock INJECT_DELAY: 0, INJECT_DROP_RATE: 0
2026-08-17 15:31:46,332 - INFO - Request for reserve_stock successfully processed, order_id: order-72, result items: [{'sku': '4cc0770f-91bc-4c0d-a26f-7b872f02ca94', 'remaining': 498}], status: RESERVED
2026-08-17 15:31:46,340 - INFO - Request for reserve_stock, order_id: order-73, request: order_id='order-73' items=[CartItem(sku='4cc0770f-91bc-4c0d-a26f-7b872f02ca94', qty=2)] atomic_update=True delay=0.0 drop=0
2026-08-17 15:31:46,341 - INFO - Failure injected for inventory reserve_stock INJECT_DELAY: 0, INJECT_DROP_RATE: 0
2026-08-17 15:31:46,342 - INFO - Request for reserve_stock successfully processed, order_id: order-73, result items: [{'sku': '4cc0770f-91bc-4c0d-a26f-7b872f02ca94', 'remaining': 498}], status: RESERVED
2026-08-17 15:31:46,351 - INFO - Request for reserve_stock, order_id: order-74, request: order_id='order-74' items=[CartItem(sku='4cc0770f-91bc-4c0d-a26f-7b872f02ca94', qty=2)] atomic_update=True delay=0.0 drop=0
2026-08-17 15:31:46,351 - INFO - Failure injected for inventory reserve_stock INJECT_DELAY: 0, INJECT_DROP_RATE: 0
2026-08-17 15:31:46,353 - INFO - Request for reserve_stock successfully processed, order_id: order-74, result items: [{'sku': '4cc0770f-91bc-4c0d-a26f-7b872f02ca94', 'remaining': 498}], status: RESERVED
2026-08-17 15:31:46,361 - INFO - Request for reserve_stock, order_id: order-75, request: order_id='order-75' items=[CartItem(sku='4cc0770f-91bc-4c0d-a26f-7b872f02ca94', qty=2)] atomic_update=True delay=0.0 drop=0
2026-08-17 15:31:46,361 - INFO - Failure injected for inventory reserve_stock INJECT_DELAY: 0, INJECT_DROP_RATE: 0
2026-08-17 15:31:46,363 - INFO - Request for reserve_stock successfully processed, order_id: order-75, result items: [{'sku': '4cc0770f-91bc-4c0d-a26f-7b872f02ca94', 'remaining': 498}], status: RESERVED
2026-08-17 15:31:46,373 - INFO - Request for reserve_stock, order_id: order-76, request: order_id='order-76' items=[CartItem(sku='4cc0770f-91bc-4c0d-a26f-7b872f02ca94', qty=2)] atomic_update=True delay=0.0 drop=0
2026-08-17 15:31:46,373 - INFO - Failure injected for inventory reserve_stock INJECT_DELAY: 0, INJECT_DROP_RATE: 0
2026-08-17 15:31:46,374 - INFO - Request for reserve_stock successfully processed, order_id: order-76, result items: [{'sku': '4cc0770f-91bc-4c0d-a26f-7b872f02ca94', 'remaining': 498}], status: RESERVED
2026-08-17 15:31:46,383 - INFO - Request for reserve_stock, order_id: order-77, request: order_id='order-77' items=[CartItem(sku='4cc0770f-91bc-4c0d-a26f-7b872f02ca94', qty=2)] atomic_update=True delay=0.0 drop=0
2026-08-17 15:31:46,383 - INFO - Failure injected for inventory reserve_stock INJECT_DELAY: 0, INJECT_DROP_RATE: 0
2026-08-17 15:31:46,385 - INFO - Request for reserve_stock successfully processed, order_id: order-77, result items: [{'sku': '4cc0770f-91bc-4c0d-a26f-7b872f02ca94', 'remaining': 498}], status: RESERVED
2026-08-17 15:31:46,392 - INFO - Request for reserve_stock, order_id: order-78, request: order_id='order-78' items=[CartItem(sku='4cc0770f-91bc-4c0d-a26f-7b872f02ca94', qty=2)] atomic_update=True delay=0.0 drop=0
2026-08-17 15:31:46,393 - INFO - Failure injected for inventory reserve_stock INJECT_DELAY: 0, INJECT_DROP_RATE: 0
2026-08-17 15:31:46,394 - INFO - Request for reserve_stock successfully processed, order_id: order-78, result items: [{'sku': '4cc0770f-91bc-4c0d-a26f-7b872f02ca94', 'remaining': 498}], status: RESERVED
2026-08-17 15:31:46,403 - INFO - Request for reserve_stock, order_id: order-79, request: order_id='order-79' items=[CartItem(sku='4cc0770f-91bc-4c0d-a26f-7b872f02ca94', qty=2)] atomic_update=True delay=0.0 drop=0
2026-08-17 15:31:46,403 - INFO - Failure injected for inventory reserve_stock INJECT_DELAY: 0, INJECT_DROP_RATE: 0
2026-08-17 15:31:46,405 - INFO - Request for reserve_stock successfully processed, order_id: order-79, result items: [{'sku': '4cc0770f-91bc-4c0d-a26f-7b872f02ca94', 'remaining': 498}], status: RESERVED
2026-08-17 15:31:46,414 - INFO - Request for reserve_stock, order_id: order-80, request: order_id='order-80' items=[CartItem(sku='4cc0770f-91bc-4c0d-a26f-7b872f02ca94', qty=2)] atomic_update=True delay=0.0 drop=0
2026-08-17 15:31:46,414 - INFO - Failure injected for inventory reserve_stock INJECT_DELAY: 0, INJECT_DROP_RATE: 0
2026-08-17 15:31:46,416 - INFO - Request for reserve_stock successfully processed, order_id: order-80, result items: [{'sku': '4cc0770f-91bc-4c0d-a26f-7b872f02ca94', 'remaining': 498}], status: RESERVED
2026-08-17 15:31:46,426 - INFO - Request for reserve_stock, order_id: order-81, request: order_id='order-81' items=[CartItem(sku='4cc0770f-91bc-4c0d-a26f-7b872f02ca94', qty=2)] atomic_update=True delay=0.0 drop=0
2026-08-17 15:31:46,426 - INFO - Failure injected for inventory reserve_stock INJECT_DELAY: 0, INJECT_DROP_RATE: 0
2026-08-17 15:31:46,428 - INFO - Request for reserve_stock successfully processed, order_id: order-81, result items: [{'sku': '4cc0770f-91bc-4c0d-a26f-7b872f02ca94', 'remaining': 498}], status: RESERVED
2026-08-17 15:31:46,437 - INFO - Request for reserve_stock, order_id: order-82, request: order_id='order-82' items=[CartItem(sku='4cc0770f-91bc-4c0d-a26f-7b872f02ca94', qty=2)] atomic_update=True delay=0.0 drop=0
2026-08-17 15:31:46,437 - INFO - Failure injected for inventory reserve_stock INJECT_DELAY: 0, INJECT_DROP_RATE: 0
2026-08-17 15:31:46,438 - INFO - Request for reserve_stock successfully processed, order_id: order-82, result items: [{'sku': '4cc0770f-91bc-4c0d-a26f-7b872f02ca94', 'remaining': 498}], status: RESERVED
2026-08-17 15:31:46,446 - INFO - Request for reserve_stock, order_id: order-83, request: order_id='order-83' items=[CartItem(sku='4cc0770f-91bc-4c0d-a26f-7b872f02ca94', qty=2)] atomic_update=True delay=0.0 drop=0
2026-08-17 15:31:46,447 - INFO - Failure injected for inventory reserve_stock INJECT_DELAY: 0, INJECT_DROP_RATE: 0
2026-08-17 15:31:46,449 - INFO - Request for reserve_stock successfully processed, order_id: order-83, result items: [{'sku': '4cc0770f-91bc-4c0d-a26f-7b872f02ca94', 'remaining': 498}], status: RESERVED
2026-08-17 15:31:46,457 - INFO - Request for reserve_stock, order_id: order-84, request: order_id='order-84' items=[CartItem(sku='4cc0770f-91bc-4c0d-a26f-7b872f02ca94', qty=2)] atomic_update=True delay=0.0 drop=0
2026-08-17 15:31:46,457 - INFO - Failure injected for inventory reserve_stock INJECT_DELAY: 0, INJECT_DROP_RATE: 0
2026-08-17 15:31:46,459 - INFO - Request for reserve_stock successfully processed, order_id: order-84, result items: [{'sku': '4cc0770f-91bc-4c0d-a26f-7b872f02ca94', 'remaining': 498}], status: RESERVED
2026-08-17 15:31:46,468 - INFO - Request for reserve_stock, order_id: order-85, request: order_id='order-85' items=[CartItem(sku='4cc0770f-91bc-4c0d-a26f-7b872f02ca94', qty=2)] atomic_update=True delay=0.0 drop=0
2026-08-17 15:31:46,468 - INFO - Failure injected for inventory reserve_stock INJECT_DELAY: 0, INJECT_DROP_RATE: 0
2026-08-17 15:31:46,469 - INFO - Request for reserve_stock successfully processed, order_id: order-85, result items: [{'sku': '4cc0770f-91bc-4c0d-a26f-7b872f02ca94', 'remaining': 498}], status: RESERVED
2026-08-17 15:31:46,477 - INFO - Request for reserve_stock, order_id: order-86, request: order_id='order-86' items=[CartItem(sku='4cc0770f-91bc-4c0d-a26f-7b872f02ca94', qty=2)] atomic_update=True delay=0.0 drop=0
2026-08-17 15:31:46,477 - INFO - Failure injected for inventory reserve_stock INJECT_DELAY: 0, INJECT_DROP_RATE: 0
2026-08-17 15:31:46,479 - INFO - Request for reserve_stock successfully processed, order_id: order-86, result items: [{'sku': '4cc0770f-91bc-4c0d-a26f-7b872f02ca94', 'remaining': 498}], status: RESERVED
2026-08-17 15:31:46,488 - INFO - Request for reserve_stock, order_id: order-87, request: order_id='order-87' items=[CartItem(sku='4cc0770f-91bc-4c0d-a26f-7b872f02ca94', qty=2)] atomic_update=True delay=0.0 drop=0
2026-08-17 15:31:46,488 - INFO - Failure injected for inventory reserve_stock INJECT_DELAY: 0, INJECT_DROP_RATE: 0
2026-08-17 15:31:46,490 - INFO - Request for reserve_stock successfully processed, order_id: order-87, result items: [{'sku': '4cc0770f-91bc-4c0d-a26f-7b872f02ca94', 'remaining': 498}], status: RESERVED
2026-08-17 15:31:46,498 - INFO - Request for reserve_stock, order_id: order-88, request: order_id='order-88' items=[CartItem(sku='4cc0770f-91bc-4c0d-a26f-7b872f02ca94', qty=2)] atomic_update=True delay=0.0 drop=0
2026-08-17 15:31:46,498 - INFO - Failure injected for inventory reserve_stock INJECT_DELAY: 0, INJECT_DROP_RATE: 0
2026-08-17 15:31:46,500 - INFO - Request for reserve_stock successfully processed, order_id: order-88, result items: [{'sku': '4cc0770f-91bc-4c0d-a26f-7b872f02ca94', 'remaining': 498}], status: RESERVED
2026-08-17 15:31:46,508 - INFO - Request for reserve_stock, order_id: order-89, request: order_id='order-89' items=[CartItem(sku='4cc0770f-91bc-4c0d-a26f-7b872f02ca94', qty=2)] atomic_update=True delay=0.0 drop=0
2026-08-17 15:31:46,508 - INFO - Failure injected for inventory reserve_stock INJECT_DELAY: 0, INJECT_DROP_RATE: 0
2026-08-17 15:31:46,509 - INFO - Request for reserve_stock successfully processed, order_id: order-89, result items: [{'sku': '4cc0770f-91bc-4c0d-a26f-7b872f02ca94', 'remaining': 498}], status: RESERVED
2026-08-17 15:31:46,518 - INFO - Request for reserve_stock, order_id: order-90, request: order_id='order-90' items=[CartItem(sku='4cc0770f-91bc-4c0d-a26f-7b872f02ca94', qty=2)] atomic_update=True delay=0.0 drop=0
2026-08-17 15:31:46,518 - INFO - Failure injected for inventory reserve_stock INJECT_DELAY: 0, INJECT_DROP_RATE: 0
2026-08-17 15:31:46,520 - INFO - Request for reserve_stock successfully processed, order_id: order-90, result items: [{'sku': '4cc0770f-91bc-4c0d-a26f-7b872f02ca94', 'remaining': 498}], status: RESERVED
2026-08-17 15:31:46,528 - INFO - Request for reserve_stock, order_id: order-91, request: order_id='order-91' items=[CartItem(sku='4cc0770f-91bc-4c0d-a26f-7b872f02ca94', qty=2)] atomic_update=True delay=0.0 drop=0
2026-08-17 15:31:46,528 - INFO - Failure injected for inventory reserve_stock INJECT_DELAY: 0, INJECT_DROP_RATE: 0
2026-08-17 15:31:46,529 - INFO - Request for reserve_stock successfully processed, order_id: order-91, result items: [{'sku': '4cc0770f-91bc-4c0d-a26f-7b872f02ca94', 'remaining': 498}], status: RESERVED
2026-08-17 15:31:46,538 - INFO - Request for reserve_stock, order_id: order-92, request: order_id='order-92' items=[CartItem(sku='4cc0770f-91bc-4c0d-a26f-7b872f02ca94', qty=2)] atomic_update=True delay=0.0 drop=0
2026-08-17 15:31:46,538 - INFO - Failure injected for inventory reserve_stock INJECT_DELAY: 0, INJECT_DROP_RATE: 0
2026-08-17 15:31:46,540 - INFO - Request for reserve_stock successfully processed, order_id: order-92, result items: [{'sku': '4cc0770f-91bc-4c0d-a26f-7b872f02ca94', 'remaining': 498}], status: RESERVED
2026-08-17 15:31:46,548 - INFO - Request for reserve_stock, order_id: order-93, request: order_id='order-93' items=[CartItem(sku='4cc0770f-91bc-4c0d-a26f-7b872f02ca94', qty=2)] atomic_update=True delay=0.0 drop=0
2026-08-17 15:31:46,548 - INFO - Failure injected for inventory reserve_stock INJECT_DELAY: 0, INJECT_DROP_RATE: 0
2026-08-17 15:31:46,550 - INFO - Request for reserve_stock successfully processed, order_id: order-93, result items: [{'sku': '4cc0770f-91bc-4c0d-a26f-7b872f02ca94', 'remaining': 498}], status: RESERVED
2026-08-17 15:31:46,559 - INFO - Request for reserve_stock, order_id: order-94, request: order_id='order-94' items=[CartItem(sku='4cc0770f-91bc-4c0d-a26f-7b872f02ca94', qty=2)] atomic_update=True delay=0.0 drop=0
2026-08-17 15:31:46,559 - INFO - Failure injected for inventory reserve_stock INJECT_DELAY: 0, INJECT_DROP_RATE: 0
2026-08-17 15:31:46,561 - INFO - Request for reserve_stock successfully processed, order_id: order-94, result items: [{'sku': '4cc0770f-91bc-4c0d-a26f-7b872f02ca94', 'remaining': 498}], status: RESERVED
2026-08-17 15:31:46,569 - INFO - Request for reserve_stock, order_id: order-95, request: order_id='order-95' items=[CartItem(sku='4cc0770f-91bc-4c0d-a26f-7b872f02ca94', qty=2)] atomic_update=True delay=0.0 drop=0
2026-08-17 15:31:46,569 - INFO - Failure injected for inventory reserve_stock INJECT_DELAY: 0, INJECT_DROP_RATE: 0
2026-08-17 15:31:46,571 - INFO - Request for reserve_stock successfully processed, order_id: order-95, result items: [{'sku': '4cc0770f-91bc-4c0d-a26f-7b872f02ca94', 'remaining': 498}], status: RESERVED
2026-08-17 15:31:46,580 - INFO - Request for reserve_stock, order_id: order-96, request: order_id='order-96' items=[CartItem(sku='4cc0770f-91bc-4c0d-a26f-7b872f02ca94', qty=2)] atomic_update=True delay=0.0 drop=0
2026-08-17 15:31:46,580 - INFO - Failure injected for inventory reserve_stock INJECT_DELAY: 0, INJECT_DROP_RATE: 0
2026-08-17 15:31:46,582 - INFO - Request for reserve_stock successfully processed, order_id: order-96, result items: [{'sku': '4cc0770f-91bc-4c0d-a26f-7b872f02ca94', 'remaining': 498}], status: RESERVED
2026-08-17 15:31:46,591 - INFO - Request for reserve_stock, order_id: order-97, request: order_id='order-97' items=[CartItem(sku='4cc0770f-91bc-4c0d-a26f-7b872f02ca94', qty=2)] atomic_update=True delay=0.0 drop=0
2026-08-17 15:31:46,591 - INFO - Failure injected for inventory reserve_stock INJECT_DELAY: 0, INJECT_DROP_RATE: 0
2026-08-17 15:31:46,592 - INFO - Request for reserve_stock successfully processed, order_id: order-97, result items: [{'sku': '4cc0770f-91bc-4c0d-a26f-7b872f02ca94', 'remaining': 498}], status: RESERVED
2026-08-17 15:31:46,602 - INFO - Request for reserve_stock, order_id: order-98, request: order_id='order-98' items=[CartItem(sku='4cc0770f-91bc-4c0d-a26f-7b872f02ca94', qty=2)] atomic_update=True delay=0.0 drop=0
2026-08-17 15:31:46,602 - INFO - Failure injected for inventory reserve_stock INJECT_DELAY: 0, INJECT_DROP_RATE: 0
2026-08-17 15:31:46,604 - INFO - Request for reserve_stock successfully processed, order_id: order-98, result items: [{'sku': '4cc0770f-91bc-4c0d-a26f-7b872f02ca94', 'remaining': 498}], status: RESERVED
2026-08-17 15:31:46,614 - INFO - Request for reserve_stock, order_id: order-99, request: order_id='order-99' items=[CartItem(sku='4cc0770f-91bc-4c0d-a26f-7b872f02ca94', qty=2)] atomic_update=True delay=0.0 drop=0
2026-08-17 15:31:46,614 - INFO - Failure injected for inventory reserve_stock INJECT_DELAY: 0, INJECT_DROP_RATE: 0
2026-08-17 15:31:46,618 - INFO - Request for reserve_stock successfully processed, order_id: order-99, result items: [{'sku': '4cc0770f-91bc-4c0d-a26f-7b872f02ca94', 'remaining': 498}], status: RESERVED
2026-08-17 15:31:46,627 - INFO - Request for reserve_stock, order_id: order-100, request: order_id='order-100' items=[CartItem(sku='4cc0770f-91bc-4c0d-a26f-7b872f02ca94', qty=2)] atomic_update=True delay=0.0 drop=0
2026-08-17 15:31:46,627 - INFO - Failure injected for inventory reserve_stock INJECT_DELAY: 0, INJECT_DROP_RATE: 0
2026-08-17 15:31:46,629 - INFO - Request for reserve_stock successfully processed, order_id: order-100, result items: [{'sku': '4cc0770f-91bc-4c0d-a26f-7b872f02ca94', 'remaining': 498}], status: RESERVED
2026-08-17 15:33:22,998 - INFO - Request for reserve_stock, order_id: order-1, request: order_id='order-1' items=[CartItem(sku='4cc0770f-91bc-4c0d-a26f-7b872f02ca94', qty=2)] atomic_update=True delay=0.0 drop=0
2026-08-17 15:33:22,998 - INFO - Failure injected for inventory reserve_stock INJECT_DELAY: 0, INJECT_DROP_RATE: 0
2026-08-17 15:33:23,002 - INFO - Request for reserve_stock successfully processed, order_id: order-1, result items: [{'sku': '4cc0770f-91bc-4c0d-a26f-7b872f02ca94', 'remaining': 498}], status: RESERVED
2026-08-17 15:33:23,016 - INFO - Request for reserve_stock, order_id: order-2, request: order_id='order-2' items=[CartItem(sku='4cc0770f-91bc-4c0d-a26f-7b872f02ca94', qty=2)] atomic_update=True delay=0.0 drop=0
2026-08-17 15:33:23,017 - INFO - Failure injected for inventory reserve_stock INJECT_DELAY: 0, INJECT_DROP_RATE: 0
2026-08-17 15:33:23,020 - INFO - Request for reserve_stock successfully processed, order_id: order-2, result items: [{'sku': '4cc0770f-91bc-4c0d-a26f-7b872f02ca94', 'remaining': 498}], status: RESERVED
2026-08-17 15:33:23,031 - INFO - Request for reserve_stock, order_id: order-3, request: order_id='order-3' items=[CartItem(sku='4cc0770f-91bc-4c0d-a26f-7b872f02ca94', qty=2)] atomic_update=True delay=0.0 drop=0
2026-08-17 15:33:23,031 - INFO - Failure injected for inventory reserve_stock INJECT_DELAY: 0, INJECT_DROP_RATE: 0
2026-08-17 15:33:23,033 - INFO - Request for reserve_stock successfully processed, order_id: order-3, result items: [{'sku': '4cc0770f-91bc-4c0d-a26f-7b872f02ca94', 'remaining': 498}], status: RESERVED
2026-08-17 15:33:23,044 - INFO - Request for reserve_stock, order_id: order-4, request: order_id='order-4' items=[CartItem(sku='4cc0770f-91bc-4c0d-a26f-7b872f02ca94', qty=2)] atomic_update=True delay=0.0 drop=0
2026-08-17 15:33:23,044 - INFO - Failure injected for inventory reserve_stock INJECT_DELAY: 0, INJECT_DROP_RATE: 0
2026-08-17 15:33:23,045 - INFO - Request for reserve_stock successfully processed, order_id: order-4, result items: [{'sku': '4cc0770f-91bc-4c0d-a26f-7b872f02ca94', 'remaining': 498}], status: RESERVED
2026-08-17 15:33:23,054 - INFO - Request for reserve_stock, order_id: order-5, request: order_id='order-5' items=[CartItem(sku='4cc0770f-91bc-4c0d-a26f-7b872f02ca94', qty=2)] atomic_update=True delay=0.0 drop=0
2026-08-17 15:33:23,054 - INFO - Failure injected for inventory reserve_stock INJECT_DELAY: 0, INJECT_DROP_RATE: 0
2026-08-17 15:33:23,056 - INFO - Request for reserve_stock successfully processed, order_id: order-5, result items: [{'sku': '4cc0770f-91bc-4c0d-a26f-7b872f02ca94', 'remaining': 498}], status: RESERVED
2026-08-17 15:33:23,064 - INFO - Request for reserve_stock, order_id: order-6, request: order_id='order-6' items=[CartItem(sku='4cc0770f-91bc-4c0d-a26f-7b872f02ca94', qty=2)] atomic_update=True delay=0.0 drop=0
2026-08-17 15:33:23,064 - INFO - Failure injected for inventory reserve_stock INJECT_DELAY: 0, INJECT_DROP_RATE: 0
2026-08-17 15:33:23,066 - INFO - Request for reserve_stock successfully processed, order_id: order-6, result items: [{'sku': '4cc0770f-91bc-4c0d-a26f-7b872f02ca94', 'remaining': 498}], status: RESERVED
2026-08-17 15:33:23,075 - INFO - Request for reserve_stock, order_id: order-7, request: order_id='order-7' items=[CartItem(sku='4cc0770f-91bc-4c0d-a26f-7b872f02ca94', qty=2)] atomic_update=True delay=0.0 drop=0
2026-08-17 15:33:23,075 - INFO - Failure injected for inventory reserve_stock INJECT_DELAY: 0, INJECT_DROP_RATE: 0
2026-08-17 15:33:23,077 - INFO - Request for reserve_stock successfully processed, order_id: order-7, result items: [{'sku': '4cc0770f-91bc-4c0d-a26f-7b872f02ca94', 'remaining': 498}], status: RESERVED
2026-08-17 15:33:23,086 - INFO - Request for reserve_stock, order_id: order-8, request: order_id='order-8' items=[CartItem(sku='4cc0770f-91bc-4c0d-a26f-7b872f02ca94', qty=2)] atomic_update=True delay=0.0 drop=0
2026-08-17 15:33:23,086 - INFO - Failure injected for inventory reserve_stock INJECT_DELAY: 0, INJECT_DROP_RATE: 0
2026-08-17 15:33:23,088 - INFO - Request for reserve_stock successfully processed, order_id: order-8, result items: [{'sku': '4cc0770f-91bc-4c0d-a26f-7b872f02ca94', 'remaining': 498}], status: RESERVED
2026-08-17 15:33:23,096 - INFO - Request for reserve_stock, order_id: order-9, request: order_id='order-9' items=[CartItem(sku='4cc0770f-91bc-4c0d-a26f-7b872f02ca94', qty=2)] atomic_update=True delay=0.0 drop=0
2026-08-17 15:33:23,097 - INFO - Failure injected for inventory reserve_stock INJECT_DELAY: 0, INJECT_DROP_RATE: 0
2026-08-17 15:33:23,098 - INFO - Request for reserve_stock successfully processed, order_id: order-9, result items: [{'sku': '4cc0770f-91bc-4c0d-a26f-7b872f02ca94', 'remaining': 498}], status: RESERVED
2026-08-17 15:33:23,107 - INFO - Request for reserve_stock, order_id: order-10, request: order_id='order-10' items=[CartItem(sku='4cc0770f-91bc-4c0d-a26f-7b872f02ca94', qty=2)] atomic_update=True delay=0.0 drop=0
2026-08-17 15:33:23,107 - INFO - Failure injected for inventory reserve_stock INJECT_DELAY: 0, INJECT_DROP_RATE: 0
2026-08-17 15:33:23,109 - INFO - Request for reserve_stock successfully processed, order_id: order-10, result items: [{'sku': '4cc0770f-91bc-4c0d-a26f-7b872f02ca94', 'remaining': 498}], status: RESERVED
2026-08-17 15:33:23,117 - INFO - Request for reserve_stock, order_id: order-11, request: order_id='order-11' items=[CartItem(sku='4cc0770f-91bc-4c0d-a26f-7b872f02ca94', qty=2)] atomic_update=True delay=0.0 drop=0
2026-08-17 15:33:23,117 - INFO - Failure injected for inventory reserve_stock INJECT_DELAY: 0, INJECT_DROP_RATE: 0
2026-08-17 15:33:23,119 - INFO - Request for reserve_stock successfully processed, order_id: order-11, result items: [{'sku': '4cc0770f-91bc-4c0d-a26f-7b872f02ca94', 'remaining': 498}], status: RESERVED
2026-08-17 15:33:23,127 - INFO - Request for reserve_stock, order_id: order-12, request: order_id='order-12' items=[CartItem(sku='4cc0770f-91bc-4c0d-a26f-7b872f02ca94', qty=2)] atomic_update=True delay=0.0 drop=0
2026-08-17 15:33:23,128 - INFO - Failure injected for inventory reserve_stock INJECT_DELAY: 0, INJECT_DROP_RATE: 0
2026-08-17 15:33:23,129 - INFO - Request for reserve_stock successfully processed, order_id: order-12, result items: [{'sku': '4cc0770f-91bc-4c0d-a26f-7b872f02ca94', 'remaining': 498}], status: RESERVED
2026-08-17 15:33:23,138 - INFO - Request for reserve_stock, order_id: order-13, request: order_id='order-13' items=[CartItem(sku='4cc0770f-91bc-4c0d-a26f-7b872f02ca94', qty=2)] atomic_update=True delay=0.0 drop=0
2026-08-17 15:33:23,138 - INFO - Failure injected for inventory reserve_stock INJECT_DELAY: 0, INJECT_DROP_RATE: 0
2026-08-17 15:33:23,140 - INFO - Request for reserve_stock successfully processed, order_id: order-13, result items: [{'sku': '4cc0770f-91bc-4c0d-a26f-7b872f02ca94', 'remaining': 498}], status: RESERVED
2026-08-17 15:33:23,148 - INFO - Request for reserve_stock, order_id: order-14, request: order_id='order-14' items=[CartItem(sku='4cc0770f-91bc-4c0d-a26f-7b872f02ca94', qty=2)] atomic_update=True delay=0.0 drop=0
2026-08-17 15:33:23,149 - INFO - Failure injected for inventory reserve_stock INJECT_DELAY: 0, INJECT_DROP_RATE: 0
2026-08-17 15:33:23,150 - INFO - Request for reserve_stock successfully processed, order_id: order-14, result items: [{'sku': '4cc0770f-91bc-4c0d-a26f-7b872f02ca94', 'remaining': 498}], status: RESERVED
2026-08-17 15:33:23,159 - INFO - Request for reserve_stock, order_id: order-15, request: order_id='order-15' items=[CartItem(sku='4cc0770f-91bc-4c0d-a26f-7b872f02ca94', qty=2)] atomic_update=True delay=0.0 drop=0
2026-08-17 15:33:23,159 - INFO - Failure injected for inventory reserve_stock INJECT_DELAY: 0, INJECT_DROP_RATE: 0
2026-08-17 15:33:23,161 - INFO - Request for reserve_stock successfully processed, order_id: order-15, result items: [{'sku': '4cc0770f-91bc-4c0d-a26f-7b872f02ca94', 'remaining': 498}], status: RESERVED
2026-08-17 15:33:23,169 - INFO - Request for reserve_stock, order_id: order-16, request: order_id='order-16' items=[CartItem(sku='4cc0770f-91bc-4c0d-a26f-7b872f02ca94', qty=2)] atomic_update=True delay=0.0 drop=0
2026-08-17 15:33:23,170 - INFO - Failure injected for inventory reserve_stock INJECT_DELAY: 0, INJECT_DROP_RATE: 0
2026-08-17 15:33:23,171 - INFO - Request for reserve_stock successfully processed, order_id: order-16, result items: [{'sku': '4cc0770f-91bc-4c0d-a26f-7b872f02ca94', 'remaining': 498}], status: RESERVED
2026-08-17 15:33:23,180 - INFO - Request for reserve_stock, order_id: order-17, request: order_id='order-17' items=[CartItem(sku='4cc0770f-91bc-4c0d-a26f-7b872f02ca94', qty=2)] atomic_update=True delay=0.0 drop=0
2026-08-17 15:33:23,180 - INFO - Failure injected for inventory reserve_stock INJECT_DELAY: 0, INJECT_DROP_RATE: 0
2026-08-17 15:33:23,181 - INFO - Request for reserve_stock successfully processed, order_id: order-17, result items: [{'sku': '4cc0770f-91bc-4c0d-a26f-7b872f02ca94', 'remaining': 498}], status: RESERVED
2026-08-17 15:33:23,190 - INFO - Request for reserve_stock, order_id: order-18, request: order_id='order-18' items=[CartItem(sku='4cc0770f-91bc-4c0d-a26f-7b872f02ca94', qty=2)] atomic_update=True delay=0.0 drop=0
2026-08-17 15:33:23,190 - INFO - Failure injected for inventory reserve_stock INJECT_DELAY: 0, INJECT_DROP_RATE: 0
2026-08-17 15:33:23,191 - INFO - Request for reserve_stock successfully processed, order_id: order-18, result items: [{'sku': '4cc0770f-91bc-4c0d-a26f-7b872f02ca94', 'remaining': 498}], status: RESERVED
2026-08-17 15:33:23,199 - INFO - Request for reserve_stock, order_id: order-19, request: order_id='order-19' items=[CartItem(sku='4cc0770f-91bc-4c0d-a26f-7b872f02ca94', qty=2)] atomic_update=True delay=0.0 drop=0
2026-08-17 15:33:23,200 - INFO - Failure injected for inventory reserve_stock INJECT_DELAY: 0, INJECT_DROP_RATE: 0
2026-08-17 15:33:23,202 - INFO - Request for reserve_stock successfully processed, order_id: order-19, result items: [{'sku': '4cc0770f-91bc-4c0d-a26f-7b872f02ca94', 'remaining': 498}], status: RESERVED
2026-08-17 15:33:23,210 - INFO - Request for reserve_stock, order_id: order-20, request: order_id='order-20' items=[CartItem(sku='4cc0770f-91bc-4c0d-a26f-7b872f02ca94', qty=2)] atomic_update=True delay=0.0 drop=0
2026-08-17 15:33:23,211 - INFO - Failure injected for inventory reserve_stock INJECT_DELAY: 0, INJECT_DROP_RATE: 0
2026-08-17 15:33:23,212 - INFO - Request for reserve_stock successfully processed, order_id: order-20, result items: [{'sku': '4cc0770f-91bc-4c0d-a26f-7b872f02ca94', 'remaining': 498}], status: RESERVED
2026-08-17 15:33:23,221 - INFO - Request for reserve_stock, order_id: order-21, request: order_id='order-21' items=[CartItem(sku='4cc0770f-91bc-4c0d-a26f-7b872f02ca94', qty=2)] atomic_update=True delay=0.0 drop=0
2026-08-17 15:33:23,221 - INFO - Failure injected for inventory reserve_stock INJECT_DELAY: 0, INJECT_DROP_RATE: 0
2026-08-17 15:33:23,222 - INFO - Request for reserve_stock successfully processed, order_id: order-21, result items: [{'sku': '4cc0770f-91bc-4c0d-a26f-7b872f02ca94', 'remaining': 498}], status: RESERVED
2026-08-17 15:33:23,230 - INFO - Request for reserve_stock, order_id: order-22, request: order_id='order-22' items=[CartItem(sku='4cc0770f-91bc-4c0d-a26f-7b872f02ca94', qty=2)] atomic_update=True delay=0.0 drop=0
2026-08-17 15:33:23,231 - INFO - Failure injected for inventory reserve_stock INJECT_DELAY: 0, INJECT_DROP_RATE: 0
2026-08-17 15:33:23,232 - INFO - Request for reserve_stock successfully processed, order_id: order-22, result items: [{'sku': '4cc0770f-91bc-4c0d-a26f-7b872f02ca94', 'remaining': 498}], status: RESERVED
2026-08-17 15:33:23,241 - INFO - Request for reserve_stock, order_id: order-23, request: order_id='order-23' items=[CartItem(sku='4cc0770f-91bc-4c0d-a26f-7b872f02ca94', qty=2)] atomic_update=True delay=0.0 drop=0
2026-08-17 15:33:23,241 - INFO - Failure injected for inventory reserve_stock INJECT_DELAY: 0, INJECT_DROP_RATE: 0
2026-08-17 15:33:23,243 - INFO - Request for reserve_stock successfully processed, order_id: order-23, result items: [{'sku': '4cc0770f-91bc-4c0d-a26f-7b872f02ca94', 'remaining': 498}], status: RESERVED
2026-08-17 15:33:23,251 - INFO - Request for reserve_stock, order_id: order-24, request: order_id='order-24' items=[CartItem(sku='4cc0770f-91bc-4c0d-a26f-7b872f02ca94', qty=2)] atomic_update=True delay=0.0 drop=0
2026-08-17 15:33:23,251 - INFO - Failure injected for inventory reserve_stock INJECT_DELAY: 0, INJECT_DROP_RATE: 0
2026-08-17 15:33:23,253 - INFO - Request for reserve_stock successfully processed, order_id: order-24, result items: [{'sku': '4cc0770f-91bc-4c0d-a26f-7b872f02ca94', 'remaining': 498}], status: RESERVED
2026-08-17 15:33:23,262 - INFO - Request for reserve_stock, order_id: order-25, request: order_id='order-25' items=[CartItem(sku='4cc0770f-91bc-4c0d-a26f-7b872f02ca94', qty=2)] atomic_update=True delay=0.0 drop=0
2026-08-17 15:33:23,262 - INFO - Failure injected for inventory reserve_stock INJECT_DELAY: 0, INJECT_DROP_RATE: 0
2026-08-17 15:33:23,263 - INFO - Request for reserve_stock successfully processed, order_id: order-25, result items: [{'sku': '4cc0770f-91bc-4c0d-a26f-7b872f02ca94', 'remaining': 498}], status: RESERVED
2026-08-17 15:33:23,272 - INFO - Request for reserve_stock, order_id: order-26, request: order_id='order-26' items=[CartItem(sku='4cc0770f-91bc-4c0d-a26f-7b872f02ca94', qty=2)] atomic_update=True delay=0.0 drop=0
2026-08-17 15:33:23,272 - INFO - Failure injected for inventory reserve_stock INJECT_DELAY: 0, INJECT_DROP_RATE: 0
2026-08-17 15:33:23,274 - INFO - Request for reserve_stock successfully processed, order_id: order-26, result items: [{'sku': '4cc0770f-91bc-4c0d-a26f-7b872f02ca94', 'remaining': 498}], status: RESERVED
2026-08-17 15:33:23,282 - INFO - Request for reserve_stock, order_id: order-27, request: order_id='order-27' items=[CartItem(sku='4cc0770f-91bc-4c0d-a26f-7b872f02ca94', qty=2)] atomic_update=True delay=0.0 drop=0
2026-08-17 15:33:23,282 - INFO - Failure injected for inventory reserve_stock INJECT_DELAY: 0, INJECT_DROP_RATE: 0
2026-08-17 15:33:23,284 - INFO - Request for reserve_stock successfully processed, order_id: order-27, result items: [{'sku': '4cc0770f-91bc-4c0d-a26f-7b872f02ca94', 'remaining': 498}], status: RESERVED
2026-08-17 15:33:23,294 - INFO - Request for reserve_stock, order_id: order-28, request: order_id='order-28' items=[CartItem(sku='4cc0770f-91bc-4c0d-a26f-7b872f02ca94', qty=2)] atomic_update=True delay=0.0 drop=0
2026-08-17 15:33:23,294 - INFO - Failure injected for inventory reserve_stock INJECT_DELAY: 0, INJECT_DROP_RATE: 0
2026-08-17 15:33:23,295 - INFO - Request for reserve_stock successfully processed, order_id: order-28, result items: [{'sku': '4cc0770f-91bc-4c0d-a26f-7b872f02ca94', 'remaining': 498}], status: RESERVED
2026-08-17 15:33:23,304 - INFO - Request for reserve_stock, order_id: order-29, request: order_id='order-29' items=[CartItem(sku='4cc0770f-91bc-4c0d-a26f-7b872f02ca94', qty=2)] atomic_update=True delay=0.0 drop=0
2026-08-17 15:33:23,304 - INFO - Failure injected for inventory reserve_stock INJECT_DELAY: 0, INJECT_DROP_RATE: 0
2026-08-17 15:33:23,306 - INFO - Request for reserve_stock successfully processed, order_id: order-29, result items: [{'sku': '4cc0770f-91bc-4c0d-a26f-7b872f02ca94', 'remaining': 498}], status: RESERVED
2026-08-17 15:33:23,314 - INFO - Request for reserve_stock, order_id: order-30, request: order_id='order-30' items=[CartItem(sku='4cc0770f-91bc-4c0d-a26f-7b872f02ca94', qty=2)] atomic_update=True delay=0.0 drop=0
2026-08-17 15:33:23,314 - INFO - Failure injected for inventory reserve_stock INJECT_DELAY: 0, INJECT_DROP_RATE: 0
2026-08-17 15:33:23,316 - INFO - Request for reserve_stock successfully processed, order_id: order-30, result items: [{'sku': '4cc0770f-91bc-4c0d-a26f-7b872f02ca94', 'remaining': 498}], status: RESERVED
2026-08-17 15:33:23,325 - INFO - Request for reserve_stock, order_id: order-31, request: order_id='order-31' items=[CartItem(sku='4cc0770f-91bc-4c0d-a26f-7b872f02ca94', qty=2)] atomic_update=True delay=0.0 drop=0
2026-08-17 15:33:23,325 - INFO - Failure injected for inventory reserve_stock INJECT_DELAY: 0, INJECT_DROP_RATE: 0
2026-08-17 15:33:23,327 - INFO - Request for reserve_stock successfully processed, order_id: order-31, result items: [{'sku': '4cc0770f-91bc-4c0d-a26f-7b872f02ca94', 'remaining': 498}], status: RESERVED
2026-08-17 15:33:23,335 - INFO - Request for reserve_stock, order_id: order-32, request: order_id='order-32' items=[CartItem(sku='4cc0770f-91bc-4c0d-a26f-7b872f02ca94', qty=2)] atomic_update=True delay=0.0 drop=0
2026-08-17 15:33:23,335 - INFO - Failure injected for inventory reserve_stock INJECT_DELAY: 0, INJECT_DROP_RATE: 0
2026-08-17 15:33:23,337 - INFO - Request for reserve_stock successfully processed, order_id: order-32, result items: [{'sku': '4cc0770f-91bc-4c0d-a26f-7b872f02ca94', 'remaining': 498}], status: RESERVED
2026-08-17 15:33:23,346 - INFO - Request for reserve_stock, order_id: order-33, request: order_id='order-33' items=[CartItem(sku='4cc0770f-91bc-4c0d-a26f-7b872f02ca94', qty=2)] atomic_update=True delay=0.0 drop=0
2026-08-17 15:33:23,346 - INFO - Failure injected for inventory reserve_stock INJECT_DELAY: 0, INJECT_DROP_RATE: 0
2026-08-17 15:33:23,348 - INFO - Request for reserve_stock successfully processed, order_id: order-33, result items: [{'sku': '4cc0770f-91bc-4c0d-a26f-7b872f02ca94', 'remaining': 498}], status: RESERVED
2026-08-17 15:33:23,356 - INFO - Request for reserve_stock, order_id: order-34, request: order_id='order-34' items=[CartItem(sku='4cc0770f-91bc-4c0d-a26f-7b872f02ca94', qty=2)] atomic_update=True delay=0.0 drop=0
2026-08-17 15:33:23,356 - INFO - Failure injected for inventory reserve_stock INJECT_DELAY: 0, INJECT_DROP_RATE: 0
2026-08-17 15:33:23,358 - INFO - Request for reserve_stock successfully processed, order_id: order-34, result items: [{'sku': '4cc0770f-91bc-4c0d-a26f-7b872f02ca94', 'remaining': 498}], status: RESERVED
2026-08-17 15:33:23,366 - INFO - Request for reserve_stock, order_id: order-35, request: order_id='order-35' items=[CartItem(sku='4cc0770f-91bc-4c0d-a26f-7b872f02ca94', qty=2)] atomic_update=True delay=0.0 drop=0
2026-08-17 15:33:23,366 - INFO - Failure injected for inventory reserve_stock INJECT_DELAY: 0, INJECT_DROP_RATE: 0
2026-08-17 15:33:23,368 - INFO - Request for reserve_stock successfully processed, order_id: order-35, result items: [{'sku': '4cc0770f-91bc-4c0d-a26f-7b872f02ca94', 'remaining': 498}], status: RESERVED
2026-08-17 15:33:23,378 - INFO - Request for reserve_stock, order_id: order-36, request: order_id='order-36' items=[CartItem(sku='4cc0770f-91bc-4c0d-a26f-7b872f02ca94', qty=2)] atomic_update=True delay=0.0 drop=0
2026-08-17 15:33:23,378 - INFO - Failure injected for inventory reserve_stock INJECT_DELAY: 0, INJECT_DROP_RATE: 0
2026-08-17 15:33:23,379 - INFO - Request for reserve_stock successfully processed, order_id: order-36, result items: [{'sku': '4cc0770f-91bc-4c0d-a26f-7b872f02ca94', 'remaining': 498}], status: RESERVED
2026-08-17 15:33:23,390 - INFO - Request for reserve_stock, order_id: order-37, request: order_id='order-37' items=[CartItem(sku='4cc0770f-91bc-4c0d-a26f-7b872f02ca94', qty=2)] atomic_update=True delay=0.0 drop=0
2026-08-17 15:33:23,390 - INFO - Failure injected for inventory reserve_stock INJECT_DELAY: 0, INJECT_DROP_RATE: 0
2026-08-17 15:33:23,392 - INFO - Request for reserve_stock successfully processed, order_id: order-37, result items: [{'sku': '4cc0770f-91bc-4c0d-a26f-7b872f02ca94', 'remaining': 498}], status: RESERVED
2026-08-17 15:33:23,401 - INFO - Request for reserve_stock, order_id: order-38, request: order_id='order-38' items=[CartItem(sku='4cc0770f-91bc-4c0d-a26f-7b872f02ca94', qty=2)] atomic_update=True delay=0.0 drop=0
2026-08-17 15:33:23,401 - INFO - Failure injected for inventory reserve_stock INJECT_DELAY: 0, INJECT_DROP_RATE: 0
2026-08-17 15:33:23,404 - INFO - Request for reserve_stock successfully processed, order_id: order-38, result items: [{'sku': '4cc0770f-91bc-4c0d-a26f-7b872f02ca94', 'remaining': 498}], status: RESERVED
2026-08-17 15:33:23,413 - INFO - Request for reserve_stock, order_id: order-39, request: order_id='order-39' items=[CartItem(sku='4cc0770f-91bc-4c0d-a26f-7b872f02ca94', qty=2)] atomic_update=True delay=0.0 drop=0
2026-08-17 15:33:23,413 - INFO - Failure injected for inventory reserve_stock INJECT_DELAY: 0, INJECT_DROP_RATE: 0
2026-08-17 15:33:23,415 - INFO - Request for reserve_stock successfully processed, order_id: order-39, result items: [{'sku': '4cc0770f-91bc-4c0d-a26f-7b872f02ca94', 'remaining': 498}], status: RESERVED
2026-08-17 15:33:23,425 - INFO - Request for reserve_stock, order_id: order-40, request: order_id='order-40' items=[CartItem(sku='4cc0770f-91bc-4c0d-a26f-7b872f02ca94', qty=2)] atomic_update=True delay=0.0 drop=0
2026-08-17 15:33:23,425 - INFO - Failure injected for inventory reserve_stock INJECT_DELAY: 0, INJECT_DROP_RATE: 0
2026-08-17 15:33:23,427 - INFO - Request for reserve_stock successfully processed, order_id: order-40, result items: [{'sku': '4cc0770f-91bc-4c0d-a26f-7b872f02ca94', 'remaining': 498}], status: RESERVED
2026-08-17 15:33:23,437 - INFO - Request for reserve_stock, order_id: order-41, request: order_id='order-41' items=[CartItem(sku='4cc0770f-91bc-4c0d-a26f-7b872f02ca94', qty=2)] atomic_update=True delay=0.0 drop=0
2026-08-17 15:33:23,437 - INFO - Failure injected for inventory reserve_stock INJECT_DELAY: 0, INJECT_DROP_RATE: 0
2026-08-17 15:33:23,439 - INFO - Request for reserve_stock successfully processed, order_id: order-41, result items: [{'sku': '4cc0770f-91bc-4c0d-a26f-7b872f02ca94', 'remaining': 498}], status: RESERVED
2026-08-17 15:33:23,449 - INFO - Request for reserve_stock, order_id: order-42, request: order_id='order-42' items=[CartItem(sku='4cc0770f-91bc-4c0d-a26f-7b872f02ca94', qty=2)] atomic_update=True delay=0.0 drop=0
2026-08-17 15:33:23,449 - INFO - Failure injected for inventory reserve_stock INJECT_DELAY: 0, INJECT_DROP_RATE: 0
2026-08-17 15:33:23,452 - INFO - Request for reserve_stock successfully processed, order_id: order-42, result items: [{'sku': '4cc0770f-91bc-4c0d-a26f-7b872f02ca94', 'remaining': 498}], status: RESERVED
2026-08-17 15:33:23,464 - INFO - Request for reserve_stock, order_id: order-43, request: order_id='order-43' items=[CartItem(sku='4cc0770f-91bc-4c0d-a26f-7b872f02ca94', qty=2)] atomic_update=True delay=0.0 drop=0
2026-08-17 15:33:23,464 - INFO - Failure injected for inventory reserve_stock INJECT_DELAY: 0, INJECT_DROP_RATE: 0
2026-08-17 15:33:23,466 - INFO - Request for reserve_stock successfully processed, order_id: order-43, result items: [{'sku': '4cc0770f-91bc-4c0d-a26f-7b872f02ca94', 'remaining': 498}], status: RESERVED
2026-08-17 15:33:23,475 - INFO - Request for reserve_stock, order_id: order-44, request: order_id='order-44' items=[CartItem(sku='4cc0770f-91bc-4c0d-a26f-7b872f02ca94', qty=2)] atomic_update=True delay=0.0 drop=0
2026-08-17 15:33:23,475 - INFO - Failure injected for inventory reserve_stock INJECT_DELAY: 0, INJECT_DROP_RATE: 0
2026-08-17 15:33:23,476 - INFO - Request for reserve_stock successfully processed, order_id: order-44, result items: [{'sku': '4cc0770f-91bc-4c0d-a26f-7b872f02ca94', 'remaining': 498}], status: RESERVED
2026-08-17 15:33:23,484 - INFO - Request for reserve_stock, order_id: order-45, request: order_id='order-45' items=[CartItem(sku='4cc0770f-91bc-4c0d-a26f-7b872f02ca94', qty=2)] atomic_update=True delay=0.0 drop=0
2026-08-17 15:33:23,485 - INFO - Failure injected for inventory reserve_stock INJECT_DELAY: 0, INJECT_DROP_RATE: 0
2026-08-17 15:33:23,487 - INFO - Request for reserve_stock successfully processed, order_id: order-45, result items: [{'sku': '4cc0770f-91bc-4c0d-a26f-7b872f02ca94', 'remaining': 498}], status: RESERVED
2026-08-17 15:33:23,496 - INFO - Request for reserve_stock, order_id: order-46, request: order_id='order-46' items=[CartItem(sku='4cc0770f-91bc-4c0d-a26f-7b872f02ca94', qty=2)] atomic_update=True delay=0.0 drop=0
2026-08-17 15:33:23,496 - INFO - Failure injected for inventory reserve_stock INJECT_DELAY: 0, INJECT_DROP_RATE: 0
2026-08-17 15:33:23,498 - INFO - Request for reserve_stock successfully processed, order_id: order-46, result items: [{'sku': '4cc0770f-91bc-4c0d-a26f-7b872f02ca94', 'remaining': 498}], status: RESERVED
2026-08-17 15:33:23,510 - INFO - Request for reserve_stock, order_id: order-47, request: order_id='order-47' items=[CartItem(sku='4cc0770f-91bc-4c0d-a26f-7b872f02ca94', qty=2)] atomic_update=True delay=0.0 drop=0
2026-08-17 15:33:23,511 - INFO - Failure injected for inventory reserve_stock INJECT_DELAY: 0, INJECT_DROP_RATE: 0
2026-08-17 15:33:23,513 - INFO - Request for reserve_stock successfully processed, order_id: order-47, result items: [{'sku': '4cc0770f-91bc-4c0d-a26f-7b872f02ca94', 'remaining': 498}], status: RESERVED
2026-08-17 15:33:23,526 - INFO - Request for reserve_stock, order_id: order-48, request: order_id='order-48' items=[CartItem(sku='4cc0770f-91bc-4c0d-a26f-7b872f02ca94', qty=2)] atomic_update=True delay=0.0 drop=0
2026-08-17 15:33:23,526 - INFO - Failure injected for inventory reserve_stock INJECT_DELAY: 0, INJECT_DROP_RATE: 0
2026-08-17 15:33:23,528 - INFO - Request for reserve_stock successfully processed, order_id: order-48, result items: [{'sku': '4cc0770f-91bc-4c0d-a26f-7b872f02ca94', 'remaining': 498}], status: RESERVED
2026-08-17 15:33:23,539 - INFO - Request for reserve_stock, order_id: order-49, request: order_id='order-49' items=[CartItem(sku='4cc0770f-91bc-4c0d-a26f-7b872f02ca94', qty=2)] atomic_update=True delay=0.0 drop=0
2026-08-17 15:33:23,539 - INFO - Failure injected for inventory reserve_stock INJECT_DELAY: 0, INJECT_DROP_RATE: 0
2026-08-17 15:33:23,542 - INFO - Request for reserve_stock successfully processed, order_id: order-49, result items: [{'sku': '4cc0770f-91bc-4c0d-a26f-7b872f02ca94', 'remaining': 498}], status: RESERVED
2026-08-17 15:33:23,555 - INFO - Request for reserve_stock, order_id: order-50, request: order_id='order-50' items=[CartItem(sku='4cc0770f-91bc-4c0d-a26f-7b872f02ca94', qty=2)] atomic_update=True delay=0.0 drop=0
2026-08-17 15:33:23,555 - INFO - Failure injected for inventory reserve_stock INJECT_DELAY: 0, INJECT_DROP_RATE: 0
2026-08-17 15:33:23,557 - INFO - Request for reserve_stock successfully processed, order_id: order-50, result items: [{'sku': '4cc0770f-91bc-4c0d-a26f-7b872f02ca94', 'remaining': 498}], status: RESERVED
2026-08-17 15:33:23,566 - INFO - Request for reserve_stock, order_id: order-51, request: order_id='order-51' items=[CartItem(sku='4cc0770f-91bc-4c0d-a26f-7b872f02ca94', qty=2)] atomic_update=True delay=0.0 drop=0
2026-08-17 15:33:23,566 - INFO - Failure injected for inventory reserve_stock INJECT_DELAY: 0, INJECT_DROP_RATE: 0
2026-08-17 15:33:23,569 - INFO - Request for reserve_stock successfully processed, order_id: order-51, result items: [{'sku': '4cc0770f-91bc-4c0d-a26f-7b872f02ca94', 'remaining': 498}], status: RESERVED
2026-08-17 15:33:23,577 - INFO - Request for reserve_stock, order_id: order-52, request: order_id='order-52' items=[CartItem(sku='4cc0770f-91bc-4c0d-a26f-7b872f02ca94', qty=2)] atomic_update=True delay=0.0 drop=0
2026-08-17 15:33:23,577 - INFO - Failure injected for inventory reserve_stock INJECT_DELAY: 0, INJECT_DROP_RATE: 0
2026-08-17 15:33:23,579 - INFO - Request for reserve_stock successfully processed, order_id: order-52, result items: [{'sku': '4cc0770f-91bc-4c0d-a26f-7b872f02ca94', 'remaining': 498}], status: RESERVED
2026-08-17 15:33:23,588 - INFO - Request for reserve_stock, order_id: order-53, request: order_id='order-53' items=[CartItem(sku='4cc0770f-91bc-4c0d-a26f-7b872f02ca94', qty=2)] atomic_update=True delay=0.0 drop=0
2026-08-17 15:33:23,588 - INFO - Failure injected for inventory reserve_stock INJECT_DELAY: 0, INJECT_DROP_RATE: 0
2026-08-17 15:33:23,590 - INFO - Request for reserve_stock successfully processed, order_id: order-53, result items: [{'sku': '4cc0770f-91bc-4c0d-a26f-7b872f02ca94', 'remaining': 498}], status: RESERVED
2026-08-17 15:33:23,598 - INFO - Request for reserve_stock, order_id: order-54, request: order_id='order-54' items=[CartItem(sku='4cc0770f-91bc-4c0d-a26f-7b872f02ca94', qty=2)] atomic_update=True delay=0.0 drop=0
2026-08-17 15:33:23,598 - INFO - Failure injected for inventory reserve_stock INJECT_DELAY: 0, INJECT_DROP_RATE: 0
2026-08-17 15:33:23,600 - INFO - Request for reserve_stock successfully processed, order_id: order-54, result items: [{'sku': '4cc0770f-91bc-4c0d-a26f-7b872f02ca94', 'remaining': 498}], status: RESERVED
2026-08-17 15:33:23,609 - INFO - Request for reserve_stock, order_id: order-55, request: order_id='order-55' items=[CartItem(sku='4cc0770f-91bc-4c0d-a26f-7b872f02ca94', qty=2)] atomic_update=True delay=0.0 drop=0
2026-08-17 15:33:23,609 - INFO - Failure injected for inventory reserve_stock INJECT_DELAY: 0, INJECT_DROP_RATE: 0
2026-08-17 15:33:23,611 - INFO - Request for reserve_stock successfully processed, order_id: order-55, result items: [{'sku': '4cc0770f-91bc-4c0d-a26f-7b872f02ca94', 'remaining': 498}], status: RESERVED
2026-08-17 15:33:23,619 - INFO - Request for reserve_stock, order_id: order-56, request: order_id='order-56' items=[CartItem(sku='4cc0770f-91bc-4c0d-a26f-7b872f02ca94', qty=2)] atomic_update=True delay=0.0 drop=0
2026-08-17 15:33:23,619 - INFO - Failure injected for inventory reserve_stock INJECT_DELAY: 0, INJECT_DROP_RATE: 0
2026-08-17 15:33:23,621 - INFO - Request for reserve_stock successfully processed, order_id: order-56, result items: [{'sku': '4cc0770f-91bc-4c0d-a26f-7b872f02ca94', 'remaining': 498}], status: RESERVED
2026-08-17 15:33:23,630 - INFO - Request for reserve_stock, order_id: order-57, request: order_id='order-57' items=[CartItem(sku='4cc0770f-91bc-4c0d-a26f-7b872f02ca94', qty=2)] atomic_update=True delay=0.0 drop=0
2026-08-17 15:33:23,630 - INFO - Failure injected for inventory reserve_stock INJECT_DELAY: 0, INJECT_DROP_RATE: 0
2026-08-17 15:33:23,632 - INFO - Request for reserve_stock successfully processed, order_id: order-57, result items: [{'sku': '4cc0770f-91bc-4c0d-a26f-7b872f02ca94', 'remaining': 498}], status: RESERVED
2026-08-17 15:33:23,640 - INFO - Request for reserve_stock, order_id: order-58, request: order_id='order-58' items=[CartItem(sku='4cc0770f-91bc-4c0d-a26f-7b872f02ca94', qty=2)] atomic_update=True delay=0.0 drop=0
2026-08-17 15:33:23,641 - INFO - Failure injected for inventory reserve_stock INJECT_DELAY: 0, INJECT_DROP_RATE: 0
2026-08-17 15:33:23,642 - INFO - Request for reserve_stock successfully processed, order_id: order-58, result items: [{'sku': '4cc0770f-91bc-4c0d-a26f-7b872f02ca94', 'remaining': 498}], status: RESERVED
2026-08-17 15:33:23,653 - INFO - Request for reserve_stock, order_id: order-59, request: order_id='order-59' items=[CartItem(sku='4cc0770f-91bc-4c0d-a26f-7b872f02ca94', qty=2)] atomic_update=True delay=0.0 drop=0
2026-08-17 15:33:23,653 - INFO - Failure injected for inventory reserve_stock INJECT_DELAY: 0, INJECT_DROP_RATE: 0
2026-08-17 15:33:23,655 - INFO - Request for reserve_stock successfully processed, order_id: order-59, result items: [{'sku': '4cc0770f-91bc-4c0d-a26f-7b872f02ca94', 'remaining': 498}], status: RESERVED
2026-08-17 15:33:23,664 - INFO - Request for reserve_stock, order_id: order-60, request: order_id='order-60' items=[CartItem(sku='4cc0770f-91bc-4c0d-a26f-7b872f02ca94', qty=2)] atomic_update=True delay=0.0 drop=0
2026-08-17 15:33:23,664 - INFO - Failure injected for inventory reserve_stock INJECT_DELAY: 0, INJECT_DROP_RATE: 0
2026-08-17 15:33:23,666 - INFO - Request for reserve_stock successfully processed, order_id: order-60, result items: [{'sku': '4cc0770f-91bc-4c0d-a26f-7b872f02ca94', 'remaining': 498}], status: RESERVED
2026-08-17 15:33:23,675 - INFO - Request for reserve_stock, order_id: order-61, request: order_id='order-61' items=[CartItem(sku='4cc0770f-91bc-4c0d-a26f-7b872f02ca94', qty=2)] atomic_update=True delay=0.0 drop=0
2026-08-17 15:33:23,675 - INFO - Failure injected for inventory reserve_stock INJECT_DELAY: 0, INJECT_DROP_RATE: 0
2026-08-17 15:33:23,677 - INFO - Request for reserve_stock successfully processed, order_id: order-61, result items: [{'sku': '4cc0770f-91bc-4c0d-a26f-7b872f02ca94', 'remaining': 498}], status: RESERVED
2026-08-17 15:33:23,685 - INFO - Request for reserve_stock, order_id: order-62, request: order_id='order-62' items=[CartItem(sku='4cc0770f-91bc-4c0d-a26f-7b872f02ca94', qty=2)] atomic_update=True delay=0.0 drop=0
2026-08-17 15:33:23,685 - INFO - Failure injected for inventory reserve_stock INJECT_DELAY: 0, INJECT_DROP_RATE: 0
2026-08-17 15:33:23,687 - INFO - Request for reserve_stock successfully processed, order_id: order-62, result items: [{'sku': '4cc0770f-91bc-4c0d-a26f-7b872f02ca94', 'remaining': 498}], status: RESERVED
2026-08-17 15:33:23,696 - INFO - Request for reserve_stock, order_id: order-63, request: order_id='order-63' items=[CartItem(sku='4cc0770f-91bc-4c0d-a26f-7b872f02ca94', qty=2)] atomic_update=True delay=0.0 drop=0
2026-08-17 15:33:23,696 - INFO - Failure injected for inventory reserve_stock INJECT_DELAY: 0, INJECT_DROP_RATE: 0
2026-08-17 15:33:23,698 - INFO - Request for reserve_stock successfully processed, order_id: order-63, result items: [{'sku': '4cc0770f-91bc-4c0d-a26f-7b872f02ca94', 'remaining': 498}], status: RESERVED
2026-08-17 15:33:23,706 - INFO - Request for reserve_stock, order_id: order-64, request: order_id='order-64' items=[CartItem(sku='4cc0770f-91bc-4c0d-a26f-7b872f02ca94', qty=2)] atomic_update=True delay=0.0 drop=0
2026-08-17 15:33:23,707 - INFO - Failure injected for inventory reserve_stock INJECT_DELAY: 0, INJECT_DROP_RATE: 0
2026-08-17 15:33:23,708 - INFO - Request for reserve_stock successfully processed, order_id: order-64, result items: [{'sku': '4cc0770f-91bc-4c0d-a26f-7b872f02ca94', 'remaining': 498}], status: RESERVED
2026-08-17 15:33:23,717 - INFO - Request for reserve_stock, order_id: order-65, request: order_id='order-65' items=[CartItem(sku='4cc0770f-91bc-4c0d-a26f-7b872f02ca94', qty=2)] atomic_update=True delay=0.0 drop=0
2026-08-17 15:33:23,717 - INFO - Failure injected for inventory reserve_stock INJECT_DELAY: 0, INJECT_DROP_RATE: 0
2026-08-17 15:33:23,719 - INFO - Request for reserve_stock successfully processed, order_id: order-65, result items: [{'sku': '4cc0770f-91bc-4c0d-a26f-7b872f02ca94', 'remaining': 498}], status: RESERVED
2026-08-17 15:33:23,727 - INFO - Request for reserve_stock, order_id: order-66, request: order_id='order-66' items=[CartItem(sku='4cc0770f-91bc-4c0d-a26f-7b872f02ca94', qty=2)] atomic_update=True delay=0.0 drop=0
2026-08-17 15:33:23,727 - INFO - Failure injected for inventory reserve_stock INJECT_DELAY: 0, INJECT_DROP_RATE: 0
2026-08-17 15:33:23,729 - INFO - Request for reserve_stock successfully processed, order_id: order-66, result items: [{'sku': '4cc0770f-91bc-4c0d-a26f-7b872f02ca94', 'remaining': 498}], status: RESERVED
2026-08-17 15:33:23,739 - INFO - Request for reserve_stock, order_id: order-67, request: order_id='order-67' items=[CartItem(sku='4cc0770f-91bc-4c0d-a26f-7b872f02ca94', qty=2)] atomic_update=True delay=0.0 drop=0
2026-08-17 15:33:23,739 - INFO - Failure injected for inventory reserve_stock INJECT_DELAY: 0, INJECT_DROP_RATE: 0
2026-08-17 15:33:23,741 - INFO - Request for reserve_stock successfully processed, order_id: order-67, result items: [{'sku': '4cc0770f-91bc-4c0d-a26f-7b872f02ca94', 'remaining': 498}], status: RESERVED
2026-08-17 15:33:23,751 - INFO - Request for reserve_stock, order_id: order-68, request: order_id='order-68' items=[CartItem(sku='4cc0770f-91bc-4c0d-a26f-7b872f02ca94', qty=2)] atomic_update=True delay=0.0 drop=0
2026-08-17 15:33:23,751 - INFO - Failure injected for inventory reserve_stock INJECT_DELAY: 0, INJECT_DROP_RATE: 0
2026-08-17 15:33:23,753 - INFO - Request for reserve_stock successfully processed, order_id: order-68, result items: [{'sku': '4cc0770f-91bc-4c0d-a26f-7b872f02ca94', 'remaining': 498}], status: RESERVED
2026-08-17 15:33:23,762 - INFO - Request for reserve_stock, order_id: order-69, request: order_id='order-69' items=[CartItem(sku='4cc0770f-91bc-4c0d-a26f-7b872f02ca94', qty=2)] atomic_update=True delay=0.0 drop=0
2026-08-17 15:33:23,762 - INFO - Failure injected for inventory reserve_stock INJECT_DELAY: 0, INJECT_DROP_RATE: 0
2026-08-17 15:33:23,764 - INFO - Request for reserve_stock successfully processed, order_id: order-69, result items: [{'sku': '4cc0770f-91bc-4c0d-a26f-7b872f02ca94', 'remaining': 498}], status: RESERVED
2026-08-17 15:33:23,772 - INFO - Request for reserve_stock, order_id: order-70, request: order_id='order-70' items=[CartItem(sku='4cc0770f-91bc-4c0d-a26f-7b872f02ca94', qty=2)] atomic_update=True delay=0.0 drop=0
2026-08-17 15:33:23,772 - INFO - Failure injected for inventory reserve_stock INJECT_DELAY: 0, INJECT_DROP_RATE: 0
2026-08-17 15:33:23,774 - INFO - Request for reserve_stock successfully processed, order_id: order-70, result items: [{'sku': '4cc0770f-91bc-4c0d-a26f-7b872f02ca94', 'remaining': 498}], status: RESERVED
2026-08-17 15:33:23,782 - INFO - Request for reserve_stock, order_id: order-71, request: order_id='order-71' items=[CartItem(sku='4cc0770f-91bc-4c0d-a26f-7b872f02ca94', qty=2)] atomic_update=True delay=0.0 drop=0
2026-08-17 15:33:23,782 - INFO - Failure injected for inventory reserve_stock INJECT_DELAY: 0, INJECT_DROP_RATE: 0
2026-08-17 15:33:23,784 - INFO - Request for reserve_stock successfully processed, order_id: order-71, result items: [{'sku': '4cc0770f-91bc-4c0d-a26f-7b872f02ca94', 'remaining': 498}], status: RESERVED
2026-08-17 15:33:23,793 - INFO - Request for reserve_stock, order_id: order-72, request: order_id='order-72' items=[CartItem(sku='4cc0770f-91bc-4c0d-a26f-7b872f02ca94', qty=2)] atomic_update=True delay=0.0 drop=0
2026-08-17 15:33:23,793 - INFO - Failure injected for inventory reserve_stock INJECT_DELAY: 0, INJECT_DROP_RATE: 0
2026-08-17 15:33:23,794 - INFO - Request for reserve_stock successfully processed, order_id: order-72, result items: [{'sku': '4cc0770f-91bc-4c0d-a26f-7b872f02ca94', 'remaining': 498}], status: RESERVED
2026-08-17 15:33:23,804 - INFO - Request for reserve_stock, order_id: order-73, request: order_id='order-73' items=[CartItem(sku='4cc0770f-91bc-4c0d-a26f-7b872f02ca94', qty=2)] atomic_update=True delay=0.0 drop=0
2026-08-17 15:33:23,804 - INFO - Failure injected for inventory reserve_stock INJECT_DELAY: 0, INJECT_DROP_RATE: 0
2026-08-17 15:33:23,806 - INFO - Request for reserve_stock successfully processed, order_id: order-73, result items: [{'sku': '4cc0770f-91bc-4c0d-a26f-7b872f02ca94', 'remaining': 498}], status: RESERVED
2026-08-17 15:33:23,814 - INFO - Request for reserve_stock, order_id: order-74, request: order_id='order-74' items=[CartItem(sku='4cc0770f-91bc-4c0d-a26f-7b872f02ca94', qty=2)] atomic_update=True delay=0.0 drop=0
2026-08-17 15:33:23,814 - INFO - Failure injected for inventory reserve_stock INJECT_DELAY: 0, INJECT_DROP_RATE: 0
2026-08-17 15:33:23,816 - INFO - Request for reserve_stock successfully processed, order_id: order-74, result items: [{'sku': '4cc0770f-91bc-4c0d-a26f-7b872f02ca94', 'remaining': 498}], status: RESERVED
2026-08-17 15:33:23,825 - INFO - Request for reserve_stock, order_id: order-75, request: order_id='order-75' items=[CartItem(sku='4cc0770f-91bc-4c0d-a26f-7b872f02ca94', qty=2)] atomic_update=True delay=0.0 drop=0
2026-08-17 15:33:23,825 - INFO - Failure injected for inventory reserve_stock INJECT_DELAY: 0, INJECT_DROP_RATE: 0
2026-08-17 15:33:23,827 - INFO - Request for reserve_stock successfully processed, order_id: order-75, result items: [{'sku': '4cc0770f-91bc-4c0d-a26f-7b872f02ca94', 'remaining': 498}], status: RESERVED
2026-08-17 15:33:23,836 - INFO - Request for reserve_stock, order_id: order-76, request: order_id='order-76' items=[CartItem(sku='4cc0770f-91bc-4c0d-a26f-7b872f02ca94', qty=2)] atomic_update=True delay=0.0 drop=0
2026-08-17 15:33:23,836 - INFO - Failure injected for inventory reserve_stock INJECT_DELAY: 0, INJECT_DROP_RATE: 0
2026-08-17 15:33:23,838 - INFO - Request for reserve_stock successfully processed, order_id: order-76, result items: [{'sku': '4cc0770f-91bc-4c0d-a26f-7b872f02ca94', 'remaining': 498}], status: RESERVED
2026-08-17 15:33:23,860 - INFO - Request for reserve_stock, order_id: order-77, request: order_id='order-77' items=[CartItem(sku='4cc0770f-91bc-4c0d-a26f-7b872f02ca94', qty=2)] atomic_update=True delay=0.0 drop=0
2026-08-17 15:33:23,860 - INFO - Failure injected for inventory reserve_stock INJECT_DELAY: 0, INJECT_DROP_RATE: 0
2026-08-17 15:33:23,864 - INFO - Request for reserve_stock successfully processed, order_id: order-77, result items: [{'sku': '4cc0770f-91bc-4c0d-a26f-7b872f02ca94', 'remaining': 498}], status: RESERVED
2026-08-17 15:33:23,885 - INFO - Request for reserve_stock, order_id: order-78, request: order_id='order-78' items=[CartItem(sku='4cc0770f-91bc-4c0d-a26f-7b872f02ca94', qty=2)] atomic_update=True delay=0.0 drop=0
2026-08-17 15:33:23,885 - INFO - Failure injected for inventory reserve_stock INJECT_DELAY: 0, INJECT_DROP_RATE: 0
2026-08-17 15:33:23,888 - INFO - Request for reserve_stock successfully processed, order_id: order-78, result items: [{'sku': '4cc0770f-91bc-4c0d-a26f-7b872f02ca94', 'remaining': 498}], status: RESERVED
2026-08-17 15:33:23,910 - INFO - Request for reserve_stock, order_id: order-79, request: order_id='order-79' items=[CartItem(sku='4cc0770f-91bc-4c0d-a26f-7b872f02ca94', qty=2)] atomic_update=True delay=0.0 drop=0
2026-08-17 15:33:23,913 - INFO - Failure injected for inventory reserve_stock INJECT_DELAY: 0, INJECT_DROP_RATE: 0
2026-08-17 15:33:23,915 - INFO - Request for reserve_stock successfully processed, order_id: order-79, result items: [{'sku': '4cc0770f-91bc-4c0d-a26f-7b872f02ca94', 'remaining': 498}], status: RESERVED
2026-08-17 15:33:23,941 - INFO - Request for reserve_stock, order_id: order-80, request: order_id='order-80' items=[CartItem(sku='4cc0770f-91bc-4c0d-a26f-7b872f02ca94', qty=2)] atomic_update=True delay=0.0 drop=0
2026-08-17 15:33:23,941 - INFO - Failure injected for inventory reserve_stock INJECT_DELAY: 0, INJECT_DROP_RATE: 0
2026-08-17 15:33:23,945 - INFO - Request for reserve_stock successfully processed, order_id: order-80, result items: [{'sku': '4cc0770f-91bc-4c0d-a26f-7b872f02ca94', 'remaining': 498}], status: RESERVED
2026-08-17 15:33:23,966 - INFO - Request for reserve_stock, order_id: order-81, request: order_id='order-81' items=[CartItem(sku='4cc0770f-91bc-4c0d-a26f-7b872f02ca94', qty=2)] atomic_update=True delay=0.0 drop=0
2026-08-17 15:33:23,966 - INFO - Failure injected for inventory reserve_stock INJECT_DELAY: 0, INJECT_DROP_RATE: 0
2026-08-17 15:33:23,969 - INFO - Request for reserve_stock successfully processed, order_id: order-81, result items: [{'sku': '4cc0770f-91bc-4c0d-a26f-7b872f02ca94', 'remaining': 498}], status: RESERVED
2026-08-17 15:33:23,990 - INFO - Request for reserve_stock, order_id: order-82, request: order_id='order-82' items=[CartItem(sku='4cc0770f-91bc-4c0d-a26f-7b872f02ca94', qty=2)] atomic_update=True delay=0.0 drop=0
2026-08-17 15:33:23,991 - INFO - Failure injected for inventory reserve_stock INJECT_DELAY: 0, INJECT_DROP_RATE: 0
2026-08-17 15:33:23,995 - INFO - Request for reserve_stock successfully processed, order_id: order-82, result items: [{'sku': '4cc0770f-91bc-4c0d-a26f-7b872f02ca94', 'remaining': 498}], status: RESERVED
2026-08-17 15:33:24,022 - INFO - Request for reserve_stock, order_id: order-83, request: order_id='order-83' items=[CartItem(sku='4cc0770f-91bc-4c0d-a26f-7b872f02ca94', qty=2)] atomic_update=True delay=0.0 drop=0
2026-08-17 15:33:24,022 - INFO - Failure injected for inventory reserve_stock INJECT_DELAY: 0, INJECT_DROP_RATE: 0
2026-08-17 15:33:24,025 - INFO - Request for reserve_stock successfully processed, order_id: order-83, result items: [{'sku': '4cc0770f-91bc-4c0d-a26f-7b872f02ca94', 'remaining': 498}], status: RESERVED
2026-08-17 15:33:24,040 - INFO - Request for reserve_stock, order_id: order-84, request: order_id='order-84' items=[CartItem(sku='4cc0770f-91bc-4c0d-a26f-7b872f02ca94', qty=2)] atomic_update=True delay=0.0 drop=0
2026-08-17 15:33:24,040 - INFO - Failure injected for inventory reserve_stock INJECT_DELAY: 0, INJECT_DROP_RATE: 0
2026-08-17 15:33:24,042 - INFO - Request for reserve_stock successfully processed, order_id: order-84, result items: [{'sku': '4cc0770f-91bc-4c0d-a26f-7b872f02ca94', 'remaining': 498}], status: RESERVED
2026-08-17 15:33:24,057 - INFO - Request for reserve_stock, order_id: order-85, request: order_id='order-85' items=[CartItem(sku='4cc0770f-91bc-4c0d-a26f-7b872f02ca94', qty=2)] atomic_update=True delay=0.0 drop=0
2026-08-17 15:33:24,057 - INFO - Failure injected for inventory reserve_stock INJECT_DELAY: 0, INJECT_DROP_RATE: 0
2026-08-17 15:33:24,060 - INFO - Request for reserve_stock successfully processed, order_id: order-85, result items: [{'sku': '4cc0770f-91bc-4c0d-a26f-7b872f02ca94', 'remaining': 498}], status: RESERVED
2026-08-17 15:33:24,076 - INFO - Request for reserve_stock, order_id: order-86, request: order_id='order-86' items=[CartItem(sku='4cc0770f-91bc-4c0d-a26f-7b872f02ca94', qty=2)] atomic_update=True delay=0.0 drop=0
2026-08-17 15:33:24,076 - INFO - Failure injected for inventory reserve_stock INJECT_DELAY: 0, INJECT_DROP_RATE: 0
2026-08-17 15:33:24,080 - INFO - Request for reserve_stock successfully processed, order_id: order-86, result items: [{'sku': '4cc0770f-91bc-4c0d-a26f-7b872f02ca94', 'remaining': 498}], status: RESERVED
2026-08-17 15:33:24,093 - INFO - Request for reserve_stock, order_id: order-87, request: order_id='order-87' items=[CartItem(sku='4cc0770f-91bc-4c0d-a26f-7b872f02ca94', qty=2)] atomic_update=True delay=0.0 drop=0
2026-08-17 15:33:24,093 - INFO - Failure injected for inventory reserve_stock INJECT_DELAY: 0, INJECT_DROP_RATE: 0
2026-08-17 15:33:24,094 - INFO - Request for reserve_stock successfully processed, order_id: order-87, result items: [{'sku': '4cc0770f-91bc-4c0d-a26f-7b872f02ca94', 'remaining': 498}], status: RESERVED
2026-08-17 15:33:24,104 - INFO - Request for reserve_stock, order_id: order-88, request: order_id='order-88' items=[CartItem(sku='4cc0770f-91bc-4c0d-a26f-7b872f02ca94', qty=2)] atomic_update=True delay=0.0 drop=0
2026-08-17 15:33:24,104 - INFO - Failure injected for inventory reserve_stock INJECT_DELAY: 0, INJECT_DROP_RATE: 0
2026-08-17 15:33:24,106 - INFO - Request for reserve_stock successfully processed, order_id: order-88, result items: [{'sku': '4cc0770f-91bc-4c0d-a26f-7b872f02ca94', 'remaining': 498}], status: RESERVED
2026-08-17 15:33:24,115 - INFO - Request for reserve_stock, order_id: order-89, request: order_id='order-89' items=[CartItem(sku='4cc0770f-91bc-4c0d-a26f-7b872f02ca94', qty=2)] atomic_update=True delay=0.0 drop=0
2026-08-17 15:33:24,115 - INFO - Failure injected for inventory reserve_stock INJECT_DELAY: 0, INJECT_DROP_RATE: 0
2026-08-17 15:33:24,117 - INFO - Request for reserve_stock successfully processed, order_id: order-89, result items: [{'sku': '4cc0770f-91bc-4c0d-a26f-7b872f02ca94', 'remaining': 498}], status: RESERVED
2026-08-17 15:33:24,125 - INFO - Request for reserve_stock, order_id: order-90, request: order_id='order-90' items=[CartItem(sku='4cc0770f-91bc-4c0d-a26f-7b872f02ca94', qty=2)] atomic_update=True delay=0.0 drop=0
2026-08-17 15:33:24,125 - INFO - Failure injected for inventory reserve_stock INJECT_DELAY: 0, INJECT_DROP_RATE: 0
2026-08-17 15:33:24,127 - INFO - Request for reserve_stock successfully processed, order_id: order-90, result items: [{'sku': '4cc0770f-91bc-4c0d-a26f-7b872f02ca94', 'remaining': 498}], status: RESERVED
2026-08-17 15:33:24,135 - INFO - Request for reserve_stock, order_id: order-91, request: order_id='order-91' items=[CartItem(sku='4cc0770f-91bc-4c0d-a26f-7b872f02ca94', qty=2)] atomic_update=True delay=0.0 drop=0
2026-08-17 15:33:24,136 - INFO - Failure injected for inventory reserve_stock INJECT_DELAY: 0, INJECT_DROP_RATE: 0
2026-08-17 15:33:24,138 - INFO - Request for reserve_stock successfully processed, order_id: order-91, result items: [{'sku': '4cc0770f-91bc-4c0d-a26f-7b872f02ca94', 'remaining': 498}], status: RESERVED
2026-08-17 15:33:24,146 - INFO - Request for reserve_stock, order_id: order-92, request: order_id='order-92' items=[CartItem(sku='4cc0770f-91bc-4c0d-a26f-7b872f02ca94', qty=2)] atomic_update=True delay=0.0 drop=0
2026-08-17 15:33:24,146 - INFO - Failure injected for inventory reserve_stock INJECT_DELAY: 0, INJECT_DROP_RATE: 0
2026-08-17 15:33:24,148 - INFO - Request for reserve_stock successfully processed, order_id: order-92, result items: [{'sku': '4cc0770f-91bc-4c0d-a26f-7b872f02ca94', 'remaining': 498}], status: RESERVED
2026-08-17 15:33:24,156 - INFO - Request for reserve_stock, order_id: order-93, request: order_id='order-93' items=[CartItem(sku='4cc0770f-91bc-4c0d-a26f-7b872f02ca94', qty=2)] atomic_update=True delay=0.0 drop=0
2026-08-17 15:33:24,156 - INFO - Failure injected for inventory reserve_stock INJECT_DELAY: 0, INJECT_DROP_RATE: 0
2026-08-17 15:33:24,158 - INFO - Request for reserve_stock successfully processed, order_id: order-93, result items: [{'sku': '4cc0770f-91bc-4c0d-a26f-7b872f02ca94', 'remaining': 498}], status: RESERVED
2026-08-17 15:33:24,166 - INFO - Request for reserve_stock, order_id: order-94, request: order_id='order-94' items=[CartItem(sku='4cc0770f-91bc-4c0d-a26f-7b872f02ca94', qty=2)] atomic_update=True delay=0.0 drop=0
2026-08-17 15:33:24,167 - INFO - Failure injected for inventory reserve_stock INJECT_DELAY: 0, INJECT_DROP_RATE: 0
2026-08-17 15:33:24,169 - INFO - Request for reserve_stock successfully processed, order_id: order-94, result items: [{'sku': '4cc0770f-91bc-4c0d-a26f-7b872f02ca94', 'remaining': 498}], status: RESERVED
2026-08-17 15:33:24,178 - INFO - Request for reserve_stock, order_id: order-95, request: order_id='order-95' items=[CartItem(sku='4cc0770f-91bc-4c0d-a26f-7b872f02ca94', qty=2)] atomic_update=True delay=0.0 drop=0
2026-08-17 15:33:24,178 - INFO - Failure injected for inventory reserve_stock INJECT_DELAY: 0, INJECT_DROP_RATE: 0
2026-08-17 15:33:24,179 - INFO - Request for reserve_stock successfully processed, order_id: order-95, result items: [{'sku': '4cc0770f-91bc-4c0d-a26f-7b872f02ca94', 'remaining': 498}], status: RESERVED
2026-08-17 15:33:24,188 - INFO - Request for reserve_stock, order_id: order-96, request: order_id='order-96' items=[CartItem(sku='4cc0770f-91bc-4c0d-a26f-7b872f02ca94', qty=2)] atomic_update=True delay=0.0 drop=0
2026-08-17 15:33:24,188 - INFO - Failure injected for inventory reserve_stock INJECT_DELAY: 0, INJECT_DROP_RATE: 0
2026-08-17 15:33:24,190 - INFO - Request for reserve_stock successfully processed, order_id: order-96, result items: [{'sku': '4cc0770f-91bc-4c0d-a26f-7b872f02ca94', 'remaining': 498}], status: RESERVED
2026-08-17 15:33:24,198 - INFO - Request for reserve_stock, order_id: order-97, request: order_id='order-97' items=[CartItem(sku='4cc0770f-91bc-4c0d-a26f-7b872f02ca94', qty=2)] atomic_update=True delay=0.0 drop=0
2026-08-17 15:33:24,198 - INFO - Failure injected for inventory reserve_stock INJECT_DELAY: 0, INJECT_DROP_RATE: 0
2026-08-17 15:33:24,200 - INFO - Request for reserve_stock successfully processed, order_id: order-97, result items: [{'sku': '4cc0770f-91bc-4c0d-a26f-7b872f02ca94', 'remaining': 498}], status: RESERVED
2026-08-17 15:33:24,208 - INFO - Request for reserve_stock, order_id: order-98, request: order_id='order-98' items=[CartItem(sku='4cc0770f-91bc-4c0d-a26f-7b872f02ca94', qty=2)] atomic_update=True delay=0.0 drop=0
2026-08-17 15:33:24,208 - INFO - Failure injected for inventory reserve_stock INJECT_DELAY: 0, INJECT_DROP_RATE: 0
2026-08-17 15:33:24,210 - INFO - Request for reserve_stock successfully processed, order_id: order-98, result items: [{'sku': '4cc0770f-91bc-4c0d-a26f-7b872f02ca94', 'remaining': 498}], status: RESERVED
2026-08-17 15:33:24,218 - INFO - Request for reserve_stock, order_id: order-99, request: order_id='order-99' items=[CartItem(sku='4cc0770f-91bc-4c0d-a26f-7b872f02ca94', qty=2)] atomic_update=True delay=0.0 drop=0
2026-08-17 15:33:24,218 - INFO - Failure injected for inventory reserve_stock INJECT_DELAY: 0, INJECT_DROP_RATE: 0
2026-08-17 15:33:24,220 - INFO - Request for reserve_stock successfully processed, order_id: order-99, result items: [{'sku': '4cc0770f-91bc-4c0d-a26f-7b872f02ca94', 'remaining': 498}], status: RESERVED
2026-08-17 15:33:24,228 - INFO - Request for reserve_stock, order_id: order-100, request: order_id='order-100' items=[CartItem(sku='4cc0770f-91bc-4c0d-a26f-7b872f02ca94', qty=2)] atomic_update=True delay=0.0 drop=0
2026-08-17 15:33:24,228 - INFO - Failure injected for inventory reserve_stock INJECT_DELAY: 0, INJECT_DROP_RATE: 0
2026-08-17 15:33:24,230 - INFO - Request for reserve_stock successfully processed, order_id: order-100, result items: [{'sku': '4cc0770f-91bc-4c0d-a26f-7b872f02ca94', 'remaining': 498}], status: RESERVED
2026-08-17 15:33:24,238 - INFO - Request for reserve_stock, order_id: order-101, request: order_id='order-101' items=[CartItem(sku='4cc0770f-91bc-4c0d-a26f-7b872f02ca94', qty=2)] atomic_update=True delay=0.0 drop=0
2026-08-17 15:33:24,239 - INFO - Failure injected for inventory reserve_stock INJECT_DELAY: 0, INJECT_DROP_RATE: 0
2026-08-17 15:33:24,240 - INFO - Request for reserve_stock successfully processed, order_id: order-101, result items: [{'sku': '4cc0770f-91bc-4c0d-a26f-7b872f02ca94', 'remaining': 498}], status: RESERVED
2026-08-17 15:33:24,248 - INFO - Request for reserve_stock, order_id: order-102, request: order_id='order-102' items=[CartItem(sku='4cc0770f-91bc-4c0d-a26f-7b872f02ca94', qty=2)] atomic_update=True delay=0.0 drop=0
2026-08-17 15:33:24,248 - INFO - Failure injected for inventory reserve_stock INJECT_DELAY: 0, INJECT_DROP_RATE: 0
2026-08-17 15:33:24,250 - INFO - Request for reserve_stock successfully processed, order_id: order-102, result items: [{'sku': '4cc0770f-91bc-4c0d-a26f-7b872f02ca94', 'remaining': 498}], status: RESERVED
2026-08-17 15:33:24,259 - INFO - Request for reserve_stock, order_id: order-103, request: order_id='order-103' items=[CartItem(sku='4cc0770f-91bc-4c0d-a26f-7b872f02ca94', qty=2)] atomic_update=True delay=0.0 drop=0
2026-08-17 15:33:24,259 - INFO - Failure injected for inventory reserve_stock INJECT_DELAY: 0, INJECT_DROP_RATE: 0
2026-08-17 15:33:24,261 - INFO - Request for reserve_stock successfully processed, order_id: order-103, result items: [{'sku': '4cc0770f-91bc-4c0d-a26f-7b872f02ca94', 'remaining': 498}], status: RESERVED
2026-08-17 15:33:24,269 - INFO - Request for reserve_stock, order_id: order-104, request: order_id='order-104' items=[CartItem(sku='4cc0770f-91bc-4c0d-a26f-7b872f02ca94', qty=2)] atomic_update=True delay=0.0 drop=0
2026-08-17 15:33:24,270 - INFO - Failure injected for inventory reserve_stock INJECT_DELAY: 0, INJECT_DROP_RATE: 0
2026-08-17 15:33:24,271 - INFO - Request for reserve_stock successfully processed, order_id: order-104, result items: [{'sku': '4cc0770f-91bc-4c0d-a26f-7b872f02ca94', 'remaining': 498}], status: RESERVED
2026-08-17 15:33:24,279 - INFO - Request for reserve_stock, order_id: order-105, request: order_id='order-105' items=[CartItem(sku='4cc0770f-91bc-4c0d-a26f-7b872f02ca94', qty=2)] atomic_update=True delay=0.0 drop=0
2026-08-17 15:33:24,279 - INFO - Failure injected for inventory reserve_stock INJECT_DELAY: 0, INJECT_DROP_RATE: 0
2026-08-17 15:33:24,281 - INFO - Request for reserve_stock successfully processed, order_id: order-105, result items: [{'sku': '4cc0770f-91bc-4c0d-a26f-7b872f02ca94', 'remaining': 498}], status: RESERVED
2026-08-17 15:33:24,290 - INFO - Request for reserve_stock, order_id: order-106, request: order_id='order-106' items=[CartItem(sku='4cc0770f-91bc-4c0d-a26f-7b872f02ca94', qty=2)] atomic_update=True delay=0.0 drop=0
2026-08-17 15:33:24,290 - INFO - Failure injected for inventory reserve_stock INJECT_DELAY: 0, INJECT_DROP_RATE: 0
2026-08-17 15:33:24,292 - INFO - Request for reserve_stock successfully processed, order_id: order-106, result items: [{'sku': '4cc0770f-91bc-4c0d-a26f-7b872f02ca94', 'remaining': 498}], status: RESERVED
2026-08-17 15:33:24,300 - INFO - Request for reserve_stock, order_id: order-107, request: order_id='order-107' items=[CartItem(sku='4cc0770f-91bc-4c0d-a26f-7b872f02ca94', qty=2)] atomic_update=True delay=0.0 drop=0
2026-08-17 15:33:24,300 - INFO - Failure injected for inventory reserve_stock INJECT_DELAY: 0, INJECT_DROP_RATE: 0
2026-08-17 15:33:24,303 - INFO - Request for reserve_stock successfully processed, order_id: order-107, result items: [{'sku': '4cc0770f-91bc-4c0d-a26f-7b872f02ca94', 'remaining': 498}], status: RESERVED
2026-08-17 15:33:24,312 - INFO - Request for reserve_stock, order_id: order-108, request: order_id='order-108' items=[CartItem(sku='4cc0770f-91bc-4c0d-a26f-7b872f02ca94', qty=2)] atomic_update=True delay=0.0 drop=0
2026-08-17 15:33:24,312 - INFO - Failure injected for inventory reserve_stock INJECT_DELAY: 0, INJECT_DROP_RATE: 0
2026-08-17 15:33:24,314 - INFO - Request for reserve_stock successfully processed, order_id: order-108, result items: [{'sku': '4cc0770f-91bc-4c0d-a26f-7b872f02ca94', 'remaining': 498}], status: RESERVED
2026-08-17 15:33:24,323 - INFO - Request for reserve_stock, order_id: order-109, request: order_id='order-109' items=[CartItem(sku='4cc0770f-91bc-4c0d-a26f-7b872f02ca94', qty=2)] atomic_update=True delay=0.0 drop=0
2026-08-17 15:33:24,323 - INFO - Failure injected for inventory reserve_stock INJECT_DELAY: 0, INJECT_DROP_RATE: 0
2026-08-17 15:33:24,325 - INFO - Request for reserve_stock successfully processed, order_id: order-109, result items: [{'sku': '4cc0770f-91bc-4c0d-a26f-7b872f02ca94', 'remaining': 498}], status: RESERVED
2026-08-17 15:33:24,333 - INFO - Request for reserve_stock, order_id: order-110, request: order_id='order-110' items=[CartItem(sku='4cc0770f-91bc-4c0d-a26f-7b872f02ca94', qty=2)] atomic_update=True delay=0.0 drop=0
2026-08-17 15:33:24,333 - INFO - Failure injected for inventory reserve_stock INJECT_DELAY: 0, INJECT_DROP_RATE: 0
2026-08-17 15:33:24,335 - INFO - Request for reserve_stock successfully processed, order_id: order-110, result items: [{'sku': '4cc0770f-91bc-4c0d-a26f-7b872f02ca94', 'remaining': 498}], status: RESERVED
2026-08-17 15:33:24,343 - INFO - Request for reserve_stock, order_id: order-111, request: order_id='order-111' items=[CartItem(sku='4cc0770f-91bc-4c0d-a26f-7b872f02ca94', qty=2)] atomic_update=True delay=0.0 drop=0
2026-08-17 15:33:24,344 - INFO - Failure injected for inventory reserve_stock INJECT_DELAY: 0, INJECT_DROP_RATE: 0
2026-08-17 15:33:24,345 - INFO - Request for reserve_stock successfully processed, order_id: order-111, result items: [{'sku': '4cc0770f-91bc-4c0d-a26f-7b872f02ca94', 'remaining': 498}], status: RESERVED
2026-08-17 15:33:24,355 - INFO - Request for reserve_stock, order_id: order-112, request: order_id='order-112' items=[CartItem(sku='4cc0770f-91bc-4c0d-a26f-7b872f02ca94', qty=2)] atomic_update=True delay=0.0 drop=0
2026-08-17 15:33:24,355 - INFO - Failure injected for inventory reserve_stock INJECT_DELAY: 0, INJECT_DROP_RATE: 0
2026-08-17 15:33:24,356 - INFO - Request for reserve_stock successfully processed, order_id: order-112, result items: [{'sku': '4cc0770f-91bc-4c0d-a26f-7b872f02ca94', 'remaining': 498}], status: RESERVED
2026-08-17 15:33:24,365 - INFO - Request for reserve_stock, order_id: order-113, request: order_id='order-113' items=[CartItem(sku='4cc0770f-91bc-4c0d-a26f-7b872f02ca94', qty=2)] atomic_update=True delay=0.0 drop=0
2026-08-17 15:33:24,365 - INFO - Failure injected for inventory reserve_stock INJECT_DELAY: 0, INJECT_DROP_RATE: 0
2026-08-17 15:33:24,366 - INFO - Request for reserve_stock successfully processed, order_id: order-113, result items: [{'sku': '4cc0770f-91bc-4c0d-a26f-7b872f02ca94', 'remaining': 498}], status: RESERVED
2026-08-17 15:33:24,375 - INFO - Request for reserve_stock, order_id: order-114, request: order_id='order-114' items=[CartItem(sku='4cc0770f-91bc-4c0d-a26f-7b872f02ca94', qty=2)] atomic_update=True delay=0.0 drop=0
2026-08-17 15:33:24,375 - INFO - Failure injected for inventory reserve_stock INJECT_DELAY: 0, INJECT_DROP_RATE: 0
2026-08-17 15:33:24,377 - INFO - Request for reserve_stock successfully processed, order_id: order-114, result items: [{'sku': '4cc0770f-91bc-4c0d-a26f-7b872f02ca94', 'remaining': 498}], status: RESERVED
2026-08-17 15:33:24,386 - INFO - Request for reserve_stock, order_id: order-115, request: order_id='order-115' items=[CartItem(sku='4cc0770f-91bc-4c0d-a26f-7b872f02ca94', qty=2)] atomic_update=True delay=0.0 drop=0
2026-08-17 15:33:24,386 - INFO - Failure injected for inventory reserve_stock INJECT_DELAY: 0, INJECT_DROP_RATE: 0
2026-08-17 15:33:24,388 - INFO - Request for reserve_stock successfully processed, order_id: order-115, result items: [{'sku': '4cc0770f-91bc-4c0d-a26f-7b872f02ca94', 'remaining': 498}], status: RESERVED
2026-08-17 15:33:24,396 - INFO - Request for reserve_stock, order_id: order-116, request: order_id='order-116' items=[CartItem(sku='4cc0770f-91bc-4c0d-a26f-7b872f02ca94', qty=2)] atomic_update=True delay=0.0 drop=0
2026-08-17 15:33:24,396 - INFO - Failure injected for inventory reserve_stock INJECT_DELAY: 0, INJECT_DROP_RATE: 0
2026-08-17 15:33:24,397 - INFO - Request for reserve_stock successfully processed, order_id: order-116, result items: [{'sku': '4cc0770f-91bc-4c0d-a26f-7b872f02ca94', 'remaining': 498}], status: RESERVED
2026-08-17 15:33:24,406 - INFO - Request for reserve_stock, order_id: order-117, request: order_id='order-117' items=[CartItem(sku='4cc0770f-91bc-4c0d-a26f-7b872f02ca94', qty=2)] atomic_update=True delay=0.0 drop=0
2026-08-17 15:33:24,406 - INFO - Failure injected for inventory reserve_stock INJECT_DELAY: 0, INJECT_DROP_RATE: 0
2026-08-17 15:33:24,408 - INFO - Request for reserve_stock successfully processed, order_id: order-117, result items: [{'sku': '4cc0770f-91bc-4c0d-a26f-7b872f02ca94', 'remaining': 498}], status: RESERVED
2026-08-17 15:33:24,416 - INFO - Request for reserve_stock, order_id: order-118, request: order_id='order-118' items=[CartItem(sku='4cc0770f-91bc-4c0d-a26f-7b872f02ca94', qty=2)] atomic_update=True delay=0.0 drop=0
2026-08-17 15:33:24,416 - INFO - Failure injected for inventory reserve_stock INJECT_DELAY: 0, INJECT_DROP_RATE: 0
2026-08-17 15:33:24,418 - INFO - Request for reserve_stock successfully processed, order_id: order-118, result items: [{'sku': '4cc0770f-91bc-4c0d-a26f-7b872f02ca94', 'remaining': 498}], status: RESERVED
2026-08-17 15:33:24,426 - INFO - Request for reserve_stock, order_id: order-119, request: order_id='order-119' items=[CartItem(sku='4cc0770f-91bc-4c0d-a26f-7b872f02ca94', qty=2)] atomic_update=True delay=0.0 drop=0
2026-08-17 15:33:24,426 - INFO - Failure injected for inventory reserve_stock INJECT_DELAY: 0, INJECT_DROP_RATE: 0
2026-08-17 15:33:24,428 - INFO - Request for reserve_stock successfully processed, order_id: order-119, result items: [{'sku': '4cc0770f-91bc-4c0d-a26f-7b872f02ca94', 'remaining': 498}], status: RESERVED
2026-08-17 15:33:24,438 - INFO - Request for reserve_stock, order_id: order-120, request: order_id='order-120' items=[CartItem(sku='4cc0770f-91bc-4c0d-a26f-7b872f02ca94', qty=2)] atomic_update=True delay=0.0 drop=0
2026-08-17 15:33:24,438 - INFO - Failure injected for inventory reserve_stock INJECT_DELAY: 0, INJECT_DROP_RATE: 0
2026-08-17 15:33:24,439 - INFO - Request for reserve_stock successfully processed, order_id: order-120, result items: [{'sku': '4cc0770f-91bc-4c0d-a26f-7b872f02ca94', 'remaining': 498}], status: RESERVED
2026-08-17 15:33:24,447 - INFO - Request for reserve_stock, order_id: order-121, request: order_id='order-121' items=[CartItem(sku='4cc0770f-91bc-4c0d-a26f-7b872f02ca94', qty=2)] atomic_update=True delay=0.0 drop=0
2026-08-17 15:33:24,447 - INFO - Failure injected for inventory reserve_stock INJECT_DELAY: 0, INJECT_DROP_RATE: 0
2026-08-17 15:33:24,449 - INFO - Request for reserve_stock successfully processed, order_id: order-121, result items: [{'sku': '4cc0770f-91bc-4c0d-a26f-7b872f02ca94', 'remaining': 498}], status: RESERVED
2026-08-17 15:33:24,458 - INFO - Request for reserve_stock, order_id: order-122, request: order_id='order-122' items=[CartItem(sku='4cc0770f-91bc-4c0d-a26f-7b872f02ca94', qty=2)] atomic_update=True delay=0.0 drop=0
2026-08-17 15:33:24,458 - INFO - Failure injected for inventory reserve_stock INJECT_DELAY: 0, INJECT_DROP_RATE: 0
2026-08-17 15:33:24,460 - INFO - Request for reserve_stock successfully processed, order_id: order-122, result items: [{'sku': '4cc0770f-91bc-4c0d-a26f-7b872f02ca94', 'remaining': 498}], status: RESERVED
2026-08-17 15:33:24,468 - INFO - Request for reserve_stock, order_id: order-123, request: order_id='order-123' items=[CartItem(sku='4cc0770f-91bc-4c0d-a26f-7b872f02ca94', qty=2)] atomic_update=True delay=0.0 drop=0
2026-08-17 15:33:24,468 - INFO - Failure injected for inventory reserve_stock INJECT_DELAY: 0, INJECT_DROP_RATE: 0
2026-08-17 15:33:24,470 - INFO - Request for reserve_stock successfully processed, order_id: order-123, result items: [{'sku': '4cc0770f-91bc-4c0d-a26f-7b872f02ca94', 'remaining': 498}], status: RESERVED
2026-08-17 15:33:24,478 - INFO - Request for reserve_stock, order_id: order-124, request: order_id='order-124' items=[CartItem(sku='4cc0770f-91bc-4c0d-a26f-7b872f02ca94', qty=2)] atomic_update=True delay=0.0 drop=0
2026-08-17 15:33:24,478 - INFO - Failure injected for inventory reserve_stock INJECT_DELAY: 0, INJECT_DROP_RATE: 0
2026-08-17 15:33:24,480 - INFO - Request for reserve_stock successfully processed, order_id: order-124, result items: [{'sku': '4cc0770f-91bc-4c0d-a26f-7b872f02ca94', 'remaining': 498}], status: RESERVED
2026-08-17 15:33:24,488 - INFO - Request for reserve_stock, order_id: order-125, request: order_id='order-125' items=[CartItem(sku='4cc0770f-91bc-4c0d-a26f-7b872f02ca94', qty=2)] atomic_update=True delay=0.0 drop=0
2026-08-17 15:33:24,488 - INFO - Failure injected for inventory reserve_stock INJECT_DELAY: 0, INJECT_DROP_RATE: 0
2026-08-17 15:33:24,490 - INFO - Request for reserve_stock successfully processed, order_id: order-125, result items: [{'sku': '4cc0770f-91bc-4c0d-a26f-7b872f02ca94', 'remaining': 498}], status: RESERVED
2026-08-17 15:33:24,498 - INFO - Request for reserve_stock, order_id: order-126, request: order_id='order-126' items=[CartItem(sku='4cc0770f-91bc-4c0d-a26f-7b872f02ca94', qty=2)] atomic_update=True delay=0.0 drop=0
2026-08-17 15:33:24,498 - INFO - Failure injected for inventory reserve_stock INJECT_DELAY: 0, INJECT_DROP_RATE: 0
2026-08-17 15:33:24,500 - INFO - Request for reserve_stock successfully processed, order_id: order-126, result items: [{'sku': '4cc0770f-91bc-4c0d-a26f-7b872f02ca94', 'remaining': 498}], status: RESERVED
2026-08-17 15:33:24,508 - INFO - Request for reserve_stock, order_id: order-127, request: order_id='order-127' items=[CartItem(sku='4cc0770f-91bc-4c0d-a26f-7b872f02ca94', qty=2)] atomic_update=True delay=0.0 drop=0
2026-08-17 15:33:24,508 - INFO - Failure injected for inventory reserve_stock INJECT_DELAY: 0, INJECT_DROP_RATE: 0
2026-08-17 15:33:24,510 - INFO - Request for reserve_stock successfully processed, order_id: order-127, result items: [{'sku': '4cc0770f-91bc-4c0d-a26f-7b872f02ca94', 'remaining': 498}], status: RESERVED
2026-08-17 15:33:24,518 - INFO - Request for reserve_stock, order_id: order-128, request: order_id='order-128' items=[CartItem(sku='4cc0770f-91bc-4c0d-a26f-7b872f02ca94', qty=2)] atomic_update=True delay=0.0 drop=0
2026-08-17 15:33:24,518 - INFO - Failure injected for inventory reserve_stock INJECT_DELAY: 0, INJECT_DROP_RATE: 0
2026-08-17 15:33:24,520 - INFO - Request for reserve_stock successfully processed, order_id: order-128, result items: [{'sku': '4cc0770f-91bc-4c0d-a26f-7b872f02ca94', 'remaining': 498}], status: RESERVED
2026-08-17 15:33:24,528 - INFO - Request for reserve_stock, order_id: order-129, request: order_id='order-129' items=[CartItem(sku='4cc0770f-91bc-4c0d-a26f-7b872f02ca94', qty=2)] atomic_update=True delay=0.0 drop=0
2026-08-17 15:33:24,528 - INFO - Failure injected for inventory reserve_stock INJECT_DELAY: 0, INJECT_DROP_RATE: 0
2026-08-17 15:33:24,530 - INFO - Request for reserve_stock successfully processed, order_id: order-129, result items: [{'sku': '4cc0770f-91bc-4c0d-a26f-7b872f02ca94', 'remaining': 498}], status: RESERVED
2026-08-17 15:33:24,539 - INFO - Request for reserve_stock, order_id: order-130, request: order_id='order-130' items=[CartItem(sku='4cc0770f-91bc-4c0d-a26f-7b872f02ca94', qty=2)] atomic_update=True delay=0.0 drop=0
2026-08-17 15:33:24,539 - INFO - Failure injected for inventory reserve_stock INJECT_DELAY: 0, INJECT_DROP_RATE: 0
2026-08-17 15:33:24,541 - INFO - Request for reserve_stock successfully processed, order_id: order-130, result items: [{'sku': '4cc0770f-91bc-4c0d-a26f-7b872f02ca94', 'remaining': 498}], status: RESERVED
2026-08-17 15:33:24,549 - INFO - Request for reserve_stock, order_id: order-131, request: order_id='order-131' items=[CartItem(sku='4cc0770f-91bc-4c0d-a26f-7b872f02ca94', qty=2)] atomic_update=True delay=0.0 drop=0
2026-08-17 15:33:24,549 - INFO - Failure injected for inventory reserve_stock INJECT_DELAY: 0, INJECT_DROP_RATE: 0
2026-08-17 15:33:24,552 - INFO - Request for reserve_stock successfully processed, order_id: order-131, result items: [{'sku': '4cc0770f-91bc-4c0d-a26f-7b872f02ca94', 'remaining': 498}], status: RESERVED
2026-08-17 15:33:24,562 - INFO - Request for reserve_stock, order_id: order-132, request: order_id='order-132' items=[CartItem(sku='4cc0770f-91bc-4c0d-a26f-7b872f02ca94', qty=2)] atomic_update=True delay=0.0 drop=0
2026-08-17 15:33:24,562 - INFO - Failure injected for inventory reserve_stock INJECT_DELAY: 0, INJECT_DROP_RATE: 0
2026-08-17 15:33:24,564 - INFO - Request for reserve_stock successfully processed, order_id: order-132, result items: [{'sku': '4cc0770f-91bc-4c0d-a26f-7b872f02ca94', 'remaining': 498}], status: RESERVED
2026-08-17 15:33:24,576 - INFO - Request for reserve_stock, order_id: order-133, request: order_id='order-133' items=[CartItem(sku='4cc0770f-91bc-4c0d-a26f-7b872f02ca94', qty=2)] atomic_update=True delay=0.0 drop=0
2026-08-17 15:33:24,577 - INFO - Failure injected for inventory reserve_stock INJECT_DELAY: 0, INJECT_DROP_RATE: 0
2026-08-17 15:33:24,578 - INFO - Request for reserve_stock successfully processed, order_id: order-133, result items: [{'sku': '4cc0770f-91bc-4c0d-a26f-7b872f02ca94', 'remaining': 498}], status: RESERVED
2026-08-17 15:33:24,589 - INFO - Request for reserve_stock, order_id: order-134, request: order_id='order-134' items=[CartItem(sku='4cc0770f-91bc-4c0d-a26f-7b872f02ca94', qty=2)] atomic_update=True delay=0.0 drop=0
2026-08-17 15:33:24,589 - INFO - Failure injected for inventory reserve_stock INJECT_DELAY: 0, INJECT_DROP_RATE: 0
2026-08-17 15:33:24,591 - INFO - Request for reserve_stock successfully processed, order_id: order-134, result items: [{'sku': '4cc0770f-91bc-4c0d-a26f-7b872f02ca94', 'remaining': 498}], status: RESERVED
2026-08-17 15:33:24,600 - INFO - Request for reserve_stock, order_id: order-135, request: order_id='order-135' items=[CartItem(sku='4cc0770f-91bc-4c0d-a26f-7b872f02ca94', qty=2)] atomic_update=True delay=0.0 drop=0
2026-08-17 15:33:24,601 - INFO - Failure injected for inventory reserve_stock INJECT_DELAY: 0, INJECT_DROP_RATE: 0
2026-08-17 15:33:24,603 - INFO - Request for reserve_stock successfully processed, order_id: order-135, result items: [{'sku': '4cc0770f-91bc-4c0d-a26f-7b872f02ca94', 'remaining': 498}], status: RESERVED
2026-08-17 15:33:24,612 - INFO - Request for reserve_stock, order_id: order-136, request: order_id='order-136' items=[CartItem(sku='4cc0770f-91bc-4c0d-a26f-7b872f02ca94', qty=2)] atomic_update=True delay=0.0 drop=0
2026-08-17 15:33:24,612 - INFO - Failure injected for inventory reserve_stock INJECT_DELAY: 0, INJECT_DROP_RATE: 0
2026-08-17 15:33:24,614 - INFO - Request for reserve_stock successfully processed, order_id: order-136, result items: [{'sku': '4cc0770f-91bc-4c0d-a26f-7b872f02ca94', 'remaining': 498}], status: RESERVED
2026-08-17 15:33:24,624 - INFO - Request for reserve_stock, order_id: order-137, request: order_id='order-137' items=[CartItem(sku='4cc0770f-91bc-4c0d-a26f-7b872f02ca94', qty=2)] atomic_update=True delay=0.0 drop=0
2026-08-17 15:33:24,624 - INFO - Failure injected for inventory reserve_stock INJECT_DELAY: 0, INJECT_DROP_RATE: 0
2026-08-17 15:33:24,626 - INFO - Request for reserve_stock successfully processed, order_id: order-137, result items: [{'sku': '4cc0770f-91bc-4c0d-a26f-7b872f02ca94', 'remaining': 498}], status: RESERVED
2026-08-17 15:33:24,635 - INFO - Request for reserve_stock, order_id: order-138, request: order_id='order-138' items=[CartItem(sku='4cc0770f-91bc-4c0d-a26f-7b872f02ca94', qty=2)] atomic_update=True delay=0.0 drop=0
2026-08-17 15:33:24,635 - INFO - Failure injected for inventory reserve_stock INJECT_DELAY: 0, INJECT_DROP_RATE: 0
2026-08-17 15:33:24,637 - INFO - Request for reserve_stock successfully processed, order_id: order-138, result items: [{'sku': '4cc0770f-91bc-4c0d-a26f-7b872f02ca94', 'remaining': 498}], status: RESERVED
2026-08-17 15:33:24,646 - INFO - Request for reserve_stock, order_id: order-139, request: order_id='order-139' items=[CartItem(sku='4cc0770f-91bc-4c0d-a26f-7b872f02ca94', qty=2)] atomic_update=True delay=0.0 drop=0
2026-08-17 15:33:24,646 - INFO - Failure injected for inventory reserve_stock INJECT_DELAY: 0, INJECT_DROP_RATE: 0
2026-08-17 15:33:24,648 - INFO - Request for reserve_stock successfully processed, order_id: order-139, result items: [{'sku': '4cc0770f-91bc-4c0d-a26f-7b872f02ca94', 'remaining': 498}], status: RESERVED
2026-08-17 15:33:24,658 - INFO - Request for reserve_stock, order_id: order-140, request: order_id='order-140' items=[CartItem(sku='4cc0770f-91bc-4c0d-a26f-7b872f02ca94', qty=2)] atomic_update=True delay=0.0 drop=0
2026-08-17 15:33:24,658 - INFO - Failure injected for inventory reserve_stock INJECT_DELAY: 0, INJECT_DROP_RATE: 0
2026-08-17 15:33:24,660 - INFO - Request for reserve_stock successfully processed, order_id: order-140, result items: [{'sku': '4cc0770f-91bc-4c0d-a26f-7b872f02ca94', 'remaining': 498}], status: RESERVED
2026-08-17 15:33:24,669 - INFO - Request for reserve_stock, order_id: order-141, request: order_id='order-141' items=[CartItem(sku='4cc0770f-91bc-4c0d-a26f-7b872f02ca94', qty=2)] atomic_update=True delay=0.0 drop=0
2026-08-17 15:33:24,669 - INFO - Failure injected for inventory reserve_stock INJECT_DELAY: 0, INJECT_DROP_RATE: 0
2026-08-17 15:33:24,671 - INFO - Request for reserve_stock successfully processed, order_id: order-141, result items: [{'sku': '4cc0770f-91bc-4c0d-a26f-7b872f02ca94', 'remaining': 498}], status: RESERVED
2026-08-17 15:33:24,680 - INFO - Request for reserve_stock, order_id: order-142, request: order_id='order-142' items=[CartItem(sku='4cc0770f-91bc-4c0d-a26f-7b872f02ca94', qty=2)] atomic_update=True delay=0.0 drop=0
2026-08-17 15:33:24,680 - INFO - Failure injected for inventory reserve_stock INJECT_DELAY: 0, INJECT_DROP_RATE: 0
2026-08-17 15:33:24,682 - INFO - Request for reserve_stock successfully processed, order_id: order-142, result items: [{'sku': '4cc0770f-91bc-4c0d-a26f-7b872f02ca94', 'remaining': 498}], status: RESERVED
2026-08-17 15:33:24,691 - INFO - Request for reserve_stock, order_id: order-143, request: order_id='order-143' items=[CartItem(sku='4cc0770f-91bc-4c0d-a26f-7b872f02ca94', qty=2)] atomic_update=True delay=0.0 drop=0
2026-08-17 15:33:24,691 - INFO - Failure injected for inventory reserve_stock INJECT_DELAY: 0, INJECT_DROP_RATE: 0
2026-08-17 15:33:24,693 - INFO - Request for reserve_stock successfully processed, order_id: order-143, result items: [{'sku': '4cc0770f-91bc-4c0d-a26f-7b872f02ca94', 'remaining': 498}], status: RESERVED
2026-08-17 15:33:24,702 - INFO - Request for reserve_stock, order_id: order-144, request: order_id='order-144' items=[CartItem(sku='4cc0770f-91bc-4c0d-a26f-7b872f02ca94', qty=2)] atomic_update=True delay=0.0 drop=0
2026-08-17 15:33:24,702 - INFO - Failure injected for inventory reserve_stock INJECT_DELAY: 0, INJECT_DROP_RATE: 0
2026-08-17 15:33:24,704 - INFO - Request for reserve_stock successfully processed, order_id: order-144, result items: [{'sku': '4cc0770f-91bc-4c0d-a26f-7b872f02ca94', 'remaining': 498}], status: RESERVED
2026-08-17 15:33:24,713 - INFO - Request for reserve_stock, order_id: order-145, request: order_id='order-145' items=[CartItem(sku='4cc0770f-91bc-4c0d-a26f-7b872f02ca94', qty=2)] atomic_update=True delay=0.0 drop=0
2026-08-17 15:33:24,713 - INFO - Failure injected for inventory reserve_stock INJECT_DELAY: 0, INJECT_DROP_RATE: 0
2026-08-17 15:33:24,715 - INFO - Request for reserve_stock successfully processed, order_id: order-145, result items: [{'sku': '4cc0770f-91bc-4c0d-a26f-7b872f02ca94', 'remaining': 498}], status: RESERVED
2026-08-17 15:33:24,725 - INFO - Request for reserve_stock, order_id: order-146, request: order_id='order-146' items=[CartItem(sku='4cc0770f-91bc-4c0d-a26f-7b872f02ca94', qty=2)] atomic_update=True delay=0.0 drop=0
2026-08-17 15:33:24,726 - INFO - Failure injected for inventory reserve_stock INJECT_DELAY: 0, INJECT_DROP_RATE: 0
2026-08-17 15:33:24,728 - INFO - Request for reserve_stock successfully processed, order_id: order-146, result items: [{'sku': '4cc0770f-91bc-4c0d-a26f-7b872f02ca94', 'remaining': 498}], status: RESERVED
2026-08-17 15:33:24,738 - INFO - Request for reserve_stock, order_id: order-147, request: order_id='order-147' items=[CartItem(sku='4cc0770f-91bc-4c0d-a26f-7b872f02ca94', qty=2)] atomic_update=True delay=0.0 drop=0
2026-08-17 15:33:24,738 - INFO - Failure injected for inventory reserve_stock INJECT_DELAY: 0, INJECT_DROP_RATE: 0
2026-08-17 15:33:24,740 - INFO - Request for reserve_stock successfully processed, order_id: order-147, result items: [{'sku': '4cc0770f-91bc-4c0d-a26f-7b872f02ca94', 'remaining': 498}], status: RESERVED
2026-08-17 15:33:24,751 - INFO - Request for reserve_stock, order_id: order-148, request: order_id='order-148' items=[CartItem(sku='4cc0770f-91bc-4c0d-a26f-7b872f02ca94', qty=2)] atomic_update=True delay=0.0 drop=0
2026-08-17 15:33:24,751 - INFO - Failure injected for inventory reserve_stock INJECT_DELAY: 0, INJECT_DROP_RATE: 0
2026-08-17 15:33:24,753 - INFO - Request for reserve_stock successfully processed, order_id: order-148, result items: [{'sku': '4cc0770f-91bc-4c0d-a26f-7b872f02ca94', 'remaining': 498}], status: RESERVED
2026-08-17 15:33:24,762 - INFO - Request for reserve_stock, order_id: order-149, request: order_id='order-149' items=[CartItem(sku='4cc0770f-91bc-4c0d-a26f-7b872f02ca94', qty=2)] atomic_update=True delay=0.0 drop=0
2026-08-17 15:33:24,763 - INFO - Failure injected for inventory reserve_stock INJECT_DELAY: 0, INJECT_DROP_RATE: 0
2026-08-17 15:33:24,764 - INFO - Request for reserve_stock successfully processed, order_id: order-149, result items: [{'sku': '4cc0770f-91bc-4c0d-a26f-7b872f02ca94', 'remaining': 498}], status: RESERVED
2026-08-17 15:33:24,774 - INFO - Request for reserve_stock, order_id: order-150, request: order_id='order-150' items=[CartItem(sku='4cc0770f-91bc-4c0d-a26f-7b872f02ca94', qty=2)] atomic_update=True delay=0.0 drop=0
2026-08-17 15:33:24,774 - INFO - Failure injected for inventory reserve_stock INJECT_DELAY: 0, INJECT_DROP_RATE: 0
2026-08-17 15:33:24,777 - INFO - Request for reserve_stock successfully processed, order_id: order-150, result items: [{'sku': '4cc0770f-91bc-4c0d-a26f-7b872f02ca94', 'remaining': 498}], status: RESERVED
2026-08-17 15:33:24,787 - INFO - Request for reserve_stock, order_id: order-151, request: order_id='order-151' items=[CartItem(sku='4cc0770f-91bc-4c0d-a26f-7b872f02ca94', qty=2)] atomic_update=True delay=0.0 drop=0
2026-08-17 15:33:24,787 - INFO - Failure injected for inventory reserve_stock INJECT_DELAY: 0, INJECT_DROP_RATE: 0
2026-08-17 15:33:24,789 - INFO - Request for reserve_stock successfully processed, order_id: order-151, result items: [{'sku': '4cc0770f-91bc-4c0d-a26f-7b872f02ca94', 'remaining': 498}], status: RESERVED
2026-08-17 15:33:24,798 - INFO - Request for reserve_stock, order_id: order-152, request: order_id='order-152' items=[CartItem(sku='4cc0770f-91bc-4c0d-a26f-7b872f02ca94', qty=2)] atomic_update=True delay=0.0 drop=0
2026-08-17 15:33:24,798 - INFO - Failure injected for inventory reserve_stock INJECT_DELAY: 0, INJECT_DROP_RATE: 0
2026-08-17 15:33:24,800 - INFO - Request for reserve_stock successfully processed, order_id: order-152, result items: [{'sku': '4cc0770f-91bc-4c0d-a26f-7b872f02ca94', 'remaining': 498}], status: RESERVED
2026-08-17 15:33:24,810 - INFO - Request for reserve_stock, order_id: order-153, request: order_id='order-153' items=[CartItem(sku='4cc0770f-91bc-4c0d-a26f-7b872f02ca94', qty=2)] atomic_update=True delay=0.0 drop=0
2026-08-17 15:33:24,810 - INFO - Failure injected for inventory reserve_stock INJECT_DELAY: 0, INJECT_DROP_RATE: 0
2026-08-17 15:33:24,812 - INFO - Request for reserve_stock successfully processed, order_id: order-153, result items: [{'sku': '4cc0770f-91bc-4c0d-a26f-7b872f02ca94', 'remaining': 498}], status: RESERVED
2026-08-17 15:33:24,823 - INFO - Request for reserve_stock, order_id: order-154, request: order_id='order-154' items=[CartItem(sku='4cc0770f-91bc-4c0d-a26f-7b872f02ca94', qty=2)] atomic_update=True delay=0.0 drop=0
2026-08-17 15:33:24,823 - INFO - Failure injected for inventory reserve_stock INJECT_DELAY: 0, INJECT_DROP_RATE: 0
2026-08-17 15:33:24,825 - INFO - Request for reserve_stock successfully processed, order_id: order-154, result items: [{'sku': '4cc0770f-91bc-4c0d-a26f-7b872f02ca94', 'remaining': 498}], status: RESERVED
2026-08-17 15:33:24,833 - INFO - Request for reserve_stock, order_id: order-155, request: order_id='order-155' items=[CartItem(sku='4cc0770f-91bc-4c0d-a26f-7b872f02ca94', qty=2)] atomic_update=True delay=0.0 drop=0
2026-08-17 15:33:24,834 - INFO - Failure injected for inventory reserve_stock INJECT_DELAY: 0, INJECT_DROP_RATE: 0
2026-08-17 15:33:24,836 - INFO - Request for reserve_stock successfully processed, order_id: order-155, result items: [{'sku': '4cc0770f-91bc-4c0d-a26f-7b872f02ca94', 'remaining': 498}], status: RESERVED
2026-08-17 15:33:24,845 - INFO - Request for reserve_stock, order_id: order-156, request: order_id='order-156' items=[CartItem(sku='4cc0770f-91bc-4c0d-a26f-7b872f02ca94', qty=2)] atomic_update=True delay=0.0 drop=0
2026-08-17 15:33:24,845 - INFO - Failure injected for inventory reserve_stock INJECT_DELAY: 0, INJECT_DROP_RATE: 0
2026-08-17 15:33:24,847 - INFO - Request for reserve_stock successfully processed, order_id: order-156, result items: [{'sku': '4cc0770f-91bc-4c0d-a26f-7b872f02ca94', 'remaining': 498}], status: RESERVED
2026-08-17 15:33:24,857 - INFO - Request for reserve_stock, order_id: order-157, request: order_id='order-157' items=[CartItem(sku='4cc0770f-91bc-4c0d-a26f-7b872f02ca94', qty=2)] atomic_update=True delay=0.0 drop=0
2026-08-17 15:33:24,857 - INFO - Failure injected for inventory reserve_stock INJECT_DELAY: 0, INJECT_DROP_RATE: 0
2026-08-17 15:33:24,859 - INFO - Request for reserve_stock successfully processed, order_id: order-157, result items: [{'sku': '4cc0770f-91bc-4c0d-a26f-7b872f02ca94', 'remaining': 498}], status: RESERVED
2026-08-17 15:33:24,869 - INFO - Request for reserve_stock, order_id: order-158, request: order_id='order-158' items=[CartItem(sku='4cc0770f-91bc-4c0d-a26f-7b872f02ca94', qty=2)] atomic_update=True delay=0.0 drop=0
2026-08-17 15:33:24,869 - INFO - Failure injected for inventory reserve_stock INJECT_DELAY: 0, INJECT_DROP_RATE: 0
2026-08-17 15:33:24,871 - INFO - Request for reserve_stock successfully processed, order_id: order-158, result items: [{'sku': '4cc0770f-91bc-4c0d-a26f-7b872f02ca94', 'remaining': 498}], status: RESERVED
2026-08-17 15:33:24,881 - INFO - Request for reserve_stock, order_id: order-159, request: order_id='order-159' items=[CartItem(sku='4cc0770f-91bc-4c0d-a26f-7b872f02ca94', qty=2)] atomic_update=True delay=0.0 drop=0
2026-08-17 15:33:24,881 - INFO - Failure injected for inventory reserve_stock INJECT_DELAY: 0, INJECT_DROP_RATE: 0
2026-08-17 15:33:24,883 - INFO - Request for reserve_stock successfully processed, order_id: order-159, result items: [{'sku': '4cc0770f-91bc-4c0d-a26f-7b872f02ca94', 'remaining': 498}], status: RESERVED
2026-08-17 15:33:24,892 - INFO - Request for reserve_stock, order_id: order-160, request: order_id='order-160' items=[CartItem(sku='4cc0770f-91bc-4c0d-a26f-7b872f02ca94', qty=2)] atomic_update=True delay=0.0 drop=0
2026-08-17 15:33:24,892 - INFO - Failure injected for inventory reserve_stock INJECT_DELAY: 0, INJECT_DROP_RATE: 0
2026-08-17 15:33:24,893 - INFO - Request for reserve_stock successfully processed, order_id: order-160, result items: [{'sku': '4cc0770f-91bc-4c0d-a26f-7b872f02ca94', 'remaining': 498}], status: RESERVED
2026-08-17 15:33:24,903 - INFO - Request for reserve_stock, order_id: order-161, request: order_id='order-161' items=[CartItem(sku='4cc0770f-91bc-4c0d-a26f-7b872f02ca94', qty=2)] atomic_update=True delay=0.0 drop=0
2026-08-17 15:33:24,903 - INFO - Failure injected for inventory reserve_stock INJECT_DELAY: 0, INJECT_DROP_RATE: 0
2026-08-17 15:33:24,905 - INFO - Request for reserve_stock successfully processed, order_id: order-161, result items: [{'sku': '4cc0770f-91bc-4c0d-a26f-7b872f02ca94', 'remaining': 498}], status: RESERVED
2026-08-17 15:33:24,916 - INFO - Request for reserve_stock, order_id: order-162, request: order_id='order-162' items=[CartItem(sku='4cc0770f-91bc-4c0d-a26f-7b872f02ca94', qty=2)] atomic_update=True delay=0.0 drop=0
2026-08-17 15:33:24,916 - INFO - Failure injected for inventory reserve_stock INJECT_DELAY: 0, INJECT_DROP_RATE: 0
2026-08-17 15:33:24,919 - INFO - Request for reserve_stock successfully processed, order_id: order-162, result items: [{'sku': '4cc0770f-91bc-4c0d-a26f-7b872f02ca94', 'remaining': 498}], status: RESERVED
2026-08-17 15:33:24,927 - INFO - Request for reserve_stock, order_id: order-163, request: order_id='order-163' items=[CartItem(sku='4cc0770f-91bc-4c0d-a26f-7b872f02ca94', qty=2)] atomic_update=True delay=0.0 drop=0
2026-08-17 15:33:24,928 - INFO - Failure injected for inventory reserve_stock INJECT_DELAY: 0, INJECT_DROP_RATE: 0
2026-08-17 15:33:24,929 - INFO - Request for reserve_stock successfully processed, order_id: order-163, result items: [{'sku': '4cc0770f-91bc-4c0d-a26f-7b872f02ca94', 'remaining': 498}], status: RESERVED
2026-08-17 15:33:24,938 - INFO - Request for reserve_stock, order_id: order-164, request: order_id='order-164' items=[CartItem(sku='4cc0770f-91bc-4c0d-a26f-7b872f02ca94', qty=2)] atomic_update=True delay=0.0 drop=0
2026-08-17 15:33:24,938 - INFO - Failure injected for inventory reserve_stock INJECT_DELAY: 0, INJECT_DROP_RATE: 0
2026-08-17 15:33:24,940 - INFO - Request for reserve_stock successfully processed, order_id: order-164, result items: [{'sku': '4cc0770f-91bc-4c0d-a26f-7b872f02ca94', 'remaining': 498}], status: RESERVED
2026-08-17 15:33:24,948 - INFO - Request for reserve_stock, order_id: order-165, request: order_id='order-165' items=[CartItem(sku='4cc0770f-91bc-4c0d-a26f-7b872f02ca94', qty=2)] atomic_update=True delay=0.0 drop=0
2026-08-17 15:33:24,948 - INFO - Failure injected for inventory reserve_stock INJECT_DELAY: 0, INJECT_DROP_RATE: 0
2026-08-17 15:33:24,950 - INFO - Request for reserve_stock successfully processed, order_id: order-165, result items: [{'sku': '4cc0770f-91bc-4c0d-a26f-7b872f02ca94', 'remaining': 498}], status: RESERVED
2026-08-17 15:33:24,960 - INFO - Request for reserve_stock, order_id: order-166, request: order_id='order-166' items=[CartItem(sku='4cc0770f-91bc-4c0d-a26f-7b872f02ca94', qty=2)] atomic_update=True delay=0.0 drop=0
2026-08-17 15:33:24,960 - INFO - Failure injected for inventory reserve_stock INJECT_DELAY: 0, INJECT_DROP_RATE: 0
2026-08-17 15:33:24,961 - INFO - Request for reserve_stock successfully processed, order_id: order-166, result items: [{'sku': '4cc0770f-91bc-4c0d-a26f-7b872f02ca94', 'remaining': 498}], status: RESERVED
2026-08-17 15:33:24,970 - INFO - Request for reserve_stock, order_id: order-167, request: order_id='order-167' items=[CartItem(sku='4cc0770f-91bc-4c0d-a26f-7b872f02ca94', qty=2)] atomic_update=True delay=0.0 drop=0
2026-08-17 15:33:24,970 - INFO - Failure injected for inventory reserve_stock INJECT_DELAY: 0, INJECT_DROP_RATE: 0
2026-08-17 15:33:24,972 - INFO - Request for reserve_stock successfully processed, order_id: order-167, result items: [{'sku': '4cc0770f-91bc-4c0d-a26f-7b872f02ca94', 'remaining': 498}], status: RESERVED
2026-08-17 15:33:24,980 - INFO - Request for reserve_stock, order_id: order-168, request: order_id='order-168' items=[CartItem(sku='4cc0770f-91bc-4c0d-a26f-7b872f02ca94', qty=2)] atomic_update=True delay=0.0 drop=0
2026-08-17 15:33:24,980 - INFO - Failure injected for inventory reserve_stock INJECT_DELAY: 0, INJECT_DROP_RATE: 0
2026-08-17 15:33:24,982 - INFO - Request for reserve_stock successfully processed, order_id: order-168, result items: [{'sku': '4cc0770f-91bc-4c0d-a26f-7b872f02ca94', 'remaining': 498}], status: RESERVED
2026-08-17 15:33:24,992 - INFO - Request for reserve_stock, order_id: order-169, request: order_id='order-169' items=[CartItem(sku='4cc0770f-91bc-4c0d-a26f-7b872f02ca94', qty=2)] atomic_update=True delay=0.0 drop=0
2026-08-17 15:33:24,992 - INFO - Failure injected for inventory reserve_stock INJECT_DELAY: 0, INJECT_DROP_RATE: 0
2026-08-17 15:33:24,994 - INFO - Request for reserve_stock successfully processed, order_id: order-169, result items: [{'sku': '4cc0770f-91bc-4c0d-a26f-7b872f02ca94', 'remaining': 498}], status: RESERVED
2026-08-17 15:33:25,007 - INFO - Request for reserve_stock, order_id: order-170, request: order_id='order-170' items=[CartItem(sku='4cc0770f-91bc-4c0d-a26f-7b872f02ca94', qty=2)] atomic_update=True delay=0.0 drop=0
2026-08-17 15:33:25,008 - INFO - Failure injected for inventory reserve_stock INJECT_DELAY: 0, INJECT_DROP_RATE: 0
2026-08-17 15:33:25,009 - INFO - Request for reserve_stock successfully processed, order_id: order-170, result items: [{'sku': '4cc0770f-91bc-4c0d-a26f-7b872f02ca94', 'remaining': 498}], status: RESERVED
2026-08-17 15:33:25,019 - INFO - Request for reserve_stock, order_id: order-171, request: order_id='order-171' items=[CartItem(sku='4cc0770f-91bc-4c0d-a26f-7b872f02ca94', qty=2)] atomic_update=True delay=0.0 drop=0
2026-08-17 15:33:25,019 - INFO - Failure injected for inventory reserve_stock INJECT_DELAY: 0, INJECT_DROP_RATE: 0
2026-08-17 15:33:25,021 - INFO - Request for reserve_stock successfully processed, order_id: order-171, result items: [{'sku': '4cc0770f-91bc-4c0d-a26f-7b872f02ca94', 'remaining': 498}], status: RESERVED
2026-08-17 15:33:25,029 - INFO - Request for reserve_stock, order_id: order-172, request: order_id='order-172' items=[CartItem(sku='4cc0770f-91bc-4c0d-a26f-7b872f02ca94', qty=2)] atomic_update=True delay=0.0 drop=0
2026-08-17 15:33:25,029 - INFO - Failure injected for inventory reserve_stock INJECT_DELAY: 0, INJECT_DROP_RATE: 0
2026-08-17 15:33:25,031 - INFO - Request for reserve_stock successfully processed, order_id: order-172, result items: [{'sku': '4cc0770f-91bc-4c0d-a26f-7b872f02ca94', 'remaining': 498}], status: RESERVED
2026-08-17 15:33:25,041 - INFO - Request for reserve_stock, order_id: order-173, request: order_id='order-173' items=[CartItem(sku='4cc0770f-91bc-4c0d-a26f-7b872f02ca94', qty=2)] atomic_update=True delay=0.0 drop=0
2026-08-17 15:33:25,041 - INFO - Failure injected for inventory reserve_stock INJECT_DELAY: 0, INJECT_DROP_RATE: 0
2026-08-17 15:33:25,043 - INFO - Request for reserve_stock successfully processed, order_id: order-173, result items: [{'sku': '4cc0770f-91bc-4c0d-a26f-7b872f02ca94', 'remaining': 498}], status: RESERVED
2026-08-17 15:33:25,052 - INFO - Request for reserve_stock, order_id: order-174, request: order_id='order-174' items=[CartItem(sku='4cc0770f-91bc-4c0d-a26f-7b872f02ca94', qty=2)] atomic_update=True delay=0.0 drop=0
2026-08-17 15:33:25,052 - INFO - Failure injected for inventory reserve_stock INJECT_DELAY: 0, INJECT_DROP_RATE: 0
2026-08-17 15:33:25,054 - INFO - Request for reserve_stock successfully processed, order_id: order-174, result items: [{'sku': '4cc0770f-91bc-4c0d-a26f-7b872f02ca94', 'remaining': 498}], status: RESERVED
2026-08-17 15:33:25,063 - INFO - Request for reserve_stock, order_id: order-175, request: order_id='order-175' items=[CartItem(sku='4cc0770f-91bc-4c0d-a26f-7b872f02ca94', qty=2)] atomic_update=True delay=0.0 drop=0
2026-08-17 15:33:25,063 - INFO - Failure injected for inventory reserve_stock INJECT_DELAY: 0, INJECT_DROP_RATE: 0
2026-08-17 15:33:25,065 - INFO - Request for reserve_stock successfully processed, order_id: order-175, result items: [{'sku': '4cc0770f-91bc-4c0d-a26f-7b872f02ca94', 'remaining': 498}], status: RESERVED
2026-08-17 15:33:25,073 - INFO - Request for reserve_stock, order_id: order-176, request: order_id='order-176' items=[CartItem(sku='4cc0770f-91bc-4c0d-a26f-7b872f02ca94', qty=2)] atomic_update=True delay=0.0 drop=0
2026-08-17 15:33:25,074 - INFO - Failure injected for inventory reserve_stock INJECT_DELAY: 0, INJECT_DROP_RATE: 0
2026-08-17 15:33:25,075 - INFO - Request for reserve_stock successfully processed, order_id: order-176, result items: [{'sku': '4cc0770f-91bc-4c0d-a26f-7b872f02ca94', 'remaining': 498}], status: RESERVED
2026-08-17 15:33:25,084 - INFO - Request for reserve_stock, order_id: order-177, request: order_id='order-177' items=[CartItem(sku='4cc0770f-91bc-4c0d-a26f-7b872f02ca94', qty=2)] atomic_update=True delay=0.0 drop=0
2026-08-17 15:33:25,084 - INFO - Failure injected for inventory reserve_stock INJECT_DELAY: 0, INJECT_DROP_RATE: 0
2026-08-17 15:33:25,087 - INFO - Request for reserve_stock successfully processed, order_id: order-177, result items: [{'sku': '4cc0770f-91bc-4c0d-a26f-7b872f02ca94', 'remaining': 498}], status: RESERVED
2026-08-17 15:33:25,097 - INFO - Request for reserve_stock, order_id: order-178, request: order_id='order-178' items=[CartItem(sku='4cc0770f-91bc-4c0d-a26f-7b872f02ca94', qty=2)] atomic_update=True delay=0.0 drop=0
2026-08-17 15:33:25,097 - INFO - Failure injected for inventory reserve_stock INJECT_DELAY: 0, INJECT_DROP_RATE: 0
2026-08-17 15:33:25,099 - INFO - Request for reserve_stock successfully processed, order_id: order-178, result items: [{'sku': '4cc0770f-91bc-4c0d-a26f-7b872f02ca94', 'remaining': 498}], status: RESERVED
2026-08-17 15:33:25,110 - INFO - Request for reserve_stock, order_id: order-179, request: order_id='order-179' items=[CartItem(sku='4cc0770f-91bc-4c0d-a26f-7b872f02ca94', qty=2)] atomic_update=True delay=0.0 drop=0
2026-08-17 15:33:25,110 - INFO - Failure injected for inventory reserve_stock INJECT_DELAY: 0, INJECT_DROP_RATE: 0
2026-08-17 15:33:25,111 - INFO - Request for reserve_stock successfully processed, order_id: order-179, result items: [{'sku': '4cc0770f-91bc-4c0d-a26f-7b872f02ca94', 'remaining': 498}], status: RESERVED
2026-08-17 15:33:25,120 - INFO - Request for reserve_stock, order_id: order-180, request: order_id='order-180' items=[CartItem(sku='4cc0770f-91bc-4c0d-a26f-7b872f02ca94', qty=2)] atomic_update=True delay=0.0 drop=0
2026-08-17 15:33:25,120 - INFO - Failure injected for inventory reserve_stock INJECT_DELAY: 0, INJECT_DROP_RATE: 0
2026-08-17 15:33:25,122 - INFO - Request for reserve_stock successfully processed, order_id: order-180, result items: [{'sku': '4cc0770f-91bc-4c0d-a26f-7b872f02ca94', 'remaining': 498}], status: RESERVED
2026-08-17 15:33:25,130 - INFO - Request for reserve_stock, order_id: order-181, request: order_id='order-181' items=[CartItem(sku='4cc0770f-91bc-4c0d-a26f-7b872f02ca94', qty=2)] atomic_update=True delay=0.0 drop=0
2026-08-17 15:33:25,130 - INFO - Failure injected for inventory reserve_stock INJECT_DELAY: 0, INJECT_DROP_RATE: 0
2026-08-17 15:33:25,132 - INFO - Request for reserve_stock successfully processed, order_id: order-181, result items: [{'sku': '4cc0770f-91bc-4c0d-a26f-7b872f02ca94', 'remaining': 498}], status: RESERVED
2026-08-17 15:33:25,140 - INFO - Request for reserve_stock, order_id: order-182, request: order_id='order-182' items=[CartItem(sku='4cc0770f-91bc-4c0d-a26f-7b872f02ca94', qty=2)] atomic_update=True delay=0.0 drop=0
2026-08-17 15:33:25,140 - INFO - Failure injected for inventory reserve_stock INJECT_DELAY: 0, INJECT_DROP_RATE: 0
2026-08-17 15:33:25,142 - INFO - Request for reserve_stock successfully processed, order_id: order-182, result items: [{'sku': '4cc0770f-91bc-4c0d-a26f-7b872f02ca94', 'remaining': 498}], status: RESERVED
2026-08-17 15:33:25,150 - INFO - Request for reserve_stock, order_id: order-183, request: order_id='order-183' items=[CartItem(sku='4cc0770f-91bc-4c0d-a26f-7b872f02ca94', qty=2)] atomic_update=True delay=0.0 drop=0
2026-08-17 15:33:25,150 - INFO - Failure injected for inventory reserve_stock INJECT_DELAY: 0, INJECT_DROP_RATE: 0
2026-08-17 15:33:25,152 - INFO - Request for reserve_stock successfully processed, order_id: order-183, result items: [{'sku': '4cc0770f-91bc-4c0d-a26f-7b872f02ca94', 'remaining': 498}], status: RESERVED
2026-08-17 15:33:25,161 - INFO - Request for reserve_stock, order_id: order-184, request: order_id='order-184' items=[CartItem(sku='4cc0770f-91bc-4c0d-a26f-7b872f02ca94', qty=2)] atomic_update=True delay=0.0 drop=0
2026-08-17 15:33:25,161 - INFO - Failure injected for inventory reserve_stock INJECT_DELAY: 0, INJECT_DROP_RATE: 0
2026-08-17 15:33:25,163 - INFO - Request for reserve_stock successfully processed, order_id: order-184, result items: [{'sku': '4cc0770f-91bc-4c0d-a26f-7b872f02ca94', 'remaining': 498}], status: RESERVED
2026-08-17 15:33:25,172 - INFO - Request for reserve_stock, order_id: order-185, request: order_id='order-185' items=[CartItem(sku='4cc0770f-91bc-4c0d-a26f-7b872f02ca94', qty=2)] atomic_update=True delay=0.0 drop=0
2026-08-17 15:33:25,172 - INFO - Failure injected for inventory reserve_stock INJECT_DELAY: 0, INJECT_DROP_RATE: 0
2026-08-17 15:33:25,173 - INFO - Request for reserve_stock successfully processed, order_id: order-185, result items: [{'sku': '4cc0770f-91bc-4c0d-a26f-7b872f02ca94', 'remaining': 498}], status: RESERVED
2026-08-17 15:33:25,181 - INFO - Request for reserve_stock, order_id: order-186, request: order_id='order-186' items=[CartItem(sku='4cc0770f-91bc-4c0d-a26f-7b872f02ca94', qty=2)] atomic_update=True delay=0.0 drop=0
2026-08-17 15:33:25,181 - INFO - Failure injected for inventory reserve_stock INJECT_DELAY: 0, INJECT_DROP_RATE: 0
2026-08-17 15:33:25,183 - INFO - Request for reserve_stock successfully processed, order_id: order-186, result items: [{'sku': '4cc0770f-91bc-4c0d-a26f-7b872f02ca94', 'remaining': 498}], status: RESERVED
2026-08-17 15:33:25,192 - INFO - Request for reserve_stock, order_id: order-187, request: order_id='order-187' items=[CartItem(sku='4cc0770f-91bc-4c0d-a26f-7b872f02ca94', qty=2)] atomic_update=True delay=0.0 drop=0
2026-08-17 15:33:25,192 - INFO - Failure injected for inventory reserve_stock INJECT_DELAY: 0, INJECT_DROP_RATE: 0
2026-08-17 15:33:25,194 - INFO - Request for reserve_stock successfully processed, order_id: order-187, result items: [{'sku': '4cc0770f-91bc-4c0d-a26f-7b872f02ca94', 'remaining': 498}], status: RESERVED
2026-08-17 15:33:25,202 - INFO - Request for reserve_stock, order_id: order-188, request: order_id='order-188' items=[CartItem(sku='4cc0770f-91bc-4c0d-a26f-7b872f02ca94', qty=2)] atomic_update=True delay=0.0 drop=0
2026-08-17 15:33:25,202 - INFO - Failure injected for inventory reserve_stock INJECT_DELAY: 0, INJECT_DROP_RATE: 0
2026-08-17 15:33:25,204 - INFO - Request for reserve_stock successfully processed, order_id: order-188, result items: [{'sku': '4cc0770f-91bc-4c0d-a26f-7b872f02ca94', 'remaining': 498}], status: RESERVED
2026-08-17 15:33:25,213 - INFO - Request for reserve_stock, order_id: order-189, request: order_id='order-189' items=[CartItem(sku='4cc0770f-91bc-4c0d-a26f-7b872f02ca94', qty=2)] atomic_update=True delay=0.0 drop=0
2026-08-17 15:33:25,213 - INFO - Failure injected for inventory reserve_stock INJECT_DELAY: 0, INJECT_DROP_RATE: 0
2026-08-17 15:33:25,214 - INFO - Request for reserve_stock successfully processed, order_id: order-189, result items: [{'sku': '4cc0770f-91bc-4c0d-a26f-7b872f02ca94', 'remaining': 498}], status: RESERVED
2026-08-17 15:33:25,223 - INFO - Request for reserve_stock, order_id: order-190, request: order_id='order-190' items=[CartItem(sku='4cc0770f-91bc-4c0d-a26f-7b872f02ca94', qty=2)] atomic_update=True delay=0.0 drop=0
2026-08-17 15:33:25,223 - INFO - Failure injected for inventory reserve_stock INJECT_DELAY: 0, INJECT_DROP_RATE: 0
2026-08-17 15:33:25,225 - INFO - Request for reserve_stock successfully processed, order_id: order-190, result items: [{'sku': '4cc0770f-91bc-4c0d-a26f-7b872f02ca94', 'remaining': 498}], status: RESERVED
2026-08-17 15:33:25,233 - INFO - Request for reserve_stock, order_id: order-191, request: order_id='order-191' items=[CartItem(sku='4cc0770f-91bc-4c0d-a26f-7b872f02ca94', qty=2)] atomic_update=True delay=0.0 drop=0
2026-08-17 15:33:25,234 - INFO - Failure injected for inventory reserve_stock INJECT_DELAY: 0, INJECT_DROP_RATE: 0
2026-08-17 15:33:25,236 - INFO - Request for reserve_stock successfully processed, order_id: order-191, result items: [{'sku': '4cc0770f-91bc-4c0d-a26f-7b872f02ca94', 'remaining': 498}], status: RESERVED
2026-08-17 15:33:25,246 - INFO - Request for reserve_stock, order_id: order-192, request: order_id='order-192' items=[CartItem(sku='4cc0770f-91bc-4c0d-a26f-7b872f02ca94', qty=2)] atomic_update=True delay=0.0 drop=0
2026-08-17 15:33:25,246 - INFO - Failure injected for inventory reserve_stock INJECT_DELAY: 0, INJECT_DROP_RATE: 0
2026-08-17 15:33:25,248 - INFO - Request for reserve_stock successfully processed, order_id: order-192, result items: [{'sku': '4cc0770f-91bc-4c0d-a26f-7b872f02ca94', 'remaining': 498}], status: RESERVED
2026-08-17 15:33:25,258 - INFO - Request for reserve_stock, order_id: order-193, request: order_id='order-193' items=[CartItem(sku='4cc0770f-91bc-4c0d-a26f-7b872f02ca94', qty=2)] atomic_update=True delay=0.0 drop=0
2026-08-17 15:33:25,258 - INFO - Failure injected for inventory reserve_stock INJECT_DELAY: 0, INJECT_DROP_RATE: 0
2026-08-17 15:33:25,260 - INFO - Request for reserve_stock successfully processed, order_id: order-193, result items: [{'sku': '4cc0770f-91bc-4c0d-a26f-7b872f02ca94', 'remaining': 498}], status: RESERVED
2026-08-17 15:33:25,268 - INFO - Request for reserve_stock, order_id: order-194, request: order_id='order-194' items=[CartItem(sku='4cc0770f-91bc-4c0d-a26f-7b872f02ca94', qty=2)] atomic_update=True delay=0.0 drop=0
2026-08-17 15:33:25,268 - INFO - Failure injected for inventory reserve_stock INJECT_DELAY: 0, INJECT_DROP_RATE: 0
2026-08-17 15:33:25,270 - INFO - Request for reserve_stock successfully processed, order_id: order-194, result items: [{'sku': '4cc0770f-91bc-4c0d-a26f-7b872f02ca94', 'remaining': 498}], status: RESERVED
2026-08-17 15:33:25,278 - INFO - Request for reserve_stock, order_id: order-195, request: order_id='order-195' items=[CartItem(sku='4cc0770f-91bc-4c0d-a26f-7b872f02ca94', qty=2)] atomic_update=True delay=0.0 drop=0
2026-08-17 15:33:25,278 - INFO - Failure injected for inventory reserve_stock INJECT_DELAY: 0, INJECT_DROP_RATE: 0
2026-08-17 15:33:25,279 - INFO - Request for reserve_stock successfully processed, order_id: order-195, result items: [{'sku': '4cc0770f-91bc-4c0d-a26f-7b872f02ca94', 'remaining': 498}], status: RESERVED
2026-08-17 15:33:25,288 - INFO - Request for reserve_stock, order_id: order-196, request: order_id='order-196' items=[CartItem(sku='4cc0770f-91bc-4c0d-a26f-7b872f02ca94', qty=2)] atomic_update=True delay=0.0 drop=0
2026-08-17 15:33:25,288 - INFO - Failure injected for inventory reserve_stock INJECT_DELAY: 0, INJECT_DROP_RATE: 0
2026-08-17 15:33:25,290 - INFO - Request for reserve_stock successfully processed, order_id: order-196, result items: [{'sku': '4cc0770f-91bc-4c0d-a26f-7b872f02ca94', 'remaining': 498}], status: RESERVED
2026-08-17 15:33:25,298 - INFO - Request for reserve_stock, order_id: order-197, request: order_id='order-197' items=[CartItem(sku='4cc0770f-91bc-4c0d-a26f-7b872f02ca94', qty=2)] atomic_update=True delay=0.0 drop=0
2026-08-17 15:33:25,298 - INFO - Failure injected for inventory reserve_stock INJECT_DELAY: 0, INJECT_DROP_RATE: 0
2026-08-17 15:33:25,300 - INFO - Request for reserve_stock successfully processed, order_id: order-197, result items: [{'sku': '4cc0770f-91bc-4c0d-a26f-7b872f02ca94', 'remaining': 498}], status: RESERVED
2026-08-17 15:33:25,309 - INFO - Request for reserve_stock, order_id: order-198, request: order_id='order-198' items=[CartItem(sku='4cc0770f-91bc-4c0d-a26f-7b872f02ca94', qty=2)] atomic_update=True delay=0.0 drop=0
2026-08-17 15:33:25,309 - INFO - Failure injected for inventory reserve_stock INJECT_DELAY: 0, INJECT_DROP_RATE: 0
2026-08-17 15:33:25,311 - INFO - Request for reserve_stock successfully processed, order_id: order-198, result items: [{'sku': '4cc0770f-91bc-4c0d-a26f-7b872f02ca94', 'remaining': 498}], status: RESERVED
2026-08-17 15:33:25,319 - INFO - Request for reserve_stock, order_id: order-199, request: order_id='order-199' items=[CartItem(sku='4cc0770f-91bc-4c0d-a26f-7b872f02ca94', qty=2)] atomic_update=True delay=0.0 drop=0
2026-08-17 15:33:25,319 - INFO - Failure injected for inventory reserve_stock INJECT_DELAY: 0, INJECT_DROP_RATE: 0
2026-08-17 15:33:25,321 - INFO - Request for reserve_stock successfully processed, order_id: order-199, result items: [{'sku': '4cc0770f-91bc-4c0d-a26f-7b872f02ca94', 'remaining': 498}], status: RESERVED
2026-08-17 15:33:25,329 - INFO - Request for reserve_stock, order_id: order-200, request: order_id='order-200' items=[CartItem(sku='4cc0770f-91bc-4c0d-a26f-7b872f02ca94', qty=2)] atomic_update=True delay=0.0 drop=0
2026-08-17 15:33:25,329 - INFO - Failure injected for inventory reserve_stock INJECT_DELAY: 0, INJECT_DROP_RATE: 0
2026-08-17 15:33:25,331 - INFO - Request for reserve_stock successfully processed, order_id: order-200, result items: [{'sku': '4cc0770f-91bc-4c0d-a26f-7b872f02ca94', 'remaining': 498}], status: RESERVED
2026-08-17 16:14:52,233 - INFO - Request for get_stock_by_skus, skus: ['4cc0770f-91bc-4c0d-a26f-7b872f02ca94', 'b2926dc2-cc6d-4c3e-ae40-7a127c173b16']
2026-08-17 16:14:52,236 - INFO - Request for get_stock_by_skus successfully processed, result: {'4cc0770f-91bc-4c0d-a26f-7b872f02ca94': 10, 'b2926dc2-cc6d-4c3e-ae40-7a127c173b16': 0}
2026-08-17 16:14:52,267 - INFO - Request for get_stock_by_skus, skus: ['4cc0770f-91bc-4c0d-a26f-7b872f02ca94', 'b2926dc2-cc6d-4c3e-ae40-7a127c173b16']
2026-08-17 16:14:52,269 - INFO - Request for get_stock_by_skus successfully processed, result: {'4cc0770f-91bc-4c0d-a26f-7b872f02ca94': 10, 'b2926dc2-cc6d-4c3e-ae40-7a127c173b16': 0}
2026-08-17 16:14:52,291 - INFO - Request for get_stock_by_skus, skus: ['4cc0770f-91bc-4c0d-a26f-7b872f02ca94', 'b2926dc2-cc6d-4c3e-ae40-7a127c173b16']
2026-08-17 16:14:52,297 - INFO - Request for get_stock_by_skus successfully processed, result: {'4cc0770f-91bc-4c0d-a26f-7b872f02ca94': 10, 'b2926dc2-cc6d-4c3e-ae40-7a127c173b16': 0}
2026-08-17 16:14:52,320 - INFO - Request for get_stock_by_skus, skus: ['4cc0770f-91bc-4c0d-a26f-7b872f02ca94', 'b2926dc2-cc6d-4c3e-ae40-7a127c173b16']
2026-08-17 16:14:52,322 - INFO - Request for get_stock_by_skus successfully processed, result: {'4cc0770f-91bc-4c0d-a26f-7b872f02ca94': 10, 'b2926dc2-cc6d-4c3e-ae40-7a127c173b16': 0}
2026-08-17 16:14:52,346 - INFO - Request for get_stock_by_skus, skus: ['4cc0770f-91bc-4c0d-a26f-7b872f02ca94', 'b2926dc2-cc6d-4c3e-ae40-7a127c173b16']
2026-08-17 16:14:52,348 - INFO - Request for get_stock_by_skus successfully processed, result: {'4cc0770f-91bc-4c0d-a26f-7b872f02ca94': 10, 'b2926dc2-cc6d-4c3e-ae40-7a127c173b16': 0}
2026-08-17 16:14:52,366 - INFO - Request for get_stock_by_skus, skus: ['4cc0770f-91bc-4c0d-a26f-7b872f02ca94', 'b2926dc2-cc6d-4c3e-ae40-7a127c173b16']
2026-08-17 16:14:52,368 - INFO - Request for get_stock_by_skus successfully processed, result: {'4cc0770f-91bc-4c0d-a26f-7b872f02ca94': 10, 'b2926dc2-cc6d-4c3e-ae40-7a127c173b16': 0}
2026-08-17 16:14:52,385 - INFO - Request for get_stock_by_skus, skus: ['4cc0770f-91bc-4c0d-a26f-7b872f02ca94', 'b2926dc2-cc6d-4c3e-ae40-7a127c173b16']
2026-08-17 16:14:52,387 - INFO - Request for get_stock_by_skus successfully processed, result: {'4cc0770f-91bc-4c0d-a26f-7b872f02ca94': 10, 'b2926dc2-cc6d-4c3e-ae40-7a127c173b16': 0}
2026-08-17 16:14:52,405 - INFO - Request for get_stock_by_skus, skus: ['4cc0770f-91bc-4c0d-a26f-7b872f02ca94', 'b2926dc2-cc6d-4c3e-ae40-7a127c173b16']
2026-08-17 16:14:52,406 - INFO - Request for get_stock_by_skus successfully processed, result: {'4cc0770f-91bc-4c0d-a26f-7b872f02ca94': 10, 'b2926dc2-cc6d-4c3e-ae40-7a127c173b16': 0}
2026-08-17 16:14:52,424 - INFO - Request for get_stock_by_skus, skus: ['4cc0770f-91bc-4c0d-a26f-7b872f02ca94', 'b2926dc2-cc6d-4c3e-ae40-7a127c173b16']
2026-08-17 16:14:52,427 - INFO - Request for get_stock_by_skus successfully processed, result: {'4cc0770f-91bc-4c0d-a26f-7b872f02ca94': 10, 'b2926dc2-cc6d-4c3e-ae40-7a127c173b16': 0}
2026-08-17 16:14:52,451 - INFO - Request for get_stock_by_skus, skus: ['4cc0770f-91bc-4c0d-a26f-7b872f02ca94', 'b2926dc2-cc6d-4c3e-ae40-7a127c173b16']
2026-08-17 16:14:52,453 - INFO - Request for get_stock_by_skus successfully processed, result: {'4cc0770f-91bc-4c0d-a26f-7b872f02ca94': 10, 'b2926dc2-cc6d-4c3e-ae40-7a127c173b16': 0}
2026-08-17 16:14:59,447 - INFO - Request for get_stock_by_skus, skus: ['4cc0770f-91bc-4c0d-a26f-7b872f02ca94', 'b2926dc2-cc6d-4c3e-ae40-7a127c173b16']
2026-08-17 16:14:59,450 - INFO - Request for get_stock_by_skus successfully processed, result: {'4cc0770f-91bc-4c0d-a26f-7b872f02ca94': 10, 'b2926dc2-cc6d-4c3e-ae40-7a127c173b16': 0}
2026-08-17 16:14:59,474 - INFO - Request for get_stock_by_skus, skus: ['4cc0770f-91bc-4c0d-a26f-7b872f02ca94', 'b2926dc2-cc6d-4c3e-ae40-7a127c173b16']
2026-08-17 16:14:59,477 - INFO - Request for get_stock_by_skus successfully processed, result: {'4cc0770f-91bc-4c0d-a26f-7b872f02ca94': 10, 'b2926dc2-cc6d-4c3e-ae40-7a127c173b16': 0}
2026-08-17 16:14:59,495 - INFO - Request for get_stock_by_skus, skus: ['4cc0770f-91bc-4c0d-a26f-7b872f02ca94', 'b2926dc2-cc6d-4c3e-ae40-7a127c173b16']
2026-08-17 16:14:59,497 - INFO - Request for get_stock_by_skus successfully processed, result: {'4cc0770f-91bc-4c0d-a26f-7b872f02ca94': 10, 'b2926dc2-cc6d-4c3e-ae40-7a127c173b16': 0}
2026-08-17 16:14:59,516 - INFO - Request for get_stock_by_skus, skus: ['4cc0770f-91bc-4c0d-a26f-7b872f02ca94', 'b2926dc2-cc6d-4c3e-ae40-7a127c173b16']
2026-08-17 16:14:59,518 - INFO - Request for get_stock_by_skus successfully processed, result: {'4cc0770f-91bc-4c0d-a26f-7b872f02ca94': 10, 'b2926dc2-cc6d-4c3e-ae40-7a127c173b16': 0}
2026-08-17 16:14:59,535 - INFO - Request for get_stock_by_skus, skus: ['4cc0770f-91bc-4c0d-a26f-7b872f02ca94', 'b2926dc2-cc6d-4c3e-ae40-7a127c173b16']
2026-08-17 16:14:59,536 - INFO - Request for get_stock_by_skus successfully processed, result: {'4cc0770f-91bc-4c0d-a26f-7b872f02ca94': 10, 'b2926dc2-cc6d-4c3e-ae40-7a127c173b16': 0}
2026-08-17 16:14:59,555 - INFO - Request for get_stock_by_skus, skus: ['4cc0770f-91bc-4c0d-a26f-7b872f02ca94', 'b2926dc2-cc6d-4c3e-ae40-7a127c173b16']
2026-08-17 16:14:59,557 - INFO - Request for get_stock_by_skus successfully processed, result: {'4cc0770f-91bc-4c0d-a26f-7b872f02ca94': 10, 'b2926dc2-cc6d-4c3e-ae40-7a127c173b16': 0}
2026-08-17 16:14:59,575 - INFO - Request for get_stock_by_skus, skus: ['4cc0770f-91bc-4c0d-a26f-7b872f02ca94', 'b2926dc2-cc6d-4c3e-ae40-7a127c173b16']
2026-08-17 16:14:59,577 - INFO - Request for get_stock_by_skus successfully processed, result: {'4cc0770f-91bc-4c0d-a26f-7b872f02ca94': 10, 'b2926dc2-cc6d-4c3e-ae40-7a127c173b16': 0}
2026-08-17 16:14:59,595 - INFO - Request for get_stock_by_skus, skus: ['4cc0770f-91bc-4c0d-a26f-7b872f02ca94', 'b2926dc2-cc6d-4c3e-ae40-7a127c173b16']
2026-08-17 16:14:59,597 - INFO - Request for get_stock_by_skus successfully processed, result: {'4cc0770f-91bc-4c0d-a26f-7b872f02ca94': 10, 'b2926dc2-cc6d-4c3e-ae40-7a127c173b16': 0}
2026-08-17 16:14:59,614 - INFO - Request for get_stock_by_skus, skus: ['4cc0770f-91bc-4c0d-a26f-7b872f02ca94', 'b2926dc2-cc6d-4c3e-ae40-7a127c173b16']
2026-08-17 16:14:59,616 - INFO - Request for get_stock_by_skus successfully processed, result: {'4cc0770f-91bc-4c0d-a26f-7b872f02ca94': 10, 'b2926dc2-cc6d-4c3e-ae40-7a127c173b16': 0}
2026-08-17 16:14:59,633 - INFO - Request for get_stock_by_skus, skus: ['4cc0770f-91bc-4c0d-a26f-7b872f02ca94', 'b2926dc2-cc6d-4c3e-ae40-7a127c173b16']
2026-08-17 16:14:59,635 - INFO - Request for get_stock_by_skus successfully processed, result: {'4cc0770f-91bc-4c0d-a26f-7b872f02ca94': 10, 'b2926dc2-cc6d-4c3e-ae40-7a127c173b16': 0}
2026-08-17 16:14:59,652 - INFO - Request for get_stock_by_skus, skus: ['4cc0770f-91bc-4c0d-a26f-7b872f02ca94', 'b2926dc2-cc6d-4c3e-ae40-7a127c173b16']
2026-08-17 16:14:59,654 - INFO - Request for get_stock_by_skus successfully processed, result: {'4cc0770f-91bc-4c0d-a26f-7b872f02ca94': 10, 'b2926dc2-cc6d-4c3e-ae40-7a127c173b16': 0}
2026-08-17 16:14:59,671 - INFO - Request for get_stock_by_skus, skus: ['4cc0770f-91bc-4c0d-a26f-7b872f02ca94', 'b2926dc2-cc6d-4c3e-ae40-7a127c173b16']
2026-08-17 16:14:59,673 - INFO - Request for get_stock_by_skus successfully processed, result: {'4cc0770f-91bc-4c0d-a26f-7b872f02ca94': 10, 'b2926dc2-cc6d-4c3e-ae40-7a127c173b16': 0}
2026-08-17 16:14:59,691 - INFO - Request for get_stock_by_skus, skus: ['4cc0770f-91bc-4c0d-a26f-7b872f02ca94', 'b2926dc2-cc6d-4c3e-ae40-7a127c173b16']
2026-08-17 16:14:59,693 - INFO - Request for get_stock_by_skus successfully processed, result: {'4cc0770f-91bc-4c0d-a26f-7b872f02ca94': 10, 'b2926dc2-cc6d-4c3e-ae40-7a127c173b16': 0}
2026-08-17 16:14:59,711 - INFO - Request for get_stock_by_skus, skus: ['4cc0770f-91bc-4c0d-a26f-7b872f02ca94', 'b2926dc2-cc6d-4c3e-ae40-7a127c173b16']
2026-08-17 16:14:59,713 - INFO - Request for get_stock_by_skus successfully processed, result: {'4cc0770f-91bc-4c0d-a26f-7b872f02ca94': 10, 'b2926dc2-cc6d-4c3e-ae40-7a127c173b16': 0}
2026-08-17 16:14:59,731 - INFO - Request for get_stock_by_skus, skus: ['4cc0770f-91bc-4c0d-a26f-7b872f02ca94', 'b2926dc2-cc6d-4c3e-ae40-7a127c173b16']
2026-08-17 16:14:59,733 - INFO - Request for get_stock_by_skus successfully processed, result: {'4cc0770f-91bc-4c0d-a26f-7b872f02ca94': 10, 'b2926dc2-cc6d-4c3e-ae40-7a127c173b16': 0}
2026-08-17 16:14:59,756 - INFO - Request for get_stock_by_skus, skus: ['4cc0770f-91bc-4c0d-a26f-7b872f02ca94', 'b2926dc2-cc6d-4c3e-ae40-7a127c173b16']
2026-08-17 16:14:59,760 - INFO - Request for get_stock_by_skus successfully processed, result: {'4cc0770f-91bc-4c0d-a26f-7b872f02ca94': 10, 'b2926dc2-cc6d-4c3e-ae40-7a127c173b16': 0}
2026-08-17 16:14:59,784 - INFO - Request for get_stock_by_skus, skus: ['4cc0770f-91bc-4c0d-a26f-7b872f02ca94', 'b2926dc2-cc6d-4c3e-ae40-7a127c173b16']
2026-08-17 16:14:59,786 - INFO - Request for get_stock_by_skus successfully processed, result: {'4cc0770f-91bc-4c0d-a26f-7b872f02ca94': 10, 'b2926dc2-cc6d-4c3e-ae40-7a127c173b16': 0}
2026-08-17 16:14:59,812 - INFO - Request for get_stock_by_skus, skus: ['4cc0770f-91bc-4c0d-a26f-7b872f02ca94', 'b2926dc2-cc6d-4c3e-ae40-7a127c173b16']
2026-08-17 16:14:59,813 - INFO - Request for get_stock_by_skus successfully processed, result: {'4cc0770f-91bc-4c0d-a26f-7b872f02ca94': 10, 'b2926dc2-cc6d-4c3e-ae40-7a127c173b16': 0}
2026-08-17 16:14:59,831 - INFO - Request for get_stock_by_skus, skus: ['4cc0770f-91bc-4c0d-a26f-7b872f02ca94', 'b2926dc2-cc6d-4c3e-ae40-7a127c173b16']
2026-08-17 16:14:59,834 - INFO - Request for get_stock_by_skus successfully processed, result: {'4cc0770f-91bc-4c0d-a26f-7b872f02ca94': 10, 'b2926dc2-cc6d-4c3e-ae40-7a127c173b16': 0}
2026-08-17 16:14:59,853 - INFO - Request for get_stock_by_skus, skus: ['4cc0770f-91bc-4c0d-a26f-7b872f02ca94', 'b2926dc2-cc6d-4c3e-ae40-7a127c173b16']
2026-08-17 16:14:59,854 - INFO - Request for get_stock_by_skus successfully processed, result: {'4cc0770f-91bc-4c0d-a26f-7b872f02ca94': 10, 'b2926dc2-cc6d-4c3e-ae40-7a127c173b16': 0}
2026-08-17 16:14:59,871 - INFO - Request for get_stock_by_skus, skus: ['4cc0770f-91bc-4c0d-a26f-7b872f02ca94', 'b2926dc2-cc6d-4c3e-ae40-7a127c173b16']
2026-08-17 16:14:59,873 - INFO - Request for get_stock_by_skus successfully processed, result: {'4cc0770f-91bc-4c0d-a26f-7b872f02ca94': 10, 'b2926dc2-cc6d-4c3e-ae40-7a127c173b16': 0}
2026-08-17 16:14:59,890 - INFO - Request for get_stock_by_skus, skus: ['4cc0770f-91bc-4c0d-a26f-7b872f02ca94', 'b2926dc2-cc6d-4c3e-ae40-7a127c173b16']
2026-08-17 16:14:59,892 - INFO - Request for get_stock_by_skus successfully processed, result: {'4cc0770f-91bc-4c0d-a26f-7b872f02ca94': 10, 'b2926dc2-cc6d-4c3e-ae40-7a127c173b16': 0}
2026-08-17 16:14:59,911 - INFO - Request for get_stock_by_skus, skus: ['4cc0770f-91bc-4c0d-a26f-7b872f02ca94', 'b2926dc2-cc6d-4c3e-ae40-7a127c173b16']
2026-08-17 16:14:59,913 - INFO - Request for get_stock_by_skus successfully processed, result: {'4cc0770f-91bc-4c0d-a26f-7b872f02ca94': 10, 'b2926dc2-cc6d-4c3e-ae40-7a127c173b16': 0}
2026-08-17 16:14:59,933 - INFO - Request for get_stock_by_skus, skus: ['4cc0770f-91bc-4c0d-a26f-7b872f02ca94', 'b2926dc2-cc6d-4c3e-ae40-7a127c173b16']
2026-08-17 16:14:59,935 - INFO - Request for get_stock_by_skus successfully processed, result: {'4cc0770f-91bc-4c0d-a26f-7b872f02ca94': 10, 'b2926dc2-cc6d-4c3e-ae40-7a127c173b16': 0}
2026-08-17 16:14:59,957 - INFO - Request for get_stock_by_skus, skus: ['4cc0770f-91bc-4c0d-a26f-7b872f02ca94', 'b2926dc2-cc6d-4c3e-ae40-7a127c173b16']
2026-08-17 16:14:59,959 - INFO - Request for get_stock_by_skus successfully processed, result: {'4cc0770f-91bc-4c0d-a26f-7b872f02ca94': 10, 'b2926dc2-cc6d-4c3e-ae40-7a127c173b16': 0}
2026-08-17 16:14:59,979 - INFO - Request for get_stock_by_skus, skus: ['4cc0770f-91bc-4c0d-a26f-7b872f02ca94', 'b2926dc2-cc6d-4c3e-ae40-7a127c173b16']
2026-08-17 16:14:59,981 - INFO - Request for get_stock_by_skus successfully processed, result: {'4cc0770f-91bc-4c0d-a26f-7b872f02ca94': 10, 'b2926dc2-cc6d-4c3e-ae40-7a127c173b16': 0}
2026-08-17 16:14:59,998 - INFO - Request for get_stock_by_skus, skus: ['4cc0770f-91bc-4c0d-a26f-7b872f02ca94', 'b2926dc2-cc6d-4c3e-ae40-7a127c173b16']
2026-08-17 16:14:59,999 - INFO - Request for get_stock_by_skus successfully processed, result: {'4cc0770f-91bc-4c0d-a26f-7b872f02ca94': 10, 'b2926dc2-cc6d-4c3e-ae40-7a127c173b16': 0}
2026-08-17 16:15:00,021 - INFO - Request for get_stock_by_skus, skus: ['4cc0770f-91bc-4c0d-a26f-7b872f02ca94', 'b2926dc2-cc6d-4c3e-ae40-7a127c173b16']
2026-08-17 16:15:00,023 - INFO - Request for get_stock_by_skus successfully processed, result: {'4cc0770f-91bc-4c0d-a26f-7b872f02ca94': 10, 'b2926dc2-cc6d-4c3e-ae40-7a127c173b16': 0}
2026-08-17 16:15:00,040 - INFO - Request for get_stock_by_skus, skus: ['4cc0770f-91bc-4c0d-a26f-7b872f02ca94', 'b2926dc2-cc6d-4c3e-ae40-7a127c173b16']
2026-08-17 16:15:00,042 - INFO - Request for get_stock_by_skus successfully processed, result: {'4cc0770f-91bc-4c0d-a26f-7b872f02ca94': 10, 'b2926dc2-cc6d-4c3e-ae40-7a127c173b16': 0}
2026-08-17 16:15:00,060 - INFO - Request for get_stock_by_skus, skus: ['4cc0770f-91bc-4c0d-a26f-7b872f02ca94', 'b2926dc2-cc6d-4c3e-ae40-7a127c173b16']
2026-08-17 16:15:00,062 - INFO - Request for get_stock_by_skus successfully processed, result: {'4cc0770f-91bc-4c0d-a26f-7b872f02ca94': 10, 'b2926dc2-cc6d-4c3e-ae40-7a127c173b16': 0}
2026-08-17 16:15:00,080 - INFO - Request for get_stock_by_skus, skus: ['4cc0770f-91bc-4c0d-a26f-7b872f02ca94', 'b2926dc2-cc6d-4c3e-ae40-7a127c173b16']
2026-08-17 16:15:00,082 - INFO - Request for get_stock_by_skus successfully processed, result: {'4cc0770f-91bc-4c0d-a26f-7b872f02ca94': 10, 'b2926dc2-cc6d-4c3e-ae40-7a127c173b16': 0}
2026-08-17 16:15:00,099 - INFO - Request for get_stock_by_skus, skus: ['4cc0770f-91bc-4c0d-a26f-7b872f02ca94', 'b2926dc2-cc6d-4c3e-ae40-7a127c173b16']
2026-08-17 16:15:00,101 - INFO - Request for get_stock_by_skus successfully processed, result: {'4cc0770f-91bc-4c0d-a26f-7b872f02ca94': 10, 'b2926dc2-cc6d-4c3e-ae40-7a127c173b16': 0}
2026-08-17 16:15:00,118 - INFO - Request for get_stock_by_skus, skus: ['4cc0770f-91bc-4c0d-a26f-7b872f02ca94', 'b2926dc2-cc6d-4c3e-ae40-7a127c173b16']
2026-08-17 16:15:00,119 - INFO - Request for get_stock_by_skus successfully processed, result: {'4cc0770f-91bc-4c0d-a26f-7b872f02ca94': 10, 'b2926dc2-cc6d-4c3e-ae40-7a127c173b16': 0}
2026-08-17 16:15:00,137 - INFO - Request for get_stock_by_skus, skus: ['4cc0770f-91bc-4c0d-a26f-7b872f02ca94', 'b2926dc2-cc6d-4c3e-ae40-7a127c173b16']
2026-08-17 16:15:00,138 - INFO - Request for get_stock_by_skus successfully processed, result: {'4cc0770f-91bc-4c0d-a26f-7b872f02ca94': 10, 'b2926dc2-cc6d-4c3e-ae40-7a127c173b16': 0}
2026-08-17 16:15:00,155 - INFO - Request for get_stock_by_skus, skus: ['4cc0770f-91bc-4c0d-a26f-7b872f02ca94', 'b2926dc2-cc6d-4c3e-ae40-7a127c173b16']
2026-08-17 16:15:00,157 - INFO - Request for get_stock_by_skus successfully processed, result: {'4cc0770f-91bc-4c0d-a26f-7b872f02ca94': 10, 'b2926dc2-cc6d-4c3e-ae40-7a127c173b16': 0}
2026-08-17 16:15:00,174 - INFO - Request for get_stock_by_skus, skus: ['4cc0770f-91bc-4c0d-a26f-7b872f02ca94', 'b2926dc2-cc6d-4c3e-ae40-7a127c173b16']
2026-08-17 16:15:00,176 - INFO - Request for get_stock_by_skus successfully processed, result: {'4cc0770f-91bc-4c0d-a26f-7b872f02ca94': 10, 'b2926dc2-cc6d-4c3e-ae40-7a127c173b16': 0}
2026-08-17 16:15:00,194 - INFO - Request for get_stock_by_skus, skus: ['4cc0770f-91bc-4c0d-a26f-7b872f02ca94', 'b2926dc2-cc6d-4c3e-ae40-7a127c173b16']
2026-08-17 16:15:00,196 - INFO - Request for get_stock_by_skus successfully processed, result: {'4cc0770f-91bc-4c0d-a26f-7b872f02ca94': 10, 'b2926dc2-cc6d-4c3e-ae40-7a127c173b16': 0}
2026-08-17 16:15:00,214 - INFO - Request for get_stock_by_skus, skus: ['4cc0770f-91bc-4c0d-a26f-7b872f02ca94', 'b2926dc2-cc6d-4c3e-ae40-7a127c173b16']
2026-08-17 16:15:00,216 - INFO - Request for get_stock_by_skus successfully processed, result: {'4cc0770f-91bc-4c0d-a26f-7b872f02ca94': 10, 'b2926dc2-cc6d-4c3e-ae40-7a127c173b16': 0}
2026-08-17 16:15:00,233 - INFO - Request for get_stock_by_skus, skus: ['4cc0770f-91bc-4c0d-a26f-7b872f02ca94', 'b2926dc2-cc6d-4c3e-ae40-7a127c173b16']
2026-08-17 16:15:00,235 - INFO - Request for get_stock_by_skus successfully processed, result: {'4cc0770f-91bc-4c0d-a26f-7b872f02ca94': 10, 'b2926dc2-cc6d-4c3e-ae40-7a127c173b16': 0}
2026-08-17 16:15:00,253 - INFO - Request for get_stock_by_skus, skus: ['4cc0770f-91bc-4c0d-a26f-7b872f02ca94', 'b2926dc2-cc6d-4c3e-ae40-7a127c173b16']
2026-08-17 16:15:00,254 - INFO - Request for get_stock_by_skus successfully processed, result: {'4cc0770f-91bc-4c0d-a26f-7b872f02ca94': 10, 'b2926dc2-cc6d-4c3e-ae40-7a127c173b16': 0}
2026-08-17 16:15:00,274 - INFO - Request for get_stock_by_skus, skus: ['4cc0770f-91bc-4c0d-a26f-7b872f02ca94', 'b2926dc2-cc6d-4c3e-ae40-7a127c173b16']
2026-08-17 16:15:00,276 - INFO - Request for get_stock_by_skus successfully processed, result: {'4cc0770f-91bc-4c0d-a26f-7b872f02ca94': 10, 'b2926dc2-cc6d-4c3e-ae40-7a127c173b16': 0}
2026-08-17 16:15:00,294 - INFO - Request for get_stock_by_skus, skus: ['4cc0770f-91bc-4c0d-a26f-7b872f02ca94', 'b2926dc2-cc6d-4c3e-ae40-7a127c173b16']
2026-08-17 16:15:00,296 - INFO - Request for get_stock_by_skus successfully processed, result: {'4cc0770f-91bc-4c0d-a26f-7b872f02ca94': 10, 'b2926dc2-cc6d-4c3e-ae40-7a127c173b16': 0}
2026-08-17 16:15:00,313 - INFO - Request for get_stock_by_skus, skus: ['4cc0770f-91bc-4c0d-a26f-7b872f02ca94', 'b2926dc2-cc6d-4c3e-ae40-7a127c173b16']
2026-08-17 16:15:00,315 - INFO - Request for get_stock_by_skus successfully processed, result: {'4cc0770f-91bc-4c0d-a26f-7b872f02ca94': 10, 'b2926dc2-cc6d-4c3e-ae40-7a127c173b16': 0}
2026-08-17 16:15:00,332 - INFO - Request for get_stock_by_skus, skus: ['4cc0770f-91bc-4c0d-a26f-7b872f02ca94', 'b2926dc2-cc6d-4c3e-ae40-7a127c173b16']
2026-08-17 16:15:00,334 - INFO - Request for get_stock_by_skus successfully processed, result: {'4cc0770f-91bc-4c0d-a26f-7b872f02ca94': 10, 'b2926dc2-cc6d-4c3e-ae40-7a127c173b16': 0}
2026-08-17 16:15:00,351 - INFO - Request for get_stock_by_skus, skus: ['4cc0770f-91bc-4c0d-a26f-7b872f02ca94', 'b2926dc2-cc6d-4c3e-ae40-7a127c173b16']
2026-08-17 16:15:00,353 - INFO - Request for get_stock_by_skus successfully processed, result: {'4cc0770f-91bc-4c0d-a26f-7b872f02ca94': 10, 'b2926dc2-cc6d-4c3e-ae40-7a127c173b16': 0}
2026-08-17 16:15:00,370 - INFO - Request for get_stock_by_skus, skus: ['4cc0770f-91bc-4c0d-a26f-7b872f02ca94', 'b2926dc2-cc6d-4c3e-ae40-7a127c173b16']
2026-08-17 16:15:00,372 - INFO - Request for get_stock_by_skus successfully processed, result: {'4cc0770f-91bc-4c0d-a26f-7b872f02ca94': 10, 'b2926dc2-cc6d-4c3e-ae40-7a127c173b16': 0}
2026-08-17 16:15:00,389 - INFO - Request for get_stock_by_skus, skus: ['4cc0770f-91bc-4c0d-a26f-7b872f02ca94', 'b2926dc2-cc6d-4c3e-ae40-7a127c173b16']
2026-08-17 16:15:00,391 - INFO - Request for get_stock_by_skus successfully processed, result: {'4cc0770f-91bc-4c0d-a26f-7b872f02ca94': 10, 'b2926dc2-cc6d-4c3e-ae40-7a127c173b16': 0}
2026-08-17 16:15:00,409 - INFO - Request for get_stock_by_skus, skus: ['4cc0770f-91bc-4c0d-a26f-7b872f02ca94', 'b2926dc2-cc6d-4c3e-ae40-7a127c173b16']
2026-08-17 16:15:00,410 - INFO - Request for get_stock_by_skus successfully processed, result: {'4cc0770f-91bc-4c0d-a26f-7b872f02ca94': 10, 'b2926dc2-cc6d-4c3e-ae40-7a127c173b16': 0}
2026-08-17 16:15:00,428 - INFO - Request for get_stock_by_skus, skus: ['4cc0770f-91bc-4c0d-a26f-7b872f02ca94', 'b2926dc2-cc6d-4c3e-ae40-7a127c173b16']
2026-08-17 16:15:00,430 - INFO - Request for get_stock_by_skus successfully processed, result: {'4cc0770f-91bc-4c0d-a26f-7b872f02ca94': 10, 'b2926dc2-cc6d-4c3e-ae40-7a127c173b16': 0}
2026-08-17 16:15:00,448 - INFO - Request for get_stock_by_skus, skus: ['4cc0770f-91bc-4c0d-a26f-7b872f02ca94', 'b2926dc2-cc6d-4c3e-ae40-7a127c173b16']
2026-08-17 16:15:00,450 - INFO - Request for get_stock_by_skus successfully processed, result: {'4cc0770f-91bc-4c0d-a26f-7b872f02ca94': 10, 'b2926dc2-cc6d-4c3e-ae40-7a127c173b16': 0}
2026-08-17 16:15:00,469 - INFO - Request for get_stock_by_skus, skus: ['4cc0770f-91bc-4c0d-a26f-7b872f02ca94', 'b2926dc2-cc6d-4c3e-ae40-7a127c173b16']
2026-08-17 16:15:00,470 - INFO - Request for get_stock_by_skus successfully processed, result: {'4cc0770f-91bc-4c0d-a26f-7b872f02ca94': 10, 'b2926dc2-cc6d-4c3e-ae40-7a127c173b16': 0}
2026-08-17 16:15:00,488 - INFO - Request for get_stock_by_skus, skus: ['4cc0770f-91bc-4c0d-a26f-7b872f02ca94', 'b2926dc2-cc6d-4c3e-ae40-7a127c173b16']
2026-08-17 16:15:00,489 - INFO - Request for get_stock_by_skus successfully processed, result: {'4cc0770f-91bc-4c0d-a26f-7b872f02ca94': 10, 'b2926dc2-cc6d-4c3e-ae40-7a127c173b16': 0}
2026-08-17 16:15:00,507 - INFO - Request for get_stock_by_skus, skus: ['4cc0770f-91bc-4c0d-a26f-7b872f02ca94', 'b2926dc2-cc6d-4c3e-ae40-7a127c173b16']
2026-08-17 16:15:00,509 - INFO - Request for get_stock_by_skus successfully processed, result: {'4cc0770f-91bc-4c0d-a26f-7b872f02ca94': 10, 'b2926dc2-cc6d-4c3e-ae40-7a127c173b16': 0}
2026-08-17 16:15:00,531 - INFO - Request for get_stock_by_skus, skus: ['4cc0770f-91bc-4c0d-a26f-7b872f02ca94', 'b2926dc2-cc6d-4c3e-ae40-7a127c173b16']
2026-08-17 16:15:00,533 - INFO - Request for get_stock_by_skus successfully processed, result: {'4cc0770f-91bc-4c0d-a26f-7b872f02ca94': 10, 'b2926dc2-cc6d-4c3e-ae40-7a127c173b16': 0}
2026-08-17 16:15:00,550 - INFO - Request for get_stock_by_skus, skus: ['4cc0770f-91bc-4c0d-a26f-7b872f02ca94', 'b2926dc2-cc6d-4c3e-ae40-7a127c173b16']
2026-08-17 16:15:00,551 - INFO - Request for get_stock_by_skus successfully processed, result: {'4cc0770f-91bc-4c0d-a26f-7b872f02ca94': 10, 'b2926dc2-cc6d-4c3e-ae40-7a127c173b16': 0}
2026-08-17 16:15:00,569 - INFO - Request for get_stock_by_skus, skus: ['4cc0770f-91bc-4c0d-a26f-7b872f02ca94', 'b2926dc2-cc6d-4c3e-ae40-7a127c173b16']
2026-08-17 16:15:00,571 - INFO - Request for get_stock_by_skus successfully processed, result: {'4cc0770f-91bc-4c0d-a26f-7b872f02ca94': 10, 'b2926dc2-cc6d-4c3e-ae40-7a127c173b16': 0}
2026-08-17 16:15:00,588 - INFO - Request for get_stock_by_skus, skus: ['4cc0770f-91bc-4c0d-a26f-7b872f02ca94', 'b2926dc2-cc6d-4c3e-ae40-7a127c173b16']
2026-08-17 16:15:00,590 - INFO - Request for get_stock_by_skus successfully processed, result: {'4cc0770f-91bc-4c0d-a26f-7b872f02ca94': 10, 'b2926dc2-cc6d-4c3e-ae40-7a127c173b16': 0}
2026-08-17 16:15:00,609 - INFO - Request for get_stock_by_skus, skus: ['4cc0770f-91bc-4c0d-a26f-7b872f02ca94', 'b2926dc2-cc6d-4c3e-ae40-7a127c173b16']
2026-08-17 16:15:00,611 - INFO - Request for get_stock_by_skus successfully processed, result: {'4cc0770f-91bc-4c0d-a26f-7b872f02ca94': 10, 'b2926dc2-cc6d-4c3e-ae40-7a127c173b16': 0}
2026-08-17 16:15:00,628 - INFO - Request for get_stock_by_skus, skus: ['4cc0770f-91bc-4c0d-a26f-7b872f02ca94', 'b2926dc2-cc6d-4c3e-ae40-7a127c173b16']
2026-08-17 16:15:00,630 - INFO - Request for get_stock_by_skus successfully processed, result: {'4cc0770f-91bc-4c0d-a26f-7b872f02ca94': 10, 'b2926dc2-cc6d-4c3e-ae40-7a127c173b16': 0}
2026-08-17 16:15:00,647 - INFO - Request for get_stock_by_skus, skus: ['4cc0770f-91bc-4c0d-a26f-7b872f02ca94', 'b2926dc2-cc6d-4c3e-ae40-7a127c173b16']
2026-08-17 16:15:00,649 - INFO - Request for get_stock_by_skus successfully processed, result: {'4cc0770f-91bc-4c0d-a26f-7b872f02ca94': 10, 'b2926dc2-cc6d-4c3e-ae40-7a127c173b16': 0}
2026-08-17 16:15:00,666 - INFO - Request for get_stock_by_skus, skus: ['4cc0770f-91bc-4c0d-a26f-7b872f02ca94', 'b2926dc2-cc6d-4c3e-ae40-7a127c173b16']
2026-08-17 16:15:00,668 - INFO - Request for get_stock_by_skus successfully processed, result: {'4cc0770f-91bc-4c0d-a26f-7b872f02ca94': 10, 'b2926dc2-cc6d-4c3e-ae40-7a127c173b16': 0}
2026-08-17 16:15:00,686 - INFO - Request for get_stock_by_skus, skus: ['4cc0770f-91bc-4c0d-a26f-7b872f02ca94', 'b2926dc2-cc6d-4c3e-ae40-7a127c173b16']
2026-08-17 16:15:00,687 - INFO - Request for get_stock_by_skus successfully processed, result: {'4cc0770f-91bc-4c0d-a26f-7b872f02ca94': 10, 'b2926dc2-cc6d-4c3e-ae40-7a127c173b16': 0}
2026-08-17 16:15:00,706 - INFO - Request for get_stock_by_skus, skus: ['4cc0770f-91bc-4c0d-a26f-7b872f02ca94', 'b2926dc2-cc6d-4c3e-ae40-7a127c173b16']
2026-08-17 16:15:00,708 - INFO - Request for get_stock_by_skus successfully processed, result: {'4cc0770f-91bc-4c0d-a26f-7b872f02ca94': 10, 'b2926dc2-cc6d-4c3e-ae40-7a127c173b16': 0}
2026-08-17 16:15:00,725 - INFO - Request for get_stock_by_skus, skus: ['4cc0770f-91bc-4c0d-a26f-7b872f02ca94', 'b2926dc2-cc6d-4c3e-ae40-7a127c173b16']
2026-08-17 16:15:00,728 - INFO - Request for get_stock_by_skus successfully processed, result: {'4cc0770f-91bc-4c0d-a26f-7b872f02ca94': 10, 'b2926dc2-cc6d-4c3e-ae40-7a127c173b16': 0}
2026-08-17 16:15:00,745 - INFO - Request for get_stock_by_skus, skus: ['4cc0770f-91bc-4c0d-a26f-7b872f02ca94', 'b2926dc2-cc6d-4c3e-ae40-7a127c173b16']
2026-08-17 16:15:00,747 - INFO - Request for get_stock_by_skus successfully processed, result: {'4cc0770f-91bc-4c0d-a26f-7b872f02ca94': 10, 'b2926dc2-cc6d-4c3e-ae40-7a127c173b16': 0}
2026-08-17 16:15:00,765 - INFO - Request for get_stock_by_skus, skus: ['4cc0770f-91bc-4c0d-a26f-7b872f02ca94', 'b2926dc2-cc6d-4c3e-ae40-7a127c173b16']
2026-08-17 16:15:00,767 - INFO - Request for get_stock_by_skus successfully processed, result: {'4cc0770f-91bc-4c0d-a26f-7b872f02ca94': 10, 'b2926dc2-cc6d-4c3e-ae40-7a127c173b16': 0}
2026-08-17 16:15:00,785 - INFO - Request for get_stock_by_skus, skus: ['4cc0770f-91bc-4c0d-a26f-7b872f02ca94', 'b2926dc2-cc6d-4c3e-ae40-7a127c173b16']
2026-08-17 16:15:00,787 - INFO - Request for get_stock_by_skus successfully processed, result: {'4cc0770f-91bc-4c0d-a26f-7b872f02ca94': 10, 'b2926dc2-cc6d-4c3e-ae40-7a127c173b16': 0}
2026-08-17 16:15:00,804 - INFO - Request for get_stock_by_skus, skus: ['4cc0770f-91bc-4c0d-a26f-7b872f02ca94', 'b2926dc2-cc6d-4c3e-ae40-7a127c173b16']
2026-08-17 16:15:00,806 - INFO - Request for get_stock_by_skus successfully processed, result: {'4cc0770f-91bc-4c0d-a26f-7b872f02ca94': 10, 'b2926dc2-cc6d-4c3e-ae40-7a127c173b16': 0}
2026-08-17 16:15:00,823 - INFO - Request for get_stock_by_skus, skus: ['4cc0770f-91bc-4c0d-a26f-7b872f02ca94', 'b2926dc2-cc6d-4c3e-ae40-7a127c173b16']
2026-08-17 16:15:00,825 - INFO - Request for get_stock_by_skus successfully processed, result: {'4cc0770f-91bc-4c0d-a26f-7b872f02ca94': 10, 'b2926dc2-cc6d-4c3e-ae40-7a127c173b16': 0}
2026-08-17 16:15:00,841 - INFO - Request for get_stock_by_skus, skus: ['4cc0770f-91bc-4c0d-a26f-7b872f02ca94', 'b2926dc2-cc6d-4c3e-ae40-7a127c173b16']
2026-08-17 16:15:00,843 - INFO - Request for get_stock_by_skus successfully processed, result: {'4cc0770f-91bc-4c0d-a26f-7b872f02ca94': 10, 'b2926dc2-cc6d-4c3e-ae40-7a127c173b16': 0}
2026-08-17 16:15:00,860 - INFO - Request for get_stock_by_skus, skus: ['4cc0770f-91bc-4c0d-a26f-7b872f02ca94', 'b2926dc2-cc6d-4c3e-ae40-7a127c173b16']
2026-08-17 16:15:00,862 - INFO - Request for get_stock_by_skus successfully processed, result: {'4cc0770f-91bc-4c0d-a26f-7b872f02ca94': 10, 'b2926dc2-cc6d-4c3e-ae40-7a127c173b16': 0}
2026-08-17 16:15:00,880 - INFO - Request for get_stock_by_skus, skus: ['4cc0770f-91bc-4c0d-a26f-7b872f02ca94', 'b2926dc2-cc6d-4c3e-ae40-7a127c173b16']
2026-08-17 16:15:00,882 - INFO - Request for get_stock_by_skus successfully processed, result: {'4cc0770f-91bc-4c0d-a26f-7b872f02ca94': 10, 'b2926dc2-cc6d-4c3e-ae40-7a127c173b16': 0}
2026-08-17 16:15:00,900 - INFO - Request for get_stock_by_skus, skus: ['4cc0770f-91bc-4c0d-a26f-7b872f02ca94', 'b2926dc2-cc6d-4c3e-ae40-7a127c173b16']
2026-08-17 16:15:00,901 - INFO - Request for get_stock_by_skus successfully processed, result: {'4cc0770f-91bc-4c0d-a26f-7b872f02ca94': 10, 'b2926dc2-cc6d-4c3e-ae40-7a127c173b16': 0}
2026-08-17 16:15:00,918 - INFO - Request for get_stock_by_skus, skus: ['4cc0770f-91bc-4c0d-a26f-7b872f02ca94', 'b2926dc2-cc6d-4c3e-ae40-7a127c173b16']
2026-08-17 16:15:00,920 - INFO - Request for get_stock_by_skus successfully processed, result: {'4cc0770f-91bc-4c0d-a26f-7b872f02ca94': 10, 'b2926dc2-cc6d-4c3e-ae40-7a127c173b16': 0}
2026-08-17 16:15:00,937 - INFO - Request for get_stock_by_skus, skus: ['4cc0770f-91bc-4c0d-a26f-7b872f02ca94', 'b2926dc2-cc6d-4c3e-ae40-7a127c173b16']
2026-08-17 16:15:00,939 - INFO - Request for get_stock_by_skus successfully processed, result: {'4cc0770f-91bc-4c0d-a26f-7b872f02ca94': 10, 'b2926dc2-cc6d-4c3e-ae40-7a127c173b16': 0}
2026-08-17 16:15:00,956 - INFO - Request for get_stock_by_skus, skus: ['4cc0770f-91bc-4c0d-a26f-7b872f02ca94', 'b2926dc2-cc6d-4c3e-ae40-7a127c173b16']
2026-08-17 16:15:00,959 - INFO - Request for get_stock_by_skus successfully processed, result: {'4cc0770f-91bc-4c0d-a26f-7b872f02ca94': 10, 'b2926dc2-cc6d-4c3e-ae40-7a127c173b16': 0}
2026-08-17 16:15:00,984 - INFO - Request for get_stock_by_skus, skus: ['4cc0770f-91bc-4c0d-a26f-7b872f02ca94', 'b2926dc2-cc6d-4c3e-ae40-7a127c173b16']
2026-08-17 16:15:00,986 - INFO - Request for get_stock_by_skus successfully processed, result: {'4cc0770f-91bc-4c0d-a26f-7b872f02ca94': 10, 'b2926dc2-cc6d-4c3e-ae40-7a127c173b16': 0}
2026-08-17 16:15:01,014 - INFO - Request for get_stock_by_skus, skus: ['4cc0770f-91bc-4c0d-a26f-7b872f02ca94', 'b2926dc2-cc6d-4c3e-ae40-7a127c173b16']
2026-08-17 16:15:01,019 - INFO - Request for get_stock_by_skus successfully processed, result: {'4cc0770f-91bc-4c0d-a26f-7b872f02ca94': 10, 'b2926dc2-cc6d-4c3e-ae40-7a127c173b16': 0}
2026-08-17 16:15:01,052 - INFO - Request for get_stock_by_skus, skus: ['4cc0770f-91bc-4c0d-a26f-7b872f02ca94', 'b2926dc2-cc6d-4c3e-ae40-7a127c173b16']
2026-08-17 16:15:01,054 - INFO - Request for get_stock_by_skus successfully processed, result: {'4cc0770f-91bc-4c0d-a26f-7b872f02ca94': 10, 'b2926dc2-cc6d-4c3e-ae40-7a127c173b16': 0}
2026-08-17 16:15:01,082 - INFO - Request for get_stock_by_skus, skus: ['4cc0770f-91bc-4c0d-a26f-7b872f02ca94', 'b2926dc2-cc6d-4c3e-ae40-7a127c173b16']
2026-08-17 16:15:01,084 - INFO - Request for get_stock_by_skus successfully processed, result: {'4cc0770f-91bc-4c0d-a26f-7b872f02ca94': 10, 'b2926dc2-cc6d-4c3e-ae40-7a127c173b16': 0}
2026-08-17 16:15:01,107 - INFO - Request for get_stock_by_skus, skus: ['4cc0770f-91bc-4c0d-a26f-7b872f02ca94', 'b2926dc2-cc6d-4c3e-ae40-7a127c173b16']
2026-08-17 16:15:01,109 - INFO - Request for get_stock_by_skus successfully processed, result: {'4cc0770f-91bc-4c0d-a26f-7b872f02ca94': 10, 'b2926dc2-cc6d-4c3e-ae40-7a127c173b16': 0}
2026-08-17 16:15:01,131 - INFO - Request for get_stock_by_skus, skus: ['4cc0770f-91bc-4c0d-a26f-7b872f02ca94', 'b2926dc2-cc6d-4c3e-ae40-7a127c173b16']
2026-08-17 16:15:01,133 - INFO - Request for get_stock_by_skus successfully processed, result: {'4cc0770f-91bc-4c0d-a26f-7b872f02ca94': 10, 'b2926dc2-cc6d-4c3e-ae40-7a127c173b16': 0}
2026-08-17 16:15:01,152 - INFO - Request for get_stock_by_skus, skus: ['4cc0770f-91bc-4c0d-a26f-7b872f02ca94', 'b2926dc2-cc6d-4c3e-ae40-7a127c173b16']
2026-08-17 16:15:01,154 - INFO - Request for get_stock_by_skus successfully processed, result: {'4cc0770f-91bc-4c0d-a26f-7b872f02ca94': 10, 'b2926dc2-cc6d-4c3e-ae40-7a127c173b16': 0}
2026-08-17 16:15:01,176 - INFO - Request for get_stock_by_skus, skus: ['4cc0770f-91bc-4c0d-a26f-7b872f02ca94', 'b2926dc2-cc6d-4c3e-ae40-7a127c173b16']
2026-08-17 16:15:01,178 - INFO - Request for get_stock_by_skus successfully processed, result: {'4cc0770f-91bc-4c0d-a26f-7b872f02ca94': 10, 'b2926dc2-cc6d-4c3e-ae40-7a127c173b16': 0}
2026-08-17 16:15:01,201 - INFO - Request for get_stock_by_skus, skus: ['4cc0770f-91bc-4c0d-a26f-7b872f02ca94', 'b2926dc2-cc6d-4c3e-ae40-7a127c173b16']
2026-08-17 16:15:01,203 - INFO - Request for get_stock_by_skus successfully processed, result: {'4cc0770f-91bc-4c0d-a26f-7b872f02ca94': 10, 'b2926dc2-cc6d-4c3e-ae40-7a127c173b16': 0}
2026-08-17 16:15:01,223 - INFO - Request for get_stock_by_skus, skus: ['4cc0770f-91bc-4c0d-a26f-7b872f02ca94', 'b2926dc2-cc6d-4c3e-ae40-7a127c173b16']
2026-08-17 16:15:01,225 - INFO - Request for get_stock_by_skus successfully processed, result: {'4cc0770f-91bc-4c0d-a26f-7b872f02ca94': 10, 'b2926dc2-cc6d-4c3e-ae40-7a127c173b16': 0}
2026-08-17 16:15:01,246 - INFO - Request for get_stock_by_skus, skus: ['4cc0770f-91bc-4c0d-a26f-7b872f02ca94', 'b2926dc2-cc6d-4c3e-ae40-7a127c173b16']
2026-08-17 16:15:01,248 - INFO - Request for get_stock_by_skus successfully processed, result: {'4cc0770f-91bc-4c0d-a26f-7b872f02ca94': 10, 'b2926dc2-cc6d-4c3e-ae40-7a127c173b16': 0}
2026-08-17 16:15:01,268 - INFO - Request for get_stock_by_skus, skus: ['4cc0770f-91bc-4c0d-a26f-7b872f02ca94', 'b2926dc2-cc6d-4c3e-ae40-7a127c173b16']
2026-08-17 16:15:01,270 - INFO - Request for get_stock_by_skus successfully processed, result: {'4cc0770f-91bc-4c0d-a26f-7b872f02ca94': 10, 'b2926dc2-cc6d-4c3e-ae40-7a127c173b16': 0}
2026-08-17 16:15:01,293 - INFO - Request for get_stock_by_skus, skus: ['4cc0770f-91bc-4c0d-a26f-7b872f02ca94', 'b2926dc2-cc6d-4c3e-ae40-7a127c173b16']
2026-08-17 16:15:01,296 - INFO - Request for get_stock_by_skus successfully processed, result: {'4cc0770f-91bc-4c0d-a26f-7b872f02ca94': 10, 'b2926dc2-cc6d-4c3e-ae40-7a127c173b16': 0}
2026-08-17 16:15:01,315 - INFO - Request for get_stock_by_skus, skus: ['4cc0770f-91bc-4c0d-a26f-7b872f02ca94', 'b2926dc2-cc6d-4c3e-ae40-7a127c173b16']
2026-08-17 16:15:01,317 - INFO - Request for get_stock_by_skus successfully processed, result: {'4cc0770f-91bc-4c0d-a26f-7b872f02ca94': 10, 'b2926dc2-cc6d-4c3e-ae40-7a127c173b16': 0}
2026-08-17 16:15:01,334 - INFO - Request for get_stock_by_skus, skus: ['4cc0770f-91bc-4c0d-a26f-7b872f02ca94', 'b2926dc2-cc6d-4c3e-ae40-7a127c173b16']
2026-08-17 16:15:01,336 - INFO - Request for get_stock_by_skus successfully processed, result: {'4cc0770f-91bc-4c0d-a26f-7b872f02ca94': 10, 'b2926dc2-cc6d-4c3e-ae40-7a127c173b16': 0}
2026-08-17 16:15:01,353 - INFO - Request for get_stock_by_skus, skus: ['4cc0770f-91bc-4c0d-a26f-7b872f02ca94', 'b2926dc2-cc6d-4c3e-ae40-7a127c173b16']
2026-08-17 16:15:01,355 - INFO - Request for get_stock_by_skus successfully processed, result: {'4cc0770f-91bc-4c0d-a26f-7b872f02ca94': 10, 'b2926dc2-cc6d-4c3e-ae40-7a127c173b16': 0}
2026-08-17 16:15:01,371 - INFO - Request for get_stock_by_skus, skus: ['4cc0770f-91bc-4c0d-a26f-7b872f02ca94', 'b2926dc2-cc6d-4c3e-ae40-7a127c173b16']
2026-08-17 16:15:01,373 - INFO - Request for get_stock_by_skus successfully processed, result: {'4cc0770f-91bc-4c0d-a26f-7b872f02ca94': 10, 'b2926dc2-cc6d-4c3e-ae40-7a127c173b16': 0}
2026-08-17 16:15:01,391 - INFO - Request for get_stock_by_skus, skus: ['4cc0770f-91bc-4c0d-a26f-7b872f02ca94', 'b2926dc2-cc6d-4c3e-ae40-7a127c173b16']
2026-08-17 16:15:01,393 - INFO - Request for get_stock_by_skus successfully processed, result: {'4cc0770f-91bc-4c0d-a26f-7b872f02ca94': 10, 'b2926dc2-cc6d-4c3e-ae40-7a127c173b16': 0}
2026-08-17 16:15:01,413 - INFO - Request for get_stock_by_skus, skus: ['4cc0770f-91bc-4c0d-a26f-7b872f02ca94', 'b2926dc2-cc6d-4c3e-ae40-7a127c173b16']
2026-08-17 16:15:01,414 - INFO - Request for get_stock_by_skus successfully processed, result: {'4cc0770f-91bc-4c0d-a26f-7b872f02ca94': 10, 'b2926dc2-cc6d-4c3e-ae40-7a127c173b16': 0}
2026-08-17 16:15:01,432 - INFO - Request for get_stock_by_skus, skus: ['4cc0770f-91bc-4c0d-a26f-7b872f02ca94', 'b2926dc2-cc6d-4c3e-ae40-7a127c173b16']
2026-08-17 16:15:01,434 - INFO - Request for get_stock_by_skus successfully processed, result: {'4cc0770f-91bc-4c0d-a26f-7b872f02ca94': 10, 'b2926dc2-cc6d-4c3e-ae40-7a127c173b16': 0}
2026-08-17 16:15:01,452 - INFO - Request for get_stock_by_skus, skus: ['4cc0770f-91bc-4c0d-a26f-7b872f02ca94', 'b2926dc2-cc6d-4c3e-ae40-7a127c173b16']
2026-08-17 16:15:01,454 - INFO - Request for get_stock_by_skus successfully processed, result: {'4cc0770f-91bc-4c0d-a26f-7b872f02ca94': 10, 'b2926dc2-cc6d-4c3e-ae40-7a127c173b16': 0}
2026-08-17 16:15:01,475 - INFO - Request for get_stock_by_skus, skus: ['4cc0770f-91bc-4c0d-a26f-7b872f02ca94', 'b2926dc2-cc6d-4c3e-ae40-7a127c173b16']
2026-08-17 16:15:01,477 - INFO - Request for get_stock_by_skus successfully processed, result: {'4cc0770f-91bc-4c0d-a26f-7b872f02ca94': 10, 'b2926dc2-cc6d-4c3e-ae40-7a127c173b16': 0}
2026-08-17 16:15:01,497 - INFO - Request for get_stock_by_skus, skus: ['4cc0770f-91bc-4c0d-a26f-7b872f02ca94', 'b2926dc2-cc6d-4c3e-ae40-7a127c173b16']
2026-08-17 16:15:01,499 - INFO - Request for get_stock_by_skus successfully processed, result: {'4cc0770f-91bc-4c0d-a26f-7b872f02ca94': 10, 'b2926dc2-cc6d-4c3e-ae40-7a127c173b16': 0}
2026-08-17 16:15:01,522 - INFO - Request for get_stock_by_skus, skus: ['4cc0770f-91bc-4c0d-a26f-7b872f02ca94', 'b2926dc2-cc6d-4c3e-ae40-7a127c173b16']
2026-08-17 16:15:01,524 - INFO - Request for get_stock_by_skus successfully processed, result: {'4cc0770f-91bc-4c0d-a26f-7b872f02ca94': 10, 'b2926dc2-cc6d-4c3e-ae40-7a127c173b16': 0}
2026-08-17 17:33:18,595 - INFO - Request for reserve_stock, order_id: ff7bdf29-37b3-43fb-bb23-68f4f4981c59, request: order_id='ff7bdf29-37b3-43fb-bb23-68f4f4981c59' items=[CartItem(sku='4cc0770f-91bc-4c0d-a26f-7b872f02ca94', qty=2)] atomic_update=True delay=0.0 drop=0
2026-08-17 17:33:18,595 - INFO - Failure injected for inventory reserve_stock INJECT_DELAY: 0, INJECT_DROP_RATE: 0
2026-08-17 17:33:18,599 - INFO - Request for reserve_stock successfully processed, order_id: ff7bdf29-37b3-43fb-bb23-68f4f4981c59, result items: [{'sku': '4cc0770f-91bc-4c0d-a26f-7b872f02ca94', 'remaining': 8}], status: RESERVED
2026-08-17 17:33:19,189 - INFO - Request for reserve_stock, order_id: a51637b6-71df-4f24-83a1-2f7eebaf356e, request: order_id='a51637b6-71df-4f24-83a1-2f7eebaf356e' items=[CartItem(sku='4cc0770f-91bc-4c0d-a26f-7b872f02ca94', qty=2)] atomic_update=True delay=0.0 drop=0
2026-08-17 17:33:19,189 - INFO - Failure injected for inventory reserve_stock INJECT_DELAY: 0, INJECT_DROP_RATE: 0
2026-08-17 17:33:19,191 - INFO - Request for reserve_stock successfully processed, order_id: a51637b6-71df-4f24-83a1-2f7eebaf356e, result items: [{'sku': '4cc0770f-91bc-4c0d-a26f-7b872f02ca94', 'remaining': 6}], status: RESERVED
2026-08-17 17:33:19,732 - INFO - Request for reserve_stock, order_id: 6eb780a9-c93c-41f4-b73b-2c5e07873059, request: order_id='6eb780a9-c93c-41f4-b73b-2c5e07873059' items=[CartItem(sku='4cc0770f-91bc-4c0d-a26f-7b872f02ca94', qty=2)] atomic_update=True delay=0.0 drop=0
2026-08-17 17:33:19,732 - INFO - Failure injected for inventory reserve_stock INJECT_DELAY: 0, INJECT_DROP_RATE: 0
2026-08-17 17:33:19,735 - INFO - Request for reserve_stock successfully processed, order_id: 6eb780a9-c93c-41f4-b73b-2c5e07873059, result items: [{'sku': '4cc0770f-91bc-4c0d-a26f-7b872f02ca94', 'remaining': 4}], status: RESERVED
2026-08-17 17:33:20,288 - INFO - Request for reserve_stock, order_id: 3c702dc6-deb5-4d24-be44-56b82835d4d3, request: order_id='3c702dc6-deb5-4d24-be44-56b82835d4d3' items=[CartItem(sku='4cc0770f-91bc-4c0d-a26f-7b872f02ca94', qty=2)] atomic_update=True delay=0.0 drop=0
2026-08-17 17:33:20,288 - INFO - Failure injected for inventory reserve_stock INJECT_DELAY: 0, INJECT_DROP_RATE: 0
2026-08-17 17:33:20,290 - INFO - Request for reserve_stock successfully processed, order_id: 3c702dc6-deb5-4d24-be44-56b82835d4d3, result items: [{'sku': '4cc0770f-91bc-4c0d-a26f-7b872f02ca94', 'remaining': 2}], status: RESERVED
2026-08-17 17:33:20,841 - INFO - Request for reserve_stock, order_id: b5145129-9240-465f-a11d-57965b2bc450, request: order_id='b5145129-9240-465f-a11d-57965b2bc450' items=[CartItem(sku='4cc0770f-91bc-4c0d-a26f-7b872f02ca94', qty=2)] atomic_update=True delay=0.0 drop=0
2026-08-17 17:33:20,841 - INFO - Failure injected for inventory reserve_stock INJECT_DELAY: 0, INJECT_DROP_RATE: 0
2026-08-17 17:33:20,844 - INFO - Request for reserve_stock successfully processed, order_id: b5145129-9240-465f-a11d-57965b2bc450, result items: [{'sku': '4cc0770f-91bc-4c0d-a26f-7b872f02ca94', 'remaining': 0}], status: RESERVED
2026-08-17 17:33:21,409 - INFO - Request for reserve_stock, order_id: 1965f5a9-ad10-4d54-ae90-c9cb265cc3cd, request: order_id='1965f5a9-ad10-4d54-ae90-c9cb265cc3cd' items=[CartItem(sku='4cc0770f-91bc-4c0d-a26f-7b872f02ca94', qty=2)] atomic_update=True delay=0.0 drop=0
2026-08-17 17:33:21,409 - INFO - Failure injected for inventory reserve_stock INJECT_DELAY: 0, INJECT_DROP_RATE: 0
2026-08-17 17:33:21,410 - INFO - Request for reserve_stock successfully processed, order_id: 1965f5a9-ad10-4d54-ae90-c9cb265cc3cd, failed_sku: 4cc0770f-91bc-4c0d-a26f-7b872f02ca94, status: OUT_OF_STOCK
2026-08-17 17:33:21,410 - ERROR - Exception in Request for reserve_stock, order_id: 1965f5a9-ad10-4d54-ae90-c9cb265cc3cd, status: OUT_OF_STOCK, Error: Out of stock: 4cc0770f-91bc-4c0d-a26f-7b872f02ca94
2026-08-17 17:33:21,431 - INFO - Request for reserve_stock, order_id: 3149b6e4-198c-4046-bef9-25982ebdd8e1, request: order_id='3149b6e4-198c-4046-bef9-25982ebdd8e1' items=[CartItem(sku='4cc0770f-91bc-4c0d-a26f-7b872f02ca94', qty=2)] atomic_update=True delay=0.0 drop=0
2026-08-17 17:33:21,431 - INFO - Failure injected for inventory reserve_stock INJECT_DELAY: 0, INJECT_DROP_RATE: 0
2026-08-17 17:33:21,432 - INFO - Request for reserve_stock successfully processed, order_id: 3149b6e4-198c-4046-bef9-25982ebdd8e1, failed_sku: 4cc0770f-91bc-4c0d-a26f-7b872f02ca94, status: OUT_OF_STOCK
2026-08-17 17:33:21,432 - ERROR - Exception in Request for reserve_stock, order_id: 3149b6e4-198c-4046-bef9-25982ebdd8e1, status: OUT_OF_STOCK, Error: Out of stock: 4cc0770f-91bc-4c0d-a26f-7b872f02ca94
2026-08-17 17:33:21,463 - INFO - Request for reserve_stock, order_id: d7e72207-5578-4384-869a-7f178485ebb2, request: order_id='d7e72207-5578-4384-869a-7f178485ebb2' items=[CartItem(sku='4cc0770f-91bc-4c0d-a26f-7b872f02ca94', qty=2)] atomic_update=True delay=0.0 drop=0
2026-08-17 17:33:21,463 - INFO - Failure injected for inventory reserve_stock INJECT_DELAY: 0, INJECT_DROP_RATE: 0
2026-08-17 17:33:21,464 - INFO - Request for reserve_stock successfully processed, order_id: d7e72207-5578-4384-869a-7f178485ebb2, failed_sku: 4cc0770f-91bc-4c0d-a26f-7b872f02ca94, status: OUT_OF_STOCK
2026-08-17 17:33:21,464 - ERROR - Exception in Request for reserve_stock, order_id: d7e72207-5578-4384-869a-7f178485ebb2, status: OUT_OF_STOCK, Error: Out of stock: 4cc0770f-91bc-4c0d-a26f-7b872f02ca94
2026-08-17 17:33:21,485 - INFO - Request for reserve_stock, order_id: 4ab124d4-e702-436d-98a4-e718a8ef5a21, request: order_id='4ab124d4-e702-436d-98a4-e718a8ef5a21' items=[CartItem(sku='4cc0770f-91bc-4c0d-a26f-7b872f02ca94', qty=2)] atomic_update=True delay=0.0 drop=0
2026-08-17 17:33:21,486 - INFO - Failure injected for inventory reserve_stock INJECT_DELAY: 0, INJECT_DROP_RATE: 0
2026-08-17 17:33:21,487 - INFO - Request for reserve_stock successfully processed, order_id: 4ab124d4-e702-436d-98a4-e718a8ef5a21, failed_sku: 4cc0770f-91bc-4c0d-a26f-7b872f02ca94, status: OUT_OF_STOCK
2026-08-17 17:33:21,487 - ERROR - Exception in Request for reserve_stock, order_id: 4ab124d4-e702-436d-98a4-e718a8ef5a21, status: OUT_OF_STOCK, Error: Out of stock: 4cc0770f-91bc-4c0d-a26f-7b872f02ca94
2026-08-17 17:33:21,517 - INFO - Request for reserve_stock, order_id: df2e0af8-9b2e-407f-82c8-ff0cf3629de5, request: order_id='df2e0af8-9b2e-407f-82c8-ff0cf3629de5' items=[CartItem(sku='4cc0770f-91bc-4c0d-a26f-7b872f02ca94', qty=2)] atomic_update=True delay=0.0 drop=0
2026-08-17 17:33:21,517 - INFO - Failure injected for inventory reserve_stock INJECT_DELAY: 0, INJECT_DROP_RATE: 0
2026-08-17 17:33:21,518 - INFO - Request for reserve_stock successfully processed, order_id: df2e0af8-9b2e-407f-82c8-ff0cf3629de5, failed_sku: 4cc0770f-91bc-4c0d-a26f-7b872f02ca94, status: OUT_OF_STOCK
2026-08-17 17:33:21,518 - ERROR - Exception in Request for reserve_stock, order_id: df2e0af8-9b2e-407f-82c8-ff0cf3629de5, status: OUT_OF_STOCK, Error: Out of stock: 4cc0770f-91bc-4c0d-a26f-7b872f02ca94
2026-08-17 17:33:21,539 - INFO - Request for reserve_stock, order_id: bd6f5e78-6931-42c8-bdea-91c80ed91e0d, request: order_id='bd6f5e78-6931-42c8-bdea-91c80ed91e0d' items=[CartItem(sku='4cc0770f-91bc-4c0d-a26f-7b872f02ca94', qty=2)] atomic_update=True delay=0.0 drop=0
2026-08-17 17:33:21,539 - INFO - Failure injected for inventory reserve_stock INJECT_DELAY: 0, INJECT_DROP_RATE: 0
2026-08-17 17:33:21,540 - INFO - Request for reserve_stock successfully processed, order_id: bd6f5e78-6931-42c8-bdea-91c80ed91e0d, failed_sku: 4cc0770f-91bc-4c0d-a26f-7b872f02ca94, status: OUT_OF_STOCK
2026-08-17 17:33:21,540 - ERROR - Exception in Request for reserve_stock, order_id: bd6f5e78-6931-42c8-bdea-91c80ed91e0d, status: OUT_OF_STOCK, Error: Out of stock: 4cc0770f-91bc-4c0d-a26f-7b872f02ca94
2026-08-17 17:33:21,573 - INFO - Request for reserve_stock, order_id: 1899f97d-303a-4d3c-99c1-ee7927e0b3b1, request: order_id='1899f97d-303a-4d3c-99c1-ee7927e0b3b1' items=[CartItem(sku='4cc0770f-91bc-4c0d-a26f-7b872f02ca94', qty=2)] atomic_update=True delay=0.0 drop=0
2026-08-17 17:33:21,573 - INFO - Failure injected for inventory reserve_stock INJECT_DELAY: 0, INJECT_DROP_RATE: 0
2026-08-17 17:33:21,574 - INFO - Request for reserve_stock successfully processed, order_id: 1899f97d-303a-4d3c-99c1-ee7927e0b3b1, failed_sku: 4cc0770f-91bc-4c0d-a26f-7b872f02ca94, status: OUT_OF_STOCK
2026-08-17 17:33:21,574 - ERROR - Exception in Request for reserve_stock, order_id: 1899f97d-303a-4d3c-99c1-ee7927e0b3b1, status: OUT_OF_STOCK, Error: Out of stock: 4cc0770f-91bc-4c0d-a26f-7b872f02ca94
2026-08-17 17:33:21,595 - INFO - Request for reserve_stock, order_id: da82dc04-2b72-4906-a173-a9175ef87476, request: order_id='da82dc04-2b72-4906-a173-a9175ef87476' items=[CartItem(sku='4cc0770f-91bc-4c0d-a26f-7b872f02ca94', qty=2)] atomic_update=True delay=0.0 drop=0
2026-08-17 17:33:21,595 - INFO - Failure injected for inventory reserve_stock INJECT_DELAY: 0, INJECT_DROP_RATE: 0
2026-08-17 17:33:21,596 - INFO - Request for reserve_stock successfully processed, order_id: da82dc04-2b72-4906-a173-a9175ef87476, failed_sku: 4cc0770f-91bc-4c0d-a26f-7b872f02ca94, status: OUT_OF_STOCK
2026-08-17 17:33:21,596 - ERROR - Exception in Request for reserve_stock, order_id: da82dc04-2b72-4906-a173-a9175ef87476, status: OUT_OF_STOCK, Error: Out of stock: 4cc0770f-91bc-4c0d-a26f-7b872f02ca94
2026-08-17 17:33:21,627 - INFO - Request for reserve_stock, order_id: 70101ec7-e328-4f29-b03c-aa20a94f05fd, request: order_id='70101ec7-e328-4f29-b03c-aa20a94f05fd' items=[CartItem(sku='4cc0770f-91bc-4c0d-a26f-7b872f02ca94', qty=2)] atomic_update=True delay=0.0 drop=0
2026-08-17 17:33:21,628 - INFO - Failure injected for inventory reserve_stock INJECT_DELAY: 0, INJECT_DROP_RATE: 0
2026-08-17 17:33:21,629 - INFO - Request for reserve_stock successfully processed, order_id: 70101ec7-e328-4f29-b03c-aa20a94f05fd, failed_sku: 4cc0770f-91bc-4c0d-a26f-7b872f02ca94, status: OUT_OF_STOCK
2026-08-17 17:33:21,629 - ERROR - Exception in Request for reserve_stock, order_id: 70101ec7-e328-4f29-b03c-aa20a94f05fd, status: OUT_OF_STOCK, Error: Out of stock: 4cc0770f-91bc-4c0d-a26f-7b872f02ca94
2026-08-17 17:33:21,650 - INFO - Request for reserve_stock, order_id: 78e5b56c-e936-4a6e-86d5-cb092c4439fa, request: order_id='78e5b56c-e936-4a6e-86d5-cb092c4439fa' items=[CartItem(sku='4cc0770f-91bc-4c0d-a26f-7b872f02ca94', qty=2)] atomic_update=True delay=0.0 drop=0
2026-08-17 17:33:21,650 - INFO - Failure injected for inventory reserve_stock INJECT_DELAY: 0, INJECT_DROP_RATE: 0
2026-08-17 17:33:21,651 - INFO - Request for reserve_stock successfully processed, order_id: 78e5b56c-e936-4a6e-86d5-cb092c4439fa, failed_sku: 4cc0770f-91bc-4c0d-a26f-7b872f02ca94, status: OUT_OF_STOCK
2026-08-17 17:33:21,651 - ERROR - Exception in Request for reserve_stock, order_id: 78e5b56c-e936-4a6e-86d5-cb092c4439fa, status: OUT_OF_STOCK, Error: Out of stock: 4cc0770f-91bc-4c0d-a26f-7b872f02ca94
2026-08-17 17:33:21,682 - INFO - Request for reserve_stock, order_id: 7cf3ab1d-2af7-4c18-a0c8-da62497e609a, request: order_id='7cf3ab1d-2af7-4c18-a0c8-da62497e609a' items=[CartItem(sku='4cc0770f-91bc-4c0d-a26f-7b872f02ca94', qty=2)] atomic_update=True delay=0.0 drop=0
2026-08-17 17:33:21,682 - INFO - Failure injected for inventory reserve_stock INJECT_DELAY: 0, INJECT_DROP_RATE: 0
2026-08-17 17:33:21,683 - INFO - Request for reserve_stock successfully processed, order_id: 7cf3ab1d-2af7-4c18-a0c8-da62497e609a, failed_sku: 4cc0770f-91bc-4c0d-a26f-7b872f02ca94, status: OUT_OF_STOCK
2026-08-17 17:33:21,683 - ERROR - Exception in Request for reserve_stock, order_id: 7cf3ab1d-2af7-4c18-a0c8-da62497e609a, status: OUT_OF_STOCK, Error: Out of stock: 4cc0770f-91bc-4c0d-a26f-7b872f02ca94
2026-08-17 17:33:21,704 - INFO - Request for reserve_stock, order_id: bc87d291-1d12-4074-a6a3-0cb6a9fc25e2, request: order_id='bc87d291-1d12-4074-a6a3-0cb6a9fc25e2' items=[CartItem(sku='4cc0770f-91bc-4c0d-a26f-7b872f02ca94', qty=2)] atomic_update=True delay=0.0 drop=0
2026-08-17 17:33:21,704 - INFO - Failure injected for inventory reserve_stock INJECT_DELAY: 0, INJECT_DROP_RATE: 0
2026-08-17 17:33:21,705 - INFO - Request for reserve_stock successfully processed, order_id: bc87d291-1d12-4074-a6a3-0cb6a9fc25e2, failed_sku: 4cc0770f-91bc-4c0d-a26f-7b872f02ca94, status: OUT_OF_STOCK
2026-08-17 17:33:21,705 - ERROR - Exception in Request for reserve_stock, order_id: bc87d291-1d12-4074-a6a3-0cb6a9fc25e2, status: OUT_OF_STOCK, Error: Out of stock: 4cc0770f-91bc-4c0d-a26f-7b872f02ca94
2026-08-17 17:33:21,735 - INFO - Request for reserve_stock, order_id: abd69756-4c59-4b20-b2db-7603f84c63ea, request: order_id='abd69756-4c59-4b20-b2db-7603f84c63ea' items=[CartItem(sku='4cc0770f-91bc-4c0d-a26f-7b872f02ca94', qty=2)] atomic_update=True delay=0.0 drop=0
2026-08-17 17:33:21,735 - INFO - Failure injected for inventory reserve_stock INJECT_DELAY: 0, INJECT_DROP_RATE: 0
2026-08-17 17:33:21,736 - INFO - Request for reserve_stock successfully processed, order_id: abd69756-4c59-4b20-b2db-7603f84c63ea, failed_sku: 4cc0770f-91bc-4c0d-a26f-7b872f02ca94, status: OUT_OF_STOCK
2026-08-17 17:33:21,736 - ERROR - Exception in Request for reserve_stock, order_id: abd69756-4c59-4b20-b2db-7603f84c63ea, status: OUT_OF_STOCK, Error: Out of stock: 4cc0770f-91bc-4c0d-a26f-7b872f02ca94
2026-08-17 17:33:21,762 - INFO - Request for reserve_stock, order_id: 7ea8bc6a-bd2c-42af-9d18-ddf28e85af17, request: order_id='7ea8bc6a-bd2c-42af-9d18-ddf28e85af17' items=[CartItem(sku='4cc0770f-91bc-4c0d-a26f-7b872f02ca94', qty=2)] atomic_update=True delay=0.0 drop=0
2026-08-17 17:33:21,763 - INFO - Failure injected for inventory reserve_stock INJECT_DELAY: 0, INJECT_DROP_RATE: 0
2026-08-17 17:33:21,764 - INFO - Request for reserve_stock successfully processed, order_id: 7ea8bc6a-bd2c-42af-9d18-ddf28e85af17, failed_sku: 4cc0770f-91bc-4c0d-a26f-7b872f02ca94, status: OUT_OF_STOCK
2026-08-17 17:33:21,764 - ERROR - Exception in Request for reserve_stock, order_id: 7ea8bc6a-bd2c-42af-9d18-ddf28e85af17, status: OUT_OF_STOCK, Error: Out of stock: 4cc0770f-91bc-4c0d-a26f-7b872f02ca94
2026-08-17 17:33:21,797 - INFO - Request for reserve_stock, order_id: 4b49b8a2-1258-4c72-b6b4-c8e0253617f2, request: order_id='4b49b8a2-1258-4c72-b6b4-c8e0253617f2' items=[CartItem(sku='4cc0770f-91bc-4c0d-a26f-7b872f02ca94', qty=2)] atomic_update=True delay=0.0 drop=0
2026-08-17 17:33:21,797 - INFO - Failure injected for inventory reserve_stock INJECT_DELAY: 0, INJECT_DROP_RATE: 0
2026-08-17 17:33:21,798 - INFO - Request for reserve_stock successfully processed, order_id: 4b49b8a2-1258-4c72-b6b4-c8e0253617f2, failed_sku: 4cc0770f-91bc-4c0d-a26f-7b872f02ca94, status: OUT_OF_STOCK
2026-08-17 17:33:21,799 - ERROR - Exception in Request for reserve_stock, order_id: 4b49b8a2-1258-4c72-b6b4-c8e0253617f2, status: OUT_OF_STOCK, Error: Out of stock: 4cc0770f-91bc-4c0d-a26f-7b872f02ca94
2026-08-17 17:33:38,155 - INFO - Request for reserve_stock, order_id: 06a962d0-503d-4087-830f-648daff93201, request: order_id='06a962d0-503d-4087-830f-648daff93201' items=[CartItem(sku='4cc0770f-91bc-4c0d-a26f-7b872f02ca94', qty=2)] atomic_update=True delay=0.0 drop=0
2026-08-17 17:33:38,155 - INFO - Failure injected for inventory reserve_stock INJECT_DELAY: 0, INJECT_DROP_RATE: 0
2026-08-17 17:33:38,156 - INFO - Request for reserve_stock successfully processed, order_id: 06a962d0-503d-4087-830f-648daff93201, failed_sku: 4cc0770f-91bc-4c0d-a26f-7b872f02ca94, status: OUT_OF_STOCK
2026-08-17 17:33:38,157 - ERROR - Exception in Request for reserve_stock, order_id: 06a962d0-503d-4087-830f-648daff93201, status: OUT_OF_STOCK, Error: Out of stock: 4cc0770f-91bc-4c0d-a26f-7b872f02ca94
2026-08-17 17:33:38,193 - INFO - Request for reserve_stock, order_id: 9026e8e9-123e-4d32-9e22-5c644a9229d2, request: order_id='9026e8e9-123e-4d32-9e22-5c644a9229d2' items=[CartItem(sku='4cc0770f-91bc-4c0d-a26f-7b872f02ca94', qty=2)] atomic_update=True delay=0.0 drop=0
2026-08-17 17:33:38,194 - INFO - Failure injected for inventory reserve_stock INJECT_DELAY: 0, INJECT_DROP_RATE: 0
2026-08-17 17:33:38,194 - INFO - Request for reserve_stock successfully processed, order_id: 9026e8e9-123e-4d32-9e22-5c644a9229d2, failed_sku: 4cc0770f-91bc-4c0d-a26f-7b872f02ca94, status: OUT_OF_STOCK
2026-08-17 17:33:38,195 - ERROR - Exception in Request for reserve_stock, order_id: 9026e8e9-123e-4d32-9e22-5c644a9229d2, status: OUT_OF_STOCK, Error: Out of stock: 4cc0770f-91bc-4c0d-a26f-7b872f02ca94
2026-08-17 17:33:38,218 - INFO - Request for reserve_stock, order_id: 8277c03a-09ab-45e2-974f-c4c5c56030c6, request: order_id='8277c03a-09ab-45e2-974f-c4c5c56030c6' items=[CartItem(sku='4cc0770f-91bc-4c0d-a26f-7b872f02ca94', qty=2)] atomic_update=True delay=0.0 drop=0
2026-08-17 17:33:38,219 - INFO - Failure injected for inventory reserve_stock INJECT_DELAY: 0, INJECT_DROP_RATE: 0
2026-08-17 17:33:38,220 - INFO - Request for reserve_stock successfully processed, order_id: 8277c03a-09ab-45e2-974f-c4c5c56030c6, failed_sku: 4cc0770f-91bc-4c0d-a26f-7b872f02ca94, status: OUT_OF_STOCK
2026-08-17 17:33:38,220 - ERROR - Exception in Request for reserve_stock, order_id: 8277c03a-09ab-45e2-974f-c4c5c56030c6, status: OUT_OF_STOCK, Error: Out of stock: 4cc0770f-91bc-4c0d-a26f-7b872f02ca94
2026-08-17 17:33:38,249 - INFO - Request for reserve_stock, order_id: 9aaffe48-287c-405c-a252-3666a13238db, request: order_id='9aaffe48-287c-405c-a252-3666a13238db' items=[CartItem(sku='4cc0770f-91bc-4c0d-a26f-7b872f02ca94', qty=2)] atomic_update=True delay=0.0 drop=0
2026-08-17 17:33:38,249 - INFO - Failure injected for inventory reserve_stock INJECT_DELAY: 0, INJECT_DROP_RATE: 0
2026-08-17 17:33:38,250 - INFO - Request for reserve_stock successfully processed, order_id: 9aaffe48-287c-405c-a252-3666a13238db, failed_sku: 4cc0770f-91bc-4c0d-a26f-7b872f02ca94, status: OUT_OF_STOCK
2026-08-17 17:33:38,250 - ERROR - Exception in Request for reserve_stock, order_id: 9aaffe48-287c-405c-a252-3666a13238db, status: OUT_OF_STOCK, Error: Out of stock: 4cc0770f-91bc-4c0d-a26f-7b872f02ca94
2026-08-17 17:33:38,271 - INFO - Request for reserve_stock, order_id: 6e5204ca-3b09-4f8b-b9ae-9b4d8307cfc1, request: order_id='6e5204ca-3b09-4f8b-b9ae-9b4d8307cfc1' items=[CartItem(sku='4cc0770f-91bc-4c0d-a26f-7b872f02ca94', qty=2)] atomic_update=True delay=0.0 drop=0
2026-08-17 17:33:38,271 - INFO - Failure injected for inventory reserve_stock INJECT_DELAY: 0, INJECT_DROP_RATE: 0
2026-08-17 17:33:38,272 - INFO - Request for reserve_stock successfully processed, order_id: 6e5204ca-3b09-4f8b-b9ae-9b4d8307cfc1, failed_sku: 4cc0770f-91bc-4c0d-a26f-7b872f02ca94, status: OUT_OF_STOCK
2026-08-17 17:33:38,272 - ERROR - Exception in Request for reserve_stock, order_id: 6e5204ca-3b09-4f8b-b9ae-9b4d8307cfc1, status: OUT_OF_STOCK, Error: Out of stock: 4cc0770f-91bc-4c0d-a26f-7b872f02ca94
2026-08-17 17:33:38,303 - INFO - Request for reserve_stock, order_id: a5331460-1d85-467c-8041-08a8d3a6bb79, request: order_id='a5331460-1d85-467c-8041-08a8d3a6bb79' items=[CartItem(sku='4cc0770f-91bc-4c0d-a26f-7b872f02ca94', qty=2)] atomic_update=True delay=0.0 drop=0
2026-08-17 17:33:38,304 - INFO - Failure injected for inventory reserve_stock INJECT_DELAY: 0, INJECT_DROP_RATE: 0
2026-08-17 17:33:38,305 - INFO - Request for reserve_stock successfully processed, order_id: a5331460-1d85-467c-8041-08a8d3a6bb79, failed_sku: 4cc0770f-91bc-4c0d-a26f-7b872f02ca94, status: OUT_OF_STOCK
2026-08-17 17:33:38,305 - ERROR - Exception in Request for reserve_stock, order_id: a5331460-1d85-467c-8041-08a8d3a6bb79, status: OUT_OF_STOCK, Error: Out of stock: 4cc0770f-91bc-4c0d-a26f-7b872f02ca94
2026-08-17 17:33:38,328 - INFO - Request for reserve_stock, order_id: 8c8e518a-9b05-43f7-96fa-6083982f3615, request: order_id='8c8e518a-9b05-43f7-96fa-6083982f3615' items=[CartItem(sku='4cc0770f-91bc-4c0d-a26f-7b872f02ca94', qty=2)] atomic_update=True delay=0.0 drop=0
2026-08-17 17:33:38,328 - INFO - Failure injected for inventory reserve_stock INJECT_DELAY: 0, INJECT_DROP_RATE: 0
2026-08-17 17:33:38,329 - INFO - Request for reserve_stock successfully processed, order_id: 8c8e518a-9b05-43f7-96fa-6083982f3615, failed_sku: 4cc0770f-91bc-4c0d-a26f-7b872f02ca94, status: OUT_OF_STOCK
2026-08-17 17:33:38,329 - ERROR - Exception in Request for reserve_stock, order_id: 8c8e518a-9b05-43f7-96fa-6083982f3615, status: OUT_OF_STOCK, Error: Out of stock: 4cc0770f-91bc-4c0d-a26f-7b872f02ca94
2026-08-17 17:33:38,368 - INFO - Request for reserve_stock, order_id: 7e41057d-2f69-48c3-a053-ccf71ed3e83d, request: order_id='7e41057d-2f69-48c3-a053-ccf71ed3e83d' items=[CartItem(sku='4cc0770f-91bc-4c0d-a26f-7b872f02ca94', qty=2)] atomic_update=True delay=0.0 drop=0
2026-08-17 17:33:38,368 - INFO - Failure injected for inventory reserve_stock INJECT_DELAY: 0, INJECT_DROP_RATE: 0
2026-08-17 17:33:38,370 - INFO - Request for reserve_stock successfully processed, order_id: 7e41057d-2f69-48c3-a053-ccf71ed3e83d, failed_sku: 4cc0770f-91bc-4c0d-a26f-7b872f02ca94, status: OUT_OF_STOCK
2026-08-17 17:33:38,370 - ERROR - Exception in Request for reserve_stock, order_id: 7e41057d-2f69-48c3-a053-ccf71ed3e83d, status: OUT_OF_STOCK, Error: Out of stock: 4cc0770f-91bc-4c0d-a26f-7b872f02ca94
2026-08-17 17:33:38,396 - INFO - Request for reserve_stock, order_id: c5994b6e-c2b7-47e6-8a10-d0eb100d73a4, request: order_id='c5994b6e-c2b7-47e6-8a10-d0eb100d73a4' items=[CartItem(sku='4cc0770f-91bc-4c0d-a26f-7b872f02ca94', qty=2)] atomic_update=True delay=0.0 drop=0
2026-08-17 17:33:38,396 - INFO - Failure injected for inventory reserve_stock INJECT_DELAY: 0, INJECT_DROP_RATE: 0
2026-08-17 17:33:38,398 - INFO - Request for reserve_stock successfully processed, order_id: c5994b6e-c2b7-47e6-8a10-d0eb100d73a4, failed_sku: 4cc0770f-91bc-4c0d-a26f-7b872f02ca94, status: OUT_OF_STOCK
2026-08-17 17:33:38,398 - ERROR - Exception in Request for reserve_stock, order_id: c5994b6e-c2b7-47e6-8a10-d0eb100d73a4, status: OUT_OF_STOCK, Error: Out of stock: 4cc0770f-91bc-4c0d-a26f-7b872f02ca94
2026-08-17 17:33:38,430 - INFO - Request for reserve_stock, order_id: ea41cd7c-2f5b-48a4-ba31-061d276a7c3a, request: order_id='ea41cd7c-2f5b-48a4-ba31-061d276a7c3a' items=[CartItem(sku='4cc0770f-91bc-4c0d-a26f-7b872f02ca94', qty=2)] atomic_update=True delay=0.0 drop=0
2026-08-17 17:33:38,430 - INFO - Failure injected for inventory reserve_stock INJECT_DELAY: 0, INJECT_DROP_RATE: 0
2026-08-17 17:33:38,431 - INFO - Request for reserve_stock successfully processed, order_id: ea41cd7c-2f5b-48a4-ba31-061d276a7c3a, failed_sku: 4cc0770f-91bc-4c0d-a26f-7b872f02ca94, status: OUT_OF_STOCK
2026-08-17 17:33:38,432 - ERROR - Exception in Request for reserve_stock, order_id: ea41cd7c-2f5b-48a4-ba31-061d276a7c3a, status: OUT_OF_STOCK, Error: Out of stock: 4cc0770f-91bc-4c0d-a26f-7b872f02ca94
2026-08-17 17:33:38,454 - INFO - Request for reserve_stock, order_id: 84c147c5-22c5-4a50-9c04-52a12ad451b3, request: order_id='84c147c5-22c5-4a50-9c04-52a12ad451b3' items=[CartItem(sku='4cc0770f-91bc-4c0d-a26f-7b872f02ca94', qty=2)] atomic_update=True delay=0.0 drop=0
2026-08-17 17:33:38,454 - INFO - Failure injected for inventory reserve_stock INJECT_DELAY: 0, INJECT_DROP_RATE: 0
2026-08-17 17:33:38,455 - INFO - Request for reserve_stock successfully processed, order_id: 84c147c5-22c5-4a50-9c04-52a12ad451b3, failed_sku: 4cc0770f-91bc-4c0d-a26f-7b872f02ca94, status: OUT_OF_STOCK
2026-08-17 17:33:38,455 - ERROR - Exception in Request for reserve_stock, order_id: 84c147c5-22c5-4a50-9c04-52a12ad451b3, status: OUT_OF_STOCK, Error: Out of stock: 4cc0770f-91bc-4c0d-a26f-7b872f02ca94
2026-08-17 17:33:38,494 - INFO - Request for reserve_stock, order_id: b891934f-cb62-4ebd-8c18-235eda6fddff, request: order_id='b891934f-cb62-4ebd-8c18-235eda6fddff' items=[CartItem(sku='4cc0770f-91bc-4c0d-a26f-7b872f02ca94', qty=2)] atomic_update=True delay=0.0 drop=0
2026-08-17 17:33:38,494 - INFO - Failure injected for inventory reserve_stock INJECT_DELAY: 0, INJECT_DROP_RATE: 0
2026-08-17 17:33:38,495 - INFO - Request for reserve_stock successfully processed, order_id: b891934f-cb62-4ebd-8c18-235eda6fddff, failed_sku: 4cc0770f-91bc-4c0d-a26f-7b872f02ca94, status: OUT_OF_STOCK
2026-08-17 17:33:38,496 - ERROR - Exception in Request for reserve_stock, order_id: b891934f-cb62-4ebd-8c18-235eda6fddff, status: OUT_OF_STOCK, Error: Out of stock: 4cc0770f-91bc-4c0d-a26f-7b872f02ca94
2026-08-17 17:33:38,520 - INFO - Request for reserve_stock, order_id: 79c3d7f0-1d0b-409e-a774-582f4be8418d, request: order_id='79c3d7f0-1d0b-409e-a774-582f4be8418d' items=[CartItem(sku='4cc0770f-91bc-4c0d-a26f-7b872f02ca94', qty=2)] atomic_update=True delay=0.0 drop=0
2026-08-17 17:33:38,520 - INFO - Failure injected for inventory reserve_stock INJECT_DELAY: 0, INJECT_DROP_RATE: 0
2026-08-17 17:33:38,521 - INFO - Request for reserve_stock successfully processed, order_id: 79c3d7f0-1d0b-409e-a774-582f4be8418d, failed_sku: 4cc0770f-91bc-4c0d-a26f-7b872f02ca94, status: OUT_OF_STOCK
2026-08-17 17:33:38,521 - ERROR - Exception in Request for reserve_stock, order_id: 79c3d7f0-1d0b-409e-a774-582f4be8418d, status: OUT_OF_STOCK, Error: Out of stock: 4cc0770f-91bc-4c0d-a26f-7b872f02ca94
2026-08-17 17:33:38,552 - INFO - Request for reserve_stock, order_id: 3ee4082f-3101-4d31-94bd-2ed18e74170b, request: order_id='3ee4082f-3101-4d31-94bd-2ed18e74170b' items=[CartItem(sku='4cc0770f-91bc-4c0d-a26f-7b872f02ca94', qty=2)] atomic_update=True delay=0.0 drop=0
2026-08-17 17:33:38,552 - INFO - Failure injected for inventory reserve_stock INJECT_DELAY: 0, INJECT_DROP_RATE: 0
2026-08-17 17:33:38,553 - INFO - Request for reserve_stock successfully processed, order_id: 3ee4082f-3101-4d31-94bd-2ed18e74170b, failed_sku: 4cc0770f-91bc-4c0d-a26f-7b872f02ca94, status: OUT_OF_STOCK
2026-08-17 17:33:38,553 - ERROR - Exception in Request for reserve_stock, order_id: 3ee4082f-3101-4d31-94bd-2ed18e74170b, status: OUT_OF_STOCK, Error: Out of stock: 4cc0770f-91bc-4c0d-a26f-7b872f02ca94
2026-08-17 17:33:38,575 - INFO - Request for reserve_stock, order_id: 0211e0c2-020b-4bc5-9746-594578044ccb, request: order_id='0211e0c2-020b-4bc5-9746-594578044ccb' items=[CartItem(sku='4cc0770f-91bc-4c0d-a26f-7b872f02ca94', qty=2)] atomic_update=True delay=0.0 drop=0
2026-08-17 17:33:38,575 - INFO - Failure injected for inventory reserve_stock INJECT_DELAY: 0, INJECT_DROP_RATE: 0
2026-08-17 17:33:38,576 - INFO - Request for reserve_stock successfully processed, order_id: 0211e0c2-020b-4bc5-9746-594578044ccb, failed_sku: 4cc0770f-91bc-4c0d-a26f-7b872f02ca94, status: OUT_OF_STOCK
2026-08-17 17:33:38,576 - ERROR - Exception in Request for reserve_stock, order_id: 0211e0c2-020b-4bc5-9746-594578044ccb, status: OUT_OF_STOCK, Error: Out of stock: 4cc0770f-91bc-4c0d-a26f-7b872f02ca94
2026-08-17 17:33:38,607 - INFO - Request for reserve_stock, order_id: 202fd840-92ee-40fc-a286-6bb2b81aedee, request: order_id='202fd840-92ee-40fc-a286-6bb2b81aedee' items=[CartItem(sku='4cc0770f-91bc-4c0d-a26f-7b872f02ca94', qty=2)] atomic_update=True delay=0.0 drop=0
2026-08-17 17:33:38,607 - INFO - Failure injected for inventory reserve_stock INJECT_DELAY: 0, INJECT_DROP_RATE: 0
2026-08-17 17:33:38,608 - INFO - Request for reserve_stock successfully processed, order_id: 202fd840-92ee-40fc-a286-6bb2b81aedee, failed_sku: 4cc0770f-91bc-4c0d-a26f-7b872f02ca94, status: OUT_OF_STOCK
2026-08-17 17:33:38,608 - ERROR - Exception in Request for reserve_stock, order_id: 202fd840-92ee-40fc-a286-6bb2b81aedee, status: OUT_OF_STOCK, Error: Out of stock: 4cc0770f-91bc-4c0d-a26f-7b872f02ca94
2026-08-17 17:33:38,628 - INFO - Request for reserve_stock, order_id: 2b506d7e-ed76-4cc7-8e4d-86e653cadc60, request: order_id='2b506d7e-ed76-4cc7-8e4d-86e653cadc60' items=[CartItem(sku='4cc0770f-91bc-4c0d-a26f-7b872f02ca94', qty=2)] atomic_update=True delay=0.0 drop=0
2026-08-17 17:33:38,629 - INFO - Failure injected for inventory reserve_stock INJECT_DELAY: 0, INJECT_DROP_RATE: 0
2026-08-17 17:33:38,630 - INFO - Request for reserve_stock successfully processed, order_id: 2b506d7e-ed76-4cc7-8e4d-86e653cadc60, failed_sku: 4cc0770f-91bc-4c0d-a26f-7b872f02ca94, status: OUT_OF_STOCK
2026-08-17 17:33:38,630 - ERROR - Exception in Request for reserve_stock, order_id: 2b506d7e-ed76-4cc7-8e4d-86e653cadc60, status: OUT_OF_STOCK, Error: Out of stock: 4cc0770f-91bc-4c0d-a26f-7b872f02ca94
2026-08-17 17:33:38,658 - INFO - Request for reserve_stock, order_id: 8b017a84-c40f-4f17-ad87-4cffa7f3fedd, request: order_id='8b017a84-c40f-4f17-ad87-4cffa7f3fedd' items=[CartItem(sku='4cc0770f-91bc-4c0d-a26f-7b872f02ca94', qty=2)] atomic_update=True delay=0.0 drop=0
2026-08-17 17:33:38,658 - INFO - Failure injected for inventory reserve_stock INJECT_DELAY: 0, INJECT_DROP_RATE: 0
2026-08-17 17:33:38,659 - INFO - Request for reserve_stock successfully processed, order_id: 8b017a84-c40f-4f17-ad87-4cffa7f3fedd, failed_sku: 4cc0770f-91bc-4c0d-a26f-7b872f02ca94, status: OUT_OF_STOCK
2026-08-17 17:33:38,660 - ERROR - Exception in Request for reserve_stock, order_id: 8b017a84-c40f-4f17-ad87-4cffa7f3fedd, status: OUT_OF_STOCK, Error: Out of stock: 4cc0770f-91bc-4c0d-a26f-7b872f02ca94
2026-08-17 17:33:38,684 - INFO - Request for reserve_stock, order_id: aea3c26e-9446-4c83-9234-0a0f0ce1825c, request: order_id='aea3c26e-9446-4c83-9234-0a0f0ce1825c' items=[CartItem(sku='4cc0770f-91bc-4c0d-a26f-7b872f02ca94', qty=2)] atomic_update=True delay=0.0 drop=0
2026-08-17 17:33:38,685 - INFO - Failure injected for inventory reserve_stock INJECT_DELAY: 0, INJECT_DROP_RATE: 0
2026-08-17 17:33:38,686 - INFO - Request for reserve_stock successfully processed, order_id: aea3c26e-9446-4c83-9234-0a0f0ce1825c, failed_sku: 4cc0770f-91bc-4c0d-a26f-7b872f02ca94, status: OUT_OF_STOCK
2026-08-17 17:33:38,686 - ERROR - Exception in Request for reserve_stock, order_id: aea3c26e-9446-4c83-9234-0a0f0ce1825c, status: OUT_OF_STOCK, Error: Out of stock: 4cc0770f-91bc-4c0d-a26f-7b872f02ca94
2026-08-17 17:33:38,718 - INFO - Request for reserve_stock, order_id: 31d37f31-5259-4ab7-b98d-2c86a3784838, request: order_id='31d37f31-5259-4ab7-b98d-2c86a3784838' items=[CartItem(sku='4cc0770f-91bc-4c0d-a26f-7b872f02ca94', qty=2)] atomic_update=True delay=0.0 drop=0
2026-08-17 17:33:38,718 - INFO - Failure injected for inventory reserve_stock INJECT_DELAY: 0, INJECT_DROP_RATE: 0
2026-08-17 17:33:38,720 - INFO - Request for reserve_stock successfully processed, order_id: 31d37f31-5259-4ab7-b98d-2c86a3784838, failed_sku: 4cc0770f-91bc-4c0d-a26f-7b872f02ca94, status: OUT_OF_STOCK
2026-08-17 17:33:38,720 - ERROR - Exception in Request for reserve_stock, order_id: 31d37f31-5259-4ab7-b98d-2c86a3784838, status: OUT_OF_STOCK, Error: Out of stock: 4cc0770f-91bc-4c0d-a26f-7b872f02ca94
2026-08-17 17:33:38,741 - INFO - Request for reserve_stock, order_id: 81090090-c9b5-4e3c-8635-d5be9b9f3fdf, request: order_id='81090090-c9b5-4e3c-8635-d5be9b9f3fdf' items=[CartItem(sku='4cc0770f-91bc-4c0d-a26f-7b872f02ca94', qty=2)] atomic_update=True delay=0.0 drop=0
2026-08-17 17:33:38,741 - INFO - Failure injected for inventory reserve_stock INJECT_DELAY: 0, INJECT_DROP_RATE: 0
2026-08-17 17:33:38,742 - INFO - Request for reserve_stock successfully processed, order_id: 81090090-c9b5-4e3c-8635-d5be9b9f3fdf, failed_sku: 4cc0770f-91bc-4c0d-a26f-7b872f02ca94, status: OUT_OF_STOCK
2026-08-17 17:33:38,742 - ERROR - Exception in Request for reserve_stock, order_id: 81090090-c9b5-4e3c-8635-d5be9b9f3fdf, status: OUT_OF_STOCK, Error: Out of stock: 4cc0770f-91bc-4c0d-a26f-7b872f02ca94
2026-08-17 17:33:38,771 - INFO - Request for reserve_stock, order_id: 3cc8b40e-be66-4fb2-b0b5-300d61fa1896, request: order_id='3cc8b40e-be66-4fb2-b0b5-300d61fa1896' items=[CartItem(sku='4cc0770f-91bc-4c0d-a26f-7b872f02ca94', qty=2)] atomic_update=True delay=0.0 drop=0
2026-08-17 17:33:38,772 - INFO - Failure injected for inventory reserve_stock INJECT_DELAY: 0, INJECT_DROP_RATE: 0
2026-08-17 17:33:38,773 - INFO - Request for reserve_stock successfully processed, order_id: 3cc8b40e-be66-4fb2-b0b5-300d61fa1896, failed_sku: 4cc0770f-91bc-4c0d-a26f-7b872f02ca94, status: OUT_OF_STOCK
2026-08-17 17:33:38,773 - ERROR - Exception in Request for reserve_stock, order_id: 3cc8b40e-be66-4fb2-b0b5-300d61fa1896, status: OUT_OF_STOCK, Error: Out of stock: 4cc0770f-91bc-4c0d-a26f-7b872f02ca94
2026-08-17 17:33:38,796 - INFO - Request for reserve_stock, order_id: d621dac3-3541-4dd9-aede-38683f7ab6e5, request: order_id='d621dac3-3541-4dd9-aede-38683f7ab6e5' items=[CartItem(sku='4cc0770f-91bc-4c0d-a26f-7b872f02ca94', qty=2)] atomic_update=True delay=0.0 drop=0
2026-08-17 17:33:38,796 - INFO - Failure injected for inventory reserve_stock INJECT_DELAY: 0, INJECT_DROP_RATE: 0
2026-08-17 17:33:38,797 - INFO - Request for reserve_stock successfully processed, order_id: d621dac3-3541-4dd9-aede-38683f7ab6e5, failed_sku: 4cc0770f-91bc-4c0d-a26f-7b872f02ca94, status: OUT_OF_STOCK
2026-08-17 17:33:38,797 - ERROR - Exception in Request for reserve_stock, order_id: d621dac3-3541-4dd9-aede-38683f7ab6e5, status: OUT_OF_STOCK, Error: Out of stock: 4cc0770f-91bc-4c0d-a26f-7b872f02ca94
2026-08-17 17:33:38,827 - INFO - Request for reserve_stock, order_id: f515b447-da2f-4940-9195-f4acb531eb1c, request: order_id='f515b447-da2f-4940-9195-f4acb531eb1c' items=[CartItem(sku='4cc0770f-91bc-4c0d-a26f-7b872f02ca94', qty=2)] atomic_update=True delay=0.0 drop=0
2026-08-17 17:33:38,827 - INFO - Failure injected for inventory reserve_stock INJECT_DELAY: 0, INJECT_DROP_RATE: 0
2026-08-17 17:33:38,829 - INFO - Request for reserve_stock successfully processed, order_id: f515b447-da2f-4940-9195-f4acb531eb1c, failed_sku: 4cc0770f-91bc-4c0d-a26f-7b872f02ca94, status: OUT_OF_STOCK
2026-08-17 17:33:38,829 - ERROR - Exception in Request for reserve_stock, order_id: f515b447-da2f-4940-9195-f4acb531eb1c, status: OUT_OF_STOCK, Error: Out of stock: 4cc0770f-91bc-4c0d-a26f-7b872f02ca94
2026-08-17 17:33:38,850 - INFO - Request for reserve_stock, order_id: 0a42a204-ebdd-4823-aa35-fb88569e087a, request: order_id='0a42a204-ebdd-4823-aa35-fb88569e087a' items=[CartItem(sku='4cc0770f-91bc-4c0d-a26f-7b872f02ca94', qty=2)] atomic_update=True delay=0.0 drop=0
2026-08-17 17:33:38,850 - INFO - Failure injected for inventory reserve_stock INJECT_DELAY: 0, INJECT_DROP_RATE: 0
2026-08-17 17:33:38,851 - INFO - Request for reserve_stock successfully processed, order_id: 0a42a204-ebdd-4823-aa35-fb88569e087a, failed_sku: 4cc0770f-91bc-4c0d-a26f-7b872f02ca94, status: OUT_OF_STOCK
2026-08-17 17:33:38,852 - ERROR - Exception in Request for reserve_stock, order_id: 0a42a204-ebdd-4823-aa35-fb88569e087a, status: OUT_OF_STOCK, Error: Out of stock: 4cc0770f-91bc-4c0d-a26f-7b872f02ca94
2026-08-17 17:33:38,881 - INFO - Request for reserve_stock, order_id: 667807cc-c7e9-4190-aa80-af1e4b04ef8d, request: order_id='667807cc-c7e9-4190-aa80-af1e4b04ef8d' items=[CartItem(sku='4cc0770f-91bc-4c0d-a26f-7b872f02ca94', qty=2)] atomic_update=True delay=0.0 drop=0
2026-08-17 17:33:38,881 - INFO - Failure injected for inventory reserve_stock INJECT_DELAY: 0, INJECT_DROP_RATE: 0
2026-08-17 17:33:38,882 - INFO - Request for reserve_stock successfully processed, order_id: 667807cc-c7e9-4190-aa80-af1e4b04ef8d, failed_sku: 4cc0770f-91bc-4c0d-a26f-7b872f02ca94, status: OUT_OF_STOCK
2026-08-17 17:33:38,883 - ERROR - Exception in Request for reserve_stock, order_id: 667807cc-c7e9-4190-aa80-af1e4b04ef8d, status: OUT_OF_STOCK, Error: Out of stock: 4cc0770f-91bc-4c0d-a26f-7b872f02ca94
2026-08-17 17:33:38,905 - INFO - Request for reserve_stock, order_id: 4f9d27b2-c0d2-411d-991f-984fedd8c321, request: order_id='4f9d27b2-c0d2-411d-991f-984fedd8c321' items=[CartItem(sku='4cc0770f-91bc-4c0d-a26f-7b872f02ca94', qty=2)] atomic_update=True delay=0.0 drop=0
2026-08-17 17:33:38,905 - INFO - Failure injected for inventory reserve_stock INJECT_DELAY: 0, INJECT_DROP_RATE: 0
2026-08-17 17:33:38,906 - INFO - Request for reserve_stock successfully processed, order_id: 4f9d27b2-c0d2-411d-991f-984fedd8c321, failed_sku: 4cc0770f-91bc-4c0d-a26f-7b872f02ca94, status: OUT_OF_STOCK
2026-08-17 17:33:38,906 - ERROR - Exception in Request for reserve_stock, order_id: 4f9d27b2-c0d2-411d-991f-984fedd8c321, status: OUT_OF_STOCK, Error: Out of stock: 4cc0770f-91bc-4c0d-a26f-7b872f02ca94
2026-08-17 17:33:38,937 - INFO - Request for reserve_stock, order_id: 631e9e0a-b841-4547-ba4d-2fa31845f328, request: order_id='631e9e0a-b841-4547-ba4d-2fa31845f328' items=[CartItem(sku='4cc0770f-91bc-4c0d-a26f-7b872f02ca94', qty=2)] atomic_update=True delay=0.0 drop=0
2026-08-17 17:33:38,937 - INFO - Failure injected for inventory reserve_stock INJECT_DELAY: 0, INJECT_DROP_RATE: 0
2026-08-17 17:33:38,938 - INFO - Request for reserve_stock successfully processed, order_id: 631e9e0a-b841-4547-ba4d-2fa31845f328, failed_sku: 4cc0770f-91bc-4c0d-a26f-7b872f02ca94, status: OUT_OF_STOCK
2026-08-17 17:33:38,938 - ERROR - Exception in Request for reserve_stock, order_id: 631e9e0a-b841-4547-ba4d-2fa31845f328, status: OUT_OF_STOCK, Error: Out of stock: 4cc0770f-91bc-4c0d-a26f-7b872f02ca94
2026-08-17 17:33:38,959 - INFO - Request for reserve_stock, order_id: eb617a0f-2275-4b12-b007-40f9aeb522cb, request: order_id='eb617a0f-2275-4b12-b007-40f9aeb522cb' items=[CartItem(sku='4cc0770f-91bc-4c0d-a26f-7b872f02ca94', qty=2)] atomic_update=True delay=0.0 drop=0
2026-08-17 17:33:38,960 - INFO - Failure injected for inventory reserve_stock INJECT_DELAY: 0, INJECT_DROP_RATE: 0
2026-08-17 17:33:38,963 - INFO - Request for reserve_stock successfully processed, order_id: eb617a0f-2275-4b12-b007-40f9aeb522cb, failed_sku: 4cc0770f-91bc-4c0d-a26f-7b872f02ca94, status: OUT_OF_STOCK
2026-08-17 17:33:38,964 - ERROR - Exception in Request for reserve_stock, order_id: eb617a0f-2275-4b12-b007-40f9aeb522cb, status: OUT_OF_STOCK, Error: Out of stock: 4cc0770f-91bc-4c0d-a26f-7b872f02ca94
2026-08-17 17:33:38,995 - INFO - Request for reserve_stock, order_id: d382f572-be70-4b85-813c-987c035be0ca, request: order_id='d382f572-be70-4b85-813c-987c035be0ca' items=[CartItem(sku='4cc0770f-91bc-4c0d-a26f-7b872f02ca94', qty=2)] atomic_update=True delay=0.0 drop=0
2026-08-17 17:33:38,995 - INFO - Failure injected for inventory reserve_stock INJECT_DELAY: 0, INJECT_DROP_RATE: 0
2026-08-17 17:33:38,996 - INFO - Request for reserve_stock successfully processed, order_id: d382f572-be70-4b85-813c-987c035be0ca, failed_sku: 4cc0770f-91bc-4c0d-a26f-7b872f02ca94, status: OUT_OF_STOCK
2026-08-17 17:33:38,996 - ERROR - Exception in Request for reserve_stock, order_id: d382f572-be70-4b85-813c-987c035be0ca, status: OUT_OF_STOCK, Error: Out of stock: 4cc0770f-91bc-4c0d-a26f-7b872f02ca94
2026-08-17 17:33:39,019 - INFO - Request for reserve_stock, order_id: 69812ca6-05f0-4030-815d-575be65d59b8, request: order_id='69812ca6-05f0-4030-815d-575be65d59b8' items=[CartItem(sku='4cc0770f-91bc-4c0d-a26f-7b872f02ca94', qty=2)] atomic_update=True delay=0.0 drop=0
2026-08-17 17:33:39,019 - INFO - Failure injected for inventory reserve_stock INJECT_DELAY: 0, INJECT_DROP_RATE: 0
2026-08-17 17:33:39,020 - INFO - Request for reserve_stock successfully processed, order_id: 69812ca6-05f0-4030-815d-575be65d59b8, failed_sku: 4cc0770f-91bc-4c0d-a26f-7b872f02ca94, status: OUT_OF_STOCK
2026-08-17 17:33:39,020 - ERROR - Exception in Request for reserve_stock, order_id: 69812ca6-05f0-4030-815d-575be65d59b8, status: OUT_OF_STOCK, Error: Out of stock: 4cc0770f-91bc-4c0d-a26f-7b872f02ca94
2026-08-17 17:33:39,050 - INFO - Request for reserve_stock, order_id: 91b939a4-060a-46f0-b916-81990071486b, request: order_id='91b939a4-060a-46f0-b916-81990071486b' items=[CartItem(sku='4cc0770f-91bc-4c0d-a26f-7b872f02ca94', qty=2)] atomic_update=True delay=0.0 drop=0
2026-08-17 17:33:39,050 - INFO - Failure injected for inventory reserve_stock INJECT_DELAY: 0, INJECT_DROP_RATE: 0
2026-08-17 17:33:39,051 - INFO - Request for reserve_stock successfully processed, order_id: 91b939a4-060a-46f0-b916-81990071486b, failed_sku: 4cc0770f-91bc-4c0d-a26f-7b872f02ca94, status: OUT_OF_STOCK
2026-08-17 17:33:39,051 - ERROR - Exception in Request for reserve_stock, order_id: 91b939a4-060a-46f0-b916-81990071486b, status: OUT_OF_STOCK, Error: Out of stock: 4cc0770f-91bc-4c0d-a26f-7b872f02ca94
2026-08-17 17:33:39,071 - INFO - Request for reserve_stock, order_id: 706857b5-4d92-4692-b8a5-b91f8e807b59, request: order_id='706857b5-4d92-4692-b8a5-b91f8e807b59' items=[CartItem(sku='4cc0770f-91bc-4c0d-a26f-7b872f02ca94', qty=2)] atomic_update=True delay=0.0 drop=0
2026-08-17 17:33:39,071 - INFO - Failure injected for inventory reserve_stock INJECT_DELAY: 0, INJECT_DROP_RATE: 0
2026-08-17 17:33:39,072 - INFO - Request for reserve_stock successfully processed, order_id: 706857b5-4d92-4692-b8a5-b91f8e807b59, failed_sku: 4cc0770f-91bc-4c0d-a26f-7b872f02ca94, status: OUT_OF_STOCK
2026-08-17 17:33:39,073 - ERROR - Exception in Request for reserve_stock, order_id: 706857b5-4d92-4692-b8a5-b91f8e807b59, status: OUT_OF_STOCK, Error: Out of stock: 4cc0770f-91bc-4c0d-a26f-7b872f02ca94
2026-08-17 17:33:39,104 - INFO - Request for reserve_stock, order_id: 4fee3796-a0b6-459e-9b78-72d4c876ee7d, request: order_id='4fee3796-a0b6-459e-9b78-72d4c876ee7d' items=[CartItem(sku='4cc0770f-91bc-4c0d-a26f-7b872f02ca94', qty=2)] atomic_update=True delay=0.0 drop=0
2026-08-17 17:33:39,105 - INFO - Failure injected for inventory reserve_stock INJECT_DELAY: 0, INJECT_DROP_RATE: 0
2026-08-17 17:33:39,105 - INFO - Request for reserve_stock successfully processed, order_id: 4fee3796-a0b6-459e-9b78-72d4c876ee7d, failed_sku: 4cc0770f-91bc-4c0d-a26f-7b872f02ca94, status: OUT_OF_STOCK
2026-08-17 17:33:39,106 - ERROR - Exception in Request for reserve_stock, order_id: 4fee3796-a0b6-459e-9b78-72d4c876ee7d, status: OUT_OF_STOCK, Error: Out of stock: 4cc0770f-91bc-4c0d-a26f-7b872f02ca94
2026-08-17 17:33:39,127 - INFO - Request for reserve_stock, order_id: 6489f8bf-46ac-4dd0-b6ed-c93741d92cee, request: order_id='6489f8bf-46ac-4dd0-b6ed-c93741d92cee' items=[CartItem(sku='4cc0770f-91bc-4c0d-a26f-7b872f02ca94', qty=2)] atomic_update=True delay=0.0 drop=0
2026-08-17 17:33:39,127 - INFO - Failure injected for inventory reserve_stock INJECT_DELAY: 0, INJECT_DROP_RATE: 0
2026-08-17 17:33:39,128 - INFO - Request for reserve_stock successfully processed, order_id: 6489f8bf-46ac-4dd0-b6ed-c93741d92cee, failed_sku: 4cc0770f-91bc-4c0d-a26f-7b872f02ca94, status: OUT_OF_STOCK
2026-08-17 17:33:39,128 - ERROR - Exception in Request for reserve_stock, order_id: 6489f8bf-46ac-4dd0-b6ed-c93741d92cee, status: OUT_OF_STOCK, Error: Out of stock: 4cc0770f-91bc-4c0d-a26f-7b872f02ca94
2026-08-17 17:33:39,158 - INFO - Request for reserve_stock, order_id: aa96e470-0461-4cdd-aae3-4a837fa43cad, request: order_id='aa96e470-0461-4cdd-aae3-4a837fa43cad' items=[CartItem(sku='4cc0770f-91bc-4c0d-a26f-7b872f02ca94', qty=2)] atomic_update=True delay=0.0 drop=0
2026-08-17 17:33:39,158 - INFO - Failure injected for inventory reserve_stock INJECT_DELAY: 0, INJECT_DROP_RATE: 0
2026-08-17 17:33:39,159 - INFO - Request for reserve_stock successfully processed, order_id: aa96e470-0461-4cdd-aae3-4a837fa43cad, failed_sku: 4cc0770f-91bc-4c0d-a26f-7b872f02ca94, status: OUT_OF_STOCK
2026-08-17 17:33:39,159 - ERROR - Exception in Request for reserve_stock, order_id: aa96e470-0461-4cdd-aae3-4a837fa43cad, status: OUT_OF_STOCK, Error: Out of stock: 4cc0770f-91bc-4c0d-a26f-7b872f02ca94
2026-08-17 17:33:39,179 - INFO - Request for reserve_stock, order_id: 3edd968b-d489-4df5-96a2-b827c4d852ff, request: order_id='3edd968b-d489-4df5-96a2-b827c4d852ff' items=[CartItem(sku='4cc0770f-91bc-4c0d-a26f-7b872f02ca94', qty=2)] atomic_update=True delay=0.0 drop=0
2026-08-17 17:33:39,180 - INFO - Failure injected for inventory reserve_stock INJECT_DELAY: 0, INJECT_DROP_RATE: 0
2026-08-17 17:33:39,181 - INFO - Request for reserve_stock successfully processed, order_id: 3edd968b-d489-4df5-96a2-b827c4d852ff, failed_sku: 4cc0770f-91bc-4c0d-a26f-7b872f02ca94, status: OUT_OF_STOCK
2026-08-17 17:33:39,181 - ERROR - Exception in Request for reserve_stock, order_id: 3edd968b-d489-4df5-96a2-b827c4d852ff, status: OUT_OF_STOCK, Error: Out of stock: 4cc0770f-91bc-4c0d-a26f-7b872f02ca94
2026-08-17 17:33:39,214 - INFO - Request for reserve_stock, order_id: 8f446c83-dc80-4a93-bf87-7d4d250b0e20, request: order_id='8f446c83-dc80-4a93-bf87-7d4d250b0e20' items=[CartItem(sku='4cc0770f-91bc-4c0d-a26f-7b872f02ca94', qty=2)] atomic_update=True delay=0.0 drop=0
2026-08-17 17:33:39,214 - INFO - Failure injected for inventory reserve_stock INJECT_DELAY: 0, INJECT_DROP_RATE: 0
2026-08-17 17:33:39,216 - INFO - Request for reserve_stock successfully processed, order_id: 8f446c83-dc80-4a93-bf87-7d4d250b0e20, failed_sku: 4cc0770f-91bc-4c0d-a26f-7b872f02ca94, status: OUT_OF_STOCK
2026-08-17 17:33:39,217 - ERROR - Exception in Request for reserve_stock, order_id: 8f446c83-dc80-4a93-bf87-7d4d250b0e20, status: OUT_OF_STOCK, Error: Out of stock: 4cc0770f-91bc-4c0d-a26f-7b872f02ca94
2026-08-17 17:33:39,242 - INFO - Request for reserve_stock, order_id: fe3ce14c-3c37-4506-a28d-03b4f21833b2, request: order_id='fe3ce14c-3c37-4506-a28d-03b4f21833b2' items=[CartItem(sku='4cc0770f-91bc-4c0d-a26f-7b872f02ca94', qty=2)] atomic_update=True delay=0.0 drop=0
2026-08-17 17:33:39,242 - INFO - Failure injected for inventory reserve_stock INJECT_DELAY: 0, INJECT_DROP_RATE: 0
2026-08-17 17:33:39,243 - INFO - Request for reserve_stock successfully processed, order_id: fe3ce14c-3c37-4506-a28d-03b4f21833b2, failed_sku: 4cc0770f-91bc-4c0d-a26f-7b872f02ca94, status: OUT_OF_STOCK
2026-08-17 17:33:39,243 - ERROR - Exception in Request for reserve_stock, order_id: fe3ce14c-3c37-4506-a28d-03b4f21833b2, status: OUT_OF_STOCK, Error: Out of stock: 4cc0770f-91bc-4c0d-a26f-7b872f02ca94
2026-08-17 17:33:39,274 - INFO - Request for reserve_stock, order_id: d4714b15-732a-48ac-b2ec-2500ae0c0bc5, request: order_id='d4714b15-732a-48ac-b2ec-2500ae0c0bc5' items=[CartItem(sku='4cc0770f-91bc-4c0d-a26f-7b872f02ca94', qty=2)] atomic_update=True delay=0.0 drop=0
2026-08-17 17:33:39,274 - INFO - Failure injected for inventory reserve_stock INJECT_DELAY: 0, INJECT_DROP_RATE: 0
2026-08-17 17:33:39,275 - INFO - Request for reserve_stock successfully processed, order_id: d4714b15-732a-48ac-b2ec-2500ae0c0bc5, failed_sku: 4cc0770f-91bc-4c0d-a26f-7b872f02ca94, status: OUT_OF_STOCK
2026-08-17 17:33:39,275 - ERROR - Exception in Request for reserve_stock, order_id: d4714b15-732a-48ac-b2ec-2500ae0c0bc5, status: OUT_OF_STOCK, Error: Out of stock: 4cc0770f-91bc-4c0d-a26f-7b872f02ca94
2026-08-17 17:33:39,297 - INFO - Request for reserve_stock, order_id: c2398464-1aad-4add-8b58-34e3e2bd63bd, request: order_id='c2398464-1aad-4add-8b58-34e3e2bd63bd' items=[CartItem(sku='4cc0770f-91bc-4c0d-a26f-7b872f02ca94', qty=2)] atomic_update=True delay=0.0 drop=0
2026-08-17 17:33:39,298 - INFO - Failure injected for inventory reserve_stock INJECT_DELAY: 0, INJECT_DROP_RATE: 0
2026-08-17 17:33:39,299 - INFO - Request for reserve_stock successfully processed, order_id: c2398464-1aad-4add-8b58-34e3e2bd63bd, failed_sku: 4cc0770f-91bc-4c0d-a26f-7b872f02ca94, status: OUT_OF_STOCK
2026-08-17 17:33:39,299 - ERROR - Exception in Request for reserve_stock, order_id: c2398464-1aad-4add-8b58-34e3e2bd63bd, status: OUT_OF_STOCK, Error: Out of stock: 4cc0770f-91bc-4c0d-a26f-7b872f02ca94
2026-08-17 17:33:39,328 - INFO - Request for reserve_stock, order_id: b369fe03-7cbe-4ce0-9280-af2b25b05818, request: order_id='b369fe03-7cbe-4ce0-9280-af2b25b05818' items=[CartItem(sku='4cc0770f-91bc-4c0d-a26f-7b872f02ca94', qty=2)] atomic_update=True delay=0.0 drop=0
2026-08-17 17:33:39,329 - INFO - Failure injected for inventory reserve_stock INJECT_DELAY: 0, INJECT_DROP_RATE: 0
2026-08-17 17:33:39,330 - INFO - Request for reserve_stock successfully processed, order_id: b369fe03-7cbe-4ce0-9280-af2b25b05818, failed_sku: 4cc0770f-91bc-4c0d-a26f-7b872f02ca94, status: OUT_OF_STOCK
2026-08-17 17:33:39,330 - ERROR - Exception in Request for reserve_stock, order_id: b369fe03-7cbe-4ce0-9280-af2b25b05818, status: OUT_OF_STOCK, Error: Out of stock: 4cc0770f-91bc-4c0d-a26f-7b872f02ca94
2026-08-17 17:33:39,351 - INFO - Request for reserve_stock, order_id: 741a5280-7e5b-4498-b639-1547f265b064, request: order_id='741a5280-7e5b-4498-b639-1547f265b064' items=[CartItem(sku='4cc0770f-91bc-4c0d-a26f-7b872f02ca94', qty=2)] atomic_update=True delay=0.0 drop=0
2026-08-17 17:33:39,351 - INFO - Failure injected for inventory reserve_stock INJECT_DELAY: 0, INJECT_DROP_RATE: 0
2026-08-17 17:33:39,352 - INFO - Request for reserve_stock successfully processed, order_id: 741a5280-7e5b-4498-b639-1547f265b064, failed_sku: 4cc0770f-91bc-4c0d-a26f-7b872f02ca94, status: OUT_OF_STOCK
2026-08-17 17:33:39,352 - ERROR - Exception in Request for reserve_stock, order_id: 741a5280-7e5b-4498-b639-1547f265b064, status: OUT_OF_STOCK, Error: Out of stock: 4cc0770f-91bc-4c0d-a26f-7b872f02ca94
2026-08-17 17:33:39,382 - INFO - Request for reserve_stock, order_id: f095c859-1fdd-467f-ba9e-99e57bd8cbac, request: order_id='f095c859-1fdd-467f-ba9e-99e57bd8cbac' items=[CartItem(sku='4cc0770f-91bc-4c0d-a26f-7b872f02ca94', qty=2)] atomic_update=True delay=0.0 drop=0
2026-08-17 17:33:39,382 - INFO - Failure injected for inventory reserve_stock INJECT_DELAY: 0, INJECT_DROP_RATE: 0
2026-08-17 17:33:39,383 - INFO - Request for reserve_stock successfully processed, order_id: f095c859-1fdd-467f-ba9e-99e57bd8cbac, failed_sku: 4cc0770f-91bc-4c0d-a26f-7b872f02ca94, status: OUT_OF_STOCK
2026-08-17 17:33:39,383 - ERROR - Exception in Request for reserve_stock, order_id: f095c859-1fdd-467f-ba9e-99e57bd8cbac, status: OUT_OF_STOCK, Error: Out of stock: 4cc0770f-91bc-4c0d-a26f-7b872f02ca94
2026-08-17 17:33:39,405 - INFO - Request for reserve_stock, order_id: 3dec2d75-c960-4a5a-86ad-38fc9dba571e, request: order_id='3dec2d75-c960-4a5a-86ad-38fc9dba571e' items=[CartItem(sku='4cc0770f-91bc-4c0d-a26f-7b872f02ca94', qty=2)] atomic_update=True delay=0.0 drop=0
2026-08-17 17:33:39,406 - INFO - Failure injected for inventory reserve_stock INJECT_DELAY: 0, INJECT_DROP_RATE: 0
2026-08-17 17:33:39,407 - INFO - Request for reserve_stock successfully processed, order_id: 3dec2d75-c960-4a5a-86ad-38fc9dba571e, failed_sku: 4cc0770f-91bc-4c0d-a26f-7b872f02ca94, status: OUT_OF_STOCK
2026-08-17 17:33:39,407 - ERROR - Exception in Request for reserve_stock, order_id: 3dec2d75-c960-4a5a-86ad-38fc9dba571e, status: OUT_OF_STOCK, Error: Out of stock: 4cc0770f-91bc-4c0d-a26f-7b872f02ca94
2026-08-17 17:33:39,437 - INFO - Request for reserve_stock, order_id: 85132b29-ce81-43fb-856c-56a0d5b255ca, request: order_id='85132b29-ce81-43fb-856c-56a0d5b255ca' items=[CartItem(sku='4cc0770f-91bc-4c0d-a26f-7b872f02ca94', qty=2)] atomic_update=True delay=0.0 drop=0
2026-08-17 17:33:39,438 - INFO - Failure injected for inventory reserve_stock INJECT_DELAY: 0, INJECT_DROP_RATE: 0
2026-08-17 17:33:39,439 - INFO - Request for reserve_stock successfully processed, order_id: 85132b29-ce81-43fb-856c-56a0d5b255ca, failed_sku: 4cc0770f-91bc-4c0d-a26f-7b872f02ca94, status: OUT_OF_STOCK
2026-08-17 17:33:39,439 - ERROR - Exception in Request for reserve_stock, order_id: 85132b29-ce81-43fb-856c-56a0d5b255ca, status: OUT_OF_STOCK, Error: Out of stock: 4cc0770f-91bc-4c0d-a26f-7b872f02ca94
2026-08-17 17:33:39,459 - INFO - Request for reserve_stock, order_id: 864e371c-53fd-40b3-9878-a1c7a117011d, request: order_id='864e371c-53fd-40b3-9878-a1c7a117011d' items=[CartItem(sku='4cc0770f-91bc-4c0d-a26f-7b872f02ca94', qty=2)] atomic_update=True delay=0.0 drop=0
2026-08-17 17:33:39,459 - INFO - Failure injected for inventory reserve_stock INJECT_DELAY: 0, INJECT_DROP_RATE: 0
2026-08-17 17:33:39,460 - INFO - Request for reserve_stock successfully processed, order_id: 864e371c-53fd-40b3-9878-a1c7a117011d, failed_sku: 4cc0770f-91bc-4c0d-a26f-7b872f02ca94, status: OUT_OF_STOCK
2026-08-17 17:33:39,460 - ERROR - Exception in Request for reserve_stock, order_id: 864e371c-53fd-40b3-9878-a1c7a117011d, status: OUT_OF_STOCK, Error: Out of stock: 4cc0770f-91bc-4c0d-a26f-7b872f02ca94
2026-08-17 17:33:39,494 - INFO - Request for reserve_stock, order_id: 6ed87fed-9a40-4a9f-ae71-a7ffd5560a45, request: order_id='6ed87fed-9a40-4a9f-ae71-a7ffd5560a45' items=[CartItem(sku='4cc0770f-91bc-4c0d-a26f-7b872f02ca94', qty=2)] atomic_update=True delay=0.0 drop=0
2026-08-17 17:33:39,494 - INFO - Failure injected for inventory reserve_stock INJECT_DELAY: 0, INJECT_DROP_RATE: 0
2026-08-17 17:33:39,495 - INFO - Request for reserve_stock successfully processed, order_id: 6ed87fed-9a40-4a9f-ae71-a7ffd5560a45, failed_sku: 4cc0770f-91bc-4c0d-a26f-7b872f02ca94, status: OUT_OF_STOCK
2026-08-17 17:33:39,496 - ERROR - Exception in Request for reserve_stock, order_id: 6ed87fed-9a40-4a9f-ae71-a7ffd5560a45, status: OUT_OF_STOCK, Error: Out of stock: 4cc0770f-91bc-4c0d-a26f-7b872f02ca94
2026-08-17 17:33:39,518 - INFO - Request for reserve_stock, order_id: 8b10e938-8c4b-4ca8-ab38-cc4f14f405e0, request: order_id='8b10e938-8c4b-4ca8-ab38-cc4f14f405e0' items=[CartItem(sku='4cc0770f-91bc-4c0d-a26f-7b872f02ca94', qty=2)] atomic_update=True delay=0.0 drop=0
2026-08-17 17:33:39,519 - INFO - Failure injected for inventory reserve_stock INJECT_DELAY: 0, INJECT_DROP_RATE: 0
2026-08-17 17:33:39,520 - INFO - Request for reserve_stock successfully processed, order_id: 8b10e938-8c4b-4ca8-ab38-cc4f14f405e0, failed_sku: 4cc0770f-91bc-4c0d-a26f-7b872f02ca94, status: OUT_OF_STOCK
2026-08-17 17:33:39,520 - ERROR - Exception in Request for reserve_stock, order_id: 8b10e938-8c4b-4ca8-ab38-cc4f14f405e0, status: OUT_OF_STOCK, Error: Out of stock: 4cc0770f-91bc-4c0d-a26f-7b872f02ca94
2026-08-17 17:33:39,551 - INFO - Request for reserve_stock, order_id: 306a645f-6c7e-4d4a-9599-93073ed0762a, request: order_id='306a645f-6c7e-4d4a-9599-93073ed0762a' items=[CartItem(sku='4cc0770f-91bc-4c0d-a26f-7b872f02ca94', qty=2)] atomic_update=True delay=0.0 drop=0
2026-08-17 17:33:39,552 - INFO - Failure injected for inventory reserve_stock INJECT_DELAY: 0, INJECT_DROP_RATE: 0
2026-08-17 17:33:39,553 - INFO - Request for reserve_stock successfully processed, order_id: 306a645f-6c7e-4d4a-9599-93073ed0762a, failed_sku: 4cc0770f-91bc-4c0d-a26f-7b872f02ca94, status: OUT_OF_STOCK
2026-08-17 17:33:39,553 - ERROR - Exception in Request for reserve_stock, order_id: 306a645f-6c7e-4d4a-9599-93073ed0762a, status: OUT_OF_STOCK, Error: Out of stock: 4cc0770f-91bc-4c0d-a26f-7b872f02ca94
2026-08-17 17:33:39,573 - INFO - Request for reserve_stock, order_id: b2bbea6c-1426-44fe-b9f9-d236be1f053f, request: order_id='b2bbea6c-1426-44fe-b9f9-d236be1f053f' items=[CartItem(sku='4cc0770f-91bc-4c0d-a26f-7b872f02ca94', qty=2)] atomic_update=True delay=0.0 drop=0
2026-08-17 17:33:39,573 - INFO - Failure injected for inventory reserve_stock INJECT_DELAY: 0, INJECT_DROP_RATE: 0
2026-08-17 17:33:39,574 - INFO - Request for reserve_stock successfully processed, order_id: b2bbea6c-1426-44fe-b9f9-d236be1f053f, failed_sku: 4cc0770f-91bc-4c0d-a26f-7b872f02ca94, status: OUT_OF_STOCK
2026-08-17 17:33:39,574 - ERROR - Exception in Request for reserve_stock, order_id: b2bbea6c-1426-44fe-b9f9-d236be1f053f, status: OUT_OF_STOCK, Error: Out of stock: 4cc0770f-91bc-4c0d-a26f-7b872f02ca94
2026-08-17 17:33:39,609 - INFO - Request for reserve_stock, order_id: 56842cd6-46ec-4e61-8525-99da2e3b5360, request: order_id='56842cd6-46ec-4e61-8525-99da2e3b5360' items=[CartItem(sku='4cc0770f-91bc-4c0d-a26f-7b872f02ca94', qty=2)] atomic_update=True delay=0.0 drop=0
2026-08-17 17:33:39,610 - INFO - Failure injected for inventory reserve_stock INJECT_DELAY: 0, INJECT_DROP_RATE: 0
2026-08-17 17:33:39,611 - INFO - Request for reserve_stock successfully processed, order_id: 56842cd6-46ec-4e61-8525-99da2e3b5360, failed_sku: 4cc0770f-91bc-4c0d-a26f-7b872f02ca94, status: OUT_OF_STOCK
2026-08-17 17:33:39,611 - ERROR - Exception in Request for reserve_stock, order_id: 56842cd6-46ec-4e61-8525-99da2e3b5360, status: OUT_OF_STOCK, Error: Out of stock: 4cc0770f-91bc-4c0d-a26f-7b872f02ca94
2026-08-17 17:33:39,639 - INFO - Request for reserve_stock, order_id: 368fbc73-3c4a-40cf-85bb-192516997637, request: order_id='368fbc73-3c4a-40cf-85bb-192516997637' items=[CartItem(sku='4cc0770f-91bc-4c0d-a26f-7b872f02ca94', qty=2)] atomic_update=True delay=0.0 drop=0
2026-08-17 17:33:39,639 - INFO - Failure injected for inventory reserve_stock INJECT_DELAY: 0, INJECT_DROP_RATE: 0
2026-08-17 17:33:39,640 - INFO - Request for reserve_stock successfully processed, order_id: 368fbc73-3c4a-40cf-85bb-192516997637, failed_sku: 4cc0770f-91bc-4c0d-a26f-7b872f02ca94, status: OUT_OF_STOCK
2026-08-17 17:33:39,640 - ERROR - Exception in Request for reserve_stock, order_id: 368fbc73-3c4a-40cf-85bb-192516997637, status: OUT_OF_STOCK, Error: Out of stock: 4cc0770f-91bc-4c0d-a26f-7b872f02ca94
2026-08-17 17:33:39,672 - INFO - Request for reserve_stock, order_id: 32c4a134-60c4-4980-a775-3d06e8bb53e2, request: order_id='32c4a134-60c4-4980-a775-3d06e8bb53e2' items=[CartItem(sku='4cc0770f-91bc-4c0d-a26f-7b872f02ca94', qty=2)] atomic_update=True delay=0.0 drop=0
2026-08-17 17:33:39,672 - INFO - Failure injected for inventory reserve_stock INJECT_DELAY: 0, INJECT_DROP_RATE: 0
2026-08-17 17:33:39,673 - INFO - Request for reserve_stock successfully processed, order_id: 32c4a134-60c4-4980-a775-3d06e8bb53e2, failed_sku: 4cc0770f-91bc-4c0d-a26f-7b872f02ca94, status: OUT_OF_STOCK
2026-08-17 17:33:39,673 - ERROR - Exception in Request for reserve_stock, order_id: 32c4a134-60c4-4980-a775-3d06e8bb53e2, status: OUT_OF_STOCK, Error: Out of stock: 4cc0770f-91bc-4c0d-a26f-7b872f02ca94
2026-08-17 17:33:39,695 - INFO - Request for reserve_stock, order_id: 578d6e63-ecfa-450b-846a-87446c582c4a, request: order_id='578d6e63-ecfa-450b-846a-87446c582c4a' items=[CartItem(sku='4cc0770f-91bc-4c0d-a26f-7b872f02ca94', qty=2)] atomic_update=True delay=0.0 drop=0
2026-08-17 17:33:39,696 - INFO - Failure injected for inventory reserve_stock INJECT_DELAY: 0, INJECT_DROP_RATE: 0
2026-08-17 17:33:39,697 - INFO - Request for reserve_stock successfully processed, order_id: 578d6e63-ecfa-450b-846a-87446c582c4a, failed_sku: 4cc0770f-91bc-4c0d-a26f-7b872f02ca94, status: OUT_OF_STOCK
2026-08-17 17:33:39,697 - ERROR - Exception in Request for reserve_stock, order_id: 578d6e63-ecfa-450b-846a-87446c582c4a, status: OUT_OF_STOCK, Error: Out of stock: 4cc0770f-91bc-4c0d-a26f-7b872f02ca94
2026-08-17 17:33:39,730 - INFO - Request for reserve_stock, order_id: 713001cb-b648-4afd-a643-d29e4d41adfc, request: order_id='713001cb-b648-4afd-a643-d29e4d41adfc' items=[CartItem(sku='4cc0770f-91bc-4c0d-a26f-7b872f02ca94', qty=2)] atomic_update=True delay=0.0 drop=0
2026-08-17 17:33:39,730 - INFO - Failure injected for inventory reserve_stock INJECT_DELAY: 0, INJECT_DROP_RATE: 0
2026-08-17 17:33:39,731 - INFO - Request for reserve_stock successfully processed, order_id: 713001cb-b648-4afd-a643-d29e4d41adfc, failed_sku: 4cc0770f-91bc-4c0d-a26f-7b872f02ca94, status: OUT_OF_STOCK
2026-08-17 17:33:39,731 - ERROR - Exception in Request for reserve_stock, order_id: 713001cb-b648-4afd-a643-d29e4d41adfc, status: OUT_OF_STOCK, Error: Out of stock: 4cc0770f-91bc-4c0d-a26f-7b872f02ca94
2026-08-17 17:33:39,755 - INFO - Request for reserve_stock, order_id: ac54e7d1-e873-4f60-b3e6-a8c60e4b4d40, request: order_id='ac54e7d1-e873-4f60-b3e6-a8c60e4b4d40' items=[CartItem(sku='4cc0770f-91bc-4c0d-a26f-7b872f02ca94', qty=2)] atomic_update=True delay=0.0 drop=0
2026-08-17 17:33:39,755 - INFO - Failure injected for inventory reserve_stock INJECT_DELAY: 0, INJECT_DROP_RATE: 0
2026-08-17 17:33:39,756 - INFO - Request for reserve_stock successfully processed, order_id: ac54e7d1-e873-4f60-b3e6-a8c60e4b4d40, failed_sku: 4cc0770f-91bc-4c0d-a26f-7b872f02ca94, status: OUT_OF_STOCK
2026-08-17 17:33:39,756 - ERROR - Exception in Request for reserve_stock, order_id: ac54e7d1-e873-4f60-b3e6-a8c60e4b4d40, status: OUT_OF_STOCK, Error: Out of stock: 4cc0770f-91bc-4c0d-a26f-7b872f02ca94
2026-08-17 17:33:39,795 - INFO - Request for reserve_stock, order_id: 1067d2f8-dfde-4ee5-8b0d-684072bc4a84, request: order_id='1067d2f8-dfde-4ee5-8b0d-684072bc4a84' items=[CartItem(sku='4cc0770f-91bc-4c0d-a26f-7b872f02ca94', qty=2)] atomic_update=True delay=0.0 drop=0
2026-08-17 17:33:39,795 - INFO - Failure injected for inventory reserve_stock INJECT_DELAY: 0, INJECT_DROP_RATE: 0
2026-08-17 17:33:39,796 - INFO - Request for reserve_stock successfully processed, order_id: 1067d2f8-dfde-4ee5-8b0d-684072bc4a84, failed_sku: 4cc0770f-91bc-4c0d-a26f-7b872f02ca94, status: OUT_OF_STOCK
2026-08-17 17:33:39,797 - ERROR - Exception in Request for reserve_stock, order_id: 1067d2f8-dfde-4ee5-8b0d-684072bc4a84, status: OUT_OF_STOCK, Error: Out of stock: 4cc0770f-91bc-4c0d-a26f-7b872f02ca94
2026-08-17 17:33:39,821 - INFO - Request for reserve_stock, order_id: 37bfd27c-7148-430a-8924-1dcf21667530, request: order_id='37bfd27c-7148-430a-8924-1dcf21667530' items=[CartItem(sku='4cc0770f-91bc-4c0d-a26f-7b872f02ca94', qty=2)] atomic_update=True delay=0.0 drop=0
2026-08-17 17:33:39,821 - INFO - Failure injected for inventory reserve_stock INJECT_DELAY: 0, INJECT_DROP_RATE: 0
2026-08-17 17:33:39,822 - INFO - Request for reserve_stock successfully processed, order_id: 37bfd27c-7148-430a-8924-1dcf21667530, failed_sku: 4cc0770f-91bc-4c0d-a26f-7b872f02ca94, status: OUT_OF_STOCK
2026-08-17 17:33:39,822 - ERROR - Exception in Request for reserve_stock, order_id: 37bfd27c-7148-430a-8924-1dcf21667530, status: OUT_OF_STOCK, Error: Out of stock: 4cc0770f-91bc-4c0d-a26f-7b872f02ca94
2026-08-17 17:33:39,857 - INFO - Request for reserve_stock, order_id: ac23f6a7-6d1c-4478-b97f-9e34930c2fd3, request: order_id='ac23f6a7-6d1c-4478-b97f-9e34930c2fd3' items=[CartItem(sku='4cc0770f-91bc-4c0d-a26f-7b872f02ca94', qty=2)] atomic_update=True delay=0.0 drop=0
2026-08-17 17:33:39,857 - INFO - Failure injected for inventory reserve_stock INJECT_DELAY: 0, INJECT_DROP_RATE: 0
2026-08-17 17:33:39,858 - INFO - Request for reserve_stock successfully processed, order_id: ac23f6a7-6d1c-4478-b97f-9e34930c2fd3, failed_sku: 4cc0770f-91bc-4c0d-a26f-7b872f02ca94, status: OUT_OF_STOCK
2026-08-17 17:33:39,858 - ERROR - Exception in Request for reserve_stock, order_id: ac23f6a7-6d1c-4478-b97f-9e34930c2fd3, status: OUT_OF_STOCK, Error: Out of stock: 4cc0770f-91bc-4c0d-a26f-7b872f02ca94
2026-08-17 17:33:39,880 - INFO - Request for reserve_stock, order_id: 2f95db3a-b1d0-4e01-867b-33281e616452, request: order_id='2f95db3a-b1d0-4e01-867b-33281e616452' items=[CartItem(sku='4cc0770f-91bc-4c0d-a26f-7b872f02ca94', qty=2)] atomic_update=True delay=0.0 drop=0
2026-08-17 17:33:39,880 - INFO - Failure injected for inventory reserve_stock INJECT_DELAY: 0, INJECT_DROP_RATE: 0
2026-08-17 17:33:39,881 - INFO - Request for reserve_stock successfully processed, order_id: 2f95db3a-b1d0-4e01-867b-33281e616452, failed_sku: 4cc0770f-91bc-4c0d-a26f-7b872f02ca94, status: OUT_OF_STOCK
2026-08-17 17:33:39,882 - ERROR - Exception in Request for reserve_stock, order_id: 2f95db3a-b1d0-4e01-867b-33281e616452, status: OUT_OF_STOCK, Error: Out of stock: 4cc0770f-91bc-4c0d-a26f-7b872f02ca94
2026-08-17 17:33:39,916 - INFO - Request for reserve_stock, order_id: 531cc705-070f-47f6-b0b0-a8aa177ab5ec, request: order_id='531cc705-070f-47f6-b0b0-a8aa177ab5ec' items=[CartItem(sku='4cc0770f-91bc-4c0d-a26f-7b872f02ca94', qty=2)] atomic_update=True delay=0.0 drop=0
2026-08-17 17:33:39,916 - INFO - Failure injected for inventory reserve_stock INJECT_DELAY: 0, INJECT_DROP_RATE: 0
2026-08-17 17:33:39,917 - INFO - Request for reserve_stock successfully processed, order_id: 531cc705-070f-47f6-b0b0-a8aa177ab5ec, failed_sku: 4cc0770f-91bc-4c0d-a26f-7b872f02ca94, status: OUT_OF_STOCK
2026-08-17 17:33:39,917 - ERROR - Exception in Request for reserve_stock, order_id: 531cc705-070f-47f6-b0b0-a8aa177ab5ec, status: OUT_OF_STOCK, Error: Out of stock: 4cc0770f-91bc-4c0d-a26f-7b872f02ca94
2026-08-17 17:33:39,941 - INFO - Request for reserve_stock, order_id: 25588712-5319-461d-b4e7-2eac569d4301, request: order_id='25588712-5319-461d-b4e7-2eac569d4301' items=[CartItem(sku='4cc0770f-91bc-4c0d-a26f-7b872f02ca94', qty=2)] atomic_update=True delay=0.0 drop=0
2026-08-17 17:33:39,941 - INFO - Failure injected for inventory reserve_stock INJECT_DELAY: 0, INJECT_DROP_RATE: 0
2026-08-17 17:33:39,942 - INFO - Request for reserve_stock successfully processed, order_id: 25588712-5319-461d-b4e7-2eac569d4301, failed_sku: 4cc0770f-91bc-4c0d-a26f-7b872f02ca94, status: OUT_OF_STOCK
2026-08-17 17:33:39,942 - ERROR - Exception in Request for reserve_stock, order_id: 25588712-5319-461d-b4e7-2eac569d4301, status: OUT_OF_STOCK, Error: Out of stock: 4cc0770f-91bc-4c0d-a26f-7b872f02ca94
2026-08-17 17:33:39,977 - INFO - Request for reserve_stock, order_id: 661bd9e3-aa79-4736-8b75-05014db54a90, request: order_id='661bd9e3-aa79-4736-8b75-05014db54a90' items=[CartItem(sku='4cc0770f-91bc-4c0d-a26f-7b872f02ca94', qty=2)] atomic_update=True delay=0.0 drop=0
2026-08-17 17:33:39,977 - INFO - Failure injected for inventory reserve_stock INJECT_DELAY: 0, INJECT_DROP_RATE: 0
2026-08-17 17:33:39,978 - INFO - Request for reserve_stock successfully processed, order_id: 661bd9e3-aa79-4736-8b75-05014db54a90, failed_sku: 4cc0770f-91bc-4c0d-a26f-7b872f02ca94, status: OUT_OF_STOCK
2026-08-17 17:33:39,979 - ERROR - Exception in Request for reserve_stock, order_id: 661bd9e3-aa79-4736-8b75-05014db54a90, status: OUT_OF_STOCK, Error: Out of stock: 4cc0770f-91bc-4c0d-a26f-7b872f02ca94
2026-08-17 17:33:40,009 - INFO - Request for reserve_stock, order_id: 884f5457-fbea-4b01-8310-84f13aea610a, request: order_id='884f5457-fbea-4b01-8310-84f13aea610a' items=[CartItem(sku='4cc0770f-91bc-4c0d-a26f-7b872f02ca94', qty=2)] atomic_update=True delay=0.0 drop=0
2026-08-17 17:33:40,009 - INFO - Failure injected for inventory reserve_stock INJECT_DELAY: 0, INJECT_DROP_RATE: 0
2026-08-17 17:33:40,010 - INFO - Request for reserve_stock successfully processed, order_id: 884f5457-fbea-4b01-8310-84f13aea610a, failed_sku: 4cc0770f-91bc-4c0d-a26f-7b872f02ca94, status: OUT_OF_STOCK
2026-08-17 17:33:40,010 - ERROR - Exception in Request for reserve_stock, order_id: 884f5457-fbea-4b01-8310-84f13aea610a, status: OUT_OF_STOCK, Error: Out of stock: 4cc0770f-91bc-4c0d-a26f-7b872f02ca94
2026-08-17 17:33:40,048 - INFO - Request for reserve_stock, order_id: 91a64c61-7648-4438-83af-c99facdf0ceb, request: order_id='91a64c61-7648-4438-83af-c99facdf0ceb' items=[CartItem(sku='4cc0770f-91bc-4c0d-a26f-7b872f02ca94', qty=2)] atomic_update=True delay=0.0 drop=0
2026-08-17 17:33:40,048 - INFO - Failure injected for inventory reserve_stock INJECT_DELAY: 0, INJECT_DROP_RATE: 0
2026-08-17 17:33:40,050 - INFO - Request for reserve_stock successfully processed, order_id: 91a64c61-7648-4438-83af-c99facdf0ceb, failed_sku: 4cc0770f-91bc-4c0d-a26f-7b872f02ca94, status: OUT_OF_STOCK
2026-08-17 17:33:40,050 - ERROR - Exception in Request for reserve_stock, order_id: 91a64c61-7648-4438-83af-c99facdf0ceb, status: OUT_OF_STOCK, Error: Out of stock: 4cc0770f-91bc-4c0d-a26f-7b872f02ca94
2026-08-17 17:33:40,071 - INFO - Request for reserve_stock, order_id: ab39c997-8baf-460f-b319-667fedcebaed, request: order_id='ab39c997-8baf-460f-b319-667fedcebaed' items=[CartItem(sku='4cc0770f-91bc-4c0d-a26f-7b872f02ca94', qty=2)] atomic_update=True delay=0.0 drop=0
2026-08-17 17:33:40,071 - INFO - Failure injected for inventory reserve_stock INJECT_DELAY: 0, INJECT_DROP_RATE: 0
2026-08-17 17:33:40,072 - INFO - Request for reserve_stock successfully processed, order_id: ab39c997-8baf-460f-b319-667fedcebaed, failed_sku: 4cc0770f-91bc-4c0d-a26f-7b872f02ca94, status: OUT_OF_STOCK
2026-08-17 17:33:40,072 - ERROR - Exception in Request for reserve_stock, order_id: ab39c997-8baf-460f-b319-667fedcebaed, status: OUT_OF_STOCK, Error: Out of stock: 4cc0770f-91bc-4c0d-a26f-7b872f02ca94
2026-08-17 17:33:40,104 - INFO - Request for reserve_stock, order_id: bc4bc20b-8daf-4674-b65e-381868442fc6, request: order_id='bc4bc20b-8daf-4674-b65e-381868442fc6' items=[CartItem(sku='4cc0770f-91bc-4c0d-a26f-7b872f02ca94', qty=2)] atomic_update=True delay=0.0 drop=0
2026-08-17 17:33:40,104 - INFO - Failure injected for inventory reserve_stock INJECT_DELAY: 0, INJECT_DROP_RATE: 0
2026-08-17 17:33:40,105 - INFO - Request for reserve_stock successfully processed, order_id: bc4bc20b-8daf-4674-b65e-381868442fc6, failed_sku: 4cc0770f-91bc-4c0d-a26f-7b872f02ca94, status: OUT_OF_STOCK
2026-08-17 17:33:40,105 - ERROR - Exception in Request for reserve_stock, order_id: bc4bc20b-8daf-4674-b65e-381868442fc6, status: OUT_OF_STOCK, Error: Out of stock: 4cc0770f-91bc-4c0d-a26f-7b872f02ca94
2026-08-17 17:33:40,127 - INFO - Request for reserve_stock, order_id: c05a0920-440c-4148-9281-795afce7b097, request: order_id='c05a0920-440c-4148-9281-795afce7b097' items=[CartItem(sku='4cc0770f-91bc-4c0d-a26f-7b872f02ca94', qty=2)] atomic_update=True delay=0.0 drop=0
2026-08-17 17:33:40,128 - INFO - Failure injected for inventory reserve_stock INJECT_DELAY: 0, INJECT_DROP_RATE: 0
2026-08-17 17:33:40,129 - INFO - Request for reserve_stock successfully processed, order_id: c05a0920-440c-4148-9281-795afce7b097, failed_sku: 4cc0770f-91bc-4c0d-a26f-7b872f02ca94, status: OUT_OF_STOCK
2026-08-17 17:33:40,129 - ERROR - Exception in Request for reserve_stock, order_id: c05a0920-440c-4148-9281-795afce7b097, status: OUT_OF_STOCK, Error: Out of stock: 4cc0770f-91bc-4c0d-a26f-7b872f02ca94
2026-08-17 17:33:40,160 - INFO - Request for reserve_stock, order_id: 03972358-354d-42c2-9606-99a99ca8362c, request: order_id='03972358-354d-42c2-9606-99a99ca8362c' items=[CartItem(sku='4cc0770f-91bc-4c0d-a26f-7b872f02ca94', qty=2)] atomic_update=True delay=0.0 drop=0
2026-08-17 17:33:40,160 - INFO - Failure injected for inventory reserve_stock INJECT_DELAY: 0, INJECT_DROP_RATE: 0
2026-08-17 17:33:40,161 - INFO - Request for reserve_stock successfully processed, order_id: 03972358-354d-42c2-9606-99a99ca8362c, failed_sku: 4cc0770f-91bc-4c0d-a26f-7b872f02ca94, status: OUT_OF_STOCK
2026-08-17 17:33:40,161 - ERROR - Exception in Request for reserve_stock, order_id: 03972358-354d-42c2-9606-99a99ca8362c, status: OUT_OF_STOCK, Error: Out of stock: 4cc0770f-91bc-4c0d-a26f-7b872f02ca94
2026-08-17 17:33:40,182 - INFO - Request for reserve_stock, order_id: a7bda476-9ecd-4095-b762-ed2013ece897, request: order_id='a7bda476-9ecd-4095-b762-ed2013ece897' items=[CartItem(sku='4cc0770f-91bc-4c0d-a26f-7b872f02ca94', qty=2)] atomic_update=True delay=0.0 drop=0
2026-08-17 17:33:40,182 - INFO - Failure injected for inventory reserve_stock INJECT_DELAY: 0, INJECT_DROP_RATE: 0
2026-08-17 17:33:40,184 - INFO - Request for reserve_stock successfully processed, order_id: a7bda476-9ecd-4095-b762-ed2013ece897, failed_sku: 4cc0770f-91bc-4c0d-a26f-7b872f02ca94, status: OUT_OF_STOCK
2026-08-17 17:33:40,184 - ERROR - Exception in Request for reserve_stock, order_id: a7bda476-9ecd-4095-b762-ed2013ece897, status: OUT_OF_STOCK, Error: Out of stock: 4cc0770f-91bc-4c0d-a26f-7b872f02ca94
2026-08-17 17:33:40,217 - INFO - Request for reserve_stock, order_id: 166d0cb5-bee4-4473-bf1c-ad57e2f13a23, request: order_id='166d0cb5-bee4-4473-bf1c-ad57e2f13a23' items=[CartItem(sku='4cc0770f-91bc-4c0d-a26f-7b872f02ca94', qty=2)] atomic_update=True delay=0.0 drop=0
2026-08-17 17:33:40,217 - INFO - Failure injected for inventory reserve_stock INJECT_DELAY: 0, INJECT_DROP_RATE: 0
2026-08-17 17:33:40,219 - INFO - Request for reserve_stock successfully processed, order_id: 166d0cb5-bee4-4473-bf1c-ad57e2f13a23, failed_sku: 4cc0770f-91bc-4c0d-a26f-7b872f02ca94, status: OUT_OF_STOCK
2026-08-17 17:33:40,219 - ERROR - Exception in Request for reserve_stock, order_id: 166d0cb5-bee4-4473-bf1c-ad57e2f13a23, status: OUT_OF_STOCK, Error: Out of stock: 4cc0770f-91bc-4c0d-a26f-7b872f02ca94
2026-08-17 17:33:40,243 - INFO - Request for reserve_stock, order_id: d1b8eb02-1ec7-43a6-a2c4-00296707f553, request: order_id='d1b8eb02-1ec7-43a6-a2c4-00296707f553' items=[CartItem(sku='4cc0770f-91bc-4c0d-a26f-7b872f02ca94', qty=2)] atomic_update=True delay=0.0 drop=0
2026-08-17 17:33:40,243 - INFO - Failure injected for inventory reserve_stock INJECT_DELAY: 0, INJECT_DROP_RATE: 0
2026-08-17 17:33:40,246 - INFO - Request for reserve_stock successfully processed, order_id: d1b8eb02-1ec7-43a6-a2c4-00296707f553, failed_sku: 4cc0770f-91bc-4c0d-a26f-7b872f02ca94, status: OUT_OF_STOCK
2026-08-17 17:33:40,246 - ERROR - Exception in Request for reserve_stock, order_id: d1b8eb02-1ec7-43a6-a2c4-00296707f553, status: OUT_OF_STOCK, Error: Out of stock: 4cc0770f-91bc-4c0d-a26f-7b872f02ca94
2026-08-17 17:33:40,278 - INFO - Request for reserve_stock, order_id: af7f1cdf-7d58-4e8e-b93b-3fdd7f4a59e3, request: order_id='af7f1cdf-7d58-4e8e-b93b-3fdd7f4a59e3' items=[CartItem(sku='4cc0770f-91bc-4c0d-a26f-7b872f02ca94', qty=2)] atomic_update=True delay=0.0 drop=0
2026-08-17 17:33:40,278 - INFO - Failure injected for inventory reserve_stock INJECT_DELAY: 0, INJECT_DROP_RATE: 0
2026-08-17 17:33:40,279 - INFO - Request for reserve_stock successfully processed, order_id: af7f1cdf-7d58-4e8e-b93b-3fdd7f4a59e3, failed_sku: 4cc0770f-91bc-4c0d-a26f-7b872f02ca94, status: OUT_OF_STOCK
2026-08-17 17:33:40,279 - ERROR - Exception in Request for reserve_stock, order_id: af7f1cdf-7d58-4e8e-b93b-3fdd7f4a59e3, status: OUT_OF_STOCK, Error: Out of stock: 4cc0770f-91bc-4c0d-a26f-7b872f02ca94
2026-08-17 17:33:40,315 - INFO - Request for reserve_stock, order_id: 8213bf93-dbd3-4f32-bc31-94496cd1d043, request: order_id='8213bf93-dbd3-4f32-bc31-94496cd1d043' items=[CartItem(sku='4cc0770f-91bc-4c0d-a26f-7b872f02ca94', qty=2)] atomic_update=True delay=0.0 drop=0
2026-08-17 17:33:40,315 - INFO - Failure injected for inventory reserve_stock INJECT_DELAY: 0, INJECT_DROP_RATE: 0
2026-08-17 17:33:40,317 - INFO - Request for reserve_stock successfully processed, order_id: 8213bf93-dbd3-4f32-bc31-94496cd1d043, failed_sku: 4cc0770f-91bc-4c0d-a26f-7b872f02ca94, status: OUT_OF_STOCK
2026-08-17 17:33:40,317 - ERROR - Exception in Request for reserve_stock, order_id: 8213bf93-dbd3-4f32-bc31-94496cd1d043, status: OUT_OF_STOCK, Error: Out of stock: 4cc0770f-91bc-4c0d-a26f-7b872f02ca94
2026-08-17 17:33:40,365 - INFO - Request for reserve_stock, order_id: 62a9c026-a1f1-4f09-a07d-3886d2b835c0, request: order_id='62a9c026-a1f1-4f09-a07d-3886d2b835c0' items=[CartItem(sku='4cc0770f-91bc-4c0d-a26f-7b872f02ca94', qty=2)] atomic_update=True delay=0.0 drop=0
2026-08-17 17:33:40,366 - INFO - Failure injected for inventory reserve_stock INJECT_DELAY: 0, INJECT_DROP_RATE: 0
2026-08-17 17:33:40,367 - INFO - Request for reserve_stock successfully processed, order_id: 62a9c026-a1f1-4f09-a07d-3886d2b835c0, failed_sku: 4cc0770f-91bc-4c0d-a26f-7b872f02ca94, status: OUT_OF_STOCK
2026-08-17 17:33:40,368 - ERROR - Exception in Request for reserve_stock, order_id: 62a9c026-a1f1-4f09-a07d-3886d2b835c0, status: OUT_OF_STOCK, Error: Out of stock: 4cc0770f-91bc-4c0d-a26f-7b872f02ca94
2026-08-17 17:33:40,392 - INFO - Request for reserve_stock, order_id: 057ebfd0-7f64-416d-922b-81627d74a8b1, request: order_id='057ebfd0-7f64-416d-922b-81627d74a8b1' items=[CartItem(sku='4cc0770f-91bc-4c0d-a26f-7b872f02ca94', qty=2)] atomic_update=True delay=0.0 drop=0
2026-08-17 17:33:40,392 - INFO - Failure injected for inventory reserve_stock INJECT_DELAY: 0, INJECT_DROP_RATE: 0
2026-08-17 17:33:40,394 - INFO - Request for reserve_stock successfully processed, order_id: 057ebfd0-7f64-416d-922b-81627d74a8b1, failed_sku: 4cc0770f-91bc-4c0d-a26f-7b872f02ca94, status: OUT_OF_STOCK
2026-08-17 17:33:40,395 - ERROR - Exception in Request for reserve_stock, order_id: 057ebfd0-7f64-416d-922b-81627d74a8b1, status: OUT_OF_STOCK, Error: Out of stock: 4cc0770f-91bc-4c0d-a26f-7b872f02ca94
2026-08-17 17:33:40,425 - INFO - Request for reserve_stock, order_id: a20934e3-2aa3-4fe5-9854-73b25e973565, request: order_id='a20934e3-2aa3-4fe5-9854-73b25e973565' items=[CartItem(sku='4cc0770f-91bc-4c0d-a26f-7b872f02ca94', qty=2)] atomic_update=True delay=0.0 drop=0
2026-08-17 17:33:40,425 - INFO - Failure injected for inventory reserve_stock INJECT_DELAY: 0, INJECT_DROP_RATE: 0
2026-08-17 17:33:40,427 - INFO - Request for reserve_stock successfully processed, order_id: a20934e3-2aa3-4fe5-9854-73b25e973565, failed_sku: 4cc0770f-91bc-4c0d-a26f-7b872f02ca94, status: OUT_OF_STOCK
2026-08-17 17:33:40,427 - ERROR - Exception in Request for reserve_stock, order_id: a20934e3-2aa3-4fe5-9854-73b25e973565, status: OUT_OF_STOCK, Error: Out of stock: 4cc0770f-91bc-4c0d-a26f-7b872f02ca94
2026-08-17 17:33:40,448 - INFO - Request for reserve_stock, order_id: 7a669818-b824-411f-83ff-0373bacf7628, request: order_id='7a669818-b824-411f-83ff-0373bacf7628' items=[CartItem(sku='4cc0770f-91bc-4c0d-a26f-7b872f02ca94', qty=2)] atomic_update=True delay=0.0 drop=0
2026-08-17 17:33:40,448 - INFO - Failure injected for inventory reserve_stock INJECT_DELAY: 0, INJECT_DROP_RATE: 0
2026-08-17 17:33:40,449 - INFO - Request for reserve_stock successfully processed, order_id: 7a669818-b824-411f-83ff-0373bacf7628, failed_sku: 4cc0770f-91bc-4c0d-a26f-7b872f02ca94, status: OUT_OF_STOCK
2026-08-17 17:33:40,450 - ERROR - Exception in Request for reserve_stock, order_id: 7a669818-b824-411f-83ff-0373bacf7628, status: OUT_OF_STOCK, Error: Out of stock: 4cc0770f-91bc-4c0d-a26f-7b872f02ca94
2026-08-17 17:33:40,480 - INFO - Request for reserve_stock, order_id: 4c4eba6c-d044-4bde-9a0b-85e3ba20c24e, request: order_id='4c4eba6c-d044-4bde-9a0b-85e3ba20c24e' items=[CartItem(sku='4cc0770f-91bc-4c0d-a26f-7b872f02ca94', qty=2)] atomic_update=True delay=0.0 drop=0
2026-08-17 17:33:40,481 - INFO - Failure injected for inventory reserve_stock INJECT_DELAY: 0, INJECT_DROP_RATE: 0
2026-08-17 17:33:40,482 - INFO - Request for reserve_stock successfully processed, order_id: 4c4eba6c-d044-4bde-9a0b-85e3ba20c24e, failed_sku: 4cc0770f-91bc-4c0d-a26f-7b872f02ca94, status: OUT_OF_STOCK
2026-08-17 17:33:40,482 - ERROR - Exception in Request for reserve_stock, order_id: 4c4eba6c-d044-4bde-9a0b-85e3ba20c24e, status: OUT_OF_STOCK, Error: Out of stock: 4cc0770f-91bc-4c0d-a26f-7b872f02ca94
2026-08-17 17:33:40,505 - INFO - Request for reserve_stock, order_id: 6fe4c6a3-a9b5-4b6d-bee8-5daa0b0b5817, request: order_id='6fe4c6a3-a9b5-4b6d-bee8-5daa0b0b5817' items=[CartItem(sku='4cc0770f-91bc-4c0d-a26f-7b872f02ca94', qty=2)] atomic_update=True delay=0.0 drop=0
2026-08-17 17:33:40,505 - INFO - Failure injected for inventory reserve_stock INJECT_DELAY: 0, INJECT_DROP_RATE: 0
2026-08-17 17:33:40,506 - INFO - Request for reserve_stock successfully processed, order_id: 6fe4c6a3-a9b5-4b6d-bee8-5daa0b0b5817, failed_sku: 4cc0770f-91bc-4c0d-a26f-7b872f02ca94, status: OUT_OF_STOCK
2026-08-17 17:33:40,506 - ERROR - Exception in Request for reserve_stock, order_id: 6fe4c6a3-a9b5-4b6d-bee8-5daa0b0b5817, status: OUT_OF_STOCK, Error: Out of stock: 4cc0770f-91bc-4c0d-a26f-7b872f02ca94
2026-08-17 17:33:40,537 - INFO - Request for reserve_stock, order_id: 22eeab9c-629b-4677-a04f-d8a17c355e82, request: order_id='22eeab9c-629b-4677-a04f-d8a17c355e82' items=[CartItem(sku='4cc0770f-91bc-4c0d-a26f-7b872f02ca94', qty=2)] atomic_update=True delay=0.0 drop=0
2026-08-17 17:33:40,538 - INFO - Failure injected for inventory reserve_stock INJECT_DELAY: 0, INJECT_DROP_RATE: 0
2026-08-17 17:33:40,538 - INFO - Request for reserve_stock successfully processed, order_id: 22eeab9c-629b-4677-a04f-d8a17c355e82, failed_sku: 4cc0770f-91bc-4c0d-a26f-7b872f02ca94, status: OUT_OF_STOCK
2026-08-17 17:33:40,539 - ERROR - Exception in Request for reserve_stock, order_id: 22eeab9c-629b-4677-a04f-d8a17c355e82, status: OUT_OF_STOCK, Error: Out of stock: 4cc0770f-91bc-4c0d-a26f-7b872f02ca94
2026-08-17 17:33:40,559 - INFO - Request for reserve_stock, order_id: bf5e03bb-fc05-4d34-a8c2-3f8c6c02611e, request: order_id='bf5e03bb-fc05-4d34-a8c2-3f8c6c02611e' items=[CartItem(sku='4cc0770f-91bc-4c0d-a26f-7b872f02ca94', qty=2)] atomic_update=True delay=0.0 drop=0
2026-08-17 17:33:40,559 - INFO - Failure injected for inventory reserve_stock INJECT_DELAY: 0, INJECT_DROP_RATE: 0
2026-08-17 17:33:40,560 - INFO - Request for reserve_stock successfully processed, order_id: bf5e03bb-fc05-4d34-a8c2-3f8c6c02611e, failed_sku: 4cc0770f-91bc-4c0d-a26f-7b872f02ca94, status: OUT_OF_STOCK
2026-08-17 17:33:40,560 - ERROR - Exception in Request for reserve_stock, order_id: bf5e03bb-fc05-4d34-a8c2-3f8c6c02611e, status: OUT_OF_STOCK, Error: Out of stock: 4cc0770f-91bc-4c0d-a26f-7b872f02ca94
2026-08-17 17:33:40,591 - INFO - Request for reserve_stock, order_id: 9a36234e-6136-4664-a4cf-c01826ca74e2, request: order_id='9a36234e-6136-4664-a4cf-c01826ca74e2' items=[CartItem(sku='4cc0770f-91bc-4c0d-a26f-7b872f02ca94', qty=2)] atomic_update=True delay=0.0 drop=0
2026-08-17 17:33:40,592 - INFO - Failure injected for inventory reserve_stock INJECT_DELAY: 0, INJECT_DROP_RATE: 0
2026-08-17 17:33:40,593 - INFO - Request for reserve_stock successfully processed, order_id: 9a36234e-6136-4664-a4cf-c01826ca74e2, failed_sku: 4cc0770f-91bc-4c0d-a26f-7b872f02ca94, status: OUT_OF_STOCK
2026-08-17 17:33:40,593 - ERROR - Exception in Request for reserve_stock, order_id: 9a36234e-6136-4664-a4cf-c01826ca74e2, status: OUT_OF_STOCK, Error: Out of stock: 4cc0770f-91bc-4c0d-a26f-7b872f02ca94
2026-08-17 17:33:40,615 - INFO - Request for reserve_stock, order_id: e4dc0c76-0125-45fa-940b-e7a7759a5f25, request: order_id='e4dc0c76-0125-45fa-940b-e7a7759a5f25' items=[CartItem(sku='4cc0770f-91bc-4c0d-a26f-7b872f02ca94', qty=2)] atomic_update=True delay=0.0 drop=0
2026-08-17 17:33:40,615 - INFO - Failure injected for inventory reserve_stock INJECT_DELAY: 0, INJECT_DROP_RATE: 0
2026-08-17 17:33:40,616 - INFO - Request for reserve_stock successfully processed, order_id: e4dc0c76-0125-45fa-940b-e7a7759a5f25, failed_sku: 4cc0770f-91bc-4c0d-a26f-7b872f02ca94, status: OUT_OF_STOCK
2026-08-17 17:33:40,616 - ERROR - Exception in Request for reserve_stock, order_id: e4dc0c76-0125-45fa-940b-e7a7759a5f25, status: OUT_OF_STOCK, Error: Out of stock: 4cc0770f-91bc-4c0d-a26f-7b872f02ca94
2026-08-17 17:33:40,650 - INFO - Request for reserve_stock, order_id: 604076d8-0993-4342-8559-b262547a66ba, request: order_id='604076d8-0993-4342-8559-b262547a66ba' items=[CartItem(sku='4cc0770f-91bc-4c0d-a26f-7b872f02ca94', qty=2)] atomic_update=True delay=0.0 drop=0
2026-08-17 17:33:40,650 - INFO - Failure injected for inventory reserve_stock INJECT_DELAY: 0, INJECT_DROP_RATE: 0
2026-08-17 17:33:40,652 - INFO - Request for reserve_stock successfully processed, order_id: 604076d8-0993-4342-8559-b262547a66ba, failed_sku: 4cc0770f-91bc-4c0d-a26f-7b872f02ca94, status: OUT_OF_STOCK
2026-08-17 17:33:40,652 - ERROR - Exception in Request for reserve_stock, order_id: 604076d8-0993-4342-8559-b262547a66ba, status: OUT_OF_STOCK, Error: Out of stock: 4cc0770f-91bc-4c0d-a26f-7b872f02ca94
2026-08-17 17:33:40,674 - INFO - Request for reserve_stock, order_id: 9458bcc8-38ac-4dce-ad47-ec9eae9e2316, request: order_id='9458bcc8-38ac-4dce-ad47-ec9eae9e2316' items=[CartItem(sku='4cc0770f-91bc-4c0d-a26f-7b872f02ca94', qty=2)] atomic_update=True delay=0.0 drop=0
2026-08-17 17:33:40,674 - INFO - Failure injected for inventory reserve_stock INJECT_DELAY: 0, INJECT_DROP_RATE: 0
2026-08-17 17:33:40,675 - INFO - Request for reserve_stock successfully processed, order_id: 9458bcc8-38ac-4dce-ad47-ec9eae9e2316, failed_sku: 4cc0770f-91bc-4c0d-a26f-7b872f02ca94, status: OUT_OF_STOCK
2026-08-17 17:33:40,675 - ERROR - Exception in Request for reserve_stock, order_id: 9458bcc8-38ac-4dce-ad47-ec9eae9e2316, status: OUT_OF_STOCK, Error: Out of stock: 4cc0770f-91bc-4c0d-a26f-7b872f02ca94
2026-08-17 17:33:40,708 - INFO - Request for reserve_stock, order_id: c8850faf-e886-4083-af23-6d06f0848142, request: order_id='c8850faf-e886-4083-af23-6d06f0848142' items=[CartItem(sku='4cc0770f-91bc-4c0d-a26f-7b872f02ca94', qty=2)] atomic_update=True delay=0.0 drop=0
2026-08-17 17:33:40,708 - INFO - Failure injected for inventory reserve_stock INJECT_DELAY: 0, INJECT_DROP_RATE: 0
2026-08-17 17:33:40,709 - INFO - Request for reserve_stock successfully processed, order_id: c8850faf-e886-4083-af23-6d06f0848142, failed_sku: 4cc0770f-91bc-4c0d-a26f-7b872f02ca94, status: OUT_OF_STOCK
2026-08-17 17:33:40,709 - ERROR - Exception in Request for reserve_stock, order_id: c8850faf-e886-4083-af23-6d06f0848142, status: OUT_OF_STOCK, Error: Out of stock: 4cc0770f-91bc-4c0d-a26f-7b872f02ca94
2026-08-17 17:33:40,731 - INFO - Request for reserve_stock, order_id: 7a5f703e-faa3-49c5-8c0a-d915ddb4a9d7, request: order_id='7a5f703e-faa3-49c5-8c0a-d915ddb4a9d7' items=[CartItem(sku='4cc0770f-91bc-4c0d-a26f-7b872f02ca94', qty=2)] atomic_update=True delay=0.0 drop=0
2026-08-17 17:33:40,731 - INFO - Failure injected for inventory reserve_stock INJECT_DELAY: 0, INJECT_DROP_RATE: 0
2026-08-17 17:33:40,732 - INFO - Request for reserve_stock successfully processed, order_id: 7a5f703e-faa3-49c5-8c0a-d915ddb4a9d7, failed_sku: 4cc0770f-91bc-4c0d-a26f-7b872f02ca94, status: OUT_OF_STOCK
2026-08-17 17:33:40,732 - ERROR - Exception in Request for reserve_stock, order_id: 7a5f703e-faa3-49c5-8c0a-d915ddb4a9d7, status: OUT_OF_STOCK, Error: Out of stock: 4cc0770f-91bc-4c0d-a26f-7b872f02ca94
2026-08-17 17:33:40,764 - INFO - Request for reserve_stock, order_id: b4cc5227-2050-467f-9129-19a10fed4cf7, request: order_id='b4cc5227-2050-467f-9129-19a10fed4cf7' items=[CartItem(sku='4cc0770f-91bc-4c0d-a26f-7b872f02ca94', qty=2)] atomic_update=True delay=0.0 drop=0
2026-08-17 17:33:40,764 - INFO - Failure injected for inventory reserve_stock INJECT_DELAY: 0, INJECT_DROP_RATE: 0
2026-08-17 17:33:40,765 - INFO - Request for reserve_stock successfully processed, order_id: b4cc5227-2050-467f-9129-19a10fed4cf7, failed_sku: 4cc0770f-91bc-4c0d-a26f-7b872f02ca94, status: OUT_OF_STOCK
2026-08-17 17:33:40,766 - ERROR - Exception in Request for reserve_stock, order_id: b4cc5227-2050-467f-9129-19a10fed4cf7, status: OUT_OF_STOCK, Error: Out of stock: 4cc0770f-91bc-4c0d-a26f-7b872f02ca94
2026-08-17 17:33:40,787 - INFO - Request for reserve_stock, order_id: 761a4723-4c36-43fb-9ed5-1d9cd9fc4aa6, request: order_id='761a4723-4c36-43fb-9ed5-1d9cd9fc4aa6' items=[CartItem(sku='4cc0770f-91bc-4c0d-a26f-7b872f02ca94', qty=2)] atomic_update=True delay=0.0 drop=0
2026-08-17 17:33:40,787 - INFO - Failure injected for inventory reserve_stock INJECT_DELAY: 0, INJECT_DROP_RATE: 0
2026-08-17 17:33:40,788 - INFO - Request for reserve_stock successfully processed, order_id: 761a4723-4c36-43fb-9ed5-1d9cd9fc4aa6, failed_sku: 4cc0770f-91bc-4c0d-a26f-7b872f02ca94, status: OUT_OF_STOCK
2026-08-17 17:33:40,788 - ERROR - Exception in Request for reserve_stock, order_id: 761a4723-4c36-43fb-9ed5-1d9cd9fc4aa6, status: OUT_OF_STOCK, Error: Out of stock: 4cc0770f-91bc-4c0d-a26f-7b872f02ca94
2026-08-17 17:33:40,820 - INFO - Request for reserve_stock, order_id: 2e2d4a70-af0e-4532-95bb-babfe83fee33, request: order_id='2e2d4a70-af0e-4532-95bb-babfe83fee33' items=[CartItem(sku='4cc0770f-91bc-4c0d-a26f-7b872f02ca94', qty=2)] atomic_update=True delay=0.0 drop=0
2026-08-17 17:33:40,820 - INFO - Failure injected for inventory reserve_stock INJECT_DELAY: 0, INJECT_DROP_RATE: 0
2026-08-17 17:33:40,821 - INFO - Request for reserve_stock successfully processed, order_id: 2e2d4a70-af0e-4532-95bb-babfe83fee33, failed_sku: 4cc0770f-91bc-4c0d-a26f-7b872f02ca94, status: OUT_OF_STOCK
2026-08-17 17:33:40,822 - ERROR - Exception in Request for reserve_stock, order_id: 2e2d4a70-af0e-4532-95bb-babfe83fee33, status: OUT_OF_STOCK, Error: Out of stock: 4cc0770f-91bc-4c0d-a26f-7b872f02ca94
2026-08-17 17:33:40,842 - INFO - Request for reserve_stock, order_id: 4dca68d4-3e5d-4d23-8a87-b0c153d34e7b, request: order_id='4dca68d4-3e5d-4d23-8a87-b0c153d34e7b' items=[CartItem(sku='4cc0770f-91bc-4c0d-a26f-7b872f02ca94', qty=2)] atomic_update=True delay=0.0 drop=0
2026-08-17 17:33:40,842 - INFO - Failure injected for inventory reserve_stock INJECT_DELAY: 0, INJECT_DROP_RATE: 0
2026-08-17 17:33:40,843 - INFO - Request for reserve_stock successfully processed, order_id: 4dca68d4-3e5d-4d23-8a87-b0c153d34e7b, failed_sku: 4cc0770f-91bc-4c0d-a26f-7b872f02ca94, status: OUT_OF_STOCK
2026-08-17 17:33:40,843 - ERROR - Exception in Request for reserve_stock, order_id: 4dca68d4-3e5d-4d23-8a87-b0c153d34e7b, status: OUT_OF_STOCK, Error: Out of stock: 4cc0770f-91bc-4c0d-a26f-7b872f02ca94
2026-08-17 17:33:40,873 - INFO - Request for reserve_stock, order_id: a13c7b1a-5e3e-4e76-b843-930eae23cd07, request: order_id='a13c7b1a-5e3e-4e76-b843-930eae23cd07' items=[CartItem(sku='4cc0770f-91bc-4c0d-a26f-7b872f02ca94', qty=2)] atomic_update=True delay=0.0 drop=0
2026-08-17 17:33:40,873 - INFO - Failure injected for inventory reserve_stock INJECT_DELAY: 0, INJECT_DROP_RATE: 0
2026-08-17 17:33:40,874 - INFO - Request for reserve_stock successfully processed, order_id: a13c7b1a-5e3e-4e76-b843-930eae23cd07, failed_sku: 4cc0770f-91bc-4c0d-a26f-7b872f02ca94, status: OUT_OF_STOCK
2026-08-17 17:33:40,874 - ERROR - Exception in Request for reserve_stock, order_id: a13c7b1a-5e3e-4e76-b843-930eae23cd07, status: OUT_OF_STOCK, Error: Out of stock: 4cc0770f-91bc-4c0d-a26f-7b872f02ca94
2026-08-17 17:33:40,902 - INFO - Request for reserve_stock, order_id: 4977ccb8-ae50-4852-8b76-d0c2b64d0740, request: order_id='4977ccb8-ae50-4852-8b76-d0c2b64d0740' items=[CartItem(sku='4cc0770f-91bc-4c0d-a26f-7b872f02ca94', qty=2)] atomic_update=True delay=0.0 drop=0
2026-08-17 17:33:40,902 - INFO - Failure injected for inventory reserve_stock INJECT_DELAY: 0, INJECT_DROP_RATE: 0
2026-08-17 17:33:40,903 - INFO - Request for reserve_stock successfully processed, order_id: 4977ccb8-ae50-4852-8b76-d0c2b64d0740, failed_sku: 4cc0770f-91bc-4c0d-a26f-7b872f02ca94, status: OUT_OF_STOCK
2026-08-17 17:33:40,904 - ERROR - Exception in Request for reserve_stock, order_id: 4977ccb8-ae50-4852-8b76-d0c2b64d0740, status: OUT_OF_STOCK, Error: Out of stock: 4cc0770f-91bc-4c0d-a26f-7b872f02ca94
2026-08-17 17:33:40,933 - INFO - Request for reserve_stock, order_id: c9cffc04-6c09-4aae-8a42-9fc7734c9f6a, request: order_id='c9cffc04-6c09-4aae-8a42-9fc7734c9f6a' items=[CartItem(sku='4cc0770f-91bc-4c0d-a26f-7b872f02ca94', qty=2)] atomic_update=True delay=0.0 drop=0
2026-08-17 17:33:40,934 - INFO - Failure injected for inventory reserve_stock INJECT_DELAY: 0, INJECT_DROP_RATE: 0
2026-08-17 17:33:40,934 - INFO - Request for reserve_stock successfully processed, order_id: c9cffc04-6c09-4aae-8a42-9fc7734c9f6a, failed_sku: 4cc0770f-91bc-4c0d-a26f-7b872f02ca94, status: OUT_OF_STOCK
2026-08-17 17:33:40,935 - ERROR - Exception in Request for reserve_stock, order_id: c9cffc04-6c09-4aae-8a42-9fc7734c9f6a, status: OUT_OF_STOCK, Error: Out of stock: 4cc0770f-91bc-4c0d-a26f-7b872f02ca94
2026-08-17 17:33:40,955 - INFO - Request for reserve_stock, order_id: 102fa54f-2cf7-4fa1-a7d1-a1b316a0cc45, request: order_id='102fa54f-2cf7-4fa1-a7d1-a1b316a0cc45' items=[CartItem(sku='4cc0770f-91bc-4c0d-a26f-7b872f02ca94', qty=2)] atomic_update=True delay=0.0 drop=0
2026-08-17 17:33:40,955 - INFO - Failure injected for inventory reserve_stock INJECT_DELAY: 0, INJECT_DROP_RATE: 0
2026-08-17 17:33:40,956 - INFO - Request for reserve_stock successfully processed, order_id: 102fa54f-2cf7-4fa1-a7d1-a1b316a0cc45, failed_sku: 4cc0770f-91bc-4c0d-a26f-7b872f02ca94, status: OUT_OF_STOCK
2026-08-17 17:33:40,957 - ERROR - Exception in Request for reserve_stock, order_id: 102fa54f-2cf7-4fa1-a7d1-a1b316a0cc45, status: OUT_OF_STOCK, Error: Out of stock: 4cc0770f-91bc-4c0d-a26f-7b872f02ca94
2026-08-17 17:33:40,986 - INFO - Request for reserve_stock, order_id: c3d799e7-b539-43df-b076-1b9eb896c922, request: order_id='c3d799e7-b539-43df-b076-1b9eb896c922' items=[CartItem(sku='4cc0770f-91bc-4c0d-a26f-7b872f02ca94', qty=2)] atomic_update=True delay=0.0 drop=0
2026-08-17 17:33:40,986 - INFO - Failure injected for inventory reserve_stock INJECT_DELAY: 0, INJECT_DROP_RATE: 0
2026-08-17 17:33:40,987 - INFO - Request for reserve_stock successfully processed, order_id: c3d799e7-b539-43df-b076-1b9eb896c922, failed_sku: 4cc0770f-91bc-4c0d-a26f-7b872f02ca94, status: OUT_OF_STOCK
2026-08-17 17:33:40,988 - ERROR - Exception in Request for reserve_stock, order_id: c3d799e7-b539-43df-b076-1b9eb896c922, status: OUT_OF_STOCK, Error: Out of stock: 4cc0770f-91bc-4c0d-a26f-7b872f02ca94
2026-08-17 17:33:41,011 - INFO - Request for reserve_stock, order_id: cc96945f-4d92-4eda-9dbe-760ac3fff637, request: order_id='cc96945f-4d92-4eda-9dbe-760ac3fff637' items=[CartItem(sku='4cc0770f-91bc-4c0d-a26f-7b872f02ca94', qty=2)] atomic_update=True delay=0.0 drop=0
2026-08-17 17:33:41,012 - INFO - Failure injected for inventory reserve_stock INJECT_DELAY: 0, INJECT_DROP_RATE: 0
2026-08-17 17:33:41,013 - INFO - Request for reserve_stock successfully processed, order_id: cc96945f-4d92-4eda-9dbe-760ac3fff637, failed_sku: 4cc0770f-91bc-4c0d-a26f-7b872f02ca94, status: OUT_OF_STOCK
2026-08-17 17:33:41,013 - ERROR - Exception in Request for reserve_stock, order_id: cc96945f-4d92-4eda-9dbe-760ac3fff637, status: OUT_OF_STOCK, Error: Out of stock: 4cc0770f-91bc-4c0d-a26f-7b872f02ca94
2026-08-17 17:33:41,043 - INFO - Request for reserve_stock, order_id: 147137b9-722d-419d-82fb-d7a9e78dc032, request: order_id='147137b9-722d-419d-82fb-d7a9e78dc032' items=[CartItem(sku='4cc0770f-91bc-4c0d-a26f-7b872f02ca94', qty=2)] atomic_update=True delay=0.0 drop=0
2026-08-17 17:33:41,043 - INFO - Failure injected for inventory reserve_stock INJECT_DELAY: 0, INJECT_DROP_RATE: 0
2026-08-17 17:33:41,044 - INFO - Request for reserve_stock successfully processed, order_id: 147137b9-722d-419d-82fb-d7a9e78dc032, failed_sku: 4cc0770f-91bc-4c0d-a26f-7b872f02ca94, status: OUT_OF_STOCK
2026-08-17 17:33:41,045 - ERROR - Exception in Request for reserve_stock, order_id: 147137b9-722d-419d-82fb-d7a9e78dc032, status: OUT_OF_STOCK, Error: Out of stock: 4cc0770f-91bc-4c0d-a26f-7b872f02ca94
2026-08-17 17:33:41,065 - INFO - Request for reserve_stock, order_id: 07da2c32-08be-454f-86eb-6918dd501eba, request: order_id='07da2c32-08be-454f-86eb-6918dd501eba' items=[CartItem(sku='4cc0770f-91bc-4c0d-a26f-7b872f02ca94', qty=2)] atomic_update=True delay=0.0 drop=0
2026-08-17 17:33:41,065 - INFO - Failure injected for inventory reserve_stock INJECT_DELAY: 0, INJECT_DROP_RATE: 0
2026-08-17 17:33:41,066 - INFO - Request for reserve_stock successfully processed, order_id: 07da2c32-08be-454f-86eb-6918dd501eba, failed_sku: 4cc0770f-91bc-4c0d-a26f-7b872f02ca94, status: OUT_OF_STOCK
2026-08-17 17:33:41,066 - ERROR - Exception in Request for reserve_stock, order_id: 07da2c32-08be-454f-86eb-6918dd501eba, status: OUT_OF_STOCK, Error: Out of stock: 4cc0770f-91bc-4c0d-a26f-7b872f02ca94
2026-08-17 17:33:41,096 - INFO - Request for reserve_stock, order_id: 4ea7b01d-70ea-4ced-a92b-46a313e96aac, request: order_id='4ea7b01d-70ea-4ced-a92b-46a313e96aac' items=[CartItem(sku='4cc0770f-91bc-4c0d-a26f-7b872f02ca94', qty=2)] atomic_update=True delay=0.0 drop=0
2026-08-17 17:33:41,096 - INFO - Failure injected for inventory reserve_stock INJECT_DELAY: 0, INJECT_DROP_RATE: 0
2026-08-17 17:33:41,097 - INFO - Request for reserve_stock successfully processed, order_id: 4ea7b01d-70ea-4ced-a92b-46a313e96aac, failed_sku: 4cc0770f-91bc-4c0d-a26f-7b872f02ca94, status: OUT_OF_STOCK
2026-08-17 17:33:41,097 - ERROR - Exception in Request for reserve_stock, order_id: 4ea7b01d-70ea-4ced-a92b-46a313e96aac, status: OUT_OF_STOCK, Error: Out of stock: 4cc0770f-91bc-4c0d-a26f-7b872f02ca94
2026-08-17 17:33:41,119 - INFO - Request for reserve_stock, order_id: 3f2f0e6e-d149-4c00-a8e6-971c9e881bf6, request: order_id='3f2f0e6e-d149-4c00-a8e6-971c9e881bf6' items=[CartItem(sku='4cc0770f-91bc-4c0d-a26f-7b872f02ca94', qty=2)] atomic_update=True delay=0.0 drop=0
2026-08-17 17:33:41,119 - INFO - Failure injected for inventory reserve_stock INJECT_DELAY: 0, INJECT_DROP_RATE: 0
2026-08-17 17:33:41,120 - INFO - Request for reserve_stock successfully processed, order_id: 3f2f0e6e-d149-4c00-a8e6-971c9e881bf6, failed_sku: 4cc0770f-91bc-4c0d-a26f-7b872f02ca94, status: OUT_OF_STOCK
2026-08-17 17:33:41,120 - ERROR - Exception in Request for reserve_stock, order_id: 3f2f0e6e-d149-4c00-a8e6-971c9e881bf6, status: OUT_OF_STOCK, Error: Out of stock: 4cc0770f-91bc-4c0d-a26f-7b872f02ca94
2026-08-17 17:33:41,150 - INFO - Request for reserve_stock, order_id: 31b07f9a-5259-4bc1-883b-72a9bd140471, request: order_id='31b07f9a-5259-4bc1-883b-72a9bd140471' items=[CartItem(sku='4cc0770f-91bc-4c0d-a26f-7b872f02ca94', qty=2)] atomic_update=True delay=0.0 drop=0
2026-08-17 17:33:41,150 - INFO - Failure injected for inventory reserve_stock INJECT_DELAY: 0, INJECT_DROP_RATE: 0
2026-08-17 17:33:41,151 - INFO - Request for reserve_stock successfully processed, order_id: 31b07f9a-5259-4bc1-883b-72a9bd140471, failed_sku: 4cc0770f-91bc-4c0d-a26f-7b872f02ca94, status: OUT_OF_STOCK
2026-08-17 17:33:41,151 - ERROR - Exception in Request for reserve_stock, order_id: 31b07f9a-5259-4bc1-883b-72a9bd140471, status: OUT_OF_STOCK, Error: Out of stock: 4cc0770f-91bc-4c0d-a26f-7b872f02ca94
2026-08-17 17:33:41,172 - INFO - Request for reserve_stock, order_id: fb30cf13-8c50-41eb-9605-b40df4dab139, request: order_id='fb30cf13-8c50-41eb-9605-b40df4dab139' items=[CartItem(sku='4cc0770f-91bc-4c0d-a26f-7b872f02ca94', qty=2)] atomic_update=True delay=0.0 drop=0
2026-08-17 17:33:41,172 - INFO - Failure injected for inventory reserve_stock INJECT_DELAY: 0, INJECT_DROP_RATE: 0
2026-08-17 17:33:41,173 - INFO - Request for reserve_stock successfully processed, order_id: fb30cf13-8c50-41eb-9605-b40df4dab139, failed_sku: 4cc0770f-91bc-4c0d-a26f-7b872f02ca94, status: OUT_OF_STOCK
2026-08-17 17:33:41,173 - ERROR - Exception in Request for reserve_stock, order_id: fb30cf13-8c50-41eb-9605-b40df4dab139, status: OUT_OF_STOCK, Error: Out of stock: 4cc0770f-91bc-4c0d-a26f-7b872f02ca94
2026-08-17 17:33:41,204 - INFO - Request for reserve_stock, order_id: 6df9c3cf-48ce-4bab-843a-c4628b8ee1fa, request: order_id='6df9c3cf-48ce-4bab-843a-c4628b8ee1fa' items=[CartItem(sku='4cc0770f-91bc-4c0d-a26f-7b872f02ca94', qty=2)] atomic_update=True delay=0.0 drop=0
2026-08-17 17:33:41,204 - INFO - Failure injected for inventory reserve_stock INJECT_DELAY: 0, INJECT_DROP_RATE: 0
2026-08-17 17:33:41,205 - INFO - Request for reserve_stock successfully processed, order_id: 6df9c3cf-48ce-4bab-843a-c4628b8ee1fa, failed_sku: 4cc0770f-91bc-4c0d-a26f-7b872f02ca94, status: OUT_OF_STOCK
2026-08-17 17:33:41,205 - ERROR - Exception in Request for reserve_stock, order_id: 6df9c3cf-48ce-4bab-843a-c4628b8ee1fa, status: OUT_OF_STOCK, Error: Out of stock: 4cc0770f-91bc-4c0d-a26f-7b872f02ca94
2026-08-17 17:33:41,229 - INFO - Request for reserve_stock, order_id: bf1a0ae3-49b4-43c4-84ce-7e5141256dc5, request: order_id='bf1a0ae3-49b4-43c4-84ce-7e5141256dc5' items=[CartItem(sku='4cc0770f-91bc-4c0d-a26f-7b872f02ca94', qty=2)] atomic_update=True delay=0.0 drop=0
2026-08-17 17:33:41,229 - INFO - Failure injected for inventory reserve_stock INJECT_DELAY: 0, INJECT_DROP_RATE: 0
2026-08-17 17:33:41,230 - INFO - Request for reserve_stock successfully processed, order_id: bf1a0ae3-49b4-43c4-84ce-7e5141256dc5, failed_sku: 4cc0770f-91bc-4c0d-a26f-7b872f02ca94, status: OUT_OF_STOCK
2026-08-17 17:33:41,230 - ERROR - Exception in Request for reserve_stock, order_id: bf1a0ae3-49b4-43c4-84ce-7e5141256dc5, status: OUT_OF_STOCK, Error: Out of stock: 4cc0770f-91bc-4c0d-a26f-7b872f02ca94
2026-08-17 17:33:41,260 - INFO - Request for reserve_stock, order_id: 8cdb9c8e-4e91-4cf5-b5d8-6a7db14ad071, request: order_id='8cdb9c8e-4e91-4cf5-b5d8-6a7db14ad071' items=[CartItem(sku='4cc0770f-91bc-4c0d-a26f-7b872f02ca94', qty=2)] atomic_update=True delay=0.0 drop=0
2026-08-17 17:33:41,261 - INFO - Failure injected for inventory reserve_stock INJECT_DELAY: 0, INJECT_DROP_RATE: 0
2026-08-17 17:33:41,262 - INFO - Request for reserve_stock successfully processed, order_id: 8cdb9c8e-4e91-4cf5-b5d8-6a7db14ad071, failed_sku: 4cc0770f-91bc-4c0d-a26f-7b872f02ca94, status: OUT_OF_STOCK
2026-08-17 17:33:41,262 - ERROR - Exception in Request for reserve_stock, order_id: 8cdb9c8e-4e91-4cf5-b5d8-6a7db14ad071, status: OUT_OF_STOCK, Error: Out of stock: 4cc0770f-91bc-4c0d-a26f-7b872f02ca94
2026-08-17 17:33:41,282 - INFO - Request for reserve_stock, order_id: f8d8d017-5fe5-4a25-b376-622eb4ed54a9, request: order_id='f8d8d017-5fe5-4a25-b376-622eb4ed54a9' items=[CartItem(sku='4cc0770f-91bc-4c0d-a26f-7b872f02ca94', qty=2)] atomic_update=True delay=0.0 drop=0
2026-08-17 17:33:41,282 - INFO - Failure injected for inventory reserve_stock INJECT_DELAY: 0, INJECT_DROP_RATE: 0
2026-08-17 17:33:41,283 - INFO - Request for reserve_stock successfully processed, order_id: f8d8d017-5fe5-4a25-b376-622eb4ed54a9, failed_sku: 4cc0770f-91bc-4c0d-a26f-7b872f02ca94, status: OUT_OF_STOCK
2026-08-17 17:33:41,283 - ERROR - Exception in Request for reserve_stock, order_id: f8d8d017-5fe5-4a25-b376-622eb4ed54a9, status: OUT_OF_STOCK, Error: Out of stock: 4cc0770f-91bc-4c0d-a26f-7b872f02ca94
2026-08-17 17:33:41,314 - INFO - Request for reserve_stock, order_id: de1815e6-6a6a-4985-8e65-fa32be711697, request: order_id='de1815e6-6a6a-4985-8e65-fa32be711697' items=[CartItem(sku='4cc0770f-91bc-4c0d-a26f-7b872f02ca94', qty=2)] atomic_update=True delay=0.0 drop=0
2026-08-17 17:33:41,315 - INFO - Failure injected for inventory reserve_stock INJECT_DELAY: 0, INJECT_DROP_RATE: 0
2026-08-17 17:33:41,316 - INFO - Request for reserve_stock successfully processed, order_id: de1815e6-6a6a-4985-8e65-fa32be711697, failed_sku: 4cc0770f-91bc-4c0d-a26f-7b872f02ca94, status: OUT_OF_STOCK
2026-08-17 17:33:41,316 - ERROR - Exception in Request for reserve_stock, order_id: de1815e6-6a6a-4985-8e65-fa32be711697, status: OUT_OF_STOCK, Error: Out of stock: 4cc0770f-91bc-4c0d-a26f-7b872f02ca94
2026-08-17 17:33:41,337 - INFO - Request for reserve_stock, order_id: f5278a2a-079a-43dd-934a-5ba0e5827a5e, request: order_id='f5278a2a-079a-43dd-934a-5ba0e5827a5e' items=[CartItem(sku='4cc0770f-91bc-4c0d-a26f-7b872f02ca94', qty=2)] atomic_update=True delay=0.0 drop=0
2026-08-17 17:33:41,337 - INFO - Failure injected for inventory reserve_stock INJECT_DELAY: 0, INJECT_DROP_RATE: 0
2026-08-17 17:33:41,338 - INFO - Request for reserve_stock successfully processed, order_id: f5278a2a-079a-43dd-934a-5ba0e5827a5e, failed_sku: 4cc0770f-91bc-4c0d-a26f-7b872f02ca94, status: OUT_OF_STOCK
2026-08-17 17:33:41,338 - ERROR - Exception in Request for reserve_stock, order_id: f5278a2a-079a-43dd-934a-5ba0e5827a5e, status: OUT_OF_STOCK, Error: Out of stock: 4cc0770f-91bc-4c0d-a26f-7b872f02ca94
2026-08-17 17:33:41,368 - INFO - Request for reserve_stock, order_id: 1981c104-340d-4187-b925-15bd93a18ec4, request: order_id='1981c104-340d-4187-b925-15bd93a18ec4' items=[CartItem(sku='4cc0770f-91bc-4c0d-a26f-7b872f02ca94', qty=2)] atomic_update=True delay=0.0 drop=0
2026-08-17 17:33:41,368 - INFO - Failure injected for inventory reserve_stock INJECT_DELAY: 0, INJECT_DROP_RATE: 0
2026-08-17 17:33:41,369 - INFO - Request for reserve_stock successfully processed, order_id: 1981c104-340d-4187-b925-15bd93a18ec4, failed_sku: 4cc0770f-91bc-4c0d-a26f-7b872f02ca94, status: OUT_OF_STOCK
2026-08-17 17:33:41,369 - ERROR - Exception in Request for reserve_stock, order_id: 1981c104-340d-4187-b925-15bd93a18ec4, status: OUT_OF_STOCK, Error: Out of stock: 4cc0770f-91bc-4c0d-a26f-7b872f02ca94
2026-08-17 17:33:41,389 - INFO - Request for reserve_stock, order_id: 29cd7cec-70f4-4273-aa69-290d57261385, request: order_id='29cd7cec-70f4-4273-aa69-290d57261385' items=[CartItem(sku='4cc0770f-91bc-4c0d-a26f-7b872f02ca94', qty=2)] atomic_update=True delay=0.0 drop=0
2026-08-17 17:33:41,389 - INFO - Failure injected for inventory reserve_stock INJECT_DELAY: 0, INJECT_DROP_RATE: 0
2026-08-17 17:33:41,390 - INFO - Request for reserve_stock successfully processed, order_id: 29cd7cec-70f4-4273-aa69-290d57261385, failed_sku: 4cc0770f-91bc-4c0d-a26f-7b872f02ca94, status: OUT_OF_STOCK
2026-08-17 17:33:41,390 - ERROR - Exception in Request for reserve_stock, order_id: 29cd7cec-70f4-4273-aa69-290d57261385, status: OUT_OF_STOCK, Error: Out of stock: 4cc0770f-91bc-4c0d-a26f-7b872f02ca94
2026-08-17 17:33:41,422 - INFO - Request for reserve_stock, order_id: 16368cb4-e366-4259-9b49-7b92e946071b, request: order_id='16368cb4-e366-4259-9b49-7b92e946071b' items=[CartItem(sku='4cc0770f-91bc-4c0d-a26f-7b872f02ca94', qty=2)] atomic_update=True delay=0.0 drop=0
2026-08-17 17:33:41,422 - INFO - Failure injected for inventory reserve_stock INJECT_DELAY: 0, INJECT_DROP_RATE: 0
2026-08-17 17:33:41,423 - INFO - Request for reserve_stock successfully processed, order_id: 16368cb4-e366-4259-9b49-7b92e946071b, failed_sku: 4cc0770f-91bc-4c0d-a26f-7b872f02ca94, status: OUT_OF_STOCK
2026-08-17 17:33:41,423 - ERROR - Exception in Request for reserve_stock, order_id: 16368cb4-e366-4259-9b49-7b92e946071b, status: OUT_OF_STOCK, Error: Out of stock: 4cc0770f-91bc-4c0d-a26f-7b872f02ca94
2026-08-17 17:33:41,444 - INFO - Request for reserve_stock, order_id: 6bba254d-1848-42a5-86fb-c12af534486d, request: order_id='6bba254d-1848-42a5-86fb-c12af534486d' items=[CartItem(sku='4cc0770f-91bc-4c0d-a26f-7b872f02ca94', qty=2)] atomic_update=True delay=0.0 drop=0
2026-08-17 17:33:41,444 - INFO - Failure injected for inventory reserve_stock INJECT_DELAY: 0, INJECT_DROP_RATE: 0
2026-08-17 17:33:41,445 - INFO - Request for reserve_stock successfully processed, order_id: 6bba254d-1848-42a5-86fb-c12af534486d, failed_sku: 4cc0770f-91bc-4c0d-a26f-7b872f02ca94, status: OUT_OF_STOCK
2026-08-17 17:33:41,445 - ERROR - Exception in Request for reserve_stock, order_id: 6bba254d-1848-42a5-86fb-c12af534486d, status: OUT_OF_STOCK, Error: Out of stock: 4cc0770f-91bc-4c0d-a26f-7b872f02ca94
2026-08-17 17:33:41,477 - INFO - Request for reserve_stock, order_id: 9d6be8ec-a9f2-49f7-a9e4-26554a437e1a, request: order_id='9d6be8ec-a9f2-49f7-a9e4-26554a437e1a' items=[CartItem(sku='4cc0770f-91bc-4c0d-a26f-7b872f02ca94', qty=2)] atomic_update=True delay=0.0 drop=0
2026-08-17 17:33:41,477 - INFO - Failure injected for inventory reserve_stock INJECT_DELAY: 0, INJECT_DROP_RATE: 0
2026-08-17 17:33:41,478 - INFO - Request for reserve_stock successfully processed, order_id: 9d6be8ec-a9f2-49f7-a9e4-26554a437e1a, failed_sku: 4cc0770f-91bc-4c0d-a26f-7b872f02ca94, status: OUT_OF_STOCK
2026-08-17 17:33:41,478 - ERROR - Exception in Request for reserve_stock, order_id: 9d6be8ec-a9f2-49f7-a9e4-26554a437e1a, status: OUT_OF_STOCK, Error: Out of stock: 4cc0770f-91bc-4c0d-a26f-7b872f02ca94
2026-08-17 17:33:41,501 - INFO - Request for reserve_stock, order_id: 9aa7933c-de06-40b0-a83c-8fc87621a963, request: order_id='9aa7933c-de06-40b0-a83c-8fc87621a963' items=[CartItem(sku='4cc0770f-91bc-4c0d-a26f-7b872f02ca94', qty=2)] atomic_update=True delay=0.0 drop=0
2026-08-17 17:33:41,501 - INFO - Failure injected for inventory reserve_stock INJECT_DELAY: 0, INJECT_DROP_RATE: 0
2026-08-17 17:33:41,502 - INFO - Request for reserve_stock successfully processed, order_id: 9aa7933c-de06-40b0-a83c-8fc87621a963, failed_sku: 4cc0770f-91bc-4c0d-a26f-7b872f02ca94, status: OUT_OF_STOCK
2026-08-17 17:33:41,502 - ERROR - Exception in Request for reserve_stock, order_id: 9aa7933c-de06-40b0-a83c-8fc87621a963, status: OUT_OF_STOCK, Error: Out of stock: 4cc0770f-91bc-4c0d-a26f-7b872f02ca94
2026-08-17 17:33:41,533 - INFO - Request for reserve_stock, order_id: 2c216e76-2213-4828-a02c-f8dc5d57fb9b, request: order_id='2c216e76-2213-4828-a02c-f8dc5d57fb9b' items=[CartItem(sku='4cc0770f-91bc-4c0d-a26f-7b872f02ca94', qty=2)] atomic_update=True delay=0.0 drop=0
2026-08-17 17:33:41,533 - INFO - Failure injected for inventory reserve_stock INJECT_DELAY: 0, INJECT_DROP_RATE: 0
2026-08-17 17:33:41,534 - INFO - Request for reserve_stock successfully processed, order_id: 2c216e76-2213-4828-a02c-f8dc5d57fb9b, failed_sku: 4cc0770f-91bc-4c0d-a26f-7b872f02ca94, status: OUT_OF_STOCK
2026-08-17 17:33:41,534 - ERROR - Exception in Request for reserve_stock, order_id: 2c216e76-2213-4828-a02c-f8dc5d57fb9b, status: OUT_OF_STOCK, Error: Out of stock: 4cc0770f-91bc-4c0d-a26f-7b872f02ca94
2026-08-17 17:33:41,556 - INFO - Request for reserve_stock, order_id: 41a7618b-b9fd-42c6-8927-558046791db5, request: order_id='41a7618b-b9fd-42c6-8927-558046791db5' items=[CartItem(sku='4cc0770f-91bc-4c0d-a26f-7b872f02ca94', qty=2)] atomic_update=True delay=0.0 drop=0
2026-08-17 17:33:41,557 - INFO - Failure injected for inventory reserve_stock INJECT_DELAY: 0, INJECT_DROP_RATE: 0
2026-08-17 17:33:41,558 - INFO - Request for reserve_stock successfully processed, order_id: 41a7618b-b9fd-42c6-8927-558046791db5, failed_sku: 4cc0770f-91bc-4c0d-a26f-7b872f02ca94, status: OUT_OF_STOCK
2026-08-17 17:33:41,558 - ERROR - Exception in Request for reserve_stock, order_id: 41a7618b-b9fd-42c6-8927-558046791db5, status: OUT_OF_STOCK, Error: Out of stock: 4cc0770f-91bc-4c0d-a26f-7b872f02ca94
2026-08-17 17:33:41,587 - INFO - Request for reserve_stock, order_id: eb2dd198-f615-4229-b806-f8e10931b9e1, request: order_id='eb2dd198-f615-4229-b806-f8e10931b9e1' items=[CartItem(sku='4cc0770f-91bc-4c0d-a26f-7b872f02ca94', qty=2)] atomic_update=True delay=0.0 drop=0
2026-08-17 17:33:41,587 - INFO - Failure injected for inventory reserve_stock INJECT_DELAY: 0, INJECT_DROP_RATE: 0
2026-08-17 17:33:41,588 - INFO - Request for reserve_stock successfully processed, order_id: eb2dd198-f615-4229-b806-f8e10931b9e1, failed_sku: 4cc0770f-91bc-4c0d-a26f-7b872f02ca94, status: OUT_OF_STOCK
2026-08-17 17:33:41,588 - ERROR - Exception in Request for reserve_stock, order_id: eb2dd198-f615-4229-b806-f8e10931b9e1, status: OUT_OF_STOCK, Error: Out of stock: 4cc0770f-91bc-4c0d-a26f-7b872f02ca94
2026-08-17 17:33:41,611 - INFO - Request for reserve_stock, order_id: 74ac01d4-3cd1-42f5-9e30-8a8260ad9936, request: order_id='74ac01d4-3cd1-42f5-9e30-8a8260ad9936' items=[CartItem(sku='4cc0770f-91bc-4c0d-a26f-7b872f02ca94', qty=2)] atomic_update=True delay=0.0 drop=0
2026-08-17 17:33:41,611 - INFO - Failure injected for inventory reserve_stock INJECT_DELAY: 0, INJECT_DROP_RATE: 0
2026-08-17 17:33:41,612 - INFO - Request for reserve_stock successfully processed, order_id: 74ac01d4-3cd1-42f5-9e30-8a8260ad9936, failed_sku: 4cc0770f-91bc-4c0d-a26f-7b872f02ca94, status: OUT_OF_STOCK
2026-08-17 17:33:41,613 - ERROR - Exception in Request for reserve_stock, order_id: 74ac01d4-3cd1-42f5-9e30-8a8260ad9936, status: OUT_OF_STOCK, Error: Out of stock: 4cc0770f-91bc-4c0d-a26f-7b872f02ca94
2026-08-17 17:33:41,644 - INFO - Request for reserve_stock, order_id: 54576a15-a995-4dde-99b8-02f83ee6c003, request: order_id='54576a15-a995-4dde-99b8-02f83ee6c003' items=[CartItem(sku='4cc0770f-91bc-4c0d-a26f-7b872f02ca94', qty=2)] atomic_update=True delay=0.0 drop=0
2026-08-17 17:33:41,644 - INFO - Failure injected for inventory reserve_stock INJECT_DELAY: 0, INJECT_DROP_RATE: 0
2026-08-17 17:33:41,645 - INFO - Request for reserve_stock successfully processed, order_id: 54576a15-a995-4dde-99b8-02f83ee6c003, failed_sku: 4cc0770f-91bc-4c0d-a26f-7b872f02ca94, status: OUT_OF_STOCK
2026-08-17 17:33:41,645 - ERROR - Exception in Request for reserve_stock, order_id: 54576a15-a995-4dde-99b8-02f83ee6c003, status: OUT_OF_STOCK, Error: Out of stock: 4cc0770f-91bc-4c0d-a26f-7b872f02ca94
2026-08-17 17:33:41,666 - INFO - Request for reserve_stock, order_id: f89eb748-7a97-4b6a-b6b9-f0d22d714750, request: order_id='f89eb748-7a97-4b6a-b6b9-f0d22d714750' items=[CartItem(sku='4cc0770f-91bc-4c0d-a26f-7b872f02ca94', qty=2)] atomic_update=True delay=0.0 drop=0
2026-08-17 17:33:41,666 - INFO - Failure injected for inventory reserve_stock INJECT_DELAY: 0, INJECT_DROP_RATE: 0
2026-08-17 17:33:41,667 - INFO - Request for reserve_stock successfully processed, order_id: f89eb748-7a97-4b6a-b6b9-f0d22d714750, failed_sku: 4cc0770f-91bc-4c0d-a26f-7b872f02ca94, status: OUT_OF_STOCK
2026-08-17 17:33:41,667 - ERROR - Exception in Request for reserve_stock, order_id: f89eb748-7a97-4b6a-b6b9-f0d22d714750, status: OUT_OF_STOCK, Error: Out of stock: 4cc0770f-91bc-4c0d-a26f-7b872f02ca94
2026-08-17 17:33:41,696 - INFO - Request for reserve_stock, order_id: 2133164e-f2b6-4c04-9ce6-c5352fb216ad, request: order_id='2133164e-f2b6-4c04-9ce6-c5352fb216ad' items=[CartItem(sku='4cc0770f-91bc-4c0d-a26f-7b872f02ca94', qty=2)] atomic_update=True delay=0.0 drop=0
2026-08-17 17:33:41,696 - INFO - Failure injected for inventory reserve_stock INJECT_DELAY: 0, INJECT_DROP_RATE: 0
2026-08-17 17:33:41,698 - INFO - Request for reserve_stock successfully processed, order_id: 2133164e-f2b6-4c04-9ce6-c5352fb216ad, failed_sku: 4cc0770f-91bc-4c0d-a26f-7b872f02ca94, status: OUT_OF_STOCK
2026-08-17 17:33:41,698 - ERROR - Exception in Request for reserve_stock, order_id: 2133164e-f2b6-4c04-9ce6-c5352fb216ad, status: OUT_OF_STOCK, Error: Out of stock: 4cc0770f-91bc-4c0d-a26f-7b872f02ca94
2026-08-17 17:33:41,721 - INFO - Request for reserve_stock, order_id: 84352104-919a-4aa3-a8cb-addb95ea7f4e, request: order_id='84352104-919a-4aa3-a8cb-addb95ea7f4e' items=[CartItem(sku='4cc0770f-91bc-4c0d-a26f-7b872f02ca94', qty=2)] atomic_update=True delay=0.0 drop=0
2026-08-17 17:33:41,721 - INFO - Failure injected for inventory reserve_stock INJECT_DELAY: 0, INJECT_DROP_RATE: 0
2026-08-17 17:33:41,723 - INFO - Request for reserve_stock successfully processed, order_id: 84352104-919a-4aa3-a8cb-addb95ea7f4e, failed_sku: 4cc0770f-91bc-4c0d-a26f-7b872f02ca94, status: OUT_OF_STOCK
2026-08-17 17:33:41,723 - ERROR - Exception in Request for reserve_stock, order_id: 84352104-919a-4aa3-a8cb-addb95ea7f4e, status: OUT_OF_STOCK, Error: Out of stock: 4cc0770f-91bc-4c0d-a26f-7b872f02ca94
2026-08-17 17:33:41,758 - INFO - Request for reserve_stock, order_id: c1999f04-7c83-475d-af8b-fc2e966dca4c, request: order_id='c1999f04-7c83-475d-af8b-fc2e966dca4c' items=[CartItem(sku='4cc0770f-91bc-4c0d-a26f-7b872f02ca94', qty=2)] atomic_update=True delay=0.0 drop=0
2026-08-17 17:33:41,758 - INFO - Failure injected for inventory reserve_stock INJECT_DELAY: 0, INJECT_DROP_RATE: 0
2026-08-17 17:33:41,759 - INFO - Request for reserve_stock successfully processed, order_id: c1999f04-7c83-475d-af8b-fc2e966dca4c, failed_sku: 4cc0770f-91bc-4c0d-a26f-7b872f02ca94, status: OUT_OF_STOCK
2026-08-17 17:33:41,759 - ERROR - Exception in Request for reserve_stock, order_id: c1999f04-7c83-475d-af8b-fc2e966dca4c, status: OUT_OF_STOCK, Error: Out of stock: 4cc0770f-91bc-4c0d-a26f-7b872f02ca94
2026-08-17 17:33:41,779 - INFO - Request for reserve_stock, order_id: 9d3590c6-28fa-4f63-a1f3-281ea0efcbd8, request: order_id='9d3590c6-28fa-4f63-a1f3-281ea0efcbd8' items=[CartItem(sku='4cc0770f-91bc-4c0d-a26f-7b872f02ca94', qty=2)] atomic_update=True delay=0.0 drop=0
2026-08-17 17:33:41,780 - INFO - Failure injected for inventory reserve_stock INJECT_DELAY: 0, INJECT_DROP_RATE: 0
2026-08-17 17:33:41,781 - INFO - Request for reserve_stock successfully processed, order_id: 9d3590c6-28fa-4f63-a1f3-281ea0efcbd8, failed_sku: 4cc0770f-91bc-4c0d-a26f-7b872f02ca94, status: OUT_OF_STOCK
2026-08-17 17:33:41,781 - ERROR - Exception in Request for reserve_stock, order_id: 9d3590c6-28fa-4f63-a1f3-281ea0efcbd8, status: OUT_OF_STOCK, Error: Out of stock: 4cc0770f-91bc-4c0d-a26f-7b872f02ca94
2026-08-17 17:33:41,812 - INFO - Request for reserve_stock, order_id: 4a8d2528-eb1d-46a9-a174-4f1fe40a41ae, request: order_id='4a8d2528-eb1d-46a9-a174-4f1fe40a41ae' items=[CartItem(sku='4cc0770f-91bc-4c0d-a26f-7b872f02ca94', qty=2)] atomic_update=True delay=0.0 drop=0
2026-08-17 17:33:41,812 - INFO - Failure injected for inventory reserve_stock INJECT_DELAY: 0, INJECT_DROP_RATE: 0
2026-08-17 17:33:41,814 - INFO - Request for reserve_stock successfully processed, order_id: 4a8d2528-eb1d-46a9-a174-4f1fe40a41ae, failed_sku: 4cc0770f-91bc-4c0d-a26f-7b872f02ca94, status: OUT_OF_STOCK
2026-08-17 17:33:41,814 - ERROR - Exception in Request for reserve_stock, order_id: 4a8d2528-eb1d-46a9-a174-4f1fe40a41ae, status: OUT_OF_STOCK, Error: Out of stock: 4cc0770f-91bc-4c0d-a26f-7b872f02ca94
2026-08-17 17:33:41,834 - INFO - Request for reserve_stock, order_id: eb004653-73f7-45e6-a7b8-9e82fcd27f84, request: order_id='eb004653-73f7-45e6-a7b8-9e82fcd27f84' items=[CartItem(sku='4cc0770f-91bc-4c0d-a26f-7b872f02ca94', qty=2)] atomic_update=True delay=0.0 drop=0
2026-08-17 17:33:41,835 - INFO - Failure injected for inventory reserve_stock INJECT_DELAY: 0, INJECT_DROP_RATE: 0
2026-08-17 17:33:41,835 - INFO - Request for reserve_stock successfully processed, order_id: eb004653-73f7-45e6-a7b8-9e82fcd27f84, failed_sku: 4cc0770f-91bc-4c0d-a26f-7b872f02ca94, status: OUT_OF_STOCK
2026-08-17 17:33:41,836 - ERROR - Exception in Request for reserve_stock, order_id: eb004653-73f7-45e6-a7b8-9e82fcd27f84, status: OUT_OF_STOCK, Error: Out of stock: 4cc0770f-91bc-4c0d-a26f-7b872f02ca94
2026-08-17 17:33:41,865 - INFO - Request for reserve_stock, order_id: 9864fd6a-c24a-448c-b656-34a5e61b7d95, request: order_id='9864fd6a-c24a-448c-b656-34a5e61b7d95' items=[CartItem(sku='4cc0770f-91bc-4c0d-a26f-7b872f02ca94', qty=2)] atomic_update=True delay=0.0 drop=0
2026-08-17 17:33:41,866 - INFO - Failure injected for inventory reserve_stock INJECT_DELAY: 0, INJECT_DROP_RATE: 0
2026-08-17 17:33:41,867 - INFO - Request for reserve_stock successfully processed, order_id: 9864fd6a-c24a-448c-b656-34a5e61b7d95, failed_sku: 4cc0770f-91bc-4c0d-a26f-7b872f02ca94, status: OUT_OF_STOCK
2026-08-17 17:33:41,867 - ERROR - Exception in Request for reserve_stock, order_id: 9864fd6a-c24a-448c-b656-34a5e61b7d95, status: OUT_OF_STOCK, Error: Out of stock: 4cc0770f-91bc-4c0d-a26f-7b872f02ca94
2026-08-17 17:33:41,887 - INFO - Request for reserve_stock, order_id: 7ee5717f-3629-4013-aa8f-884d98189c4f, request: order_id='7ee5717f-3629-4013-aa8f-884d98189c4f' items=[CartItem(sku='4cc0770f-91bc-4c0d-a26f-7b872f02ca94', qty=2)] atomic_update=True delay=0.0 drop=0
2026-08-17 17:33:41,887 - INFO - Failure injected for inventory reserve_stock INJECT_DELAY: 0, INJECT_DROP_RATE: 0
2026-08-17 17:33:41,888 - INFO - Request for reserve_stock successfully processed, order_id: 7ee5717f-3629-4013-aa8f-884d98189c4f, failed_sku: 4cc0770f-91bc-4c0d-a26f-7b872f02ca94, status: OUT_OF_STOCK
2026-08-17 17:33:41,888 - ERROR - Exception in Request for reserve_stock, order_id: 7ee5717f-3629-4013-aa8f-884d98189c4f, status: OUT_OF_STOCK, Error: Out of stock: 4cc0770f-91bc-4c0d-a26f-7b872f02ca94
2026-08-17 17:33:41,921 - INFO - Request for reserve_stock, order_id: 7c5cb78a-b172-4c86-969a-2eca197a65ff, request: order_id='7c5cb78a-b172-4c86-969a-2eca197a65ff' items=[CartItem(sku='4cc0770f-91bc-4c0d-a26f-7b872f02ca94', qty=2)] atomic_update=True delay=0.0 drop=0
2026-08-17 17:33:41,922 - INFO - Failure injected for inventory reserve_stock INJECT_DELAY: 0, INJECT_DROP_RATE: 0
2026-08-17 17:33:41,923 - INFO - Request for reserve_stock successfully processed, order_id: 7c5cb78a-b172-4c86-969a-2eca197a65ff, failed_sku: 4cc0770f-91bc-4c0d-a26f-7b872f02ca94, status: OUT_OF_STOCK
2026-08-17 17:33:41,923 - ERROR - Exception in Request for reserve_stock, order_id: 7c5cb78a-b172-4c86-969a-2eca197a65ff, status: OUT_OF_STOCK, Error: Out of stock: 4cc0770f-91bc-4c0d-a26f-7b872f02ca94
2026-08-17 17:33:41,944 - INFO - Request for reserve_stock, order_id: fcf6ab95-3dec-4c9d-9351-c9789e93f93f, request: order_id='fcf6ab95-3dec-4c9d-9351-c9789e93f93f' items=[CartItem(sku='4cc0770f-91bc-4c0d-a26f-7b872f02ca94', qty=2)] atomic_update=True delay=0.0 drop=0
2026-08-17 17:33:41,944 - INFO - Failure injected for inventory reserve_stock INJECT_DELAY: 0, INJECT_DROP_RATE: 0
2026-08-17 17:33:41,945 - INFO - Request for reserve_stock successfully processed, order_id: fcf6ab95-3dec-4c9d-9351-c9789e93f93f, failed_sku: 4cc0770f-91bc-4c0d-a26f-7b872f02ca94, status: OUT_OF_STOCK
2026-08-17 17:33:41,945 - ERROR - Exception in Request for reserve_stock, order_id: fcf6ab95-3dec-4c9d-9351-c9789e93f93f, status: OUT_OF_STOCK, Error: Out of stock: 4cc0770f-91bc-4c0d-a26f-7b872f02ca94
2026-08-17 17:33:41,974 - INFO - Request for reserve_stock, order_id: 6693d949-d0cf-4fed-93aa-e5f94a249e69, request: order_id='6693d949-d0cf-4fed-93aa-e5f94a249e69' items=[CartItem(sku='4cc0770f-91bc-4c0d-a26f-7b872f02ca94', qty=2)] atomic_update=True delay=0.0 drop=0
2026-08-17 17:33:41,974 - INFO - Failure injected for inventory reserve_stock INJECT_DELAY: 0, INJECT_DROP_RATE: 0
2026-08-17 17:33:41,975 - INFO - Request for reserve_stock successfully processed, order_id: 6693d949-d0cf-4fed-93aa-e5f94a249e69, failed_sku: 4cc0770f-91bc-4c0d-a26f-7b872f02ca94, status: OUT_OF_STOCK
2026-08-17 17:33:41,975 - ERROR - Exception in Request for reserve_stock, order_id: 6693d949-d0cf-4fed-93aa-e5f94a249e69, status: OUT_OF_STOCK, Error: Out of stock: 4cc0770f-91bc-4c0d-a26f-7b872f02ca94
2026-08-17 17:33:41,997 - INFO - Request for reserve_stock, order_id: 9a395039-30f7-40c0-9853-00d4c3292a7f, request: order_id='9a395039-30f7-40c0-9853-00d4c3292a7f' items=[CartItem(sku='4cc0770f-91bc-4c0d-a26f-7b872f02ca94', qty=2)] atomic_update=True delay=0.0 drop=0
2026-08-17 17:33:41,998 - INFO - Failure injected for inventory reserve_stock INJECT_DELAY: 0, INJECT_DROP_RATE: 0
2026-08-17 17:33:41,999 - INFO - Request for reserve_stock successfully processed, order_id: 9a395039-30f7-40c0-9853-00d4c3292a7f, failed_sku: 4cc0770f-91bc-4c0d-a26f-7b872f02ca94, status: OUT_OF_STOCK
2026-08-17 17:33:41,999 - ERROR - Exception in Request for reserve_stock, order_id: 9a395039-30f7-40c0-9853-00d4c3292a7f, status: OUT_OF_STOCK, Error: Out of stock: 4cc0770f-91bc-4c0d-a26f-7b872f02ca94
2026-08-17 17:33:42,032 - INFO - Request for reserve_stock, order_id: ac11114f-34eb-4fb1-a475-bf3574c83515, request: order_id='ac11114f-34eb-4fb1-a475-bf3574c83515' items=[CartItem(sku='4cc0770f-91bc-4c0d-a26f-7b872f02ca94', qty=2)] atomic_update=True delay=0.0 drop=0
2026-08-17 17:33:42,032 - INFO - Failure injected for inventory reserve_stock INJECT_DELAY: 0, INJECT_DROP_RATE: 0
2026-08-17 17:33:42,033 - INFO - Request for reserve_stock successfully processed, order_id: ac11114f-34eb-4fb1-a475-bf3574c83515, failed_sku: 4cc0770f-91bc-4c0d-a26f-7b872f02ca94, status: OUT_OF_STOCK
2026-08-17 17:33:42,034 - ERROR - Exception in Request for reserve_stock, order_id: ac11114f-34eb-4fb1-a475-bf3574c83515, status: OUT_OF_STOCK, Error: Out of stock: 4cc0770f-91bc-4c0d-a26f-7b872f02ca94
2026-08-17 17:33:42,054 - INFO - Request for reserve_stock, order_id: cde0d384-a0d3-4434-9178-3ed775f61df4, request: order_id='cde0d384-a0d3-4434-9178-3ed775f61df4' items=[CartItem(sku='4cc0770f-91bc-4c0d-a26f-7b872f02ca94', qty=2)] atomic_update=True delay=0.0 drop=0
2026-08-17 17:33:42,055 - INFO - Failure injected for inventory reserve_stock INJECT_DELAY: 0, INJECT_DROP_RATE: 0
2026-08-17 17:33:42,055 - INFO - Request for reserve_stock successfully processed, order_id: cde0d384-a0d3-4434-9178-3ed775f61df4, failed_sku: 4cc0770f-91bc-4c0d-a26f-7b872f02ca94, status: OUT_OF_STOCK
2026-08-17 17:33:42,056 - ERROR - Exception in Request for reserve_stock, order_id: cde0d384-a0d3-4434-9178-3ed775f61df4, status: OUT_OF_STOCK, Error: Out of stock: 4cc0770f-91bc-4c0d-a26f-7b872f02ca94
2026-08-17 17:33:42,085 - INFO - Request for reserve_stock, order_id: 0d05cfca-8416-4c34-89dc-b75c67d29be2, request: order_id='0d05cfca-8416-4c34-89dc-b75c67d29be2' items=[CartItem(sku='4cc0770f-91bc-4c0d-a26f-7b872f02ca94', qty=2)] atomic_update=True delay=0.0 drop=0
2026-08-17 17:33:42,086 - INFO - Failure injected for inventory reserve_stock INJECT_DELAY: 0, INJECT_DROP_RATE: 0
2026-08-17 17:33:42,087 - INFO - Request for reserve_stock successfully processed, order_id: 0d05cfca-8416-4c34-89dc-b75c67d29be2, failed_sku: 4cc0770f-91bc-4c0d-a26f-7b872f02ca94, status: OUT_OF_STOCK
2026-08-17 17:33:42,087 - ERROR - Exception in Request for reserve_stock, order_id: 0d05cfca-8416-4c34-89dc-b75c67d29be2, status: OUT_OF_STOCK, Error: Out of stock: 4cc0770f-91bc-4c0d-a26f-7b872f02ca94
2026-08-17 17:33:42,109 - INFO - Request for reserve_stock, order_id: f190eef4-3cb5-49cf-a4a3-ea8f354cb41e, request: order_id='f190eef4-3cb5-49cf-a4a3-ea8f354cb41e' items=[CartItem(sku='4cc0770f-91bc-4c0d-a26f-7b872f02ca94', qty=2)] atomic_update=True delay=0.0 drop=0
2026-08-17 17:33:42,109 - INFO - Failure injected for inventory reserve_stock INJECT_DELAY: 0, INJECT_DROP_RATE: 0
2026-08-17 17:33:42,110 - INFO - Request for reserve_stock successfully processed, order_id: f190eef4-3cb5-49cf-a4a3-ea8f354cb41e, failed_sku: 4cc0770f-91bc-4c0d-a26f-7b872f02ca94, status: OUT_OF_STOCK
2026-08-17 17:33:42,110 - ERROR - Exception in Request for reserve_stock, order_id: f190eef4-3cb5-49cf-a4a3-ea8f354cb41e, status: OUT_OF_STOCK, Error: Out of stock: 4cc0770f-91bc-4c0d-a26f-7b872f02ca94
2026-08-17 17:33:42,140 - INFO - Request for reserve_stock, order_id: 849cb75d-1edb-4538-847b-087d1b4f3da3, request: order_id='849cb75d-1edb-4538-847b-087d1b4f3da3' items=[CartItem(sku='4cc0770f-91bc-4c0d-a26f-7b872f02ca94', qty=2)] atomic_update=True delay=0.0 drop=0
2026-08-17 17:33:42,140 - INFO - Failure injected for inventory reserve_stock INJECT_DELAY: 0, INJECT_DROP_RATE: 0
2026-08-17 17:33:42,141 - INFO - Request for reserve_stock successfully processed, order_id: 849cb75d-1edb-4538-847b-087d1b4f3da3, failed_sku: 4cc0770f-91bc-4c0d-a26f-7b872f02ca94, status: OUT_OF_STOCK
2026-08-17 17:33:42,141 - ERROR - Exception in Request for reserve_stock, order_id: 849cb75d-1edb-4538-847b-087d1b4f3da3, status: OUT_OF_STOCK, Error: Out of stock: 4cc0770f-91bc-4c0d-a26f-7b872f02ca94
2026-08-17 17:33:42,162 - INFO - Request for reserve_stock, order_id: 1d2601fb-11fa-4325-b372-2e325461d06b, request: order_id='1d2601fb-11fa-4325-b372-2e325461d06b' items=[CartItem(sku='4cc0770f-91bc-4c0d-a26f-7b872f02ca94', qty=2)] atomic_update=True delay=0.0 drop=0
2026-08-17 17:33:42,162 - INFO - Failure injected for inventory reserve_stock INJECT_DELAY: 0, INJECT_DROP_RATE: 0
2026-08-17 17:33:42,163 - INFO - Request for reserve_stock successfully processed, order_id: 1d2601fb-11fa-4325-b372-2e325461d06b, failed_sku: 4cc0770f-91bc-4c0d-a26f-7b872f02ca94, status: OUT_OF_STOCK
2026-08-17 17:33:42,163 - ERROR - Exception in Request for reserve_stock, order_id: 1d2601fb-11fa-4325-b372-2e325461d06b, status: OUT_OF_STOCK, Error: Out of stock: 4cc0770f-91bc-4c0d-a26f-7b872f02ca94
2026-08-17 17:33:42,192 - INFO - Request for reserve_stock, order_id: 72d89398-46cb-4fea-8dce-df62f86dbe13, request: order_id='72d89398-46cb-4fea-8dce-df62f86dbe13' items=[CartItem(sku='4cc0770f-91bc-4c0d-a26f-7b872f02ca94', qty=2)] atomic_update=True delay=0.0 drop=0
2026-08-17 17:33:42,192 - INFO - Failure injected for inventory reserve_stock INJECT_DELAY: 0, INJECT_DROP_RATE: 0
2026-08-17 17:33:42,193 - INFO - Request for reserve_stock successfully processed, order_id: 72d89398-46cb-4fea-8dce-df62f86dbe13, failed_sku: 4cc0770f-91bc-4c0d-a26f-7b872f02ca94, status: OUT_OF_STOCK
2026-08-17 17:33:42,193 - ERROR - Exception in Request for reserve_stock, order_id: 72d89398-46cb-4fea-8dce-df62f86dbe13, status: OUT_OF_STOCK, Error: Out of stock: 4cc0770f-91bc-4c0d-a26f-7b872f02ca94
2026-08-17 17:33:42,217 - INFO - Request for reserve_stock, order_id: 937cc941-8e35-4f36-88ca-3a7bb3719474, request: order_id='937cc941-8e35-4f36-88ca-3a7bb3719474' items=[CartItem(sku='4cc0770f-91bc-4c0d-a26f-7b872f02ca94', qty=2)] atomic_update=True delay=0.0 drop=0
2026-08-17 17:33:42,217 - INFO - Failure injected for inventory reserve_stock INJECT_DELAY: 0, INJECT_DROP_RATE: 0
2026-08-17 17:33:42,218 - INFO - Request for reserve_stock successfully processed, order_id: 937cc941-8e35-4f36-88ca-3a7bb3719474, failed_sku: 4cc0770f-91bc-4c0d-a26f-7b872f02ca94, status: OUT_OF_STOCK
2026-08-17 17:33:42,218 - ERROR - Exception in Request for reserve_stock, order_id: 937cc941-8e35-4f36-88ca-3a7bb3719474, status: OUT_OF_STOCK, Error: Out of stock: 4cc0770f-91bc-4c0d-a26f-7b872f02ca94
2026-08-17 17:33:42,248 - INFO - Request for reserve_stock, order_id: 2e39028b-0c83-40ab-911e-f20296b1341e, request: order_id='2e39028b-0c83-40ab-911e-f20296b1341e' items=[CartItem(sku='4cc0770f-91bc-4c0d-a26f-7b872f02ca94', qty=2)] atomic_update=True delay=0.0 drop=0
2026-08-17 17:33:42,248 - INFO - Failure injected for inventory reserve_stock INJECT_DELAY: 0, INJECT_DROP_RATE: 0
2026-08-17 17:33:42,250 - INFO - Request for reserve_stock successfully processed, order_id: 2e39028b-0c83-40ab-911e-f20296b1341e, failed_sku: 4cc0770f-91bc-4c0d-a26f-7b872f02ca94, status: OUT_OF_STOCK
2026-08-17 17:33:42,250 - ERROR - Exception in Request for reserve_stock, order_id: 2e39028b-0c83-40ab-911e-f20296b1341e, status: OUT_OF_STOCK, Error: Out of stock: 4cc0770f-91bc-4c0d-a26f-7b872f02ca94
2026-08-17 17:33:42,270 - INFO - Request for reserve_stock, order_id: dcd3b6ec-cd00-4522-9e18-02449e4b5541, request: order_id='dcd3b6ec-cd00-4522-9e18-02449e4b5541' items=[CartItem(sku='4cc0770f-91bc-4c0d-a26f-7b872f02ca94', qty=2)] atomic_update=True delay=0.0 drop=0
2026-08-17 17:33:42,270 - INFO - Failure injected for inventory reserve_stock INJECT_DELAY: 0, INJECT_DROP_RATE: 0
2026-08-17 17:33:42,271 - INFO - Request for reserve_stock successfully processed, order_id: dcd3b6ec-cd00-4522-9e18-02449e4b5541, failed_sku: 4cc0770f-91bc-4c0d-a26f-7b872f02ca94, status: OUT_OF_STOCK
2026-08-17 17:33:42,271 - ERROR - Exception in Request for reserve_stock, order_id: dcd3b6ec-cd00-4522-9e18-02449e4b5541, status: OUT_OF_STOCK, Error: Out of stock: 4cc0770f-91bc-4c0d-a26f-7b872f02ca94
2026-08-17 17:33:42,301 - INFO - Request for reserve_stock, order_id: f794ddb0-2709-4bb5-984d-8f8a6d950454, request: order_id='f794ddb0-2709-4bb5-984d-8f8a6d950454' items=[CartItem(sku='4cc0770f-91bc-4c0d-a26f-7b872f02ca94', qty=2)] atomic_update=True delay=0.0 drop=0
2026-08-17 17:33:42,301 - INFO - Failure injected for inventory reserve_stock INJECT_DELAY: 0, INJECT_DROP_RATE: 0
2026-08-17 17:33:42,303 - INFO - Request for reserve_stock successfully processed, order_id: f794ddb0-2709-4bb5-984d-8f8a6d950454, failed_sku: 4cc0770f-91bc-4c0d-a26f-7b872f02ca94, status: OUT_OF_STOCK
2026-08-17 17:33:42,303 - ERROR - Exception in Request for reserve_stock, order_id: f794ddb0-2709-4bb5-984d-8f8a6d950454, status: OUT_OF_STOCK, Error: Out of stock: 4cc0770f-91bc-4c0d-a26f-7b872f02ca94
2026-08-17 17:33:42,324 - INFO - Request for reserve_stock, order_id: 68f7660d-9a32-4eb6-888b-184687d67be6, request: order_id='68f7660d-9a32-4eb6-888b-184687d67be6' items=[CartItem(sku='4cc0770f-91bc-4c0d-a26f-7b872f02ca94', qty=2)] atomic_update=True delay=0.0 drop=0
2026-08-17 17:33:42,324 - INFO - Failure injected for inventory reserve_stock INJECT_DELAY: 0, INJECT_DROP_RATE: 0
2026-08-17 17:33:42,325 - INFO - Request for reserve_stock successfully processed, order_id: 68f7660d-9a32-4eb6-888b-184687d67be6, failed_sku: 4cc0770f-91bc-4c0d-a26f-7b872f02ca94, status: OUT_OF_STOCK
2026-08-17 17:33:42,326 - ERROR - Exception in Request for reserve_stock, order_id: 68f7660d-9a32-4eb6-888b-184687d67be6, status: OUT_OF_STOCK, Error: Out of stock: 4cc0770f-91bc-4c0d-a26f-7b872f02ca94
2026-08-17 17:33:42,355 - INFO - Request for reserve_stock, order_id: bda208ce-e11c-4404-9916-22885b7d1370, request: order_id='bda208ce-e11c-4404-9916-22885b7d1370' items=[CartItem(sku='4cc0770f-91bc-4c0d-a26f-7b872f02ca94', qty=2)] atomic_update=True delay=0.0 drop=0
2026-08-17 17:33:42,355 - INFO - Failure injected for inventory reserve_stock INJECT_DELAY: 0, INJECT_DROP_RATE: 0
2026-08-17 17:33:42,356 - INFO - Request for reserve_stock successfully processed, order_id: bda208ce-e11c-4404-9916-22885b7d1370, failed_sku: 4cc0770f-91bc-4c0d-a26f-7b872f02ca94, status: OUT_OF_STOCK
2026-08-17 17:33:42,356 - ERROR - Exception in Request for reserve_stock, order_id: bda208ce-e11c-4404-9916-22885b7d1370, status: OUT_OF_STOCK, Error: Out of stock: 4cc0770f-91bc-4c0d-a26f-7b872f02ca94
2026-08-17 17:33:42,377 - INFO - Request for reserve_stock, order_id: d453efdd-8f14-4166-94de-1feb256391b1, request: order_id='d453efdd-8f14-4166-94de-1feb256391b1' items=[CartItem(sku='4cc0770f-91bc-4c0d-a26f-7b872f02ca94', qty=2)] atomic_update=True delay=0.0 drop=0
2026-08-17 17:33:42,377 - INFO - Failure injected for inventory reserve_stock INJECT_DELAY: 0, INJECT_DROP_RATE: 0
2026-08-17 17:33:42,378 - INFO - Request for reserve_stock successfully processed, order_id: d453efdd-8f14-4166-94de-1feb256391b1, failed_sku: 4cc0770f-91bc-4c0d-a26f-7b872f02ca94, status: OUT_OF_STOCK
2026-08-17 17:33:42,379 - ERROR - Exception in Request for reserve_stock, order_id: d453efdd-8f14-4166-94de-1feb256391b1, status: OUT_OF_STOCK, Error: Out of stock: 4cc0770f-91bc-4c0d-a26f-7b872f02ca94
2026-08-17 17:33:42,410 - INFO - Request for reserve_stock, order_id: f894fc88-68d2-468c-b9e6-fd2e2f0e0612, request: order_id='f894fc88-68d2-468c-b9e6-fd2e2f0e0612' items=[CartItem(sku='4cc0770f-91bc-4c0d-a26f-7b872f02ca94', qty=2)] atomic_update=True delay=0.0 drop=0
2026-08-17 17:33:42,411 - INFO - Failure injected for inventory reserve_stock INJECT_DELAY: 0, INJECT_DROP_RATE: 0
2026-08-17 17:33:42,412 - INFO - Request for reserve_stock successfully processed, order_id: f894fc88-68d2-468c-b9e6-fd2e2f0e0612, failed_sku: 4cc0770f-91bc-4c0d-a26f-7b872f02ca94, status: OUT_OF_STOCK
2026-08-17 17:33:42,412 - ERROR - Exception in Request for reserve_stock, order_id: f894fc88-68d2-468c-b9e6-fd2e2f0e0612, status: OUT_OF_STOCK, Error: Out of stock: 4cc0770f-91bc-4c0d-a26f-7b872f02ca94
2026-08-17 17:33:42,433 - INFO - Request for reserve_stock, order_id: b14b8419-2283-4fb8-92c9-afbf12a1ef99, request: order_id='b14b8419-2283-4fb8-92c9-afbf12a1ef99' items=[CartItem(sku='4cc0770f-91bc-4c0d-a26f-7b872f02ca94', qty=2)] atomic_update=True delay=0.0 drop=0
2026-08-17 17:33:42,434 - INFO - Failure injected for inventory reserve_stock INJECT_DELAY: 0, INJECT_DROP_RATE: 0
2026-08-17 17:33:42,435 - INFO - Request for reserve_stock successfully processed, order_id: b14b8419-2283-4fb8-92c9-afbf12a1ef99, failed_sku: 4cc0770f-91bc-4c0d-a26f-7b872f02ca94, status: OUT_OF_STOCK
2026-08-17 17:33:42,435 - ERROR - Exception in Request for reserve_stock, order_id: b14b8419-2283-4fb8-92c9-afbf12a1ef99, status: OUT_OF_STOCK, Error: Out of stock: 4cc0770f-91bc-4c0d-a26f-7b872f02ca94
2026-08-17 17:33:42,465 - INFO - Request for reserve_stock, order_id: 2afe0bdb-b08e-41ca-b53f-575bf3117489, request: order_id='2afe0bdb-b08e-41ca-b53f-575bf3117489' items=[CartItem(sku='4cc0770f-91bc-4c0d-a26f-7b872f02ca94', qty=2)] atomic_update=True delay=0.0 drop=0
2026-08-17 17:33:42,465 - INFO - Failure injected for inventory reserve_stock INJECT_DELAY: 0, INJECT_DROP_RATE: 0
2026-08-17 17:33:42,466 - INFO - Request for reserve_stock successfully processed, order_id: 2afe0bdb-b08e-41ca-b53f-575bf3117489, failed_sku: 4cc0770f-91bc-4c0d-a26f-7b872f02ca94, status: OUT_OF_STOCK
2026-08-17 17:33:42,466 - ERROR - Exception in Request for reserve_stock, order_id: 2afe0bdb-b08e-41ca-b53f-575bf3117489, status: OUT_OF_STOCK, Error: Out of stock: 4cc0770f-91bc-4c0d-a26f-7b872f02ca94
2026-08-17 17:33:42,487 - INFO - Request for reserve_stock, order_id: a05d02de-7edd-4f1d-a99d-a56978e104c2, request: order_id='a05d02de-7edd-4f1d-a99d-a56978e104c2' items=[CartItem(sku='4cc0770f-91bc-4c0d-a26f-7b872f02ca94', qty=2)] atomic_update=True delay=0.0 drop=0
2026-08-17 17:33:42,488 - INFO - Failure injected for inventory reserve_stock INJECT_DELAY: 0, INJECT_DROP_RATE: 0
2026-08-17 17:33:42,489 - INFO - Request for reserve_stock successfully processed, order_id: a05d02de-7edd-4f1d-a99d-a56978e104c2, failed_sku: 4cc0770f-91bc-4c0d-a26f-7b872f02ca94, status: OUT_OF_STOCK
2026-08-17 17:33:42,489 - ERROR - Exception in Request for reserve_stock, order_id: a05d02de-7edd-4f1d-a99d-a56978e104c2, status: OUT_OF_STOCK, Error: Out of stock: 4cc0770f-91bc-4c0d-a26f-7b872f02ca94
2026-08-17 17:33:42,521 - INFO - Request for reserve_stock, order_id: 5eb481a7-6934-461e-b344-cba26634d395, request: order_id='5eb481a7-6934-461e-b344-cba26634d395' items=[CartItem(sku='4cc0770f-91bc-4c0d-a26f-7b872f02ca94', qty=2)] atomic_update=True delay=0.0 drop=0
2026-08-17 17:33:42,521 - INFO - Failure injected for inventory reserve_stock INJECT_DELAY: 0, INJECT_DROP_RATE: 0
2026-08-17 17:33:42,522 - INFO - Request for reserve_stock successfully processed, order_id: 5eb481a7-6934-461e-b344-cba26634d395, failed_sku: 4cc0770f-91bc-4c0d-a26f-7b872f02ca94, status: OUT_OF_STOCK
2026-08-17 17:33:42,522 - ERROR - Exception in Request for reserve_stock, order_id: 5eb481a7-6934-461e-b344-cba26634d395, status: OUT_OF_STOCK, Error: Out of stock: 4cc0770f-91bc-4c0d-a26f-7b872f02ca94
2026-08-17 17:33:42,543 - INFO - Request for reserve_stock, order_id: bee2083d-0ba6-455c-aa1e-287e81cbd00f, request: order_id='bee2083d-0ba6-455c-aa1e-287e81cbd00f' items=[CartItem(sku='4cc0770f-91bc-4c0d-a26f-7b872f02ca94', qty=2)] atomic_update=True delay=0.0 drop=0
2026-08-17 17:33:42,543 - INFO - Failure injected for inventory reserve_stock INJECT_DELAY: 0, INJECT_DROP_RATE: 0
2026-08-17 17:33:42,544 - INFO - Request for reserve_stock successfully processed, order_id: bee2083d-0ba6-455c-aa1e-287e81cbd00f, failed_sku: 4cc0770f-91bc-4c0d-a26f-7b872f02ca94, status: OUT_OF_STOCK
2026-08-17 17:33:42,544 - ERROR - Exception in Request for reserve_stock, order_id: bee2083d-0ba6-455c-aa1e-287e81cbd00f, status: OUT_OF_STOCK, Error: Out of stock: 4cc0770f-91bc-4c0d-a26f-7b872f02ca94
2026-08-17 17:33:42,574 - INFO - Request for reserve_stock, order_id: f6f8d6bc-2f60-4964-9c0d-fcad1b41b8be, request: order_id='f6f8d6bc-2f60-4964-9c0d-fcad1b41b8be' items=[CartItem(sku='4cc0770f-91bc-4c0d-a26f-7b872f02ca94', qty=2)] atomic_update=True delay=0.0 drop=0
2026-08-17 17:33:42,574 - INFO - Failure injected for inventory reserve_stock INJECT_DELAY: 0, INJECT_DROP_RATE: 0
2026-08-17 17:33:42,575 - INFO - Request for reserve_stock successfully processed, order_id: f6f8d6bc-2f60-4964-9c0d-fcad1b41b8be, failed_sku: 4cc0770f-91bc-4c0d-a26f-7b872f02ca94, status: OUT_OF_STOCK
2026-08-17 17:33:42,575 - ERROR - Exception in Request for reserve_stock, order_id: f6f8d6bc-2f60-4964-9c0d-fcad1b41b8be, status: OUT_OF_STOCK, Error: Out of stock: 4cc0770f-91bc-4c0d-a26f-7b872f02ca94
2026-08-17 17:33:42,595 - INFO - Request for reserve_stock, order_id: d55c6a6b-847e-48a3-ab00-b96bf6f4e794, request: order_id='d55c6a6b-847e-48a3-ab00-b96bf6f4e794' items=[CartItem(sku='4cc0770f-91bc-4c0d-a26f-7b872f02ca94', qty=2)] atomic_update=True delay=0.0 drop=0
2026-08-17 17:33:42,596 - INFO - Failure injected for inventory reserve_stock INJECT_DELAY: 0, INJECT_DROP_RATE: 0
2026-08-17 17:33:42,597 - INFO - Request for reserve_stock successfully processed, order_id: d55c6a6b-847e-48a3-ab00-b96bf6f4e794, failed_sku: 4cc0770f-91bc-4c0d-a26f-7b872f02ca94, status: OUT_OF_STOCK
2026-08-17 17:33:42,597 - ERROR - Exception in Request for reserve_stock, order_id: d55c6a6b-847e-48a3-ab00-b96bf6f4e794, status: OUT_OF_STOCK, Error: Out of stock: 4cc0770f-91bc-4c0d-a26f-7b872f02ca94
2026-08-17 17:33:42,628 - INFO - Request for reserve_stock, order_id: d27d9c5e-8efc-44f8-a543-af14a48ed5bc, request: order_id='d27d9c5e-8efc-44f8-a543-af14a48ed5bc' items=[CartItem(sku='4cc0770f-91bc-4c0d-a26f-7b872f02ca94', qty=2)] atomic_update=True delay=0.0 drop=0
2026-08-17 17:33:42,628 - INFO - Failure injected for inventory reserve_stock INJECT_DELAY: 0, INJECT_DROP_RATE: 0
2026-08-17 17:33:42,629 - INFO - Request for reserve_stock successfully processed, order_id: d27d9c5e-8efc-44f8-a543-af14a48ed5bc, failed_sku: 4cc0770f-91bc-4c0d-a26f-7b872f02ca94, status: OUT_OF_STOCK
2026-08-17 17:33:42,629 - ERROR - Exception in Request for reserve_stock, order_id: d27d9c5e-8efc-44f8-a543-af14a48ed5bc, status: OUT_OF_STOCK, Error: Out of stock: 4cc0770f-91bc-4c0d-a26f-7b872f02ca94
2026-08-17 17:33:42,650 - INFO - Request for reserve_stock, order_id: a22489fa-610b-41d8-bc87-599518dfb9d8, request: order_id='a22489fa-610b-41d8-bc87-599518dfb9d8' items=[CartItem(sku='4cc0770f-91bc-4c0d-a26f-7b872f02ca94', qty=2)] atomic_update=True delay=0.0 drop=0
2026-08-17 17:33:42,650 - INFO - Failure injected for inventory reserve_stock INJECT_DELAY: 0, INJECT_DROP_RATE: 0
2026-08-17 17:33:42,651 - INFO - Request for reserve_stock successfully processed, order_id: a22489fa-610b-41d8-bc87-599518dfb9d8, failed_sku: 4cc0770f-91bc-4c0d-a26f-7b872f02ca94, status: OUT_OF_STOCK
2026-08-17 17:33:42,651 - ERROR - Exception in Request for reserve_stock, order_id: a22489fa-610b-41d8-bc87-599518dfb9d8, status: OUT_OF_STOCK, Error: Out of stock: 4cc0770f-91bc-4c0d-a26f-7b872f02ca94
2026-08-17 17:33:42,681 - INFO - Request for reserve_stock, order_id: 3f827aa3-6bf7-4e89-96f5-7f25067f88a5, request: order_id='3f827aa3-6bf7-4e89-96f5-7f25067f88a5' items=[CartItem(sku='4cc0770f-91bc-4c0d-a26f-7b872f02ca94', qty=2)] atomic_update=True delay=0.0 drop=0
2026-08-17 17:33:42,681 - INFO - Failure injected for inventory reserve_stock INJECT_DELAY: 0, INJECT_DROP_RATE: 0
2026-08-17 17:33:42,682 - INFO - Request for reserve_stock successfully processed, order_id: 3f827aa3-6bf7-4e89-96f5-7f25067f88a5, failed_sku: 4cc0770f-91bc-4c0d-a26f-7b872f02ca94, status: OUT_OF_STOCK
2026-08-17 17:33:42,682 - ERROR - Exception in Request for reserve_stock, order_id: 3f827aa3-6bf7-4e89-96f5-7f25067f88a5, status: OUT_OF_STOCK, Error: Out of stock: 4cc0770f-91bc-4c0d-a26f-7b872f02ca94
2026-08-17 17:33:42,703 - INFO - Request for reserve_stock, order_id: 5c2740f1-1427-45e4-8b13-49c0ad47c31b, request: order_id='5c2740f1-1427-45e4-8b13-49c0ad47c31b' items=[CartItem(sku='4cc0770f-91bc-4c0d-a26f-7b872f02ca94', qty=2)] atomic_update=True delay=0.0 drop=0
2026-08-17 17:33:42,703 - INFO - Failure injected for inventory reserve_stock INJECT_DELAY: 0, INJECT_DROP_RATE: 0
2026-08-17 17:33:42,704 - INFO - Request for reserve_stock successfully processed, order_id: 5c2740f1-1427-45e4-8b13-49c0ad47c31b, failed_sku: 4cc0770f-91bc-4c0d-a26f-7b872f02ca94, status: OUT_OF_STOCK
2026-08-17 17:33:42,705 - ERROR - Exception in Request for reserve_stock, order_id: 5c2740f1-1427-45e4-8b13-49c0ad47c31b, status: OUT_OF_STOCK, Error: Out of stock: 4cc0770f-91bc-4c0d-a26f-7b872f02ca94
2026-08-17 17:33:42,735 - INFO - Request for reserve_stock, order_id: 401ba941-4790-42dd-be38-f058bf5a9d9e, request: order_id='401ba941-4790-42dd-be38-f058bf5a9d9e' items=[CartItem(sku='4cc0770f-91bc-4c0d-a26f-7b872f02ca94', qty=2)] atomic_update=True delay=0.0 drop=0
2026-08-17 17:33:42,736 - INFO - Failure injected for inventory reserve_stock INJECT_DELAY: 0, INJECT_DROP_RATE: 0
2026-08-17 17:33:42,737 - INFO - Request for reserve_stock successfully processed, order_id: 401ba941-4790-42dd-be38-f058bf5a9d9e, failed_sku: 4cc0770f-91bc-4c0d-a26f-7b872f02ca94, status: OUT_OF_STOCK
2026-08-17 17:33:42,737 - ERROR - Exception in Request for reserve_stock, order_id: 401ba941-4790-42dd-be38-f058bf5a9d9e, status: OUT_OF_STOCK, Error: Out of stock: 4cc0770f-91bc-4c0d-a26f-7b872f02ca94
2026-08-17 17:33:42,761 - INFO - Request for reserve_stock, order_id: ca3008ba-b203-4135-8d70-8932cb207827, request: order_id='ca3008ba-b203-4135-8d70-8932cb207827' items=[CartItem(sku='4cc0770f-91bc-4c0d-a26f-7b872f02ca94', qty=2)] atomic_update=True delay=0.0 drop=0
2026-08-17 17:33:42,761 - INFO - Failure injected for inventory reserve_stock INJECT_DELAY: 0, INJECT_DROP_RATE: 0
2026-08-17 17:33:42,762 - INFO - Request for reserve_stock successfully processed, order_id: ca3008ba-b203-4135-8d70-8932cb207827, failed_sku: 4cc0770f-91bc-4c0d-a26f-7b872f02ca94, status: OUT_OF_STOCK
2026-08-17 17:33:42,762 - ERROR - Exception in Request for reserve_stock, order_id: ca3008ba-b203-4135-8d70-8932cb207827, status: OUT_OF_STOCK, Error: Out of stock: 4cc0770f-91bc-4c0d-a26f-7b872f02ca94
2026-08-17 17:33:42,792 - INFO - Request for reserve_stock, order_id: 543ad835-7f32-4689-93ef-034b3f90b4cd, request: order_id='543ad835-7f32-4689-93ef-034b3f90b4cd' items=[CartItem(sku='4cc0770f-91bc-4c0d-a26f-7b872f02ca94', qty=2)] atomic_update=True delay=0.0 drop=0
2026-08-17 17:33:42,792 - INFO - Failure injected for inventory reserve_stock INJECT_DELAY: 0, INJECT_DROP_RATE: 0
2026-08-17 17:33:42,793 - INFO - Request for reserve_stock successfully processed, order_id: 543ad835-7f32-4689-93ef-034b3f90b4cd, failed_sku: 4cc0770f-91bc-4c0d-a26f-7b872f02ca94, status: OUT_OF_STOCK
2026-08-17 17:33:42,793 - ERROR - Exception in Request for reserve_stock, order_id: 543ad835-7f32-4689-93ef-034b3f90b4cd, status: OUT_OF_STOCK, Error: Out of stock: 4cc0770f-91bc-4c0d-a26f-7b872f02ca94
2026-08-17 17:33:42,815 - INFO - Request for reserve_stock, order_id: 5c6d8c9e-6278-4b2b-8e55-2d902f7cedf8, request: order_id='5c6d8c9e-6278-4b2b-8e55-2d902f7cedf8' items=[CartItem(sku='4cc0770f-91bc-4c0d-a26f-7b872f02ca94', qty=2)] atomic_update=True delay=0.0 drop=0
2026-08-17 17:33:42,816 - INFO - Failure injected for inventory reserve_stock INJECT_DELAY: 0, INJECT_DROP_RATE: 0
2026-08-17 17:33:42,817 - INFO - Request for reserve_stock successfully processed, order_id: 5c6d8c9e-6278-4b2b-8e55-2d902f7cedf8, failed_sku: 4cc0770f-91bc-4c0d-a26f-7b872f02ca94, status: OUT_OF_STOCK
2026-08-17 17:33:42,817 - ERROR - Exception in Request for reserve_stock, order_id: 5c6d8c9e-6278-4b2b-8e55-2d902f7cedf8, status: OUT_OF_STOCK, Error: Out of stock: 4cc0770f-91bc-4c0d-a26f-7b872f02ca94
2026-08-17 17:33:42,846 - INFO - Request for reserve_stock, order_id: a748b334-f7a9-40d7-8741-421981dfeea1, request: order_id='a748b334-f7a9-40d7-8741-421981dfeea1' items=[CartItem(sku='4cc0770f-91bc-4c0d-a26f-7b872f02ca94', qty=2)] atomic_update=True delay=0.0 drop=0
2026-08-17 17:33:42,846 - INFO - Failure injected for inventory reserve_stock INJECT_DELAY: 0, INJECT_DROP_RATE: 0
2026-08-17 17:33:42,847 - INFO - Request for reserve_stock successfully processed, order_id: a748b334-f7a9-40d7-8741-421981dfeea1, failed_sku: 4cc0770f-91bc-4c0d-a26f-7b872f02ca94, status: OUT_OF_STOCK
2026-08-17 17:33:42,848 - ERROR - Exception in Request for reserve_stock, order_id: a748b334-f7a9-40d7-8741-421981dfeea1, status: OUT_OF_STOCK, Error: Out of stock: 4cc0770f-91bc-4c0d-a26f-7b872f02ca94
2026-08-17 17:33:42,868 - INFO - Request for reserve_stock, order_id: c37f10b6-f002-4290-9497-31d2e8e1885a, request: order_id='c37f10b6-f002-4290-9497-31d2e8e1885a' items=[CartItem(sku='4cc0770f-91bc-4c0d-a26f-7b872f02ca94', qty=2)] atomic_update=True delay=0.0 drop=0
2026-08-17 17:33:42,868 - INFO - Failure injected for inventory reserve_stock INJECT_DELAY: 0, INJECT_DROP_RATE: 0
2026-08-17 17:33:42,869 - INFO - Request for reserve_stock successfully processed, order_id: c37f10b6-f002-4290-9497-31d2e8e1885a, failed_sku: 4cc0770f-91bc-4c0d-a26f-7b872f02ca94, status: OUT_OF_STOCK
2026-08-17 17:33:42,869 - ERROR - Exception in Request for reserve_stock, order_id: c37f10b6-f002-4290-9497-31d2e8e1885a, status: OUT_OF_STOCK, Error: Out of stock: 4cc0770f-91bc-4c0d-a26f-7b872f02ca94
2026-08-17 17:33:42,899 - INFO - Request for reserve_stock, order_id: 68600fe5-2630-4635-8d5e-96126169d2a0, request: order_id='68600fe5-2630-4635-8d5e-96126169d2a0' items=[CartItem(sku='4cc0770f-91bc-4c0d-a26f-7b872f02ca94', qty=2)] atomic_update=True delay=0.0 drop=0
2026-08-17 17:33:42,899 - INFO - Failure injected for inventory reserve_stock INJECT_DELAY: 0, INJECT_DROP_RATE: 0
2026-08-17 17:33:42,900 - INFO - Request for reserve_stock successfully processed, order_id: 68600fe5-2630-4635-8d5e-96126169d2a0, failed_sku: 4cc0770f-91bc-4c0d-a26f-7b872f02ca94, status: OUT_OF_STOCK
2026-08-17 17:33:42,900 - ERROR - Exception in Request for reserve_stock, order_id: 68600fe5-2630-4635-8d5e-96126169d2a0, status: OUT_OF_STOCK, Error: Out of stock: 4cc0770f-91bc-4c0d-a26f-7b872f02ca94
2026-08-17 17:33:42,922 - INFO - Request for reserve_stock, order_id: b4404570-5eb4-4103-abef-28a3998a9259, request: order_id='b4404570-5eb4-4103-abef-28a3998a9259' items=[CartItem(sku='4cc0770f-91bc-4c0d-a26f-7b872f02ca94', qty=2)] atomic_update=True delay=0.0 drop=0
2026-08-17 17:33:42,922 - INFO - Failure injected for inventory reserve_stock INJECT_DELAY: 0, INJECT_DROP_RATE: 0
2026-08-17 17:33:42,923 - INFO - Request for reserve_stock successfully processed, order_id: b4404570-5eb4-4103-abef-28a3998a9259, failed_sku: 4cc0770f-91bc-4c0d-a26f-7b872f02ca94, status: OUT_OF_STOCK
2026-08-17 17:33:42,923 - ERROR - Exception in Request for reserve_stock, order_id: b4404570-5eb4-4103-abef-28a3998a9259, status: OUT_OF_STOCK, Error: Out of stock: 4cc0770f-91bc-4c0d-a26f-7b872f02ca94
2026-08-17 17:33:42,953 - INFO - Request for reserve_stock, order_id: a0003e72-307f-45e0-ad8f-2c7494a89f73, request: order_id='a0003e72-307f-45e0-ad8f-2c7494a89f73' items=[CartItem(sku='4cc0770f-91bc-4c0d-a26f-7b872f02ca94', qty=2)] atomic_update=True delay=0.0 drop=0
2026-08-17 17:33:42,953 - INFO - Failure injected for inventory reserve_stock INJECT_DELAY: 0, INJECT_DROP_RATE: 0
2026-08-17 17:33:42,954 - INFO - Request for reserve_stock successfully processed, order_id: a0003e72-307f-45e0-ad8f-2c7494a89f73, failed_sku: 4cc0770f-91bc-4c0d-a26f-7b872f02ca94, status: OUT_OF_STOCK
2026-08-17 17:33:42,955 - ERROR - Exception in Request for reserve_stock, order_id: a0003e72-307f-45e0-ad8f-2c7494a89f73, status: OUT_OF_STOCK, Error: Out of stock: 4cc0770f-91bc-4c0d-a26f-7b872f02ca94
2026-08-17 17:33:42,976 - INFO - Request for reserve_stock, order_id: ea7b39b7-bdfb-41d1-b147-456552f9f7df, request: order_id='ea7b39b7-bdfb-41d1-b147-456552f9f7df' items=[CartItem(sku='4cc0770f-91bc-4c0d-a26f-7b872f02ca94', qty=2)] atomic_update=True delay=0.0 drop=0
2026-08-17 17:33:42,976 - INFO - Failure injected for inventory reserve_stock INJECT_DELAY: 0, INJECT_DROP_RATE: 0
2026-08-17 17:33:42,977 - INFO - Request for reserve_stock successfully processed, order_id: ea7b39b7-bdfb-41d1-b147-456552f9f7df, failed_sku: 4cc0770f-91bc-4c0d-a26f-7b872f02ca94, status: OUT_OF_STOCK
2026-08-17 17:33:42,978 - ERROR - Exception in Request for reserve_stock, order_id: ea7b39b7-bdfb-41d1-b147-456552f9f7df, status: OUT_OF_STOCK, Error: Out of stock: 4cc0770f-91bc-4c0d-a26f-7b872f02ca94
2026-08-17 17:33:43,019 - INFO - Request for reserve_stock, order_id: fb7bcca3-ca5d-4535-ba6c-24bcdea9b9f9, request: order_id='fb7bcca3-ca5d-4535-ba6c-24bcdea9b9f9' items=[CartItem(sku='4cc0770f-91bc-4c0d-a26f-7b872f02ca94', qty=2)] atomic_update=True delay=0.0 drop=0
2026-08-17 17:33:43,019 - INFO - Failure injected for inventory reserve_stock INJECT_DELAY: 0, INJECT_DROP_RATE: 0
2026-08-17 17:33:43,021 - INFO - Request for reserve_stock successfully processed, order_id: fb7bcca3-ca5d-4535-ba6c-24bcdea9b9f9, failed_sku: 4cc0770f-91bc-4c0d-a26f-7b872f02ca94, status: OUT_OF_STOCK
2026-08-17 17:33:43,021 - ERROR - Exception in Request for reserve_stock, order_id: fb7bcca3-ca5d-4535-ba6c-24bcdea9b9f9, status: OUT_OF_STOCK, Error: Out of stock: 4cc0770f-91bc-4c0d-a26f-7b872f02ca94
2026-08-17 17:33:43,046 - INFO - Request for reserve_stock, order_id: 9143d265-5c79-4685-8300-3843e3014e59, request: order_id='9143d265-5c79-4685-8300-3843e3014e59' items=[CartItem(sku='4cc0770f-91bc-4c0d-a26f-7b872f02ca94', qty=2)] atomic_update=True delay=0.0 drop=0
2026-08-17 17:33:43,046 - INFO - Failure injected for inventory reserve_stock INJECT_DELAY: 0, INJECT_DROP_RATE: 0
2026-08-17 17:33:43,047 - INFO - Request for reserve_stock successfully processed, order_id: 9143d265-5c79-4685-8300-3843e3014e59, failed_sku: 4cc0770f-91bc-4c0d-a26f-7b872f02ca94, status: OUT_OF_STOCK
2026-08-17 17:33:43,047 - ERROR - Exception in Request for reserve_stock, order_id: 9143d265-5c79-4685-8300-3843e3014e59, status: OUT_OF_STOCK, Error: Out of stock: 4cc0770f-91bc-4c0d-a26f-7b872f02ca94
2026-08-17 17:33:43,077 - INFO - Request for reserve_stock, order_id: fb0214c5-67fd-4fd1-bc3b-9f5796daeaeb, request: order_id='fb0214c5-67fd-4fd1-bc3b-9f5796daeaeb' items=[CartItem(sku='4cc0770f-91bc-4c0d-a26f-7b872f02ca94', qty=2)] atomic_update=True delay=0.0 drop=0
2026-08-17 17:33:43,077 - INFO - Failure injected for inventory reserve_stock INJECT_DELAY: 0, INJECT_DROP_RATE: 0
2026-08-17 17:33:43,078 - INFO - Request for reserve_stock successfully processed, order_id: fb0214c5-67fd-4fd1-bc3b-9f5796daeaeb, failed_sku: 4cc0770f-91bc-4c0d-a26f-7b872f02ca94, status: OUT_OF_STOCK
2026-08-17 17:33:43,078 - ERROR - Exception in Request for reserve_stock, order_id: fb0214c5-67fd-4fd1-bc3b-9f5796daeaeb, status: OUT_OF_STOCK, Error: Out of stock: 4cc0770f-91bc-4c0d-a26f-7b872f02ca94
2026-08-17 17:33:43,100 - INFO - Request for reserve_stock, order_id: cab6987b-a724-4095-953b-99a9fb4ffa5a, request: order_id='cab6987b-a724-4095-953b-99a9fb4ffa5a' items=[CartItem(sku='4cc0770f-91bc-4c0d-a26f-7b872f02ca94', qty=2)] atomic_update=True delay=0.0 drop=0
2026-08-17 17:33:43,100 - INFO - Failure injected for inventory reserve_stock INJECT_DELAY: 0, INJECT_DROP_RATE: 0
2026-08-17 17:33:43,101 - INFO - Request for reserve_stock successfully processed, order_id: cab6987b-a724-4095-953b-99a9fb4ffa5a, failed_sku: 4cc0770f-91bc-4c0d-a26f-7b872f02ca94, status: OUT_OF_STOCK
2026-08-17 17:33:43,101 - ERROR - Exception in Request for reserve_stock, order_id: cab6987b-a724-4095-953b-99a9fb4ffa5a, status: OUT_OF_STOCK, Error: Out of stock: 4cc0770f-91bc-4c0d-a26f-7b872f02ca94
2026-08-17 17:33:43,136 - INFO - Request for reserve_stock, order_id: ca3f1b75-47c6-4c2f-9228-269c6e5eaed9, request: order_id='ca3f1b75-47c6-4c2f-9228-269c6e5eaed9' items=[CartItem(sku='4cc0770f-91bc-4c0d-a26f-7b872f02ca94', qty=2)] atomic_update=True delay=0.0 drop=0
2026-08-17 17:33:43,137 - INFO - Failure injected for inventory reserve_stock INJECT_DELAY: 0, INJECT_DROP_RATE: 0
2026-08-17 17:33:43,138 - INFO - Request for reserve_stock successfully processed, order_id: ca3f1b75-47c6-4c2f-9228-269c6e5eaed9, failed_sku: 4cc0770f-91bc-4c0d-a26f-7b872f02ca94, status: OUT_OF_STOCK
2026-08-17 17:33:43,138 - ERROR - Exception in Request for reserve_stock, order_id: ca3f1b75-47c6-4c2f-9228-269c6e5eaed9, status: OUT_OF_STOCK, Error: Out of stock: 4cc0770f-91bc-4c0d-a26f-7b872f02ca94
2026-08-17 17:33:43,170 - INFO - Request for reserve_stock, order_id: 78499509-f9aa-4c5b-8017-0ede30bd18ed, request: order_id='78499509-f9aa-4c5b-8017-0ede30bd18ed' items=[CartItem(sku='4cc0770f-91bc-4c0d-a26f-7b872f02ca94', qty=2)] atomic_update=True delay=0.0 drop=0
2026-08-17 17:33:43,170 - INFO - Failure injected for inventory reserve_stock INJECT_DELAY: 0, INJECT_DROP_RATE: 0
2026-08-17 17:33:43,171 - INFO - Request for reserve_stock successfully processed, order_id: 78499509-f9aa-4c5b-8017-0ede30bd18ed, failed_sku: 4cc0770f-91bc-4c0d-a26f-7b872f02ca94, status: OUT_OF_STOCK
2026-08-17 17:33:43,172 - ERROR - Exception in Request for reserve_stock, order_id: 78499509-f9aa-4c5b-8017-0ede30bd18ed, status: OUT_OF_STOCK, Error: Out of stock: 4cc0770f-91bc-4c0d-a26f-7b872f02ca94
2026-08-17 17:33:43,222 - INFO - Request for reserve_stock, order_id: b64e8042-b05c-4225-a30c-17daf15a01ff, request: order_id='b64e8042-b05c-4225-a30c-17daf15a01ff' items=[CartItem(sku='4cc0770f-91bc-4c0d-a26f-7b872f02ca94', qty=2)] atomic_update=True delay=0.0 drop=0
2026-08-17 17:33:43,223 - INFO - Failure injected for inventory reserve_stock INJECT_DELAY: 0, INJECT_DROP_RATE: 0
2026-08-17 17:33:43,224 - INFO - Request for reserve_stock successfully processed, order_id: b64e8042-b05c-4225-a30c-17daf15a01ff, failed_sku: 4cc0770f-91bc-4c0d-a26f-7b872f02ca94, status: OUT_OF_STOCK
2026-08-17 17:33:43,224 - ERROR - Exception in Request for reserve_stock, order_id: b64e8042-b05c-4225-a30c-17daf15a01ff, status: OUT_OF_STOCK, Error: Out of stock: 4cc0770f-91bc-4c0d-a26f-7b872f02ca94
2026-08-17 17:33:43,266 - INFO - Request for reserve_stock, order_id: de0a6fda-d0aa-4399-87dd-66c869838187, request: order_id='de0a6fda-d0aa-4399-87dd-66c869838187' items=[CartItem(sku='4cc0770f-91bc-4c0d-a26f-7b872f02ca94', qty=2)] atomic_update=True delay=0.0 drop=0
2026-08-17 17:33:43,266 - INFO - Failure injected for inventory reserve_stock INJECT_DELAY: 0, INJECT_DROP_RATE: 0
2026-08-17 17:33:43,268 - INFO - Request for reserve_stock successfully processed, order_id: de0a6fda-d0aa-4399-87dd-66c869838187, failed_sku: 4cc0770f-91bc-4c0d-a26f-7b872f02ca94, status: OUT_OF_STOCK
2026-08-17 17:33:43,268 - ERROR - Exception in Request for reserve_stock, order_id: de0a6fda-d0aa-4399-87dd-66c869838187, status: OUT_OF_STOCK, Error: Out of stock: 4cc0770f-91bc-4c0d-a26f-7b872f02ca94
2026-08-17 17:33:43,311 - INFO - Request for reserve_stock, order_id: d52afdef-9326-466e-93bb-57c669dd0768, request: order_id='d52afdef-9326-466e-93bb-57c669dd0768' items=[CartItem(sku='4cc0770f-91bc-4c0d-a26f-7b872f02ca94', qty=2)] atomic_update=True delay=0.0 drop=0
2026-08-17 17:33:43,311 - INFO - Failure injected for inventory reserve_stock INJECT_DELAY: 0, INJECT_DROP_RATE: 0
2026-08-17 17:33:43,314 - INFO - Request for reserve_stock successfully processed, order_id: d52afdef-9326-466e-93bb-57c669dd0768, failed_sku: 4cc0770f-91bc-4c0d-a26f-7b872f02ca94, status: OUT_OF_STOCK
2026-08-17 17:33:43,314 - ERROR - Exception in Request for reserve_stock, order_id: d52afdef-9326-466e-93bb-57c669dd0768, status: OUT_OF_STOCK, Error: Out of stock: 4cc0770f-91bc-4c0d-a26f-7b872f02ca94
2026-08-17 17:33:43,344 - INFO - Request for reserve_stock, order_id: 09ad1aed-0fba-415b-889d-0d7cf266eda0, request: order_id='09ad1aed-0fba-415b-889d-0d7cf266eda0' items=[CartItem(sku='4cc0770f-91bc-4c0d-a26f-7b872f02ca94', qty=2)] atomic_update=True delay=0.0 drop=0
2026-08-17 17:33:43,344 - INFO - Failure injected for inventory reserve_stock INJECT_DELAY: 0, INJECT_DROP_RATE: 0
2026-08-17 17:33:43,346 - INFO - Request for reserve_stock successfully processed, order_id: 09ad1aed-0fba-415b-889d-0d7cf266eda0, failed_sku: 4cc0770f-91bc-4c0d-a26f-7b872f02ca94, status: OUT_OF_STOCK
2026-08-17 17:33:43,346 - ERROR - Exception in Request for reserve_stock, order_id: 09ad1aed-0fba-415b-889d-0d7cf266eda0, status: OUT_OF_STOCK, Error: Out of stock: 4cc0770f-91bc-4c0d-a26f-7b872f02ca94
2026-08-17 17:33:43,389 - INFO - Request for reserve_stock, order_id: b17e6404-a0a3-4775-8473-df4e64bb81f6, request: order_id='b17e6404-a0a3-4775-8473-df4e64bb81f6' items=[CartItem(sku='4cc0770f-91bc-4c0d-a26f-7b872f02ca94', qty=2)] atomic_update=True delay=0.0 drop=0
2026-08-17 17:33:43,390 - INFO - Failure injected for inventory reserve_stock INJECT_DELAY: 0, INJECT_DROP_RATE: 0
2026-08-17 17:33:43,391 - INFO - Request for reserve_stock successfully processed, order_id: b17e6404-a0a3-4775-8473-df4e64bb81f6, failed_sku: 4cc0770f-91bc-4c0d-a26f-7b872f02ca94, status: OUT_OF_STOCK
2026-08-17 17:33:43,391 - ERROR - Exception in Request for reserve_stock, order_id: b17e6404-a0a3-4775-8473-df4e64bb81f6, status: OUT_OF_STOCK, Error: Out of stock: 4cc0770f-91bc-4c0d-a26f-7b872f02ca94
2026-08-17 17:33:43,423 - INFO - Request for reserve_stock, order_id: e1cf04a7-23c1-4bbe-873e-79c0bccf02e2, request: order_id='e1cf04a7-23c1-4bbe-873e-79c0bccf02e2' items=[CartItem(sku='4cc0770f-91bc-4c0d-a26f-7b872f02ca94', qty=2)] atomic_update=True delay=0.0 drop=0
2026-08-17 17:33:43,423 - INFO - Failure injected for inventory reserve_stock INJECT_DELAY: 0, INJECT_DROP_RATE: 0
2026-08-17 17:33:43,424 - INFO - Request for reserve_stock successfully processed, order_id: e1cf04a7-23c1-4bbe-873e-79c0bccf02e2, failed_sku: 4cc0770f-91bc-4c0d-a26f-7b872f02ca94, status: OUT_OF_STOCK
2026-08-17 17:33:43,425 - ERROR - Exception in Request for reserve_stock, order_id: e1cf04a7-23c1-4bbe-873e-79c0bccf02e2, status: OUT_OF_STOCK, Error: Out of stock: 4cc0770f-91bc-4c0d-a26f-7b872f02ca94
2026-08-17 17:33:43,464 - INFO - Request for reserve_stock, order_id: 66eb1209-5f54-42cd-933d-df3dcda339fb, request: order_id='66eb1209-5f54-42cd-933d-df3dcda339fb' items=[CartItem(sku='4cc0770f-91bc-4c0d-a26f-7b872f02ca94', qty=2)] atomic_update=True delay=0.0 drop=0
2026-08-17 17:33:43,464 - INFO - Failure injected for inventory reserve_stock INJECT_DELAY: 0, INJECT_DROP_RATE: 0
2026-08-17 17:33:43,467 - INFO - Request for reserve_stock successfully processed, order_id: 66eb1209-5f54-42cd-933d-df3dcda339fb, failed_sku: 4cc0770f-91bc-4c0d-a26f-7b872f02ca94, status: OUT_OF_STOCK
2026-08-17 17:33:43,467 - ERROR - Exception in Request for reserve_stock, order_id: 66eb1209-5f54-42cd-933d-df3dcda339fb, status: OUT_OF_STOCK, Error: Out of stock: 4cc0770f-91bc-4c0d-a26f-7b872f02ca94
2026-08-17 17:33:43,495 - INFO - Request for reserve_stock, order_id: 6380ec25-8b4e-46ed-afd4-54805f087712, request: order_id='6380ec25-8b4e-46ed-afd4-54805f087712' items=[CartItem(sku='4cc0770f-91bc-4c0d-a26f-7b872f02ca94', qty=2)] atomic_update=True delay=0.0 drop=0
2026-08-17 17:33:43,495 - INFO - Failure injected for inventory reserve_stock INJECT_DELAY: 0, INJECT_DROP_RATE: 0
2026-08-17 17:33:43,497 - INFO - Request for reserve_stock successfully processed, order_id: 6380ec25-8b4e-46ed-afd4-54805f087712, failed_sku: 4cc0770f-91bc-4c0d-a26f-7b872f02ca94, status: OUT_OF_STOCK
2026-08-17 17:33:43,497 - ERROR - Exception in Request for reserve_stock, order_id: 6380ec25-8b4e-46ed-afd4-54805f087712, status: OUT_OF_STOCK, Error: Out of stock: 4cc0770f-91bc-4c0d-a26f-7b872f02ca94
2026-08-17 17:33:43,539 - INFO - Request for reserve_stock, order_id: 1bc09a26-14bd-4ead-82a4-ada0e7b62fff, request: order_id='1bc09a26-14bd-4ead-82a4-ada0e7b62fff' items=[CartItem(sku='4cc0770f-91bc-4c0d-a26f-7b872f02ca94', qty=2)] atomic_update=True delay=0.0 drop=0
2026-08-17 17:33:43,539 - INFO - Failure injected for inventory reserve_stock INJECT_DELAY: 0, INJECT_DROP_RATE: 0
2026-08-17 17:33:43,540 - INFO - Request for reserve_stock successfully processed, order_id: 1bc09a26-14bd-4ead-82a4-ada0e7b62fff, failed_sku: 4cc0770f-91bc-4c0d-a26f-7b872f02ca94, status: OUT_OF_STOCK
2026-08-17 17:33:43,540 - ERROR - Exception in Request for reserve_stock, order_id: 1bc09a26-14bd-4ead-82a4-ada0e7b62fff, status: OUT_OF_STOCK, Error: Out of stock: 4cc0770f-91bc-4c0d-a26f-7b872f02ca94
2026-08-17 17:33:43,570 - INFO - Request for reserve_stock, order_id: ae27a735-42ce-41b3-9e9e-a3862f5af90b, request: order_id='ae27a735-42ce-41b3-9e9e-a3862f5af90b' items=[CartItem(sku='4cc0770f-91bc-4c0d-a26f-7b872f02ca94', qty=2)] atomic_update=True delay=0.0 drop=0
2026-08-17 17:33:43,570 - INFO - Failure injected for inventory reserve_stock INJECT_DELAY: 0, INJECT_DROP_RATE: 0
2026-08-17 17:33:43,571 - INFO - Request for reserve_stock successfully processed, order_id: ae27a735-42ce-41b3-9e9e-a3862f5af90b, failed_sku: 4cc0770f-91bc-4c0d-a26f-7b872f02ca94, status: OUT_OF_STOCK
2026-08-17 17:33:43,571 - ERROR - Exception in Request for reserve_stock, order_id: ae27a735-42ce-41b3-9e9e-a3862f5af90b, status: OUT_OF_STOCK, Error: Out of stock: 4cc0770f-91bc-4c0d-a26f-7b872f02ca94
2026-08-17 17:33:43,609 - INFO - Request for reserve_stock, order_id: 335c2651-5a1e-40f8-93cb-44b0e37481f8, request: order_id='335c2651-5a1e-40f8-93cb-44b0e37481f8' items=[CartItem(sku='4cc0770f-91bc-4c0d-a26f-7b872f02ca94', qty=2)] atomic_update=True delay=0.0 drop=0
2026-08-17 17:33:43,610 - INFO - Failure injected for inventory reserve_stock INJECT_DELAY: 0, INJECT_DROP_RATE: 0
2026-08-17 17:33:43,611 - INFO - Request for reserve_stock successfully processed, order_id: 335c2651-5a1e-40f8-93cb-44b0e37481f8, failed_sku: 4cc0770f-91bc-4c0d-a26f-7b872f02ca94, status: OUT_OF_STOCK
2026-08-17 17:33:43,611 - ERROR - Exception in Request for reserve_stock, order_id: 335c2651-5a1e-40f8-93cb-44b0e37481f8, status: OUT_OF_STOCK, Error: Out of stock: 4cc0770f-91bc-4c0d-a26f-7b872f02ca94
2026-08-17 17:33:43,641 - INFO - Request for reserve_stock, order_id: 5778c8a5-b71e-4620-8edd-5a5d7703c4c7, request: order_id='5778c8a5-b71e-4620-8edd-5a5d7703c4c7' items=[CartItem(sku='4cc0770f-91bc-4c0d-a26f-7b872f02ca94', qty=2)] atomic_update=True delay=0.0 drop=0
2026-08-17 17:33:43,641 - INFO - Failure injected for inventory reserve_stock INJECT_DELAY: 0, INJECT_DROP_RATE: 0
2026-08-17 17:33:43,642 - INFO - Request for reserve_stock successfully processed, order_id: 5778c8a5-b71e-4620-8edd-5a5d7703c4c7, failed_sku: 4cc0770f-91bc-4c0d-a26f-7b872f02ca94, status: OUT_OF_STOCK
2026-08-17 17:33:43,642 - ERROR - Exception in Request for reserve_stock, order_id: 5778c8a5-b71e-4620-8edd-5a5d7703c4c7, status: OUT_OF_STOCK, Error: Out of stock: 4cc0770f-91bc-4c0d-a26f-7b872f02ca94
2026-08-17 17:33:43,685 - INFO - Request for reserve_stock, order_id: 05e9ffe9-cbfb-4d58-b80d-663ae33414a5, request: order_id='05e9ffe9-cbfb-4d58-b80d-663ae33414a5' items=[CartItem(sku='4cc0770f-91bc-4c0d-a26f-7b872f02ca94', qty=2)] atomic_update=True delay=0.0 drop=0
2026-08-17 17:33:43,685 - INFO - Failure injected for inventory reserve_stock INJECT_DELAY: 0, INJECT_DROP_RATE: 0
2026-08-17 17:33:43,686 - INFO - Request for reserve_stock successfully processed, order_id: 05e9ffe9-cbfb-4d58-b80d-663ae33414a5, failed_sku: 4cc0770f-91bc-4c0d-a26f-7b872f02ca94, status: OUT_OF_STOCK
2026-08-17 17:33:43,686 - ERROR - Exception in Request for reserve_stock, order_id: 05e9ffe9-cbfb-4d58-b80d-663ae33414a5, status: OUT_OF_STOCK, Error: Out of stock: 4cc0770f-91bc-4c0d-a26f-7b872f02ca94
2026-08-17 17:33:43,719 - INFO - Request for reserve_stock, order_id: 05af29eb-b63f-4aaa-8cdd-d7ed709ef50d, request: order_id='05af29eb-b63f-4aaa-8cdd-d7ed709ef50d' items=[CartItem(sku='4cc0770f-91bc-4c0d-a26f-7b872f02ca94', qty=2)] atomic_update=True delay=0.0 drop=0
2026-08-17 17:33:43,719 - INFO - Failure injected for inventory reserve_stock INJECT_DELAY: 0, INJECT_DROP_RATE: 0
2026-08-17 17:33:43,721 - INFO - Request for reserve_stock successfully processed, order_id: 05af29eb-b63f-4aaa-8cdd-d7ed709ef50d, failed_sku: 4cc0770f-91bc-4c0d-a26f-7b872f02ca94, status: OUT_OF_STOCK
2026-08-17 17:33:43,721 - ERROR - Exception in Request for reserve_stock, order_id: 05af29eb-b63f-4aaa-8cdd-d7ed709ef50d, status: OUT_OF_STOCK, Error: Out of stock: 4cc0770f-91bc-4c0d-a26f-7b872f02ca94
2026-08-17 17:33:43,769 - INFO - Request for reserve_stock, order_id: 5d8bdbb7-8415-43c0-acff-e941ad93afca, request: order_id='5d8bdbb7-8415-43c0-acff-e941ad93afca' items=[CartItem(sku='4cc0770f-91bc-4c0d-a26f-7b872f02ca94', qty=2)] atomic_update=True delay=0.0 drop=0
2026-08-17 17:33:43,769 - INFO - Failure injected for inventory reserve_stock INJECT_DELAY: 0, INJECT_DROP_RATE: 0
2026-08-17 17:33:43,771 - INFO - Request for reserve_stock successfully processed, order_id: 5d8bdbb7-8415-43c0-acff-e941ad93afca, failed_sku: 4cc0770f-91bc-4c0d-a26f-7b872f02ca94, status: OUT_OF_STOCK
2026-08-17 17:33:43,771 - ERROR - Exception in Request for reserve_stock, order_id: 5d8bdbb7-8415-43c0-acff-e941ad93afca, status: OUT_OF_STOCK, Error: Out of stock: 4cc0770f-91bc-4c0d-a26f-7b872f02ca94
2026-08-17 17:33:43,807 - INFO - Request for reserve_stock, order_id: 196f21ec-48cc-4ac2-a660-fd5da135162b, request: order_id='196f21ec-48cc-4ac2-a660-fd5da135162b' items=[CartItem(sku='4cc0770f-91bc-4c0d-a26f-7b872f02ca94', qty=2)] atomic_update=True delay=0.0 drop=0
2026-08-17 17:33:43,808 - INFO - Failure injected for inventory reserve_stock INJECT_DELAY: 0, INJECT_DROP_RATE: 0
2026-08-17 17:33:43,809 - INFO - Request for reserve_stock successfully processed, order_id: 196f21ec-48cc-4ac2-a660-fd5da135162b, failed_sku: 4cc0770f-91bc-4c0d-a26f-7b872f02ca94, status: OUT_OF_STOCK
2026-08-17 17:33:43,809 - ERROR - Exception in Request for reserve_stock, order_id: 196f21ec-48cc-4ac2-a660-fd5da135162b, status: OUT_OF_STOCK, Error: Out of stock: 4cc0770f-91bc-4c0d-a26f-7b872f02ca94
2026-08-17 17:33:43,854 - INFO - Request for reserve_stock, order_id: 1af8e71c-2cf0-4679-af3d-07e3d8d7cab8, request: order_id='1af8e71c-2cf0-4679-af3d-07e3d8d7cab8' items=[CartItem(sku='4cc0770f-91bc-4c0d-a26f-7b872f02ca94', qty=2)] atomic_update=True delay=0.0 drop=0
2026-08-17 17:33:43,855 - INFO - Failure injected for inventory reserve_stock INJECT_DELAY: 0, INJECT_DROP_RATE: 0
2026-08-17 17:33:43,856 - INFO - Request for reserve_stock successfully processed, order_id: 1af8e71c-2cf0-4679-af3d-07e3d8d7cab8, failed_sku: 4cc0770f-91bc-4c0d-a26f-7b872f02ca94, status: OUT_OF_STOCK
2026-08-17 17:33:43,856 - ERROR - Exception in Request for reserve_stock, order_id: 1af8e71c-2cf0-4679-af3d-07e3d8d7cab8, status: OUT_OF_STOCK, Error: Out of stock: 4cc0770f-91bc-4c0d-a26f-7b872f02ca94
2026-08-17 17:33:43,887 - INFO - Request for reserve_stock, order_id: 5b48ec6b-f1d2-4407-8f51-9bb6797149cf, request: order_id='5b48ec6b-f1d2-4407-8f51-9bb6797149cf' items=[CartItem(sku='4cc0770f-91bc-4c0d-a26f-7b872f02ca94', qty=2)] atomic_update=True delay=0.0 drop=0
2026-08-17 17:33:43,887 - INFO - Failure injected for inventory reserve_stock INJECT_DELAY: 0, INJECT_DROP_RATE: 0
2026-08-17 17:33:43,888 - INFO - Request for reserve_stock successfully processed, order_id: 5b48ec6b-f1d2-4407-8f51-9bb6797149cf, failed_sku: 4cc0770f-91bc-4c0d-a26f-7b872f02ca94, status: OUT_OF_STOCK
2026-08-17 17:33:43,888 - ERROR - Exception in Request for reserve_stock, order_id: 5b48ec6b-f1d2-4407-8f51-9bb6797149cf, status: OUT_OF_STOCK, Error: Out of stock: 4cc0770f-91bc-4c0d-a26f-7b872f02ca94
2026-08-17 17:33:43,935 - INFO - Request for reserve_stock, order_id: 7d707fc9-d563-4fa3-913d-69060d48977e, request: order_id='7d707fc9-d563-4fa3-913d-69060d48977e' items=[CartItem(sku='4cc0770f-91bc-4c0d-a26f-7b872f02ca94', qty=2)] atomic_update=True delay=0.0 drop=0
2026-08-17 17:33:43,935 - INFO - Failure injected for inventory reserve_stock INJECT_DELAY: 0, INJECT_DROP_RATE: 0
2026-08-17 17:33:43,936 - INFO - Request for reserve_stock successfully processed, order_id: 7d707fc9-d563-4fa3-913d-69060d48977e, failed_sku: 4cc0770f-91bc-4c0d-a26f-7b872f02ca94, status: OUT_OF_STOCK
2026-08-17 17:33:43,937 - ERROR - Exception in Request for reserve_stock, order_id: 7d707fc9-d563-4fa3-913d-69060d48977e, status: OUT_OF_STOCK, Error: Out of stock: 4cc0770f-91bc-4c0d-a26f-7b872f02ca94
2026-08-17 17:33:43,963 - INFO - Request for reserve_stock, order_id: 30cdeaa6-ece1-40f8-b7f0-76b1490840b8, request: order_id='30cdeaa6-ece1-40f8-b7f0-76b1490840b8' items=[CartItem(sku='4cc0770f-91bc-4c0d-a26f-7b872f02ca94', qty=2)] atomic_update=True delay=0.0 drop=0
2026-08-17 17:33:43,964 - INFO - Failure injected for inventory reserve_stock INJECT_DELAY: 0, INJECT_DROP_RATE: 0
2026-08-17 17:33:43,965 - INFO - Request for reserve_stock successfully processed, order_id: 30cdeaa6-ece1-40f8-b7f0-76b1490840b8, failed_sku: 4cc0770f-91bc-4c0d-a26f-7b872f02ca94, status: OUT_OF_STOCK
2026-08-17 17:33:43,965 - ERROR - Exception in Request for reserve_stock, order_id: 30cdeaa6-ece1-40f8-b7f0-76b1490840b8, status: OUT_OF_STOCK, Error: Out of stock: 4cc0770f-91bc-4c0d-a26f-7b872f02ca94
2026-08-17 17:33:44,006 - INFO - Request for reserve_stock, order_id: 833d3fd3-0ea3-4647-a5cf-b5e85ba3d5bf, request: order_id='833d3fd3-0ea3-4647-a5cf-b5e85ba3d5bf' items=[CartItem(sku='4cc0770f-91bc-4c0d-a26f-7b872f02ca94', qty=2)] atomic_update=True delay=0.0 drop=0
2026-08-17 17:33:44,006 - INFO - Failure injected for inventory reserve_stock INJECT_DELAY: 0, INJECT_DROP_RATE: 0
2026-08-17 17:33:44,007 - INFO - Request for reserve_stock successfully processed, order_id: 833d3fd3-0ea3-4647-a5cf-b5e85ba3d5bf, failed_sku: 4cc0770f-91bc-4c0d-a26f-7b872f02ca94, status: OUT_OF_STOCK
2026-08-17 17:33:44,007 - ERROR - Exception in Request for reserve_stock, order_id: 833d3fd3-0ea3-4647-a5cf-b5e85ba3d5bf, status: OUT_OF_STOCK, Error: Out of stock: 4cc0770f-91bc-4c0d-a26f-7b872f02ca94
2026-08-17 17:33:44,033 - INFO - Request for reserve_stock, order_id: cc969733-9c32-4495-b363-4bd2918238a3, request: order_id='cc969733-9c32-4495-b363-4bd2918238a3' items=[CartItem(sku='4cc0770f-91bc-4c0d-a26f-7b872f02ca94', qty=2)] atomic_update=True delay=0.0 drop=0
2026-08-17 17:33:44,033 - INFO - Failure injected for inventory reserve_stock INJECT_DELAY: 0, INJECT_DROP_RATE: 0
2026-08-17 17:33:44,034 - INFO - Request for reserve_stock successfully processed, order_id: cc969733-9c32-4495-b363-4bd2918238a3, failed_sku: 4cc0770f-91bc-4c0d-a26f-7b872f02ca94, status: OUT_OF_STOCK
2026-08-17 17:33:44,034 - ERROR - Exception in Request for reserve_stock, order_id: cc969733-9c32-4495-b363-4bd2918238a3, status: OUT_OF_STOCK, Error: Out of stock: 4cc0770f-91bc-4c0d-a26f-7b872f02ca94
2026-08-17 17:33:44,064 - INFO - Request for reserve_stock, order_id: 046284ce-b350-43c4-a2f9-129c2502a6f5, request: order_id='046284ce-b350-43c4-a2f9-129c2502a6f5' items=[CartItem(sku='4cc0770f-91bc-4c0d-a26f-7b872f02ca94', qty=2)] atomic_update=True delay=0.0 drop=0
2026-08-17 17:33:44,064 - INFO - Failure injected for inventory reserve_stock INJECT_DELAY: 0, INJECT_DROP_RATE: 0
2026-08-17 17:33:44,065 - INFO - Request for reserve_stock successfully processed, order_id: 046284ce-b350-43c4-a2f9-129c2502a6f5, failed_sku: 4cc0770f-91bc-4c0d-a26f-7b872f02ca94, status: OUT_OF_STOCK
2026-08-17 17:33:44,066 - ERROR - Exception in Request for reserve_stock, order_id: 046284ce-b350-43c4-a2f9-129c2502a6f5, status: OUT_OF_STOCK, Error: Out of stock: 4cc0770f-91bc-4c0d-a26f-7b872f02ca94
2026-08-18 20:47:27,048 - INFO - Request for get_stock_by_skus, skus: ['4cc0770f-91bc-4c0d-a26f-7b872f02ca94', 'b2926dc2-cc6d-4c3e-ae40-7a127c173b16']
2026-08-18 20:47:27,060 - INFO - Request for get_stock_by_skus successfully processed, result: {'4cc0770f-91bc-4c0d-a26f-7b872f02ca94': 0, 'b2926dc2-cc6d-4c3e-ae40-7a127c173b16': 10}
2026-08-18 20:47:27,142 - INFO - Request for reserve_stock, order_id: 5873cf1e-ff95-4ba5-bd70-bb1691d3263e, request: order_id='5873cf1e-ff95-4ba5-bd70-bb1691d3263e' items=[CartItem(sku='b2926dc2-cc6d-4c3e-ae40-7a127c173b16', qty=2)] atomic_update=True delay=0.0 drop=0
2026-08-18 20:47:27,143 - INFO - Failure injected for inventory reserve_stock INJECT_DELAY: 0, INJECT_DROP_RATE: 0
2026-08-18 20:47:27,147 - INFO - Request for reserve_stock successfully processed, order_id: 5873cf1e-ff95-4ba5-bd70-bb1691d3263e, result items: [{'sku': 'b2926dc2-cc6d-4c3e-ae40-7a127c173b16', 'remaining': 8}], status: RESERVED
2026-08-18 20:47:27,686 - INFO - Request for get_stock_by_skus, skus: ['4cc0770f-91bc-4c0d-a26f-7b872f02ca94', 'b2926dc2-cc6d-4c3e-ae40-7a127c173b16']
2026-08-18 20:47:27,689 - INFO - Request for get_stock_by_skus successfully processed, result: {'4cc0770f-91bc-4c0d-a26f-7b872f02ca94': 0, 'b2926dc2-cc6d-4c3e-ae40-7a127c173b16': 8}
2026-08-18 20:47:27,723 - INFO - Request for reserve_stock, order_id: ba70f03b-7bbf-4706-9f9b-8c520101b5c4, request: order_id='ba70f03b-7bbf-4706-9f9b-8c520101b5c4' items=[CartItem(sku='b2926dc2-cc6d-4c3e-ae40-7a127c173b16', qty=2)] atomic_update=True delay=0.0 drop=0
2026-08-18 20:47:27,723 - INFO - Failure injected for inventory reserve_stock INJECT_DELAY: 0, INJECT_DROP_RATE: 0
2026-08-18 20:47:27,726 - INFO - Request for reserve_stock successfully processed, order_id: ba70f03b-7bbf-4706-9f9b-8c520101b5c4, result items: [{'sku': 'b2926dc2-cc6d-4c3e-ae40-7a127c173b16', 'remaining': 6}], status: RESERVED
2026-08-18 20:47:28,301 - INFO - Request for get_stock_by_skus, skus: ['4cc0770f-91bc-4c0d-a26f-7b872f02ca94', 'b2926dc2-cc6d-4c3e-ae40-7a127c173b16']
2026-08-18 20:47:28,308 - INFO - Request for get_stock_by_skus successfully processed, result: {'4cc0770f-91bc-4c0d-a26f-7b872f02ca94': 0, 'b2926dc2-cc6d-4c3e-ae40-7a127c173b16': 6}
2026-08-18 20:47:28,400 - INFO - Request for reserve_stock, order_id: c672c9e0-9127-4dde-b2de-f0650a4fc16b, request: order_id='c672c9e0-9127-4dde-b2de-f0650a4fc16b' items=[CartItem(sku='b2926dc2-cc6d-4c3e-ae40-7a127c173b16', qty=2)] atomic_update=True delay=0.0 drop=0
2026-08-18 20:47:28,401 - INFO - Failure injected for inventory reserve_stock INJECT_DELAY: 0, INJECT_DROP_RATE: 0
2026-08-18 20:47:28,406 - INFO - Request for reserve_stock successfully processed, order_id: c672c9e0-9127-4dde-b2de-f0650a4fc16b, result items: [{'sku': 'b2926dc2-cc6d-4c3e-ae40-7a127c173b16', 'remaining': 4}], status: RESERVED
2026-08-18 20:47:28,932 - INFO - Request for get_stock_by_skus, skus: ['4cc0770f-91bc-4c0d-a26f-7b872f02ca94', 'b2926dc2-cc6d-4c3e-ae40-7a127c173b16']
2026-08-18 20:47:28,934 - INFO - Request for get_stock_by_skus successfully processed, result: {'4cc0770f-91bc-4c0d-a26f-7b872f02ca94': 0, 'b2926dc2-cc6d-4c3e-ae40-7a127c173b16': 4}
2026-08-18 20:47:28,967 - INFO - Request for reserve_stock, order_id: 21600351-dd9d-4173-b2ca-5233c7cc5e24, request: order_id='21600351-dd9d-4173-b2ca-5233c7cc5e24' items=[CartItem(sku='b2926dc2-cc6d-4c3e-ae40-7a127c173b16', qty=2)] atomic_update=True delay=0.0 drop=0
2026-08-18 20:47:28,967 - INFO - Failure injected for inventory reserve_stock INJECT_DELAY: 0, INJECT_DROP_RATE: 0
2026-08-18 20:47:28,969 - INFO - Request for reserve_stock successfully processed, order_id: 21600351-dd9d-4173-b2ca-5233c7cc5e24, result items: [{'sku': 'b2926dc2-cc6d-4c3e-ae40-7a127c173b16', 'remaining': 2}], status: RESERVED
2026-08-18 20:47:29,521 - INFO - Request for get_stock_by_skus, skus: ['4cc0770f-91bc-4c0d-a26f-7b872f02ca94', 'b2926dc2-cc6d-4c3e-ae40-7a127c173b16']
2026-08-18 20:47:29,527 - INFO - Request for get_stock_by_skus successfully processed, result: {'4cc0770f-91bc-4c0d-a26f-7b872f02ca94': 0, 'b2926dc2-cc6d-4c3e-ae40-7a127c173b16': 2}
2026-08-18 20:47:29,564 - INFO - Request for reserve_stock, order_id: ae7eb2cd-95b4-4f1e-98b4-cf38f666b7fa, request: order_id='ae7eb2cd-95b4-4f1e-98b4-cf38f666b7fa' items=[CartItem(sku='b2926dc2-cc6d-4c3e-ae40-7a127c173b16', qty=2)] atomic_update=True delay=0.0 drop=0
2026-08-18 20:47:29,564 - INFO - Failure injected for inventory reserve_stock INJECT_DELAY: 0, INJECT_DROP_RATE: 0
2026-08-18 20:47:29,566 - INFO - Request for reserve_stock successfully processed, order_id: ae7eb2cd-95b4-4f1e-98b4-cf38f666b7fa, result items: [{'sku': 'b2926dc2-cc6d-4c3e-ae40-7a127c173b16', 'remaining': 0}], status: RESERVED
2026-08-18 20:47:30,118 - INFO - Request for get_stock_by_skus, skus: ['4cc0770f-91bc-4c0d-a26f-7b872f02ca94', 'b2926dc2-cc6d-4c3e-ae40-7a127c173b16']
2026-08-18 20:47:30,124 - INFO - Request for get_stock_by_skus successfully processed, result: {'4cc0770f-91bc-4c0d-a26f-7b872f02ca94': 0, 'b2926dc2-cc6d-4c3e-ae40-7a127c173b16': 0}
2026-08-18 20:47:30,147 - INFO - Request for get_stock_by_skus, skus: ['4cc0770f-91bc-4c0d-a26f-7b872f02ca94', 'b2926dc2-cc6d-4c3e-ae40-7a127c173b16']
2026-08-18 20:47:30,148 - INFO - Request for get_stock_by_skus successfully processed, result: {'4cc0770f-91bc-4c0d-a26f-7b872f02ca94': 0, 'b2926dc2-cc6d-4c3e-ae40-7a127c173b16': 0}
2026-08-18 20:47:30,164 - INFO - Request for get_stock_by_skus, skus: ['4cc0770f-91bc-4c0d-a26f-7b872f02ca94', 'b2926dc2-cc6d-4c3e-ae40-7a127c173b16']
2026-08-18 20:47:30,167 - INFO - Request for get_stock_by_skus successfully processed, result: {'4cc0770f-91bc-4c0d-a26f-7b872f02ca94': 0, 'b2926dc2-cc6d-4c3e-ae40-7a127c173b16': 0}
2026-08-18 20:47:30,182 - INFO - Request for get_stock_by_skus, skus: ['4cc0770f-91bc-4c0d-a26f-7b872f02ca94', 'b2926dc2-cc6d-4c3e-ae40-7a127c173b16']
2026-08-18 20:47:30,184 - INFO - Request for get_stock_by_skus successfully processed, result: {'4cc0770f-91bc-4c0d-a26f-7b872f02ca94': 0, 'b2926dc2-cc6d-4c3e-ae40-7a127c173b16': 0}
2026-08-18 20:47:30,202 - INFO - Request for get_stock_by_skus, skus: ['4cc0770f-91bc-4c0d-a26f-7b872f02ca94', 'b2926dc2-cc6d-4c3e-ae40-7a127c173b16']
2026-08-18 20:47:30,204 - INFO - Request for get_stock_by_skus successfully processed, result: {'4cc0770f-91bc-4c0d-a26f-7b872f02ca94': 0, 'b2926dc2-cc6d-4c3e-ae40-7a127c173b16': 0}
2026-08-18 20:49:58,345 - INFO - Request for get_stock_by_skus, skus: ['4cc0770f-91bc-4c0d-a26f-7b872f02ca94', 'b2926dc2-cc6d-4c3e-ae40-7a127c173b16']
2026-08-18 20:49:58,347 - INFO - Request for get_stock_by_skus successfully processed, result: {'4cc0770f-91bc-4c0d-a26f-7b872f02ca94': 0, 'b2926dc2-cc6d-4c3e-ae40-7a127c173b16': 10}
2026-08-18 20:49:58,406 - INFO - Request for reserve_stock, order_id: 41d01782-b12c-4b48-8af7-232b85991ea5, request: order_id='41d01782-b12c-4b48-8af7-232b85991ea5' items=[CartItem(sku='b2926dc2-cc6d-4c3e-ae40-7a127c173b16', qty=2)] atomic_update=True delay=0.0 drop=0
2026-08-18 20:49:58,407 - INFO - Failure injected for inventory reserve_stock INJECT_DELAY: 0, INJECT_DROP_RATE: 0
2026-08-18 20:49:58,409 - INFO - Request for reserve_stock successfully processed, order_id: 41d01782-b12c-4b48-8af7-232b85991ea5, result items: [{'sku': 'b2926dc2-cc6d-4c3e-ae40-7a127c173b16', 'remaining': 8}], status: RESERVED
2026-08-18 20:49:58,940 - INFO - Request for get_stock_by_skus, skus: ['4cc0770f-91bc-4c0d-a26f-7b872f02ca94', 'b2926dc2-cc6d-4c3e-ae40-7a127c173b16']
2026-08-18 20:49:58,942 - INFO - Request for get_stock_by_skus successfully processed, result: {'4cc0770f-91bc-4c0d-a26f-7b872f02ca94': 0, 'b2926dc2-cc6d-4c3e-ae40-7a127c173b16': 8}
2026-08-18 20:49:58,971 - INFO - Request for reserve_stock, order_id: fd8ff9e4-d56a-40f5-b13a-579b178ee629, request: order_id='fd8ff9e4-d56a-40f5-b13a-579b178ee629' items=[CartItem(sku='b2926dc2-cc6d-4c3e-ae40-7a127c173b16', qty=2)] atomic_update=True delay=0.0 drop=0
2026-08-18 20:49:58,971 - INFO - Failure injected for inventory reserve_stock INJECT_DELAY: 0, INJECT_DROP_RATE: 0
2026-08-18 20:49:58,975 - INFO - Request for reserve_stock successfully processed, order_id: fd8ff9e4-d56a-40f5-b13a-579b178ee629, result items: [{'sku': 'b2926dc2-cc6d-4c3e-ae40-7a127c173b16', 'remaining': 6}], status: RESERVED
2026-08-18 20:49:59,498 - INFO - Request for get_stock_by_skus, skus: ['4cc0770f-91bc-4c0d-a26f-7b872f02ca94', 'b2926dc2-cc6d-4c3e-ae40-7a127c173b16']
2026-08-18 20:49:59,501 - INFO - Request for get_stock_by_skus successfully processed, result: {'4cc0770f-91bc-4c0d-a26f-7b872f02ca94': 0, 'b2926dc2-cc6d-4c3e-ae40-7a127c173b16': 6}
2026-08-18 20:49:59,530 - INFO - Request for reserve_stock, order_id: 7a81adce-85d3-44de-b5a9-a5e6a1c8e6d0, request: order_id='7a81adce-85d3-44de-b5a9-a5e6a1c8e6d0' items=[CartItem(sku='b2926dc2-cc6d-4c3e-ae40-7a127c173b16', qty=2)] atomic_update=True delay=0.0 drop=0
2026-08-18 20:49:59,530 - INFO - Failure injected for inventory reserve_stock INJECT_DELAY: 0, INJECT_DROP_RATE: 0
2026-08-18 20:49:59,532 - INFO - Request for reserve_stock successfully processed, order_id: 7a81adce-85d3-44de-b5a9-a5e6a1c8e6d0, result items: [{'sku': 'b2926dc2-cc6d-4c3e-ae40-7a127c173b16', 'remaining': 4}], status: RESERVED
2026-08-18 20:50:00,054 - INFO - Request for get_stock_by_skus, skus: ['4cc0770f-91bc-4c0d-a26f-7b872f02ca94', 'b2926dc2-cc6d-4c3e-ae40-7a127c173b16']
2026-08-18 20:50:00,059 - INFO - Request for get_stock_by_skus successfully processed, result: {'4cc0770f-91bc-4c0d-a26f-7b872f02ca94': 0, 'b2926dc2-cc6d-4c3e-ae40-7a127c173b16': 4}
2026-08-18 20:50:00,098 - INFO - Request for reserve_stock, order_id: c611b263-3a40-45ed-8021-5b35130d74f0, request: order_id='c611b263-3a40-45ed-8021-5b35130d74f0' items=[CartItem(sku='b2926dc2-cc6d-4c3e-ae40-7a127c173b16', qty=2)] atomic_update=True delay=0.0 drop=0
2026-08-18 20:50:00,098 - INFO - Failure injected for inventory reserve_stock INJECT_DELAY: 0, INJECT_DROP_RATE: 0
2026-08-18 20:50:00,100 - INFO - Request for reserve_stock successfully processed, order_id: c611b263-3a40-45ed-8021-5b35130d74f0, result items: [{'sku': 'b2926dc2-cc6d-4c3e-ae40-7a127c173b16', 'remaining': 2}], status: RESERVED
2026-08-18 20:50:00,647 - INFO - Request for get_stock_by_skus, skus: ['4cc0770f-91bc-4c0d-a26f-7b872f02ca94', 'b2926dc2-cc6d-4c3e-ae40-7a127c173b16']
2026-08-18 20:50:00,654 - INFO - Request for get_stock_by_skus successfully processed, result: {'4cc0770f-91bc-4c0d-a26f-7b872f02ca94': 0, 'b2926dc2-cc6d-4c3e-ae40-7a127c173b16': 2}
2026-08-18 20:50:00,747 - INFO - Request for reserve_stock, order_id: 5d6c4905-0d9f-4064-a5d3-a9c6820e10c4, request: order_id='5d6c4905-0d9f-4064-a5d3-a9c6820e10c4' items=[CartItem(sku='b2926dc2-cc6d-4c3e-ae40-7a127c173b16', qty=2)] atomic_update=True delay=0.0 drop=0
2026-08-18 20:50:00,748 - INFO - Failure injected for inventory reserve_stock INJECT_DELAY: 0, INJECT_DROP_RATE: 0
2026-08-18 20:50:00,751 - INFO - Request for reserve_stock successfully processed, order_id: 5d6c4905-0d9f-4064-a5d3-a9c6820e10c4, result items: [{'sku': 'b2926dc2-cc6d-4c3e-ae40-7a127c173b16', 'remaining': 0}], status: RESERVED
2026-08-18 20:50:01,306 - INFO - Request for get_stock_by_skus, skus: ['4cc0770f-91bc-4c0d-a26f-7b872f02ca94', 'b2926dc2-cc6d-4c3e-ae40-7a127c173b16']
2026-08-18 20:50:01,312 - INFO - Request for get_stock_by_skus successfully processed, result: {'4cc0770f-91bc-4c0d-a26f-7b872f02ca94': 0, 'b2926dc2-cc6d-4c3e-ae40-7a127c173b16': 0}
2026-08-18 20:50:01,335 - INFO - Request for get_stock_by_skus, skus: ['4cc0770f-91bc-4c0d-a26f-7b872f02ca94', 'b2926dc2-cc6d-4c3e-ae40-7a127c173b16']
2026-08-18 20:50:01,337 - INFO - Request for get_stock_by_skus successfully processed, result: {'4cc0770f-91bc-4c0d-a26f-7b872f02ca94': 0, 'b2926dc2-cc6d-4c3e-ae40-7a127c173b16': 0}
2026-08-18 20:50:01,354 - INFO - Request for get_stock_by_skus, skus: ['4cc0770f-91bc-4c0d-a26f-7b872f02ca94', 'b2926dc2-cc6d-4c3e-ae40-7a127c173b16']
2026-08-18 20:50:01,357 - INFO - Request for get_stock_by_skus successfully processed, result: {'4cc0770f-91bc-4c0d-a26f-7b872f02ca94': 0, 'b2926dc2-cc6d-4c3e-ae40-7a127c173b16': 0}
2026-08-18 20:50:01,376 - INFO - Request for get_stock_by_skus, skus: ['4cc0770f-91bc-4c0d-a26f-7b872f02ca94', 'b2926dc2-cc6d-4c3e-ae40-7a127c173b16']
2026-08-18 20:50:01,380 - INFO - Request for get_stock_by_skus successfully processed, result: {'4cc0770f-91bc-4c0d-a26f-7b872f02ca94': 0, 'b2926dc2-cc6d-4c3e-ae40-7a127c173b16': 0}
2026-08-18 20:50:01,397 - INFO - Request for get_stock_by_skus, skus: ['4cc0770f-91bc-4c0d-a26f-7b872f02ca94', 'b2926dc2-cc6d-4c3e-ae40-7a127c173b16']
2026-08-18 20:50:01,399 - INFO - Request for get_stock_by_skus successfully processed, result: {'4cc0770f-91bc-4c0d-a26f-7b872f02ca94': 0, 'b2926dc2-cc6d-4c3e-ae40-7a127c173b16': 0}
2026-08-18 20:51:32,743 - INFO - Request for get_stock_by_skus, skus: ['4cc0770f-91bc-4c0d-a26f-7b872f02ca94', 'b2926dc2-cc6d-4c3e-ae40-7a127c173b16', 'b2926dc2-cc6d-4c3e-ae40-7a127c173b16']
2026-08-18 20:51:32,746 - INFO - Request for get_stock_by_skus successfully processed, result: {'4cc0770f-91bc-4c0d-a26f-7b872f02ca94': 0, 'b2926dc2-cc6d-4c3e-ae40-7a127c173b16': 10}
2026-08-18 20:51:32,780 - INFO - Request for reserve_stock, order_id: 21ed6bce-e77a-472d-bdd4-6bb89b0a424d, request: order_id='21ed6bce-e77a-472d-bdd4-6bb89b0a424d' items=[CartItem(sku='b2926dc2-cc6d-4c3e-ae40-7a127c173b16', qty=2)] atomic_update=True delay=0.0 drop=0
2026-08-18 20:51:32,780 - INFO - Failure injected for inventory reserve_stock INJECT_DELAY: 0, INJECT_DROP_RATE: 0
2026-08-18 20:51:32,783 - INFO - Request for reserve_stock successfully processed, order_id: 21ed6bce-e77a-472d-bdd4-6bb89b0a424d, result items: [{'sku': 'b2926dc2-cc6d-4c3e-ae40-7a127c173b16', 'remaining': 8}], status: RESERVED
2026-08-18 20:51:33,314 - INFO - Request for get_stock_by_skus, skus: ['4cc0770f-91bc-4c0d-a26f-7b872f02ca94', 'b2926dc2-cc6d-4c3e-ae40-7a127c173b16', 'b2926dc2-cc6d-4c3e-ae40-7a127c173b16']
2026-08-18 20:51:33,317 - INFO - Request for get_stock_by_skus successfully processed, result: {'4cc0770f-91bc-4c0d-a26f-7b872f02ca94': 0, 'b2926dc2-cc6d-4c3e-ae40-7a127c173b16': 8}
2026-08-18 20:51:33,343 - INFO - Request for reserve_stock, order_id: 502a9916-a631-4723-9351-688c3ed4dd85, request: order_id='502a9916-a631-4723-9351-688c3ed4dd85' items=[CartItem(sku='b2926dc2-cc6d-4c3e-ae40-7a127c173b16', qty=2)] atomic_update=True delay=0.0 drop=0
2026-08-18 20:51:33,344 - INFO - Failure injected for inventory reserve_stock INJECT_DELAY: 0, INJECT_DROP_RATE: 0
2026-08-18 20:51:33,346 - INFO - Request for reserve_stock successfully processed, order_id: 502a9916-a631-4723-9351-688c3ed4dd85, result items: [{'sku': 'b2926dc2-cc6d-4c3e-ae40-7a127c173b16', 'remaining': 6}], status: RESERVED
2026-08-18 20:51:33,878 - INFO - Request for get_stock_by_skus, skus: ['4cc0770f-91bc-4c0d-a26f-7b872f02ca94', 'b2926dc2-cc6d-4c3e-ae40-7a127c173b16', 'b2926dc2-cc6d-4c3e-ae40-7a127c173b16']
2026-08-18 20:51:33,881 - INFO - Request for get_stock_by_skus successfully processed, result: {'4cc0770f-91bc-4c0d-a26f-7b872f02ca94': 0, 'b2926dc2-cc6d-4c3e-ae40-7a127c173b16': 6}
2026-08-18 20:51:33,919 - INFO - Request for reserve_stock, order_id: c44dce83-10ec-40e3-9603-bd64f560827a, request: order_id='c44dce83-10ec-40e3-9603-bd64f560827a' items=[CartItem(sku='b2926dc2-cc6d-4c3e-ae40-7a127c173b16', qty=2)] atomic_update=True delay=0.0 drop=0
2026-08-18 20:51:33,919 - INFO - Failure injected for inventory reserve_stock INJECT_DELAY: 0, INJECT_DROP_RATE: 0
2026-08-18 20:51:33,921 - INFO - Request for reserve_stock successfully processed, order_id: c44dce83-10ec-40e3-9603-bd64f560827a, result items: [{'sku': 'b2926dc2-cc6d-4c3e-ae40-7a127c173b16', 'remaining': 4}], status: RESERVED
2026-08-18 20:51:34,452 - INFO - Request for get_stock_by_skus, skus: ['4cc0770f-91bc-4c0d-a26f-7b872f02ca94', 'b2926dc2-cc6d-4c3e-ae40-7a127c173b16', 'b2926dc2-cc6d-4c3e-ae40-7a127c173b16']
2026-08-18 20:51:34,456 - INFO - Request for get_stock_by_skus successfully processed, result: {'4cc0770f-91bc-4c0d-a26f-7b872f02ca94': 0, 'b2926dc2-cc6d-4c3e-ae40-7a127c173b16': 4}
2026-08-18 20:51:34,490 - INFO - Request for reserve_stock, order_id: be12a2cf-c38e-4027-b959-5146c06dbe19, request: order_id='be12a2cf-c38e-4027-b959-5146c06dbe19' items=[CartItem(sku='b2926dc2-cc6d-4c3e-ae40-7a127c173b16', qty=2)] atomic_update=True delay=0.0 drop=0
2026-08-18 20:51:34,490 - INFO - Failure injected for inventory reserve_stock INJECT_DELAY: 0, INJECT_DROP_RATE: 0
2026-08-18 20:51:34,492 - INFO - Request for reserve_stock successfully processed, order_id: be12a2cf-c38e-4027-b959-5146c06dbe19, result items: [{'sku': 'b2926dc2-cc6d-4c3e-ae40-7a127c173b16', 'remaining': 2}], status: RESERVED
2026-08-18 20:51:35,045 - INFO - Request for get_stock_by_skus, skus: ['4cc0770f-91bc-4c0d-a26f-7b872f02ca94', 'b2926dc2-cc6d-4c3e-ae40-7a127c173b16', 'b2926dc2-cc6d-4c3e-ae40-7a127c173b16']
2026-08-18 20:51:35,050 - INFO - Request for get_stock_by_skus successfully processed, result: {'4cc0770f-91bc-4c0d-a26f-7b872f02ca94': 0, 'b2926dc2-cc6d-4c3e-ae40-7a127c173b16': 2}
2026-08-18 20:51:35,081 - INFO - Request for reserve_stock, order_id: 373f8e53-0554-4988-bc7b-5aea75bae9db, request: order_id='373f8e53-0554-4988-bc7b-5aea75bae9db' items=[CartItem(sku='b2926dc2-cc6d-4c3e-ae40-7a127c173b16', qty=2)] atomic_update=True delay=0.0 drop=0
2026-08-18 20:51:35,081 - INFO - Failure injected for inventory reserve_stock INJECT_DELAY: 0, INJECT_DROP_RATE: 0
2026-08-18 20:51:35,083 - INFO - Request for reserve_stock successfully processed, order_id: 373f8e53-0554-4988-bc7b-5aea75bae9db, result items: [{'sku': 'b2926dc2-cc6d-4c3e-ae40-7a127c173b16', 'remaining': 0}], status: RESERVED
2026-08-18 20:51:35,629 - INFO - Request for get_stock_by_skus, skus: ['4cc0770f-91bc-4c0d-a26f-7b872f02ca94', 'b2926dc2-cc6d-4c3e-ae40-7a127c173b16', 'b2926dc2-cc6d-4c3e-ae40-7a127c173b16']
2026-08-18 20:51:35,632 - INFO - Request for get_stock_by_skus successfully processed, result: {'4cc0770f-91bc-4c0d-a26f-7b872f02ca94': 0, 'b2926dc2-cc6d-4c3e-ae40-7a127c173b16': 0}
2026-08-18 20:51:35,649 - INFO - Request for get_stock_by_skus, skus: ['4cc0770f-91bc-4c0d-a26f-7b872f02ca94', 'b2926dc2-cc6d-4c3e-ae40-7a127c173b16', 'b2926dc2-cc6d-4c3e-ae40-7a127c173b16']
2026-08-18 20:51:35,653 - INFO - Request for get_stock_by_skus successfully processed, result: {'4cc0770f-91bc-4c0d-a26f-7b872f02ca94': 0, 'b2926dc2-cc6d-4c3e-ae40-7a127c173b16': 0}
2026-08-18 20:51:35,668 - INFO - Request for get_stock_by_skus, skus: ['4cc0770f-91bc-4c0d-a26f-7b872f02ca94', 'b2926dc2-cc6d-4c3e-ae40-7a127c173b16', 'b2926dc2-cc6d-4c3e-ae40-7a127c173b16']
2026-08-18 20:51:35,671 - INFO - Request for get_stock_by_skus successfully processed, result: {'4cc0770f-91bc-4c0d-a26f-7b872f02ca94': 0, 'b2926dc2-cc6d-4c3e-ae40-7a127c173b16': 0}
2026-08-18 20:51:35,690 - INFO - Request for get_stock_by_skus, skus: ['4cc0770f-91bc-4c0d-a26f-7b872f02ca94', 'b2926dc2-cc6d-4c3e-ae40-7a127c173b16', 'b2926dc2-cc6d-4c3e-ae40-7a127c173b16']
2026-08-18 20:51:35,692 - INFO - Request for get_stock_by_skus successfully processed, result: {'4cc0770f-91bc-4c0d-a26f-7b872f02ca94': 0, 'b2926dc2-cc6d-4c3e-ae40-7a127c173b16': 0}
2026-08-18 20:51:35,709 - INFO - Request for get_stock_by_skus, skus: ['4cc0770f-91bc-4c0d-a26f-7b872f02ca94', 'b2926dc2-cc6d-4c3e-ae40-7a127c173b16', 'b2926dc2-cc6d-4c3e-ae40-7a127c173b16']
2026-08-18 20:51:35,713 - INFO - Request for get_stock_by_skus successfully processed, result: {'4cc0770f-91bc-4c0d-a26f-7b872f02ca94': 0, 'b2926dc2-cc6d-4c3e-ae40-7a127c173b16': 0}
2026-08-18 20:52:59,016 - INFO - Request for get_stock_by_skus, skus: ['4cc0770f-91bc-4c0d-a26f-7b872f02ca94', 'b2926dc2-cc6d-4c3e-ae40-7a127c173b16', 'b2926dc2-cc6d-4c3e-ae40-7a127c173b16']
2026-08-18 20:52:59,020 - INFO - Request for get_stock_by_skus successfully processed, result: {'4cc0770f-91bc-4c0d-a26f-7b872f02ca94': 0, 'b2926dc2-cc6d-4c3e-ae40-7a127c173b16': 10}
2026-08-18 20:52:59,093 - INFO - Request for reserve_stock, order_id: 7a366cab-10c9-4dd8-aa19-ba2a540d33eb, request: order_id='7a366cab-10c9-4dd8-aa19-ba2a540d33eb' items=[CartItem(sku='b2926dc2-cc6d-4c3e-ae40-7a127c173b16', qty=2)] atomic_update=True delay=0.0 drop=0
2026-08-18 20:52:59,093 - INFO - Failure injected for inventory reserve_stock INJECT_DELAY: 0, INJECT_DROP_RATE: 0
2026-08-18 20:52:59,097 - INFO - Request for reserve_stock successfully processed, order_id: 7a366cab-10c9-4dd8-aa19-ba2a540d33eb, result items: [{'sku': 'b2926dc2-cc6d-4c3e-ae40-7a127c173b16', 'remaining': 8}], status: RESERVED
2026-08-18 20:52:59,655 - INFO - Request for get_stock_by_skus, skus: ['4cc0770f-91bc-4c0d-a26f-7b872f02ca94', 'b2926dc2-cc6d-4c3e-ae40-7a127c173b16', 'b2926dc2-cc6d-4c3e-ae40-7a127c173b16']
2026-08-18 20:52:59,662 - INFO - Request for get_stock_by_skus successfully processed, result: {'4cc0770f-91bc-4c0d-a26f-7b872f02ca94': 0, 'b2926dc2-cc6d-4c3e-ae40-7a127c173b16': 8}
2026-08-18 20:52:59,710 - INFO - Request for reserve_stock, order_id: 9b23cf9e-a4fb-42ff-8a84-2839a8d28c5c, request: order_id='9b23cf9e-a4fb-42ff-8a84-2839a8d28c5c' items=[CartItem(sku='b2926dc2-cc6d-4c3e-ae40-7a127c173b16', qty=2)] atomic_update=True delay=0.0 drop=0
2026-08-18 20:52:59,710 - INFO - Failure injected for inventory reserve_stock INJECT_DELAY: 0, INJECT_DROP_RATE: 0
2026-08-18 20:52:59,714 - INFO - Request for reserve_stock successfully processed, order_id: 9b23cf9e-a4fb-42ff-8a84-2839a8d28c5c, result items: [{'sku': 'b2926dc2-cc6d-4c3e-ae40-7a127c173b16', 'remaining': 6}], status: RESERVED
2026-08-18 20:53:00,270 - INFO - Request for get_stock_by_skus, skus: ['4cc0770f-91bc-4c0d-a26f-7b872f02ca94', 'b2926dc2-cc6d-4c3e-ae40-7a127c173b16', 'b2926dc2-cc6d-4c3e-ae40-7a127c173b16']
2026-08-18 20:53:00,277 - INFO - Request for get_stock_by_skus successfully processed, result: {'4cc0770f-91bc-4c0d-a26f-7b872f02ca94': 0, 'b2926dc2-cc6d-4c3e-ae40-7a127c173b16': 6}
2026-08-18 20:53:00,331 - INFO - Request for reserve_stock, order_id: 0790784d-927b-4bd5-9a80-9e62ce3bd2d3, request: order_id='0790784d-927b-4bd5-9a80-9e62ce3bd2d3' items=[CartItem(sku='b2926dc2-cc6d-4c3e-ae40-7a127c173b16', qty=2)] atomic_update=True delay=0.0 drop=0
2026-08-18 20:53:00,331 - INFO - Failure injected for inventory reserve_stock INJECT_DELAY: 0, INJECT_DROP_RATE: 0
2026-08-18 20:53:00,334 - INFO - Request for reserve_stock successfully processed, order_id: 0790784d-927b-4bd5-9a80-9e62ce3bd2d3, result items: [{'sku': 'b2926dc2-cc6d-4c3e-ae40-7a127c173b16', 'remaining': 4}], status: RESERVED
2026-08-18 20:53:00,865 - INFO - Request for get_stock_by_skus, skus: ['4cc0770f-91bc-4c0d-a26f-7b872f02ca94', 'b2926dc2-cc6d-4c3e-ae40-7a127c173b16', 'b2926dc2-cc6d-4c3e-ae40-7a127c173b16']
2026-08-18 20:53:00,869 - INFO - Request for get_stock_by_skus successfully processed, result: {'4cc0770f-91bc-4c0d-a26f-7b872f02ca94': 0, 'b2926dc2-cc6d-4c3e-ae40-7a127c173b16': 4}
2026-08-18 20:53:00,906 - INFO - Request for reserve_stock, order_id: b777b80e-0be8-4c0e-8e7e-cc77ac8aad0d, request: order_id='b777b80e-0be8-4c0e-8e7e-cc77ac8aad0d' items=[CartItem(sku='b2926dc2-cc6d-4c3e-ae40-7a127c173b16', qty=2)] atomic_update=True delay=0.0 drop=0
2026-08-18 20:53:00,906 - INFO - Failure injected for inventory reserve_stock INJECT_DELAY: 0, INJECT_DROP_RATE: 0
2026-08-18 20:53:00,908 - INFO - Request for reserve_stock successfully processed, order_id: b777b80e-0be8-4c0e-8e7e-cc77ac8aad0d, result items: [{'sku': 'b2926dc2-cc6d-4c3e-ae40-7a127c173b16', 'remaining': 2}], status: RESERVED
2026-08-18 20:53:01,453 - INFO - Request for get_stock_by_skus, skus: ['4cc0770f-91bc-4c0d-a26f-7b872f02ca94', 'b2926dc2-cc6d-4c3e-ae40-7a127c173b16', 'b2926dc2-cc6d-4c3e-ae40-7a127c173b16']
2026-08-18 20:53:01,458 - INFO - Request for get_stock_by_skus successfully processed, result: {'4cc0770f-91bc-4c0d-a26f-7b872f02ca94': 0, 'b2926dc2-cc6d-4c3e-ae40-7a127c173b16': 2}
2026-08-18 20:53:01,487 - INFO - Request for reserve_stock, order_id: 4f33130e-46ee-4bd1-9709-0650278b89e0, request: order_id='4f33130e-46ee-4bd1-9709-0650278b89e0' items=[CartItem(sku='b2926dc2-cc6d-4c3e-ae40-7a127c173b16', qty=2)] atomic_update=True delay=0.0 drop=0
2026-08-18 20:53:01,487 - INFO - Failure injected for inventory reserve_stock INJECT_DELAY: 0, INJECT_DROP_RATE: 0
2026-08-18 20:53:01,490 - INFO - Request for reserve_stock successfully processed, order_id: 4f33130e-46ee-4bd1-9709-0650278b89e0, result items: [{'sku': 'b2926dc2-cc6d-4c3e-ae40-7a127c173b16', 'remaining': 0}], status: RESERVED
2026-08-18 20:53:02,021 - INFO - Request for get_stock_by_skus, skus: ['4cc0770f-91bc-4c0d-a26f-7b872f02ca94', 'b2926dc2-cc6d-4c3e-ae40-7a127c173b16', 'b2926dc2-cc6d-4c3e-ae40-7a127c173b16']
2026-08-18 20:53:02,025 - INFO - Request for get_stock_by_skus successfully processed, result: {'4cc0770f-91bc-4c0d-a26f-7b872f02ca94': 0, 'b2926dc2-cc6d-4c3e-ae40-7a127c173b16': 0}
2026-08-18 20:53:02,044 - INFO - Request for get_stock_by_skus, skus: ['4cc0770f-91bc-4c0d-a26f-7b872f02ca94', 'b2926dc2-cc6d-4c3e-ae40-7a127c173b16', 'b2926dc2-cc6d-4c3e-ae40-7a127c173b16']
2026-08-18 20:53:02,047 - INFO - Request for get_stock_by_skus successfully processed, result: {'4cc0770f-91bc-4c0d-a26f-7b872f02ca94': 0, 'b2926dc2-cc6d-4c3e-ae40-7a127c173b16': 0}
2026-08-18 20:53:02,065 - INFO - Request for get_stock_by_skus, skus: ['4cc0770f-91bc-4c0d-a26f-7b872f02ca94', 'b2926dc2-cc6d-4c3e-ae40-7a127c173b16', 'b2926dc2-cc6d-4c3e-ae40-7a127c173b16']
2026-08-18 20:53:02,070 - INFO - Request for get_stock_by_skus successfully processed, result: {'4cc0770f-91bc-4c0d-a26f-7b872f02ca94': 0, 'b2926dc2-cc6d-4c3e-ae40-7a127c173b16': 0}
2026-08-18 20:53:02,086 - INFO - Request for get_stock_by_skus, skus: ['4cc0770f-91bc-4c0d-a26f-7b872f02ca94', 'b2926dc2-cc6d-4c3e-ae40-7a127c173b16', 'b2926dc2-cc6d-4c3e-ae40-7a127c173b16']
2026-08-18 20:53:02,091 - INFO - Request for get_stock_by_skus successfully processed, result: {'4cc0770f-91bc-4c0d-a26f-7b872f02ca94': 0, 'b2926dc2-cc6d-4c3e-ae40-7a127c173b16': 0}
2026-08-18 20:53:02,106 - INFO - Request for get_stock_by_skus, skus: ['4cc0770f-91bc-4c0d-a26f-7b872f02ca94', 'b2926dc2-cc6d-4c3e-ae40-7a127c173b16', 'b2926dc2-cc6d-4c3e-ae40-7a127c173b16']
2026-08-18 20:53:02,110 - INFO - Request for get_stock_by_skus successfully processed, result: {'4cc0770f-91bc-4c0d-a26f-7b872f02ca94': 0, 'b2926dc2-cc6d-4c3e-ae40-7a127c173b16': 0}
2026-08-18 20:54:36,249 - INFO - Request for get_stock_by_skus, skus: ['b2926dc2-cc6d-4c3e-ae40-7a127c173b16']
2026-08-18 20:54:36,250 - INFO - Request for get_stock_by_skus successfully processed, result: {'b2926dc2-cc6d-4c3e-ae40-7a127c173b16': 10}
2026-08-18 20:54:36,288 - INFO - Request for reserve_stock, order_id: 16b30459-037b-4827-8cf4-c3acaf89530c, request: order_id='16b30459-037b-4827-8cf4-c3acaf89530c' items=[CartItem(sku='b2926dc2-cc6d-4c3e-ae40-7a127c173b16', qty=2)] atomic_update=True delay=0.0 drop=0
2026-08-18 20:54:36,288 - INFO - Failure injected for inventory reserve_stock INJECT_DELAY: 0, INJECT_DROP_RATE: 0
2026-08-18 20:54:36,290 - INFO - Request for reserve_stock successfully processed, order_id: 16b30459-037b-4827-8cf4-c3acaf89530c, result items: [{'sku': 'b2926dc2-cc6d-4c3e-ae40-7a127c173b16', 'remaining': 8}], status: RESERVED
2026-08-18 20:54:36,819 - INFO - Request for get_stock_by_skus, skus: ['b2926dc2-cc6d-4c3e-ae40-7a127c173b16']
2026-08-18 20:54:36,821 - INFO - Request for get_stock_by_skus successfully processed, result: {'b2926dc2-cc6d-4c3e-ae40-7a127c173b16': 8}
2026-08-18 20:54:36,856 - INFO - Request for reserve_stock, order_id: b300e2d1-991d-447d-bec1-dbc3323e802e, request: order_id='b300e2d1-991d-447d-bec1-dbc3323e802e' items=[CartItem(sku='b2926dc2-cc6d-4c3e-ae40-7a127c173b16', qty=2)] atomic_update=True delay=0.0 drop=0
2026-08-18 20:54:36,856 - INFO - Failure injected for inventory reserve_stock INJECT_DELAY: 0, INJECT_DROP_RATE: 0
2026-08-18 20:54:36,860 - INFO - Request for reserve_stock successfully processed, order_id: b300e2d1-991d-447d-bec1-dbc3323e802e, result items: [{'sku': 'b2926dc2-cc6d-4c3e-ae40-7a127c173b16', 'remaining': 6}], status: RESERVED
2026-08-18 20:54:37,400 - INFO - Request for get_stock_by_skus, skus: ['b2926dc2-cc6d-4c3e-ae40-7a127c173b16']
2026-08-18 20:54:37,402 - INFO - Request for get_stock_by_skus successfully processed, result: {'b2926dc2-cc6d-4c3e-ae40-7a127c173b16': 6}
2026-08-18 20:54:37,474 - INFO - Request for reserve_stock, order_id: 0609f3ec-30ee-42c0-85a6-9c7183434f29, request: order_id='0609f3ec-30ee-42c0-85a6-9c7183434f29' items=[CartItem(sku='b2926dc2-cc6d-4c3e-ae40-7a127c173b16', qty=2)] atomic_update=True delay=0.0 drop=0
2026-08-18 20:54:37,476 - INFO - Failure injected for inventory reserve_stock INJECT_DELAY: 0, INJECT_DROP_RATE: 0
2026-08-18 20:54:37,480 - INFO - Request for reserve_stock successfully processed, order_id: 0609f3ec-30ee-42c0-85a6-9c7183434f29, result items: [{'sku': 'b2926dc2-cc6d-4c3e-ae40-7a127c173b16', 'remaining': 4}], status: RESERVED
2026-08-18 20:54:38,028 - INFO - Request for get_stock_by_skus, skus: ['b2926dc2-cc6d-4c3e-ae40-7a127c173b16']
2026-08-18 20:54:38,030 - INFO - Request for get_stock_by_skus successfully processed, result: {'b2926dc2-cc6d-4c3e-ae40-7a127c173b16': 4}
2026-08-18 20:54:38,072 - INFO - Request for reserve_stock, order_id: 4a67773f-d46f-4b83-8d80-6f27ca2655e7, request: order_id='4a67773f-d46f-4b83-8d80-6f27ca2655e7' items=[CartItem(sku='b2926dc2-cc6d-4c3e-ae40-7a127c173b16', qty=2)] atomic_update=True delay=0.0 drop=0
2026-08-18 20:54:38,072 - INFO - Failure injected for inventory reserve_stock INJECT_DELAY: 0, INJECT_DROP_RATE: 0
2026-08-18 20:54:38,076 - INFO - Request for reserve_stock successfully processed, order_id: 4a67773f-d46f-4b83-8d80-6f27ca2655e7, result items: [{'sku': 'b2926dc2-cc6d-4c3e-ae40-7a127c173b16', 'remaining': 2}], status: RESERVED
2026-08-18 20:54:38,610 - INFO - Request for get_stock_by_skus, skus: ['b2926dc2-cc6d-4c3e-ae40-7a127c173b16']
2026-08-18 20:54:38,612 - INFO - Request for get_stock_by_skus successfully processed, result: {'b2926dc2-cc6d-4c3e-ae40-7a127c173b16': 2}
2026-08-18 20:54:38,671 - INFO - Request for reserve_stock, order_id: dd24e1d4-e018-415a-98dd-8234a0777f9c, request: order_id='dd24e1d4-e018-415a-98dd-8234a0777f9c' items=[CartItem(sku='b2926dc2-cc6d-4c3e-ae40-7a127c173b16', qty=2)] atomic_update=True delay=0.0 drop=0
2026-08-18 20:54:38,672 - INFO - Failure injected for inventory reserve_stock INJECT_DELAY: 0, INJECT_DROP_RATE: 0
2026-08-18 20:54:38,677 - INFO - Request for reserve_stock successfully processed, order_id: dd24e1d4-e018-415a-98dd-8234a0777f9c, result items: [{'sku': 'b2926dc2-cc6d-4c3e-ae40-7a127c173b16', 'remaining': 0}], status: RESERVED
2026-08-18 20:54:39,211 - INFO - Request for get_stock_by_skus, skus: ['b2926dc2-cc6d-4c3e-ae40-7a127c173b16']
2026-08-18 20:54:39,213 - INFO - Request for get_stock_by_skus successfully processed, result: {'b2926dc2-cc6d-4c3e-ae40-7a127c173b16': 0}
2026-08-18 20:54:39,244 - INFO - Request for get_stock_by_skus, skus: ['b2926dc2-cc6d-4c3e-ae40-7a127c173b16']
2026-08-18 20:54:39,247 - INFO - Request for get_stock_by_skus successfully processed, result: {'b2926dc2-cc6d-4c3e-ae40-7a127c173b16': 0}
2026-08-18 20:54:39,286 - INFO - Request for get_stock_by_skus, skus: ['b2926dc2-cc6d-4c3e-ae40-7a127c173b16']
2026-08-18 20:54:39,288 - INFO - Request for get_stock_by_skus successfully processed, result: {'b2926dc2-cc6d-4c3e-ae40-7a127c173b16': 0}
2026-08-18 20:54:39,319 - INFO - Request for get_stock_by_skus, skus: ['b2926dc2-cc6d-4c3e-ae40-7a127c173b16']
2026-08-18 20:54:39,320 - INFO - Request for get_stock_by_skus successfully processed, result: {'b2926dc2-cc6d-4c3e-ae40-7a127c173b16': 0}
2026-08-18 20:54:39,337 - INFO - Request for get_stock_by_skus, skus: ['b2926dc2-cc6d-4c3e-ae40-7a127c173b16']
2026-08-18 20:54:39,339 - INFO - Request for get_stock_by_skus successfully processed, result: {'b2926dc2-cc6d-4c3e-ae40-7a127c173b16': 0}
2026-08-18 20:56:35,469 - INFO - Request for get_stock_by_skus, skus: ['b2926dc2-cc6d-4c3e-ae40-7a127c173b16']
2026-08-18 20:56:35,470 - INFO - Request for get_stock_by_skus successfully processed, result: {'b2926dc2-cc6d-4c3e-ae40-7a127c173b16': 10}
2026-08-18 20:56:35,498 - INFO - Request for reserve_stock, order_id: ec31d4fd-813c-48b2-a6c2-944eb83f6757, request: order_id='ec31d4fd-813c-48b2-a6c2-944eb83f6757' items=[CartItem(sku='b2926dc2-cc6d-4c3e-ae40-7a127c173b16', qty=2)] atomic_update=True delay=0.0 drop=0
2026-08-18 20:56:35,498 - INFO - Failure injected for inventory reserve_stock INJECT_DELAY: 0, INJECT_DROP_RATE: 0
2026-08-18 20:56:35,500 - INFO - Request for reserve_stock successfully processed, order_id: ec31d4fd-813c-48b2-a6c2-944eb83f6757, result items: [{'sku': 'b2926dc2-cc6d-4c3e-ae40-7a127c173b16', 'remaining': 8}], status: RESERVED
2026-08-18 20:56:36,024 - INFO - Request for get_stock_by_skus, skus: ['b2926dc2-cc6d-4c3e-ae40-7a127c173b16']
2026-08-18 20:56:36,025 - INFO - Request for get_stock_by_skus successfully processed, result: {'b2926dc2-cc6d-4c3e-ae40-7a127c173b16': 8}
2026-08-18 20:56:36,054 - INFO - Request for reserve_stock, order_id: 77489223-5ed7-427d-8796-1f58686b1f36, request: order_id='77489223-5ed7-427d-8796-1f58686b1f36' items=[CartItem(sku='b2926dc2-cc6d-4c3e-ae40-7a127c173b16', qty=2)] atomic_update=True delay=0.0 drop=0
2026-08-18 20:56:36,054 - INFO - Failure injected for inventory reserve_stock INJECT_DELAY: 0, INJECT_DROP_RATE: 0
2026-08-18 20:56:36,056 - INFO - Request for reserve_stock successfully processed, order_id: 77489223-5ed7-427d-8796-1f58686b1f36, result items: [{'sku': 'b2926dc2-cc6d-4c3e-ae40-7a127c173b16', 'remaining': 6}], status: RESERVED
2026-08-18 20:56:36,617 - INFO - Request for get_stock_by_skus, skus: ['b2926dc2-cc6d-4c3e-ae40-7a127c173b16']
2026-08-18 20:56:36,619 - INFO - Request for get_stock_by_skus successfully processed, result: {'b2926dc2-cc6d-4c3e-ae40-7a127c173b16': 6}
2026-08-18 20:56:36,661 - INFO - Request for reserve_stock, order_id: 64673708-3ae8-4121-8f8f-d5f5248f21c5, request: order_id='64673708-3ae8-4121-8f8f-d5f5248f21c5' items=[CartItem(sku='b2926dc2-cc6d-4c3e-ae40-7a127c173b16', qty=2)] atomic_update=True delay=0.0 drop=0
2026-08-18 20:56:36,662 - INFO - Failure injected for inventory reserve_stock INJECT_DELAY: 0, INJECT_DROP_RATE: 0
2026-08-18 20:56:36,665 - INFO - Request for reserve_stock successfully processed, order_id: 64673708-3ae8-4121-8f8f-d5f5248f21c5, result items: [{'sku': 'b2926dc2-cc6d-4c3e-ae40-7a127c173b16', 'remaining': 4}], status: RESERVED
2026-08-18 20:56:37,214 - INFO - Request for get_stock_by_skus, skus: ['b2926dc2-cc6d-4c3e-ae40-7a127c173b16']
2026-08-18 20:56:37,216 - INFO - Request for get_stock_by_skus successfully processed, result: {'b2926dc2-cc6d-4c3e-ae40-7a127c173b16': 4}
2026-08-18 20:56:37,252 - INFO - Request for reserve_stock, order_id: 28fad622-9837-4d9f-b32d-66c84bc43d24, request: order_id='28fad622-9837-4d9f-b32d-66c84bc43d24' items=[CartItem(sku='b2926dc2-cc6d-4c3e-ae40-7a127c173b16', qty=2)] atomic_update=True delay=0.0 drop=0
2026-08-18 20:56:37,253 - INFO - Failure injected for inventory reserve_stock INJECT_DELAY: 0, INJECT_DROP_RATE: 0
2026-08-18 20:56:37,256 - INFO - Request for reserve_stock successfully processed, order_id: 28fad622-9837-4d9f-b32d-66c84bc43d24, result items: [{'sku': 'b2926dc2-cc6d-4c3e-ae40-7a127c173b16', 'remaining': 2}], status: RESERVED
2026-08-18 20:56:37,801 - INFO - Request for get_stock_by_skus, skus: ['b2926dc2-cc6d-4c3e-ae40-7a127c173b16']
2026-08-18 20:56:37,804 - INFO - Request for get_stock_by_skus successfully processed, result: {'b2926dc2-cc6d-4c3e-ae40-7a127c173b16': 2}
2026-08-18 20:56:37,841 - INFO - Request for reserve_stock, order_id: fe12adf2-7261-48f9-be38-fb8b90c5a133, request: order_id='fe12adf2-7261-48f9-be38-fb8b90c5a133' items=[CartItem(sku='b2926dc2-cc6d-4c3e-ae40-7a127c173b16', qty=2)] atomic_update=True delay=0.0 drop=0
2026-08-18 20:56:37,841 - INFO - Failure injected for inventory reserve_stock INJECT_DELAY: 0, INJECT_DROP_RATE: 0
2026-08-18 20:56:37,843 - INFO - Request for reserve_stock successfully processed, order_id: fe12adf2-7261-48f9-be38-fb8b90c5a133, result items: [{'sku': 'b2926dc2-cc6d-4c3e-ae40-7a127c173b16', 'remaining': 0}], status: RESERVED
2026-08-18 20:56:38,397 - INFO - Request for get_stock_by_skus, skus: ['b2926dc2-cc6d-4c3e-ae40-7a127c173b16']
2026-08-18 20:56:38,401 - INFO - Request for get_stock_by_skus successfully processed, result: {'b2926dc2-cc6d-4c3e-ae40-7a127c173b16': 0}
2026-08-18 20:56:38,475 - INFO - Request for reserve_stock, order_id: ece7f805-8d5a-48b1-849a-3b626763c31a, request: order_id='ece7f805-8d5a-48b1-849a-3b626763c31a' items=[CartItem(sku='b2926dc2-cc6d-4c3e-ae40-7a127c173b16', qty=2)] atomic_update=True delay=0.0 drop=0
2026-08-18 20:56:38,475 - INFO - Failure injected for inventory reserve_stock INJECT_DELAY: 0, INJECT_DROP_RATE: 0
2026-08-18 20:56:38,476 - INFO - Request for reserve_stock successfully processed, order_id: ece7f805-8d5a-48b1-849a-3b626763c31a, failed_sku: b2926dc2-cc6d-4c3e-ae40-7a127c173b16, status: OUT_OF_STOCK
2026-08-18 20:56:38,477 - ERROR - Exception in Request for reserve_stock, order_id: ece7f805-8d5a-48b1-849a-3b626763c31a, status: OUT_OF_STOCK, Error: Out of stock: b2926dc2-cc6d-4c3e-ae40-7a127c173b16
2026-08-18 20:56:38,491 - INFO - Request for get_stock_by_skus, skus: ['b2926dc2-cc6d-4c3e-ae40-7a127c173b16']
2026-08-18 20:56:38,493 - INFO - Request for get_stock_by_skus successfully processed, result: {'b2926dc2-cc6d-4c3e-ae40-7a127c173b16': 0}
2026-08-18 20:56:38,543 - INFO - Request for reserve_stock, order_id: 32217f21-2423-48fa-b5ee-352e118fd1a2, request: order_id='32217f21-2423-48fa-b5ee-352e118fd1a2' items=[CartItem(sku='b2926dc2-cc6d-4c3e-ae40-7a127c173b16', qty=2)] atomic_update=True delay=0.0 drop=0
2026-08-18 20:56:38,544 - INFO - Failure injected for inventory reserve_stock INJECT_DELAY: 0, INJECT_DROP_RATE: 0
2026-08-18 20:56:38,545 - INFO - Request for reserve_stock successfully processed, order_id: 32217f21-2423-48fa-b5ee-352e118fd1a2, failed_sku: b2926dc2-cc6d-4c3e-ae40-7a127c173b16, status: OUT_OF_STOCK
2026-08-18 20:56:38,545 - ERROR - Exception in Request for reserve_stock, order_id: 32217f21-2423-48fa-b5ee-352e118fd1a2, status: OUT_OF_STOCK, Error: Out of stock: b2926dc2-cc6d-4c3e-ae40-7a127c173b16
2026-08-18 20:56:38,560 - INFO - Request for get_stock_by_skus, skus: ['b2926dc2-cc6d-4c3e-ae40-7a127c173b16']
2026-08-18 20:56:38,562 - INFO - Request for get_stock_by_skus successfully processed, result: {'b2926dc2-cc6d-4c3e-ae40-7a127c173b16': 0}
2026-08-18 20:56:38,607 - INFO - Request for reserve_stock, order_id: 3ff1fe3a-55e2-40d6-a24e-4b89785f3588, request: order_id='3ff1fe3a-55e2-40d6-a24e-4b89785f3588' items=[CartItem(sku='b2926dc2-cc6d-4c3e-ae40-7a127c173b16', qty=2)] atomic_update=True delay=0.0 drop=0
2026-08-18 20:56:38,607 - INFO - Failure injected for inventory reserve_stock INJECT_DELAY: 0, INJECT_DROP_RATE: 0
2026-08-18 20:56:38,609 - INFO - Request for reserve_stock successfully processed, order_id: 3ff1fe3a-55e2-40d6-a24e-4b89785f3588, failed_sku: b2926dc2-cc6d-4c3e-ae40-7a127c173b16, status: OUT_OF_STOCK
2026-08-18 20:56:38,609 - ERROR - Exception in Request for reserve_stock, order_id: 3ff1fe3a-55e2-40d6-a24e-4b89785f3588, status: OUT_OF_STOCK, Error: Out of stock: b2926dc2-cc6d-4c3e-ae40-7a127c173b16
2026-08-18 20:56:38,622 - INFO - Request for get_stock_by_skus, skus: ['b2926dc2-cc6d-4c3e-ae40-7a127c173b16']
2026-08-18 20:56:38,623 - INFO - Request for get_stock_by_skus successfully processed, result: {'b2926dc2-cc6d-4c3e-ae40-7a127c173b16': 0}
2026-08-18 20:56:38,656 - INFO - Request for reserve_stock, order_id: e65e453d-c78e-4923-915c-977ce5ada181, request: order_id='e65e453d-c78e-4923-915c-977ce5ada181' items=[CartItem(sku='b2926dc2-cc6d-4c3e-ae40-7a127c173b16', qty=2)] atomic_update=True delay=0.0 drop=0
2026-08-18 20:56:38,656 - INFO - Failure injected for inventory reserve_stock INJECT_DELAY: 0, INJECT_DROP_RATE: 0
2026-08-18 20:56:38,657 - INFO - Request for reserve_stock successfully processed, order_id: e65e453d-c78e-4923-915c-977ce5ada181, failed_sku: b2926dc2-cc6d-4c3e-ae40-7a127c173b16, status: OUT_OF_STOCK
2026-08-18 20:56:38,657 - ERROR - Exception in Request for reserve_stock, order_id: e65e453d-c78e-4923-915c-977ce5ada181, status: OUT_OF_STOCK, Error: Out of stock: b2926dc2-cc6d-4c3e-ae40-7a127c173b16
2026-08-18 20:56:38,667 - INFO - Request for get_stock_by_skus, skus: ['b2926dc2-cc6d-4c3e-ae40-7a127c173b16']
2026-08-18 20:56:38,669 - INFO - Request for get_stock_by_skus successfully processed, result: {'b2926dc2-cc6d-4c3e-ae40-7a127c173b16': 0}
2026-08-18 20:56:38,702 - INFO - Request for reserve_stock, order_id: 80e4002e-8ddb-4cbe-91ec-0d81f151a376, request: order_id='80e4002e-8ddb-4cbe-91ec-0d81f151a376' items=[CartItem(sku='b2926dc2-cc6d-4c3e-ae40-7a127c173b16', qty=2)] atomic_update=True delay=0.0 drop=0
2026-08-18 20:56:38,702 - INFO - Failure injected for inventory reserve_stock INJECT_DELAY: 0, INJECT_DROP_RATE: 0
2026-08-18 20:56:38,703 - INFO - Request for reserve_stock successfully processed, order_id: 80e4002e-8ddb-4cbe-91ec-0d81f151a376, failed_sku: b2926dc2-cc6d-4c3e-ae40-7a127c173b16, status: OUT_OF_STOCK
2026-08-18 20:56:38,703 - ERROR - Exception in Request for reserve_stock, order_id: 80e4002e-8ddb-4cbe-91ec-0d81f151a376, status: OUT_OF_STOCK, Error: Out of stock: b2926dc2-cc6d-4c3e-ae40-7a127c173b16
2026-08-18 20:57:18,878 - INFO - Request for get_stock_by_skus, skus: ['b2926dc2-cc6d-4c3e-ae40-7a127c173b16']
2026-08-18 20:57:18,879 - INFO - Request for get_stock_by_skus successfully processed, result: {'b2926dc2-cc6d-4c3e-ae40-7a127c173b16': 10}
2026-08-18 20:57:18,913 - INFO - Request for reserve_stock, order_id: 9494eefb-56df-4ee9-a776-2886ff249e8c, request: order_id='9494eefb-56df-4ee9-a776-2886ff249e8c' items=[CartItem(sku='b2926dc2-cc6d-4c3e-ae40-7a127c173b16', qty=2)] atomic_update=True delay=0.0 drop=0
2026-08-18 20:57:18,913 - INFO - Failure injected for inventory reserve_stock INJECT_DELAY: 0, INJECT_DROP_RATE: 0
2026-08-18 20:57:18,915 - INFO - Request for reserve_stock successfully processed, order_id: 9494eefb-56df-4ee9-a776-2886ff249e8c, result items: [{'sku': 'b2926dc2-cc6d-4c3e-ae40-7a127c173b16', 'remaining': 8}], status: RESERVED
2026-08-18 20:57:19,441 - INFO - Request for get_stock_by_skus, skus: ['b2926dc2-cc6d-4c3e-ae40-7a127c173b16']
2026-08-18 20:57:19,443 - INFO - Request for get_stock_by_skus successfully processed, result: {'b2926dc2-cc6d-4c3e-ae40-7a127c173b16': 8}
2026-08-18 20:57:19,477 - INFO - Request for reserve_stock, order_id: db847308-56ad-4879-8429-aff08d353fa8, request: order_id='db847308-56ad-4879-8429-aff08d353fa8' items=[CartItem(sku='b2926dc2-cc6d-4c3e-ae40-7a127c173b16', qty=2)] atomic_update=True delay=0.0 drop=0
2026-08-18 20:57:19,478 - INFO - Failure injected for inventory reserve_stock INJECT_DELAY: 0, INJECT_DROP_RATE: 0
2026-08-18 20:57:19,480 - INFO - Request for reserve_stock successfully processed, order_id: db847308-56ad-4879-8429-aff08d353fa8, result items: [{'sku': 'b2926dc2-cc6d-4c3e-ae40-7a127c173b16', 'remaining': 6}], status: RESERVED
2026-08-18 20:57:20,040 - INFO - Request for get_stock_by_skus, skus: ['b2926dc2-cc6d-4c3e-ae40-7a127c173b16']
2026-08-18 20:57:20,042 - INFO - Request for get_stock_by_skus successfully processed, result: {'b2926dc2-cc6d-4c3e-ae40-7a127c173b16': 6}
2026-08-18 20:57:20,086 - INFO - Request for reserve_stock, order_id: c6354b2a-4d7f-46ac-aadf-9f4f30c855df, request: order_id='c6354b2a-4d7f-46ac-aadf-9f4f30c855df' items=[CartItem(sku='b2926dc2-cc6d-4c3e-ae40-7a127c173b16', qty=2)] atomic_update=True delay=0.0 drop=0
2026-08-18 20:57:20,086 - INFO - Failure injected for inventory reserve_stock INJECT_DELAY: 0, INJECT_DROP_RATE: 0
2026-08-18 20:57:20,091 - INFO - Request for reserve_stock successfully processed, order_id: c6354b2a-4d7f-46ac-aadf-9f4f30c855df, result items: [{'sku': 'b2926dc2-cc6d-4c3e-ae40-7a127c173b16', 'remaining': 4}], status: RESERVED
2026-08-18 20:57:20,666 - INFO - Request for get_stock_by_skus, skus: ['b2926dc2-cc6d-4c3e-ae40-7a127c173b16']
2026-08-18 20:57:20,668 - INFO - Request for get_stock_by_skus successfully processed, result: {'b2926dc2-cc6d-4c3e-ae40-7a127c173b16': 4}
2026-08-18 20:57:20,717 - INFO - Request for reserve_stock, order_id: e928f7ab-0435-427e-b9ff-3a2f4bc7a129, request: order_id='e928f7ab-0435-427e-b9ff-3a2f4bc7a129' items=[CartItem(sku='b2926dc2-cc6d-4c3e-ae40-7a127c173b16', qty=2)] atomic_update=True delay=0.0 drop=0
2026-08-18 20:57:20,717 - INFO - Failure injected for inventory reserve_stock INJECT_DELAY: 0, INJECT_DROP_RATE: 0
2026-08-18 20:57:20,719 - INFO - Request for reserve_stock successfully processed, order_id: e928f7ab-0435-427e-b9ff-3a2f4bc7a129, result items: [{'sku': 'b2926dc2-cc6d-4c3e-ae40-7a127c173b16', 'remaining': 2}], status: RESERVED
2026-08-18 20:57:21,295 - INFO - Request for get_stock_by_skus, skus: ['b2926dc2-cc6d-4c3e-ae40-7a127c173b16']
2026-08-18 20:57:21,298 - INFO - Request for get_stock_by_skus successfully processed, result: {'b2926dc2-cc6d-4c3e-ae40-7a127c173b16': 2}
2026-08-18 20:57:21,343 - INFO - Request for reserve_stock, order_id: 25455fd6-b7a8-4900-ad90-5aeedaefe4ef, request: order_id='25455fd6-b7a8-4900-ad90-5aeedaefe4ef' items=[CartItem(sku='b2926dc2-cc6d-4c3e-ae40-7a127c173b16', qty=2)] atomic_update=True delay=0.0 drop=0
2026-08-18 20:57:21,343 - INFO - Failure injected for inventory reserve_stock INJECT_DELAY: 0, INJECT_DROP_RATE: 0
2026-08-18 20:57:21,345 - INFO - Request for reserve_stock successfully processed, order_id: 25455fd6-b7a8-4900-ad90-5aeedaefe4ef, result items: [{'sku': 'b2926dc2-cc6d-4c3e-ae40-7a127c173b16', 'remaining': 0}], status: RESERVED
2026-08-18 20:57:21,917 - INFO - Request for get_stock_by_skus, skus: ['b2926dc2-cc6d-4c3e-ae40-7a127c173b16']
2026-08-18 20:57:21,921 - INFO - Request for get_stock_by_skus successfully processed, result: {'b2926dc2-cc6d-4c3e-ae40-7a127c173b16': 0}
2026-08-18 20:57:21,994 - INFO - Request for reserve_stock, order_id: 0a92a9eb-77bb-4a31-a862-4fbe95552920, request: order_id='0a92a9eb-77bb-4a31-a862-4fbe95552920' items=[CartItem(sku='b2926dc2-cc6d-4c3e-ae40-7a127c173b16', qty=2)] atomic_update=True delay=0.0 drop=0
2026-08-18 20:57:21,994 - INFO - Failure injected for inventory reserve_stock INJECT_DELAY: 0, INJECT_DROP_RATE: 0
2026-08-18 20:57:21,996 - INFO - Request for reserve_stock successfully processed, order_id: 0a92a9eb-77bb-4a31-a862-4fbe95552920, failed_sku: b2926dc2-cc6d-4c3e-ae40-7a127c173b16, status: OUT_OF_STOCK
2026-08-18 20:57:21,996 - ERROR - Exception in Request for reserve_stock, order_id: 0a92a9eb-77bb-4a31-a862-4fbe95552920, status: OUT_OF_STOCK, Error: Out of stock: b2926dc2-cc6d-4c3e-ae40-7a127c173b16
2026-08-18 20:57:22,009 - INFO - Request for get_stock_by_skus, skus: ['b2926dc2-cc6d-4c3e-ae40-7a127c173b16']
2026-08-18 20:57:22,011 - INFO - Request for get_stock_by_skus successfully processed, result: {'b2926dc2-cc6d-4c3e-ae40-7a127c173b16': 0}
2026-08-18 20:57:22,044 - INFO - Request for reserve_stock, order_id: 34f800a5-9ead-4808-a703-4f35ca22dbf6, request: order_id='34f800a5-9ead-4808-a703-4f35ca22dbf6' items=[CartItem(sku='b2926dc2-cc6d-4c3e-ae40-7a127c173b16', qty=2)] atomic_update=True delay=0.0 drop=0
2026-08-18 20:57:22,045 - INFO - Failure injected for inventory reserve_stock INJECT_DELAY: 0, INJECT_DROP_RATE: 0
2026-08-18 20:57:22,046 - INFO - Request for reserve_stock successfully processed, order_id: 34f800a5-9ead-4808-a703-4f35ca22dbf6, failed_sku: b2926dc2-cc6d-4c3e-ae40-7a127c173b16, status: OUT_OF_STOCK
2026-08-18 20:57:22,046 - ERROR - Exception in Request for reserve_stock, order_id: 34f800a5-9ead-4808-a703-4f35ca22dbf6, status: OUT_OF_STOCK, Error: Out of stock: b2926dc2-cc6d-4c3e-ae40-7a127c173b16
2026-08-18 20:57:22,056 - INFO - Request for get_stock_by_skus, skus: ['b2926dc2-cc6d-4c3e-ae40-7a127c173b16']
2026-08-18 20:57:22,057 - INFO - Request for get_stock_by_skus successfully processed, result: {'b2926dc2-cc6d-4c3e-ae40-7a127c173b16': 0}
2026-08-18 20:57:22,094 - INFO - Request for reserve_stock, order_id: 3611e3c8-c869-43da-8cc6-c367d2c27035, request: order_id='3611e3c8-c869-43da-8cc6-c367d2c27035' items=[CartItem(sku='b2926dc2-cc6d-4c3e-ae40-7a127c173b16', qty=2)] atomic_update=True delay=0.0 drop=0
2026-08-18 20:57:22,095 - INFO - Failure injected for inventory reserve_stock INJECT_DELAY: 0, INJECT_DROP_RATE: 0
2026-08-18 20:57:22,096 - INFO - Request for reserve_stock successfully processed, order_id: 3611e3c8-c869-43da-8cc6-c367d2c27035, failed_sku: b2926dc2-cc6d-4c3e-ae40-7a127c173b16, status: OUT_OF_STOCK
2026-08-18 20:57:22,096 - ERROR - Exception in Request for reserve_stock, order_id: 3611e3c8-c869-43da-8cc6-c367d2c27035, status: OUT_OF_STOCK, Error: Out of stock: b2926dc2-cc6d-4c3e-ae40-7a127c173b16
2026-08-18 20:57:22,104 - INFO - Request for get_stock_by_skus, skus: ['b2926dc2-cc6d-4c3e-ae40-7a127c173b16']
2026-08-18 20:57:22,105 - INFO - Request for get_stock_by_skus successfully processed, result: {'b2926dc2-cc6d-4c3e-ae40-7a127c173b16': 0}
2026-08-18 20:57:22,133 - INFO - Request for reserve_stock, order_id: e51b6f11-9112-49c3-babe-0d086dd28cdf, request: order_id='e51b6f11-9112-49c3-babe-0d086dd28cdf' items=[CartItem(sku='b2926dc2-cc6d-4c3e-ae40-7a127c173b16', qty=2)] atomic_update=True delay=0.0 drop=0
2026-08-18 20:57:22,133 - INFO - Failure injected for inventory reserve_stock INJECT_DELAY: 0, INJECT_DROP_RATE: 0
2026-08-18 20:57:22,134 - INFO - Request for reserve_stock successfully processed, order_id: e51b6f11-9112-49c3-babe-0d086dd28cdf, failed_sku: b2926dc2-cc6d-4c3e-ae40-7a127c173b16, status: OUT_OF_STOCK
2026-08-18 20:57:22,134 - ERROR - Exception in Request for reserve_stock, order_id: e51b6f11-9112-49c3-babe-0d086dd28cdf, status: OUT_OF_STOCK, Error: Out of stock: b2926dc2-cc6d-4c3e-ae40-7a127c173b16
2026-08-18 20:57:22,148 - INFO - Request for get_stock_by_skus, skus: ['b2926dc2-cc6d-4c3e-ae40-7a127c173b16']
2026-08-18 20:57:22,150 - INFO - Request for get_stock_by_skus successfully processed, result: {'b2926dc2-cc6d-4c3e-ae40-7a127c173b16': 0}
2026-08-18 20:57:22,196 - INFO - Request for reserve_stock, order_id: 42aad6b3-e540-4833-8c51-723c7790e901, request: order_id='42aad6b3-e540-4833-8c51-723c7790e901' items=[CartItem(sku='b2926dc2-cc6d-4c3e-ae40-7a127c173b16', qty=2)] atomic_update=True delay=0.0 drop=0
2026-08-18 20:57:22,197 - INFO - Failure injected for inventory reserve_stock INJECT_DELAY: 0, INJECT_DROP_RATE: 0
2026-08-18 20:57:22,198 - INFO - Request for reserve_stock successfully processed, order_id: 42aad6b3-e540-4833-8c51-723c7790e901, failed_sku: b2926dc2-cc6d-4c3e-ae40-7a127c173b16, status: OUT_OF_STOCK
2026-08-18 20:57:22,199 - ERROR - Exception in Request for reserve_stock, order_id: 42aad6b3-e540-4833-8c51-723c7790e901, status: OUT_OF_STOCK, Error: Out of stock: b2926dc2-cc6d-4c3e-ae40-7a127c173b16
2026-08-18 20:58:14,203 - INFO - Request for get_stock_by_skus, skus: ['b2926dc2-cc6d-4c3e-ae40-7a127c173b16']
2026-08-18 20:58:14,205 - INFO - Request for get_stock_by_skus, skus: ['b2926dc2-cc6d-4c3e-ae40-7a127c173b16']
2026-08-18 20:58:14,205 - INFO - Request for get_stock_by_skus successfully processed, result: {'b2926dc2-cc6d-4c3e-ae40-7a127c173b16': 10}
2026-08-18 20:58:14,206 - INFO - Request for get_stock_by_skus, skus: ['b2926dc2-cc6d-4c3e-ae40-7a127c173b16']
2026-08-18 20:58:14,208 - INFO - Request for get_stock_by_skus successfully processed, result: {'b2926dc2-cc6d-4c3e-ae40-7a127c173b16': 10}
2026-08-18 20:58:14,209 - INFO - Request for get_stock_by_skus, skus: ['b2926dc2-cc6d-4c3e-ae40-7a127c173b16']
2026-08-18 20:58:14,210 - INFO - Request for get_stock_by_skus, skus: ['b2926dc2-cc6d-4c3e-ae40-7a127c173b16']
2026-08-18 20:58:14,212 - INFO - Request for get_stock_by_skus successfully processed, result: {'b2926dc2-cc6d-4c3e-ae40-7a127c173b16': 10}
2026-08-18 20:58:14,214 - INFO - Request for get_stock_by_skus successfully processed, result: {'b2926dc2-cc6d-4c3e-ae40-7a127c173b16': 10}
2026-08-18 20:58:14,215 - INFO - Request for get_stock_by_skus, skus: ['b2926dc2-cc6d-4c3e-ae40-7a127c173b16']
2026-08-18 20:58:14,216 - INFO - Request for get_stock_by_skus successfully processed, result: {'b2926dc2-cc6d-4c3e-ae40-7a127c173b16': 10}
2026-08-18 20:58:14,218 - INFO - Request for get_stock_by_skus successfully processed, result: {'b2926dc2-cc6d-4c3e-ae40-7a127c173b16': 10}
2026-08-18 20:58:14,219 - INFO - Request for get_stock_by_skus, skus: ['b2926dc2-cc6d-4c3e-ae40-7a127c173b16']
2026-08-18 20:58:14,220 - INFO - Request for get_stock_by_skus, skus: ['b2926dc2-cc6d-4c3e-ae40-7a127c173b16']
2026-08-18 20:58:14,221 - INFO - Request for get_stock_by_skus successfully processed, result: {'b2926dc2-cc6d-4c3e-ae40-7a127c173b16': 10}
2026-08-18 20:58:14,222 - INFO - Request for get_stock_by_skus successfully processed, result: {'b2926dc2-cc6d-4c3e-ae40-7a127c173b16': 10}
2026-08-18 20:58:14,224 - INFO - Request for get_stock_by_skus, skus: ['b2926dc2-cc6d-4c3e-ae40-7a127c173b16']
2026-08-18 20:58:14,225 - INFO - Request for get_stock_by_skus successfully processed, result: {'b2926dc2-cc6d-4c3e-ae40-7a127c173b16': 10}
2026-08-18 20:58:14,239 - INFO - Request for get_stock_by_skus, skus: ['b2926dc2-cc6d-4c3e-ae40-7a127c173b16']
2026-08-18 20:58:14,240 - INFO - Request for get_stock_by_skus successfully processed, result: {'b2926dc2-cc6d-4c3e-ae40-7a127c173b16': 10}
2026-08-18 20:58:14,449 - INFO - Request for reserve_stock, order_id: 6fdfb269-ce3a-4a92-8263-0be07f4f0bc2, request: order_id='6fdfb269-ce3a-4a92-8263-0be07f4f0bc2' items=[CartItem(sku='b2926dc2-cc6d-4c3e-ae40-7a127c173b16', qty=2)] atomic_update=True delay=0.0 drop=0
2026-08-18 20:58:14,450 - INFO - Failure injected for inventory reserve_stock INJECT_DELAY: 0, INJECT_DROP_RATE: 0
2026-08-18 20:58:14,452 - INFO - Request for reserve_stock successfully processed, order_id: 6fdfb269-ce3a-4a92-8263-0be07f4f0bc2, result items: [{'sku': 'b2926dc2-cc6d-4c3e-ae40-7a127c173b16', 'remaining': 8}], status: RESERVED
2026-08-18 20:58:15,025 - INFO - Request for get_stock_by_skus, skus: ['b2926dc2-cc6d-4c3e-ae40-7a127c173b16']
2026-08-18 20:58:15,030 - INFO - Request for get_stock_by_skus successfully processed, result: {'b2926dc2-cc6d-4c3e-ae40-7a127c173b16': 8}
2026-08-18 20:58:15,039 - INFO - Request for reserve_stock, order_id: 9fecd78b-d5bf-4b47-8beb-e16361b78eee, request: order_id='9fecd78b-d5bf-4b47-8beb-e16361b78eee' items=[CartItem(sku='b2926dc2-cc6d-4c3e-ae40-7a127c173b16', qty=2)] atomic_update=True delay=0.0 drop=0
2026-08-18 20:58:15,040 - INFO - Failure injected for inventory reserve_stock INJECT_DELAY: 0, INJECT_DROP_RATE: 0
2026-08-18 20:58:15,049 - INFO - Request for reserve_stock successfully processed, order_id: 9fecd78b-d5bf-4b47-8beb-e16361b78eee, result items: [{'sku': 'b2926dc2-cc6d-4c3e-ae40-7a127c173b16', 'remaining': 6}], status: RESERVED
2026-08-18 20:58:15,619 - INFO - Request for reserve_stock, order_id: 673c47ac-f52d-4f8d-9f75-bcd7c3395411, request: order_id='673c47ac-f52d-4f8d-9f75-bcd7c3395411' items=[CartItem(sku='b2926dc2-cc6d-4c3e-ae40-7a127c173b16', qty=2)] atomic_update=True delay=0.0 drop=0
2026-08-18 20:58:15,620 - INFO - Failure injected for inventory reserve_stock INJECT_DELAY: 0, INJECT_DROP_RATE: 0
2026-08-18 20:58:15,626 - INFO - Request for reserve_stock successfully processed, order_id: 673c47ac-f52d-4f8d-9f75-bcd7c3395411, result items: [{'sku': 'b2926dc2-cc6d-4c3e-ae40-7a127c173b16', 'remaining': 4}], status: RESERVED
2026-08-18 20:58:16,154 - INFO - Request for reserve_stock, order_id: 92066bae-c062-46e9-a172-96369a6dd931, request: order_id='92066bae-c062-46e9-a172-96369a6dd931' items=[CartItem(sku='b2926dc2-cc6d-4c3e-ae40-7a127c173b16', qty=2)] atomic_update=True delay=0.0 drop=0
2026-08-18 20:58:16,154 - INFO - Failure injected for inventory reserve_stock INJECT_DELAY: 0, INJECT_DROP_RATE: 0
2026-08-18 20:58:16,155 - INFO - Request for reserve_stock successfully processed, order_id: 92066bae-c062-46e9-a172-96369a6dd931, result items: [{'sku': 'b2926dc2-cc6d-4c3e-ae40-7a127c173b16', 'remaining': 2}], status: RESERVED
2026-08-18 20:58:16,698 - INFO - Request for reserve_stock, order_id: cfd83a80-1dfe-4c2b-89af-784665930b81, request: order_id='cfd83a80-1dfe-4c2b-89af-784665930b81' items=[CartItem(sku='b2926dc2-cc6d-4c3e-ae40-7a127c173b16', qty=2)] atomic_update=True delay=0.0 drop=0
2026-08-18 20:58:16,699 - INFO - Failure injected for inventory reserve_stock INJECT_DELAY: 0, INJECT_DROP_RATE: 0
2026-08-18 20:58:16,704 - INFO - Request for reserve_stock successfully processed, order_id: cfd83a80-1dfe-4c2b-89af-784665930b81, result items: [{'sku': 'b2926dc2-cc6d-4c3e-ae40-7a127c173b16', 'remaining': 0}], status: RESERVED
2026-08-18 20:58:17,228 - INFO - Request for reserve_stock, order_id: 1bc12d38-f7f1-46c7-8c40-b2e8f3a94ec9, request: order_id='1bc12d38-f7f1-46c7-8c40-b2e8f3a94ec9' items=[CartItem(sku='b2926dc2-cc6d-4c3e-ae40-7a127c173b16', qty=2)] atomic_update=True delay=0.0 drop=0
2026-08-18 20:58:17,228 - INFO - Failure injected for inventory reserve_stock INJECT_DELAY: 0, INJECT_DROP_RATE: 0
2026-08-18 20:58:17,229 - INFO - Request for reserve_stock successfully processed, order_id: 1bc12d38-f7f1-46c7-8c40-b2e8f3a94ec9, failed_sku: b2926dc2-cc6d-4c3e-ae40-7a127c173b16, status: OUT_OF_STOCK
2026-08-18 20:58:17,229 - ERROR - Exception in Request for reserve_stock, order_id: 1bc12d38-f7f1-46c7-8c40-b2e8f3a94ec9, status: OUT_OF_STOCK, Error: Out of stock: b2926dc2-cc6d-4c3e-ae40-7a127c173b16
2026-08-18 20:58:17,235 - INFO - Request for reserve_stock, order_id: df7b4f45-7b2f-4b22-8dcb-0d9d5c2aaf39, request: order_id='df7b4f45-7b2f-4b22-8dcb-0d9d5c2aaf39' items=[CartItem(sku='b2926dc2-cc6d-4c3e-ae40-7a127c173b16', qty=2)] atomic_update=True delay=0.0 drop=0
2026-08-18 20:58:17,235 - INFO - Failure injected for inventory reserve_stock INJECT_DELAY: 0, INJECT_DROP_RATE: 0
2026-08-18 20:58:17,236 - INFO - Request for reserve_stock successfully processed, order_id: df7b4f45-7b2f-4b22-8dcb-0d9d5c2aaf39, failed_sku: b2926dc2-cc6d-4c3e-ae40-7a127c173b16, status: OUT_OF_STOCK
2026-08-18 20:58:17,236 - ERROR - Exception in Request for reserve_stock, order_id: df7b4f45-7b2f-4b22-8dcb-0d9d5c2aaf39, status: OUT_OF_STOCK, Error: Out of stock: b2926dc2-cc6d-4c3e-ae40-7a127c173b16
2026-08-18 20:58:17,241 - INFO - Request for reserve_stock, order_id: a2c5a10f-a622-40f5-876a-8ddafc3ea74b, request: order_id='a2c5a10f-a622-40f5-876a-8ddafc3ea74b' items=[CartItem(sku='b2926dc2-cc6d-4c3e-ae40-7a127c173b16', qty=2)] atomic_update=True delay=0.0 drop=0
2026-08-18 20:58:17,242 - INFO - Failure injected for inventory reserve_stock INJECT_DELAY: 0, INJECT_DROP_RATE: 0
2026-08-18 20:58:17,243 - INFO - Request for reserve_stock successfully processed, order_id: a2c5a10f-a622-40f5-876a-8ddafc3ea74b, failed_sku: b2926dc2-cc6d-4c3e-ae40-7a127c173b16, status: OUT_OF_STOCK
2026-08-18 20:58:17,243 - ERROR - Exception in Request for reserve_stock, order_id: a2c5a10f-a622-40f5-876a-8ddafc3ea74b, status: OUT_OF_STOCK, Error: Out of stock: b2926dc2-cc6d-4c3e-ae40-7a127c173b16
2026-08-18 20:58:17,248 - INFO - Request for reserve_stock, order_id: 9e6774cd-b09e-4a06-a6a1-981e47933c07, request: order_id='9e6774cd-b09e-4a06-a6a1-981e47933c07' items=[CartItem(sku='b2926dc2-cc6d-4c3e-ae40-7a127c173b16', qty=2)] atomic_update=True delay=0.0 drop=0
2026-08-18 20:58:17,248 - INFO - Failure injected for inventory reserve_stock INJECT_DELAY: 0, INJECT_DROP_RATE: 0
2026-08-18 20:58:17,249 - INFO - Request for reserve_stock successfully processed, order_id: 9e6774cd-b09e-4a06-a6a1-981e47933c07, failed_sku: b2926dc2-cc6d-4c3e-ae40-7a127c173b16, status: OUT_OF_STOCK
2026-08-18 20:58:17,250 - ERROR - Exception in Request for reserve_stock, order_id: 9e6774cd-b09e-4a06-a6a1-981e47933c07, status: OUT_OF_STOCK, Error: Out of stock: b2926dc2-cc6d-4c3e-ae40-7a127c173b16
2026-08-18 20:58:17,255 - INFO - Request for reserve_stock, order_id: d1724c12-c884-4a18-91f4-81ae2c6217dd, request: order_id='d1724c12-c884-4a18-91f4-81ae2c6217dd' items=[CartItem(sku='b2926dc2-cc6d-4c3e-ae40-7a127c173b16', qty=2)] atomic_update=True delay=0.0 drop=0
2026-08-18 20:58:17,255 - INFO - Failure injected for inventory reserve_stock INJECT_DELAY: 0, INJECT_DROP_RATE: 0
2026-08-18 20:58:17,256 - INFO - Request for reserve_stock successfully processed, order_id: d1724c12-c884-4a18-91f4-81ae2c6217dd, failed_sku: b2926dc2-cc6d-4c3e-ae40-7a127c173b16, status: OUT_OF_STOCK
2026-08-18 20:58:17,257 - ERROR - Exception in Request for reserve_stock, order_id: d1724c12-c884-4a18-91f4-81ae2c6217dd, status: OUT_OF_STOCK, Error: Out of stock: b2926dc2-cc6d-4c3e-ae40-7a127c173b16
2026-08-18 20:58:17,278 - INFO - Request for reserve_stock, order_id: 58a0fa8c-99a0-4d3d-af35-c803413fc327, request: order_id='58a0fa8c-99a0-4d3d-af35-c803413fc327' items=[CartItem(sku='b2926dc2-cc6d-4c3e-ae40-7a127c173b16', qty=2)] atomic_update=True delay=0.0 drop=0
2026-08-18 20:58:17,278 - INFO - Failure injected for inventory reserve_stock INJECT_DELAY: 0, INJECT_DROP_RATE: 0
2026-08-18 20:58:17,280 - INFO - Request for reserve_stock successfully processed, order_id: 58a0fa8c-99a0-4d3d-af35-c803413fc327, failed_sku: b2926dc2-cc6d-4c3e-ae40-7a127c173b16, status: OUT_OF_STOCK
2026-08-18 20:58:17,280 - ERROR - Exception in Request for reserve_stock, order_id: 58a0fa8c-99a0-4d3d-af35-c803413fc327, status: OUT_OF_STOCK, Error: Out of stock: b2926dc2-cc6d-4c3e-ae40-7a127c173b16
2026-08-18 20:58:17,286 - INFO - Request for get_stock_by_skus, skus: ['b2926dc2-cc6d-4c3e-ae40-7a127c173b16']
2026-08-18 20:58:17,289 - INFO - Request for get_stock_by_skus successfully processed, result: {'b2926dc2-cc6d-4c3e-ae40-7a127c173b16': 0}
2026-08-18 20:58:17,308 - INFO - Request for get_stock_by_skus, skus: ['b2926dc2-cc6d-4c3e-ae40-7a127c173b16']
2026-08-18 20:58:17,310 - INFO - Request for get_stock_by_skus successfully processed, result: {'b2926dc2-cc6d-4c3e-ae40-7a127c173b16': 0}
2026-08-18 20:58:17,328 - INFO - Request for get_stock_by_skus, skus: ['b2926dc2-cc6d-4c3e-ae40-7a127c173b16']
2026-08-18 20:58:17,329 - INFO - Request for get_stock_by_skus successfully processed, result: {'b2926dc2-cc6d-4c3e-ae40-7a127c173b16': 0}
2026-08-18 20:58:17,337 - INFO - Request for get_stock_by_skus, skus: ['b2926dc2-cc6d-4c3e-ae40-7a127c173b16']
2026-08-18 20:58:17,339 - INFO - Request for get_stock_by_skus successfully processed, result: {'b2926dc2-cc6d-4c3e-ae40-7a127c173b16': 0}
2026-08-18 20:58:17,343 - INFO - Request for get_stock_by_skus, skus: ['b2926dc2-cc6d-4c3e-ae40-7a127c173b16']
2026-08-18 20:58:17,344 - INFO - Request for get_stock_by_skus successfully processed, result: {'b2926dc2-cc6d-4c3e-ae40-7a127c173b16': 0}
2026-08-18 20:58:17,354 - INFO - Request for get_stock_by_skus, skus: ['b2926dc2-cc6d-4c3e-ae40-7a127c173b16']
2026-08-18 20:58:17,356 - INFO - Request for get_stock_by_skus successfully processed, result: {'b2926dc2-cc6d-4c3e-ae40-7a127c173b16': 0}
2026-08-18 20:58:17,367 - INFO - Request for reserve_stock, order_id: 342a6c53-cf66-40cc-ac1f-bde05ee53842, request: order_id='342a6c53-cf66-40cc-ac1f-bde05ee53842' items=[CartItem(sku='b2926dc2-cc6d-4c3e-ae40-7a127c173b16', qty=2)] atomic_update=True delay=0.0 drop=0
2026-08-18 20:58:17,367 - INFO - Failure injected for inventory reserve_stock INJECT_DELAY: 0, INJECT_DROP_RATE: 0
2026-08-18 20:58:17,369 - INFO - Request for get_stock_by_skus, skus: ['b2926dc2-cc6d-4c3e-ae40-7a127c173b16']
2026-08-18 20:58:17,371 - INFO - Request for reserve_stock successfully processed, order_id: 342a6c53-cf66-40cc-ac1f-bde05ee53842, failed_sku: b2926dc2-cc6d-4c3e-ae40-7a127c173b16, status: OUT_OF_STOCK
2026-08-18 20:58:17,373 - INFO - Request for get_stock_by_skus successfully processed, result: {'b2926dc2-cc6d-4c3e-ae40-7a127c173b16': 0}
2026-08-18 20:58:17,373 - ERROR - Exception in Request for reserve_stock, order_id: 342a6c53-cf66-40cc-ac1f-bde05ee53842, status: OUT_OF_STOCK, Error: Out of stock: b2926dc2-cc6d-4c3e-ae40-7a127c173b16
2026-08-18 20:58:17,375 - INFO - Request for get_stock_by_skus, skus: ['b2926dc2-cc6d-4c3e-ae40-7a127c173b16']
2026-08-18 20:58:17,377 - INFO - Request for get_stock_by_skus successfully processed, result: {'b2926dc2-cc6d-4c3e-ae40-7a127c173b16': 0}
2026-08-18 20:58:17,390 - INFO - Request for get_stock_by_skus, skus: ['b2926dc2-cc6d-4c3e-ae40-7a127c173b16']
2026-08-18 20:58:17,394 - INFO - Request for get_stock_by_skus successfully processed, result: {'b2926dc2-cc6d-4c3e-ae40-7a127c173b16': 0}
2026-08-18 20:58:17,401 - INFO - Request for reserve_stock, order_id: fbddcd92-f2f5-4211-a0fa-ec4777aff60e, request: order_id='fbddcd92-f2f5-4211-a0fa-ec4777aff60e' items=[CartItem(sku='b2926dc2-cc6d-4c3e-ae40-7a127c173b16', qty=2)] atomic_update=True delay=0.0 drop=0
2026-08-18 20:58:17,402 - INFO - Failure injected for inventory reserve_stock INJECT_DELAY: 0, INJECT_DROP_RATE: 0
2026-08-18 20:58:17,404 - INFO - Request for reserve_stock successfully processed, order_id: fbddcd92-f2f5-4211-a0fa-ec4777aff60e, failed_sku: b2926dc2-cc6d-4c3e-ae40-7a127c173b16, status: OUT_OF_STOCK
2026-08-18 20:58:17,405 - ERROR - Exception in Request for reserve_stock, order_id: fbddcd92-f2f5-4211-a0fa-ec4777aff60e, status: OUT_OF_STOCK, Error: Out of stock: b2926dc2-cc6d-4c3e-ae40-7a127c173b16
2026-08-18 20:58:17,481 - INFO - Request for reserve_stock, order_id: df54d496-9eb3-427d-9258-1a8fcb7684f1, request: order_id='df54d496-9eb3-427d-9258-1a8fcb7684f1' items=[CartItem(sku='b2926dc2-cc6d-4c3e-ae40-7a127c173b16', qty=2)] atomic_update=True delay=0.0 drop=0
2026-08-18 20:58:17,481 - INFO - Failure injected for inventory reserve_stock INJECT_DELAY: 0, INJECT_DROP_RATE: 0
2026-08-18 20:58:17,482 - INFO - Request for reserve_stock successfully processed, order_id: df54d496-9eb3-427d-9258-1a8fcb7684f1, failed_sku: b2926dc2-cc6d-4c3e-ae40-7a127c173b16, status: OUT_OF_STOCK
2026-08-18 20:58:17,483 - ERROR - Exception in Request for reserve_stock, order_id: df54d496-9eb3-427d-9258-1a8fcb7684f1, status: OUT_OF_STOCK, Error: Out of stock: b2926dc2-cc6d-4c3e-ae40-7a127c173b16
2026-08-18 20:58:17,491 - INFO - Request for reserve_stock, order_id: 9283e660-b799-43be-9c63-a8fb948a9dcf, request: order_id='9283e660-b799-43be-9c63-a8fb948a9dcf' items=[CartItem(sku='b2926dc2-cc6d-4c3e-ae40-7a127c173b16', qty=2)] atomic_update=True delay=0.0 drop=0
2026-08-18 20:58:17,491 - INFO - Failure injected for inventory reserve_stock INJECT_DELAY: 0, INJECT_DROP_RATE: 0
2026-08-18 20:58:17,493 - INFO - Request for reserve_stock successfully processed, order_id: 9283e660-b799-43be-9c63-a8fb948a9dcf, failed_sku: b2926dc2-cc6d-4c3e-ae40-7a127c173b16, status: OUT_OF_STOCK
2026-08-18 20:58:17,493 - ERROR - Exception in Request for reserve_stock, order_id: 9283e660-b799-43be-9c63-a8fb948a9dcf, status: OUT_OF_STOCK, Error: Out of stock: b2926dc2-cc6d-4c3e-ae40-7a127c173b16
2026-08-18 20:58:17,503 - INFO - Request for reserve_stock, order_id: 18b94c6f-f361-42e0-8bdc-718e56ce0643, request: order_id='18b94c6f-f361-42e0-8bdc-718e56ce0643' items=[CartItem(sku='b2926dc2-cc6d-4c3e-ae40-7a127c173b16', qty=2)] atomic_update=True delay=0.0 drop=0
2026-08-18 20:58:17,504 - INFO - Failure injected for inventory reserve_stock INJECT_DELAY: 0, INJECT_DROP_RATE: 0
2026-08-18 20:58:17,505 - INFO - Request for reserve_stock successfully processed, order_id: 18b94c6f-f361-42e0-8bdc-718e56ce0643, failed_sku: b2926dc2-cc6d-4c3e-ae40-7a127c173b16, status: OUT_OF_STOCK
2026-08-18 20:58:17,506 - ERROR - Exception in Request for reserve_stock, order_id: 18b94c6f-f361-42e0-8bdc-718e56ce0643, status: OUT_OF_STOCK, Error: Out of stock: b2926dc2-cc6d-4c3e-ae40-7a127c173b16
2026-08-18 20:58:17,516 - INFO - Request for reserve_stock, order_id: bbabb6cc-717c-41e1-9ae8-2c3b2db1f5df, request: order_id='bbabb6cc-717c-41e1-9ae8-2c3b2db1f5df' items=[CartItem(sku='b2926dc2-cc6d-4c3e-ae40-7a127c173b16', qty=2)] atomic_update=True delay=0.0 drop=0
2026-08-18 20:58:17,516 - INFO - Failure injected for inventory reserve_stock INJECT_DELAY: 0, INJECT_DROP_RATE: 0
2026-08-18 20:58:17,519 - INFO - Request for reserve_stock successfully processed, order_id: bbabb6cc-717c-41e1-9ae8-2c3b2db1f5df, failed_sku: b2926dc2-cc6d-4c3e-ae40-7a127c173b16, status: OUT_OF_STOCK
2026-08-18 20:58:17,519 - ERROR - Exception in Request for reserve_stock, order_id: bbabb6cc-717c-41e1-9ae8-2c3b2db1f5df, status: OUT_OF_STOCK, Error: Out of stock: b2926dc2-cc6d-4c3e-ae40-7a127c173b16
2026-08-18 20:58:17,530 - INFO - Request for reserve_stock, order_id: 2518219d-c43d-46a2-a868-1a24e4d2a839, request: order_id='2518219d-c43d-46a2-a868-1a24e4d2a839' items=[CartItem(sku='b2926dc2-cc6d-4c3e-ae40-7a127c173b16', qty=2)] atomic_update=True delay=0.0 drop=0
2026-08-18 20:58:17,530 - INFO - Failure injected for inventory reserve_stock INJECT_DELAY: 0, INJECT_DROP_RATE: 0
2026-08-18 20:58:17,532 - INFO - Request for reserve_stock successfully processed, order_id: 2518219d-c43d-46a2-a868-1a24e4d2a839, failed_sku: b2926dc2-cc6d-4c3e-ae40-7a127c173b16, status: OUT_OF_STOCK
2026-08-18 20:58:17,533 - ERROR - Exception in Request for reserve_stock, order_id: 2518219d-c43d-46a2-a868-1a24e4d2a839, status: OUT_OF_STOCK, Error: Out of stock: b2926dc2-cc6d-4c3e-ae40-7a127c173b16
2026-08-18 20:58:17,544 - INFO - Request for reserve_stock, order_id: caedc3c5-d791-4b56-80a9-cee4a65df91a, request: order_id='caedc3c5-d791-4b56-80a9-cee4a65df91a' items=[CartItem(sku='b2926dc2-cc6d-4c3e-ae40-7a127c173b16', qty=2)] atomic_update=True delay=0.0 drop=0
2026-08-18 20:58:17,544 - INFO - Failure injected for inventory reserve_stock INJECT_DELAY: 0, INJECT_DROP_RATE: 0
2026-08-18 20:58:17,545 - INFO - Request for reserve_stock successfully processed, order_id: caedc3c5-d791-4b56-80a9-cee4a65df91a, failed_sku: b2926dc2-cc6d-4c3e-ae40-7a127c173b16, status: OUT_OF_STOCK
2026-08-18 20:58:17,545 - ERROR - Exception in Request for reserve_stock, order_id: caedc3c5-d791-4b56-80a9-cee4a65df91a, status: OUT_OF_STOCK, Error: Out of stock: b2926dc2-cc6d-4c3e-ae40-7a127c173b16
2026-08-18 20:58:17,560 - INFO - Request for reserve_stock, order_id: 29c6abac-a31e-414d-acb0-fd92941ba60f, request: order_id='29c6abac-a31e-414d-acb0-fd92941ba60f' items=[CartItem(sku='b2926dc2-cc6d-4c3e-ae40-7a127c173b16', qty=2)] atomic_update=True delay=0.0 drop=0
2026-08-18 20:58:17,560 - INFO - Failure injected for inventory reserve_stock INJECT_DELAY: 0, INJECT_DROP_RATE: 0
2026-08-18 20:58:17,561 - INFO - Request for reserve_stock successfully processed, order_id: 29c6abac-a31e-414d-acb0-fd92941ba60f, failed_sku: b2926dc2-cc6d-4c3e-ae40-7a127c173b16, status: OUT_OF_STOCK
2026-08-18 20:58:17,561 - ERROR - Exception in Request for reserve_stock, order_id: 29c6abac-a31e-414d-acb0-fd92941ba60f, status: OUT_OF_STOCK, Error: Out of stock: b2926dc2-cc6d-4c3e-ae40-7a127c173b16
2026-08-18 20:59:27,672 - INFO - Request for get_stock_by_skus, skus: ['b2926dc2-cc6d-4c3e-ae40-7a127c173b16']
2026-08-18 20:59:27,674 - INFO - Request for get_stock_by_skus, skus: ['b2926dc2-cc6d-4c3e-ae40-7a127c173b16']
2026-08-18 20:59:27,675 - INFO - Request for get_stock_by_skus successfully processed, result: {'b2926dc2-cc6d-4c3e-ae40-7a127c173b16': 10}
2026-08-18 20:59:27,677 - INFO - Request for get_stock_by_skus, skus: ['b2926dc2-cc6d-4c3e-ae40-7a127c173b16']
2026-08-18 20:59:27,677 - INFO - Request for get_stock_by_skus successfully processed, result: {'b2926dc2-cc6d-4c3e-ae40-7a127c173b16': 10}
2026-08-18 20:59:27,679 - INFO - Request for get_stock_by_skus, skus: ['b2926dc2-cc6d-4c3e-ae40-7a127c173b16']
2026-08-18 20:59:27,683 - INFO - Request for get_stock_by_skus, skus: ['b2926dc2-cc6d-4c3e-ae40-7a127c173b16']
2026-08-18 20:59:27,684 - INFO - Request for get_stock_by_skus successfully processed, result: {'b2926dc2-cc6d-4c3e-ae40-7a127c173b16': 10}
2026-08-18 20:59:27,685 - INFO - Request for get_stock_by_skus successfully processed, result: {'b2926dc2-cc6d-4c3e-ae40-7a127c173b16': 10}
2026-08-18 20:59:27,685 - INFO - Request for get_stock_by_skus, skus: ['b2926dc2-cc6d-4c3e-ae40-7a127c173b16']
2026-08-18 20:59:27,687 - INFO - Request for get_stock_by_skus, skus: ['b2926dc2-cc6d-4c3e-ae40-7a127c173b16']
2026-08-18 20:59:27,688 - INFO - Request for get_stock_by_skus, skus: ['b2926dc2-cc6d-4c3e-ae40-7a127c173b16']
2026-08-18 20:59:27,694 - INFO - Request for get_stock_by_skus successfully processed, result: {'b2926dc2-cc6d-4c3e-ae40-7a127c173b16': 10}
2026-08-18 20:59:27,689 - INFO - Request for get_stock_by_skus, skus: ['b2926dc2-cc6d-4c3e-ae40-7a127c173b16']
2026-08-18 20:59:27,690 - INFO - Request for get_stock_by_skus, skus: ['b2926dc2-cc6d-4c3e-ae40-7a127c173b16']
2026-08-18 20:59:27,692 - INFO - Request for get_stock_by_skus successfully processed, result: {'b2926dc2-cc6d-4c3e-ae40-7a127c173b16': 10}
2026-08-18 20:59:27,688 - INFO - Request for get_stock_by_skus successfully processed, result: {'b2926dc2-cc6d-4c3e-ae40-7a127c173b16': 10}
2026-08-18 20:59:27,696 - INFO - Request for get_stock_by_skus successfully processed, result: {'b2926dc2-cc6d-4c3e-ae40-7a127c173b16': 10}
2026-08-18 20:59:27,696 - INFO - Request for get_stock_by_skus successfully processed, result: {'b2926dc2-cc6d-4c3e-ae40-7a127c173b16': 10}
2026-08-18 20:59:27,699 - INFO - Request for get_stock_by_skus successfully processed, result: {'b2926dc2-cc6d-4c3e-ae40-7a127c173b16': 10}
2026-08-18 20:59:27,739 - INFO - Request for reserve_stock, order_id: a1e9189c-f9b0-4150-9c1f-6c6175677012, request: order_id='a1e9189c-f9b0-4150-9c1f-6c6175677012' items=[CartItem(sku='b2926dc2-cc6d-4c3e-ae40-7a127c173b16', qty=2)] atomic_update=True delay=0.0 drop=0
2026-08-18 20:59:27,741 - INFO - Failure injected for inventory reserve_stock INJECT_DELAY: 0, INJECT_DROP_RATE: 0
2026-08-18 20:59:27,744 - INFO - Request for reserve_stock successfully processed, order_id: a1e9189c-f9b0-4150-9c1f-6c6175677012, result items: [{'sku': 'b2926dc2-cc6d-4c3e-ae40-7a127c173b16', 'remaining': 8}], status: RESERVED
2026-08-18 20:59:28,268 - INFO - Request for get_stock_by_skus, skus: ['b2926dc2-cc6d-4c3e-ae40-7a127c173b16']
2026-08-18 20:59:28,269 - INFO - Request for get_stock_by_skus successfully processed, result: {'b2926dc2-cc6d-4c3e-ae40-7a127c173b16': 8}
2026-08-18 20:59:28,321 - INFO - Request for reserve_stock, order_id: 0b1ca97a-4215-4ab3-98f8-9a20058334e0, request: order_id='0b1ca97a-4215-4ab3-98f8-9a20058334e0' items=[CartItem(sku='b2926dc2-cc6d-4c3e-ae40-7a127c173b16', qty=2)] atomic_update=True delay=0.0 drop=0
2026-08-18 20:59:28,321 - INFO - Failure injected for inventory reserve_stock INJECT_DELAY: 0, INJECT_DROP_RATE: 0
2026-08-18 20:59:28,323 - INFO - Request for reserve_stock successfully processed, order_id: 0b1ca97a-4215-4ab3-98f8-9a20058334e0, result items: [{'sku': 'b2926dc2-cc6d-4c3e-ae40-7a127c173b16', 'remaining': 6}], status: RESERVED
2026-08-18 20:59:28,949 - INFO - Request for get_stock_by_skus, skus: ['b2926dc2-cc6d-4c3e-ae40-7a127c173b16']
2026-08-18 20:59:28,954 - INFO - Request for get_stock_by_skus successfully processed, result: {'b2926dc2-cc6d-4c3e-ae40-7a127c173b16': 6}
2026-08-18 20:59:29,014 - INFO - Request for reserve_stock, order_id: acfc47f6-d352-443f-8d97-814626fb7c9d, request: order_id='acfc47f6-d352-443f-8d97-814626fb7c9d' items=[CartItem(sku='b2926dc2-cc6d-4c3e-ae40-7a127c173b16', qty=2)] atomic_update=True delay=0.0 drop=0
2026-08-18 20:59:29,014 - INFO - Failure injected for inventory reserve_stock INJECT_DELAY: 0, INJECT_DROP_RATE: 0
2026-08-18 20:59:29,016 - INFO - Request for reserve_stock successfully processed, order_id: acfc47f6-d352-443f-8d97-814626fb7c9d, result items: [{'sku': 'b2926dc2-cc6d-4c3e-ae40-7a127c173b16', 'remaining': 4}], status: RESERVED
2026-08-18 20:59:29,552 - INFO - Request for get_stock_by_skus, skus: ['b2926dc2-cc6d-4c3e-ae40-7a127c173b16']
2026-08-18 20:59:29,553 - INFO - Request for get_stock_by_skus successfully processed, result: {'b2926dc2-cc6d-4c3e-ae40-7a127c173b16': 4}
2026-08-18 20:59:29,556 - INFO - Request for reserve_stock, order_id: 2705e0af-53a0-4c51-8295-c849fe9a05bc, request: order_id='2705e0af-53a0-4c51-8295-c849fe9a05bc' items=[CartItem(sku='b2926dc2-cc6d-4c3e-ae40-7a127c173b16', qty=2)] atomic_update=True delay=0.0 drop=0
2026-08-18 20:59:29,556 - INFO - Failure injected for inventory reserve_stock INJECT_DELAY: 0, INJECT_DROP_RATE: 0
2026-08-18 20:59:29,559 - INFO - Request for reserve_stock successfully processed, order_id: 2705e0af-53a0-4c51-8295-c849fe9a05bc, result items: [{'sku': 'b2926dc2-cc6d-4c3e-ae40-7a127c173b16', 'remaining': 2}], status: RESERVED
2026-08-18 20:59:30,117 - INFO - Request for reserve_stock, order_id: 3fd54242-dc95-41c6-834a-61a773d615a9, request: order_id='3fd54242-dc95-41c6-834a-61a773d615a9' items=[CartItem(sku='b2926dc2-cc6d-4c3e-ae40-7a127c173b16', qty=2)] atomic_update=True delay=0.0 drop=0
2026-08-18 20:59:30,117 - INFO - Failure injected for inventory reserve_stock INJECT_DELAY: 0, INJECT_DROP_RATE: 0
2026-08-18 20:59:30,123 - INFO - Request for reserve_stock successfully processed, order_id: 3fd54242-dc95-41c6-834a-61a773d615a9, result items: [{'sku': 'b2926dc2-cc6d-4c3e-ae40-7a127c173b16', 'remaining': 0}], status: RESERVED
2026-08-18 20:59:30,678 - INFO - Request for reserve_stock, order_id: ab42ef19-81e3-4b33-a873-cda14718448e, request: order_id='ab42ef19-81e3-4b33-a873-cda14718448e' items=[CartItem(sku='b2926dc2-cc6d-4c3e-ae40-7a127c173b16', qty=2)] atomic_update=True delay=0.0 drop=0
2026-08-18 20:59:30,679 - INFO - Failure injected for inventory reserve_stock INJECT_DELAY: 0, INJECT_DROP_RATE: 0
2026-08-18 20:59:30,682 - INFO - Request for reserve_stock successfully processed, order_id: ab42ef19-81e3-4b33-a873-cda14718448e, failed_sku: b2926dc2-cc6d-4c3e-ae40-7a127c173b16, status: OUT_OF_STOCK
2026-08-18 20:59:30,683 - ERROR - Exception in Request for reserve_stock, order_id: ab42ef19-81e3-4b33-a873-cda14718448e, status: OUT_OF_STOCK, Error: Out of stock: b2926dc2-cc6d-4c3e-ae40-7a127c173b16
2026-08-18 20:59:30,700 - INFO - Request for reserve_stock, order_id: bb67ca1d-180c-449a-8fac-db8c93a0785e, request: order_id='bb67ca1d-180c-449a-8fac-db8c93a0785e' items=[CartItem(sku='b2926dc2-cc6d-4c3e-ae40-7a127c173b16', qty=2)] atomic_update=True delay=0.0 drop=0
2026-08-18 20:59:30,700 - INFO - Failure injected for inventory reserve_stock INJECT_DELAY: 0, INJECT_DROP_RATE: 0
2026-08-18 20:59:30,702 - INFO - Request for reserve_stock successfully processed, order_id: bb67ca1d-180c-449a-8fac-db8c93a0785e, failed_sku: b2926dc2-cc6d-4c3e-ae40-7a127c173b16, status: OUT_OF_STOCK
2026-08-18 20:59:30,702 - ERROR - Exception in Request for reserve_stock, order_id: bb67ca1d-180c-449a-8fac-db8c93a0785e, status: OUT_OF_STOCK, Error: Out of stock: b2926dc2-cc6d-4c3e-ae40-7a127c173b16
2026-08-18 20:59:30,713 - INFO - Request for reserve_stock, order_id: 83e97f11-9f8e-4be2-828e-db30a8303bb3, request: order_id='83e97f11-9f8e-4be2-828e-db30a8303bb3' items=[CartItem(sku='b2926dc2-cc6d-4c3e-ae40-7a127c173b16', qty=2)] atomic_update=True delay=0.0 drop=0
2026-08-18 20:59:30,713 - INFO - Failure injected for inventory reserve_stock INJECT_DELAY: 0, INJECT_DROP_RATE: 0
2026-08-18 20:59:30,714 - INFO - Request for reserve_stock successfully processed, order_id: 83e97f11-9f8e-4be2-828e-db30a8303bb3, failed_sku: b2926dc2-cc6d-4c3e-ae40-7a127c173b16, status: OUT_OF_STOCK
2026-08-18 20:59:30,715 - ERROR - Exception in Request for reserve_stock, order_id: 83e97f11-9f8e-4be2-828e-db30a8303bb3, status: OUT_OF_STOCK, Error: Out of stock: b2926dc2-cc6d-4c3e-ae40-7a127c173b16
2026-08-18 20:59:30,723 - INFO - Request for reserve_stock, order_id: b755cd43-b317-4581-b65b-69d2ceb9ecb2, request: order_id='b755cd43-b317-4581-b65b-69d2ceb9ecb2' items=[CartItem(sku='b2926dc2-cc6d-4c3e-ae40-7a127c173b16', qty=2)] atomic_update=True delay=0.0 drop=0
2026-08-18 20:59:30,723 - INFO - Failure injected for inventory reserve_stock INJECT_DELAY: 0, INJECT_DROP_RATE: 0
2026-08-18 20:59:30,724 - INFO - Request for reserve_stock successfully processed, order_id: b755cd43-b317-4581-b65b-69d2ceb9ecb2, failed_sku: b2926dc2-cc6d-4c3e-ae40-7a127c173b16, status: OUT_OF_STOCK
2026-08-18 20:59:30,724 - ERROR - Exception in Request for reserve_stock, order_id: b755cd43-b317-4581-b65b-69d2ceb9ecb2, status: OUT_OF_STOCK, Error: Out of stock: b2926dc2-cc6d-4c3e-ae40-7a127c173b16
2026-08-18 20:59:30,732 - INFO - Request for reserve_stock, order_id: b867fe6a-8d0b-4974-b9ea-439d85fb0e1c, request: order_id='b867fe6a-8d0b-4974-b9ea-439d85fb0e1c' items=[CartItem(sku='b2926dc2-cc6d-4c3e-ae40-7a127c173b16', qty=2)] atomic_update=True delay=0.0 drop=0
2026-08-18 20:59:30,732 - INFO - Failure injected for inventory reserve_stock INJECT_DELAY: 0, INJECT_DROP_RATE: 0
2026-08-18 20:59:30,733 - INFO - Request for reserve_stock successfully processed, order_id: b867fe6a-8d0b-4974-b9ea-439d85fb0e1c, failed_sku: b2926dc2-cc6d-4c3e-ae40-7a127c173b16, status: OUT_OF_STOCK
2026-08-18 20:59:30,734 - ERROR - Exception in Request for reserve_stock, order_id: b867fe6a-8d0b-4974-b9ea-439d85fb0e1c, status: OUT_OF_STOCK, Error: Out of stock: b2926dc2-cc6d-4c3e-ae40-7a127c173b16
2026-08-18 20:59:30,743 - INFO - Request for reserve_stock, order_id: 083323cb-8a3e-4a48-a957-ffe38e753faf, request: order_id='083323cb-8a3e-4a48-a957-ffe38e753faf' items=[CartItem(sku='b2926dc2-cc6d-4c3e-ae40-7a127c173b16', qty=2)] atomic_update=True delay=0.0 drop=0
2026-08-18 20:59:30,743 - INFO - Failure injected for inventory reserve_stock INJECT_DELAY: 0, INJECT_DROP_RATE: 0
2026-08-18 20:59:30,744 - INFO - Request for reserve_stock successfully processed, order_id: 083323cb-8a3e-4a48-a957-ffe38e753faf, failed_sku: b2926dc2-cc6d-4c3e-ae40-7a127c173b16, status: OUT_OF_STOCK
2026-08-18 20:59:30,745 - ERROR - Exception in Request for reserve_stock, order_id: 083323cb-8a3e-4a48-a957-ffe38e753faf, status: OUT_OF_STOCK, Error: Out of stock: b2926dc2-cc6d-4c3e-ae40-7a127c173b16
2026-08-18 20:59:30,782 - INFO - Request for reserve_stock, order_id: 1e49aa92-35a4-4945-979b-161db92568f3, request: order_id='1e49aa92-35a4-4945-979b-161db92568f3' items=[CartItem(sku='b2926dc2-cc6d-4c3e-ae40-7a127c173b16', qty=2)] atomic_update=True delay=0.0 drop=0
2026-08-18 20:59:30,782 - INFO - Failure injected for inventory reserve_stock INJECT_DELAY: 0, INJECT_DROP_RATE: 0
2026-08-18 20:59:30,784 - INFO - Request for reserve_stock successfully processed, order_id: 1e49aa92-35a4-4945-979b-161db92568f3, failed_sku: b2926dc2-cc6d-4c3e-ae40-7a127c173b16, status: OUT_OF_STOCK
2026-08-18 20:59:30,784 - ERROR - Exception in Request for reserve_stock, order_id: 1e49aa92-35a4-4945-979b-161db92568f3, status: OUT_OF_STOCK, Error: Out of stock: b2926dc2-cc6d-4c3e-ae40-7a127c173b16
2026-08-18 20:59:30,792 - INFO - Request for get_stock_by_skus, skus: ['b2926dc2-cc6d-4c3e-ae40-7a127c173b16']
2026-08-18 20:59:30,793 - INFO - Request for get_stock_by_skus successfully processed, result: {'b2926dc2-cc6d-4c3e-ae40-7a127c173b16': 0}
2026-08-18 20:59:30,798 - INFO - Request for reserve_stock, order_id: e8ebf4c1-ff5d-4674-a1ba-3daa7e57c0b0, request: order_id='e8ebf4c1-ff5d-4674-a1ba-3daa7e57c0b0' items=[CartItem(sku='b2926dc2-cc6d-4c3e-ae40-7a127c173b16', qty=2)] atomic_update=True delay=0.0 drop=0
2026-08-18 20:59:30,798 - INFO - Failure injected for inventory reserve_stock INJECT_DELAY: 0, INJECT_DROP_RATE: 0
2026-08-18 20:59:30,800 - INFO - Request for reserve_stock successfully processed, order_id: e8ebf4c1-ff5d-4674-a1ba-3daa7e57c0b0, failed_sku: b2926dc2-cc6d-4c3e-ae40-7a127c173b16, status: OUT_OF_STOCK
2026-08-18 20:59:30,800 - ERROR - Exception in Request for reserve_stock, order_id: e8ebf4c1-ff5d-4674-a1ba-3daa7e57c0b0, status: OUT_OF_STOCK, Error: Out of stock: b2926dc2-cc6d-4c3e-ae40-7a127c173b16
2026-08-18 20:59:30,803 - INFO - Request for get_stock_by_skus, skus: ['b2926dc2-cc6d-4c3e-ae40-7a127c173b16']
2026-08-18 20:59:30,804 - INFO - Request for get_stock_by_skus successfully processed, result: {'b2926dc2-cc6d-4c3e-ae40-7a127c173b16': 0}
2026-08-18 20:59:30,816 - INFO - Request for get_stock_by_skus, skus: ['b2926dc2-cc6d-4c3e-ae40-7a127c173b16']
2026-08-18 20:59:30,817 - INFO - Request for get_stock_by_skus successfully processed, result: {'b2926dc2-cc6d-4c3e-ae40-7a127c173b16': 0}
2026-08-18 20:59:30,824 - INFO - Request for get_stock_by_skus, skus: ['b2926dc2-cc6d-4c3e-ae40-7a127c173b16']
2026-08-18 20:59:30,827 - INFO - Request for get_stock_by_skus successfully processed, result: {'b2926dc2-cc6d-4c3e-ae40-7a127c173b16': 0}
2026-08-18 20:59:30,834 - INFO - Request for get_stock_by_skus, skus: ['b2926dc2-cc6d-4c3e-ae40-7a127c173b16']
2026-08-18 20:59:30,836 - INFO - Request for get_stock_by_skus successfully processed, result: {'b2926dc2-cc6d-4c3e-ae40-7a127c173b16': 0}
2026-08-18 20:59:30,850 - INFO - Request for get_stock_by_skus, skus: ['b2926dc2-cc6d-4c3e-ae40-7a127c173b16']
2026-08-18 20:59:30,851 - INFO - Request for get_stock_by_skus successfully processed, result: {'b2926dc2-cc6d-4c3e-ae40-7a127c173b16': 0}
2026-08-18 20:59:30,868 - INFO - Request for get_stock_by_skus, skus: ['b2926dc2-cc6d-4c3e-ae40-7a127c173b16']
2026-08-18 20:59:30,872 - INFO - Request for get_stock_by_skus successfully processed, result: {'b2926dc2-cc6d-4c3e-ae40-7a127c173b16': 0}
2026-08-18 20:59:30,883 - INFO - Request for reserve_stock, order_id: ecd410fe-0689-4cdf-9d2b-4eb4c03cac93, request: order_id='ecd410fe-0689-4cdf-9d2b-4eb4c03cac93' items=[CartItem(sku='b2926dc2-cc6d-4c3e-ae40-7a127c173b16', qty=2)] atomic_update=True delay=0.0 drop=0
2026-08-18 20:59:30,885 - INFO - Failure injected for inventory reserve_stock INJECT_DELAY: 0, INJECT_DROP_RATE: 0
2026-08-18 20:59:30,886 - INFO - Request for reserve_stock successfully processed, order_id: ecd410fe-0689-4cdf-9d2b-4eb4c03cac93, failed_sku: b2926dc2-cc6d-4c3e-ae40-7a127c173b16, status: OUT_OF_STOCK
2026-08-18 20:59:30,887 - ERROR - Exception in Request for reserve_stock, order_id: ecd410fe-0689-4cdf-9d2b-4eb4c03cac93, status: OUT_OF_STOCK, Error: Out of stock: b2926dc2-cc6d-4c3e-ae40-7a127c173b16
2026-08-18 20:59:30,926 - INFO - Request for reserve_stock, order_id: 1592a2bb-5df2-4696-b33f-8c9f227b0a1b, request: order_id='1592a2bb-5df2-4696-b33f-8c9f227b0a1b' items=[CartItem(sku='b2926dc2-cc6d-4c3e-ae40-7a127c173b16', qty=2)] atomic_update=True delay=0.0 drop=0
2026-08-18 20:59:30,926 - INFO - Failure injected for inventory reserve_stock INJECT_DELAY: 0, INJECT_DROP_RATE: 0
2026-08-18 20:59:30,927 - INFO - Request for reserve_stock successfully processed, order_id: 1592a2bb-5df2-4696-b33f-8c9f227b0a1b, failed_sku: b2926dc2-cc6d-4c3e-ae40-7a127c173b16, status: OUT_OF_STOCK
2026-08-18 20:59:30,927 - ERROR - Exception in Request for reserve_stock, order_id: 1592a2bb-5df2-4696-b33f-8c9f227b0a1b, status: OUT_OF_STOCK, Error: Out of stock: b2926dc2-cc6d-4c3e-ae40-7a127c173b16
2026-08-18 20:59:30,944 - INFO - Request for reserve_stock, order_id: aeb46bfe-d248-45f8-881b-b8a9a25df1cc, request: order_id='aeb46bfe-d248-45f8-881b-b8a9a25df1cc' items=[CartItem(sku='b2926dc2-cc6d-4c3e-ae40-7a127c173b16', qty=2)] atomic_update=True delay=0.0 drop=0
2026-08-18 20:59:30,944 - INFO - Failure injected for inventory reserve_stock INJECT_DELAY: 0, INJECT_DROP_RATE: 0
2026-08-18 20:59:30,945 - INFO - Request for reserve_stock successfully processed, order_id: aeb46bfe-d248-45f8-881b-b8a9a25df1cc, failed_sku: b2926dc2-cc6d-4c3e-ae40-7a127c173b16, status: OUT_OF_STOCK
2026-08-18 20:59:30,946 - ERROR - Exception in Request for reserve_stock, order_id: aeb46bfe-d248-45f8-881b-b8a9a25df1cc, status: OUT_OF_STOCK, Error: Out of stock: b2926dc2-cc6d-4c3e-ae40-7a127c173b16
2026-08-18 20:59:30,960 - INFO - Request for reserve_stock, order_id: 14749df6-1de6-40b3-999e-0bf46dc347de, request: order_id='14749df6-1de6-40b3-999e-0bf46dc347de' items=[CartItem(sku='b2926dc2-cc6d-4c3e-ae40-7a127c173b16', qty=2)] atomic_update=True delay=0.0 drop=0
2026-08-18 20:59:30,960 - INFO - Failure injected for inventory reserve_stock INJECT_DELAY: 0, INJECT_DROP_RATE: 0
2026-08-18 20:59:30,962 - INFO - Request for reserve_stock successfully processed, order_id: 14749df6-1de6-40b3-999e-0bf46dc347de, failed_sku: b2926dc2-cc6d-4c3e-ae40-7a127c173b16, status: OUT_OF_STOCK
2026-08-18 20:59:30,962 - ERROR - Exception in Request for reserve_stock, order_id: 14749df6-1de6-40b3-999e-0bf46dc347de, status: OUT_OF_STOCK, Error: Out of stock: b2926dc2-cc6d-4c3e-ae40-7a127c173b16
2026-08-18 20:59:30,971 - INFO - Request for reserve_stock, order_id: 84168a48-8e84-4b0b-9482-3a28ed1ffa64, request: order_id='84168a48-8e84-4b0b-9482-3a28ed1ffa64' items=[CartItem(sku='b2926dc2-cc6d-4c3e-ae40-7a127c173b16', qty=2)] atomic_update=True delay=0.0 drop=0
2026-08-18 20:59:30,971 - INFO - Failure injected for inventory reserve_stock INJECT_DELAY: 0, INJECT_DROP_RATE: 0
2026-08-18 20:59:30,972 - INFO - Request for reserve_stock successfully processed, order_id: 84168a48-8e84-4b0b-9482-3a28ed1ffa64, failed_sku: b2926dc2-cc6d-4c3e-ae40-7a127c173b16, status: OUT_OF_STOCK
2026-08-18 20:59:30,973 - ERROR - Exception in Request for reserve_stock, order_id: 84168a48-8e84-4b0b-9482-3a28ed1ffa64, status: OUT_OF_STOCK, Error: Out of stock: b2926dc2-cc6d-4c3e-ae40-7a127c173b16
2026-08-18 20:59:30,985 - INFO - Request for reserve_stock, order_id: 6759ac69-cfa3-433d-8c33-b7dcf3b97eab, request: order_id='6759ac69-cfa3-433d-8c33-b7dcf3b97eab' items=[CartItem(sku='b2926dc2-cc6d-4c3e-ae40-7a127c173b16', qty=2)] atomic_update=True delay=0.0 drop=0
2026-08-18 20:59:30,985 - INFO - Failure injected for inventory reserve_stock INJECT_DELAY: 0, INJECT_DROP_RATE: 0
2026-08-18 20:59:30,986 - INFO - Request for reserve_stock successfully processed, order_id: 6759ac69-cfa3-433d-8c33-b7dcf3b97eab, failed_sku: b2926dc2-cc6d-4c3e-ae40-7a127c173b16, status: OUT_OF_STOCK
2026-08-18 20:59:30,987 - ERROR - Exception in Request for reserve_stock, order_id: 6759ac69-cfa3-433d-8c33-b7dcf3b97eab, status: OUT_OF_STOCK, Error: Out of stock: b2926dc2-cc6d-4c3e-ae40-7a127c173b16
2026-08-18 20:59:30,999 - INFO - Request for reserve_stock, order_id: 2dc23c4f-7535-44c3-b324-568a947f0240, request: order_id='2dc23c4f-7535-44c3-b324-568a947f0240' items=[CartItem(sku='b2926dc2-cc6d-4c3e-ae40-7a127c173b16', qty=2)] atomic_update=True delay=0.0 drop=0
2026-08-18 20:59:30,999 - INFO - Failure injected for inventory reserve_stock INJECT_DELAY: 0, INJECT_DROP_RATE: 0
2026-08-18 20:59:31,000 - INFO - Request for reserve_stock successfully processed, order_id: 2dc23c4f-7535-44c3-b324-568a947f0240, failed_sku: b2926dc2-cc6d-4c3e-ae40-7a127c173b16, status: OUT_OF_STOCK
2026-08-18 20:59:31,001 - ERROR - Exception in Request for reserve_stock, order_id: 2dc23c4f-7535-44c3-b324-568a947f0240, status: OUT_OF_STOCK, Error: Out of stock: b2926dc2-cc6d-4c3e-ae40-7a127c173b16
2026-08-18 21:00:22,531 - INFO - Request for get_stock_by_skus, skus: ['b2926dc2-cc6d-4c3e-ae40-7a127c173b16']
2026-08-18 21:00:22,533 - INFO - Request for get_stock_by_skus successfully processed, result: {'b2926dc2-cc6d-4c3e-ae40-7a127c173b16': 10}
2026-08-18 21:00:22,538 - INFO - Request for get_stock_by_skus, skus: ['b2926dc2-cc6d-4c3e-ae40-7a127c173b16']
2026-08-18 21:00:22,539 - INFO - Request for get_stock_by_skus successfully processed, result: {'b2926dc2-cc6d-4c3e-ae40-7a127c173b16': 10}
2026-08-18 21:00:22,547 - INFO - Request for get_stock_by_skus, skus: ['b2926dc2-cc6d-4c3e-ae40-7a127c173b16']
2026-08-18 21:00:22,549 - INFO - Request for get_stock_by_skus successfully processed, result: {'b2926dc2-cc6d-4c3e-ae40-7a127c173b16': 10}
2026-08-18 21:00:22,550 - INFO - Request for get_stock_by_skus, skus: ['b2926dc2-cc6d-4c3e-ae40-7a127c173b16']
2026-08-18 21:00:22,552 - INFO - Request for get_stock_by_skus, skus: ['b2926dc2-cc6d-4c3e-ae40-7a127c173b16']
2026-08-18 21:00:22,553 - INFO - Request for get_stock_by_skus successfully processed, result: {'b2926dc2-cc6d-4c3e-ae40-7a127c173b16': 10}
2026-08-18 21:00:22,554 - INFO - Request for get_stock_by_skus, skus: ['b2926dc2-cc6d-4c3e-ae40-7a127c173b16']
2026-08-18 21:00:22,556 - INFO - Request for get_stock_by_skus successfully processed, result: {'b2926dc2-cc6d-4c3e-ae40-7a127c173b16': 10}
2026-08-18 21:00:22,558 - INFO - Request for get_stock_by_skus, skus: ['b2926dc2-cc6d-4c3e-ae40-7a127c173b16']
2026-08-18 21:00:22,559 - INFO - Request for get_stock_by_skus successfully processed, result: {'b2926dc2-cc6d-4c3e-ae40-7a127c173b16': 10}
2026-08-18 21:00:22,560 - INFO - Request for get_stock_by_skus, skus: ['b2926dc2-cc6d-4c3e-ae40-7a127c173b16']
2026-08-18 21:00:22,561 - INFO - Request for get_stock_by_skus successfully processed, result: {'b2926dc2-cc6d-4c3e-ae40-7a127c173b16': 10}
2026-08-18 21:00:22,562 - INFO - Request for get_stock_by_skus successfully processed, result: {'b2926dc2-cc6d-4c3e-ae40-7a127c173b16': 10}
2026-08-18 21:00:22,564 - INFO - Request for get_stock_by_skus, skus: ['b2926dc2-cc6d-4c3e-ae40-7a127c173b16']
2026-08-18 21:00:22,565 - INFO - Request for get_stock_by_skus, skus: ['b2926dc2-cc6d-4c3e-ae40-7a127c173b16']
2026-08-18 21:00:22,568 - INFO - Request for get_stock_by_skus successfully processed, result: {'b2926dc2-cc6d-4c3e-ae40-7a127c173b16': 10}
2026-08-18 21:00:22,568 - INFO - Request for get_stock_by_skus successfully processed, result: {'b2926dc2-cc6d-4c3e-ae40-7a127c173b16': 10}
2026-08-18 21:00:22,664 - INFO - Request for reserve_stock, order_id: 0fa439f3-c98d-4e63-ae44-affaae320268, request: order_id='0fa439f3-c98d-4e63-ae44-affaae320268' items=[CartItem(sku='b2926dc2-cc6d-4c3e-ae40-7a127c173b16', qty=2)] atomic_update=True delay=0.0 drop=0
2026-08-18 21:00:22,664 - INFO - Failure injected for inventory reserve_stock INJECT_DELAY: 0, INJECT_DROP_RATE: 0
2026-08-18 21:00:22,666 - INFO - Request for reserve_stock successfully processed, order_id: 0fa439f3-c98d-4e63-ae44-affaae320268, result items: [{'sku': 'b2926dc2-cc6d-4c3e-ae40-7a127c173b16', 'remaining': 8}], status: RESERVED
2026-08-18 21:00:23,243 - INFO - Request for get_stock_by_skus, skus: ['b2926dc2-cc6d-4c3e-ae40-7a127c173b16']
2026-08-18 21:00:23,247 - INFO - Request for get_stock_by_skus successfully processed, result: {'b2926dc2-cc6d-4c3e-ae40-7a127c173b16': 8}
2026-08-18 21:00:23,322 - INFO - Request for reserve_stock, order_id: f77a38b3-7136-45d7-9707-9a1af2cb299d, request: order_id='f77a38b3-7136-45d7-9707-9a1af2cb299d' items=[CartItem(sku='b2926dc2-cc6d-4c3e-ae40-7a127c173b16', qty=2)] atomic_update=True delay=0.0 drop=0
2026-08-18 21:00:23,322 - INFO - Failure injected for inventory reserve_stock INJECT_DELAY: 0, INJECT_DROP_RATE: 0
2026-08-18 21:00:23,324 - INFO - Request for reserve_stock successfully processed, order_id: f77a38b3-7136-45d7-9707-9a1af2cb299d, result items: [{'sku': 'b2926dc2-cc6d-4c3e-ae40-7a127c173b16', 'remaining': 6}], status: RESERVED
2026-08-18 21:00:23,854 - INFO - Request for reserve_stock, order_id: 267a6fc7-ffc3-4478-ada7-7bc28adadf1c, request: order_id='267a6fc7-ffc3-4478-ada7-7bc28adadf1c' items=[CartItem(sku='b2926dc2-cc6d-4c3e-ae40-7a127c173b16', qty=2)] atomic_update=True delay=0.0 drop=0
2026-08-18 21:00:23,855 - INFO - Failure injected for inventory reserve_stock INJECT_DELAY: 0, INJECT_DROP_RATE: 0
2026-08-18 21:00:23,857 - INFO - Request for reserve_stock successfully processed, order_id: 267a6fc7-ffc3-4478-ada7-7bc28adadf1c, result items: [{'sku': 'b2926dc2-cc6d-4c3e-ae40-7a127c173b16', 'remaining': 4}], status: RESERVED
2026-08-18 21:00:24,415 - INFO - Request for reserve_stock, order_id: 5057bbe1-11c3-4f2e-ad48-5c622fdd8411, request: order_id='5057bbe1-11c3-4f2e-ad48-5c622fdd8411' items=[CartItem(sku='b2926dc2-cc6d-4c3e-ae40-7a127c173b16', qty=2)] atomic_update=True delay=0.0 drop=0
2026-08-18 21:00:24,415 - INFO - Failure injected for inventory reserve_stock INJECT_DELAY: 0, INJECT_DROP_RATE: 0
2026-08-18 21:00:24,421 - INFO - Request for get_stock_by_skus, skus: ['b2926dc2-cc6d-4c3e-ae40-7a127c173b16']
2026-08-18 21:00:24,422 - INFO - Request for reserve_stock successfully processed, order_id: 5057bbe1-11c3-4f2e-ad48-5c622fdd8411, result items: [{'sku': 'b2926dc2-cc6d-4c3e-ae40-7a127c173b16', 'remaining': 2}], status: RESERVED
2026-08-18 21:00:24,425 - INFO - Request for get_stock_by_skus successfully processed, result: {'b2926dc2-cc6d-4c3e-ae40-7a127c173b16': 2}
2026-08-18 21:00:24,432 - INFO - Request for get_stock_by_skus, skus: ['b2926dc2-cc6d-4c3e-ae40-7a127c173b16']
2026-08-18 21:00:24,437 - INFO - Request for get_stock_by_skus successfully processed, result: {'b2926dc2-cc6d-4c3e-ae40-7a127c173b16': 2}
2026-08-18 21:00:25,020 - INFO - Request for get_stock_by_skus, skus: ['b2926dc2-cc6d-4c3e-ae40-7a127c173b16']
2026-08-18 21:00:25,022 - INFO - Request for get_stock_by_skus successfully processed, result: {'b2926dc2-cc6d-4c3e-ae40-7a127c173b16': 2}
2026-08-18 21:00:25,034 - INFO - Request for reserve_stock, order_id: c31715dd-490f-4e1b-89be-b58de20c956a, request: order_id='c31715dd-490f-4e1b-89be-b58de20c956a' items=[CartItem(sku='b2926dc2-cc6d-4c3e-ae40-7a127c173b16', qty=2)] atomic_update=True delay=0.0 drop=0
2026-08-18 21:00:25,036 - INFO - Failure injected for inventory reserve_stock INJECT_DELAY: 0, INJECT_DROP_RATE: 0
2026-08-18 21:00:25,042 - INFO - Request for reserve_stock successfully processed, order_id: c31715dd-490f-4e1b-89be-b58de20c956a, result items: [{'sku': 'b2926dc2-cc6d-4c3e-ae40-7a127c173b16', 'remaining': 0}], status: RESERVED
2026-08-18 21:00:25,582 - INFO - Request for get_stock_by_skus, skus: ['b2926dc2-cc6d-4c3e-ae40-7a127c173b16']
2026-08-18 21:00:25,585 - INFO - Request for reserve_stock, order_id: 0d6a226b-b7cb-4cb1-afec-23e3134d9d34, request: order_id='0d6a226b-b7cb-4cb1-afec-23e3134d9d34' items=[CartItem(sku='b2926dc2-cc6d-4c3e-ae40-7a127c173b16', qty=2)] atomic_update=True delay=0.0 drop=0
2026-08-18 21:00:25,585 - INFO - Failure injected for inventory reserve_stock INJECT_DELAY: 0, INJECT_DROP_RATE: 0
2026-08-18 21:00:25,585 - INFO - Request for get_stock_by_skus successfully processed, result: {'b2926dc2-cc6d-4c3e-ae40-7a127c173b16': 0}
2026-08-18 21:00:25,588 - INFO - Request for reserve_stock successfully processed, order_id: 0d6a226b-b7cb-4cb1-afec-23e3134d9d34, failed_sku: b2926dc2-cc6d-4c3e-ae40-7a127c173b16, status: OUT_OF_STOCK
2026-08-18 21:00:25,588 - ERROR - Exception in Request for reserve_stock, order_id: 0d6a226b-b7cb-4cb1-afec-23e3134d9d34, status: OUT_OF_STOCK, Error: Out of stock: b2926dc2-cc6d-4c3e-ae40-7a127c173b16
2026-08-18 21:00:25,614 - INFO - Request for reserve_stock, order_id: da122264-478b-445d-93f8-45e657e0d542, request: order_id='da122264-478b-445d-93f8-45e657e0d542' items=[CartItem(sku='b2926dc2-cc6d-4c3e-ae40-7a127c173b16', qty=2)] atomic_update=True delay=0.0 drop=0
2026-08-18 21:00:25,615 - INFO - Failure injected for inventory reserve_stock INJECT_DELAY: 0, INJECT_DROP_RATE: 0
2026-08-18 21:00:25,617 - INFO - Request for reserve_stock successfully processed, order_id: da122264-478b-445d-93f8-45e657e0d542, failed_sku: b2926dc2-cc6d-4c3e-ae40-7a127c173b16, status: OUT_OF_STOCK
2026-08-18 21:00:25,619 - ERROR - Exception in Request for reserve_stock, order_id: da122264-478b-445d-93f8-45e657e0d542, status: OUT_OF_STOCK, Error: Out of stock: b2926dc2-cc6d-4c3e-ae40-7a127c173b16
2026-08-18 21:00:25,624 - INFO - Request for get_stock_by_skus, skus: ['b2926dc2-cc6d-4c3e-ae40-7a127c173b16']
2026-08-18 21:00:25,626 - INFO - Request for get_stock_by_skus successfully processed, result: {'b2926dc2-cc6d-4c3e-ae40-7a127c173b16': 0}
2026-08-18 21:00:25,637 - INFO - Request for reserve_stock, order_id: 2b75493b-a13e-45a5-a189-3fdbf61459f0, request: order_id='2b75493b-a13e-45a5-a189-3fdbf61459f0' items=[CartItem(sku='b2926dc2-cc6d-4c3e-ae40-7a127c173b16', qty=2)] atomic_update=True delay=0.0 drop=0
2026-08-18 21:00:25,637 - INFO - Failure injected for inventory reserve_stock INJECT_DELAY: 0, INJECT_DROP_RATE: 0
2026-08-18 21:00:25,640 - INFO - Request for reserve_stock successfully processed, order_id: 2b75493b-a13e-45a5-a189-3fdbf61459f0, failed_sku: b2926dc2-cc6d-4c3e-ae40-7a127c173b16, status: OUT_OF_STOCK
2026-08-18 21:00:25,640 - ERROR - Exception in Request for reserve_stock, order_id: 2b75493b-a13e-45a5-a189-3fdbf61459f0, status: OUT_OF_STOCK, Error: Out of stock: b2926dc2-cc6d-4c3e-ae40-7a127c173b16
2026-08-18 21:00:25,648 - INFO - Request for get_stock_by_skus, skus: ['b2926dc2-cc6d-4c3e-ae40-7a127c173b16']
2026-08-18 21:00:25,652 - INFO - Request for get_stock_by_skus successfully processed, result: {'b2926dc2-cc6d-4c3e-ae40-7a127c173b16': 0}
2026-08-18 21:00:25,652 - INFO - Request for reserve_stock, order_id: dcad5935-af14-4cd3-b968-03c8fb8d469b, request: order_id='dcad5935-af14-4cd3-b968-03c8fb8d469b' items=[CartItem(sku='b2926dc2-cc6d-4c3e-ae40-7a127c173b16', qty=2)] atomic_update=True delay=0.0 drop=0
2026-08-18 21:00:25,653 - INFO - Failure injected for inventory reserve_stock INJECT_DELAY: 0, INJECT_DROP_RATE: 0
2026-08-18 21:00:25,655 - INFO - Request for reserve_stock successfully processed, order_id: dcad5935-af14-4cd3-b968-03c8fb8d469b, failed_sku: b2926dc2-cc6d-4c3e-ae40-7a127c173b16, status: OUT_OF_STOCK
2026-08-18 21:00:25,656 - ERROR - Exception in Request for reserve_stock, order_id: dcad5935-af14-4cd3-b968-03c8fb8d469b, status: OUT_OF_STOCK, Error: Out of stock: b2926dc2-cc6d-4c3e-ae40-7a127c173b16
2026-08-18 21:00:25,665 - INFO - Request for reserve_stock, order_id: 005c118a-9b69-41af-bf36-5e429b5eb675, request: order_id='005c118a-9b69-41af-bf36-5e429b5eb675' items=[CartItem(sku='b2926dc2-cc6d-4c3e-ae40-7a127c173b16', qty=2)] atomic_update=True delay=0.0 drop=0
2026-08-18 21:00:25,666 - INFO - Failure injected for inventory reserve_stock INJECT_DELAY: 0, INJECT_DROP_RATE: 0
2026-08-18 21:00:25,668 - INFO - Request for reserve_stock successfully processed, order_id: 005c118a-9b69-41af-bf36-5e429b5eb675, failed_sku: b2926dc2-cc6d-4c3e-ae40-7a127c173b16, status: OUT_OF_STOCK
2026-08-18 21:00:25,668 - ERROR - Exception in Request for reserve_stock, order_id: 005c118a-9b69-41af-bf36-5e429b5eb675, status: OUT_OF_STOCK, Error: Out of stock: b2926dc2-cc6d-4c3e-ae40-7a127c173b16
2026-08-18 21:00:25,680 - INFO - Request for reserve_stock, order_id: 0321eb37-fbd6-4988-b2c6-87a283f9266f, request: order_id='0321eb37-fbd6-4988-b2c6-87a283f9266f' items=[CartItem(sku='b2926dc2-cc6d-4c3e-ae40-7a127c173b16', qty=2)] atomic_update=True delay=0.0 drop=0
2026-08-18 21:00:25,680 - INFO - Failure injected for inventory reserve_stock INJECT_DELAY: 0, INJECT_DROP_RATE: 0
2026-08-18 21:00:25,682 - INFO - Request for reserve_stock successfully processed, order_id: 0321eb37-fbd6-4988-b2c6-87a283f9266f, failed_sku: b2926dc2-cc6d-4c3e-ae40-7a127c173b16, status: OUT_OF_STOCK
2026-08-18 21:00:25,682 - ERROR - Exception in Request for reserve_stock, order_id: 0321eb37-fbd6-4988-b2c6-87a283f9266f, status: OUT_OF_STOCK, Error: Out of stock: b2926dc2-cc6d-4c3e-ae40-7a127c173b16
2026-08-18 21:00:25,698 - INFO - Request for get_stock_by_skus, skus: ['b2926dc2-cc6d-4c3e-ae40-7a127c173b16']
2026-08-18 21:00:25,700 - INFO - Request for get_stock_by_skus successfully processed, result: {'b2926dc2-cc6d-4c3e-ae40-7a127c173b16': 0}
2026-08-18 21:00:25,708 - INFO - Request for get_stock_by_skus, skus: ['b2926dc2-cc6d-4c3e-ae40-7a127c173b16']
2026-08-18 21:00:25,710 - INFO - Request for get_stock_by_skus successfully processed, result: {'b2926dc2-cc6d-4c3e-ae40-7a127c173b16': 0}
2026-08-18 21:00:25,719 - INFO - Request for get_stock_by_skus, skus: ['b2926dc2-cc6d-4c3e-ae40-7a127c173b16']
2026-08-18 21:00:25,719 - INFO - Request for reserve_stock, order_id: 7e83ac1b-788d-47b6-95cb-812f2c98a67f, request: order_id='7e83ac1b-788d-47b6-95cb-812f2c98a67f' items=[CartItem(sku='b2926dc2-cc6d-4c3e-ae40-7a127c173b16', qty=2)] atomic_update=True delay=0.0 drop=0
2026-08-18 21:00:25,722 - INFO - Failure injected for inventory reserve_stock INJECT_DELAY: 0, INJECT_DROP_RATE: 0
2026-08-18 21:00:25,723 - INFO - Request for get_stock_by_skus successfully processed, result: {'b2926dc2-cc6d-4c3e-ae40-7a127c173b16': 0}
2026-08-18 21:00:25,724 - INFO - Request for reserve_stock successfully processed, order_id: 7e83ac1b-788d-47b6-95cb-812f2c98a67f, failed_sku: b2926dc2-cc6d-4c3e-ae40-7a127c173b16, status: OUT_OF_STOCK
2026-08-18 21:00:25,726 - ERROR - Exception in Request for reserve_stock, order_id: 7e83ac1b-788d-47b6-95cb-812f2c98a67f, status: OUT_OF_STOCK, Error: Out of stock: b2926dc2-cc6d-4c3e-ae40-7a127c173b16
2026-08-18 21:00:25,781 - INFO - Request for reserve_stock, order_id: 46af8aee-758f-45c8-a779-e8b19861415b, request: order_id='46af8aee-758f-45c8-a779-e8b19861415b' items=[CartItem(sku='b2926dc2-cc6d-4c3e-ae40-7a127c173b16', qty=2)] atomic_update=True delay=0.0 drop=0
2026-08-18 21:00:25,781 - INFO - Failure injected for inventory reserve_stock INJECT_DELAY: 0, INJECT_DROP_RATE: 0
2026-08-18 21:00:25,782 - INFO - Request for reserve_stock successfully processed, order_id: 46af8aee-758f-45c8-a779-e8b19861415b, failed_sku: b2926dc2-cc6d-4c3e-ae40-7a127c173b16, status: OUT_OF_STOCK
2026-08-18 21:00:25,782 - ERROR - Exception in Request for reserve_stock, order_id: 46af8aee-758f-45c8-a779-e8b19861415b, status: OUT_OF_STOCK, Error: Out of stock: b2926dc2-cc6d-4c3e-ae40-7a127c173b16
2026-08-18 21:00:25,792 - INFO - Request for reserve_stock, order_id: 8b467e62-e673-4a79-b6d5-16469a4dc5cd, request: order_id='8b467e62-e673-4a79-b6d5-16469a4dc5cd' items=[CartItem(sku='b2926dc2-cc6d-4c3e-ae40-7a127c173b16', qty=2)] atomic_update=True delay=0.0 drop=0
2026-08-18 21:00:25,792 - INFO - Failure injected for inventory reserve_stock INJECT_DELAY: 0, INJECT_DROP_RATE: 0
2026-08-18 21:00:25,793 - INFO - Request for reserve_stock successfully processed, order_id: 8b467e62-e673-4a79-b6d5-16469a4dc5cd, failed_sku: b2926dc2-cc6d-4c3e-ae40-7a127c173b16, status: OUT_OF_STOCK
2026-08-18 21:00:25,793 - ERROR - Exception in Request for reserve_stock, order_id: 8b467e62-e673-4a79-b6d5-16469a4dc5cd, status: OUT_OF_STOCK, Error: Out of stock: b2926dc2-cc6d-4c3e-ae40-7a127c173b16
2026-08-18 21:00:25,821 - INFO - Request for reserve_stock, order_id: 2b349199-28d2-4066-856d-67ac15acb62b, request: order_id='2b349199-28d2-4066-856d-67ac15acb62b' items=[CartItem(sku='b2926dc2-cc6d-4c3e-ae40-7a127c173b16', qty=2)] atomic_update=True delay=0.0 drop=0
2026-08-18 21:00:25,822 - INFO - Failure injected for inventory reserve_stock INJECT_DELAY: 0, INJECT_DROP_RATE: 0
2026-08-18 21:00:25,823 - INFO - Request for reserve_stock successfully processed, order_id: 2b349199-28d2-4066-856d-67ac15acb62b, failed_sku: b2926dc2-cc6d-4c3e-ae40-7a127c173b16, status: OUT_OF_STOCK
2026-08-18 21:00:25,824 - ERROR - Exception in Request for reserve_stock, order_id: 2b349199-28d2-4066-856d-67ac15acb62b, status: OUT_OF_STOCK, Error: Out of stock: b2926dc2-cc6d-4c3e-ae40-7a127c173b16
2026-08-18 21:00:25,833 - INFO - Request for reserve_stock, order_id: c674e9f5-71a4-4637-8289-ecf501daaeea, request: order_id='c674e9f5-71a4-4637-8289-ecf501daaeea' items=[CartItem(sku='b2926dc2-cc6d-4c3e-ae40-7a127c173b16', qty=2)] atomic_update=True delay=0.0 drop=0
2026-08-18 21:00:25,834 - INFO - Failure injected for inventory reserve_stock INJECT_DELAY: 0, INJECT_DROP_RATE: 0
2026-08-18 21:00:25,835 - INFO - Request for reserve_stock successfully processed, order_id: c674e9f5-71a4-4637-8289-ecf501daaeea, failed_sku: b2926dc2-cc6d-4c3e-ae40-7a127c173b16, status: OUT_OF_STOCK
2026-08-18 21:00:25,836 - ERROR - Exception in Request for reserve_stock, order_id: c674e9f5-71a4-4637-8289-ecf501daaeea, status: OUT_OF_STOCK, Error: Out of stock: b2926dc2-cc6d-4c3e-ae40-7a127c173b16
2026-08-18 21:00:25,846 - INFO - Request for reserve_stock, order_id: f6d42653-0bd8-44e6-95f9-becdb3670370, request: order_id='f6d42653-0bd8-44e6-95f9-becdb3670370' items=[CartItem(sku='b2926dc2-cc6d-4c3e-ae40-7a127c173b16', qty=2)] atomic_update=True delay=0.0 drop=0
2026-08-18 21:00:25,846 - INFO - Failure injected for inventory reserve_stock INJECT_DELAY: 0, INJECT_DROP_RATE: 0
2026-08-18 21:00:25,847 - INFO - Request for reserve_stock successfully processed, order_id: f6d42653-0bd8-44e6-95f9-becdb3670370, failed_sku: b2926dc2-cc6d-4c3e-ae40-7a127c173b16, status: OUT_OF_STOCK
2026-08-18 21:00:25,847 - ERROR - Exception in Request for reserve_stock, order_id: f6d42653-0bd8-44e6-95f9-becdb3670370, status: OUT_OF_STOCK, Error: Out of stock: b2926dc2-cc6d-4c3e-ae40-7a127c173b16
2026-08-18 21:00:25,861 - INFO - Request for reserve_stock, order_id: 4335ee79-0234-4653-ab1b-a8c44dc89eba, request: order_id='4335ee79-0234-4653-ab1b-a8c44dc89eba' items=[CartItem(sku='b2926dc2-cc6d-4c3e-ae40-7a127c173b16', qty=2)] atomic_update=True delay=0.0 drop=0
2026-08-18 21:00:25,861 - INFO - Failure injected for inventory reserve_stock INJECT_DELAY: 0, INJECT_DROP_RATE: 0
2026-08-18 21:00:25,862 - INFO - Request for reserve_stock successfully processed, order_id: 4335ee79-0234-4653-ab1b-a8c44dc89eba, failed_sku: b2926dc2-cc6d-4c3e-ae40-7a127c173b16, status: OUT_OF_STOCK
2026-08-18 21:00:25,862 - ERROR - Exception in Request for reserve_stock, order_id: 4335ee79-0234-4653-ab1b-a8c44dc89eba, status: OUT_OF_STOCK, Error: Out of stock: b2926dc2-cc6d-4c3e-ae40-7a127c173b16
2026-08-18 21:00:25,874 - INFO - Request for reserve_stock, order_id: 65312cdb-1232-4b48-867f-5bde62170c7d, request: order_id='65312cdb-1232-4b48-867f-5bde62170c7d' items=[CartItem(sku='b2926dc2-cc6d-4c3e-ae40-7a127c173b16', qty=2)] atomic_update=True delay=0.0 drop=0
2026-08-18 21:00:25,875 - INFO - Failure injected for inventory reserve_stock INJECT_DELAY: 0, INJECT_DROP_RATE: 0
2026-08-18 21:00:25,876 - INFO - Request for reserve_stock successfully processed, order_id: 65312cdb-1232-4b48-867f-5bde62170c7d, failed_sku: b2926dc2-cc6d-4c3e-ae40-7a127c173b16, status: OUT_OF_STOCK
2026-08-18 21:00:25,877 - ERROR - Exception in Request for reserve_stock, order_id: 65312cdb-1232-4b48-867f-5bde62170c7d, status: OUT_OF_STOCK, Error: Out of stock: b2926dc2-cc6d-4c3e-ae40-7a127c173b16
2026-08-18 21:00:25,891 - INFO - Request for reserve_stock, order_id: 65f87f62-74ae-4306-b558-c97702c38f7f, request: order_id='65f87f62-74ae-4306-b558-c97702c38f7f' items=[CartItem(sku='b2926dc2-cc6d-4c3e-ae40-7a127c173b16', qty=2)] atomic_update=True delay=0.0 drop=0
2026-08-18 21:00:25,891 - INFO - Failure injected for inventory reserve_stock INJECT_DELAY: 0, INJECT_DROP_RATE: 0
2026-08-18 21:00:25,893 - INFO - Request for reserve_stock successfully processed, order_id: 65f87f62-74ae-4306-b558-c97702c38f7f, failed_sku: b2926dc2-cc6d-4c3e-ae40-7a127c173b16, status: OUT_OF_STOCK
2026-08-18 21:00:25,894 - ERROR - Exception in Request for reserve_stock, order_id: 65f87f62-74ae-4306-b558-c97702c38f7f, status: OUT_OF_STOCK, Error: Out of stock: b2926dc2-cc6d-4c3e-ae40-7a127c173b16
2026-08-18 21:11:58,196 - INFO - Request for get_stock_by_skus, skus: ['b2926dc2-cc6d-4c3e-ae40-7a127c173b16']
2026-08-18 21:11:58,197 - INFO - Request for get_stock_by_skus, skus: ['b2926dc2-cc6d-4c3e-ae40-7a127c173b16']
2026-08-18 21:11:58,200 - INFO - Request for get_stock_by_skus successfully processed, result: {'b2926dc2-cc6d-4c3e-ae40-7a127c173b16': 10}
2026-08-18 21:11:58,200 - INFO - Request for get_stock_by_skus, skus: ['b2926dc2-cc6d-4c3e-ae40-7a127c173b16']
2026-08-18 21:11:58,200 - INFO - Request for get_stock_by_skus successfully processed, result: {'b2926dc2-cc6d-4c3e-ae40-7a127c173b16': 10}
2026-08-18 21:11:58,202 - INFO - Request for get_stock_by_skus, skus: ['b2926dc2-cc6d-4c3e-ae40-7a127c173b16']
2026-08-18 21:11:58,203 - INFO - Request for get_stock_by_skus, skus: ['b2926dc2-cc6d-4c3e-ae40-7a127c173b16']
2026-08-18 21:11:58,206 - INFO - Request for get_stock_by_skus successfully processed, result: {'b2926dc2-cc6d-4c3e-ae40-7a127c173b16': 10}
2026-08-18 21:11:58,206 - INFO - Request for get_stock_by_skus, skus: ['b2926dc2-cc6d-4c3e-ae40-7a127c173b16']
2026-08-18 21:11:58,207 - INFO - Request for get_stock_by_skus successfully processed, result: {'b2926dc2-cc6d-4c3e-ae40-7a127c173b16': 10}
2026-08-18 21:11:58,208 - INFO - Request for get_stock_by_skus successfully processed, result: {'b2926dc2-cc6d-4c3e-ae40-7a127c173b16': 10}
2026-08-18 21:11:58,211 - INFO - Request for get_stock_by_skus, skus: ['b2926dc2-cc6d-4c3e-ae40-7a127c173b16']
2026-08-18 21:11:58,213 - INFO - Request for get_stock_by_skus successfully processed, result: {'b2926dc2-cc6d-4c3e-ae40-7a127c173b16': 10}
2026-08-18 21:11:58,214 - INFO - Request for get_stock_by_skus, skus: ['b2926dc2-cc6d-4c3e-ae40-7a127c173b16']
2026-08-18 21:11:58,214 - INFO - Request for get_stock_by_skus, skus: ['b2926dc2-cc6d-4c3e-ae40-7a127c173b16']
2026-08-18 21:11:58,215 - INFO - Request for get_stock_by_skus, skus: ['b2926dc2-cc6d-4c3e-ae40-7a127c173b16']
2026-08-18 21:11:58,215 - INFO - Request for get_stock_by_skus successfully processed, result: {'b2926dc2-cc6d-4c3e-ae40-7a127c173b16': 10}
2026-08-18 21:11:58,217 - INFO - Request for get_stock_by_skus successfully processed, result: {'b2926dc2-cc6d-4c3e-ae40-7a127c173b16': 10}
2026-08-18 21:11:58,218 - INFO - Request for get_stock_by_skus successfully processed, result: {'b2926dc2-cc6d-4c3e-ae40-7a127c173b16': 10}
2026-08-18 21:11:58,219 - INFO - Request for get_stock_by_skus successfully processed, result: {'b2926dc2-cc6d-4c3e-ae40-7a127c173b16': 10}
2026-08-18 21:11:58,269 - INFO - Request for reserve_stock, order_id: 0a7257a7-dc44-4b97-bbf1-c015935de4d1, request: order_id='0a7257a7-dc44-4b97-bbf1-c015935de4d1' items=[CartItem(sku='b2926dc2-cc6d-4c3e-ae40-7a127c173b16', qty=2)] atomic_update=True delay=0.0 drop=0
2026-08-18 21:11:58,271 - INFO - Failure injected for inventory reserve_stock INJECT_DELAY: 0, INJECT_DROP_RATE: 0
2026-08-18 21:11:58,274 - INFO - Request for reserve_stock successfully processed, order_id: 0a7257a7-dc44-4b97-bbf1-c015935de4d1, result items: [{'sku': 'b2926dc2-cc6d-4c3e-ae40-7a127c173b16', 'remaining': 8}], status: RESERVED
2026-08-18 21:11:58,812 - INFO - Request for get_stock_by_skus, skus: ['b2926dc2-cc6d-4c3e-ae40-7a127c173b16']
2026-08-18 21:11:58,814 - INFO - Request for get_stock_by_skus successfully processed, result: {'b2926dc2-cc6d-4c3e-ae40-7a127c173b16': 8}
2026-08-18 21:11:58,899 - INFO - Request for reserve_stock, order_id: 74838c55-8d86-4817-bfb9-3cf46c849fbd, request: order_id='74838c55-8d86-4817-bfb9-3cf46c849fbd' items=[CartItem(sku='b2926dc2-cc6d-4c3e-ae40-7a127c173b16', qty=2)] atomic_update=True delay=0.0 drop=0
2026-08-18 21:11:58,899 - INFO - Failure injected for inventory reserve_stock INJECT_DELAY: 0, INJECT_DROP_RATE: 0
2026-08-18 21:11:58,902 - INFO - Request for reserve_stock successfully processed, order_id: 74838c55-8d86-4817-bfb9-3cf46c849fbd, result items: [{'sku': 'b2926dc2-cc6d-4c3e-ae40-7a127c173b16', 'remaining': 6}], status: RESERVED
2026-08-18 21:11:59,487 - INFO - Request for get_stock_by_skus, skus: ['b2926dc2-cc6d-4c3e-ae40-7a127c173b16']
2026-08-18 21:11:59,490 - INFO - Request for get_stock_by_skus successfully processed, result: {'b2926dc2-cc6d-4c3e-ae40-7a127c173b16': 6}
2026-08-18 21:11:59,540 - INFO - Request for reserve_stock, order_id: f584ad0c-6d2b-4167-a4f8-ee1dbb828df0, request: order_id='f584ad0c-6d2b-4167-a4f8-ee1dbb828df0' items=[CartItem(sku='b2926dc2-cc6d-4c3e-ae40-7a127c173b16', qty=2)] atomic_update=True delay=0.0 drop=0
2026-08-18 21:11:59,540 - INFO - Failure injected for inventory reserve_stock INJECT_DELAY: 0, INJECT_DROP_RATE: 0
2026-08-18 21:11:59,543 - INFO - Request for reserve_stock successfully processed, order_id: f584ad0c-6d2b-4167-a4f8-ee1dbb828df0, result items: [{'sku': 'b2926dc2-cc6d-4c3e-ae40-7a127c173b16', 'remaining': 4}], status: RESERVED
2026-08-18 21:12:00,091 - INFO - Request for get_stock_by_skus, skus: ['b2926dc2-cc6d-4c3e-ae40-7a127c173b16']
2026-08-18 21:12:00,092 - INFO - Request for get_stock_by_skus successfully processed, result: {'b2926dc2-cc6d-4c3e-ae40-7a127c173b16': 4}
2026-08-18 21:12:00,097 - INFO - Request for reserve_stock, order_id: d417715f-ed83-4dac-b6c7-1a549376f7cb, request: order_id='d417715f-ed83-4dac-b6c7-1a549376f7cb' items=[CartItem(sku='b2926dc2-cc6d-4c3e-ae40-7a127c173b16', qty=2)] atomic_update=True delay=0.0 drop=0
2026-08-18 21:12:00,098 - INFO - Failure injected for inventory reserve_stock INJECT_DELAY: 0, INJECT_DROP_RATE: 0
2026-08-18 21:12:00,100 - INFO - Request for reserve_stock successfully processed, order_id: d417715f-ed83-4dac-b6c7-1a549376f7cb, result items: [{'sku': 'b2926dc2-cc6d-4c3e-ae40-7a127c173b16', 'remaining': 2}], status: RESERVED
2026-08-18 21:12:00,630 - INFO - Request for reserve_stock, order_id: 253ee8d6-782b-4c5b-afc9-5ccef55636ea, request: order_id='253ee8d6-782b-4c5b-afc9-5ccef55636ea' items=[CartItem(sku='b2926dc2-cc6d-4c3e-ae40-7a127c173b16', qty=2)] atomic_update=True delay=0.0 drop=0
2026-08-18 21:12:00,631 - INFO - Failure injected for inventory reserve_stock INJECT_DELAY: 0, INJECT_DROP_RATE: 0
2026-08-18 21:12:00,633 - INFO - Request for reserve_stock successfully processed, order_id: 253ee8d6-782b-4c5b-afc9-5ccef55636ea, result items: [{'sku': 'b2926dc2-cc6d-4c3e-ae40-7a127c173b16', 'remaining': 0}], status: RESERVED
2026-08-18 21:12:01,175 - INFO - Request for reserve_stock, order_id: df46035f-c025-4ed4-8518-0d635614016d, request: order_id='df46035f-c025-4ed4-8518-0d635614016d' items=[CartItem(sku='b2926dc2-cc6d-4c3e-ae40-7a127c173b16', qty=2)] atomic_update=True delay=0.0 drop=0
2026-08-18 21:12:01,176 - INFO - Failure injected for inventory reserve_stock INJECT_DELAY: 0, INJECT_DROP_RATE: 0
2026-08-18 21:12:01,179 - INFO - Request for reserve_stock successfully processed, order_id: df46035f-c025-4ed4-8518-0d635614016d, failed_sku: b2926dc2-cc6d-4c3e-ae40-7a127c173b16, status: OUT_OF_STOCK
2026-08-18 21:12:01,179 - ERROR - Exception in Request for reserve_stock, order_id: df46035f-c025-4ed4-8518-0d635614016d, status: OUT_OF_STOCK, Error: Out of stock: b2926dc2-cc6d-4c3e-ae40-7a127c173b16
2026-08-18 21:12:01,197 - INFO - Request for reserve_stock, order_id: 11d1e98c-3c0b-49bc-a4b1-477483327285, request: order_id='11d1e98c-3c0b-49bc-a4b1-477483327285' items=[CartItem(sku='b2926dc2-cc6d-4c3e-ae40-7a127c173b16', qty=2)] atomic_update=True delay=0.0 drop=0
2026-08-18 21:12:01,198 - INFO - Failure injected for inventory reserve_stock INJECT_DELAY: 0, INJECT_DROP_RATE: 0
2026-08-18 21:12:01,201 - INFO - Request for reserve_stock successfully processed, order_id: 11d1e98c-3c0b-49bc-a4b1-477483327285, failed_sku: b2926dc2-cc6d-4c3e-ae40-7a127c173b16, status: OUT_OF_STOCK
2026-08-18 21:12:01,201 - ERROR - Exception in Request for reserve_stock, order_id: 11d1e98c-3c0b-49bc-a4b1-477483327285, status: OUT_OF_STOCK, Error: Out of stock: b2926dc2-cc6d-4c3e-ae40-7a127c173b16
2026-08-18 21:12:01,219 - INFO - Request for reserve_stock, order_id: 882d5e48-c01d-497f-8418-1e71030573cd, request: order_id='882d5e48-c01d-497f-8418-1e71030573cd' items=[CartItem(sku='b2926dc2-cc6d-4c3e-ae40-7a127c173b16', qty=2)] atomic_update=True delay=0.0 drop=0
2026-08-18 21:12:01,220 - INFO - Failure injected for inventory reserve_stock INJECT_DELAY: 0, INJECT_DROP_RATE: 0
2026-08-18 21:12:01,223 - INFO - Request for reserve_stock successfully processed, order_id: 882d5e48-c01d-497f-8418-1e71030573cd, failed_sku: b2926dc2-cc6d-4c3e-ae40-7a127c173b16, status: OUT_OF_STOCK
2026-08-18 21:12:01,223 - ERROR - Exception in Request for reserve_stock, order_id: 882d5e48-c01d-497f-8418-1e71030573cd, status: OUT_OF_STOCK, Error: Out of stock: b2926dc2-cc6d-4c3e-ae40-7a127c173b16
2026-08-18 21:12:01,242 - INFO - Request for reserve_stock, order_id: ff427971-bf3d-46d1-b3c0-573d9ef65982, request: order_id='ff427971-bf3d-46d1-b3c0-573d9ef65982' items=[CartItem(sku='b2926dc2-cc6d-4c3e-ae40-7a127c173b16', qty=2)] atomic_update=True delay=0.0 drop=0
2026-08-18 21:12:01,242 - INFO - Failure injected for inventory reserve_stock INJECT_DELAY: 0, INJECT_DROP_RATE: 0
2026-08-18 21:12:01,245 - INFO - Request for reserve_stock successfully processed, order_id: ff427971-bf3d-46d1-b3c0-573d9ef65982, failed_sku: b2926dc2-cc6d-4c3e-ae40-7a127c173b16, status: OUT_OF_STOCK
2026-08-18 21:12:01,246 - ERROR - Exception in Request for reserve_stock, order_id: ff427971-bf3d-46d1-b3c0-573d9ef65982, status: OUT_OF_STOCK, Error: Out of stock: b2926dc2-cc6d-4c3e-ae40-7a127c173b16
2026-08-18 21:12:01,265 - INFO - Request for reserve_stock, order_id: 498b7318-1fd1-45a7-ae3b-9cbe986d798a, request: order_id='498b7318-1fd1-45a7-ae3b-9cbe986d798a' items=[CartItem(sku='b2926dc2-cc6d-4c3e-ae40-7a127c173b16', qty=2)] atomic_update=True delay=0.0 drop=0
2026-08-18 21:12:01,266 - INFO - Failure injected for inventory reserve_stock INJECT_DELAY: 0, INJECT_DROP_RATE: 0
2026-08-18 21:12:01,269 - INFO - Request for reserve_stock successfully processed, order_id: 498b7318-1fd1-45a7-ae3b-9cbe986d798a, failed_sku: b2926dc2-cc6d-4c3e-ae40-7a127c173b16, status: OUT_OF_STOCK
2026-08-18 21:12:01,269 - ERROR - Exception in Request for reserve_stock, order_id: 498b7318-1fd1-45a7-ae3b-9cbe986d798a, status: OUT_OF_STOCK, Error: Out of stock: b2926dc2-cc6d-4c3e-ae40-7a127c173b16
2026-08-18 21:12:01,289 - INFO - Request for reserve_stock, order_id: 39b37346-51b1-4f73-88ed-ba376aca189f, request: order_id='39b37346-51b1-4f73-88ed-ba376aca189f' items=[CartItem(sku='b2926dc2-cc6d-4c3e-ae40-7a127c173b16', qty=2)] atomic_update=True delay=0.0 drop=0
2026-08-18 21:12:01,289 - INFO - Failure injected for inventory reserve_stock INJECT_DELAY: 0, INJECT_DROP_RATE: 0
2026-08-18 21:12:01,292 - INFO - Request for reserve_stock successfully processed, order_id: 39b37346-51b1-4f73-88ed-ba376aca189f, failed_sku: b2926dc2-cc6d-4c3e-ae40-7a127c173b16, status: OUT_OF_STOCK
2026-08-18 21:12:01,293 - ERROR - Exception in Request for reserve_stock, order_id: 39b37346-51b1-4f73-88ed-ba376aca189f, status: OUT_OF_STOCK, Error: Out of stock: b2926dc2-cc6d-4c3e-ae40-7a127c173b16
2026-08-18 21:12:01,375 - INFO - Request for reserve_stock, order_id: c343e035-19b3-49a4-ab48-9844fdf1bd3f, request: order_id='c343e035-19b3-49a4-ab48-9844fdf1bd3f' items=[CartItem(sku='b2926dc2-cc6d-4c3e-ae40-7a127c173b16', qty=2)] atomic_update=True delay=0.0 drop=0
2026-08-18 21:12:01,376 - INFO - Failure injected for inventory reserve_stock INJECT_DELAY: 0, INJECT_DROP_RATE: 0
2026-08-18 21:12:01,378 - INFO - Request for reserve_stock successfully processed, order_id: c343e035-19b3-49a4-ab48-9844fdf1bd3f, failed_sku: b2926dc2-cc6d-4c3e-ae40-7a127c173b16, status: OUT_OF_STOCK
2026-08-18 21:12:01,379 - ERROR - Exception in Request for reserve_stock, order_id: c343e035-19b3-49a4-ab48-9844fdf1bd3f, status: OUT_OF_STOCK, Error: Out of stock: b2926dc2-cc6d-4c3e-ae40-7a127c173b16
2026-08-18 21:12:01,379 - INFO - Request for get_stock_by_skus, skus: ['b2926dc2-cc6d-4c3e-ae40-7a127c173b16']
2026-08-18 21:12:01,381 - INFO - Request for get_stock_by_skus successfully processed, result: {'b2926dc2-cc6d-4c3e-ae40-7a127c173b16': 0}
2026-08-18 21:12:01,396 - INFO - Request for reserve_stock, order_id: 262c82b8-2965-40a1-8b89-4ef4137885c6, request: order_id='262c82b8-2965-40a1-8b89-4ef4137885c6' items=[CartItem(sku='b2926dc2-cc6d-4c3e-ae40-7a127c173b16', qty=2)] atomic_update=True delay=0.0 drop=0
2026-08-18 21:12:01,396 - INFO - Failure injected for inventory reserve_stock INJECT_DELAY: 0, INJECT_DROP_RATE: 0
2026-08-18 21:12:01,397 - INFO - Request for reserve_stock successfully processed, order_id: 262c82b8-2965-40a1-8b89-4ef4137885c6, failed_sku: b2926dc2-cc6d-4c3e-ae40-7a127c173b16, status: OUT_OF_STOCK
2026-08-18 21:12:01,398 - ERROR - Exception in Request for reserve_stock, order_id: 262c82b8-2965-40a1-8b89-4ef4137885c6, status: OUT_OF_STOCK, Error: Out of stock: b2926dc2-cc6d-4c3e-ae40-7a127c173b16
2026-08-18 21:12:01,398 - INFO - Request for get_stock_by_skus, skus: ['b2926dc2-cc6d-4c3e-ae40-7a127c173b16']
2026-08-18 21:12:01,402 - INFO - Request for get_stock_by_skus successfully processed, result: {'b2926dc2-cc6d-4c3e-ae40-7a127c173b16': 0}
2026-08-18 21:12:01,405 - INFO - Request for get_stock_by_skus, skus: ['b2926dc2-cc6d-4c3e-ae40-7a127c173b16']
2026-08-18 21:12:01,407 - INFO - Request for get_stock_by_skus successfully processed, result: {'b2926dc2-cc6d-4c3e-ae40-7a127c173b16': 0}
2026-08-18 21:12:01,408 - INFO - Request for get_stock_by_skus, skus: ['b2926dc2-cc6d-4c3e-ae40-7a127c173b16']
2026-08-18 21:12:01,411 - INFO - Request for get_stock_by_skus successfully processed, result: {'b2926dc2-cc6d-4c3e-ae40-7a127c173b16': 0}
2026-08-18 21:12:01,423 - INFO - Request for get_stock_by_skus, skus: ['b2926dc2-cc6d-4c3e-ae40-7a127c173b16']
2026-08-18 21:12:01,425 - INFO - Request for get_stock_by_skus successfully processed, result: {'b2926dc2-cc6d-4c3e-ae40-7a127c173b16': 0}
2026-08-18 21:12:01,448 - INFO - Request for get_stock_by_skus, skus: ['b2926dc2-cc6d-4c3e-ae40-7a127c173b16']
2026-08-18 21:12:01,453 - INFO - Request for get_stock_by_skus successfully processed, result: {'b2926dc2-cc6d-4c3e-ae40-7a127c173b16': 0}
2026-08-18 21:12:01,456 - INFO - Request for get_stock_by_skus, skus: ['b2926dc2-cc6d-4c3e-ae40-7a127c173b16']
2026-08-18 21:12:01,461 - INFO - Request for get_stock_by_skus successfully processed, result: {'b2926dc2-cc6d-4c3e-ae40-7a127c173b16': 0}
2026-08-18 21:12:01,477 - INFO - Request for reserve_stock, order_id: 526303d9-81e6-43c6-a6d8-1a44592e6c45, request: order_id='526303d9-81e6-43c6-a6d8-1a44592e6c45' items=[CartItem(sku='b2926dc2-cc6d-4c3e-ae40-7a127c173b16', qty=2)] atomic_update=True delay=0.0 drop=0
2026-08-18 21:12:01,478 - INFO - Failure injected for inventory reserve_stock INJECT_DELAY: 0, INJECT_DROP_RATE: 0
2026-08-18 21:12:01,479 - INFO - Request for reserve_stock successfully processed, order_id: 526303d9-81e6-43c6-a6d8-1a44592e6c45, failed_sku: b2926dc2-cc6d-4c3e-ae40-7a127c173b16, status: OUT_OF_STOCK
2026-08-18 21:12:01,479 - ERROR - Exception in Request for reserve_stock, order_id: 526303d9-81e6-43c6-a6d8-1a44592e6c45, status: OUT_OF_STOCK, Error: Out of stock: b2926dc2-cc6d-4c3e-ae40-7a127c173b16
2026-08-18 21:12:01,552 - INFO - Request for reserve_stock, order_id: d769fc72-e8e4-467e-9872-ab8898fdc147, request: order_id='d769fc72-e8e4-467e-9872-ab8898fdc147' items=[CartItem(sku='b2926dc2-cc6d-4c3e-ae40-7a127c173b16', qty=2)] atomic_update=True delay=0.0 drop=0
2026-08-18 21:12:01,552 - INFO - Failure injected for inventory reserve_stock INJECT_DELAY: 0, INJECT_DROP_RATE: 0
2026-08-18 21:12:01,553 - INFO - Request for reserve_stock successfully processed, order_id: d769fc72-e8e4-467e-9872-ab8898fdc147, failed_sku: b2926dc2-cc6d-4c3e-ae40-7a127c173b16, status: OUT_OF_STOCK
2026-08-18 21:12:01,553 - ERROR - Exception in Request for reserve_stock, order_id: d769fc72-e8e4-467e-9872-ab8898fdc147, status: OUT_OF_STOCK, Error: Out of stock: b2926dc2-cc6d-4c3e-ae40-7a127c173b16
2026-08-18 21:12:01,562 - INFO - Request for reserve_stock, order_id: be084383-afc1-491c-b6dd-f2ee0e7e8ba4, request: order_id='be084383-afc1-491c-b6dd-f2ee0e7e8ba4' items=[CartItem(sku='b2926dc2-cc6d-4c3e-ae40-7a127c173b16', qty=2)] atomic_update=True delay=0.0 drop=0
2026-08-18 21:12:01,562 - INFO - Failure injected for inventory reserve_stock INJECT_DELAY: 0, INJECT_DROP_RATE: 0
2026-08-18 21:12:01,563 - INFO - Request for reserve_stock successfully processed, order_id: be084383-afc1-491c-b6dd-f2ee0e7e8ba4, failed_sku: b2926dc2-cc6d-4c3e-ae40-7a127c173b16, status: OUT_OF_STOCK
2026-08-18 21:12:01,564 - ERROR - Exception in Request for reserve_stock, order_id: be084383-afc1-491c-b6dd-f2ee0e7e8ba4, status: OUT_OF_STOCK, Error: Out of stock: b2926dc2-cc6d-4c3e-ae40-7a127c173b16
2026-08-18 21:12:01,575 - INFO - Request for reserve_stock, order_id: 3e51d9f9-14d4-4080-b7ec-4681d596589a, request: order_id='3e51d9f9-14d4-4080-b7ec-4681d596589a' items=[CartItem(sku='b2926dc2-cc6d-4c3e-ae40-7a127c173b16', qty=2)] atomic_update=True delay=0.0 drop=0
2026-08-18 21:12:01,575 - INFO - Failure injected for inventory reserve_stock INJECT_DELAY: 0, INJECT_DROP_RATE: 0
2026-08-18 21:12:01,576 - INFO - Request for reserve_stock successfully processed, order_id: 3e51d9f9-14d4-4080-b7ec-4681d596589a, failed_sku: b2926dc2-cc6d-4c3e-ae40-7a127c173b16, status: OUT_OF_STOCK
2026-08-18 21:12:01,576 - ERROR - Exception in Request for reserve_stock, order_id: 3e51d9f9-14d4-4080-b7ec-4681d596589a, status: OUT_OF_STOCK, Error: Out of stock: b2926dc2-cc6d-4c3e-ae40-7a127c173b16
2026-08-18 21:12:01,589 - INFO - Request for reserve_stock, order_id: 97a82f7e-8e91-463f-8343-8da0a512aa83, request: order_id='97a82f7e-8e91-463f-8343-8da0a512aa83' items=[CartItem(sku='b2926dc2-cc6d-4c3e-ae40-7a127c173b16', qty=2)] atomic_update=True delay=0.0 drop=0
2026-08-18 21:12:01,589 - INFO - Failure injected for inventory reserve_stock INJECT_DELAY: 0, INJECT_DROP_RATE: 0
2026-08-18 21:12:01,590 - INFO - Request for reserve_stock successfully processed, order_id: 97a82f7e-8e91-463f-8343-8da0a512aa83, failed_sku: b2926dc2-cc6d-4c3e-ae40-7a127c173b16, status: OUT_OF_STOCK
2026-08-18 21:12:01,591 - ERROR - Exception in Request for reserve_stock, order_id: 97a82f7e-8e91-463f-8343-8da0a512aa83, status: OUT_OF_STOCK, Error: Out of stock: b2926dc2-cc6d-4c3e-ae40-7a127c173b16
2026-08-18 21:12:01,601 - INFO - Request for reserve_stock, order_id: 346365cc-354f-44fe-bbf9-82ff273404eb, request: order_id='346365cc-354f-44fe-bbf9-82ff273404eb' items=[CartItem(sku='b2926dc2-cc6d-4c3e-ae40-7a127c173b16', qty=2)] atomic_update=True delay=0.0 drop=0
2026-08-18 21:12:01,601 - INFO - Failure injected for inventory reserve_stock INJECT_DELAY: 0, INJECT_DROP_RATE: 0
2026-08-18 21:12:01,603 - INFO - Request for reserve_stock successfully processed, order_id: 346365cc-354f-44fe-bbf9-82ff273404eb, failed_sku: b2926dc2-cc6d-4c3e-ae40-7a127c173b16, status: OUT_OF_STOCK
2026-08-18 21:12:01,603 - ERROR - Exception in Request for reserve_stock, order_id: 346365cc-354f-44fe-bbf9-82ff273404eb, status: OUT_OF_STOCK, Error: Out of stock: b2926dc2-cc6d-4c3e-ae40-7a127c173b16
2026-08-18 21:12:01,614 - INFO - Request for reserve_stock, order_id: 0fdd0c3c-8bf6-480f-bb78-d73c0620ef1a, request: order_id='0fdd0c3c-8bf6-480f-bb78-d73c0620ef1a' items=[CartItem(sku='b2926dc2-cc6d-4c3e-ae40-7a127c173b16', qty=2)] atomic_update=True delay=0.0 drop=0
2026-08-18 21:12:01,614 - INFO - Failure injected for inventory reserve_stock INJECT_DELAY: 0, INJECT_DROP_RATE: 0
2026-08-18 21:12:01,615 - INFO - Request for reserve_stock successfully processed, order_id: 0fdd0c3c-8bf6-480f-bb78-d73c0620ef1a, failed_sku: b2926dc2-cc6d-4c3e-ae40-7a127c173b16, status: OUT_OF_STOCK
2026-08-18 21:12:01,615 - ERROR - Exception in Request for reserve_stock, order_id: 0fdd0c3c-8bf6-480f-bb78-d73c0620ef1a, status: OUT_OF_STOCK, Error: Out of stock: b2926dc2-cc6d-4c3e-ae40-7a127c173b16
2026-08-18 21:13:18,693 - INFO - Request for get_stock_by_skus, skus: ['b2926dc2-cc6d-4c3e-ae40-7a127c173b16']
2026-08-18 21:13:18,695 - INFO - Request for get_stock_by_skus successfully processed, result: {'b2926dc2-cc6d-4c3e-ae40-7a127c173b16': 10}
2026-08-18 21:13:18,696 - INFO - Request for get_stock_by_skus, skus: ['b2926dc2-cc6d-4c3e-ae40-7a127c173b16']
2026-08-18 21:13:18,697 - INFO - Request for get_stock_by_skus successfully processed, result: {'b2926dc2-cc6d-4c3e-ae40-7a127c173b16': 10}
2026-08-18 21:13:18,706 - INFO - Request for get_stock_by_skus, skus: ['b2926dc2-cc6d-4c3e-ae40-7a127c173b16']
2026-08-18 21:13:18,708 - INFO - Request for get_stock_by_skus, skus: ['b2926dc2-cc6d-4c3e-ae40-7a127c173b16']
2026-08-18 21:13:18,709 - INFO - Request for get_stock_by_skus successfully processed, result: {'b2926dc2-cc6d-4c3e-ae40-7a127c173b16': 10}
2026-08-18 21:13:18,710 - INFO - Request for get_stock_by_skus successfully processed, result: {'b2926dc2-cc6d-4c3e-ae40-7a127c173b16': 10}
2026-08-18 21:13:18,711 - INFO - Request for get_stock_by_skus, skus: ['b2926dc2-cc6d-4c3e-ae40-7a127c173b16']
2026-08-18 21:13:18,713 - INFO - Request for get_stock_by_skus successfully processed, result: {'b2926dc2-cc6d-4c3e-ae40-7a127c173b16': 10}
2026-08-18 21:13:18,714 - INFO - Request for get_stock_by_skus, skus: ['b2926dc2-cc6d-4c3e-ae40-7a127c173b16']
2026-08-18 21:13:18,718 - INFO - Request for get_stock_by_skus successfully processed, result: {'b2926dc2-cc6d-4c3e-ae40-7a127c173b16': 10}
2026-08-18 21:13:18,719 - INFO - Request for get_stock_by_skus, skus: ['b2926dc2-cc6d-4c3e-ae40-7a127c173b16']
2026-08-18 21:13:18,720 - INFO - Request for get_stock_by_skus, skus: ['b2926dc2-cc6d-4c3e-ae40-7a127c173b16']
2026-08-18 21:13:18,720 - INFO - Request for get_stock_by_skus, skus: ['b2926dc2-cc6d-4c3e-ae40-7a127c173b16']
2026-08-18 21:13:18,723 - INFO - Request for get_stock_by_skus, skus: ['b2926dc2-cc6d-4c3e-ae40-7a127c173b16']
2026-08-18 21:13:18,724 - INFO - Request for get_stock_by_skus successfully processed, result: {'b2926dc2-cc6d-4c3e-ae40-7a127c173b16': 10}
2026-08-18 21:13:18,723 - INFO - Request for get_stock_by_skus successfully processed, result: {'b2926dc2-cc6d-4c3e-ae40-7a127c173b16': 10}
2026-08-18 21:13:18,726 - INFO - Request for get_stock_by_skus successfully processed, result: {'b2926dc2-cc6d-4c3e-ae40-7a127c173b16': 10}
2026-08-18 21:13:18,725 - INFO - Request for get_stock_by_skus successfully processed, result: {'b2926dc2-cc6d-4c3e-ae40-7a127c173b16': 10}
2026-08-18 21:13:18,778 - INFO - Request for reserve_stock, order_id: c7aff5ce-9ea6-469e-892f-ee966204ba66, request: order_id='c7aff5ce-9ea6-469e-892f-ee966204ba66' items=[CartItem(sku='b2926dc2-cc6d-4c3e-ae40-7a127c173b16', qty=2)] atomic_update=True delay=0.0 drop=0
2026-08-18 21:13:18,779 - INFO - Failure injected for inventory reserve_stock INJECT_DELAY: 0, INJECT_DROP_RATE: 0
2026-08-18 21:13:18,784 - INFO - Request for reserve_stock successfully processed, order_id: c7aff5ce-9ea6-469e-892f-ee966204ba66, result items: [{'sku': 'b2926dc2-cc6d-4c3e-ae40-7a127c173b16', 'remaining': 8}], status: RESERVED
2026-08-18 21:13:19,331 - INFO - Request for reserve_stock, order_id: d806318c-b7d4-4383-bff5-e0aa16f79b5a, request: order_id='d806318c-b7d4-4383-bff5-e0aa16f79b5a' items=[CartItem(sku='b2926dc2-cc6d-4c3e-ae40-7a127c173b16', qty=2)] atomic_update=True delay=0.0 drop=0
2026-08-18 21:13:19,332 - INFO - Failure injected for inventory reserve_stock INJECT_DELAY: 0, INJECT_DROP_RATE: 0
2026-08-18 21:13:19,339 - INFO - Request for get_stock_by_skus, skus: ['b2926dc2-cc6d-4c3e-ae40-7a127c173b16']
2026-08-18 21:13:19,343 - INFO - Request for reserve_stock successfully processed, order_id: d806318c-b7d4-4383-bff5-e0aa16f79b5a, result items: [{'sku': 'b2926dc2-cc6d-4c3e-ae40-7a127c173b16', 'remaining': 6}], status: RESERVED
2026-08-18 21:13:19,345 - INFO - Request for get_stock_by_skus successfully processed, result: {'b2926dc2-cc6d-4c3e-ae40-7a127c173b16': 6}
2026-08-18 21:13:19,947 - INFO - Request for get_stock_by_skus, skus: ['b2926dc2-cc6d-4c3e-ae40-7a127c173b16']
2026-08-18 21:13:19,953 - INFO - Request for get_stock_by_skus successfully processed, result: {'b2926dc2-cc6d-4c3e-ae40-7a127c173b16': 6}
2026-08-18 21:13:20,050 - INFO - Request for reserve_stock, order_id: 08bcde86-6216-453f-8e9d-27b029ad4b9f, request: order_id='08bcde86-6216-453f-8e9d-27b029ad4b9f' items=[CartItem(sku='b2926dc2-cc6d-4c3e-ae40-7a127c173b16', qty=2)] atomic_update=True delay=0.0 drop=0
2026-08-18 21:13:20,050 - INFO - Failure injected for inventory reserve_stock INJECT_DELAY: 0, INJECT_DROP_RATE: 0
2026-08-18 21:13:20,051 - INFO - Request for reserve_stock successfully processed, order_id: 08bcde86-6216-453f-8e9d-27b029ad4b9f, result items: [{'sku': 'b2926dc2-cc6d-4c3e-ae40-7a127c173b16', 'remaining': 4}], status: RESERVED
2026-08-18 21:13:20,613 - INFO - Request for get_stock_by_skus, skus: ['b2926dc2-cc6d-4c3e-ae40-7a127c173b16']
2026-08-18 21:13:20,616 - INFO - Request for reserve_stock, order_id: bdcf9bb1-8a1c-417b-8041-8d715b8d2b74, request: order_id='bdcf9bb1-8a1c-417b-8041-8d715b8d2b74' items=[CartItem(sku='b2926dc2-cc6d-4c3e-ae40-7a127c173b16', qty=2)] atomic_update=True delay=0.0 drop=0
2026-08-18 21:13:20,617 - INFO - Failure injected for inventory reserve_stock INJECT_DELAY: 0, INJECT_DROP_RATE: 0
2026-08-18 21:13:20,617 - INFO - Request for get_stock_by_skus successfully processed, result: {'b2926dc2-cc6d-4c3e-ae40-7a127c173b16': 4}
2026-08-18 21:13:20,619 - INFO - Request for reserve_stock successfully processed, order_id: bdcf9bb1-8a1c-417b-8041-8d715b8d2b74, result items: [{'sku': 'b2926dc2-cc6d-4c3e-ae40-7a127c173b16', 'remaining': 2}], status: RESERVED
2026-08-18 21:13:21,206 - INFO - Request for get_stock_by_skus, skus: ['b2926dc2-cc6d-4c3e-ae40-7a127c173b16']
2026-08-18 21:13:21,211 - INFO - Request for get_stock_by_skus successfully processed, result: {'b2926dc2-cc6d-4c3e-ae40-7a127c173b16': 2}
2026-08-18 21:13:21,234 - INFO - Request for reserve_stock, order_id: 871612e4-1d12-4ab7-9ed2-b032f9fd698a, request: order_id='871612e4-1d12-4ab7-9ed2-b032f9fd698a' items=[CartItem(sku='b2926dc2-cc6d-4c3e-ae40-7a127c173b16', qty=2)] atomic_update=True delay=0.0 drop=0
2026-08-18 21:13:21,234 - INFO - Failure injected for inventory reserve_stock INJECT_DELAY: 0, INJECT_DROP_RATE: 0
2026-08-18 21:13:21,237 - INFO - Request for reserve_stock successfully processed, order_id: 871612e4-1d12-4ab7-9ed2-b032f9fd698a, result items: [{'sku': 'b2926dc2-cc6d-4c3e-ae40-7a127c173b16', 'remaining': 0}], status: RESERVED
2026-08-18 21:13:21,813 - INFO - Request for reserve_stock, order_id: 84a21d2e-e468-421e-96c3-13f700e41c30, request: order_id='84a21d2e-e468-421e-96c3-13f700e41c30' items=[CartItem(sku='b2926dc2-cc6d-4c3e-ae40-7a127c173b16', qty=2)] atomic_update=True delay=0.0 drop=0
2026-08-18 21:13:21,814 - INFO - Failure injected for inventory reserve_stock INJECT_DELAY: 0, INJECT_DROP_RATE: 0
2026-08-18 21:13:21,818 - INFO - Request for get_stock_by_skus, skus: ['b2926dc2-cc6d-4c3e-ae40-7a127c173b16']
2026-08-18 21:13:21,820 - INFO - Request for reserve_stock successfully processed, order_id: 84a21d2e-e468-421e-96c3-13f700e41c30, failed_sku: b2926dc2-cc6d-4c3e-ae40-7a127c173b16, status: OUT_OF_STOCK
2026-08-18 21:13:21,821 - ERROR - Exception in Request for reserve_stock, order_id: 84a21d2e-e468-421e-96c3-13f700e41c30, status: OUT_OF_STOCK, Error: Out of stock: b2926dc2-cc6d-4c3e-ae40-7a127c173b16
2026-08-18 21:13:21,826 - INFO - Request for get_stock_by_skus successfully processed, result: {'b2926dc2-cc6d-4c3e-ae40-7a127c173b16': 0}
2026-08-18 21:13:21,863 - INFO - Request for reserve_stock, order_id: 4ebbc204-2f94-4f20-9f45-e0d2d5b40278, request: order_id='4ebbc204-2f94-4f20-9f45-e0d2d5b40278' items=[CartItem(sku='b2926dc2-cc6d-4c3e-ae40-7a127c173b16', qty=2)] atomic_update=True delay=0.0 drop=0
2026-08-18 21:13:21,864 - INFO - Failure injected for inventory reserve_stock INJECT_DELAY: 0, INJECT_DROP_RATE: 0
2026-08-18 21:13:21,867 - INFO - Request for reserve_stock successfully processed, order_id: 4ebbc204-2f94-4f20-9f45-e0d2d5b40278, failed_sku: b2926dc2-cc6d-4c3e-ae40-7a127c173b16, status: OUT_OF_STOCK
2026-08-18 21:13:21,867 - ERROR - Exception in Request for reserve_stock, order_id: 4ebbc204-2f94-4f20-9f45-e0d2d5b40278, status: OUT_OF_STOCK, Error: Out of stock: b2926dc2-cc6d-4c3e-ae40-7a127c173b16
2026-08-18 21:13:21,893 - INFO - Request for reserve_stock, order_id: 9531593e-9cfc-4afa-b49f-2ae2108ae61a, request: order_id='9531593e-9cfc-4afa-b49f-2ae2108ae61a' items=[CartItem(sku='b2926dc2-cc6d-4c3e-ae40-7a127c173b16', qty=2)] atomic_update=True delay=0.0 drop=0
2026-08-18 21:13:21,893 - INFO - Failure injected for inventory reserve_stock INJECT_DELAY: 0, INJECT_DROP_RATE: 0
2026-08-18 21:13:21,896 - INFO - Request for reserve_stock successfully processed, order_id: 9531593e-9cfc-4afa-b49f-2ae2108ae61a, failed_sku: b2926dc2-cc6d-4c3e-ae40-7a127c173b16, status: OUT_OF_STOCK
2026-08-18 21:13:21,896 - ERROR - Exception in Request for reserve_stock, order_id: 9531593e-9cfc-4afa-b49f-2ae2108ae61a, status: OUT_OF_STOCK, Error: Out of stock: b2926dc2-cc6d-4c3e-ae40-7a127c173b16
2026-08-18 21:13:21,902 - INFO - Request for get_stock_by_skus, skus: ['b2926dc2-cc6d-4c3e-ae40-7a127c173b16']
2026-08-18 21:13:21,906 - INFO - Request for get_stock_by_skus successfully processed, result: {'b2926dc2-cc6d-4c3e-ae40-7a127c173b16': 0}
2026-08-18 21:13:21,910 - INFO - Request for get_stock_by_skus, skus: ['b2926dc2-cc6d-4c3e-ae40-7a127c173b16']
2026-08-18 21:13:21,912 - INFO - Request for reserve_stock, order_id: 334a5181-d7c6-4aef-a98a-dc7d897c6fb0, request: order_id='334a5181-d7c6-4aef-a98a-dc7d897c6fb0' items=[CartItem(sku='b2926dc2-cc6d-4c3e-ae40-7a127c173b16', qty=2)] atomic_update=True delay=0.0 drop=0
2026-08-18 21:13:21,912 - INFO - Failure injected for inventory reserve_stock INJECT_DELAY: 0, INJECT_DROP_RATE: 0
2026-08-18 21:13:21,913 - INFO - Request for get_stock_by_skus successfully processed, result: {'b2926dc2-cc6d-4c3e-ae40-7a127c173b16': 0}
2026-08-18 21:13:21,915 - INFO - Request for reserve_stock successfully processed, order_id: 334a5181-d7c6-4aef-a98a-dc7d897c6fb0, failed_sku: b2926dc2-cc6d-4c3e-ae40-7a127c173b16, status: OUT_OF_STOCK
2026-08-18 21:13:21,915 - ERROR - Exception in Request for reserve_stock, order_id: 334a5181-d7c6-4aef-a98a-dc7d897c6fb0, status: OUT_OF_STOCK, Error: Out of stock: b2926dc2-cc6d-4c3e-ae40-7a127c173b16
2026-08-18 21:13:21,922 - INFO - Request for reserve_stock, order_id: 91a8da1e-4374-4e4e-90bd-ea3267f07ba7, request: order_id='91a8da1e-4374-4e4e-90bd-ea3267f07ba7' items=[CartItem(sku='b2926dc2-cc6d-4c3e-ae40-7a127c173b16', qty=2)] atomic_update=True delay=0.0 drop=0
2026-08-18 21:13:21,923 - INFO - Failure injected for inventory reserve_stock INJECT_DELAY: 0, INJECT_DROP_RATE: 0
2026-08-18 21:13:21,927 - INFO - Request for get_stock_by_skus, skus: ['b2926dc2-cc6d-4c3e-ae40-7a127c173b16']
2026-08-18 21:13:21,928 - INFO - Request for reserve_stock successfully processed, order_id: 91a8da1e-4374-4e4e-90bd-ea3267f07ba7, failed_sku: b2926dc2-cc6d-4c3e-ae40-7a127c173b16, status: OUT_OF_STOCK
2026-08-18 21:13:21,929 - ERROR - Exception in Request for reserve_stock, order_id: 91a8da1e-4374-4e4e-90bd-ea3267f07ba7, status: OUT_OF_STOCK, Error: Out of stock: b2926dc2-cc6d-4c3e-ae40-7a127c173b16
2026-08-18 21:13:21,930 - INFO - Request for get_stock_by_skus successfully processed, result: {'b2926dc2-cc6d-4c3e-ae40-7a127c173b16': 0}
2026-08-18 21:13:21,956 - INFO - Request for get_stock_by_skus, skus: ['b2926dc2-cc6d-4c3e-ae40-7a127c173b16']
2026-08-18 21:13:21,962 - INFO - Request for get_stock_by_skus successfully processed, result: {'b2926dc2-cc6d-4c3e-ae40-7a127c173b16': 0}
2026-08-18 21:13:21,985 - INFO - Request for get_stock_by_skus, skus: ['b2926dc2-cc6d-4c3e-ae40-7a127c173b16']
2026-08-18 21:13:21,987 - INFO - Request for get_stock_by_skus successfully processed, result: {'b2926dc2-cc6d-4c3e-ae40-7a127c173b16': 0}
2026-08-18 21:13:21,996 - INFO - Request for reserve_stock, order_id: 3c058647-35fc-4caa-9cdb-b967d0f91480, request: order_id='3c058647-35fc-4caa-9cdb-b967d0f91480' items=[CartItem(sku='b2926dc2-cc6d-4c3e-ae40-7a127c173b16', qty=2)] atomic_update=True delay=0.0 drop=0
2026-08-18 21:13:21,996 - INFO - Failure injected for inventory reserve_stock INJECT_DELAY: 0, INJECT_DROP_RATE: 0
2026-08-18 21:13:21,998 - INFO - Request for reserve_stock successfully processed, order_id: 3c058647-35fc-4caa-9cdb-b967d0f91480, failed_sku: b2926dc2-cc6d-4c3e-ae40-7a127c173b16, status: OUT_OF_STOCK
2026-08-18 21:13:21,998 - ERROR - Exception in Request for reserve_stock, order_id: 3c058647-35fc-4caa-9cdb-b967d0f91480, status: OUT_OF_STOCK, Error: Out of stock: b2926dc2-cc6d-4c3e-ae40-7a127c173b16
2026-08-18 21:13:22,007 - INFO - Request for reserve_stock, order_id: c3b5e42c-aa3b-415e-bd92-ff8787cd9fc9, request: order_id='c3b5e42c-aa3b-415e-bd92-ff8787cd9fc9' items=[CartItem(sku='b2926dc2-cc6d-4c3e-ae40-7a127c173b16', qty=2)] atomic_update=True delay=0.0 drop=0
2026-08-18 21:13:22,007 - INFO - Failure injected for inventory reserve_stock INJECT_DELAY: 0, INJECT_DROP_RATE: 0
2026-08-18 21:13:22,009 - INFO - Request for reserve_stock successfully processed, order_id: c3b5e42c-aa3b-415e-bd92-ff8787cd9fc9, failed_sku: b2926dc2-cc6d-4c3e-ae40-7a127c173b16, status: OUT_OF_STOCK
2026-08-18 21:13:22,009 - ERROR - Exception in Request for reserve_stock, order_id: c3b5e42c-aa3b-415e-bd92-ff8787cd9fc9, status: OUT_OF_STOCK, Error: Out of stock: b2926dc2-cc6d-4c3e-ae40-7a127c173b16
2026-08-18 21:13:22,022 - INFO - Request for reserve_stock, order_id: 13197801-49d7-4ef2-bb66-1b813d6f8322, request: order_id='13197801-49d7-4ef2-bb66-1b813d6f8322' items=[CartItem(sku='b2926dc2-cc6d-4c3e-ae40-7a127c173b16', qty=2)] atomic_update=True delay=0.0 drop=0
2026-08-18 21:13:22,022 - INFO - Failure injected for inventory reserve_stock INJECT_DELAY: 0, INJECT_DROP_RATE: 0
2026-08-18 21:13:22,023 - INFO - Request for reserve_stock successfully processed, order_id: 13197801-49d7-4ef2-bb66-1b813d6f8322, failed_sku: b2926dc2-cc6d-4c3e-ae40-7a127c173b16, status: OUT_OF_STOCK
2026-08-18 21:13:22,023 - ERROR - Exception in Request for reserve_stock, order_id: 13197801-49d7-4ef2-bb66-1b813d6f8322, status: OUT_OF_STOCK, Error: Out of stock: b2926dc2-cc6d-4c3e-ae40-7a127c173b16
2026-08-18 21:13:22,031 - INFO - Request for reserve_stock, order_id: 43400ae6-ec03-43c1-8ae8-2f4093f2db73, request: order_id='43400ae6-ec03-43c1-8ae8-2f4093f2db73' items=[CartItem(sku='b2926dc2-cc6d-4c3e-ae40-7a127c173b16', qty=2)] atomic_update=True delay=0.0 drop=0
2026-08-18 21:13:22,032 - INFO - Failure injected for inventory reserve_stock INJECT_DELAY: 0, INJECT_DROP_RATE: 0
2026-08-18 21:13:22,033 - INFO - Request for reserve_stock successfully processed, order_id: 43400ae6-ec03-43c1-8ae8-2f4093f2db73, failed_sku: b2926dc2-cc6d-4c3e-ae40-7a127c173b16, status: OUT_OF_STOCK
2026-08-18 21:13:22,033 - ERROR - Exception in Request for reserve_stock, order_id: 43400ae6-ec03-43c1-8ae8-2f4093f2db73, status: OUT_OF_STOCK, Error: Out of stock: b2926dc2-cc6d-4c3e-ae40-7a127c173b16
2026-08-18 21:13:22,040 - INFO - Request for reserve_stock, order_id: e80aa3eb-1457-4d9b-bf91-7517c2e62d50, request: order_id='e80aa3eb-1457-4d9b-bf91-7517c2e62d50' items=[CartItem(sku='b2926dc2-cc6d-4c3e-ae40-7a127c173b16', qty=2)] atomic_update=True delay=0.0 drop=0
2026-08-18 21:13:22,040 - INFO - Failure injected for inventory reserve_stock INJECT_DELAY: 0, INJECT_DROP_RATE: 0
2026-08-18 21:13:22,042 - INFO - Request for reserve_stock successfully processed, order_id: e80aa3eb-1457-4d9b-bf91-7517c2e62d50, failed_sku: b2926dc2-cc6d-4c3e-ae40-7a127c173b16, status: OUT_OF_STOCK
2026-08-18 21:13:22,042 - ERROR - Exception in Request for reserve_stock, order_id: e80aa3eb-1457-4d9b-bf91-7517c2e62d50, status: OUT_OF_STOCK, Error: Out of stock: b2926dc2-cc6d-4c3e-ae40-7a127c173b16
2026-08-18 21:13:22,077 - INFO - Request for reserve_stock, order_id: aa47692b-d4fc-432d-ac9d-a9fbcda10fef, request: order_id='aa47692b-d4fc-432d-ac9d-a9fbcda10fef' items=[CartItem(sku='b2926dc2-cc6d-4c3e-ae40-7a127c173b16', qty=2)] atomic_update=True delay=0.0 drop=0
2026-08-18 21:13:22,077 - INFO - Failure injected for inventory reserve_stock INJECT_DELAY: 0, INJECT_DROP_RATE: 0
2026-08-18 21:13:22,079 - INFO - Request for reserve_stock successfully processed, order_id: aa47692b-d4fc-432d-ac9d-a9fbcda10fef, failed_sku: b2926dc2-cc6d-4c3e-ae40-7a127c173b16, status: OUT_OF_STOCK
2026-08-18 21:13:22,079 - ERROR - Exception in Request for reserve_stock, order_id: aa47692b-d4fc-432d-ac9d-a9fbcda10fef, status: OUT_OF_STOCK, Error: Out of stock: b2926dc2-cc6d-4c3e-ae40-7a127c173b16
2026-08-18 21:13:22,088 - INFO - Request for reserve_stock, order_id: fbfa95a8-0a83-4e58-869e-e5d26317aaec, request: order_id='fbfa95a8-0a83-4e58-869e-e5d26317aaec' items=[CartItem(sku='b2926dc2-cc6d-4c3e-ae40-7a127c173b16', qty=2)] atomic_update=True delay=0.0 drop=0
2026-08-18 21:13:22,089 - INFO - Failure injected for inventory reserve_stock INJECT_DELAY: 0, INJECT_DROP_RATE: 0
2026-08-18 21:13:22,090 - INFO - Request for reserve_stock successfully processed, order_id: fbfa95a8-0a83-4e58-869e-e5d26317aaec, failed_sku: b2926dc2-cc6d-4c3e-ae40-7a127c173b16, status: OUT_OF_STOCK
2026-08-18 21:13:22,091 - ERROR - Exception in Request for reserve_stock, order_id: fbfa95a8-0a83-4e58-869e-e5d26317aaec, status: OUT_OF_STOCK, Error: Out of stock: b2926dc2-cc6d-4c3e-ae40-7a127c173b16
2026-08-18 21:13:22,102 - INFO - Request for reserve_stock, order_id: cf39631e-e502-4fa4-922c-88317d32e210, request: order_id='cf39631e-e502-4fa4-922c-88317d32e210' items=[CartItem(sku='b2926dc2-cc6d-4c3e-ae40-7a127c173b16', qty=2)] atomic_update=True delay=0.0 drop=0
2026-08-18 21:13:22,102 - INFO - Failure injected for inventory reserve_stock INJECT_DELAY: 0, INJECT_DROP_RATE: 0
2026-08-18 21:13:22,103 - INFO - Request for reserve_stock successfully processed, order_id: cf39631e-e502-4fa4-922c-88317d32e210, failed_sku: b2926dc2-cc6d-4c3e-ae40-7a127c173b16, status: OUT_OF_STOCK
2026-08-18 21:13:22,103 - ERROR - Exception in Request for reserve_stock, order_id: cf39631e-e502-4fa4-922c-88317d32e210, status: OUT_OF_STOCK, Error: Out of stock: b2926dc2-cc6d-4c3e-ae40-7a127c173b16
2026-08-18 21:13:22,124 - INFO - Request for reserve_stock, order_id: 7085f87f-ed8f-4e6a-94e2-89a86a645630, request: order_id='7085f87f-ed8f-4e6a-94e2-89a86a645630' items=[CartItem(sku='b2926dc2-cc6d-4c3e-ae40-7a127c173b16', qty=2)] atomic_update=True delay=0.0 drop=0
2026-08-18 21:13:22,126 - INFO - Failure injected for inventory reserve_stock INJECT_DELAY: 0, INJECT_DROP_RATE: 0
2026-08-18 21:13:22,128 - INFO - Request for reserve_stock successfully processed, order_id: 7085f87f-ed8f-4e6a-94e2-89a86a645630, failed_sku: b2926dc2-cc6d-4c3e-ae40-7a127c173b16, status: OUT_OF_STOCK
2026-08-18 21:13:22,128 - ERROR - Exception in Request for reserve_stock, order_id: 7085f87f-ed8f-4e6a-94e2-89a86a645630, status: OUT_OF_STOCK, Error: Out of stock: b2926dc2-cc6d-4c3e-ae40-7a127c173b16
2026-08-18 21:13:22,143 - INFO - Request for reserve_stock, order_id: 5997ceb9-3067-4ac6-ab68-99b09905baf0, request: order_id='5997ceb9-3067-4ac6-ab68-99b09905baf0' items=[CartItem(sku='b2926dc2-cc6d-4c3e-ae40-7a127c173b16', qty=2)] atomic_update=True delay=0.0 drop=0
2026-08-18 21:13:22,144 - INFO - Failure injected for inventory reserve_stock INJECT_DELAY: 0, INJECT_DROP_RATE: 0
2026-08-18 21:13:22,146 - INFO - Request for reserve_stock successfully processed, order_id: 5997ceb9-3067-4ac6-ab68-99b09905baf0, failed_sku: b2926dc2-cc6d-4c3e-ae40-7a127c173b16, status: OUT_OF_STOCK
2026-08-18 21:13:22,148 - ERROR - Exception in Request for reserve_stock, order_id: 5997ceb9-3067-4ac6-ab68-99b09905baf0, status: OUT_OF_STOCK, Error: Out of stock: b2926dc2-cc6d-4c3e-ae40-7a127c173b16
2026-08-18 21:13:37,459 - INFO - Request for get_stock_by_skus, skus: ['b2926dc2-cc6d-4c3e-ae40-7a127c173b16']
2026-08-18 21:13:37,461 - INFO - Request for get_stock_by_skus, skus: ['b2926dc2-cc6d-4c3e-ae40-7a127c173b16']
2026-08-18 21:13:37,462 - INFO - Request for get_stock_by_skus, skus: ['b2926dc2-cc6d-4c3e-ae40-7a127c173b16']
2026-08-18 21:13:37,464 - INFO - Request for get_stock_by_skus successfully processed, result: {'b2926dc2-cc6d-4c3e-ae40-7a127c173b16': 10}
2026-08-18 21:13:37,465 - INFO - Request for get_stock_by_skus successfully processed, result: {'b2926dc2-cc6d-4c3e-ae40-7a127c173b16': 10}
2026-08-18 21:13:37,467 - INFO - Request for get_stock_by_skus successfully processed, result: {'b2926dc2-cc6d-4c3e-ae40-7a127c173b16': 10}
2026-08-18 21:13:37,468 - INFO - Request for get_stock_by_skus, skus: ['b2926dc2-cc6d-4c3e-ae40-7a127c173b16']
2026-08-18 21:13:37,470 - INFO - Request for get_stock_by_skus successfully processed, result: {'b2926dc2-cc6d-4c3e-ae40-7a127c173b16': 10}
2026-08-18 21:13:37,472 - INFO - Request for get_stock_by_skus, skus: ['b2926dc2-cc6d-4c3e-ae40-7a127c173b16']
2026-08-18 21:13:37,472 - INFO - Request for get_stock_by_skus, skus: ['b2926dc2-cc6d-4c3e-ae40-7a127c173b16']
2026-08-18 21:13:37,476 - INFO - Request for get_stock_by_skus successfully processed, result: {'b2926dc2-cc6d-4c3e-ae40-7a127c173b16': 10}
2026-08-18 21:13:37,476 - INFO - Request for get_stock_by_skus successfully processed, result: {'b2926dc2-cc6d-4c3e-ae40-7a127c173b16': 10}
2026-08-18 21:13:37,476 - INFO - Request for get_stock_by_skus, skus: ['b2926dc2-cc6d-4c3e-ae40-7a127c173b16']
2026-08-18 21:13:37,480 - INFO - Request for get_stock_by_skus, skus: ['b2926dc2-cc6d-4c3e-ae40-7a127c173b16']
2026-08-18 21:13:37,480 - INFO - Request for get_stock_by_skus, skus: ['b2926dc2-cc6d-4c3e-ae40-7a127c173b16']
2026-08-18 21:13:37,482 - INFO - Request for get_stock_by_skus successfully processed, result: {'b2926dc2-cc6d-4c3e-ae40-7a127c173b16': 10}
2026-08-18 21:13:37,483 - INFO - Request for get_stock_by_skus, skus: ['b2926dc2-cc6d-4c3e-ae40-7a127c173b16']
2026-08-18 21:13:37,484 - INFO - Request for get_stock_by_skus successfully processed, result: {'b2926dc2-cc6d-4c3e-ae40-7a127c173b16': 10}
2026-08-18 21:13:37,485 - INFO - Request for get_stock_by_skus successfully processed, result: {'b2926dc2-cc6d-4c3e-ae40-7a127c173b16': 10}
2026-08-18 21:13:37,487 - INFO - Request for get_stock_by_skus successfully processed, result: {'b2926dc2-cc6d-4c3e-ae40-7a127c173b16': 10}
2026-08-18 21:13:37,597 - INFO - Request for reserve_stock, order_id: 937b7bb8-8066-4770-8358-0e122f9e4352, request: order_id='937b7bb8-8066-4770-8358-0e122f9e4352' items=[CartItem(sku='b2926dc2-cc6d-4c3e-ae40-7a127c173b16', qty=2)] atomic_update=True delay=0.0 drop=0
2026-08-18 21:13:37,597 - INFO - Failure injected for inventory reserve_stock INJECT_DELAY: 0, INJECT_DROP_RATE: 0
2026-08-18 21:13:37,599 - INFO - Request for reserve_stock successfully processed, order_id: 937b7bb8-8066-4770-8358-0e122f9e4352, result items: [{'sku': 'b2926dc2-cc6d-4c3e-ae40-7a127c173b16', 'remaining': 8}], status: RESERVED
2026-08-18 21:13:38,149 - INFO - Request for reserve_stock, order_id: dd31ce6d-60c0-4993-a175-745ac54624b1, request: order_id='dd31ce6d-60c0-4993-a175-745ac54624b1' items=[CartItem(sku='b2926dc2-cc6d-4c3e-ae40-7a127c173b16', qty=2)] atomic_update=True delay=0.0 drop=0
2026-08-18 21:13:38,150 - INFO - Failure injected for inventory reserve_stock INJECT_DELAY: 0, INJECT_DROP_RATE: 0
2026-08-18 21:13:38,157 - INFO - Request for reserve_stock successfully processed, order_id: dd31ce6d-60c0-4993-a175-745ac54624b1, result items: [{'sku': 'b2926dc2-cc6d-4c3e-ae40-7a127c173b16', 'remaining': 6}], status: RESERVED
2026-08-18 21:13:38,774 - INFO - Request for get_stock_by_skus, skus: ['b2926dc2-cc6d-4c3e-ae40-7a127c173b16']
2026-08-18 21:13:38,777 - INFO - Request for get_stock_by_skus successfully processed, result: {'b2926dc2-cc6d-4c3e-ae40-7a127c173b16': 6}
2026-08-18 21:13:38,791 - INFO - Request for get_stock_by_skus, skus: ['b2926dc2-cc6d-4c3e-ae40-7a127c173b16']
2026-08-18 21:13:38,793 - INFO - Request for get_stock_by_skus successfully processed, result: {'b2926dc2-cc6d-4c3e-ae40-7a127c173b16': 6}
2026-08-18 21:13:38,857 - INFO - Request for reserve_stock, order_id: 01bec240-c2a2-49ca-9b52-8311474785f1, request: order_id='01bec240-c2a2-49ca-9b52-8311474785f1' items=[CartItem(sku='b2926dc2-cc6d-4c3e-ae40-7a127c173b16', qty=2)] atomic_update=True delay=0.0 drop=0
2026-08-18 21:13:38,858 - INFO - Failure injected for inventory reserve_stock INJECT_DELAY: 0, INJECT_DROP_RATE: 0
2026-08-18 21:13:38,861 - INFO - Request for reserve_stock successfully processed, order_id: 01bec240-c2a2-49ca-9b52-8311474785f1, result items: [{'sku': 'b2926dc2-cc6d-4c3e-ae40-7a127c173b16', 'remaining': 4}], status: RESERVED
2026-08-18 21:13:39,448 - INFO - Request for get_stock_by_skus, skus: ['b2926dc2-cc6d-4c3e-ae40-7a127c173b16']
2026-08-18 21:13:39,449 - INFO - Request for get_stock_by_skus successfully processed, result: {'b2926dc2-cc6d-4c3e-ae40-7a127c173b16': 4}
2026-08-18 21:13:39,461 - INFO - Request for reserve_stock, order_id: cc02a51c-edc8-4be6-9818-b4f85dbd67f3, request: order_id='cc02a51c-edc8-4be6-9818-b4f85dbd67f3' items=[CartItem(sku='b2926dc2-cc6d-4c3e-ae40-7a127c173b16', qty=2)] atomic_update=True delay=0.0 drop=0
2026-08-18 21:13:39,463 - INFO - Failure injected for inventory reserve_stock INJECT_DELAY: 0, INJECT_DROP_RATE: 0
2026-08-18 21:13:39,466 - INFO - Request for reserve_stock successfully processed, order_id: cc02a51c-edc8-4be6-9818-b4f85dbd67f3, result items: [{'sku': 'b2926dc2-cc6d-4c3e-ae40-7a127c173b16', 'remaining': 2}], status: RESERVED
2026-08-18 21:13:40,027 - INFO - Request for get_stock_by_skus, skus: ['b2926dc2-cc6d-4c3e-ae40-7a127c173b16']
2026-08-18 21:13:40,029 - INFO - Request for get_stock_by_skus successfully processed, result: {'b2926dc2-cc6d-4c3e-ae40-7a127c173b16': 2}
2026-08-18 21:13:40,046 - INFO - Request for reserve_stock, order_id: 0240b2ce-5a35-4abc-b5c5-982690c20c5a, request: order_id='0240b2ce-5a35-4abc-b5c5-982690c20c5a' items=[CartItem(sku='b2926dc2-cc6d-4c3e-ae40-7a127c173b16', qty=2)] atomic_update=True delay=0.0 drop=0
2026-08-18 21:13:40,046 - INFO - Failure injected for inventory reserve_stock INJECT_DELAY: 0, INJECT_DROP_RATE: 0
2026-08-18 21:13:40,048 - INFO - Request for reserve_stock successfully processed, order_id: 0240b2ce-5a35-4abc-b5c5-982690c20c5a, result items: [{'sku': 'b2926dc2-cc6d-4c3e-ae40-7a127c173b16', 'remaining': 0}], status: RESERVED
2026-08-18 21:13:40,633 - INFO - Request for reserve_stock, order_id: cd601e71-523b-4c84-afab-28e6338b9ffb, request: order_id='cd601e71-523b-4c84-afab-28e6338b9ffb' items=[CartItem(sku='b2926dc2-cc6d-4c3e-ae40-7a127c173b16', qty=2)] atomic_update=True delay=0.0 drop=0
2026-08-18 21:13:40,634 - INFO - Request for get_stock_by_skus, skus: ['b2926dc2-cc6d-4c3e-ae40-7a127c173b16']
2026-08-18 21:13:40,634 - INFO - Failure injected for inventory reserve_stock INJECT_DELAY: 0, INJECT_DROP_RATE: 0
2026-08-18 21:13:40,637 - INFO - Request for reserve_stock successfully processed, order_id: cd601e71-523b-4c84-afab-28e6338b9ffb, failed_sku: b2926dc2-cc6d-4c3e-ae40-7a127c173b16, status: OUT_OF_STOCK
2026-08-18 21:13:40,638 - ERROR - Exception in Request for reserve_stock, order_id: cd601e71-523b-4c84-afab-28e6338b9ffb, status: OUT_OF_STOCK, Error: Out of stock: b2926dc2-cc6d-4c3e-ae40-7a127c173b16
2026-08-18 21:13:40,638 - INFO - Request for get_stock_by_skus successfully processed, result: {'b2926dc2-cc6d-4c3e-ae40-7a127c173b16': 0}
2026-08-18 21:13:40,657 - INFO - Request for reserve_stock, order_id: 31e600d8-759b-4cdb-8a59-4e645e7d2b3a, request: order_id='31e600d8-759b-4cdb-8a59-4e645e7d2b3a' items=[CartItem(sku='b2926dc2-cc6d-4c3e-ae40-7a127c173b16', qty=2)] atomic_update=True delay=0.0 drop=0
2026-08-18 21:13:40,657 - INFO - Failure injected for inventory reserve_stock INJECT_DELAY: 0, INJECT_DROP_RATE: 0
2026-08-18 21:13:40,659 - INFO - Request for reserve_stock successfully processed, order_id: 31e600d8-759b-4cdb-8a59-4e645e7d2b3a, failed_sku: b2926dc2-cc6d-4c3e-ae40-7a127c173b16, status: OUT_OF_STOCK
2026-08-18 21:13:40,660 - ERROR - Exception in Request for reserve_stock, order_id: 31e600d8-759b-4cdb-8a59-4e645e7d2b3a, status: OUT_OF_STOCK, Error: Out of stock: b2926dc2-cc6d-4c3e-ae40-7a127c173b16
2026-08-18 21:13:40,677 - INFO - Request for reserve_stock, order_id: 5f8fdffd-5ea6-481f-b32e-b4f289020df1, request: order_id='5f8fdffd-5ea6-481f-b32e-b4f289020df1' items=[CartItem(sku='b2926dc2-cc6d-4c3e-ae40-7a127c173b16', qty=2)] atomic_update=True delay=0.0 drop=0
2026-08-18 21:13:40,678 - INFO - Failure injected for inventory reserve_stock INJECT_DELAY: 0, INJECT_DROP_RATE: 0
2026-08-18 21:13:40,679 - INFO - Request for reserve_stock successfully processed, order_id: 5f8fdffd-5ea6-481f-b32e-b4f289020df1, failed_sku: b2926dc2-cc6d-4c3e-ae40-7a127c173b16, status: OUT_OF_STOCK
2026-08-18 21:13:40,680 - ERROR - Exception in Request for reserve_stock, order_id: 5f8fdffd-5ea6-481f-b32e-b4f289020df1, status: OUT_OF_STOCK, Error: Out of stock: b2926dc2-cc6d-4c3e-ae40-7a127c173b16
2026-08-18 21:13:40,688 - INFO - Request for get_stock_by_skus, skus: ['b2926dc2-cc6d-4c3e-ae40-7a127c173b16']
2026-08-18 21:13:40,694 - INFO - Request for get_stock_by_skus successfully processed, result: {'b2926dc2-cc6d-4c3e-ae40-7a127c173b16': 0}
2026-08-18 21:13:40,700 - INFO - Request for get_stock_by_skus, skus: ['b2926dc2-cc6d-4c3e-ae40-7a127c173b16']
2026-08-18 21:13:40,700 - INFO - Request for reserve_stock, order_id: b9805cf5-fcef-42bd-845d-50a0bca6440c, request: order_id='b9805cf5-fcef-42bd-845d-50a0bca6440c' items=[CartItem(sku='b2926dc2-cc6d-4c3e-ae40-7a127c173b16', qty=2)] atomic_update=True delay=0.0 drop=0
2026-08-18 21:13:40,700 - INFO - Failure injected for inventory reserve_stock INJECT_DELAY: 0, INJECT_DROP_RATE: 0
2026-08-18 21:13:40,701 - INFO - Request for get_stock_by_skus successfully processed, result: {'b2926dc2-cc6d-4c3e-ae40-7a127c173b16': 0}
2026-08-18 21:13:40,701 - INFO - Request for reserve_stock successfully processed, order_id: b9805cf5-fcef-42bd-845d-50a0bca6440c, failed_sku: b2926dc2-cc6d-4c3e-ae40-7a127c173b16, status: OUT_OF_STOCK
2026-08-18 21:13:40,702 - ERROR - Exception in Request for reserve_stock, order_id: b9805cf5-fcef-42bd-845d-50a0bca6440c, status: OUT_OF_STOCK, Error: Out of stock: b2926dc2-cc6d-4c3e-ae40-7a127c173b16
2026-08-18 21:13:40,709 - INFO - Request for get_stock_by_skus, skus: ['b2926dc2-cc6d-4c3e-ae40-7a127c173b16']
2026-08-18 21:13:40,711 - INFO - Request for get_stock_by_skus successfully processed, result: {'b2926dc2-cc6d-4c3e-ae40-7a127c173b16': 0}
2026-08-18 21:13:40,715 - INFO - Request for reserve_stock, order_id: 06117347-f2d6-4307-83d3-897ab7b8d86b, request: order_id='06117347-f2d6-4307-83d3-897ab7b8d86b' items=[CartItem(sku='b2926dc2-cc6d-4c3e-ae40-7a127c173b16', qty=2)] atomic_update=True delay=0.0 drop=0
2026-08-18 21:13:40,715 - INFO - Failure injected for inventory reserve_stock INJECT_DELAY: 0, INJECT_DROP_RATE: 0
2026-08-18 21:13:40,717 - INFO - Request for reserve_stock successfully processed, order_id: 06117347-f2d6-4307-83d3-897ab7b8d86b, failed_sku: b2926dc2-cc6d-4c3e-ae40-7a127c173b16, status: OUT_OF_STOCK
2026-08-18 21:13:40,717 - ERROR - Exception in Request for reserve_stock, order_id: 06117347-f2d6-4307-83d3-897ab7b8d86b, status: OUT_OF_STOCK, Error: Out of stock: b2926dc2-cc6d-4c3e-ae40-7a127c173b16
2026-08-18 21:13:40,757 - INFO - Request for get_stock_by_skus, skus: ['b2926dc2-cc6d-4c3e-ae40-7a127c173b16']
2026-08-18 21:13:40,761 - INFO - Request for get_stock_by_skus successfully processed, result: {'b2926dc2-cc6d-4c3e-ae40-7a127c173b16': 0}
2026-08-18 21:13:40,767 - INFO - Request for reserve_stock, order_id: 7d9742d7-13b8-48fc-a816-1cbc6ab3c0f4, request: order_id='7d9742d7-13b8-48fc-a816-1cbc6ab3c0f4' items=[CartItem(sku='b2926dc2-cc6d-4c3e-ae40-7a127c173b16', qty=2)] atomic_update=True delay=0.0 drop=0
2026-08-18 21:13:40,768 - INFO - Failure injected for inventory reserve_stock INJECT_DELAY: 0, INJECT_DROP_RATE: 0
2026-08-18 21:13:40,770 - INFO - Request for reserve_stock successfully processed, order_id: 7d9742d7-13b8-48fc-a816-1cbc6ab3c0f4, failed_sku: b2926dc2-cc6d-4c3e-ae40-7a127c173b16, status: OUT_OF_STOCK
2026-08-18 21:13:40,770 - ERROR - Exception in Request for reserve_stock, order_id: 7d9742d7-13b8-48fc-a816-1cbc6ab3c0f4, status: OUT_OF_STOCK, Error: Out of stock: b2926dc2-cc6d-4c3e-ae40-7a127c173b16
2026-08-18 21:13:40,777 - INFO - Request for get_stock_by_skus, skus: ['b2926dc2-cc6d-4c3e-ae40-7a127c173b16']
2026-08-18 21:13:40,780 - INFO - Request for get_stock_by_skus successfully processed, result: {'b2926dc2-cc6d-4c3e-ae40-7a127c173b16': 0}
2026-08-18 21:13:40,788 - INFO - Request for reserve_stock, order_id: 647217b8-bf0b-467a-84a0-bb4fabdc9aa8, request: order_id='647217b8-bf0b-467a-84a0-bb4fabdc9aa8' items=[CartItem(sku='b2926dc2-cc6d-4c3e-ae40-7a127c173b16', qty=2)] atomic_update=True delay=0.0 drop=0
2026-08-18 21:13:40,789 - INFO - Failure injected for inventory reserve_stock INJECT_DELAY: 0, INJECT_DROP_RATE: 0
2026-08-18 21:13:40,792 - INFO - Request for reserve_stock successfully processed, order_id: 647217b8-bf0b-467a-84a0-bb4fabdc9aa8, failed_sku: b2926dc2-cc6d-4c3e-ae40-7a127c173b16, status: OUT_OF_STOCK
2026-08-18 21:13:40,793 - ERROR - Exception in Request for reserve_stock, order_id: 647217b8-bf0b-467a-84a0-bb4fabdc9aa8, status: OUT_OF_STOCK, Error: Out of stock: b2926dc2-cc6d-4c3e-ae40-7a127c173b16
2026-08-18 21:13:40,818 - INFO - Request for reserve_stock, order_id: ab8a10ba-a187-4491-8a6b-56b10394699d, request: order_id='ab8a10ba-a187-4491-8a6b-56b10394699d' items=[CartItem(sku='b2926dc2-cc6d-4c3e-ae40-7a127c173b16', qty=2)] atomic_update=True delay=0.0 drop=0
2026-08-18 21:13:40,819 - INFO - Failure injected for inventory reserve_stock INJECT_DELAY: 0, INJECT_DROP_RATE: 0
2026-08-18 21:13:40,819 - INFO - Request for reserve_stock successfully processed, order_id: ab8a10ba-a187-4491-8a6b-56b10394699d, failed_sku: b2926dc2-cc6d-4c3e-ae40-7a127c173b16, status: OUT_OF_STOCK
2026-08-18 21:13:40,820 - ERROR - Exception in Request for reserve_stock, order_id: ab8a10ba-a187-4491-8a6b-56b10394699d, status: OUT_OF_STOCK, Error: Out of stock: b2926dc2-cc6d-4c3e-ae40-7a127c173b16
2026-08-18 21:13:40,830 - INFO - Request for reserve_stock, order_id: f11bfce8-59b5-40e2-857a-93de3c10accb, request: order_id='f11bfce8-59b5-40e2-857a-93de3c10accb' items=[CartItem(sku='b2926dc2-cc6d-4c3e-ae40-7a127c173b16', qty=2)] atomic_update=True delay=0.0 drop=0
2026-08-18 21:13:40,831 - INFO - Failure injected for inventory reserve_stock INJECT_DELAY: 0, INJECT_DROP_RATE: 0
2026-08-18 21:13:40,832 - INFO - Request for reserve_stock successfully processed, order_id: f11bfce8-59b5-40e2-857a-93de3c10accb, failed_sku: b2926dc2-cc6d-4c3e-ae40-7a127c173b16, status: OUT_OF_STOCK
2026-08-18 21:13:40,832 - ERROR - Exception in Request for reserve_stock, order_id: f11bfce8-59b5-40e2-857a-93de3c10accb, status: OUT_OF_STOCK, Error: Out of stock: b2926dc2-cc6d-4c3e-ae40-7a127c173b16
2026-08-18 21:13:40,839 - INFO - Request for reserve_stock, order_id: d1b255dc-6ded-41ac-88e0-b5cf4c450481, request: order_id='d1b255dc-6ded-41ac-88e0-b5cf4c450481' items=[CartItem(sku='b2926dc2-cc6d-4c3e-ae40-7a127c173b16', qty=2)] atomic_update=True delay=0.0 drop=0
2026-08-18 21:13:40,839 - INFO - Failure injected for inventory reserve_stock INJECT_DELAY: 0, INJECT_DROP_RATE: 0
2026-08-18 21:13:40,841 - INFO - Request for reserve_stock successfully processed, order_id: d1b255dc-6ded-41ac-88e0-b5cf4c450481, failed_sku: b2926dc2-cc6d-4c3e-ae40-7a127c173b16, status: OUT_OF_STOCK
2026-08-18 21:13:40,841 - ERROR - Exception in Request for reserve_stock, order_id: d1b255dc-6ded-41ac-88e0-b5cf4c450481, status: OUT_OF_STOCK, Error: Out of stock: b2926dc2-cc6d-4c3e-ae40-7a127c173b16
2026-08-18 21:13:40,882 - INFO - Request for reserve_stock, order_id: 6ead75e6-5328-4b69-8ba6-5ba0498a0294, request: order_id='6ead75e6-5328-4b69-8ba6-5ba0498a0294' items=[CartItem(sku='b2926dc2-cc6d-4c3e-ae40-7a127c173b16', qty=2)] atomic_update=True delay=0.0 drop=0
2026-08-18 21:13:40,882 - INFO - Failure injected for inventory reserve_stock INJECT_DELAY: 0, INJECT_DROP_RATE: 0
2026-08-18 21:13:40,883 - INFO - Request for reserve_stock successfully processed, order_id: 6ead75e6-5328-4b69-8ba6-5ba0498a0294, failed_sku: b2926dc2-cc6d-4c3e-ae40-7a127c173b16, status: OUT_OF_STOCK
2026-08-18 21:13:40,883 - ERROR - Exception in Request for reserve_stock, order_id: 6ead75e6-5328-4b69-8ba6-5ba0498a0294, status: OUT_OF_STOCK, Error: Out of stock: b2926dc2-cc6d-4c3e-ae40-7a127c173b16
2026-08-18 21:13:40,894 - INFO - Request for reserve_stock, order_id: 2a756864-6ac3-473f-9159-795fd005ba26, request: order_id='2a756864-6ac3-473f-9159-795fd005ba26' items=[CartItem(sku='b2926dc2-cc6d-4c3e-ae40-7a127c173b16', qty=2)] atomic_update=True delay=0.0 drop=0
2026-08-18 21:13:40,894 - INFO - Failure injected for inventory reserve_stock INJECT_DELAY: 0, INJECT_DROP_RATE: 0
2026-08-18 21:13:40,895 - INFO - Request for reserve_stock successfully processed, order_id: 2a756864-6ac3-473f-9159-795fd005ba26, failed_sku: b2926dc2-cc6d-4c3e-ae40-7a127c173b16, status: OUT_OF_STOCK
2026-08-18 21:13:40,895 - ERROR - Exception in Request for reserve_stock, order_id: 2a756864-6ac3-473f-9159-795fd005ba26, status: OUT_OF_STOCK, Error: Out of stock: b2926dc2-cc6d-4c3e-ae40-7a127c173b16
2026-08-18 21:13:40,908 - INFO - Request for reserve_stock, order_id: 7f3f745c-8892-437b-84ed-681be7046475, request: order_id='7f3f745c-8892-437b-84ed-681be7046475' items=[CartItem(sku='b2926dc2-cc6d-4c3e-ae40-7a127c173b16', qty=2)] atomic_update=True delay=0.0 drop=0
2026-08-18 21:13:40,908 - INFO - Failure injected for inventory reserve_stock INJECT_DELAY: 0, INJECT_DROP_RATE: 0
2026-08-18 21:13:40,910 - INFO - Request for reserve_stock successfully processed, order_id: 7f3f745c-8892-437b-84ed-681be7046475, failed_sku: b2926dc2-cc6d-4c3e-ae40-7a127c173b16, status: OUT_OF_STOCK
2026-08-18 21:13:40,910 - ERROR - Exception in Request for reserve_stock, order_id: 7f3f745c-8892-437b-84ed-681be7046475, status: OUT_OF_STOCK, Error: Out of stock: b2926dc2-cc6d-4c3e-ae40-7a127c173b16
2026-08-18 21:13:40,925 - INFO - Request for reserve_stock, order_id: 394a6229-d903-4a4e-96ff-5ae038351c23, request: order_id='394a6229-d903-4a4e-96ff-5ae038351c23' items=[CartItem(sku='b2926dc2-cc6d-4c3e-ae40-7a127c173b16', qty=2)] atomic_update=True delay=0.0 drop=0
2026-08-18 21:13:40,925 - INFO - Failure injected for inventory reserve_stock INJECT_DELAY: 0, INJECT_DROP_RATE: 0
2026-08-18 21:13:40,926 - INFO - Request for reserve_stock successfully processed, order_id: 394a6229-d903-4a4e-96ff-5ae038351c23, failed_sku: b2926dc2-cc6d-4c3e-ae40-7a127c173b16, status: OUT_OF_STOCK
2026-08-18 21:13:40,927 - ERROR - Exception in Request for reserve_stock, order_id: 394a6229-d903-4a4e-96ff-5ae038351c23, status: OUT_OF_STOCK, Error: Out of stock: b2926dc2-cc6d-4c3e-ae40-7a127c173b16
2026-08-18 21:13:40,941 - INFO - Request for reserve_stock, order_id: 4f8ec07a-2393-4ec7-a4d6-e03fe5cd9287, request: order_id='4f8ec07a-2393-4ec7-a4d6-e03fe5cd9287' items=[CartItem(sku='b2926dc2-cc6d-4c3e-ae40-7a127c173b16', qty=2)] atomic_update=True delay=0.0 drop=0
2026-08-18 21:13:40,942 - INFO - Failure injected for inventory reserve_stock INJECT_DELAY: 0, INJECT_DROP_RATE: 0
2026-08-18 21:13:40,943 - INFO - Request for reserve_stock successfully processed, order_id: 4f8ec07a-2393-4ec7-a4d6-e03fe5cd9287, failed_sku: b2926dc2-cc6d-4c3e-ae40-7a127c173b16, status: OUT_OF_STOCK
2026-08-18 21:13:40,943 - ERROR - Exception in Request for reserve_stock, order_id: 4f8ec07a-2393-4ec7-a4d6-e03fe5cd9287, status: OUT_OF_STOCK, Error: Out of stock: b2926dc2-cc6d-4c3e-ae40-7a127c173b16
2026-08-18 21:18:57,690 - INFO - Request for get_stock_by_skus, skus: ['b2926dc2-cc6d-4c3e-ae40-7a127c173b16']
2026-08-18 21:18:57,692 - INFO - Request for get_stock_by_skus successfully processed, result: {'b2926dc2-cc6d-4c3e-ae40-7a127c173b16': 10}
2026-08-18 21:18:57,703 - INFO - Request for get_stock_by_skus, skus: ['b2926dc2-cc6d-4c3e-ae40-7a127c173b16']
2026-08-18 21:18:57,704 - INFO - Request for get_stock_by_skus, skus: ['b2926dc2-cc6d-4c3e-ae40-7a127c173b16']
2026-08-18 21:18:57,705 - INFO - Request for get_stock_by_skus successfully processed, result: {'b2926dc2-cc6d-4c3e-ae40-7a127c173b16': 10}
2026-08-18 21:18:57,706 - INFO - Request for get_stock_by_skus successfully processed, result: {'b2926dc2-cc6d-4c3e-ae40-7a127c173b16': 10}
2026-08-18 21:18:57,707 - INFO - Request for get_stock_by_skus, skus: ['b2926dc2-cc6d-4c3e-ae40-7a127c173b16']
2026-08-18 21:18:57,707 - INFO - Request for get_stock_by_skus, skus: ['b2926dc2-cc6d-4c3e-ae40-7a127c173b16']
2026-08-18 21:18:57,712 - INFO - Request for get_stock_by_skus successfully processed, result: {'b2926dc2-cc6d-4c3e-ae40-7a127c173b16': 10}
2026-08-18 21:18:57,713 - INFO - Request for get_stock_by_skus, skus: ['b2926dc2-cc6d-4c3e-ae40-7a127c173b16']
2026-08-18 21:18:57,713 - INFO - Request for get_stock_by_skus, skus: ['b2926dc2-cc6d-4c3e-ae40-7a127c173b16']
2026-08-18 21:18:57,714 - INFO - Request for get_stock_by_skus successfully processed, result: {'b2926dc2-cc6d-4c3e-ae40-7a127c173b16': 10}
2026-08-18 21:18:57,715 - INFO - Request for get_stock_by_skus, skus: ['b2926dc2-cc6d-4c3e-ae40-7a127c173b16']
2026-08-18 21:18:57,716 - INFO - Request for get_stock_by_skus, skus: ['b2926dc2-cc6d-4c3e-ae40-7a127c173b16']
2026-08-18 21:18:57,716 - INFO - Request for get_stock_by_skus successfully processed, result: {'b2926dc2-cc6d-4c3e-ae40-7a127c173b16': 10}
2026-08-18 21:18:57,723 - INFO - Request for get_stock_by_skus successfully processed, result: {'b2926dc2-cc6d-4c3e-ae40-7a127c173b16': 10}
2026-08-18 21:18:57,722 - INFO - Request for get_stock_by_skus successfully processed, result: {'b2926dc2-cc6d-4c3e-ae40-7a127c173b16': 10}
2026-08-18 21:18:57,722 - INFO - Request for get_stock_by_skus successfully processed, result: {'b2926dc2-cc6d-4c3e-ae40-7a127c173b16': 10}
2026-08-18 21:18:57,736 - INFO - Request for get_stock_by_skus, skus: ['b2926dc2-cc6d-4c3e-ae40-7a127c173b16']
2026-08-18 21:18:57,737 - INFO - Request for get_stock_by_skus successfully processed, result: {'b2926dc2-cc6d-4c3e-ae40-7a127c173b16': 10}
2026-08-18 21:18:57,762 - INFO - Request for reserve_stock, order_id: 58bc9a8c-d62d-4f95-9007-dea618267171, request: order_id='58bc9a8c-d62d-4f95-9007-dea618267171' items=[CartItem(sku='b2926dc2-cc6d-4c3e-ae40-7a127c173b16', qty=2)] atomic_update=True delay=0.0 drop=0
2026-08-18 21:18:57,763 - INFO - Failure injected for inventory reserve_stock INJECT_DELAY: 0, INJECT_DROP_RATE: 0
2026-08-18 21:18:57,765 - INFO - Request for reserve_stock successfully processed, order_id: 58bc9a8c-d62d-4f95-9007-dea618267171, result items: [{'sku': 'b2926dc2-cc6d-4c3e-ae40-7a127c173b16', 'remaining': 8}], status: RESERVED
2026-08-18 21:18:58,293 - INFO - Request for get_stock_by_skus, skus: ['b2926dc2-cc6d-4c3e-ae40-7a127c173b16']
2026-08-18 21:18:58,295 - INFO - Request for get_stock_by_skus successfully processed, result: {'b2926dc2-cc6d-4c3e-ae40-7a127c173b16': 8}
2026-08-18 21:18:58,348 - INFO - Request for reserve_stock, order_id: f83fa2ba-6fd8-4f6b-b614-fcd7409e7831, request: order_id='f83fa2ba-6fd8-4f6b-b614-fcd7409e7831' items=[CartItem(sku='b2926dc2-cc6d-4c3e-ae40-7a127c173b16', qty=2)] atomic_update=True delay=0.0 drop=0
2026-08-18 21:18:58,348 - INFO - Failure injected for inventory reserve_stock INJECT_DELAY: 0, INJECT_DROP_RATE: 0
2026-08-18 21:18:58,350 - INFO - Request for reserve_stock successfully processed, order_id: f83fa2ba-6fd8-4f6b-b614-fcd7409e7831, result items: [{'sku': 'b2926dc2-cc6d-4c3e-ae40-7a127c173b16', 'remaining': 6}], status: RESERVED
2026-08-18 21:18:58,974 - INFO - Request for get_stock_by_skus, skus: ['b2926dc2-cc6d-4c3e-ae40-7a127c173b16']
2026-08-18 21:18:58,981 - INFO - Request for get_stock_by_skus successfully processed, result: {'b2926dc2-cc6d-4c3e-ae40-7a127c173b16': 6}
2026-08-18 21:18:59,035 - INFO - Request for reserve_stock, order_id: ea9f97ed-d8d5-43ef-b441-a38e4a28b1f6, request: order_id='ea9f97ed-d8d5-43ef-b441-a38e4a28b1f6' items=[CartItem(sku='b2926dc2-cc6d-4c3e-ae40-7a127c173b16', qty=2)] atomic_update=True delay=0.0 drop=0
2026-08-18 21:18:59,035 - INFO - Failure injected for inventory reserve_stock INJECT_DELAY: 0, INJECT_DROP_RATE: 0
2026-08-18 21:18:59,040 - INFO - Request for reserve_stock successfully processed, order_id: ea9f97ed-d8d5-43ef-b441-a38e4a28b1f6, result items: [{'sku': 'b2926dc2-cc6d-4c3e-ae40-7a127c173b16', 'remaining': 4}], status: RESERVED
2026-08-18 21:18:59,581 - INFO - Request for get_stock_by_skus, skus: ['b2926dc2-cc6d-4c3e-ae40-7a127c173b16']
2026-08-18 21:18:59,583 - INFO - Request for get_stock_by_skus successfully processed, result: {'b2926dc2-cc6d-4c3e-ae40-7a127c173b16': 4}
2026-08-18 21:18:59,588 - INFO - Request for reserve_stock, order_id: 4be6199c-7394-4345-928b-e8567f29a1d0, request: order_id='4be6199c-7394-4345-928b-e8567f29a1d0' items=[CartItem(sku='b2926dc2-cc6d-4c3e-ae40-7a127c173b16', qty=2)] atomic_update=True delay=0.0 drop=0
2026-08-18 21:18:59,588 - INFO - Failure injected for inventory reserve_stock INJECT_DELAY: 0, INJECT_DROP_RATE: 0
2026-08-18 21:18:59,591 - INFO - Request for reserve_stock successfully processed, order_id: 4be6199c-7394-4345-928b-e8567f29a1d0, result items: [{'sku': 'b2926dc2-cc6d-4c3e-ae40-7a127c173b16', 'remaining': 2}], status: RESERVED
2026-08-18 21:19:00,127 - INFO - Request for reserve_stock, order_id: 5d0544d2-4f2c-4a99-9acb-0499251ee173, request: order_id='5d0544d2-4f2c-4a99-9acb-0499251ee173' items=[CartItem(sku='b2926dc2-cc6d-4c3e-ae40-7a127c173b16', qty=2)] atomic_update=True delay=0.0 drop=0
2026-08-18 21:19:00,128 - INFO - Failure injected for inventory reserve_stock INJECT_DELAY: 0, INJECT_DROP_RATE: 0
2026-08-18 21:19:00,133 - INFO - Request for reserve_stock successfully processed, order_id: 5d0544d2-4f2c-4a99-9acb-0499251ee173, result items: [{'sku': 'b2926dc2-cc6d-4c3e-ae40-7a127c173b16', 'remaining': 0}], status: RESERVED
2026-08-18 21:19:00,682 - INFO - Request for reserve_stock, order_id: d1ae420b-0c00-45dc-af25-dddf199361ad, request: order_id='d1ae420b-0c00-45dc-af25-dddf199361ad' items=[CartItem(sku='b2926dc2-cc6d-4c3e-ae40-7a127c173b16', qty=2)] atomic_update=True delay=0.0 drop=0
2026-08-18 21:19:00,683 - INFO - Failure injected for inventory reserve_stock INJECT_DELAY: 0, INJECT_DROP_RATE: 0
2026-08-18 21:19:00,686 - INFO - Request for reserve_stock successfully processed, order_id: d1ae420b-0c00-45dc-af25-dddf199361ad, failed_sku: b2926dc2-cc6d-4c3e-ae40-7a127c173b16, status: OUT_OF_STOCK
2026-08-18 21:19:00,687 - ERROR - Exception in Request for reserve_stock, order_id: d1ae420b-0c00-45dc-af25-dddf199361ad, status: OUT_OF_STOCK, Error: Out of stock: b2926dc2-cc6d-4c3e-ae40-7a127c173b16
2026-08-18 21:19:00,704 - INFO - Request for reserve_stock, order_id: 218fb93d-6708-48c3-8698-60658b95ca35, request: order_id='218fb93d-6708-48c3-8698-60658b95ca35' items=[CartItem(sku='b2926dc2-cc6d-4c3e-ae40-7a127c173b16', qty=2)] atomic_update=True delay=0.0 drop=0
2026-08-18 21:19:00,704 - INFO - Failure injected for inventory reserve_stock INJECT_DELAY: 0, INJECT_DROP_RATE: 0
2026-08-18 21:19:00,706 - INFO - Request for reserve_stock successfully processed, order_id: 218fb93d-6708-48c3-8698-60658b95ca35, failed_sku: b2926dc2-cc6d-4c3e-ae40-7a127c173b16, status: OUT_OF_STOCK
2026-08-18 21:19:00,706 - ERROR - Exception in Request for reserve_stock, order_id: 218fb93d-6708-48c3-8698-60658b95ca35, status: OUT_OF_STOCK, Error: Out of stock: b2926dc2-cc6d-4c3e-ae40-7a127c173b16
2026-08-18 21:19:00,714 - INFO - Request for reserve_stock, order_id: aca6e5f7-88e5-403e-af09-c0cf43a013df, request: order_id='aca6e5f7-88e5-403e-af09-c0cf43a013df' items=[CartItem(sku='b2926dc2-cc6d-4c3e-ae40-7a127c173b16', qty=2)] atomic_update=True delay=0.0 drop=0
2026-08-18 21:19:00,714 - INFO - Failure injected for inventory reserve_stock INJECT_DELAY: 0, INJECT_DROP_RATE: 0
2026-08-18 21:19:00,715 - INFO - Request for reserve_stock successfully processed, order_id: aca6e5f7-88e5-403e-af09-c0cf43a013df, failed_sku: b2926dc2-cc6d-4c3e-ae40-7a127c173b16, status: OUT_OF_STOCK
2026-08-18 21:19:00,716 - ERROR - Exception in Request for reserve_stock, order_id: aca6e5f7-88e5-403e-af09-c0cf43a013df, status: OUT_OF_STOCK, Error: Out of stock: b2926dc2-cc6d-4c3e-ae40-7a127c173b16
2026-08-18 21:19:00,722 - INFO - Request for reserve_stock, order_id: a6aa0e8d-ba2d-4382-8f56-9af82c783283, request: order_id='a6aa0e8d-ba2d-4382-8f56-9af82c783283' items=[CartItem(sku='b2926dc2-cc6d-4c3e-ae40-7a127c173b16', qty=2)] atomic_update=True delay=0.0 drop=0
2026-08-18 21:19:00,722 - INFO - Failure injected for inventory reserve_stock INJECT_DELAY: 0, INJECT_DROP_RATE: 0
2026-08-18 21:19:00,723 - INFO - Request for reserve_stock successfully processed, order_id: a6aa0e8d-ba2d-4382-8f56-9af82c783283, failed_sku: b2926dc2-cc6d-4c3e-ae40-7a127c173b16, status: OUT_OF_STOCK
2026-08-18 21:19:00,723 - ERROR - Exception in Request for reserve_stock, order_id: a6aa0e8d-ba2d-4382-8f56-9af82c783283, status: OUT_OF_STOCK, Error: Out of stock: b2926dc2-cc6d-4c3e-ae40-7a127c173b16
2026-08-18 21:19:00,729 - INFO - Request for reserve_stock, order_id: 52b74ee8-03f4-4d93-8dfe-b274aa3adaa4, request: order_id='52b74ee8-03f4-4d93-8dfe-b274aa3adaa4' items=[CartItem(sku='b2926dc2-cc6d-4c3e-ae40-7a127c173b16', qty=2)] atomic_update=True delay=0.0 drop=0
2026-08-18 21:19:00,729 - INFO - Failure injected for inventory reserve_stock INJECT_DELAY: 0, INJECT_DROP_RATE: 0
2026-08-18 21:19:00,730 - INFO - Request for reserve_stock successfully processed, order_id: 52b74ee8-03f4-4d93-8dfe-b274aa3adaa4, failed_sku: b2926dc2-cc6d-4c3e-ae40-7a127c173b16, status: OUT_OF_STOCK
2026-08-18 21:19:00,731 - ERROR - Exception in Request for reserve_stock, order_id: 52b74ee8-03f4-4d93-8dfe-b274aa3adaa4, status: OUT_OF_STOCK, Error: Out of stock: b2926dc2-cc6d-4c3e-ae40-7a127c173b16
2026-08-18 21:19:00,736 - INFO - Request for reserve_stock, order_id: 2fd4bf2b-bd6f-47c8-8c0d-6b30a9990456, request: order_id='2fd4bf2b-bd6f-47c8-8c0d-6b30a9990456' items=[CartItem(sku='b2926dc2-cc6d-4c3e-ae40-7a127c173b16', qty=2)] atomic_update=True delay=0.0 drop=0
2026-08-18 21:19:00,736 - INFO - Failure injected for inventory reserve_stock INJECT_DELAY: 0, INJECT_DROP_RATE: 0
2026-08-18 21:19:00,737 - INFO - Request for reserve_stock successfully processed, order_id: 2fd4bf2b-bd6f-47c8-8c0d-6b30a9990456, failed_sku: b2926dc2-cc6d-4c3e-ae40-7a127c173b16, status: OUT_OF_STOCK
2026-08-18 21:19:00,737 - ERROR - Exception in Request for reserve_stock, order_id: 2fd4bf2b-bd6f-47c8-8c0d-6b30a9990456, status: OUT_OF_STOCK, Error: Out of stock: b2926dc2-cc6d-4c3e-ae40-7a127c173b16
2026-08-18 21:19:00,770 - INFO - Request for reserve_stock, order_id: 28f0c480-3fcf-4348-b47f-85484a25b887, request: order_id='28f0c480-3fcf-4348-b47f-85484a25b887' items=[CartItem(sku='b2926dc2-cc6d-4c3e-ae40-7a127c173b16', qty=2)] atomic_update=True delay=0.0 drop=0
2026-08-18 21:19:00,770 - INFO - Failure injected for inventory reserve_stock INJECT_DELAY: 0, INJECT_DROP_RATE: 0
2026-08-18 21:19:00,773 - INFO - Request for reserve_stock successfully processed, order_id: 28f0c480-3fcf-4348-b47f-85484a25b887, failed_sku: b2926dc2-cc6d-4c3e-ae40-7a127c173b16, status: OUT_OF_STOCK
2026-08-18 21:19:00,773 - ERROR - Exception in Request for reserve_stock, order_id: 28f0c480-3fcf-4348-b47f-85484a25b887, status: OUT_OF_STOCK, Error: Out of stock: b2926dc2-cc6d-4c3e-ae40-7a127c173b16
2026-08-18 21:19:00,787 - INFO - Request for reserve_stock, order_id: 67e3c4a3-a843-4d98-a54e-56b02a3a4d07, request: order_id='67e3c4a3-a843-4d98-a54e-56b02a3a4d07' items=[CartItem(sku='b2926dc2-cc6d-4c3e-ae40-7a127c173b16', qty=2)] atomic_update=True delay=0.0 drop=0
2026-08-18 21:19:00,787 - INFO - Failure injected for inventory reserve_stock INJECT_DELAY: 0, INJECT_DROP_RATE: 0
2026-08-18 21:19:00,791 - INFO - Request for reserve_stock successfully processed, order_id: 67e3c4a3-a843-4d98-a54e-56b02a3a4d07, failed_sku: b2926dc2-cc6d-4c3e-ae40-7a127c173b16, status: OUT_OF_STOCK
2026-08-18 21:19:00,792 - ERROR - Exception in Request for reserve_stock, order_id: 67e3c4a3-a843-4d98-a54e-56b02a3a4d07, status: OUT_OF_STOCK, Error: Out of stock: b2926dc2-cc6d-4c3e-ae40-7a127c173b16
2026-08-18 21:19:00,796 - INFO - Request for get_stock_by_skus, skus: ['b2926dc2-cc6d-4c3e-ae40-7a127c173b16']
2026-08-18 21:19:00,799 - INFO - Request for get_stock_by_skus successfully processed, result: {'b2926dc2-cc6d-4c3e-ae40-7a127c173b16': 0}
2026-08-18 21:19:00,816 - INFO - Request for get_stock_by_skus, skus: ['b2926dc2-cc6d-4c3e-ae40-7a127c173b16']
2026-08-18 21:19:00,821 - INFO - Request for get_stock_by_skus successfully processed, result: {'b2926dc2-cc6d-4c3e-ae40-7a127c173b16': 0}
2026-08-18 21:19:00,826 - INFO - Request for get_stock_by_skus, skus: ['b2926dc2-cc6d-4c3e-ae40-7a127c173b16']
2026-08-18 21:19:00,828 - INFO - Request for get_stock_by_skus successfully processed, result: {'b2926dc2-cc6d-4c3e-ae40-7a127c173b16': 0}
2026-08-18 21:19:00,836 - INFO - Request for get_stock_by_skus, skus: ['b2926dc2-cc6d-4c3e-ae40-7a127c173b16']
2026-08-18 21:19:00,843 - INFO - Request for get_stock_by_skus successfully processed, result: {'b2926dc2-cc6d-4c3e-ae40-7a127c173b16': 0}
2026-08-18 21:19:00,850 - INFO - Request for get_stock_by_skus, skus: ['b2926dc2-cc6d-4c3e-ae40-7a127c173b16']
2026-08-18 21:19:00,854 - INFO - Request for get_stock_by_skus successfully processed, result: {'b2926dc2-cc6d-4c3e-ae40-7a127c173b16': 0}
2026-08-18 21:19:00,859 - INFO - Request for get_stock_by_skus, skus: ['b2926dc2-cc6d-4c3e-ae40-7a127c173b16']
2026-08-18 21:19:00,860 - INFO - Request for get_stock_by_skus successfully processed, result: {'b2926dc2-cc6d-4c3e-ae40-7a127c173b16': 0}
2026-08-18 21:19:00,881 - INFO - Request for get_stock_by_skus, skus: ['b2926dc2-cc6d-4c3e-ae40-7a127c173b16']
2026-08-18 21:19:00,885 - INFO - Request for get_stock_by_skus successfully processed, result: {'b2926dc2-cc6d-4c3e-ae40-7a127c173b16': 0}
2026-08-18 21:19:00,916 - INFO - Request for reserve_stock, order_id: 21b57519-cc6c-466c-99ff-d2aaffb3e039, request: order_id='21b57519-cc6c-466c-99ff-d2aaffb3e039' items=[CartItem(sku='b2926dc2-cc6d-4c3e-ae40-7a127c173b16', qty=2)] atomic_update=True delay=0.0 drop=0
2026-08-18 21:19:00,916 - INFO - Failure injected for inventory reserve_stock INJECT_DELAY: 0, INJECT_DROP_RATE: 0
2026-08-18 21:19:00,919 - INFO - Request for reserve_stock successfully processed, order_id: 21b57519-cc6c-466c-99ff-d2aaffb3e039, failed_sku: b2926dc2-cc6d-4c3e-ae40-7a127c173b16, status: OUT_OF_STOCK
2026-08-18 21:19:00,921 - ERROR - Exception in Request for reserve_stock, order_id: 21b57519-cc6c-466c-99ff-d2aaffb3e039, status: OUT_OF_STOCK, Error: Out of stock: b2926dc2-cc6d-4c3e-ae40-7a127c173b16
2026-08-18 21:19:00,980 - INFO - Request for reserve_stock, order_id: 6ff4d503-e32b-4459-b40c-e589bc7a44b5, request: order_id='6ff4d503-e32b-4459-b40c-e589bc7a44b5' items=[CartItem(sku='b2926dc2-cc6d-4c3e-ae40-7a127c173b16', qty=2)] atomic_update=True delay=0.0 drop=0
2026-08-18 21:19:00,980 - INFO - Failure injected for inventory reserve_stock INJECT_DELAY: 0, INJECT_DROP_RATE: 0
2026-08-18 21:19:00,982 - INFO - Request for reserve_stock successfully processed, order_id: 6ff4d503-e32b-4459-b40c-e589bc7a44b5, failed_sku: b2926dc2-cc6d-4c3e-ae40-7a127c173b16, status: OUT_OF_STOCK
2026-08-18 21:19:00,984 - ERROR - Exception in Request for reserve_stock, order_id: 6ff4d503-e32b-4459-b40c-e589bc7a44b5, status: OUT_OF_STOCK, Error: Out of stock: b2926dc2-cc6d-4c3e-ae40-7a127c173b16
2026-08-18 21:19:01,012 - INFO - Request for reserve_stock, order_id: 8b348b5d-1bb6-4cc6-ba8b-fef3e5716a25, request: order_id='8b348b5d-1bb6-4cc6-ba8b-fef3e5716a25' items=[CartItem(sku='b2926dc2-cc6d-4c3e-ae40-7a127c173b16', qty=2)] atomic_update=True delay=0.0 drop=0
2026-08-18 21:19:01,012 - INFO - Failure injected for inventory reserve_stock INJECT_DELAY: 0, INJECT_DROP_RATE: 0
2026-08-18 21:19:01,013 - INFO - Request for reserve_stock successfully processed, order_id: 8b348b5d-1bb6-4cc6-ba8b-fef3e5716a25, failed_sku: b2926dc2-cc6d-4c3e-ae40-7a127c173b16, status: OUT_OF_STOCK
2026-08-18 21:19:01,014 - ERROR - Exception in Request for reserve_stock, order_id: 8b348b5d-1bb6-4cc6-ba8b-fef3e5716a25, status: OUT_OF_STOCK, Error: Out of stock: b2926dc2-cc6d-4c3e-ae40-7a127c173b16
2026-08-18 21:19:01,031 - INFO - Request for reserve_stock, order_id: b62040ee-8985-4585-94fc-8200887f2231, request: order_id='b62040ee-8985-4585-94fc-8200887f2231' items=[CartItem(sku='b2926dc2-cc6d-4c3e-ae40-7a127c173b16', qty=2)] atomic_update=True delay=0.0 drop=0
2026-08-18 21:19:01,031 - INFO - Failure injected for inventory reserve_stock INJECT_DELAY: 0, INJECT_DROP_RATE: 0
2026-08-18 21:19:01,033 - INFO - Request for reserve_stock successfully processed, order_id: b62040ee-8985-4585-94fc-8200887f2231, failed_sku: b2926dc2-cc6d-4c3e-ae40-7a127c173b16, status: OUT_OF_STOCK
2026-08-18 21:19:01,033 - ERROR - Exception in Request for reserve_stock, order_id: b62040ee-8985-4585-94fc-8200887f2231, status: OUT_OF_STOCK, Error: Out of stock: b2926dc2-cc6d-4c3e-ae40-7a127c173b16
2026-08-18 21:19:01,049 - INFO - Request for reserve_stock, order_id: dfcd64b4-7357-4ccf-8d24-7896910f85d7, request: order_id='dfcd64b4-7357-4ccf-8d24-7896910f85d7' items=[CartItem(sku='b2926dc2-cc6d-4c3e-ae40-7a127c173b16', qty=2)] atomic_update=True delay=0.0 drop=0
2026-08-18 21:19:01,050 - INFO - Failure injected for inventory reserve_stock INJECT_DELAY: 0, INJECT_DROP_RATE: 0
2026-08-18 21:19:01,052 - INFO - Request for reserve_stock successfully processed, order_id: dfcd64b4-7357-4ccf-8d24-7896910f85d7, failed_sku: b2926dc2-cc6d-4c3e-ae40-7a127c173b16, status: OUT_OF_STOCK
2026-08-18 21:19:01,053 - ERROR - Exception in Request for reserve_stock, order_id: dfcd64b4-7357-4ccf-8d24-7896910f85d7, status: OUT_OF_STOCK, Error: Out of stock: b2926dc2-cc6d-4c3e-ae40-7a127c173b16
2026-08-18 21:19:01,075 - INFO - Request for reserve_stock, order_id: cf644a60-8249-4f83-bb23-5bb40c74add6, request: order_id='cf644a60-8249-4f83-bb23-5bb40c74add6' items=[CartItem(sku='b2926dc2-cc6d-4c3e-ae40-7a127c173b16', qty=2)] atomic_update=True delay=0.0 drop=0
2026-08-18 21:19:01,075 - INFO - Failure injected for inventory reserve_stock INJECT_DELAY: 0, INJECT_DROP_RATE: 0
2026-08-18 21:19:01,076 - INFO - Request for reserve_stock successfully processed, order_id: cf644a60-8249-4f83-bb23-5bb40c74add6, failed_sku: b2926dc2-cc6d-4c3e-ae40-7a127c173b16, status: OUT_OF_STOCK
2026-08-18 21:19:01,077 - ERROR - Exception in Request for reserve_stock, order_id: cf644a60-8249-4f83-bb23-5bb40c74add6, status: OUT_OF_STOCK, Error: Out of stock: b2926dc2-cc6d-4c3e-ae40-7a127c173b16
2026-08-18 21:19:01,103 - INFO - Request for reserve_stock, order_id: 9277ee7c-1e26-4f4e-ba21-0c2723ece004, request: order_id='9277ee7c-1e26-4f4e-ba21-0c2723ece004' items=[CartItem(sku='b2926dc2-cc6d-4c3e-ae40-7a127c173b16', qty=2)] atomic_update=True delay=0.0 drop=0
2026-08-18 21:19:01,103 - INFO - Failure injected for inventory reserve_stock INJECT_DELAY: 0, INJECT_DROP_RATE: 0
2026-08-18 21:19:01,105 - INFO - Request for reserve_stock successfully processed, order_id: 9277ee7c-1e26-4f4e-ba21-0c2723ece004, failed_sku: b2926dc2-cc6d-4c3e-ae40-7a127c173b16, status: OUT_OF_STOCK
2026-08-18 21:19:01,107 - ERROR - Exception in Request for reserve_stock, order_id: 9277ee7c-1e26-4f4e-ba21-0c2723ece004, status: OUT_OF_STOCK, Error: Out of stock: b2926dc2-cc6d-4c3e-ae40-7a127c173b16
