2026-05-17 17:35:15,662 - INFO - Request for checkout_cart, cart_id=03d9df3c-b990-40ac-9d67-58a548fe5635, user_id=1, trace_id=223bbed3-127f-4db7-9b77-d31988714b97
2026-05-17 17:35:15,668 - INFO - Cart Service Called, request_cart_id: 03d9df3c-b990-40ac-9d67-58a548fe5635, response_status: 200, trace_id=223bbed3-127f-4db7-9b77-d31988714b97
2026-05-17 17:35:15,675 - INFO - HTTP Request: POST http://127.0.0.1:8002/price "HTTP/1.1 200 OK"
2026-05-17 17:35:15,676 - INFO - Pricing Service Called, req: {'items': [{'product_id': 'b2926dc2-cc6d-4c3e-ae40-7a127c173b16', 'qty': 2}], 'promo_codes': [], 'only_final_price': True}, response_status: 200, trace_id=223bbed3-127f-4db7-9b77-d31988714b97
2026-05-17 17:35:15,683 - INFO - Subscription Service Called, user_id: 1, response_status: 200, trace_id=223bbed3-127f-4db7-9b77-d31988714b97
2026-05-17 17:35:15,683 - INFO - Applied subscription discount for user 1, promo_code: SUMMER20, discount: 20.0%, original_price: 400.0, discounted_price: 320.0, trace_id=223bbed3-127f-4db7-9b77-d31988714b97
2026-05-17 17:35:15,683 - INFO - Request for orchestrate_order started, order_id=1ea6f06e-2911-42cf-bd33-8cad913d07ce, trace_id=223bbed3-127f-4db7-9b77-d31988714b97
2026-05-17 17:35:15,692 - INFO - Inventory Reservation Service Called, req: {'order_id': '1ea6f06e-2911-42cf-bd33-8cad913d07ce', 'items': [{'sku': 'b2926dc2-cc6d-4c3e-ae40-7a127c173b16', 'qty': 2}], 'atomic_update': True, 'delay': 0.0, 'drop': 0}, response_status: 200, response: {'order_id': '1ea6f06e-2911-42cf-bd33-8cad913d07ce', 'status': 'RESERVED', 'items': [{'sku': 'b2926dc2-cc6d-4c3e-ae40-7a127c173b16', 'remaining': 8}], 'total_input_tokens': 0, 'total_output_tokens': 0, 'total_llm_calls': 0} trace_id=223bbed3-127f-4db7-9b77-d31988714b97
2026-05-17 17:35:15,999 - INFO - Payment Service Called, req: {'order_id': '1ea6f06e-2911-42cf-bd33-8cad913d07ce', 'final_price': 320.0}, response_status: 200, response: {'order_id': '1ea6f06e-2911-42cf-bd33-8cad913d07ce', 'status': 'SUCCESS', 'total_input_tokens': 0, 'total_output_tokens': 0, 'total_llm_calls': 0} trace_id=223bbed3-127f-4db7-9b77-d31988714b97
2026-05-17 17:35:16,208 - INFO - Shipment Service Called, req: {'order_id': '1ea6f06e-2911-42cf-bd33-8cad913d07ce', 'address': 'SAMPLE_ADDRESS'}, response_status: 200, response: {'shipment_id': 'a29f3423-1adc-4d98-89d4-6dce716f3c6b', 'tracking_id': 'd09c3ac3-6f4e-455d-9d3a-1cb730afe7f2', 'total_input_tokens': 0, 'total_output_tokens': 0, 'total_llm_calls': 0} trace_id=223bbed3-127f-4db7-9b77-d31988714b97
2026-05-17 17:35:16,211 - INFO - Request for orchestrate_order completed, final_status:COMPLETED,  trace_id=223bbed3-127f-4db7-9b77-d31988714b97
2026-05-17 17:35:16,216 - INFO - Request for checkout_cart, cart_id=746274fd-5f68-4475-9814-5f9c8092d43b, user_id=1, trace_id=364f8b9f-27a0-4422-b5ef-05696af38071
2026-05-17 17:35:16,233 - INFO - Cart Service Called, request_cart_id: 746274fd-5f68-4475-9814-5f9c8092d43b, response_status: 200, trace_id=364f8b9f-27a0-4422-b5ef-05696af38071
2026-05-17 17:35:16,238 - INFO - Request for checkout_cart, cart_id=8b3982ef-2ee4-4cfd-b9c8-2d2c112153be, user_id=1, trace_id=f51c8e1f-d9e2-4884-8653-2182e916cb74
2026-05-17 17:35:16,256 - INFO - Cart Service Called, request_cart_id: 8b3982ef-2ee4-4cfd-b9c8-2d2c112153be, response_status: 200, trace_id=f51c8e1f-d9e2-4884-8653-2182e916cb74
2026-05-17 17:35:16,262 - INFO - Request for checkout_cart, cart_id=667afa60-3afc-4963-9082-cb9440b087d0, user_id=1, trace_id=a6a39616-a349-44af-a1b6-4c5114335660
2026-05-17 17:35:16,289 - INFO - Cart Service Called, request_cart_id: 667afa60-3afc-4963-9082-cb9440b087d0, response_status: 200, trace_id=a6a39616-a349-44af-a1b6-4c5114335660
2026-05-17 17:35:16,299 - INFO - Request for checkout_cart, cart_id=8abd9582-93cf-4e92-ac37-ac43773e392f, user_id=1, trace_id=e82c794f-de2a-48cd-9855-63027fd0eed6
2026-05-17 17:35:16,321 - INFO - Cart Service Called, request_cart_id: 8abd9582-93cf-4e92-ac37-ac43773e392f, response_status: 200, trace_id=e82c794f-de2a-48cd-9855-63027fd0eed6
2026-05-17 17:35:16,328 - INFO - Request for checkout_cart, cart_id=85e63d39-66eb-4acb-a025-54df473e8eea, user_id=1, trace_id=0ed65987-b543-4810-a5a0-e3c7a87753ca
2026-05-17 17:35:16,337 - INFO - Cart Service Called, request_cart_id: 85e63d39-66eb-4acb-a025-54df473e8eea, response_status: 200, trace_id=0ed65987-b543-4810-a5a0-e3c7a87753ca
2026-05-17 17:35:16,340 - INFO - Request for checkout_cart, cart_id=6908da0c-874b-420e-805a-84350484d0fc, user_id=1, trace_id=801cce7b-cf04-4a64-bcb3-5bb1b81820cd
2026-05-17 17:35:16,348 - INFO - Cart Service Called, request_cart_id: 6908da0c-874b-420e-805a-84350484d0fc, response_status: 200, trace_id=801cce7b-cf04-4a64-bcb3-5bb1b81820cd
2026-05-17 17:35:16,352 - INFO - HTTP Request: POST http://127.0.0.1:8002/price "HTTP/1.1 200 OK"
2026-05-17 17:35:16,353 - INFO - Request for checkout_cart, cart_id=ba8f3f1b-5a44-43b4-aea2-6d7321b46a93, user_id=1, trace_id=274acca8-657f-47c0-aa34-fa9e3b0a3f92
2026-05-17 17:35:16,361 - INFO - Cart Service Called, request_cart_id: ba8f3f1b-5a44-43b4-aea2-6d7321b46a93, response_status: 200, trace_id=274acca8-657f-47c0-aa34-fa9e3b0a3f92
2026-05-17 17:35:16,364 - INFO - Pricing Service Called, req: {'items': [{'product_id': 'b2926dc2-cc6d-4c3e-ae40-7a127c173b16', 'qty': 2}], 'promo_codes': [], 'only_final_price': True}, response_status: 200, trace_id=364f8b9f-27a0-4422-b5ef-05696af38071
2026-05-17 17:35:16,372 - INFO - Subscription Service Called, user_id: 1, response_status: 200, trace_id=364f8b9f-27a0-4422-b5ef-05696af38071
2026-05-17 17:35:16,373 - INFO - Applied subscription discount for user 1, promo_code: SUMMER20, discount: 20.0%, original_price: 400.0, discounted_price: 320.0, trace_id=364f8b9f-27a0-4422-b5ef-05696af38071
2026-05-17 17:35:16,373 - INFO - Request for orchestrate_order started, order_id=a8ccfd3d-0f15-4854-9565-6abfa2fba03e, trace_id=364f8b9f-27a0-4422-b5ef-05696af38071
2026-05-17 17:35:16,386 - INFO - Inventory Reservation Service Called, req: {'order_id': 'a8ccfd3d-0f15-4854-9565-6abfa2fba03e', 'items': [{'sku': 'b2926dc2-cc6d-4c3e-ae40-7a127c173b16', 'qty': 2}], 'atomic_update': True, 'delay': 0.0, 'drop': 0}, response_status: 200, response: {'order_id': 'a8ccfd3d-0f15-4854-9565-6abfa2fba03e', 'status': 'RESERVED', 'items': [{'sku': 'b2926dc2-cc6d-4c3e-ae40-7a127c173b16', 'remaining': 6}], 'total_input_tokens': 0, 'total_output_tokens': 0, 'total_llm_calls': 0} trace_id=364f8b9f-27a0-4422-b5ef-05696af38071
2026-05-17 17:35:16,695 - INFO - Payment Service Called, req: {'order_id': 'a8ccfd3d-0f15-4854-9565-6abfa2fba03e', 'final_price': 320.0}, response_status: 200, response: {'order_id': 'a8ccfd3d-0f15-4854-9565-6abfa2fba03e', 'status': 'SUCCESS', 'total_input_tokens': 0, 'total_output_tokens': 0, 'total_llm_calls': 0} trace_id=364f8b9f-27a0-4422-b5ef-05696af38071
2026-05-17 17:35:16,905 - INFO - Shipment Service Called, req: {'order_id': 'a8ccfd3d-0f15-4854-9565-6abfa2fba03e', 'address': 'SAMPLE_ADDRESS'}, response_status: 200, response: {'shipment_id': '5043731d-3f34-4924-a049-8c1886ced41f', 'tracking_id': '107508da-8155-427f-b6ee-83699a84aa6a', 'total_input_tokens': 0, 'total_output_tokens': 0, 'total_llm_calls': 0} trace_id=364f8b9f-27a0-4422-b5ef-05696af38071
2026-05-17 17:35:16,907 - INFO - Request for orchestrate_order completed, final_status:COMPLETED,  trace_id=364f8b9f-27a0-4422-b5ef-05696af38071
2026-05-17 17:35:16,911 - INFO - Request for checkout_cart, cart_id=a39e68e7-4af3-4593-9fd1-4b3ee92510b4, user_id=1, trace_id=525a931e-4dc7-4bc1-b735-c5d1cbad725f
2026-05-17 17:35:16,921 - INFO - Cart Service Called, request_cart_id: a39e68e7-4af3-4593-9fd1-4b3ee92510b4, response_status: 200, trace_id=525a931e-4dc7-4bc1-b735-c5d1cbad725f
2026-05-17 17:35:16,924 - INFO - Request for checkout_cart, cart_id=d2624443-b048-4065-94bb-28fd01489cc6, user_id=1, trace_id=3ddb354e-d839-45a4-bc95-74bfae6f898b
2026-05-17 17:35:16,937 - INFO - Cart Service Called, request_cart_id: d2624443-b048-4065-94bb-28fd01489cc6, response_status: 200, trace_id=3ddb354e-d839-45a4-bc95-74bfae6f898b
2026-05-17 17:35:16,942 - INFO - Request for checkout_cart, cart_id=e6649860-dc4f-465f-9301-90fd8b28f2a0, user_id=1, trace_id=7f3ed74c-791a-4570-8c99-794d031ff1ec
2026-05-17 17:35:16,953 - INFO - Cart Service Called, request_cart_id: e6649860-dc4f-465f-9301-90fd8b28f2a0, response_status: 200, trace_id=7f3ed74c-791a-4570-8c99-794d031ff1ec
2026-05-17 17:35:16,972 - INFO - HTTP Request: POST http://127.0.0.1:8002/price "HTTP/1.1 200 OK"
2026-05-17 17:35:16,976 - INFO - Pricing Service Called, req: {'items': [{'product_id': 'b2926dc2-cc6d-4c3e-ae40-7a127c173b16', 'qty': 2}], 'promo_codes': [], 'only_final_price': True}, response_status: 200, trace_id=525a931e-4dc7-4bc1-b735-c5d1cbad725f
2026-05-17 17:35:16,985 - INFO - Subscription Service Called, user_id: 1, response_status: 200, trace_id=525a931e-4dc7-4bc1-b735-c5d1cbad725f
2026-05-17 17:35:16,986 - INFO - Applied subscription discount for user 1, promo_code: SUMMER20, discount: 20.0%, original_price: 400.0, discounted_price: 320.0, trace_id=525a931e-4dc7-4bc1-b735-c5d1cbad725f
2026-05-17 17:35:16,986 - INFO - Request for orchestrate_order started, order_id=974b8379-8087-4568-bda6-b1d1d0abb981, trace_id=525a931e-4dc7-4bc1-b735-c5d1cbad725f
2026-05-17 17:35:16,996 - INFO - Inventory Reservation Service Called, req: {'order_id': '974b8379-8087-4568-bda6-b1d1d0abb981', 'items': [{'sku': 'b2926dc2-cc6d-4c3e-ae40-7a127c173b16', 'qty': 2}], 'atomic_update': True, 'delay': 0.0, 'drop': 0}, response_status: 200, response: {'order_id': '974b8379-8087-4568-bda6-b1d1d0abb981', 'status': 'RESERVED', 'items': [{'sku': 'b2926dc2-cc6d-4c3e-ae40-7a127c173b16', 'remaining': 4}], 'total_input_tokens': 0, 'total_output_tokens': 0, 'total_llm_calls': 0} trace_id=525a931e-4dc7-4bc1-b735-c5d1cbad725f
2026-05-17 17:35:17,301 - INFO - Payment Service Called, req: {'order_id': '974b8379-8087-4568-bda6-b1d1d0abb981', 'final_price': 320.0}, response_status: 200, response: {'order_id': '974b8379-8087-4568-bda6-b1d1d0abb981', 'status': 'SUCCESS', 'total_input_tokens': 0, 'total_output_tokens': 0, 'total_llm_calls': 0} trace_id=525a931e-4dc7-4bc1-b735-c5d1cbad725f
2026-05-17 17:35:17,512 - INFO - Shipment Service Called, req: {'order_id': '974b8379-8087-4568-bda6-b1d1d0abb981', 'address': 'SAMPLE_ADDRESS'}, response_status: 200, response: {'shipment_id': '3f3731c7-24bf-482a-a9e1-87d8c8c0cf9b', 'tracking_id': 'bdbf2498-a938-4cd3-8fb3-b2dc5671c1ba', 'total_input_tokens': 0, 'total_output_tokens': 0, 'total_llm_calls': 0} trace_id=525a931e-4dc7-4bc1-b735-c5d1cbad725f
2026-05-17 17:35:17,515 - INFO - Request for orchestrate_order completed, final_status:COMPLETED,  trace_id=525a931e-4dc7-4bc1-b735-c5d1cbad725f
2026-05-17 17:35:17,521 - INFO - HTTP Request: POST http://127.0.0.1:8002/price "HTTP/1.1 200 OK"
2026-05-17 17:35:17,524 - INFO - HTTP Request: POST http://127.0.0.1:8002/price "HTTP/1.1 200 OK"
2026-05-17 17:35:17,527 - INFO - HTTP Request: POST http://127.0.0.1:8002/price "HTTP/1.1 200 OK"
2026-05-17 17:35:17,530 - INFO - HTTP Request: POST http://127.0.0.1:8002/price "HTTP/1.1 200 OK"
2026-05-17 17:35:17,535 - INFO - Pricing Service Called, req: {'items': [{'product_id': 'b2926dc2-cc6d-4c3e-ae40-7a127c173b16', 'qty': 2}], 'promo_codes': [], 'only_final_price': True}, response_status: 200, trace_id=a6a39616-a349-44af-a1b6-4c5114335660
2026-05-17 17:35:17,552 - INFO - Subscription Service Called, user_id: 1, response_status: 200, trace_id=a6a39616-a349-44af-a1b6-4c5114335660
2026-05-17 17:35:17,553 - INFO - Applied subscription discount for user 1, promo_code: SUMMER20, discount: 20.0%, original_price: 400.0, discounted_price: 320.0, trace_id=a6a39616-a349-44af-a1b6-4c5114335660
2026-05-17 17:35:17,554 - INFO - Request for orchestrate_order started, order_id=7b9e20dd-db60-4fab-a916-5f124748b142, trace_id=a6a39616-a349-44af-a1b6-4c5114335660
2026-05-17 17:35:17,575 - INFO - Inventory Reservation Service Called, req: {'order_id': '7b9e20dd-db60-4fab-a916-5f124748b142', 'items': [{'sku': 'b2926dc2-cc6d-4c3e-ae40-7a127c173b16', 'qty': 2}], 'atomic_update': True, 'delay': 0.0, 'drop': 0}, response_status: 200, response: {'order_id': '7b9e20dd-db60-4fab-a916-5f124748b142', 'status': 'RESERVED', 'items': [{'sku': 'b2926dc2-cc6d-4c3e-ae40-7a127c173b16', 'remaining': 2}], 'total_input_tokens': 0, 'total_output_tokens': 0, 'total_llm_calls': 0} trace_id=a6a39616-a349-44af-a1b6-4c5114335660
2026-05-17 17:35:17,888 - INFO - Payment Service Called, req: {'order_id': '7b9e20dd-db60-4fab-a916-5f124748b142', 'final_price': 320.0}, response_status: 200, response: {'order_id': '7b9e20dd-db60-4fab-a916-5f124748b142', 'status': 'SUCCESS', 'total_input_tokens': 0, 'total_output_tokens': 0, 'total_llm_calls': 0} trace_id=a6a39616-a349-44af-a1b6-4c5114335660
2026-05-17 17:35:18,103 - INFO - Shipment Service Called, req: {'order_id': '7b9e20dd-db60-4fab-a916-5f124748b142', 'address': 'SAMPLE_ADDRESS'}, response_status: 200, response: {'shipment_id': '9ce6e6f7-437a-47cd-bfc4-2597675f0ede', 'tracking_id': '799908fe-fe4a-4c11-b8a0-6f2a155d9878', 'total_input_tokens': 0, 'total_output_tokens': 0, 'total_llm_calls': 0} trace_id=a6a39616-a349-44af-a1b6-4c5114335660
2026-05-17 17:35:18,106 - INFO - Request for orchestrate_order completed, final_status:COMPLETED,  trace_id=a6a39616-a349-44af-a1b6-4c5114335660
2026-05-17 17:35:18,112 - INFO - Pricing Service Called, req: {'items': [{'product_id': 'b2926dc2-cc6d-4c3e-ae40-7a127c173b16', 'qty': 2}], 'promo_codes': [], 'only_final_price': True}, response_status: 200, trace_id=f51c8e1f-d9e2-4884-8653-2182e916cb74
2026-05-17 17:35:18,126 - INFO - Subscription Service Called, user_id: 1, response_status: 200, trace_id=f51c8e1f-d9e2-4884-8653-2182e916cb74
2026-05-17 17:35:18,127 - INFO - Applied subscription discount for user 1, promo_code: SUMMER20, discount: 20.0%, original_price: 400.0, discounted_price: 320.0, trace_id=f51c8e1f-d9e2-4884-8653-2182e916cb74
2026-05-17 17:35:18,128 - INFO - Request for orchestrate_order started, order_id=2cf87fb8-17c5-4094-ae20-97a16f2d8b58, trace_id=f51c8e1f-d9e2-4884-8653-2182e916cb74
2026-05-17 17:35:18,148 - INFO - Inventory Reservation Service Called, req: {'order_id': '2cf87fb8-17c5-4094-ae20-97a16f2d8b58', 'items': [{'sku': 'b2926dc2-cc6d-4c3e-ae40-7a127c173b16', 'qty': 2}], 'atomic_update': True, 'delay': 0.0, 'drop': 0}, response_status: 200, response: {'order_id': '2cf87fb8-17c5-4094-ae20-97a16f2d8b58', 'status': 'RESERVED', 'items': [{'sku': 'b2926dc2-cc6d-4c3e-ae40-7a127c173b16', 'remaining': 0}], 'total_input_tokens': 0, 'total_output_tokens': 0, 'total_llm_calls': 0} trace_id=f51c8e1f-d9e2-4884-8653-2182e916cb74
2026-05-17 17:35:18,463 - INFO - Payment Service Called, req: {'order_id': '2cf87fb8-17c5-4094-ae20-97a16f2d8b58', 'final_price': 320.0}, response_status: 200, response: {'order_id': '2cf87fb8-17c5-4094-ae20-97a16f2d8b58', 'status': 'SUCCESS', 'total_input_tokens': 0, 'total_output_tokens': 0, 'total_llm_calls': 0} trace_id=f51c8e1f-d9e2-4884-8653-2182e916cb74
2026-05-17 17:35:18,679 - INFO - Shipment Service Called, req: {'order_id': '2cf87fb8-17c5-4094-ae20-97a16f2d8b58', 'address': 'SAMPLE_ADDRESS'}, response_status: 200, response: {'shipment_id': 'ad25ff34-6f8e-4011-9361-6666b3f1b77a', 'tracking_id': '3edc9459-3e12-404c-a8bf-a904857b6df1', 'total_input_tokens': 0, 'total_output_tokens': 0, 'total_llm_calls': 0} trace_id=f51c8e1f-d9e2-4884-8653-2182e916cb74
2026-05-17 17:35:18,682 - INFO - Request for orchestrate_order completed, final_status:COMPLETED,  trace_id=f51c8e1f-d9e2-4884-8653-2182e916cb74
2026-05-17 17:35:18,686 - INFO - Pricing Service Called, req: {'items': [{'product_id': 'b2926dc2-cc6d-4c3e-ae40-7a127c173b16', 'qty': 2}], 'promo_codes': [], 'only_final_price': True}, response_status: 200, trace_id=e82c794f-de2a-48cd-9855-63027fd0eed6
2026-05-17 17:35:18,698 - INFO - Subscription Service Called, user_id: 1, response_status: 200, trace_id=e82c794f-de2a-48cd-9855-63027fd0eed6
2026-05-17 17:35:18,699 - INFO - Applied subscription discount for user 1, promo_code: SUMMER20, discount: 20.0%, original_price: 400.0, discounted_price: 320.0, trace_id=e82c794f-de2a-48cd-9855-63027fd0eed6
2026-05-17 17:35:18,700 - INFO - Request for orchestrate_order started, order_id=039bda05-d2ee-4531-b27f-3cf532f0bb5d, trace_id=e82c794f-de2a-48cd-9855-63027fd0eed6
2026-05-17 17:35:18,715 - INFO - Inventory Reservation Service Called, req: {'order_id': '039bda05-d2ee-4531-b27f-3cf532f0bb5d', 'items': [{'sku': 'b2926dc2-cc6d-4c3e-ae40-7a127c173b16', 'qty': 2}], 'atomic_update': True, 'delay': 0.0, 'drop': 0}, response_status: 200, response: {'order_id': '039bda05-d2ee-4531-b27f-3cf532f0bb5d', 'status': 'OUT_OF_STOCK', 'reason': 'Out of stock: b2926dc2-cc6d-4c3e-ae40-7a127c173b16', 'total_input_tokens': 0, 'total_output_tokens': 0, 'total_llm_calls': 0} trace_id=e82c794f-de2a-48cd-9855-63027fd0eed6
2026-05-17 17:35:18,718 - INFO - Request for orchestrate_order completed, final_status:OUT_OF_STOCK,  trace_id=e82c794f-de2a-48cd-9855-63027fd0eed6
2026-05-17 17:35:18,721 - INFO - Pricing Service Called, req: {'items': [{'product_id': 'b2926dc2-cc6d-4c3e-ae40-7a127c173b16', 'qty': 2}], 'promo_codes': [], 'only_final_price': True}, response_status: 200, trace_id=0ed65987-b543-4810-a5a0-e3c7a87753ca
2026-05-17 17:35:18,733 - INFO - Subscription Service Called, user_id: 1, response_status: 200, trace_id=0ed65987-b543-4810-a5a0-e3c7a87753ca
2026-05-17 17:35:18,733 - INFO - Applied subscription discount for user 1, promo_code: SUMMER20, discount: 20.0%, original_price: 400.0, discounted_price: 320.0, trace_id=0ed65987-b543-4810-a5a0-e3c7a87753ca
2026-05-17 17:35:18,734 - INFO - Request for orchestrate_order started, order_id=bfea7521-b7f0-4b17-8c20-72cf9bc92a3f, trace_id=0ed65987-b543-4810-a5a0-e3c7a87753ca
2026-05-17 17:35:18,749 - INFO - Inventory Reservation Service Called, req: {'order_id': 'bfea7521-b7f0-4b17-8c20-72cf9bc92a3f', 'items': [{'sku': 'b2926dc2-cc6d-4c3e-ae40-7a127c173b16', 'qty': 2}], 'atomic_update': True, 'delay': 0.0, 'drop': 0}, response_status: 200, response: {'order_id': 'bfea7521-b7f0-4b17-8c20-72cf9bc92a3f', 'status': 'OUT_OF_STOCK', 'reason': 'Out of stock: b2926dc2-cc6d-4c3e-ae40-7a127c173b16', 'total_input_tokens': 0, 'total_output_tokens': 0, 'total_llm_calls': 0} trace_id=0ed65987-b543-4810-a5a0-e3c7a87753ca
2026-05-17 17:35:18,752 - INFO - Request for orchestrate_order completed, final_status:OUT_OF_STOCK,  trace_id=0ed65987-b543-4810-a5a0-e3c7a87753ca
2026-05-17 17:35:18,756 - INFO - HTTP Request: POST http://127.0.0.1:8002/price "HTTP/1.1 200 OK"
2026-05-17 17:35:18,757 - INFO - Request for checkout_cart, cart_id=0dad9a01-b38a-4d68-8513-4c0a1055a137, user_id=1, trace_id=5b44c2c2-b955-4c39-97c7-e120c87923ba
2026-05-17 17:35:18,765 - INFO - Cart Service Called, request_cart_id: 0dad9a01-b38a-4d68-8513-4c0a1055a137, response_status: 200, trace_id=5b44c2c2-b955-4c39-97c7-e120c87923ba
2026-05-17 17:35:18,768 - INFO - Pricing Service Called, req: {'items': [{'product_id': 'b2926dc2-cc6d-4c3e-ae40-7a127c173b16', 'qty': 2}], 'promo_codes': [], 'only_final_price': True}, response_status: 200, trace_id=801cce7b-cf04-4a64-bcb3-5bb1b81820cd
2026-05-17 17:35:18,774 - INFO - Subscription Service Called, user_id: 1, response_status: 200, trace_id=801cce7b-cf04-4a64-bcb3-5bb1b81820cd
2026-05-17 17:35:18,775 - INFO - Applied subscription discount for user 1, promo_code: SUMMER20, discount: 20.0%, original_price: 400.0, discounted_price: 320.0, trace_id=801cce7b-cf04-4a64-bcb3-5bb1b81820cd
2026-05-17 17:35:18,775 - INFO - Request for orchestrate_order started, order_id=9edfd3c3-72da-46a8-9e29-e5f0da4e64d4, trace_id=801cce7b-cf04-4a64-bcb3-5bb1b81820cd
2026-05-17 17:35:18,785 - INFO - Inventory Reservation Service Called, req: {'order_id': '9edfd3c3-72da-46a8-9e29-e5f0da4e64d4', 'items': [{'sku': 'b2926dc2-cc6d-4c3e-ae40-7a127c173b16', 'qty': 2}], 'atomic_update': True, 'delay': 0.0, 'drop': 0}, response_status: 200, response: {'order_id': '9edfd3c3-72da-46a8-9e29-e5f0da4e64d4', 'status': 'OUT_OF_STOCK', 'reason': 'Out of stock: b2926dc2-cc6d-4c3e-ae40-7a127c173b16', 'total_input_tokens': 0, 'total_output_tokens': 0, 'total_llm_calls': 0} trace_id=801cce7b-cf04-4a64-bcb3-5bb1b81820cd
2026-05-17 17:35:18,787 - INFO - Request for orchestrate_order completed, final_status:OUT_OF_STOCK,  trace_id=801cce7b-cf04-4a64-bcb3-5bb1b81820cd
2026-05-17 17:35:18,790 - INFO - HTTP Request: POST http://127.0.0.1:8002/price "HTTP/1.1 200 OK"
2026-05-17 17:35:18,792 - INFO - Request for checkout_cart, cart_id=4ded335c-3658-47db-9dc2-77b7769409cd, user_id=1, trace_id=c6f1816f-8ac7-4f46-a6da-eedba7b8d624
2026-05-17 17:35:18,800 - INFO - Cart Service Called, request_cart_id: 4ded335c-3658-47db-9dc2-77b7769409cd, response_status: 200, trace_id=c6f1816f-8ac7-4f46-a6da-eedba7b8d624
2026-05-17 17:35:18,803 - INFO - Pricing Service Called, req: {'items': [{'product_id': 'b2926dc2-cc6d-4c3e-ae40-7a127c173b16', 'qty': 2}], 'promo_codes': [], 'only_final_price': True}, response_status: 200, trace_id=274acca8-657f-47c0-aa34-fa9e3b0a3f92
2026-05-17 17:35:18,814 - INFO - Subscription Service Called, user_id: 1, response_status: 200, trace_id=274acca8-657f-47c0-aa34-fa9e3b0a3f92
2026-05-17 17:35:18,814 - INFO - Applied subscription discount for user 1, promo_code: SUMMER20, discount: 20.0%, original_price: 400.0, discounted_price: 320.0, trace_id=274acca8-657f-47c0-aa34-fa9e3b0a3f92
2026-05-17 17:35:18,815 - INFO - Request for orchestrate_order started, order_id=e8c87ac6-a68e-4914-9903-2eb857183386, trace_id=274acca8-657f-47c0-aa34-fa9e3b0a3f92
2026-05-17 17:35:18,832 - INFO - Inventory Reservation Service Called, req: {'order_id': 'e8c87ac6-a68e-4914-9903-2eb857183386', 'items': [{'sku': 'b2926dc2-cc6d-4c3e-ae40-7a127c173b16', 'qty': 2}], 'atomic_update': True, 'delay': 0.0, 'drop': 0}, response_status: 200, response: {'order_id': 'e8c87ac6-a68e-4914-9903-2eb857183386', 'status': 'OUT_OF_STOCK', 'reason': 'Out of stock: b2926dc2-cc6d-4c3e-ae40-7a127c173b16', 'total_input_tokens': 0, 'total_output_tokens': 0, 'total_llm_calls': 0} trace_id=274acca8-657f-47c0-aa34-fa9e3b0a3f92
2026-05-17 17:35:18,833 - INFO - Request for orchestrate_order completed, final_status:OUT_OF_STOCK,  trace_id=274acca8-657f-47c0-aa34-fa9e3b0a3f92
2026-05-17 17:35:18,838 - INFO - HTTP Request: POST http://127.0.0.1:8002/price "HTTP/1.1 200 OK"
2026-05-17 17:35:18,841 - INFO - Pricing Service Called, req: {'items': [{'product_id': 'b2926dc2-cc6d-4c3e-ae40-7a127c173b16', 'qty': 2}], 'promo_codes': [], 'only_final_price': True}, response_status: 200, trace_id=7f3ed74c-791a-4570-8c99-794d031ff1ec
2026-05-17 17:35:18,847 - INFO - Subscription Service Called, user_id: 1, response_status: 200, trace_id=7f3ed74c-791a-4570-8c99-794d031ff1ec
2026-05-17 17:35:18,847 - INFO - Applied subscription discount for user 1, promo_code: SUMMER20, discount: 20.0%, original_price: 400.0, discounted_price: 320.0, trace_id=7f3ed74c-791a-4570-8c99-794d031ff1ec
2026-05-17 17:35:18,848 - INFO - Request for orchestrate_order started, order_id=7b44b022-c2de-442c-b132-c198e80e522e, trace_id=7f3ed74c-791a-4570-8c99-794d031ff1ec
2026-05-17 17:35:18,864 - INFO - Inventory Reservation Service Called, req: {'order_id': '7b44b022-c2de-442c-b132-c198e80e522e', 'items': [{'sku': 'b2926dc2-cc6d-4c3e-ae40-7a127c173b16', 'qty': 2}], 'atomic_update': True, 'delay': 0.0, 'drop': 0}, response_status: 200, response: {'order_id': '7b44b022-c2de-442c-b132-c198e80e522e', 'status': 'OUT_OF_STOCK', 'reason': 'Out of stock: b2926dc2-cc6d-4c3e-ae40-7a127c173b16', 'total_input_tokens': 0, 'total_output_tokens': 0, 'total_llm_calls': 0} trace_id=7f3ed74c-791a-4570-8c99-794d031ff1ec
2026-05-17 17:35:18,866 - INFO - Request for orchestrate_order completed, final_status:OUT_OF_STOCK,  trace_id=7f3ed74c-791a-4570-8c99-794d031ff1ec
2026-05-17 17:35:18,869 - INFO - HTTP Request: POST http://127.0.0.1:8002/price "HTTP/1.1 200 OK"
2026-05-17 17:35:18,870 - INFO - HTTP Request: POST http://127.0.0.1:8002/price "HTTP/1.1 200 OK"
2026-05-17 17:35:18,871 - INFO - Pricing Service Called, req: {'items': [{'product_id': 'b2926dc2-cc6d-4c3e-ae40-7a127c173b16', 'qty': 2}], 'promo_codes': [], 'only_final_price': True}, response_status: 200, trace_id=5b44c2c2-b955-4c39-97c7-e120c87923ba
2026-05-17 17:35:18,877 - INFO - Subscription Service Called, user_id: 1, response_status: 200, trace_id=5b44c2c2-b955-4c39-97c7-e120c87923ba
2026-05-17 17:35:18,877 - INFO - Applied subscription discount for user 1, promo_code: SUMMER20, discount: 20.0%, original_price: 400.0, discounted_price: 320.0, trace_id=5b44c2c2-b955-4c39-97c7-e120c87923ba
2026-05-17 17:35:18,877 - INFO - Request for orchestrate_order started, order_id=e2866f0d-bae9-47a9-a5f8-6eae9dd0e323, trace_id=5b44c2c2-b955-4c39-97c7-e120c87923ba
2026-05-17 17:35:18,897 - INFO - Inventory Reservation Service Called, req: {'order_id': 'e2866f0d-bae9-47a9-a5f8-6eae9dd0e323', 'items': [{'sku': 'b2926dc2-cc6d-4c3e-ae40-7a127c173b16', 'qty': 2}], 'atomic_update': True, 'delay': 0.0, 'drop': 0}, response_status: 200, response: {'order_id': 'e2866f0d-bae9-47a9-a5f8-6eae9dd0e323', 'status': 'OUT_OF_STOCK', 'reason': 'Out of stock: b2926dc2-cc6d-4c3e-ae40-7a127c173b16', 'total_input_tokens': 0, 'total_output_tokens': 0, 'total_llm_calls': 0} trace_id=5b44c2c2-b955-4c39-97c7-e120c87923ba
2026-05-17 17:35:18,900 - INFO - Request for orchestrate_order completed, final_status:OUT_OF_STOCK,  trace_id=5b44c2c2-b955-4c39-97c7-e120c87923ba
2026-05-17 17:35:18,903 - INFO - Pricing Service Called, req: {'items': [{'product_id': 'b2926dc2-cc6d-4c3e-ae40-7a127c173b16', 'qty': 2}], 'promo_codes': [], 'only_final_price': True}, response_status: 200, trace_id=3ddb354e-d839-45a4-bc95-74bfae6f898b
2026-05-17 17:35:18,912 - INFO - Subscription Service Called, user_id: 1, response_status: 200, trace_id=3ddb354e-d839-45a4-bc95-74bfae6f898b
2026-05-17 17:35:18,913 - INFO - Applied subscription discount for user 1, promo_code: SUMMER20, discount: 20.0%, original_price: 400.0, discounted_price: 320.0, trace_id=3ddb354e-d839-45a4-bc95-74bfae6f898b
2026-05-17 17:35:18,913 - INFO - Request for orchestrate_order started, order_id=bd036109-0c67-45fc-a393-45e35b74c99e, trace_id=3ddb354e-d839-45a4-bc95-74bfae6f898b
2026-05-17 17:35:18,930 - INFO - Inventory Reservation Service Called, req: {'order_id': 'bd036109-0c67-45fc-a393-45e35b74c99e', 'items': [{'sku': 'b2926dc2-cc6d-4c3e-ae40-7a127c173b16', 'qty': 2}], 'atomic_update': True, 'delay': 0.0, 'drop': 0}, response_status: 200, response: {'order_id': 'bd036109-0c67-45fc-a393-45e35b74c99e', 'status': 'OUT_OF_STOCK', 'reason': 'Out of stock: b2926dc2-cc6d-4c3e-ae40-7a127c173b16', 'total_input_tokens': 0, 'total_output_tokens': 0, 'total_llm_calls': 0} trace_id=3ddb354e-d839-45a4-bc95-74bfae6f898b
2026-05-17 17:35:18,932 - INFO - Request for orchestrate_order completed, final_status:OUT_OF_STOCK,  trace_id=3ddb354e-d839-45a4-bc95-74bfae6f898b
2026-05-17 17:35:18,933 - INFO - HTTP Request: POST http://127.0.0.1:8002/price "HTTP/1.1 200 OK"
2026-05-17 17:35:18,934 - INFO - Request for checkout_cart, cart_id=b2989a48-808d-4215-88e1-23cccc19a1c8, user_id=1, trace_id=7be410ef-37d0-4fe5-b37a-a168b00b5a38
2026-05-17 17:35:18,943 - INFO - Cart Service Called, request_cart_id: b2989a48-808d-4215-88e1-23cccc19a1c8, response_status: 200, trace_id=7be410ef-37d0-4fe5-b37a-a168b00b5a38
2026-05-17 17:35:18,945 - INFO - Pricing Service Called, req: {'items': [{'product_id': 'b2926dc2-cc6d-4c3e-ae40-7a127c173b16', 'qty': 2}], 'promo_codes': [], 'only_final_price': True}, response_status: 200, trace_id=c6f1816f-8ac7-4f46-a6da-eedba7b8d624
2026-05-17 17:35:18,950 - INFO - Subscription Service Called, user_id: 1, response_status: 200, trace_id=c6f1816f-8ac7-4f46-a6da-eedba7b8d624
2026-05-17 17:35:18,950 - INFO - Applied subscription discount for user 1, promo_code: SUMMER20, discount: 20.0%, original_price: 400.0, discounted_price: 320.0, trace_id=c6f1816f-8ac7-4f46-a6da-eedba7b8d624
2026-05-17 17:35:18,950 - INFO - Request for orchestrate_order started, order_id=9cc36def-a991-49a7-8039-bbe1c96ab0c0, trace_id=c6f1816f-8ac7-4f46-a6da-eedba7b8d624
2026-05-17 17:35:18,957 - INFO - Inventory Reservation Service Called, req: {'order_id': '9cc36def-a991-49a7-8039-bbe1c96ab0c0', 'items': [{'sku': 'b2926dc2-cc6d-4c3e-ae40-7a127c173b16', 'qty': 2}], 'atomic_update': True, 'delay': 0.0, 'drop': 0}, response_status: 200, response: {'order_id': '9cc36def-a991-49a7-8039-bbe1c96ab0c0', 'status': 'OUT_OF_STOCK', 'reason': 'Out of stock: b2926dc2-cc6d-4c3e-ae40-7a127c173b16', 'total_input_tokens': 0, 'total_output_tokens': 0, 'total_llm_calls': 0} trace_id=c6f1816f-8ac7-4f46-a6da-eedba7b8d624
2026-05-17 17:35:18,958 - INFO - Request for orchestrate_order completed, final_status:OUT_OF_STOCK,  trace_id=c6f1816f-8ac7-4f46-a6da-eedba7b8d624
2026-05-17 17:35:18,960 - INFO - Request for checkout_cart, cart_id=53c6bbae-5d5a-40dc-b8fd-ff5ab2133914, user_id=1, trace_id=63ecdb3a-9926-481a-9ecb-5a76c258ccfe
2026-05-17 17:35:18,964 - INFO - Cart Service Called, request_cart_id: 53c6bbae-5d5a-40dc-b8fd-ff5ab2133914, response_status: 200, trace_id=63ecdb3a-9926-481a-9ecb-5a76c258ccfe
2026-05-17 17:35:18,967 - INFO - Request for checkout_cart, cart_id=0cc8b75d-7ab1-4060-a5fc-617fb68a3789, user_id=1, trace_id=9e0b7a6c-9619-440a-b745-9c6f5906bb7e
2026-05-17 17:35:18,974 - INFO - Cart Service Called, request_cart_id: 0cc8b75d-7ab1-4060-a5fc-617fb68a3789, response_status: 200, trace_id=9e0b7a6c-9619-440a-b745-9c6f5906bb7e
2026-05-17 17:35:18,977 - INFO - Request for checkout_cart, cart_id=b012a352-fd6c-4f7a-9a4c-7ce5b1545f27, user_id=1, trace_id=7ee5343d-e9ba-4c69-884d-2c43f3b7f031
2026-05-17 17:35:18,983 - INFO - Cart Service Called, request_cart_id: b012a352-fd6c-4f7a-9a4c-7ce5b1545f27, response_status: 200, trace_id=7ee5343d-e9ba-4c69-884d-2c43f3b7f031
2026-05-17 17:35:18,985 - INFO - Request for checkout_cart, cart_id=563f9d75-8956-4072-a0d7-0cfb2fc089a2, user_id=1, trace_id=7cbc45fe-d597-4871-9dff-4a1e5754d4eb
2026-05-17 17:35:18,991 - INFO - Cart Service Called, request_cart_id: 563f9d75-8956-4072-a0d7-0cfb2fc089a2, response_status: 200, trace_id=7cbc45fe-d597-4871-9dff-4a1e5754d4eb
2026-05-17 17:35:18,995 - INFO - HTTP Request: POST http://127.0.0.1:8002/price "HTTP/1.1 200 OK"
2026-05-17 17:35:18,996 - INFO - Request for checkout_cart, cart_id=00a89df3-5035-4a1c-9643-4d24e67ae3cf, user_id=1, trace_id=248683d7-bbdd-4fb7-b092-3ef8852518ea
2026-05-17 17:35:19,000 - INFO - Cart Service Called, request_cart_id: 00a89df3-5035-4a1c-9643-4d24e67ae3cf, response_status: 200, trace_id=248683d7-bbdd-4fb7-b092-3ef8852518ea
2026-05-17 17:35:19,002 - INFO - Pricing Service Called, req: {'items': [{'product_id': 'b2926dc2-cc6d-4c3e-ae40-7a127c173b16', 'qty': 2}], 'promo_codes': [], 'only_final_price': True}, response_status: 200, trace_id=7be410ef-37d0-4fe5-b37a-a168b00b5a38
2026-05-17 17:35:19,007 - INFO - Subscription Service Called, user_id: 1, response_status: 200, trace_id=7be410ef-37d0-4fe5-b37a-a168b00b5a38
2026-05-17 17:35:19,008 - INFO - Applied subscription discount for user 1, promo_code: SUMMER20, discount: 20.0%, original_price: 400.0, discounted_price: 320.0, trace_id=7be410ef-37d0-4fe5-b37a-a168b00b5a38
2026-05-17 17:35:19,008 - INFO - Request for orchestrate_order started, order_id=15a6ec86-ba92-4351-8f21-a2a32065f47c, trace_id=7be410ef-37d0-4fe5-b37a-a168b00b5a38
2026-05-17 17:35:19,015 - INFO - Inventory Reservation Service Called, req: {'order_id': '15a6ec86-ba92-4351-8f21-a2a32065f47c', 'items': [{'sku': 'b2926dc2-cc6d-4c3e-ae40-7a127c173b16', 'qty': 2}], 'atomic_update': True, 'delay': 0.0, 'drop': 0}, response_status: 200, response: {'order_id': '15a6ec86-ba92-4351-8f21-a2a32065f47c', 'status': 'OUT_OF_STOCK', 'reason': 'Out of stock: b2926dc2-cc6d-4c3e-ae40-7a127c173b16', 'total_input_tokens': 0, 'total_output_tokens': 0, 'total_llm_calls': 0} trace_id=7be410ef-37d0-4fe5-b37a-a168b00b5a38
2026-05-17 17:35:19,016 - INFO - Request for orchestrate_order completed, final_status:OUT_OF_STOCK,  trace_id=7be410ef-37d0-4fe5-b37a-a168b00b5a38
2026-05-17 17:35:19,017 - INFO - Request for checkout_cart, cart_id=537b8aee-ae27-4c4e-89a5-b5ed6caf6a02, user_id=1, trace_id=c2864a5b-81d2-48c1-9131-5fafa1827c4a
2026-05-17 17:35:19,022 - INFO - Cart Service Called, request_cart_id: 537b8aee-ae27-4c4e-89a5-b5ed6caf6a02, response_status: 200, trace_id=c2864a5b-81d2-48c1-9131-5fafa1827c4a
2026-05-17 17:35:19,025 - INFO - HTTP Request: POST http://127.0.0.1:8002/price "HTTP/1.1 200 OK"
2026-05-17 17:35:19,028 - INFO - Pricing Service Called, req: {'items': [{'product_id': 'b2926dc2-cc6d-4c3e-ae40-7a127c173b16', 'qty': 2}], 'promo_codes': [], 'only_final_price': True}, response_status: 200, trace_id=63ecdb3a-9926-481a-9ecb-5a76c258ccfe
2026-05-17 17:35:19,032 - INFO - Subscription Service Called, user_id: 1, response_status: 200, trace_id=63ecdb3a-9926-481a-9ecb-5a76c258ccfe
2026-05-17 17:35:19,032 - INFO - Applied subscription discount for user 1, promo_code: SUMMER20, discount: 20.0%, original_price: 400.0, discounted_price: 320.0, trace_id=63ecdb3a-9926-481a-9ecb-5a76c258ccfe
2026-05-17 17:35:19,032 - INFO - Request for orchestrate_order started, order_id=6a04c52f-eb84-4f52-ba8b-a4161b5b57ca, trace_id=63ecdb3a-9926-481a-9ecb-5a76c258ccfe
2026-05-17 17:35:19,038 - INFO - Inventory Reservation Service Called, req: {'order_id': '6a04c52f-eb84-4f52-ba8b-a4161b5b57ca', 'items': [{'sku': 'b2926dc2-cc6d-4c3e-ae40-7a127c173b16', 'qty': 2}], 'atomic_update': True, 'delay': 0.0, 'drop': 0}, response_status: 200, response: {'order_id': '6a04c52f-eb84-4f52-ba8b-a4161b5b57ca', 'status': 'OUT_OF_STOCK', 'reason': 'Out of stock: b2926dc2-cc6d-4c3e-ae40-7a127c173b16', 'total_input_tokens': 0, 'total_output_tokens': 0, 'total_llm_calls': 0} trace_id=63ecdb3a-9926-481a-9ecb-5a76c258ccfe
2026-05-17 17:35:19,039 - INFO - Request for orchestrate_order completed, final_status:OUT_OF_STOCK,  trace_id=63ecdb3a-9926-481a-9ecb-5a76c258ccfe
2026-05-17 17:35:19,041 - INFO - HTTP Request: POST http://127.0.0.1:8002/price "HTTP/1.1 200 OK"
2026-05-17 17:35:19,043 - INFO - Pricing Service Called, req: {'items': [{'product_id': 'b2926dc2-cc6d-4c3e-ae40-7a127c173b16', 'qty': 2}], 'promo_codes': [], 'only_final_price': True}, response_status: 200, trace_id=7ee5343d-e9ba-4c69-884d-2c43f3b7f031
2026-05-17 17:35:19,051 - INFO - Subscription Service Called, user_id: 1, response_status: 200, trace_id=7ee5343d-e9ba-4c69-884d-2c43f3b7f031
2026-05-17 17:35:19,051 - INFO - Applied subscription discount for user 1, promo_code: SUMMER20, discount: 20.0%, original_price: 400.0, discounted_price: 320.0, trace_id=7ee5343d-e9ba-4c69-884d-2c43f3b7f031
2026-05-17 17:35:19,051 - INFO - Request for orchestrate_order started, order_id=28ff7284-7a9f-4a5c-948c-2c0eac5f2414, trace_id=7ee5343d-e9ba-4c69-884d-2c43f3b7f031
2026-05-17 17:35:19,058 - INFO - Inventory Reservation Service Called, req: {'order_id': '28ff7284-7a9f-4a5c-948c-2c0eac5f2414', 'items': [{'sku': 'b2926dc2-cc6d-4c3e-ae40-7a127c173b16', 'qty': 2}], 'atomic_update': True, 'delay': 0.0, 'drop': 0}, response_status: 200, response: {'order_id': '28ff7284-7a9f-4a5c-948c-2c0eac5f2414', 'status': 'OUT_OF_STOCK', 'reason': 'Out of stock: b2926dc2-cc6d-4c3e-ae40-7a127c173b16', 'total_input_tokens': 0, 'total_output_tokens': 0, 'total_llm_calls': 0} trace_id=7ee5343d-e9ba-4c69-884d-2c43f3b7f031
2026-05-17 17:35:19,061 - INFO - Request for orchestrate_order completed, final_status:OUT_OF_STOCK,  trace_id=7ee5343d-e9ba-4c69-884d-2c43f3b7f031
2026-05-17 17:35:19,064 - INFO - HTTP Request: POST http://127.0.0.1:8002/price "HTTP/1.1 200 OK"
2026-05-17 17:35:19,065 - INFO - Pricing Service Called, req: {'items': [{'product_id': 'b2926dc2-cc6d-4c3e-ae40-7a127c173b16', 'qty': 2}], 'promo_codes': [], 'only_final_price': True}, response_status: 200, trace_id=248683d7-bbdd-4fb7-b092-3ef8852518ea
2026-05-17 17:35:19,069 - INFO - Subscription Service Called, user_id: 1, response_status: 200, trace_id=248683d7-bbdd-4fb7-b092-3ef8852518ea
2026-05-17 17:35:19,069 - INFO - Applied subscription discount for user 1, promo_code: SUMMER20, discount: 20.0%, original_price: 400.0, discounted_price: 320.0, trace_id=248683d7-bbdd-4fb7-b092-3ef8852518ea
2026-05-17 17:35:19,069 - INFO - Request for orchestrate_order started, order_id=340348b1-0a27-4f74-8ddb-d45396ffb91b, trace_id=248683d7-bbdd-4fb7-b092-3ef8852518ea
2026-05-17 17:35:19,080 - INFO - Inventory Reservation Service Called, req: {'order_id': '340348b1-0a27-4f74-8ddb-d45396ffb91b', 'items': [{'sku': 'b2926dc2-cc6d-4c3e-ae40-7a127c173b16', 'qty': 2}], 'atomic_update': True, 'delay': 0.0, 'drop': 0}, response_status: 200, response: {'order_id': '340348b1-0a27-4f74-8ddb-d45396ffb91b', 'status': 'OUT_OF_STOCK', 'reason': 'Out of stock: b2926dc2-cc6d-4c3e-ae40-7a127c173b16', 'total_input_tokens': 0, 'total_output_tokens': 0, 'total_llm_calls': 0} trace_id=248683d7-bbdd-4fb7-b092-3ef8852518ea
2026-05-17 17:35:19,081 - INFO - Request for orchestrate_order completed, final_status:OUT_OF_STOCK,  trace_id=248683d7-bbdd-4fb7-b092-3ef8852518ea
2026-05-17 17:35:19,083 - INFO - HTTP Request: POST http://127.0.0.1:8002/price "HTTP/1.1 200 OK"
2026-05-17 17:35:19,084 - INFO - Pricing Service Called, req: {'items': [{'product_id': 'b2926dc2-cc6d-4c3e-ae40-7a127c173b16', 'qty': 2}], 'promo_codes': [], 'only_final_price': True}, response_status: 200, trace_id=c2864a5b-81d2-48c1-9131-5fafa1827c4a
2026-05-17 17:35:19,091 - INFO - Subscription Service Called, user_id: 1, response_status: 200, trace_id=c2864a5b-81d2-48c1-9131-5fafa1827c4a
2026-05-17 17:35:19,091 - INFO - Applied subscription discount for user 1, promo_code: SUMMER20, discount: 20.0%, original_price: 400.0, discounted_price: 320.0, trace_id=c2864a5b-81d2-48c1-9131-5fafa1827c4a
2026-05-17 17:35:19,091 - INFO - Request for orchestrate_order started, order_id=39745b9c-1a03-48bd-a25d-a370b8c3dc81, trace_id=c2864a5b-81d2-48c1-9131-5fafa1827c4a
2026-05-17 17:35:19,100 - INFO - Inventory Reservation Service Called, req: {'order_id': '39745b9c-1a03-48bd-a25d-a370b8c3dc81', 'items': [{'sku': 'b2926dc2-cc6d-4c3e-ae40-7a127c173b16', 'qty': 2}], 'atomic_update': True, 'delay': 0.0, 'drop': 0}, response_status: 200, response: {'order_id': '39745b9c-1a03-48bd-a25d-a370b8c3dc81', 'status': 'OUT_OF_STOCK', 'reason': 'Out of stock: b2926dc2-cc6d-4c3e-ae40-7a127c173b16', 'total_input_tokens': 0, 'total_output_tokens': 0, 'total_llm_calls': 0} trace_id=c2864a5b-81d2-48c1-9131-5fafa1827c4a
2026-05-17 17:35:19,102 - INFO - Request for orchestrate_order completed, final_status:OUT_OF_STOCK,  trace_id=c2864a5b-81d2-48c1-9131-5fafa1827c4a
2026-05-17 17:35:19,106 - INFO - HTTP Request: POST http://127.0.0.1:8002/price "HTTP/1.1 200 OK"
2026-05-17 17:35:19,111 - INFO - Pricing Service Called, req: {'items': [{'product_id': 'b2926dc2-cc6d-4c3e-ae40-7a127c173b16', 'qty': 2}], 'promo_codes': [], 'only_final_price': True}, response_status: 200, trace_id=7cbc45fe-d597-4871-9dff-4a1e5754d4eb
2026-05-17 17:35:19,119 - INFO - Subscription Service Called, user_id: 1, response_status: 200, trace_id=7cbc45fe-d597-4871-9dff-4a1e5754d4eb
2026-05-17 17:35:19,120 - INFO - Applied subscription discount for user 1, promo_code: SUMMER20, discount: 20.0%, original_price: 400.0, discounted_price: 320.0, trace_id=7cbc45fe-d597-4871-9dff-4a1e5754d4eb
2026-05-17 17:35:19,120 - INFO - Request for orchestrate_order started, order_id=a937ae3e-2b2e-44ce-ad20-68b8143dd20d, trace_id=7cbc45fe-d597-4871-9dff-4a1e5754d4eb
2026-05-17 17:35:19,131 - INFO - Inventory Reservation Service Called, req: {'order_id': 'a937ae3e-2b2e-44ce-ad20-68b8143dd20d', 'items': [{'sku': 'b2926dc2-cc6d-4c3e-ae40-7a127c173b16', 'qty': 2}], 'atomic_update': True, 'delay': 0.0, 'drop': 0}, response_status: 200, response: {'order_id': 'a937ae3e-2b2e-44ce-ad20-68b8143dd20d', 'status': 'OUT_OF_STOCK', 'reason': 'Out of stock: b2926dc2-cc6d-4c3e-ae40-7a127c173b16', 'total_input_tokens': 0, 'total_output_tokens': 0, 'total_llm_calls': 0} trace_id=7cbc45fe-d597-4871-9dff-4a1e5754d4eb
2026-05-17 17:35:19,134 - INFO - Request for orchestrate_order completed, final_status:OUT_OF_STOCK,  trace_id=7cbc45fe-d597-4871-9dff-4a1e5754d4eb
2026-05-17 17:35:19,137 - INFO - HTTP Request: POST http://127.0.0.1:8002/price "HTTP/1.1 200 OK"
2026-05-17 17:35:19,138 - INFO - Pricing Service Called, req: {'items': [{'product_id': 'b2926dc2-cc6d-4c3e-ae40-7a127c173b16', 'qty': 2}], 'promo_codes': [], 'only_final_price': True}, response_status: 200, trace_id=9e0b7a6c-9619-440a-b745-9c6f5906bb7e
2026-05-17 17:35:19,151 - INFO - Subscription Service Called, user_id: 1, response_status: 200, trace_id=9e0b7a6c-9619-440a-b745-9c6f5906bb7e
2026-05-17 17:35:19,151 - INFO - Applied subscription discount for user 1, promo_code: SUMMER20, discount: 20.0%, original_price: 400.0, discounted_price: 320.0, trace_id=9e0b7a6c-9619-440a-b745-9c6f5906bb7e
2026-05-17 17:35:19,151 - INFO - Request for orchestrate_order started, order_id=6b342c4a-a86d-40a5-ad1b-f75229951368, trace_id=9e0b7a6c-9619-440a-b745-9c6f5906bb7e
2026-05-17 17:35:19,163 - INFO - Inventory Reservation Service Called, req: {'order_id': '6b342c4a-a86d-40a5-ad1b-f75229951368', 'items': [{'sku': 'b2926dc2-cc6d-4c3e-ae40-7a127c173b16', 'qty': 2}], 'atomic_update': True, 'delay': 0.0, 'drop': 0}, response_status: 200, response: {'order_id': '6b342c4a-a86d-40a5-ad1b-f75229951368', 'status': 'OUT_OF_STOCK', 'reason': 'Out of stock: b2926dc2-cc6d-4c3e-ae40-7a127c173b16', 'total_input_tokens': 0, 'total_output_tokens': 0, 'total_llm_calls': 0} trace_id=9e0b7a6c-9619-440a-b745-9c6f5906bb7e
2026-05-17 17:35:19,164 - INFO - Request for orchestrate_order completed, final_status:OUT_OF_STOCK,  trace_id=9e0b7a6c-9619-440a-b745-9c6f5906bb7e
2026-07-16 15:06:49,407 - INFO - Request for checkout_cart, cart_id=b70e352b-3854-40d9-b7e8-e0a2288b9041, user_id=None, trace_id=8d2a3389-4c57-491a-b182-c1d0998061c7
2026-07-16 15:06:49,434 - INFO - Cart Service Called, request_cart_id: b70e352b-3854-40d9-b7e8-e0a2288b9041, response_status: 200, trace_id=8d2a3389-4c57-491a-b182-c1d0998061c7
2026-07-16 15:06:49,460 - INFO - HTTP Request: POST http://127.0.0.1:8002/price "HTTP/1.1 200 OK"
2026-07-16 15:06:49,461 - INFO - Pricing Service Called, req: {'items': [{'product_id': 'b2926dc2-cc6d-4c3e-ae40-7a127c173b16', 'qty': 2}], 'promo_codes': [], 'only_final_price': True}, response_status: 200, trace_id=8d2a3389-4c57-491a-b182-c1d0998061c7
2026-07-16 15:06:49,461 - INFO - Request for orchestrate_order started, order_id=bc224cd3-8449-4db6-a2d5-e0e4a39060c9, trace_id=8d2a3389-4c57-491a-b182-c1d0998061c7
2026-07-16 15:06:49,479 - INFO - Inventory Reservation Service Called, req: {'order_id': 'bc224cd3-8449-4db6-a2d5-e0e4a39060c9', 'items': [{'sku': 'b2926dc2-cc6d-4c3e-ae40-7a127c173b16', 'qty': 2}], 'atomic_update': True, 'delay': 0.0, 'drop': 0}, response_status: 200, response: {'order_id': 'bc224cd3-8449-4db6-a2d5-e0e4a39060c9', 'status': 'RESERVED', 'items': [{'sku': 'b2926dc2-cc6d-4c3e-ae40-7a127c173b16', 'remaining': 6}], 'total_input_tokens': 0, 'total_output_tokens': 0, 'total_llm_calls': 0} trace_id=8d2a3389-4c57-491a-b182-c1d0998061c7
2026-07-16 15:06:49,819 - INFO - Payment Service Called, req: {'order_id': 'bc224cd3-8449-4db6-a2d5-e0e4a39060c9', 'final_price': 400.0}, response_status: 200, response: {'order_id': 'bc224cd3-8449-4db6-a2d5-e0e4a39060c9', 'status': 'SUCCESS', 'total_input_tokens': 0, 'total_output_tokens': 0, 'total_llm_calls': 0} trace_id=8d2a3389-4c57-491a-b182-c1d0998061c7
2026-07-16 15:06:50,055 - INFO - Shipment Service Called, req: {'order_id': 'bc224cd3-8449-4db6-a2d5-e0e4a39060c9', 'address': 'SAMPLE_ADDRESS'}, response_status: 200, response: {'shipment_id': 'bd9ea14a-8049-4d20-8e75-b9d01ae251a1', 'tracking_id': '1aaf2de9-972c-4b88-ab86-abe893f63023', 'total_input_tokens': 0, 'total_output_tokens': 0, 'total_llm_calls': 0} trace_id=8d2a3389-4c57-491a-b182-c1d0998061c7
2026-07-16 15:06:50,059 - INFO - Request for orchestrate_order completed, final_status:COMPLETED,  trace_id=8d2a3389-4c57-491a-b182-c1d0998061c7
2026-07-16 15:07:09,577 - INFO - Request for checkout_cart, cart_id=b70e352b-3854-40d9-b7e8-e0a2288b9041, user_id=None, trace_id=e0ccde99-adaf-4055-b08a-3b51b1f3d1e4
2026-07-16 15:07:09,616 - INFO - Cart Service Called, request_cart_id: b70e352b-3854-40d9-b7e8-e0a2288b9041, response_status: 200, trace_id=e0ccde99-adaf-4055-b08a-3b51b1f3d1e4
2026-07-16 15:07:09,648 - INFO - HTTP Request: POST http://127.0.0.1:8002/price "HTTP/1.1 200 OK"
2026-07-16 15:07:09,651 - INFO - Pricing Service Called, req: {'items': [{'product_id': 'b2926dc2-cc6d-4c3e-ae40-7a127c173b16', 'qty': 2}], 'promo_codes': [], 'only_final_price': True}, response_status: 200, trace_id=e0ccde99-adaf-4055-b08a-3b51b1f3d1e4
2026-07-16 15:07:09,652 - INFO - Request for orchestrate_order started, order_id=721f2e6d-63d9-4547-aba3-8909f555edd0, trace_id=e0ccde99-adaf-4055-b08a-3b51b1f3d1e4
2026-07-16 15:07:09,675 - INFO - Inventory Reservation Service Called, req: {'order_id': '721f2e6d-63d9-4547-aba3-8909f555edd0', 'items': [{'sku': 'b2926dc2-cc6d-4c3e-ae40-7a127c173b16', 'qty': 2}], 'atomic_update': True, 'delay': 0.0, 'drop': 0}, response_status: 200, response: {'order_id': '721f2e6d-63d9-4547-aba3-8909f555edd0', 'status': 'RESERVED', 'items': [{'sku': 'b2926dc2-cc6d-4c3e-ae40-7a127c173b16', 'remaining': 4}], 'total_input_tokens': 0, 'total_output_tokens': 0, 'total_llm_calls': 0} trace_id=e0ccde99-adaf-4055-b08a-3b51b1f3d1e4
2026-07-16 15:07:09,995 - INFO - Payment Service Called, req: {'order_id': '721f2e6d-63d9-4547-aba3-8909f555edd0', 'final_price': 400.0}, response_status: 200, response: {'order_id': '721f2e6d-63d9-4547-aba3-8909f555edd0', 'status': 'SUCCESS', 'total_input_tokens': 0, 'total_output_tokens': 0, 'total_llm_calls': 0} trace_id=e0ccde99-adaf-4055-b08a-3b51b1f3d1e4
2026-07-16 15:07:10,229 - INFO - Shipment Service Called, req: {'order_id': '721f2e6d-63d9-4547-aba3-8909f555edd0', 'address': 'SAMPLE_ADDRESS'}, response_status: 200, response: {'shipment_id': '34829894-ef67-44fd-9803-285aba8aea32', 'tracking_id': '90937f0b-9c01-4bab-84fb-148976d68a32', 'total_input_tokens': 0, 'total_output_tokens': 0, 'total_llm_calls': 0} trace_id=e0ccde99-adaf-4055-b08a-3b51b1f3d1e4
2026-07-16 15:07:10,233 - INFO - Request for orchestrate_order completed, final_status:COMPLETED,  trace_id=e0ccde99-adaf-4055-b08a-3b51b1f3d1e4
2026-07-16 15:07:17,524 - INFO - Request for checkout_cart, cart_id=b70e352b-3854-40d9-b7e8-e0a2288b9041, user_id=None, trace_id=cfbbce05-6c1f-4311-aca2-3e74ec371632
2026-07-16 15:07:17,537 - INFO - Cart Service Called, request_cart_id: b70e352b-3854-40d9-b7e8-e0a2288b9041, response_status: 200, trace_id=cfbbce05-6c1f-4311-aca2-3e74ec371632
2026-07-16 15:07:17,547 - INFO - HTTP Request: POST http://127.0.0.1:8002/price "HTTP/1.1 200 OK"
2026-07-16 15:07:17,549 - INFO - Pricing Service Called, req: {'items': [{'product_id': 'b2926dc2-cc6d-4c3e-ae40-7a127c173b16', 'qty': 2}], 'promo_codes': [], 'only_final_price': True}, response_status: 200, trace_id=cfbbce05-6c1f-4311-aca2-3e74ec371632
2026-07-16 15:07:17,550 - INFO - Request for orchestrate_order started, order_id=38d8bc5e-f040-4fd0-9ffd-b6a97bdfa809, trace_id=cfbbce05-6c1f-4311-aca2-3e74ec371632
2026-07-16 15:07:17,568 - INFO - Inventory Reservation Service Called, req: {'order_id': '38d8bc5e-f040-4fd0-9ffd-b6a97bdfa809', 'items': [{'sku': 'b2926dc2-cc6d-4c3e-ae40-7a127c173b16', 'qty': 2}], 'atomic_update': True, 'delay': 0.0, 'drop': 0}, response_status: 200, response: {'order_id': '38d8bc5e-f040-4fd0-9ffd-b6a97bdfa809', 'status': 'RESERVED', 'items': [{'sku': 'b2926dc2-cc6d-4c3e-ae40-7a127c173b16', 'remaining': 2}], 'total_input_tokens': 0, 'total_output_tokens': 0, 'total_llm_calls': 0} trace_id=cfbbce05-6c1f-4311-aca2-3e74ec371632
2026-07-16 15:07:17,886 - INFO - Payment Service Called, req: {'order_id': '38d8bc5e-f040-4fd0-9ffd-b6a97bdfa809', 'final_price': 400.0}, response_status: 200, response: {'order_id': '38d8bc5e-f040-4fd0-9ffd-b6a97bdfa809', 'status': 'SUCCESS', 'total_input_tokens': 0, 'total_output_tokens': 0, 'total_llm_calls': 0} trace_id=cfbbce05-6c1f-4311-aca2-3e74ec371632
2026-07-16 15:07:18,119 - INFO - Shipment Service Called, req: {'order_id': '38d8bc5e-f040-4fd0-9ffd-b6a97bdfa809', 'address': 'SAMPLE_ADDRESS'}, response_status: 200, response: {'shipment_id': '700a67fd-6084-45cb-9bc1-7581b0e521ea', 'tracking_id': 'a468887c-a227-4f81-97a5-e0ca616497a6', 'total_input_tokens': 0, 'total_output_tokens': 0, 'total_llm_calls': 0} trace_id=cfbbce05-6c1f-4311-aca2-3e74ec371632
2026-07-16 15:07:18,123 - INFO - Request for orchestrate_order completed, final_status:COMPLETED,  trace_id=cfbbce05-6c1f-4311-aca2-3e74ec371632
2026-07-16 15:07:46,867 - INFO - Request for checkout_cart, cart_id=b70e352b-3854-40d9-b7e8-e0a2288b9041, user_id=None, trace_id=f831e99e-1d37-4110-93bf-25ce64d94759
2026-07-16 15:07:46,892 - INFO - Cart Service Called, request_cart_id: b70e352b-3854-40d9-b7e8-e0a2288b9041, response_status: 200, trace_id=f831e99e-1d37-4110-93bf-25ce64d94759
2026-07-16 15:07:46,908 - INFO - HTTP Request: POST http://127.0.0.1:8002/price "HTTP/1.1 200 OK"
2026-07-16 15:07:46,909 - INFO - Pricing Service Called, req: {'items': [{'product_id': 'b2926dc2-cc6d-4c3e-ae40-7a127c173b16', 'qty': 2}], 'promo_codes': [], 'only_final_price': True}, response_status: 200, trace_id=f831e99e-1d37-4110-93bf-25ce64d94759
2026-07-16 15:07:46,910 - INFO - Request for orchestrate_order started, order_id=0e635522-d4ae-430d-9df7-9d8ef57a9ada, trace_id=f831e99e-1d37-4110-93bf-25ce64d94759
2026-07-16 15:07:46,929 - INFO - Inventory Reservation Service Called, req: {'order_id': '0e635522-d4ae-430d-9df7-9d8ef57a9ada', 'items': [{'sku': 'b2926dc2-cc6d-4c3e-ae40-7a127c173b16', 'qty': 2}], 'atomic_update': True, 'delay': 0.0, 'drop': 0}, response_status: 200, response: {'order_id': '0e635522-d4ae-430d-9df7-9d8ef57a9ada', 'status': 'RESERVED', 'items': [{'sku': 'b2926dc2-cc6d-4c3e-ae40-7a127c173b16', 'remaining': 0}], 'total_input_tokens': 0, 'total_output_tokens': 0, 'total_llm_calls': 0} trace_id=f831e99e-1d37-4110-93bf-25ce64d94759
2026-07-16 15:07:47,240 - INFO - Payment Service Called, req: {'order_id': '0e635522-d4ae-430d-9df7-9d8ef57a9ada', 'final_price': 400.0}, response_status: 200, response: {'order_id': '0e635522-d4ae-430d-9df7-9d8ef57a9ada', 'status': 'SUCCESS', 'total_input_tokens': 0, 'total_output_tokens': 0, 'total_llm_calls': 0} trace_id=f831e99e-1d37-4110-93bf-25ce64d94759
2026-07-16 15:07:47,466 - INFO - Shipment Service Called, req: {'order_id': '0e635522-d4ae-430d-9df7-9d8ef57a9ada', 'address': 'SAMPLE_ADDRESS'}, response_status: 200, response: {'shipment_id': '695b03c4-cdfc-4b5b-898b-e66e16f34ec4', 'tracking_id': '7556766d-a61c-43d5-b9f7-8f566797e8ea', 'total_input_tokens': 0, 'total_output_tokens': 0, 'total_llm_calls': 0} trace_id=f831e99e-1d37-4110-93bf-25ce64d94759
2026-07-16 15:07:47,470 - INFO - Request for orchestrate_order completed, final_status:COMPLETED,  trace_id=f831e99e-1d37-4110-93bf-25ce64d94759
2026-07-16 15:07:50,296 - INFO - Request for checkout_cart, cart_id=b70e352b-3854-40d9-b7e8-e0a2288b9041, user_id=None, trace_id=635f656d-f6b6-43fd-bbcc-13123974a1a8
2026-07-16 15:07:50,304 - INFO - Cart Service Called, request_cart_id: b70e352b-3854-40d9-b7e8-e0a2288b9041, response_status: 200, trace_id=635f656d-f6b6-43fd-bbcc-13123974a1a8
2026-07-16 15:07:50,312 - INFO - HTTP Request: POST http://127.0.0.1:8002/price "HTTP/1.1 200 OK"
2026-07-16 15:07:50,313 - INFO - Pricing Service Called, req: {'items': [{'product_id': 'b2926dc2-cc6d-4c3e-ae40-7a127c173b16', 'qty': 2}], 'promo_codes': [], 'only_final_price': True}, response_status: 200, trace_id=635f656d-f6b6-43fd-bbcc-13123974a1a8
2026-07-16 15:07:50,313 - INFO - Request for orchestrate_order started, order_id=8a5de298-4430-4705-b6fc-2a30affc2567, trace_id=635f656d-f6b6-43fd-bbcc-13123974a1a8
2026-07-16 15:07:50,335 - INFO - Inventory Reservation Service Called, req: {'order_id': '8a5de298-4430-4705-b6fc-2a30affc2567', 'items': [{'sku': 'b2926dc2-cc6d-4c3e-ae40-7a127c173b16', 'qty': 2}], 'atomic_update': True, 'delay': 0.0, 'drop': 0}, response_status: 200, response: {'order_id': '8a5de298-4430-4705-b6fc-2a30affc2567', 'status': 'OUT_OF_STOCK', 'reason': 'Out of stock: b2926dc2-cc6d-4c3e-ae40-7a127c173b16', 'total_input_tokens': 0, 'total_output_tokens': 0, 'total_llm_calls': 0} trace_id=635f656d-f6b6-43fd-bbcc-13123974a1a8
2026-07-16 15:07:50,336 - INFO - Request for orchestrate_order completed, final_status:OUT_OF_STOCK,  trace_id=635f656d-f6b6-43fd-bbcc-13123974a1a8
2026-07-16 15:08:10,258 - INFO - Request for checkout_cart, cart_id=b70e352b-3854-40d9-b7e8-e0a2288b9041, user_id=None, trace_id=9be64c82-6d60-4018-8094-b5230991668b
2026-07-16 15:08:10,278 - INFO - Cart Service Called, request_cart_id: b70e352b-3854-40d9-b7e8-e0a2288b9041, response_status: 200, trace_id=9be64c82-6d60-4018-8094-b5230991668b
2026-07-16 15:08:10,312 - INFO - HTTP Request: POST http://127.0.0.1:8002/price "HTTP/1.1 200 OK"
2026-07-16 15:08:10,315 - INFO - Pricing Service Called, req: {'items': [{'product_id': 'b2926dc2-cc6d-4c3e-ae40-7a127c173b16', 'qty': 2}], 'promo_codes': [], 'only_final_price': True}, response_status: 200, trace_id=9be64c82-6d60-4018-8094-b5230991668b
2026-07-16 15:08:10,316 - INFO - Request for orchestrate_order started, order_id=34c24047-cbe9-4893-b03b-fee6ba0f4e48, trace_id=9be64c82-6d60-4018-8094-b5230991668b
2026-07-16 15:08:10,340 - INFO - Inventory Reservation Service Called, req: {'order_id': '34c24047-cbe9-4893-b03b-fee6ba0f4e48', 'items': [{'sku': 'b2926dc2-cc6d-4c3e-ae40-7a127c173b16', 'qty': 2}], 'atomic_update': True, 'delay': 0.0, 'drop': 0}, response_status: 200, response: {'order_id': '34c24047-cbe9-4893-b03b-fee6ba0f4e48', 'status': 'OUT_OF_STOCK', 'reason': 'Out of stock: b2926dc2-cc6d-4c3e-ae40-7a127c173b16', 'total_input_tokens': 0, 'total_output_tokens': 0, 'total_llm_calls': 0} trace_id=9be64c82-6d60-4018-8094-b5230991668b
2026-07-16 15:08:10,342 - INFO - Request for orchestrate_order completed, final_status:OUT_OF_STOCK,  trace_id=9be64c82-6d60-4018-8094-b5230991668b
2026-08-17 17:33:18,538 - INFO - Request for checkout_cart, cart_id=6e97f23a-d562-4f7c-a901-1aca6a3546ad, user_id=None, trace_id=b42c8c78-cf96-40c9-9cc8-ea9c0a615b82
2026-08-17 17:33:18,560 - INFO - Cart Service Called, request_cart_id: 6e97f23a-d562-4f7c-a901-1aca6a3546ad, response_status: 200, trace_id=b42c8c78-cf96-40c9-9cc8-ea9c0a615b82
2026-08-17 17:33:18,580 - INFO - HTTP Request: POST http://127.0.0.1:8002/price "HTTP/1.1 200 OK"
2026-08-17 17:33:18,581 - INFO - Pricing Service Called, req: {'items': [{'product_id': '4cc0770f-91bc-4c0d-a26f-7b872f02ca94', 'qty': 2}], 'promo_codes': [], 'only_final_price': True}, response_status: 200, trace_id=b42c8c78-cf96-40c9-9cc8-ea9c0a615b82
2026-08-17 17:33:18,583 - INFO - Request for orchestrate_order started, order_id=ff7bdf29-37b3-43fb-bb23-68f4f4981c59, trace_id=b42c8c78-cf96-40c9-9cc8-ea9c0a615b82
2026-08-17 17:33:18,602 - INFO - Inventory Reservation Service Called, req: {'order_id': 'ff7bdf29-37b3-43fb-bb23-68f4f4981c59', 'items': [{'sku': '4cc0770f-91bc-4c0d-a26f-7b872f02ca94', 'qty': 2}], 'atomic_update': True, 'delay': 0.0, 'drop': 0}, response_status: 200, response: {'order_id': 'ff7bdf29-37b3-43fb-bb23-68f4f4981c59', 'status': 'RESERVED', 'items': [{'sku': '4cc0770f-91bc-4c0d-a26f-7b872f02ca94', 'remaining': 8}], 'total_input_tokens': 0, 'total_output_tokens': 0, 'total_llm_calls': 0} trace_id=b42c8c78-cf96-40c9-9cc8-ea9c0a615b82
2026-08-17 17:33:18,928 - INFO - Payment Service Called, req: {'order_id': 'ff7bdf29-37b3-43fb-bb23-68f4f4981c59', 'final_price': 500.0}, response_status: 200, response: {'order_id': 'ff7bdf29-37b3-43fb-bb23-68f4f4981c59', 'status': 'SUCCESS', 'total_input_tokens': 0, 'total_output_tokens': 0, 'total_llm_calls': 0} trace_id=b42c8c78-cf96-40c9-9cc8-ea9c0a615b82
2026-08-17 17:33:19,150 - INFO - Shipment Service Called, req: {'order_id': 'ff7bdf29-37b3-43fb-bb23-68f4f4981c59', 'address': 'SAMPLE_ADDRESS'}, response_status: 200, response: {'shipment_id': 'e4218d87-d5ad-4bd7-b351-d75e106a3169', 'tracking_id': '94c2d14f-adf0-4193-aa94-656396b72644', 'total_input_tokens': 0, 'total_output_tokens': 0, 'total_llm_calls': 0} trace_id=b42c8c78-cf96-40c9-9cc8-ea9c0a615b82
2026-08-17 17:33:19,152 - INFO - Request for orchestrate_order completed, final_status:COMPLETED,  trace_id=b42c8c78-cf96-40c9-9cc8-ea9c0a615b82
2026-08-17 17:33:19,170 - INFO - Request for checkout_cart, cart_id=2a9a283b-1ce8-4aa7-a437-6040510d2648, user_id=order_user_1, trace_id=acce74b3-4280-43f6-990e-f45cc0ad8b14
2026-08-17 17:33:19,174 - INFO - Cart Service Called, request_cart_id: 2a9a283b-1ce8-4aa7-a437-6040510d2648, response_status: 200, trace_id=acce74b3-4280-43f6-990e-f45cc0ad8b14
2026-08-17 17:33:19,179 - INFO - HTTP Request: POST http://127.0.0.1:8002/price "HTTP/1.1 200 OK"
2026-08-17 17:33:19,180 - INFO - Pricing Service Called, req: {'items': [{'product_id': '4cc0770f-91bc-4c0d-a26f-7b872f02ca94', 'qty': 2}], 'promo_codes': [], 'only_final_price': True}, response_status: 200, trace_id=acce74b3-4280-43f6-990e-f45cc0ad8b14
2026-08-17 17:33:19,185 - INFO - Subscription Service Called, user_id: order_user_1, response_status: 200, trace_id=acce74b3-4280-43f6-990e-f45cc0ad8b14
2026-08-17 17:33:19,185 - INFO - Applied subscription discount for user order_user_1, promo_code: SUMMER20, discount: 20.0%, original_price: 500.0, discounted_price: 400.0, trace_id=acce74b3-4280-43f6-990e-f45cc0ad8b14
2026-08-17 17:33:19,186 - INFO - Request for orchestrate_order started, order_id=a51637b6-71df-4f24-83a1-2f7eebaf356e, trace_id=acce74b3-4280-43f6-990e-f45cc0ad8b14
2026-08-17 17:33:19,193 - INFO - Inventory Reservation Service Called, req: {'order_id': 'a51637b6-71df-4f24-83a1-2f7eebaf356e', 'items': [{'sku': '4cc0770f-91bc-4c0d-a26f-7b872f02ca94', 'qty': 2}], 'atomic_update': True, 'delay': 0.0, 'drop': 0}, response_status: 200, response: {'order_id': 'a51637b6-71df-4f24-83a1-2f7eebaf356e', 'status': 'RESERVED', 'items': [{'sku': '4cc0770f-91bc-4c0d-a26f-7b872f02ca94', 'remaining': 6}], 'total_input_tokens': 0, 'total_output_tokens': 0, 'total_llm_calls': 0} trace_id=acce74b3-4280-43f6-990e-f45cc0ad8b14
2026-08-17 17:33:19,501 - INFO - Payment Service Called, req: {'order_id': 'a51637b6-71df-4f24-83a1-2f7eebaf356e', 'final_price': 400.0}, response_status: 200, response: {'order_id': 'a51637b6-71df-4f24-83a1-2f7eebaf356e', 'status': 'SUCCESS', 'total_input_tokens': 0, 'total_output_tokens': 0, 'total_llm_calls': 0} trace_id=acce74b3-4280-43f6-990e-f45cc0ad8b14
2026-08-17 17:33:19,711 - INFO - Shipment Service Called, req: {'order_id': 'a51637b6-71df-4f24-83a1-2f7eebaf356e', 'address': 'SAMPLE_ADDRESS'}, response_status: 200, response: {'shipment_id': '758629e0-d14d-40ff-82fc-c625b4a936ed', 'tracking_id': '20de569d-d62d-4255-9aa6-149b966525ba', 'total_input_tokens': 0, 'total_output_tokens': 0, 'total_llm_calls': 0} trace_id=acce74b3-4280-43f6-990e-f45cc0ad8b14
2026-08-17 17:33:19,712 - INFO - Request for orchestrate_order completed, final_status:COMPLETED,  trace_id=acce74b3-4280-43f6-990e-f45cc0ad8b14
2026-08-17 17:33:19,720 - INFO - Request for checkout_cart, cart_id=29439bbc-f9b9-4fa4-899c-7f1b99ae785c, user_id=None, trace_id=dc5c93c7-75a3-4cea-be0a-e5b31295a341
2026-08-17 17:33:19,724 - INFO - Cart Service Called, request_cart_id: 29439bbc-f9b9-4fa4-899c-7f1b99ae785c, response_status: 200, trace_id=dc5c93c7-75a3-4cea-be0a-e5b31295a341
2026-08-17 17:33:19,727 - INFO - HTTP Request: POST http://127.0.0.1:8002/price "HTTP/1.1 200 OK"
2026-08-17 17:33:19,728 - INFO - Pricing Service Called, req: {'items': [{'product_id': '4cc0770f-91bc-4c0d-a26f-7b872f02ca94', 'qty': 2}], 'promo_codes': [], 'only_final_price': True}, response_status: 200, trace_id=dc5c93c7-75a3-4cea-be0a-e5b31295a341
2026-08-17 17:33:19,728 - INFO - Request for orchestrate_order started, order_id=6eb780a9-c93c-41f4-b73b-2c5e07873059, trace_id=dc5c93c7-75a3-4cea-be0a-e5b31295a341
2026-08-17 17:33:19,736 - INFO - Inventory Reservation Service Called, req: {'order_id': '6eb780a9-c93c-41f4-b73b-2c5e07873059', 'items': [{'sku': '4cc0770f-91bc-4c0d-a26f-7b872f02ca94', 'qty': 2}], 'atomic_update': True, 'delay': 0.0, 'drop': 0}, response_status: 200, response: {'order_id': '6eb780a9-c93c-41f4-b73b-2c5e07873059', 'status': 'RESERVED', 'items': [{'sku': '4cc0770f-91bc-4c0d-a26f-7b872f02ca94', 'remaining': 4}], 'total_input_tokens': 0, 'total_output_tokens': 0, 'total_llm_calls': 0} trace_id=dc5c93c7-75a3-4cea-be0a-e5b31295a341
2026-08-17 17:33:20,041 - INFO - Payment Service Called, req: {'order_id': '6eb780a9-c93c-41f4-b73b-2c5e07873059', 'final_price': 500.0}, response_status: 200, response: {'order_id': '6eb780a9-c93c-41f4-b73b-2c5e07873059', 'status': 'SUCCESS', 'total_input_tokens': 0, 'total_output_tokens': 0, 'total_llm_calls': 0} trace_id=dc5c93c7-75a3-4cea-be0a-e5b31295a341
2026-08-17 17:33:20,248 - INFO - Shipment Service Called, req: {'order_id': '6eb780a9-c93c-41f4-b73b-2c5e07873059', 'address': 'SAMPLE_ADDRESS'}, response_status: 200, response: {'shipment_id': '314f47f5-7eb8-480b-accf-82728a0a5d9c', 'tracking_id': '7f2de9c1-1f67-4993-8bcf-c31a324b1bcb', 'total_input_tokens': 0, 'total_output_tokens': 0, 'total_llm_calls': 0} trace_id=dc5c93c7-75a3-4cea-be0a-e5b31295a341
2026-08-17 17:33:20,252 - INFO - Request for orchestrate_order completed, final_status:COMPLETED,  trace_id=dc5c93c7-75a3-4cea-be0a-e5b31295a341
2026-08-17 17:33:20,269 - INFO - Request for checkout_cart, cart_id=c4b42733-52d8-4f07-9bd9-357d1c7a91ad, user_id=order_user_2, trace_id=f64e6894-e707-42dc-8fd1-e4237e4106aa
2026-08-17 17:33:20,275 - INFO - Cart Service Called, request_cart_id: c4b42733-52d8-4f07-9bd9-357d1c7a91ad, response_status: 200, trace_id=f64e6894-e707-42dc-8fd1-e4237e4106aa
2026-08-17 17:33:20,280 - INFO - HTTP Request: POST http://127.0.0.1:8002/price "HTTP/1.1 200 OK"
2026-08-17 17:33:20,280 - INFO - Pricing Service Called, req: {'items': [{'product_id': '4cc0770f-91bc-4c0d-a26f-7b872f02ca94', 'qty': 2}], 'promo_codes': [], 'only_final_price': True}, response_status: 200, trace_id=f64e6894-e707-42dc-8fd1-e4237e4106aa
2026-08-17 17:33:20,285 - INFO - Subscription Service Called, user_id: order_user_2, response_status: 200, trace_id=f64e6894-e707-42dc-8fd1-e4237e4106aa
2026-08-17 17:33:20,285 - INFO - Applied subscription discount for user order_user_2, promo_code: SUMMER20, discount: 20.0%, original_price: 500.0, discounted_price: 400.0, trace_id=f64e6894-e707-42dc-8fd1-e4237e4106aa
2026-08-17 17:33:20,285 - INFO - Request for orchestrate_order started, order_id=3c702dc6-deb5-4d24-be44-56b82835d4d3, trace_id=f64e6894-e707-42dc-8fd1-e4237e4106aa
2026-08-17 17:33:20,291 - INFO - Inventory Reservation Service Called, req: {'order_id': '3c702dc6-deb5-4d24-be44-56b82835d4d3', 'items': [{'sku': '4cc0770f-91bc-4c0d-a26f-7b872f02ca94', 'qty': 2}], 'atomic_update': True, 'delay': 0.0, 'drop': 0}, response_status: 200, response: {'order_id': '3c702dc6-deb5-4d24-be44-56b82835d4d3', 'status': 'RESERVED', 'items': [{'sku': '4cc0770f-91bc-4c0d-a26f-7b872f02ca94', 'remaining': 2}], 'total_input_tokens': 0, 'total_output_tokens': 0, 'total_llm_calls': 0} trace_id=f64e6894-e707-42dc-8fd1-e4237e4106aa
2026-08-17 17:33:20,596 - INFO - Payment Service Called, req: {'order_id': '3c702dc6-deb5-4d24-be44-56b82835d4d3', 'final_price': 400.0}, response_status: 200, response: {'order_id': '3c702dc6-deb5-4d24-be44-56b82835d4d3', 'status': 'SUCCESS', 'total_input_tokens': 0, 'total_output_tokens': 0, 'total_llm_calls': 0} trace_id=f64e6894-e707-42dc-8fd1-e4237e4106aa
2026-08-17 17:33:20,811 - INFO - Shipment Service Called, req: {'order_id': '3c702dc6-deb5-4d24-be44-56b82835d4d3', 'address': 'SAMPLE_ADDRESS'}, response_status: 200, response: {'shipment_id': '15dde083-77d1-456a-be38-e00a5efaf0f5', 'tracking_id': '884ff053-b30d-43ae-bd76-707cfa25246e', 'total_input_tokens': 0, 'total_output_tokens': 0, 'total_llm_calls': 0} trace_id=f64e6894-e707-42dc-8fd1-e4237e4106aa
2026-08-17 17:33:20,813 - INFO - Request for orchestrate_order completed, final_status:COMPLETED,  trace_id=f64e6894-e707-42dc-8fd1-e4237e4106aa
2026-08-17 17:33:20,826 - INFO - Request for checkout_cart, cart_id=61242e78-ab33-46d3-82d0-7095928760e7, user_id=None, trace_id=cbf3d2ef-df8c-4439-8869-76d97ffc3764
2026-08-17 17:33:20,831 - INFO - Cart Service Called, request_cart_id: 61242e78-ab33-46d3-82d0-7095928760e7, response_status: 200, trace_id=cbf3d2ef-df8c-4439-8869-76d97ffc3764
2026-08-17 17:33:20,836 - INFO - HTTP Request: POST http://127.0.0.1:8002/price "HTTP/1.1 200 OK"
2026-08-17 17:33:20,837 - INFO - Pricing Service Called, req: {'items': [{'product_id': '4cc0770f-91bc-4c0d-a26f-7b872f02ca94', 'qty': 2}], 'promo_codes': [], 'only_final_price': True}, response_status: 200, trace_id=cbf3d2ef-df8c-4439-8869-76d97ffc3764
2026-08-17 17:33:20,837 - INFO - Request for orchestrate_order started, order_id=b5145129-9240-465f-a11d-57965b2bc450, trace_id=cbf3d2ef-df8c-4439-8869-76d97ffc3764
2026-08-17 17:33:20,846 - INFO - Inventory Reservation Service Called, req: {'order_id': 'b5145129-9240-465f-a11d-57965b2bc450', 'items': [{'sku': '4cc0770f-91bc-4c0d-a26f-7b872f02ca94', 'qty': 2}], 'atomic_update': True, 'delay': 0.0, 'drop': 0}, response_status: 200, response: {'order_id': 'b5145129-9240-465f-a11d-57965b2bc450', 'status': 'RESERVED', 'items': [{'sku': '4cc0770f-91bc-4c0d-a26f-7b872f02ca94', 'remaining': 0}], 'total_input_tokens': 0, 'total_output_tokens': 0, 'total_llm_calls': 0} trace_id=cbf3d2ef-df8c-4439-8869-76d97ffc3764
2026-08-17 17:33:21,156 - INFO - Payment Service Called, req: {'order_id': 'b5145129-9240-465f-a11d-57965b2bc450', 'final_price': 500.0}, response_status: 200, response: {'order_id': 'b5145129-9240-465f-a11d-57965b2bc450', 'status': 'SUCCESS', 'total_input_tokens': 0, 'total_output_tokens': 0, 'total_llm_calls': 0} trace_id=cbf3d2ef-df8c-4439-8869-76d97ffc3764
2026-08-17 17:33:21,369 - INFO - Shipment Service Called, req: {'order_id': 'b5145129-9240-465f-a11d-57965b2bc450', 'address': 'SAMPLE_ADDRESS'}, response_status: 200, response: {'shipment_id': '7d58c19d-a621-4023-8eff-2d98604cbe92', 'tracking_id': 'ef6b883a-89d7-40ec-89eb-260b400862a7', 'total_input_tokens': 0, 'total_output_tokens': 0, 'total_llm_calls': 0} trace_id=cbf3d2ef-df8c-4439-8869-76d97ffc3764
2026-08-17 17:33:21,370 - INFO - Request for orchestrate_order completed, final_status:COMPLETED,  trace_id=cbf3d2ef-df8c-4439-8869-76d97ffc3764
2026-08-17 17:33:21,392 - INFO - Request for checkout_cart, cart_id=f3b3364f-3e88-4635-bf91-14bb3f616ba2, user_id=order_user_3, trace_id=aa08366d-db66-45e5-838e-27ee7605258e
2026-08-17 17:33:21,396 - INFO - Cart Service Called, request_cart_id: f3b3364f-3e88-4635-bf91-14bb3f616ba2, response_status: 200, trace_id=aa08366d-db66-45e5-838e-27ee7605258e
2026-08-17 17:33:21,401 - INFO - HTTP Request: POST http://127.0.0.1:8002/price "HTTP/1.1 200 OK"
2026-08-17 17:33:21,402 - INFO - Pricing Service Called, req: {'items': [{'product_id': '4cc0770f-91bc-4c0d-a26f-7b872f02ca94', 'qty': 2}], 'promo_codes': [], 'only_final_price': True}, response_status: 200, trace_id=aa08366d-db66-45e5-838e-27ee7605258e
2026-08-17 17:33:21,406 - INFO - Subscription Service Called, user_id: order_user_3, response_status: 200, trace_id=aa08366d-db66-45e5-838e-27ee7605258e
2026-08-17 17:33:21,406 - INFO - Applied subscription discount for user order_user_3, promo_code: SUMMER20, discount: 20.0%, original_price: 500.0, discounted_price: 400.0, trace_id=aa08366d-db66-45e5-838e-27ee7605258e
2026-08-17 17:33:21,407 - INFO - Request for orchestrate_order started, order_id=1965f5a9-ad10-4d54-ae90-c9cb265cc3cd, trace_id=aa08366d-db66-45e5-838e-27ee7605258e
2026-08-17 17:33:21,411 - INFO - Inventory Reservation Service Called, req: {'order_id': '1965f5a9-ad10-4d54-ae90-c9cb265cc3cd', 'items': [{'sku': '4cc0770f-91bc-4c0d-a26f-7b872f02ca94', 'qty': 2}], 'atomic_update': True, 'delay': 0.0, 'drop': 0}, response_status: 200, response: {'order_id': '1965f5a9-ad10-4d54-ae90-c9cb265cc3cd', 'status': 'OUT_OF_STOCK', 'reason': 'Out of stock: 4cc0770f-91bc-4c0d-a26f-7b872f02ca94', 'total_input_tokens': 0, 'total_output_tokens': 0, 'total_llm_calls': 0} trace_id=aa08366d-db66-45e5-838e-27ee7605258e
2026-08-17 17:33:21,412 - INFO - Request for orchestrate_order completed, final_status:OUT_OF_STOCK,  trace_id=aa08366d-db66-45e5-838e-27ee7605258e
2026-08-17 17:33:21,420 - INFO - Request for checkout_cart, cart_id=b84d74d3-1bc5-4502-ba6d-3f09e6884d03, user_id=None, trace_id=a9bb8c6d-6572-4983-8dad-9d3ee300bf08
2026-08-17 17:33:21,424 - INFO - Cart Service Called, request_cart_id: b84d74d3-1bc5-4502-ba6d-3f09e6884d03, response_status: 200, trace_id=a9bb8c6d-6572-4983-8dad-9d3ee300bf08
2026-08-17 17:33:21,427 - INFO - HTTP Request: POST http://127.0.0.1:8002/price "HTTP/1.1 200 OK"
2026-08-17 17:33:21,428 - INFO - Pricing Service Called, req: {'items': [{'product_id': '4cc0770f-91bc-4c0d-a26f-7b872f02ca94', 'qty': 2}], 'promo_codes': [], 'only_final_price': True}, response_status: 200, trace_id=a9bb8c6d-6572-4983-8dad-9d3ee300bf08
2026-08-17 17:33:21,428 - INFO - Request for orchestrate_order started, order_id=3149b6e4-198c-4046-bef9-25982ebdd8e1, trace_id=a9bb8c6d-6572-4983-8dad-9d3ee300bf08
2026-08-17 17:33:21,433 - INFO - Inventory Reservation Service Called, req: {'order_id': '3149b6e4-198c-4046-bef9-25982ebdd8e1', 'items': [{'sku': '4cc0770f-91bc-4c0d-a26f-7b872f02ca94', 'qty': 2}], 'atomic_update': True, 'delay': 0.0, 'drop': 0}, response_status: 200, response: {'order_id': '3149b6e4-198c-4046-bef9-25982ebdd8e1', 'status': 'OUT_OF_STOCK', 'reason': 'Out of stock: 4cc0770f-91bc-4c0d-a26f-7b872f02ca94', 'total_input_tokens': 0, 'total_output_tokens': 0, 'total_llm_calls': 0} trace_id=a9bb8c6d-6572-4983-8dad-9d3ee300bf08
2026-08-17 17:33:21,434 - INFO - Request for orchestrate_order completed, final_status:OUT_OF_STOCK,  trace_id=a9bb8c6d-6572-4983-8dad-9d3ee300bf08
2026-08-17 17:33:21,446 - INFO - Request for checkout_cart, cart_id=fa6c5652-8d1f-421d-bf86-451d04bd3c3e, user_id=order_user_4, trace_id=96779397-4e10-49a8-a183-2f4289e97144
2026-08-17 17:33:21,451 - INFO - Cart Service Called, request_cart_id: fa6c5652-8d1f-421d-bf86-451d04bd3c3e, response_status: 200, trace_id=96779397-4e10-49a8-a183-2f4289e97144
2026-08-17 17:33:21,455 - INFO - HTTP Request: POST http://127.0.0.1:8002/price "HTTP/1.1 200 OK"
2026-08-17 17:33:21,456 - INFO - Pricing Service Called, req: {'items': [{'product_id': '4cc0770f-91bc-4c0d-a26f-7b872f02ca94', 'qty': 2}], 'promo_codes': [], 'only_final_price': True}, response_status: 200, trace_id=96779397-4e10-49a8-a183-2f4289e97144
2026-08-17 17:33:21,460 - INFO - Subscription Service Called, user_id: order_user_4, response_status: 200, trace_id=96779397-4e10-49a8-a183-2f4289e97144
2026-08-17 17:33:21,460 - INFO - Applied subscription discount for user order_user_4, promo_code: SUMMER20, discount: 20.0%, original_price: 500.0, discounted_price: 400.0, trace_id=96779397-4e10-49a8-a183-2f4289e97144
2026-08-17 17:33:21,460 - INFO - Request for orchestrate_order started, order_id=d7e72207-5578-4384-869a-7f178485ebb2, trace_id=96779397-4e10-49a8-a183-2f4289e97144
2026-08-17 17:33:21,466 - INFO - Inventory Reservation Service Called, req: {'order_id': 'd7e72207-5578-4384-869a-7f178485ebb2', 'items': [{'sku': '4cc0770f-91bc-4c0d-a26f-7b872f02ca94', 'qty': 2}], 'atomic_update': True, 'delay': 0.0, 'drop': 0}, response_status: 200, response: {'order_id': 'd7e72207-5578-4384-869a-7f178485ebb2', 'status': 'OUT_OF_STOCK', 'reason': 'Out of stock: 4cc0770f-91bc-4c0d-a26f-7b872f02ca94', 'total_input_tokens': 0, 'total_output_tokens': 0, 'total_llm_calls': 0} trace_id=96779397-4e10-49a8-a183-2f4289e97144
2026-08-17 17:33:21,467 - INFO - Request for orchestrate_order completed, final_status:OUT_OF_STOCK,  trace_id=96779397-4e10-49a8-a183-2f4289e97144
2026-08-17 17:33:21,474 - INFO - Request for checkout_cart, cart_id=ed91091b-30d9-46e5-8420-f1988bcc62b5, user_id=None, trace_id=64e7bdf6-f8b7-4416-a06d-75e2aa4aaea5
2026-08-17 17:33:21,478 - INFO - Cart Service Called, request_cart_id: ed91091b-30d9-46e5-8420-f1988bcc62b5, response_status: 200, trace_id=64e7bdf6-f8b7-4416-a06d-75e2aa4aaea5
2026-08-17 17:33:21,482 - INFO - HTTP Request: POST http://127.0.0.1:8002/price "HTTP/1.1 200 OK"
2026-08-17 17:33:21,482 - INFO - Pricing Service Called, req: {'items': [{'product_id': '4cc0770f-91bc-4c0d-a26f-7b872f02ca94', 'qty': 2}], 'promo_codes': [], 'only_final_price': True}, response_status: 200, trace_id=64e7bdf6-f8b7-4416-a06d-75e2aa4aaea5
2026-08-17 17:33:21,483 - INFO - Request for orchestrate_order started, order_id=4ab124d4-e702-436d-98a4-e718a8ef5a21, trace_id=64e7bdf6-f8b7-4416-a06d-75e2aa4aaea5
2026-08-17 17:33:21,488 - INFO - Inventory Reservation Service Called, req: {'order_id': '4ab124d4-e702-436d-98a4-e718a8ef5a21', 'items': [{'sku': '4cc0770f-91bc-4c0d-a26f-7b872f02ca94', 'qty': 2}], 'atomic_update': True, 'delay': 0.0, 'drop': 0}, response_status: 200, response: {'order_id': '4ab124d4-e702-436d-98a4-e718a8ef5a21', 'status': 'OUT_OF_STOCK', 'reason': 'Out of stock: 4cc0770f-91bc-4c0d-a26f-7b872f02ca94', 'total_input_tokens': 0, 'total_output_tokens': 0, 'total_llm_calls': 0} trace_id=64e7bdf6-f8b7-4416-a06d-75e2aa4aaea5
2026-08-17 17:33:21,489 - INFO - Request for orchestrate_order completed, final_status:OUT_OF_STOCK,  trace_id=64e7bdf6-f8b7-4416-a06d-75e2aa4aaea5
2026-08-17 17:33:21,502 - INFO - Request for checkout_cart, cart_id=6e5aefc0-8376-4111-9dd5-c7393cbb64c3, user_id=order_user_5, trace_id=9636cff5-4254-47f8-ae8a-777b1eb799a3
2026-08-17 17:33:21,505 - INFO - Cart Service Called, request_cart_id: 6e5aefc0-8376-4111-9dd5-c7393cbb64c3, response_status: 200, trace_id=9636cff5-4254-47f8-ae8a-777b1eb799a3
2026-08-17 17:33:21,509 - INFO - HTTP Request: POST http://127.0.0.1:8002/price "HTTP/1.1 200 OK"
2026-08-17 17:33:21,510 - INFO - Pricing Service Called, req: {'items': [{'product_id': '4cc0770f-91bc-4c0d-a26f-7b872f02ca94', 'qty': 2}], 'promo_codes': [], 'only_final_price': True}, response_status: 200, trace_id=9636cff5-4254-47f8-ae8a-777b1eb799a3
2026-08-17 17:33:21,513 - INFO - Subscription Service Called, user_id: order_user_5, response_status: 200, trace_id=9636cff5-4254-47f8-ae8a-777b1eb799a3
2026-08-17 17:33:21,514 - INFO - Applied subscription discount for user order_user_5, promo_code: SUMMER20, discount: 20.0%, original_price: 500.0, discounted_price: 400.0, trace_id=9636cff5-4254-47f8-ae8a-777b1eb799a3
2026-08-17 17:33:21,514 - INFO - Request for orchestrate_order started, order_id=df2e0af8-9b2e-407f-82c8-ff0cf3629de5, trace_id=9636cff5-4254-47f8-ae8a-777b1eb799a3
2026-08-17 17:33:21,520 - INFO - Inventory Reservation Service Called, req: {'order_id': 'df2e0af8-9b2e-407f-82c8-ff0cf3629de5', 'items': [{'sku': '4cc0770f-91bc-4c0d-a26f-7b872f02ca94', 'qty': 2}], 'atomic_update': True, 'delay': 0.0, 'drop': 0}, response_status: 200, response: {'order_id': 'df2e0af8-9b2e-407f-82c8-ff0cf3629de5', 'status': 'OUT_OF_STOCK', 'reason': 'Out of stock: 4cc0770f-91bc-4c0d-a26f-7b872f02ca94', 'total_input_tokens': 0, 'total_output_tokens': 0, 'total_llm_calls': 0} trace_id=9636cff5-4254-47f8-ae8a-777b1eb799a3
2026-08-17 17:33:21,521 - INFO - Request for orchestrate_order completed, final_status:OUT_OF_STOCK,  trace_id=9636cff5-4254-47f8-ae8a-777b1eb799a3
2026-08-17 17:33:21,528 - INFO - Request for checkout_cart, cart_id=fdd5efb2-e840-439d-a7f6-c755570dd71f, user_id=None, trace_id=2f470957-88f2-4760-9f52-9e4aa7dccd97
2026-08-17 17:33:21,532 - INFO - Cart Service Called, request_cart_id: fdd5efb2-e840-439d-a7f6-c755570dd71f, response_status: 200, trace_id=2f470957-88f2-4760-9f52-9e4aa7dccd97
2026-08-17 17:33:21,536 - INFO - HTTP Request: POST http://127.0.0.1:8002/price "HTTP/1.1 200 OK"
2026-08-17 17:33:21,536 - INFO - Pricing Service Called, req: {'items': [{'product_id': '4cc0770f-91bc-4c0d-a26f-7b872f02ca94', 'qty': 2}], 'promo_codes': [], 'only_final_price': True}, response_status: 200, trace_id=2f470957-88f2-4760-9f52-9e4aa7dccd97
2026-08-17 17:33:21,536 - INFO - Request for orchestrate_order started, order_id=bd6f5e78-6931-42c8-bdea-91c80ed91e0d, trace_id=2f470957-88f2-4760-9f52-9e4aa7dccd97
2026-08-17 17:33:21,541 - INFO - Inventory Reservation Service Called, req: {'order_id': 'bd6f5e78-6931-42c8-bdea-91c80ed91e0d', 'items': [{'sku': '4cc0770f-91bc-4c0d-a26f-7b872f02ca94', 'qty': 2}], 'atomic_update': True, 'delay': 0.0, 'drop': 0}, response_status: 200, response: {'order_id': 'bd6f5e78-6931-42c8-bdea-91c80ed91e0d', 'status': 'OUT_OF_STOCK', 'reason': 'Out of stock: 4cc0770f-91bc-4c0d-a26f-7b872f02ca94', 'total_input_tokens': 0, 'total_output_tokens': 0, 'total_llm_calls': 0} trace_id=2f470957-88f2-4760-9f52-9e4aa7dccd97
2026-08-17 17:33:21,542 - INFO - Request for orchestrate_order completed, final_status:OUT_OF_STOCK,  trace_id=2f470957-88f2-4760-9f52-9e4aa7dccd97
2026-08-17 17:33:21,556 - INFO - Request for checkout_cart, cart_id=696b0aaa-9e44-4770-b2f9-2ca3322e9b29, user_id=order_user_6, trace_id=46e22f66-85cd-4e4a-8ab7-d25479c97570
2026-08-17 17:33:21,561 - INFO - Cart Service Called, request_cart_id: 696b0aaa-9e44-4770-b2f9-2ca3322e9b29, response_status: 200, trace_id=46e22f66-85cd-4e4a-8ab7-d25479c97570
2026-08-17 17:33:21,565 - INFO - HTTP Request: POST http://127.0.0.1:8002/price "HTTP/1.1 200 OK"
2026-08-17 17:33:21,565 - INFO - Pricing Service Called, req: {'items': [{'product_id': '4cc0770f-91bc-4c0d-a26f-7b872f02ca94', 'qty': 2}], 'promo_codes': [], 'only_final_price': True}, response_status: 200, trace_id=46e22f66-85cd-4e4a-8ab7-d25479c97570
2026-08-17 17:33:21,570 - INFO - Subscription Service Called, user_id: order_user_6, response_status: 200, trace_id=46e22f66-85cd-4e4a-8ab7-d25479c97570
2026-08-17 17:33:21,570 - INFO - Applied subscription discount for user order_user_6, promo_code: SUMMER20, discount: 20.0%, original_price: 500.0, discounted_price: 400.0, trace_id=46e22f66-85cd-4e4a-8ab7-d25479c97570
2026-08-17 17:33:21,570 - INFO - Request for orchestrate_order started, order_id=1899f97d-303a-4d3c-99c1-ee7927e0b3b1, trace_id=46e22f66-85cd-4e4a-8ab7-d25479c97570
2026-08-17 17:33:21,575 - INFO - Inventory Reservation Service Called, req: {'order_id': '1899f97d-303a-4d3c-99c1-ee7927e0b3b1', 'items': [{'sku': '4cc0770f-91bc-4c0d-a26f-7b872f02ca94', 'qty': 2}], 'atomic_update': True, 'delay': 0.0, 'drop': 0}, response_status: 200, response: {'order_id': '1899f97d-303a-4d3c-99c1-ee7927e0b3b1', 'status': 'OUT_OF_STOCK', 'reason': 'Out of stock: 4cc0770f-91bc-4c0d-a26f-7b872f02ca94', 'total_input_tokens': 0, 'total_output_tokens': 0, 'total_llm_calls': 0} trace_id=46e22f66-85cd-4e4a-8ab7-d25479c97570
2026-08-17 17:33:21,576 - INFO - Request for orchestrate_order completed, final_status:OUT_OF_STOCK,  trace_id=46e22f66-85cd-4e4a-8ab7-d25479c97570
2026-08-17 17:33:21,584 - INFO - Request for checkout_cart, cart_id=3188b154-b6ad-43c8-9608-d35a40b337c7, user_id=None, trace_id=db8c3a55-5d62-4866-be87-0679e6a2985a
2026-08-17 17:33:21,588 - INFO - Cart Service Called, request_cart_id: 3188b154-b6ad-43c8-9608-d35a40b337c7, response_status: 200, trace_id=db8c3a55-5d62-4866-be87-0679e6a2985a
2026-08-17 17:33:21,591 - INFO - HTTP Request: POST http://127.0.0.1:8002/price "HTTP/1.1 200 OK"
2026-08-17 17:33:21,592 - INFO - Pricing Service Called, req: {'items': [{'product_id': '4cc0770f-91bc-4c0d-a26f-7b872f02ca94', 'qty': 2}], 'promo_codes': [], 'only_final_price': True}, response_status: 200, trace_id=db8c3a55-5d62-4866-be87-0679e6a2985a
2026-08-17 17:33:21,592 - INFO - Request for orchestrate_order started, order_id=da82dc04-2b72-4906-a173-a9175ef87476, trace_id=db8c3a55-5d62-4866-be87-0679e6a2985a
2026-08-17 17:33:21,597 - INFO - Inventory Reservation Service Called, req: {'order_id': 'da82dc04-2b72-4906-a173-a9175ef87476', 'items': [{'sku': '4cc0770f-91bc-4c0d-a26f-7b872f02ca94', 'qty': 2}], 'atomic_update': True, 'delay': 0.0, 'drop': 0}, response_status: 200, response: {'order_id': 'da82dc04-2b72-4906-a173-a9175ef87476', 'status': 'OUT_OF_STOCK', 'reason': 'Out of stock: 4cc0770f-91bc-4c0d-a26f-7b872f02ca94', 'total_input_tokens': 0, 'total_output_tokens': 0, 'total_llm_calls': 0} trace_id=db8c3a55-5d62-4866-be87-0679e6a2985a
2026-08-17 17:33:21,598 - INFO - Request for orchestrate_order completed, final_status:OUT_OF_STOCK,  trace_id=db8c3a55-5d62-4866-be87-0679e6a2985a
2026-08-17 17:33:21,612 - INFO - Request for checkout_cart, cart_id=16d6335e-c618-45fd-a494-537d7ac09864, user_id=order_user_7, trace_id=bf908fce-df88-464f-bb37-03242cf479f9
2026-08-17 17:33:21,616 - INFO - Cart Service Called, request_cart_id: 16d6335e-c618-45fd-a494-537d7ac09864, response_status: 200, trace_id=bf908fce-df88-464f-bb37-03242cf479f9
2026-08-17 17:33:21,620 - INFO - HTTP Request: POST http://127.0.0.1:8002/price "HTTP/1.1 200 OK"
2026-08-17 17:33:21,621 - INFO - Pricing Service Called, req: {'items': [{'product_id': '4cc0770f-91bc-4c0d-a26f-7b872f02ca94', 'qty': 2}], 'promo_codes': [], 'only_final_price': True}, response_status: 200, trace_id=bf908fce-df88-464f-bb37-03242cf479f9
2026-08-17 17:33:21,625 - INFO - Subscription Service Called, user_id: order_user_7, response_status: 200, trace_id=bf908fce-df88-464f-bb37-03242cf479f9
2026-08-17 17:33:21,625 - INFO - Applied subscription discount for user order_user_7, promo_code: SUMMER20, discount: 20.0%, original_price: 500.0, discounted_price: 400.0, trace_id=bf908fce-df88-464f-bb37-03242cf479f9
2026-08-17 17:33:21,625 - INFO - Request for orchestrate_order started, order_id=70101ec7-e328-4f29-b03c-aa20a94f05fd, trace_id=bf908fce-df88-464f-bb37-03242cf479f9
2026-08-17 17:33:21,630 - INFO - Inventory Reservation Service Called, req: {'order_id': '70101ec7-e328-4f29-b03c-aa20a94f05fd', 'items': [{'sku': '4cc0770f-91bc-4c0d-a26f-7b872f02ca94', 'qty': 2}], 'atomic_update': True, 'delay': 0.0, 'drop': 0}, response_status: 200, response: {'order_id': '70101ec7-e328-4f29-b03c-aa20a94f05fd', 'status': 'OUT_OF_STOCK', 'reason': 'Out of stock: 4cc0770f-91bc-4c0d-a26f-7b872f02ca94', 'total_input_tokens': 0, 'total_output_tokens': 0, 'total_llm_calls': 0} trace_id=bf908fce-df88-464f-bb37-03242cf479f9
2026-08-17 17:33:21,631 - INFO - Request for orchestrate_order completed, final_status:OUT_OF_STOCK,  trace_id=bf908fce-df88-464f-bb37-03242cf479f9
2026-08-17 17:33:21,638 - INFO - Request for checkout_cart, cart_id=a280fba3-4fce-4c5e-80e9-db821f0f76d5, user_id=None, trace_id=73ed9e81-f7da-4f63-88f4-acc4f1230c89
2026-08-17 17:33:21,642 - INFO - Cart Service Called, request_cart_id: a280fba3-4fce-4c5e-80e9-db821f0f76d5, response_status: 200, trace_id=73ed9e81-f7da-4f63-88f4-acc4f1230c89
2026-08-17 17:33:21,646 - INFO - HTTP Request: POST http://127.0.0.1:8002/price "HTTP/1.1 200 OK"
2026-08-17 17:33:21,647 - INFO - Pricing Service Called, req: {'items': [{'product_id': '4cc0770f-91bc-4c0d-a26f-7b872f02ca94', 'qty': 2}], 'promo_codes': [], 'only_final_price': True}, response_status: 200, trace_id=73ed9e81-f7da-4f63-88f4-acc4f1230c89
2026-08-17 17:33:21,647 - INFO - Request for orchestrate_order started, order_id=78e5b56c-e936-4a6e-86d5-cb092c4439fa, trace_id=73ed9e81-f7da-4f63-88f4-acc4f1230c89
2026-08-17 17:33:21,652 - INFO - Inventory Reservation Service Called, req: {'order_id': '78e5b56c-e936-4a6e-86d5-cb092c4439fa', 'items': [{'sku': '4cc0770f-91bc-4c0d-a26f-7b872f02ca94', 'qty': 2}], 'atomic_update': True, 'delay': 0.0, 'drop': 0}, response_status: 200, response: {'order_id': '78e5b56c-e936-4a6e-86d5-cb092c4439fa', 'status': 'OUT_OF_STOCK', 'reason': 'Out of stock: 4cc0770f-91bc-4c0d-a26f-7b872f02ca94', 'total_input_tokens': 0, 'total_output_tokens': 0, 'total_llm_calls': 0} trace_id=73ed9e81-f7da-4f63-88f4-acc4f1230c89
2026-08-17 17:33:21,654 - INFO - Request for orchestrate_order completed, final_status:OUT_OF_STOCK,  trace_id=73ed9e81-f7da-4f63-88f4-acc4f1230c89
2026-08-17 17:33:21,667 - INFO - Request for checkout_cart, cart_id=1cb98025-d48e-41b3-965f-09b8c0f531ed, user_id=order_user_8, trace_id=738b578b-bb1d-47ff-bb37-252f99b2b167
2026-08-17 17:33:21,671 - INFO - Cart Service Called, request_cart_id: 1cb98025-d48e-41b3-965f-09b8c0f531ed, response_status: 200, trace_id=738b578b-bb1d-47ff-bb37-252f99b2b167
2026-08-17 17:33:21,675 - INFO - HTTP Request: POST http://127.0.0.1:8002/price "HTTP/1.1 200 OK"
2026-08-17 17:33:21,675 - INFO - Pricing Service Called, req: {'items': [{'product_id': '4cc0770f-91bc-4c0d-a26f-7b872f02ca94', 'qty': 2}], 'promo_codes': [], 'only_final_price': True}, response_status: 200, trace_id=738b578b-bb1d-47ff-bb37-252f99b2b167
2026-08-17 17:33:21,679 - INFO - Subscription Service Called, user_id: order_user_8, response_status: 200, trace_id=738b578b-bb1d-47ff-bb37-252f99b2b167
2026-08-17 17:33:21,679 - INFO - Applied subscription discount for user order_user_8, promo_code: SUMMER20, discount: 20.0%, original_price: 500.0, discounted_price: 400.0, trace_id=738b578b-bb1d-47ff-bb37-252f99b2b167
2026-08-17 17:33:21,679 - INFO - Request for orchestrate_order started, order_id=7cf3ab1d-2af7-4c18-a0c8-da62497e609a, trace_id=738b578b-bb1d-47ff-bb37-252f99b2b167
2026-08-17 17:33:21,684 - INFO - Inventory Reservation Service Called, req: {'order_id': '7cf3ab1d-2af7-4c18-a0c8-da62497e609a', 'items': [{'sku': '4cc0770f-91bc-4c0d-a26f-7b872f02ca94', 'qty': 2}], 'atomic_update': True, 'delay': 0.0, 'drop': 0}, response_status: 200, response: {'order_id': '7cf3ab1d-2af7-4c18-a0c8-da62497e609a', 'status': 'OUT_OF_STOCK', 'reason': 'Out of stock: 4cc0770f-91bc-4c0d-a26f-7b872f02ca94', 'total_input_tokens': 0, 'total_output_tokens': 0, 'total_llm_calls': 0} trace_id=738b578b-bb1d-47ff-bb37-252f99b2b167
2026-08-17 17:33:21,685 - INFO - Request for orchestrate_order completed, final_status:OUT_OF_STOCK,  trace_id=738b578b-bb1d-47ff-bb37-252f99b2b167
2026-08-17 17:33:21,692 - INFO - Request for checkout_cart, cart_id=74ba1505-8615-4085-a3a1-999c5e576996, user_id=None, trace_id=6961f940-3b7d-4e5e-a6c2-2ecc072f2de1
2026-08-17 17:33:21,696 - INFO - Cart Service Called, request_cart_id: 74ba1505-8615-4085-a3a1-999c5e576996, response_status: 200, trace_id=6961f940-3b7d-4e5e-a6c2-2ecc072f2de1
2026-08-17 17:33:21,701 - INFO - HTTP Request: POST http://127.0.0.1:8002/price "HTTP/1.1 200 OK"
2026-08-17 17:33:21,701 - INFO - Pricing Service Called, req: {'items': [{'product_id': '4cc0770f-91bc-4c0d-a26f-7b872f02ca94', 'qty': 2}], 'promo_codes': [], 'only_final_price': True}, response_status: 200, trace_id=6961f940-3b7d-4e5e-a6c2-2ecc072f2de1
2026-08-17 17:33:21,701 - INFO - Request for orchestrate_order started, order_id=bc87d291-1d12-4074-a6a3-0cb6a9fc25e2, trace_id=6961f940-3b7d-4e5e-a6c2-2ecc072f2de1
2026-08-17 17:33:21,707 - INFO - Inventory Reservation Service Called, req: {'order_id': 'bc87d291-1d12-4074-a6a3-0cb6a9fc25e2', 'items': [{'sku': '4cc0770f-91bc-4c0d-a26f-7b872f02ca94', 'qty': 2}], 'atomic_update': True, 'delay': 0.0, 'drop': 0}, response_status: 200, response: {'order_id': 'bc87d291-1d12-4074-a6a3-0cb6a9fc25e2', 'status': 'OUT_OF_STOCK', 'reason': 'Out of stock: 4cc0770f-91bc-4c0d-a26f-7b872f02ca94', 'total_input_tokens': 0, 'total_output_tokens': 0, 'total_llm_calls': 0} trace_id=6961f940-3b7d-4e5e-a6c2-2ecc072f2de1
2026-08-17 17:33:21,708 - INFO - Request for orchestrate_order completed, final_status:OUT_OF_STOCK,  trace_id=6961f940-3b7d-4e5e-a6c2-2ecc072f2de1
2026-08-17 17:33:21,720 - INFO - Request for checkout_cart, cart_id=846ca00d-ceb6-4b04-8b1d-852419fcceb7, user_id=order_user_9, trace_id=57ae0c8f-0c4f-4b89-a4c4-b00d0c4bc03b
2026-08-17 17:33:21,724 - INFO - Cart Service Called, request_cart_id: 846ca00d-ceb6-4b04-8b1d-852419fcceb7, response_status: 200, trace_id=57ae0c8f-0c4f-4b89-a4c4-b00d0c4bc03b
2026-08-17 17:33:21,727 - INFO - HTTP Request: POST http://127.0.0.1:8002/price "HTTP/1.1 200 OK"
2026-08-17 17:33:21,728 - INFO - Pricing Service Called, req: {'items': [{'product_id': '4cc0770f-91bc-4c0d-a26f-7b872f02ca94', 'qty': 2}], 'promo_codes': [], 'only_final_price': True}, response_status: 200, trace_id=57ae0c8f-0c4f-4b89-a4c4-b00d0c4bc03b
2026-08-17 17:33:21,732 - INFO - Subscription Service Called, user_id: order_user_9, response_status: 200, trace_id=57ae0c8f-0c4f-4b89-a4c4-b00d0c4bc03b
2026-08-17 17:33:21,732 - INFO - Applied subscription discount for user order_user_9, promo_code: SUMMER20, discount: 20.0%, original_price: 500.0, discounted_price: 400.0, trace_id=57ae0c8f-0c4f-4b89-a4c4-b00d0c4bc03b
2026-08-17 17:33:21,732 - INFO - Request for orchestrate_order started, order_id=abd69756-4c59-4b20-b2db-7603f84c63ea, trace_id=57ae0c8f-0c4f-4b89-a4c4-b00d0c4bc03b
2026-08-17 17:33:21,737 - INFO - Inventory Reservation Service Called, req: {'order_id': 'abd69756-4c59-4b20-b2db-7603f84c63ea', 'items': [{'sku': '4cc0770f-91bc-4c0d-a26f-7b872f02ca94', 'qty': 2}], 'atomic_update': True, 'delay': 0.0, 'drop': 0}, response_status: 200, response: {'order_id': 'abd69756-4c59-4b20-b2db-7603f84c63ea', 'status': 'OUT_OF_STOCK', 'reason': 'Out of stock: 4cc0770f-91bc-4c0d-a26f-7b872f02ca94', 'total_input_tokens': 0, 'total_output_tokens': 0, 'total_llm_calls': 0} trace_id=57ae0c8f-0c4f-4b89-a4c4-b00d0c4bc03b
2026-08-17 17:33:21,738 - INFO - Request for orchestrate_order completed, final_status:OUT_OF_STOCK,  trace_id=57ae0c8f-0c4f-4b89-a4c4-b00d0c4bc03b
2026-08-17 17:33:21,747 - INFO - Request for checkout_cart, cart_id=74f2decc-ae3e-40d1-b468-96fff21f1179, user_id=None, trace_id=563444f6-5b26-4307-a05e-8660eef51196
2026-08-17 17:33:21,754 - INFO - Cart Service Called, request_cart_id: 74f2decc-ae3e-40d1-b468-96fff21f1179, response_status: 200, trace_id=563444f6-5b26-4307-a05e-8660eef51196
2026-08-17 17:33:21,759 - INFO - HTTP Request: POST http://127.0.0.1:8002/price "HTTP/1.1 200 OK"
2026-08-17 17:33:21,760 - INFO - Pricing Service Called, req: {'items': [{'product_id': '4cc0770f-91bc-4c0d-a26f-7b872f02ca94', 'qty': 2}], 'promo_codes': [], 'only_final_price': True}, response_status: 200, trace_id=563444f6-5b26-4307-a05e-8660eef51196
2026-08-17 17:33:21,760 - INFO - Request for orchestrate_order started, order_id=7ea8bc6a-bd2c-42af-9d18-ddf28e85af17, trace_id=563444f6-5b26-4307-a05e-8660eef51196
2026-08-17 17:33:21,765 - INFO - Inventory Reservation Service Called, req: {'order_id': '7ea8bc6a-bd2c-42af-9d18-ddf28e85af17', 'items': [{'sku': '4cc0770f-91bc-4c0d-a26f-7b872f02ca94', 'qty': 2}], 'atomic_update': True, 'delay': 0.0, 'drop': 0}, response_status: 200, response: {'order_id': '7ea8bc6a-bd2c-42af-9d18-ddf28e85af17', 'status': 'OUT_OF_STOCK', 'reason': 'Out of stock: 4cc0770f-91bc-4c0d-a26f-7b872f02ca94', 'total_input_tokens': 0, 'total_output_tokens': 0, 'total_llm_calls': 0} trace_id=563444f6-5b26-4307-a05e-8660eef51196
2026-08-17 17:33:21,766 - INFO - Request for orchestrate_order completed, final_status:OUT_OF_STOCK,  trace_id=563444f6-5b26-4307-a05e-8660eef51196
2026-08-17 17:33:21,779 - INFO - Request for checkout_cart, cart_id=d0b63c35-e60e-4d90-bd56-7e96501eec81, user_id=order_user_10, trace_id=1c281f2b-5453-4cf5-a4e3-6f292a722f71
2026-08-17 17:33:21,784 - INFO - Cart Service Called, request_cart_id: d0b63c35-e60e-4d90-bd56-7e96501eec81, response_status: 200, trace_id=1c281f2b-5453-4cf5-a4e3-6f292a722f71
2026-08-17 17:33:21,788 - INFO - HTTP Request: POST http://127.0.0.1:8002/price "HTTP/1.1 200 OK"
2026-08-17 17:33:21,789 - INFO - Pricing Service Called, req: {'items': [{'product_id': '4cc0770f-91bc-4c0d-a26f-7b872f02ca94', 'qty': 2}], 'promo_codes': [], 'only_final_price': True}, response_status: 200, trace_id=1c281f2b-5453-4cf5-a4e3-6f292a722f71
2026-08-17 17:33:21,794 - INFO - Subscription Service Called, user_id: order_user_10, response_status: 200, trace_id=1c281f2b-5453-4cf5-a4e3-6f292a722f71
2026-08-17 17:33:21,794 - INFO - Applied subscription discount for user order_user_10, promo_code: SUMMER20, discount: 20.0%, original_price: 500.0, discounted_price: 400.0, trace_id=1c281f2b-5453-4cf5-a4e3-6f292a722f71
2026-08-17 17:33:21,794 - INFO - Request for orchestrate_order started, order_id=4b49b8a2-1258-4c72-b6b4-c8e0253617f2, trace_id=1c281f2b-5453-4cf5-a4e3-6f292a722f71
2026-08-17 17:33:21,800 - INFO - Inventory Reservation Service Called, req: {'order_id': '4b49b8a2-1258-4c72-b6b4-c8e0253617f2', 'items': [{'sku': '4cc0770f-91bc-4c0d-a26f-7b872f02ca94', 'qty': 2}], 'atomic_update': True, 'delay': 0.0, 'drop': 0}, response_status: 200, response: {'order_id': '4b49b8a2-1258-4c72-b6b4-c8e0253617f2', 'status': 'OUT_OF_STOCK', 'reason': 'Out of stock: 4cc0770f-91bc-4c0d-a26f-7b872f02ca94', 'total_input_tokens': 0, 'total_output_tokens': 0, 'total_llm_calls': 0} trace_id=1c281f2b-5453-4cf5-a4e3-6f292a722f71
2026-08-17 17:33:21,801 - INFO - Request for orchestrate_order completed, final_status:OUT_OF_STOCK,  trace_id=1c281f2b-5453-4cf5-a4e3-6f292a722f71
2026-08-17 17:33:38,134 - INFO - Request for checkout_cart, cart_id=5f3448d2-7da2-4107-81b7-9d88b3b30444, user_id=None, trace_id=9a9c569c-8c64-476a-b8f7-15f8cf6ee3f4
2026-08-17 17:33:38,140 - INFO - Cart Service Called, request_cart_id: 5f3448d2-7da2-4107-81b7-9d88b3b30444, response_status: 200, trace_id=9a9c569c-8c64-476a-b8f7-15f8cf6ee3f4
2026-08-17 17:33:38,150 - INFO - HTTP Request: POST http://127.0.0.1:8002/price "HTTP/1.1 200 OK"
2026-08-17 17:33:38,151 - INFO - Pricing Service Called, req: {'items': [{'product_id': '4cc0770f-91bc-4c0d-a26f-7b872f02ca94', 'qty': 2}], 'promo_codes': [], 'only_final_price': True}, response_status: 200, trace_id=9a9c569c-8c64-476a-b8f7-15f8cf6ee3f4
2026-08-17 17:33:38,151 - INFO - Request for orchestrate_order started, order_id=06a962d0-503d-4087-830f-648daff93201, trace_id=9a9c569c-8c64-476a-b8f7-15f8cf6ee3f4
2026-08-17 17:33:38,158 - INFO - Inventory Reservation Service Called, req: {'order_id': '06a962d0-503d-4087-830f-648daff93201', 'items': [{'sku': '4cc0770f-91bc-4c0d-a26f-7b872f02ca94', 'qty': 2}], 'atomic_update': True, 'delay': 0.0, 'drop': 0}, response_status: 200, response: {'order_id': '06a962d0-503d-4087-830f-648daff93201', 'status': 'OUT_OF_STOCK', 'reason': 'Out of stock: 4cc0770f-91bc-4c0d-a26f-7b872f02ca94', 'total_input_tokens': 0, 'total_output_tokens': 0, 'total_llm_calls': 0} trace_id=9a9c569c-8c64-476a-b8f7-15f8cf6ee3f4
2026-08-17 17:33:38,159 - INFO - Request for orchestrate_order completed, final_status:OUT_OF_STOCK,  trace_id=9a9c569c-8c64-476a-b8f7-15f8cf6ee3f4
2026-08-17 17:33:38,175 - INFO - Request for checkout_cart, cart_id=d31d85b0-2804-4ff5-8aa1-4d8fdd68f78e, user_id=order_user_1, trace_id=4707b61e-d852-461a-8e4c-8b07485bd626
2026-08-17 17:33:38,180 - INFO - Cart Service Called, request_cart_id: d31d85b0-2804-4ff5-8aa1-4d8fdd68f78e, response_status: 200, trace_id=4707b61e-d852-461a-8e4c-8b07485bd626
2026-08-17 17:33:38,185 - INFO - HTTP Request: POST http://127.0.0.1:8002/price "HTTP/1.1 200 OK"
2026-08-17 17:33:38,186 - INFO - Pricing Service Called, req: {'items': [{'product_id': '4cc0770f-91bc-4c0d-a26f-7b872f02ca94', 'qty': 2}], 'promo_codes': [], 'only_final_price': True}, response_status: 200, trace_id=4707b61e-d852-461a-8e4c-8b07485bd626
2026-08-17 17:33:38,190 - INFO - Subscription Service Called, user_id: order_user_1, response_status: 200, trace_id=4707b61e-d852-461a-8e4c-8b07485bd626
2026-08-17 17:33:38,191 - INFO - Applied subscription discount for user order_user_1, promo_code: SUMMER20, discount: 20.0%, original_price: 500.0, discounted_price: 400.0, trace_id=4707b61e-d852-461a-8e4c-8b07485bd626
2026-08-17 17:33:38,191 - INFO - Request for orchestrate_order started, order_id=9026e8e9-123e-4d32-9e22-5c644a9229d2, trace_id=4707b61e-d852-461a-8e4c-8b07485bd626
2026-08-17 17:33:38,196 - INFO - Inventory Reservation Service Called, req: {'order_id': '9026e8e9-123e-4d32-9e22-5c644a9229d2', 'items': [{'sku': '4cc0770f-91bc-4c0d-a26f-7b872f02ca94', 'qty': 2}], 'atomic_update': True, 'delay': 0.0, 'drop': 0}, response_status: 200, response: {'order_id': '9026e8e9-123e-4d32-9e22-5c644a9229d2', 'status': 'OUT_OF_STOCK', 'reason': 'Out of stock: 4cc0770f-91bc-4c0d-a26f-7b872f02ca94', 'total_input_tokens': 0, 'total_output_tokens': 0, 'total_llm_calls': 0} trace_id=4707b61e-d852-461a-8e4c-8b07485bd626
2026-08-17 17:33:38,198 - INFO - Request for orchestrate_order completed, final_status:OUT_OF_STOCK,  trace_id=4707b61e-d852-461a-8e4c-8b07485bd626
2026-08-17 17:33:38,206 - INFO - Request for checkout_cart, cart_id=272be771-167f-4d2c-8aab-663e4bc5057c, user_id=None, trace_id=d9a31c02-65a9-416f-a640-99b131cd70b1
2026-08-17 17:33:38,210 - INFO - Cart Service Called, request_cart_id: 272be771-167f-4d2c-8aab-663e4bc5057c, response_status: 200, trace_id=d9a31c02-65a9-416f-a640-99b131cd70b1
2026-08-17 17:33:38,215 - INFO - HTTP Request: POST http://127.0.0.1:8002/price "HTTP/1.1 200 OK"
2026-08-17 17:33:38,216 - INFO - Pricing Service Called, req: {'items': [{'product_id': '4cc0770f-91bc-4c0d-a26f-7b872f02ca94', 'qty': 2}], 'promo_codes': [], 'only_final_price': True}, response_status: 200, trace_id=d9a31c02-65a9-416f-a640-99b131cd70b1
2026-08-17 17:33:38,216 - INFO - Request for orchestrate_order started, order_id=8277c03a-09ab-45e2-974f-c4c5c56030c6, trace_id=d9a31c02-65a9-416f-a640-99b131cd70b1
2026-08-17 17:33:38,221 - INFO - Inventory Reservation Service Called, req: {'order_id': '8277c03a-09ab-45e2-974f-c4c5c56030c6', 'items': [{'sku': '4cc0770f-91bc-4c0d-a26f-7b872f02ca94', 'qty': 2}], 'atomic_update': True, 'delay': 0.0, 'drop': 0}, response_status: 200, response: {'order_id': '8277c03a-09ab-45e2-974f-c4c5c56030c6', 'status': 'OUT_OF_STOCK', 'reason': 'Out of stock: 4cc0770f-91bc-4c0d-a26f-7b872f02ca94', 'total_input_tokens': 0, 'total_output_tokens': 0, 'total_llm_calls': 0} trace_id=d9a31c02-65a9-416f-a640-99b131cd70b1
2026-08-17 17:33:38,222 - INFO - Request for orchestrate_order completed, final_status:OUT_OF_STOCK,  trace_id=d9a31c02-65a9-416f-a640-99b131cd70b1
2026-08-17 17:33:38,234 - INFO - Request for checkout_cart, cart_id=668f473e-8347-4e52-ba92-e25edc08ec1a, user_id=order_user_2, trace_id=e9d4bcc2-b36d-45cb-ba55-98f8eeb8a5bc
2026-08-17 17:33:38,237 - INFO - Cart Service Called, request_cart_id: 668f473e-8347-4e52-ba92-e25edc08ec1a, response_status: 200, trace_id=e9d4bcc2-b36d-45cb-ba55-98f8eeb8a5bc
2026-08-17 17:33:38,241 - INFO - HTTP Request: POST http://127.0.0.1:8002/price "HTTP/1.1 200 OK"
2026-08-17 17:33:38,242 - INFO - Pricing Service Called, req: {'items': [{'product_id': '4cc0770f-91bc-4c0d-a26f-7b872f02ca94', 'qty': 2}], 'promo_codes': [], 'only_final_price': True}, response_status: 200, trace_id=e9d4bcc2-b36d-45cb-ba55-98f8eeb8a5bc
2026-08-17 17:33:38,246 - INFO - Subscription Service Called, user_id: order_user_2, response_status: 200, trace_id=e9d4bcc2-b36d-45cb-ba55-98f8eeb8a5bc
2026-08-17 17:33:38,246 - INFO - Applied subscription discount for user order_user_2, promo_code: SUMMER20, discount: 20.0%, original_price: 500.0, discounted_price: 400.0, trace_id=e9d4bcc2-b36d-45cb-ba55-98f8eeb8a5bc
2026-08-17 17:33:38,246 - INFO - Request for orchestrate_order started, order_id=9aaffe48-287c-405c-a252-3666a13238db, trace_id=e9d4bcc2-b36d-45cb-ba55-98f8eeb8a5bc
2026-08-17 17:33:38,251 - INFO - Inventory Reservation Service Called, req: {'order_id': '9aaffe48-287c-405c-a252-3666a13238db', 'items': [{'sku': '4cc0770f-91bc-4c0d-a26f-7b872f02ca94', 'qty': 2}], 'atomic_update': True, 'delay': 0.0, 'drop': 0}, response_status: 200, response: {'order_id': '9aaffe48-287c-405c-a252-3666a13238db', 'status': 'OUT_OF_STOCK', 'reason': 'Out of stock: 4cc0770f-91bc-4c0d-a26f-7b872f02ca94', 'total_input_tokens': 0, 'total_output_tokens': 0, 'total_llm_calls': 0} trace_id=e9d4bcc2-b36d-45cb-ba55-98f8eeb8a5bc
2026-08-17 17:33:38,252 - INFO - Request for orchestrate_order completed, final_status:OUT_OF_STOCK,  trace_id=e9d4bcc2-b36d-45cb-ba55-98f8eeb8a5bc
2026-08-17 17:33:38,259 - INFO - Request for checkout_cart, cart_id=076dea98-04a7-4f21-8f6b-8e2270d5a3b1, user_id=None, trace_id=0a36067a-24d0-45c8-98e2-aea224230616
2026-08-17 17:33:38,264 - INFO - Cart Service Called, request_cart_id: 076dea98-04a7-4f21-8f6b-8e2270d5a3b1, response_status: 200, trace_id=0a36067a-24d0-45c8-98e2-aea224230616
2026-08-17 17:33:38,267 - INFO - HTTP Request: POST http://127.0.0.1:8002/price "HTTP/1.1 200 OK"
2026-08-17 17:33:38,268 - INFO - Pricing Service Called, req: {'items': [{'product_id': '4cc0770f-91bc-4c0d-a26f-7b872f02ca94', 'qty': 2}], 'promo_codes': [], 'only_final_price': True}, response_status: 200, trace_id=0a36067a-24d0-45c8-98e2-aea224230616
2026-08-17 17:33:38,268 - INFO - Request for orchestrate_order started, order_id=6e5204ca-3b09-4f8b-b9ae-9b4d8307cfc1, trace_id=0a36067a-24d0-45c8-98e2-aea224230616
2026-08-17 17:33:38,273 - INFO - Inventory Reservation Service Called, req: {'order_id': '6e5204ca-3b09-4f8b-b9ae-9b4d8307cfc1', 'items': [{'sku': '4cc0770f-91bc-4c0d-a26f-7b872f02ca94', 'qty': 2}], 'atomic_update': True, 'delay': 0.0, 'drop': 0}, response_status: 200, response: {'order_id': '6e5204ca-3b09-4f8b-b9ae-9b4d8307cfc1', 'status': 'OUT_OF_STOCK', 'reason': 'Out of stock: 4cc0770f-91bc-4c0d-a26f-7b872f02ca94', 'total_input_tokens': 0, 'total_output_tokens': 0, 'total_llm_calls': 0} trace_id=0a36067a-24d0-45c8-98e2-aea224230616
2026-08-17 17:33:38,275 - INFO - Request for orchestrate_order completed, final_status:OUT_OF_STOCK,  trace_id=0a36067a-24d0-45c8-98e2-aea224230616
2026-08-17 17:33:38,287 - INFO - Request for checkout_cart, cart_id=283e3df7-41a4-490c-9a7c-c7d6666c7f6a, user_id=order_user_3, trace_id=7f060327-7483-427d-b04e-dfd4a181ca4f
2026-08-17 17:33:38,291 - INFO - Cart Service Called, request_cart_id: 283e3df7-41a4-490c-9a7c-c7d6666c7f6a, response_status: 200, trace_id=7f060327-7483-427d-b04e-dfd4a181ca4f
2026-08-17 17:33:38,295 - INFO - HTTP Request: POST http://127.0.0.1:8002/price "HTTP/1.1 200 OK"
2026-08-17 17:33:38,296 - INFO - Pricing Service Called, req: {'items': [{'product_id': '4cc0770f-91bc-4c0d-a26f-7b872f02ca94', 'qty': 2}], 'promo_codes': [], 'only_final_price': True}, response_status: 200, trace_id=7f060327-7483-427d-b04e-dfd4a181ca4f
2026-08-17 17:33:38,300 - INFO - Subscription Service Called, user_id: order_user_3, response_status: 200, trace_id=7f060327-7483-427d-b04e-dfd4a181ca4f
2026-08-17 17:33:38,301 - INFO - Applied subscription discount for user order_user_3, promo_code: SUMMER20, discount: 20.0%, original_price: 500.0, discounted_price: 400.0, trace_id=7f060327-7483-427d-b04e-dfd4a181ca4f
2026-08-17 17:33:38,301 - INFO - Request for orchestrate_order started, order_id=a5331460-1d85-467c-8041-08a8d3a6bb79, trace_id=7f060327-7483-427d-b04e-dfd4a181ca4f
2026-08-17 17:33:38,306 - INFO - Inventory Reservation Service Called, req: {'order_id': 'a5331460-1d85-467c-8041-08a8d3a6bb79', 'items': [{'sku': '4cc0770f-91bc-4c0d-a26f-7b872f02ca94', 'qty': 2}], 'atomic_update': True, 'delay': 0.0, 'drop': 0}, response_status: 200, response: {'order_id': 'a5331460-1d85-467c-8041-08a8d3a6bb79', 'status': 'OUT_OF_STOCK', 'reason': 'Out of stock: 4cc0770f-91bc-4c0d-a26f-7b872f02ca94', 'total_input_tokens': 0, 'total_output_tokens': 0, 'total_llm_calls': 0} trace_id=7f060327-7483-427d-b04e-dfd4a181ca4f
2026-08-17 17:33:38,307 - INFO - Request for orchestrate_order completed, final_status:OUT_OF_STOCK,  trace_id=7f060327-7483-427d-b04e-dfd4a181ca4f
2026-08-17 17:33:38,314 - INFO - Request for checkout_cart, cart_id=2449e461-55f2-4821-9f31-41d01f63613e, user_id=None, trace_id=77e6c1ae-0562-4be8-b320-7ff4ffe67e7e
2026-08-17 17:33:38,320 - INFO - Cart Service Called, request_cart_id: 2449e461-55f2-4821-9f31-41d01f63613e, response_status: 200, trace_id=77e6c1ae-0562-4be8-b320-7ff4ffe67e7e
2026-08-17 17:33:38,324 - INFO - HTTP Request: POST http://127.0.0.1:8002/price "HTTP/1.1 200 OK"
2026-08-17 17:33:38,325 - INFO - Pricing Service Called, req: {'items': [{'product_id': '4cc0770f-91bc-4c0d-a26f-7b872f02ca94', 'qty': 2}], 'promo_codes': [], 'only_final_price': True}, response_status: 200, trace_id=77e6c1ae-0562-4be8-b320-7ff4ffe67e7e
2026-08-17 17:33:38,325 - INFO - Request for orchestrate_order started, order_id=8c8e518a-9b05-43f7-96fa-6083982f3615, trace_id=77e6c1ae-0562-4be8-b320-7ff4ffe67e7e
2026-08-17 17:33:38,331 - INFO - Inventory Reservation Service Called, req: {'order_id': '8c8e518a-9b05-43f7-96fa-6083982f3615', 'items': [{'sku': '4cc0770f-91bc-4c0d-a26f-7b872f02ca94', 'qty': 2}], 'atomic_update': True, 'delay': 0.0, 'drop': 0}, response_status: 200, response: {'order_id': '8c8e518a-9b05-43f7-96fa-6083982f3615', 'status': 'OUT_OF_STOCK', 'reason': 'Out of stock: 4cc0770f-91bc-4c0d-a26f-7b872f02ca94', 'total_input_tokens': 0, 'total_output_tokens': 0, 'total_llm_calls': 0} trace_id=77e6c1ae-0562-4be8-b320-7ff4ffe67e7e
2026-08-17 17:33:38,333 - INFO - Request for orchestrate_order completed, final_status:OUT_OF_STOCK,  trace_id=77e6c1ae-0562-4be8-b320-7ff4ffe67e7e
2026-08-17 17:33:38,347 - INFO - Request for checkout_cart, cart_id=298834fa-cc35-4df6-b74b-f32472f30d60, user_id=order_user_4, trace_id=e2b2159a-2f77-4b7d-b6e5-c8ca55b0fc00
2026-08-17 17:33:38,353 - INFO - Cart Service Called, request_cart_id: 298834fa-cc35-4df6-b74b-f32472f30d60, response_status: 200, trace_id=e2b2159a-2f77-4b7d-b6e5-c8ca55b0fc00
2026-08-17 17:33:38,357 - INFO - HTTP Request: POST http://127.0.0.1:8002/price "HTTP/1.1 200 OK"
2026-08-17 17:33:38,357 - INFO - Pricing Service Called, req: {'items': [{'product_id': '4cc0770f-91bc-4c0d-a26f-7b872f02ca94', 'qty': 2}], 'promo_codes': [], 'only_final_price': True}, response_status: 200, trace_id=e2b2159a-2f77-4b7d-b6e5-c8ca55b0fc00
2026-08-17 17:33:38,362 - INFO - Subscription Service Called, user_id: order_user_4, response_status: 200, trace_id=e2b2159a-2f77-4b7d-b6e5-c8ca55b0fc00
2026-08-17 17:33:38,362 - INFO - Applied subscription discount for user order_user_4, promo_code: SUMMER20, discount: 20.0%, original_price: 500.0, discounted_price: 400.0, trace_id=e2b2159a-2f77-4b7d-b6e5-c8ca55b0fc00
2026-08-17 17:33:38,362 - INFO - Request for orchestrate_order started, order_id=7e41057d-2f69-48c3-a053-ccf71ed3e83d, trace_id=e2b2159a-2f77-4b7d-b6e5-c8ca55b0fc00
2026-08-17 17:33:38,374 - INFO - Inventory Reservation Service Called, req: {'order_id': '7e41057d-2f69-48c3-a053-ccf71ed3e83d', 'items': [{'sku': '4cc0770f-91bc-4c0d-a26f-7b872f02ca94', 'qty': 2}], 'atomic_update': True, 'delay': 0.0, 'drop': 0}, response_status: 200, response: {'order_id': '7e41057d-2f69-48c3-a053-ccf71ed3e83d', 'status': 'OUT_OF_STOCK', 'reason': 'Out of stock: 4cc0770f-91bc-4c0d-a26f-7b872f02ca94', 'total_input_tokens': 0, 'total_output_tokens': 0, 'total_llm_calls': 0} trace_id=e2b2159a-2f77-4b7d-b6e5-c8ca55b0fc00
2026-08-17 17:33:38,375 - INFO - Request for orchestrate_order completed, final_status:OUT_OF_STOCK,  trace_id=e2b2159a-2f77-4b7d-b6e5-c8ca55b0fc00
2026-08-17 17:33:38,385 - INFO - Request for checkout_cart, cart_id=f28edcc0-df65-4c4e-bdd0-2c2eef720cdd, user_id=None, trace_id=363175cf-3a0d-4cb3-8d68-424e8e61d305
2026-08-17 17:33:38,389 - INFO - Cart Service Called, request_cart_id: f28edcc0-df65-4c4e-bdd0-2c2eef720cdd, response_status: 200, trace_id=363175cf-3a0d-4cb3-8d68-424e8e61d305
2026-08-17 17:33:38,393 - INFO - HTTP Request: POST http://127.0.0.1:8002/price "HTTP/1.1 200 OK"
2026-08-17 17:33:38,393 - INFO - Pricing Service Called, req: {'items': [{'product_id': '4cc0770f-91bc-4c0d-a26f-7b872f02ca94', 'qty': 2}], 'promo_codes': [], 'only_final_price': True}, response_status: 200, trace_id=363175cf-3a0d-4cb3-8d68-424e8e61d305
2026-08-17 17:33:38,394 - INFO - Request for orchestrate_order started, order_id=c5994b6e-c2b7-47e6-8a10-d0eb100d73a4, trace_id=363175cf-3a0d-4cb3-8d68-424e8e61d305
2026-08-17 17:33:38,400 - INFO - Inventory Reservation Service Called, req: {'order_id': 'c5994b6e-c2b7-47e6-8a10-d0eb100d73a4', 'items': [{'sku': '4cc0770f-91bc-4c0d-a26f-7b872f02ca94', 'qty': 2}], 'atomic_update': True, 'delay': 0.0, 'drop': 0}, response_status: 200, response: {'order_id': 'c5994b6e-c2b7-47e6-8a10-d0eb100d73a4', 'status': 'OUT_OF_STOCK', 'reason': 'Out of stock: 4cc0770f-91bc-4c0d-a26f-7b872f02ca94', 'total_input_tokens': 0, 'total_output_tokens': 0, 'total_llm_calls': 0} trace_id=363175cf-3a0d-4cb3-8d68-424e8e61d305
2026-08-17 17:33:38,401 - INFO - Request for orchestrate_order completed, final_status:OUT_OF_STOCK,  trace_id=363175cf-3a0d-4cb3-8d68-424e8e61d305
2026-08-17 17:33:38,412 - INFO - Request for checkout_cart, cart_id=80774b06-bed0-4bf2-84fc-19ac20959ea1, user_id=order_user_5, trace_id=8e0e2a74-5153-41ce-8899-0c42c959fb73
2026-08-17 17:33:38,416 - INFO - Cart Service Called, request_cart_id: 80774b06-bed0-4bf2-84fc-19ac20959ea1, response_status: 200, trace_id=8e0e2a74-5153-41ce-8899-0c42c959fb73
2026-08-17 17:33:38,421 - INFO - HTTP Request: POST http://127.0.0.1:8002/price "HTTP/1.1 200 OK"
2026-08-17 17:33:38,421 - INFO - Pricing Service Called, req: {'items': [{'product_id': '4cc0770f-91bc-4c0d-a26f-7b872f02ca94', 'qty': 2}], 'promo_codes': [], 'only_final_price': True}, response_status: 200, trace_id=8e0e2a74-5153-41ce-8899-0c42c959fb73
2026-08-17 17:33:38,426 - INFO - Subscription Service Called, user_id: order_user_5, response_status: 200, trace_id=8e0e2a74-5153-41ce-8899-0c42c959fb73
2026-08-17 17:33:38,426 - INFO - Applied subscription discount for user order_user_5, promo_code: SUMMER20, discount: 20.0%, original_price: 500.0, discounted_price: 400.0, trace_id=8e0e2a74-5153-41ce-8899-0c42c959fb73
2026-08-17 17:33:38,426 - INFO - Request for orchestrate_order started, order_id=ea41cd7c-2f5b-48a4-ba31-061d276a7c3a, trace_id=8e0e2a74-5153-41ce-8899-0c42c959fb73
2026-08-17 17:33:38,433 - INFO - Inventory Reservation Service Called, req: {'order_id': 'ea41cd7c-2f5b-48a4-ba31-061d276a7c3a', 'items': [{'sku': '4cc0770f-91bc-4c0d-a26f-7b872f02ca94', 'qty': 2}], 'atomic_update': True, 'delay': 0.0, 'drop': 0}, response_status: 200, response: {'order_id': 'ea41cd7c-2f5b-48a4-ba31-061d276a7c3a', 'status': 'OUT_OF_STOCK', 'reason': 'Out of stock: 4cc0770f-91bc-4c0d-a26f-7b872f02ca94', 'total_input_tokens': 0, 'total_output_tokens': 0, 'total_llm_calls': 0} trace_id=8e0e2a74-5153-41ce-8899-0c42c959fb73
2026-08-17 17:33:38,434 - INFO - Request for orchestrate_order completed, final_status:OUT_OF_STOCK,  trace_id=8e0e2a74-5153-41ce-8899-0c42c959fb73
2026-08-17 17:33:38,442 - INFO - Request for checkout_cart, cart_id=f1dfae66-1a4d-4c5d-98b5-d2ab3993265d, user_id=None, trace_id=0b1930e3-f6a0-4088-8560-faf4d603589a
2026-08-17 17:33:38,446 - INFO - Cart Service Called, request_cart_id: f1dfae66-1a4d-4c5d-98b5-d2ab3993265d, response_status: 200, trace_id=0b1930e3-f6a0-4088-8560-faf4d603589a
2026-08-17 17:33:38,450 - INFO - HTTP Request: POST http://127.0.0.1:8002/price "HTTP/1.1 200 OK"
2026-08-17 17:33:38,451 - INFO - Pricing Service Called, req: {'items': [{'product_id': '4cc0770f-91bc-4c0d-a26f-7b872f02ca94', 'qty': 2}], 'promo_codes': [], 'only_final_price': True}, response_status: 200, trace_id=0b1930e3-f6a0-4088-8560-faf4d603589a
2026-08-17 17:33:38,451 - INFO - Request for orchestrate_order started, order_id=84c147c5-22c5-4a50-9c04-52a12ad451b3, trace_id=0b1930e3-f6a0-4088-8560-faf4d603589a
2026-08-17 17:33:38,456 - INFO - Inventory Reservation Service Called, req: {'order_id': '84c147c5-22c5-4a50-9c04-52a12ad451b3', 'items': [{'sku': '4cc0770f-91bc-4c0d-a26f-7b872f02ca94', 'qty': 2}], 'atomic_update': True, 'delay': 0.0, 'drop': 0}, response_status: 200, response: {'order_id': '84c147c5-22c5-4a50-9c04-52a12ad451b3', 'status': 'OUT_OF_STOCK', 'reason': 'Out of stock: 4cc0770f-91bc-4c0d-a26f-7b872f02ca94', 'total_input_tokens': 0, 'total_output_tokens': 0, 'total_llm_calls': 0} trace_id=0b1930e3-f6a0-4088-8560-faf4d603589a
2026-08-17 17:33:38,457 - INFO - Request for orchestrate_order completed, final_status:OUT_OF_STOCK,  trace_id=0b1930e3-f6a0-4088-8560-faf4d603589a
2026-08-17 17:33:38,471 - INFO - Request for checkout_cart, cart_id=9cf6bad7-d0bd-48dd-aca9-e08e7a652c3d, user_id=order_user_6, trace_id=b0a8b9e8-af72-4aa7-9de4-f76eb0eab7d1
2026-08-17 17:33:38,477 - INFO - Cart Service Called, request_cart_id: 9cf6bad7-d0bd-48dd-aca9-e08e7a652c3d, response_status: 200, trace_id=b0a8b9e8-af72-4aa7-9de4-f76eb0eab7d1
2026-08-17 17:33:38,485 - INFO - HTTP Request: POST http://127.0.0.1:8002/price "HTTP/1.1 200 OK"
2026-08-17 17:33:38,485 - INFO - Pricing Service Called, req: {'items': [{'product_id': '4cc0770f-91bc-4c0d-a26f-7b872f02ca94', 'qty': 2}], 'promo_codes': [], 'only_final_price': True}, response_status: 200, trace_id=b0a8b9e8-af72-4aa7-9de4-f76eb0eab7d1
2026-08-17 17:33:38,490 - INFO - Subscription Service Called, user_id: order_user_6, response_status: 200, trace_id=b0a8b9e8-af72-4aa7-9de4-f76eb0eab7d1
2026-08-17 17:33:38,490 - INFO - Applied subscription discount for user order_user_6, promo_code: SUMMER20, discount: 20.0%, original_price: 500.0, discounted_price: 400.0, trace_id=b0a8b9e8-af72-4aa7-9de4-f76eb0eab7d1
2026-08-17 17:33:38,490 - INFO - Request for orchestrate_order started, order_id=b891934f-cb62-4ebd-8c18-235eda6fddff, trace_id=b0a8b9e8-af72-4aa7-9de4-f76eb0eab7d1
2026-08-17 17:33:38,498 - INFO - Inventory Reservation Service Called, req: {'order_id': 'b891934f-cb62-4ebd-8c18-235eda6fddff', 'items': [{'sku': '4cc0770f-91bc-4c0d-a26f-7b872f02ca94', 'qty': 2}], 'atomic_update': True, 'delay': 0.0, 'drop': 0}, response_status: 200, response: {'order_id': 'b891934f-cb62-4ebd-8c18-235eda6fddff', 'status': 'OUT_OF_STOCK', 'reason': 'Out of stock: 4cc0770f-91bc-4c0d-a26f-7b872f02ca94', 'total_input_tokens': 0, 'total_output_tokens': 0, 'total_llm_calls': 0} trace_id=b0a8b9e8-af72-4aa7-9de4-f76eb0eab7d1
2026-08-17 17:33:38,499 - INFO - Request for orchestrate_order completed, final_status:OUT_OF_STOCK,  trace_id=b0a8b9e8-af72-4aa7-9de4-f76eb0eab7d1
2026-08-17 17:33:38,508 - INFO - Request for checkout_cart, cart_id=486b58aa-cf93-40c8-a933-f6fd3ca6b5e8, user_id=None, trace_id=a4daeb14-6f4f-4f33-8f26-09cd47c832c7
2026-08-17 17:33:38,513 - INFO - Cart Service Called, request_cart_id: 486b58aa-cf93-40c8-a933-f6fd3ca6b5e8, response_status: 200, trace_id=a4daeb14-6f4f-4f33-8f26-09cd47c832c7
2026-08-17 17:33:38,517 - INFO - HTTP Request: POST http://127.0.0.1:8002/price "HTTP/1.1 200 OK"
2026-08-17 17:33:38,517 - INFO - Pricing Service Called, req: {'items': [{'product_id': '4cc0770f-91bc-4c0d-a26f-7b872f02ca94', 'qty': 2}], 'promo_codes': [], 'only_final_price': True}, response_status: 200, trace_id=a4daeb14-6f4f-4f33-8f26-09cd47c832c7
2026-08-17 17:33:38,517 - INFO - Request for orchestrate_order started, order_id=79c3d7f0-1d0b-409e-a774-582f4be8418d, trace_id=a4daeb14-6f4f-4f33-8f26-09cd47c832c7
2026-08-17 17:33:38,522 - INFO - Inventory Reservation Service Called, req: {'order_id': '79c3d7f0-1d0b-409e-a774-582f4be8418d', 'items': [{'sku': '4cc0770f-91bc-4c0d-a26f-7b872f02ca94', 'qty': 2}], 'atomic_update': True, 'delay': 0.0, 'drop': 0}, response_status: 200, response: {'order_id': '79c3d7f0-1d0b-409e-a774-582f4be8418d', 'status': 'OUT_OF_STOCK', 'reason': 'Out of stock: 4cc0770f-91bc-4c0d-a26f-7b872f02ca94', 'total_input_tokens': 0, 'total_output_tokens': 0, 'total_llm_calls': 0} trace_id=a4daeb14-6f4f-4f33-8f26-09cd47c832c7
2026-08-17 17:33:38,523 - INFO - Request for orchestrate_order completed, final_status:OUT_OF_STOCK,  trace_id=a4daeb14-6f4f-4f33-8f26-09cd47c832c7
2026-08-17 17:33:38,536 - INFO - Request for checkout_cart, cart_id=c113081a-d487-45b5-bf77-a0aca72b6c09, user_id=order_user_7, trace_id=ec049fd4-8dd9-469e-bbcb-51103e41958c
2026-08-17 17:33:38,540 - INFO - Cart Service Called, request_cart_id: c113081a-d487-45b5-bf77-a0aca72b6c09, response_status: 200, trace_id=ec049fd4-8dd9-469e-bbcb-51103e41958c
2026-08-17 17:33:38,544 - INFO - HTTP Request: POST http://127.0.0.1:8002/price "HTTP/1.1 200 OK"
2026-08-17 17:33:38,545 - INFO - Pricing Service Called, req: {'items': [{'product_id': '4cc0770f-91bc-4c0d-a26f-7b872f02ca94', 'qty': 2}], 'promo_codes': [], 'only_final_price': True}, response_status: 200, trace_id=ec049fd4-8dd9-469e-bbcb-51103e41958c
2026-08-17 17:33:38,549 - INFO - Subscription Service Called, user_id: order_user_7, response_status: 200, trace_id=ec049fd4-8dd9-469e-bbcb-51103e41958c
2026-08-17 17:33:38,549 - INFO - Applied subscription discount for user order_user_7, promo_code: SUMMER20, discount: 20.0%, original_price: 500.0, discounted_price: 400.0, trace_id=ec049fd4-8dd9-469e-bbcb-51103e41958c
2026-08-17 17:33:38,549 - INFO - Request for orchestrate_order started, order_id=3ee4082f-3101-4d31-94bd-2ed18e74170b, trace_id=ec049fd4-8dd9-469e-bbcb-51103e41958c
2026-08-17 17:33:38,554 - INFO - Inventory Reservation Service Called, req: {'order_id': '3ee4082f-3101-4d31-94bd-2ed18e74170b', 'items': [{'sku': '4cc0770f-91bc-4c0d-a26f-7b872f02ca94', 'qty': 2}], 'atomic_update': True, 'delay': 0.0, 'drop': 0}, response_status: 200, response: {'order_id': '3ee4082f-3101-4d31-94bd-2ed18e74170b', 'status': 'OUT_OF_STOCK', 'reason': 'Out of stock: 4cc0770f-91bc-4c0d-a26f-7b872f02ca94', 'total_input_tokens': 0, 'total_output_tokens': 0, 'total_llm_calls': 0} trace_id=ec049fd4-8dd9-469e-bbcb-51103e41958c
2026-08-17 17:33:38,555 - INFO - Request for orchestrate_order completed, final_status:OUT_OF_STOCK,  trace_id=ec049fd4-8dd9-469e-bbcb-51103e41958c
2026-08-17 17:33:38,563 - INFO - Request for checkout_cart, cart_id=874ad6dc-a12a-42cd-99fa-08bcdb613565, user_id=None, trace_id=7b521d13-eaa3-44e3-859f-5e566cfd5f7b
2026-08-17 17:33:38,567 - INFO - Cart Service Called, request_cart_id: 874ad6dc-a12a-42cd-99fa-08bcdb613565, response_status: 200, trace_id=7b521d13-eaa3-44e3-859f-5e566cfd5f7b
2026-08-17 17:33:38,571 - INFO - HTTP Request: POST http://127.0.0.1:8002/price "HTTP/1.1 200 OK"
2026-08-17 17:33:38,572 - INFO - Pricing Service Called, req: {'items': [{'product_id': '4cc0770f-91bc-4c0d-a26f-7b872f02ca94', 'qty': 2}], 'promo_codes': [], 'only_final_price': True}, response_status: 200, trace_id=7b521d13-eaa3-44e3-859f-5e566cfd5f7b
2026-08-17 17:33:38,572 - INFO - Request for orchestrate_order started, order_id=0211e0c2-020b-4bc5-9746-594578044ccb, trace_id=7b521d13-eaa3-44e3-859f-5e566cfd5f7b
2026-08-17 17:33:38,578 - INFO - Inventory Reservation Service Called, req: {'order_id': '0211e0c2-020b-4bc5-9746-594578044ccb', 'items': [{'sku': '4cc0770f-91bc-4c0d-a26f-7b872f02ca94', 'qty': 2}], 'atomic_update': True, 'delay': 0.0, 'drop': 0}, response_status: 200, response: {'order_id': '0211e0c2-020b-4bc5-9746-594578044ccb', 'status': 'OUT_OF_STOCK', 'reason': 'Out of stock: 4cc0770f-91bc-4c0d-a26f-7b872f02ca94', 'total_input_tokens': 0, 'total_output_tokens': 0, 'total_llm_calls': 0} trace_id=7b521d13-eaa3-44e3-859f-5e566cfd5f7b
2026-08-17 17:33:38,579 - INFO - Request for orchestrate_order completed, final_status:OUT_OF_STOCK,  trace_id=7b521d13-eaa3-44e3-859f-5e566cfd5f7b
2026-08-17 17:33:38,591 - INFO - Request for checkout_cart, cart_id=cf506739-8c96-4d81-aa57-c2c5179145df, user_id=order_user_8, trace_id=755ea65a-fa74-4453-88ff-d4b31bb72ec3
2026-08-17 17:33:38,595 - INFO - Cart Service Called, request_cart_id: cf506739-8c96-4d81-aa57-c2c5179145df, response_status: 200, trace_id=755ea65a-fa74-4453-88ff-d4b31bb72ec3
2026-08-17 17:33:38,600 - INFO - HTTP Request: POST http://127.0.0.1:8002/price "HTTP/1.1 200 OK"
2026-08-17 17:33:38,600 - INFO - Pricing Service Called, req: {'items': [{'product_id': '4cc0770f-91bc-4c0d-a26f-7b872f02ca94', 'qty': 2}], 'promo_codes': [], 'only_final_price': True}, response_status: 200, trace_id=755ea65a-fa74-4453-88ff-d4b31bb72ec3
2026-08-17 17:33:38,604 - INFO - Subscription Service Called, user_id: order_user_8, response_status: 200, trace_id=755ea65a-fa74-4453-88ff-d4b31bb72ec3
2026-08-17 17:33:38,604 - INFO - Applied subscription discount for user order_user_8, promo_code: SUMMER20, discount: 20.0%, original_price: 500.0, discounted_price: 400.0, trace_id=755ea65a-fa74-4453-88ff-d4b31bb72ec3
2026-08-17 17:33:38,604 - INFO - Request for orchestrate_order started, order_id=202fd840-92ee-40fc-a286-6bb2b81aedee, trace_id=755ea65a-fa74-4453-88ff-d4b31bb72ec3
2026-08-17 17:33:38,609 - INFO - Inventory Reservation Service Called, req: {'order_id': '202fd840-92ee-40fc-a286-6bb2b81aedee', 'items': [{'sku': '4cc0770f-91bc-4c0d-a26f-7b872f02ca94', 'qty': 2}], 'atomic_update': True, 'delay': 0.0, 'drop': 0}, response_status: 200, response: {'order_id': '202fd840-92ee-40fc-a286-6bb2b81aedee', 'status': 'OUT_OF_STOCK', 'reason': 'Out of stock: 4cc0770f-91bc-4c0d-a26f-7b872f02ca94', 'total_input_tokens': 0, 'total_output_tokens': 0, 'total_llm_calls': 0} trace_id=755ea65a-fa74-4453-88ff-d4b31bb72ec3
2026-08-17 17:33:38,610 - INFO - Request for orchestrate_order completed, final_status:OUT_OF_STOCK,  trace_id=755ea65a-fa74-4453-88ff-d4b31bb72ec3
2026-08-17 17:33:38,618 - INFO - Request for checkout_cart, cart_id=452427e7-4385-447a-8132-9cd3af5ee5e8, user_id=None, trace_id=784ed596-25ac-44d4-8779-0747bfd9f275
2026-08-17 17:33:38,622 - INFO - Cart Service Called, request_cart_id: 452427e7-4385-447a-8132-9cd3af5ee5e8, response_status: 200, trace_id=784ed596-25ac-44d4-8779-0747bfd9f275
2026-08-17 17:33:38,625 - INFO - HTTP Request: POST http://127.0.0.1:8002/price "HTTP/1.1 200 OK"
2026-08-17 17:33:38,626 - INFO - Pricing Service Called, req: {'items': [{'product_id': '4cc0770f-91bc-4c0d-a26f-7b872f02ca94', 'qty': 2}], 'promo_codes': [], 'only_final_price': True}, response_status: 200, trace_id=784ed596-25ac-44d4-8779-0747bfd9f275
2026-08-17 17:33:38,626 - INFO - Request for orchestrate_order started, order_id=2b506d7e-ed76-4cc7-8e4d-86e653cadc60, trace_id=784ed596-25ac-44d4-8779-0747bfd9f275
2026-08-17 17:33:38,631 - INFO - Inventory Reservation Service Called, req: {'order_id': '2b506d7e-ed76-4cc7-8e4d-86e653cadc60', 'items': [{'sku': '4cc0770f-91bc-4c0d-a26f-7b872f02ca94', 'qty': 2}], 'atomic_update': True, 'delay': 0.0, 'drop': 0}, response_status: 200, response: {'order_id': '2b506d7e-ed76-4cc7-8e4d-86e653cadc60', 'status': 'OUT_OF_STOCK', 'reason': 'Out of stock: 4cc0770f-91bc-4c0d-a26f-7b872f02ca94', 'total_input_tokens': 0, 'total_output_tokens': 0, 'total_llm_calls': 0} trace_id=784ed596-25ac-44d4-8779-0747bfd9f275
2026-08-17 17:33:38,632 - INFO - Request for orchestrate_order completed, final_status:OUT_OF_STOCK,  trace_id=784ed596-25ac-44d4-8779-0747bfd9f275
2026-08-17 17:33:38,643 - INFO - Request for checkout_cart, cart_id=b868c5fb-6e4e-40ab-a233-9763a70e48ba, user_id=order_user_9, trace_id=c954ff34-e2fa-462c-980e-be7afea83d82
2026-08-17 17:33:38,647 - INFO - Cart Service Called, request_cart_id: b868c5fb-6e4e-40ab-a233-9763a70e48ba, response_status: 200, trace_id=c954ff34-e2fa-462c-980e-be7afea83d82
2026-08-17 17:33:38,651 - INFO - HTTP Request: POST http://127.0.0.1:8002/price "HTTP/1.1 200 OK"
2026-08-17 17:33:38,652 - INFO - Pricing Service Called, req: {'items': [{'product_id': '4cc0770f-91bc-4c0d-a26f-7b872f02ca94', 'qty': 2}], 'promo_codes': [], 'only_final_price': True}, response_status: 200, trace_id=c954ff34-e2fa-462c-980e-be7afea83d82
2026-08-17 17:33:38,655 - INFO - Subscription Service Called, user_id: order_user_9, response_status: 200, trace_id=c954ff34-e2fa-462c-980e-be7afea83d82
2026-08-17 17:33:38,656 - INFO - Applied subscription discount for user order_user_9, promo_code: SUMMER20, discount: 20.0%, original_price: 500.0, discounted_price: 400.0, trace_id=c954ff34-e2fa-462c-980e-be7afea83d82
2026-08-17 17:33:38,656 - INFO - Request for orchestrate_order started, order_id=8b017a84-c40f-4f17-ad87-4cffa7f3fedd, trace_id=c954ff34-e2fa-462c-980e-be7afea83d82
2026-08-17 17:33:38,661 - INFO - Inventory Reservation Service Called, req: {'order_id': '8b017a84-c40f-4f17-ad87-4cffa7f3fedd', 'items': [{'sku': '4cc0770f-91bc-4c0d-a26f-7b872f02ca94', 'qty': 2}], 'atomic_update': True, 'delay': 0.0, 'drop': 0}, response_status: 200, response: {'order_id': '8b017a84-c40f-4f17-ad87-4cffa7f3fedd', 'status': 'OUT_OF_STOCK', 'reason': 'Out of stock: 4cc0770f-91bc-4c0d-a26f-7b872f02ca94', 'total_input_tokens': 0, 'total_output_tokens': 0, 'total_llm_calls': 0} trace_id=c954ff34-e2fa-462c-980e-be7afea83d82
2026-08-17 17:33:38,662 - INFO - Request for orchestrate_order completed, final_status:OUT_OF_STOCK,  trace_id=c954ff34-e2fa-462c-980e-be7afea83d82
2026-08-17 17:33:38,670 - INFO - Request for checkout_cart, cart_id=440e9f93-12cb-4315-bbdc-56b27dbce1a7, user_id=None, trace_id=67f31548-68d0-4e8c-acb6-c840eac34b06
2026-08-17 17:33:38,674 - INFO - Cart Service Called, request_cart_id: 440e9f93-12cb-4315-bbdc-56b27dbce1a7, response_status: 200, trace_id=67f31548-68d0-4e8c-acb6-c840eac34b06
2026-08-17 17:33:38,680 - INFO - HTTP Request: POST http://127.0.0.1:8002/price "HTTP/1.1 200 OK"
2026-08-17 17:33:38,681 - INFO - Pricing Service Called, req: {'items': [{'product_id': '4cc0770f-91bc-4c0d-a26f-7b872f02ca94', 'qty': 2}], 'promo_codes': [], 'only_final_price': True}, response_status: 200, trace_id=67f31548-68d0-4e8c-acb6-c840eac34b06
2026-08-17 17:33:38,681 - INFO - Request for orchestrate_order started, order_id=aea3c26e-9446-4c83-9234-0a0f0ce1825c, trace_id=67f31548-68d0-4e8c-acb6-c840eac34b06
2026-08-17 17:33:38,687 - INFO - Inventory Reservation Service Called, req: {'order_id': 'aea3c26e-9446-4c83-9234-0a0f0ce1825c', 'items': [{'sku': '4cc0770f-91bc-4c0d-a26f-7b872f02ca94', 'qty': 2}], 'atomic_update': True, 'delay': 0.0, 'drop': 0}, response_status: 200, response: {'order_id': 'aea3c26e-9446-4c83-9234-0a0f0ce1825c', 'status': 'OUT_OF_STOCK', 'reason': 'Out of stock: 4cc0770f-91bc-4c0d-a26f-7b872f02ca94', 'total_input_tokens': 0, 'total_output_tokens': 0, 'total_llm_calls': 0} trace_id=67f31548-68d0-4e8c-acb6-c840eac34b06
2026-08-17 17:33:38,688 - INFO - Request for orchestrate_order completed, final_status:OUT_OF_STOCK,  trace_id=67f31548-68d0-4e8c-acb6-c840eac34b06
2026-08-17 17:33:38,699 - INFO - Request for checkout_cart, cart_id=df2912ce-0522-4644-8681-2b9512845875, user_id=order_user_10, trace_id=c6a59b6a-9dd6-4f94-a4a6-37719ee82e15
2026-08-17 17:33:38,703 - INFO - Cart Service Called, request_cart_id: df2912ce-0522-4644-8681-2b9512845875, response_status: 200, trace_id=c6a59b6a-9dd6-4f94-a4a6-37719ee82e15
2026-08-17 17:33:38,707 - INFO - HTTP Request: POST http://127.0.0.1:8002/price "HTTP/1.1 200 OK"
2026-08-17 17:33:38,707 - INFO - Pricing Service Called, req: {'items': [{'product_id': '4cc0770f-91bc-4c0d-a26f-7b872f02ca94', 'qty': 2}], 'promo_codes': [], 'only_final_price': True}, response_status: 200, trace_id=c6a59b6a-9dd6-4f94-a4a6-37719ee82e15
2026-08-17 17:33:38,714 - INFO - Subscription Service Called, user_id: order_user_10, response_status: 200, trace_id=c6a59b6a-9dd6-4f94-a4a6-37719ee82e15
2026-08-17 17:33:38,714 - INFO - Applied subscription discount for user order_user_10, promo_code: SUMMER20, discount: 20.0%, original_price: 500.0, discounted_price: 400.0, trace_id=c6a59b6a-9dd6-4f94-a4a6-37719ee82e15
2026-08-17 17:33:38,714 - INFO - Request for orchestrate_order started, order_id=31d37f31-5259-4ab7-b98d-2c86a3784838, trace_id=c6a59b6a-9dd6-4f94-a4a6-37719ee82e15
2026-08-17 17:33:38,721 - INFO - Inventory Reservation Service Called, req: {'order_id': '31d37f31-5259-4ab7-b98d-2c86a3784838', 'items': [{'sku': '4cc0770f-91bc-4c0d-a26f-7b872f02ca94', 'qty': 2}], 'atomic_update': True, 'delay': 0.0, 'drop': 0}, response_status: 200, response: {'order_id': '31d37f31-5259-4ab7-b98d-2c86a3784838', 'status': 'OUT_OF_STOCK', 'reason': 'Out of stock: 4cc0770f-91bc-4c0d-a26f-7b872f02ca94', 'total_input_tokens': 0, 'total_output_tokens': 0, 'total_llm_calls': 0} trace_id=c6a59b6a-9dd6-4f94-a4a6-37719ee82e15
2026-08-17 17:33:38,722 - INFO - Request for orchestrate_order completed, final_status:OUT_OF_STOCK,  trace_id=c6a59b6a-9dd6-4f94-a4a6-37719ee82e15
2026-08-17 17:33:38,729 - INFO - Request for checkout_cart, cart_id=df68185e-e97b-41f7-9db4-e31c178315cd, user_id=None, trace_id=3515d470-967a-4275-b92c-2047fdfb9f45
2026-08-17 17:33:38,734 - INFO - Cart Service Called, request_cart_id: df68185e-e97b-41f7-9db4-e31c178315cd, response_status: 200, trace_id=3515d470-967a-4275-b92c-2047fdfb9f45
2026-08-17 17:33:38,738 - INFO - HTTP Request: POST http://127.0.0.1:8002/price "HTTP/1.1 200 OK"
2026-08-17 17:33:38,738 - INFO - Pricing Service Called, req: {'items': [{'product_id': '4cc0770f-91bc-4c0d-a26f-7b872f02ca94', 'qty': 2}], 'promo_codes': [], 'only_final_price': True}, response_status: 200, trace_id=3515d470-967a-4275-b92c-2047fdfb9f45
2026-08-17 17:33:38,738 - INFO - Request for orchestrate_order started, order_id=81090090-c9b5-4e3c-8635-d5be9b9f3fdf, trace_id=3515d470-967a-4275-b92c-2047fdfb9f45
2026-08-17 17:33:38,743 - INFO - Inventory Reservation Service Called, req: {'order_id': '81090090-c9b5-4e3c-8635-d5be9b9f3fdf', 'items': [{'sku': '4cc0770f-91bc-4c0d-a26f-7b872f02ca94', 'qty': 2}], 'atomic_update': True, 'delay': 0.0, 'drop': 0}, response_status: 200, response: {'order_id': '81090090-c9b5-4e3c-8635-d5be9b9f3fdf', 'status': 'OUT_OF_STOCK', 'reason': 'Out of stock: 4cc0770f-91bc-4c0d-a26f-7b872f02ca94', 'total_input_tokens': 0, 'total_output_tokens': 0, 'total_llm_calls': 0} trace_id=3515d470-967a-4275-b92c-2047fdfb9f45
2026-08-17 17:33:38,744 - INFO - Request for orchestrate_order completed, final_status:OUT_OF_STOCK,  trace_id=3515d470-967a-4275-b92c-2047fdfb9f45
2026-08-17 17:33:38,757 - INFO - Request for checkout_cart, cart_id=41b5ae2a-1c75-491a-be85-3288a74274a7, user_id=order_user_11, trace_id=df8ce3b3-271d-483e-ad30-a442e28161c7
2026-08-17 17:33:38,760 - INFO - Cart Service Called, request_cart_id: 41b5ae2a-1c75-491a-be85-3288a74274a7, response_status: 200, trace_id=df8ce3b3-271d-483e-ad30-a442e28161c7
2026-08-17 17:33:38,764 - INFO - HTTP Request: POST http://127.0.0.1:8002/price "HTTP/1.1 200 OK"
2026-08-17 17:33:38,765 - INFO - Pricing Service Called, req: {'items': [{'product_id': '4cc0770f-91bc-4c0d-a26f-7b872f02ca94', 'qty': 2}], 'promo_codes': [], 'only_final_price': True}, response_status: 200, trace_id=df8ce3b3-271d-483e-ad30-a442e28161c7
2026-08-17 17:33:38,769 - INFO - Subscription Service Called, user_id: order_user_11, response_status: 200, trace_id=df8ce3b3-271d-483e-ad30-a442e28161c7
2026-08-17 17:33:38,769 - INFO - Applied subscription discount for user order_user_11, promo_code: SUMMER20, discount: 20.0%, original_price: 500.0, discounted_price: 400.0, trace_id=df8ce3b3-271d-483e-ad30-a442e28161c7
2026-08-17 17:33:38,769 - INFO - Request for orchestrate_order started, order_id=3cc8b40e-be66-4fb2-b0b5-300d61fa1896, trace_id=df8ce3b3-271d-483e-ad30-a442e28161c7
2026-08-17 17:33:38,774 - INFO - Inventory Reservation Service Called, req: {'order_id': '3cc8b40e-be66-4fb2-b0b5-300d61fa1896', 'items': [{'sku': '4cc0770f-91bc-4c0d-a26f-7b872f02ca94', 'qty': 2}], 'atomic_update': True, 'delay': 0.0, 'drop': 0}, response_status: 200, response: {'order_id': '3cc8b40e-be66-4fb2-b0b5-300d61fa1896', 'status': 'OUT_OF_STOCK', 'reason': 'Out of stock: 4cc0770f-91bc-4c0d-a26f-7b872f02ca94', 'total_input_tokens': 0, 'total_output_tokens': 0, 'total_llm_calls': 0} trace_id=df8ce3b3-271d-483e-ad30-a442e28161c7
2026-08-17 17:33:38,775 - INFO - Request for orchestrate_order completed, final_status:OUT_OF_STOCK,  trace_id=df8ce3b3-271d-483e-ad30-a442e28161c7
2026-08-17 17:33:38,785 - INFO - Request for checkout_cart, cart_id=5f32c504-7691-419e-94c3-a30c210be969, user_id=None, trace_id=9be95251-a89c-4e6b-8d9b-92d2d728ff4f
2026-08-17 17:33:38,789 - INFO - Cart Service Called, request_cart_id: 5f32c504-7691-419e-94c3-a30c210be969, response_status: 200, trace_id=9be95251-a89c-4e6b-8d9b-92d2d728ff4f
2026-08-17 17:33:38,793 - INFO - HTTP Request: POST http://127.0.0.1:8002/price "HTTP/1.1 200 OK"
2026-08-17 17:33:38,793 - INFO - Pricing Service Called, req: {'items': [{'product_id': '4cc0770f-91bc-4c0d-a26f-7b872f02ca94', 'qty': 2}], 'promo_codes': [], 'only_final_price': True}, response_status: 200, trace_id=9be95251-a89c-4e6b-8d9b-92d2d728ff4f
2026-08-17 17:33:38,793 - INFO - Request for orchestrate_order started, order_id=d621dac3-3541-4dd9-aede-38683f7ab6e5, trace_id=9be95251-a89c-4e6b-8d9b-92d2d728ff4f
2026-08-17 17:33:38,798 - INFO - Inventory Reservation Service Called, req: {'order_id': 'd621dac3-3541-4dd9-aede-38683f7ab6e5', 'items': [{'sku': '4cc0770f-91bc-4c0d-a26f-7b872f02ca94', 'qty': 2}], 'atomic_update': True, 'delay': 0.0, 'drop': 0}, response_status: 200, response: {'order_id': 'd621dac3-3541-4dd9-aede-38683f7ab6e5', 'status': 'OUT_OF_STOCK', 'reason': 'Out of stock: 4cc0770f-91bc-4c0d-a26f-7b872f02ca94', 'total_input_tokens': 0, 'total_output_tokens': 0, 'total_llm_calls': 0} trace_id=9be95251-a89c-4e6b-8d9b-92d2d728ff4f
2026-08-17 17:33:38,799 - INFO - Request for orchestrate_order completed, final_status:OUT_OF_STOCK,  trace_id=9be95251-a89c-4e6b-8d9b-92d2d728ff4f
2026-08-17 17:33:38,812 - INFO - Request for checkout_cart, cart_id=0d1a2f8a-0f2c-4c2e-98a7-da7803e73107, user_id=order_user_12, trace_id=ca479c8b-967b-4dff-8d55-74dc67521a6f
2026-08-17 17:33:38,816 - INFO - Cart Service Called, request_cart_id: 0d1a2f8a-0f2c-4c2e-98a7-da7803e73107, response_status: 200, trace_id=ca479c8b-967b-4dff-8d55-74dc67521a6f
2026-08-17 17:33:38,820 - INFO - HTTP Request: POST http://127.0.0.1:8002/price "HTTP/1.1 200 OK"
2026-08-17 17:33:38,821 - INFO - Pricing Service Called, req: {'items': [{'product_id': '4cc0770f-91bc-4c0d-a26f-7b872f02ca94', 'qty': 2}], 'promo_codes': [], 'only_final_price': True}, response_status: 200, trace_id=ca479c8b-967b-4dff-8d55-74dc67521a6f
2026-08-17 17:33:38,824 - INFO - Subscription Service Called, user_id: order_user_12, response_status: 200, trace_id=ca479c8b-967b-4dff-8d55-74dc67521a6f
2026-08-17 17:33:38,825 - INFO - Applied subscription discount for user order_user_12, promo_code: SUMMER20, discount: 20.0%, original_price: 500.0, discounted_price: 400.0, trace_id=ca479c8b-967b-4dff-8d55-74dc67521a6f
2026-08-17 17:33:38,825 - INFO - Request for orchestrate_order started, order_id=f515b447-da2f-4940-9195-f4acb531eb1c, trace_id=ca479c8b-967b-4dff-8d55-74dc67521a6f
2026-08-17 17:33:38,830 - INFO - Inventory Reservation Service Called, req: {'order_id': 'f515b447-da2f-4940-9195-f4acb531eb1c', 'items': [{'sku': '4cc0770f-91bc-4c0d-a26f-7b872f02ca94', 'qty': 2}], 'atomic_update': True, 'delay': 0.0, 'drop': 0}, response_status: 200, response: {'order_id': 'f515b447-da2f-4940-9195-f4acb531eb1c', 'status': 'OUT_OF_STOCK', 'reason': 'Out of stock: 4cc0770f-91bc-4c0d-a26f-7b872f02ca94', 'total_input_tokens': 0, 'total_output_tokens': 0, 'total_llm_calls': 0} trace_id=ca479c8b-967b-4dff-8d55-74dc67521a6f
2026-08-17 17:33:38,831 - INFO - Request for orchestrate_order completed, final_status:OUT_OF_STOCK,  trace_id=ca479c8b-967b-4dff-8d55-74dc67521a6f
2026-08-17 17:33:38,839 - INFO - Request for checkout_cart, cart_id=f52684c4-210d-4cd3-8bd6-6c07b353d032, user_id=None, trace_id=d47989fa-d758-4c0f-b651-e8040406fd28
2026-08-17 17:33:38,842 - INFO - Cart Service Called, request_cart_id: f52684c4-210d-4cd3-8bd6-6c07b353d032, response_status: 200, trace_id=d47989fa-d758-4c0f-b651-e8040406fd28
2026-08-17 17:33:38,846 - INFO - HTTP Request: POST http://127.0.0.1:8002/price "HTTP/1.1 200 OK"
2026-08-17 17:33:38,847 - INFO - Pricing Service Called, req: {'items': [{'product_id': '4cc0770f-91bc-4c0d-a26f-7b872f02ca94', 'qty': 2}], 'promo_codes': [], 'only_final_price': True}, response_status: 200, trace_id=d47989fa-d758-4c0f-b651-e8040406fd28
2026-08-17 17:33:38,847 - INFO - Request for orchestrate_order started, order_id=0a42a204-ebdd-4823-aa35-fb88569e087a, trace_id=d47989fa-d758-4c0f-b651-e8040406fd28
2026-08-17 17:33:38,853 - INFO - Inventory Reservation Service Called, req: {'order_id': '0a42a204-ebdd-4823-aa35-fb88569e087a', 'items': [{'sku': '4cc0770f-91bc-4c0d-a26f-7b872f02ca94', 'qty': 2}], 'atomic_update': True, 'delay': 0.0, 'drop': 0}, response_status: 200, response: {'order_id': '0a42a204-ebdd-4823-aa35-fb88569e087a', 'status': 'OUT_OF_STOCK', 'reason': 'Out of stock: 4cc0770f-91bc-4c0d-a26f-7b872f02ca94', 'total_input_tokens': 0, 'total_output_tokens': 0, 'total_llm_calls': 0} trace_id=d47989fa-d758-4c0f-b651-e8040406fd28
2026-08-17 17:33:38,854 - INFO - Request for orchestrate_order completed, final_status:OUT_OF_STOCK,  trace_id=d47989fa-d758-4c0f-b651-e8040406fd28
2026-08-17 17:33:38,866 - INFO - Request for checkout_cart, cart_id=a76f45b4-9dc4-4c60-8aab-4ef1c359c4c3, user_id=order_user_13, trace_id=82b6f5aa-2879-44df-921f-a004efd69a1f
2026-08-17 17:33:38,870 - INFO - Cart Service Called, request_cart_id: a76f45b4-9dc4-4c60-8aab-4ef1c359c4c3, response_status: 200, trace_id=82b6f5aa-2879-44df-921f-a004efd69a1f
2026-08-17 17:33:38,873 - INFO - HTTP Request: POST http://127.0.0.1:8002/price "HTTP/1.1 200 OK"
2026-08-17 17:33:38,874 - INFO - Pricing Service Called, req: {'items': [{'product_id': '4cc0770f-91bc-4c0d-a26f-7b872f02ca94', 'qty': 2}], 'promo_codes': [], 'only_final_price': True}, response_status: 200, trace_id=82b6f5aa-2879-44df-921f-a004efd69a1f
2026-08-17 17:33:38,877 - INFO - Subscription Service Called, user_id: order_user_13, response_status: 200, trace_id=82b6f5aa-2879-44df-921f-a004efd69a1f
2026-08-17 17:33:38,878 - INFO - Applied subscription discount for user order_user_13, promo_code: SUMMER20, discount: 20.0%, original_price: 500.0, discounted_price: 400.0, trace_id=82b6f5aa-2879-44df-921f-a004efd69a1f
2026-08-17 17:33:38,878 - INFO - Request for orchestrate_order started, order_id=667807cc-c7e9-4190-aa80-af1e4b04ef8d, trace_id=82b6f5aa-2879-44df-921f-a004efd69a1f
2026-08-17 17:33:38,884 - INFO - Inventory Reservation Service Called, req: {'order_id': '667807cc-c7e9-4190-aa80-af1e4b04ef8d', 'items': [{'sku': '4cc0770f-91bc-4c0d-a26f-7b872f02ca94', 'qty': 2}], 'atomic_update': True, 'delay': 0.0, 'drop': 0}, response_status: 200, response: {'order_id': '667807cc-c7e9-4190-aa80-af1e4b04ef8d', 'status': 'OUT_OF_STOCK', 'reason': 'Out of stock: 4cc0770f-91bc-4c0d-a26f-7b872f02ca94', 'total_input_tokens': 0, 'total_output_tokens': 0, 'total_llm_calls': 0} trace_id=82b6f5aa-2879-44df-921f-a004efd69a1f
2026-08-17 17:33:38,885 - INFO - Request for orchestrate_order completed, final_status:OUT_OF_STOCK,  trace_id=82b6f5aa-2879-44df-921f-a004efd69a1f
2026-08-17 17:33:38,893 - INFO - Request for checkout_cart, cart_id=441ddd24-791a-44c4-b84f-1eac4abd0b99, user_id=None, trace_id=1d65c4c6-9789-43bd-80a1-d3d60a847184
2026-08-17 17:33:38,897 - INFO - Cart Service Called, request_cart_id: 441ddd24-791a-44c4-b84f-1eac4abd0b99, response_status: 200, trace_id=1d65c4c6-9789-43bd-80a1-d3d60a847184
2026-08-17 17:33:38,901 - INFO - HTTP Request: POST http://127.0.0.1:8002/price "HTTP/1.1 200 OK"
2026-08-17 17:33:38,902 - INFO - Pricing Service Called, req: {'items': [{'product_id': '4cc0770f-91bc-4c0d-a26f-7b872f02ca94', 'qty': 2}], 'promo_codes': [], 'only_final_price': True}, response_status: 200, trace_id=1d65c4c6-9789-43bd-80a1-d3d60a847184
2026-08-17 17:33:38,902 - INFO - Request for orchestrate_order started, order_id=4f9d27b2-c0d2-411d-991f-984fedd8c321, trace_id=1d65c4c6-9789-43bd-80a1-d3d60a847184
2026-08-17 17:33:38,907 - INFO - Inventory Reservation Service Called, req: {'order_id': '4f9d27b2-c0d2-411d-991f-984fedd8c321', 'items': [{'sku': '4cc0770f-91bc-4c0d-a26f-7b872f02ca94', 'qty': 2}], 'atomic_update': True, 'delay': 0.0, 'drop': 0}, response_status: 200, response: {'order_id': '4f9d27b2-c0d2-411d-991f-984fedd8c321', 'status': 'OUT_OF_STOCK', 'reason': 'Out of stock: 4cc0770f-91bc-4c0d-a26f-7b872f02ca94', 'total_input_tokens': 0, 'total_output_tokens': 0, 'total_llm_calls': 0} trace_id=1d65c4c6-9789-43bd-80a1-d3d60a847184
2026-08-17 17:33:38,908 - INFO - Request for orchestrate_order completed, final_status:OUT_OF_STOCK,  trace_id=1d65c4c6-9789-43bd-80a1-d3d60a847184
2026-08-17 17:33:38,921 - INFO - Request for checkout_cart, cart_id=cd0069bb-abbc-4103-89c4-195650809f02, user_id=order_user_14, trace_id=d0c752a2-8139-471a-84ee-c73d7051b22d
2026-08-17 17:33:38,925 - INFO - Cart Service Called, request_cart_id: cd0069bb-abbc-4103-89c4-195650809f02, response_status: 200, trace_id=d0c752a2-8139-471a-84ee-c73d7051b22d
2026-08-17 17:33:38,929 - INFO - HTTP Request: POST http://127.0.0.1:8002/price "HTTP/1.1 200 OK"
2026-08-17 17:33:38,929 - INFO - Pricing Service Called, req: {'items': [{'product_id': '4cc0770f-91bc-4c0d-a26f-7b872f02ca94', 'qty': 2}], 'promo_codes': [], 'only_final_price': True}, response_status: 200, trace_id=d0c752a2-8139-471a-84ee-c73d7051b22d
2026-08-17 17:33:38,933 - INFO - Subscription Service Called, user_id: order_user_14, response_status: 200, trace_id=d0c752a2-8139-471a-84ee-c73d7051b22d
2026-08-17 17:33:38,934 - INFO - Applied subscription discount for user order_user_14, promo_code: SUMMER20, discount: 20.0%, original_price: 500.0, discounted_price: 400.0, trace_id=d0c752a2-8139-471a-84ee-c73d7051b22d
2026-08-17 17:33:38,934 - INFO - Request for orchestrate_order started, order_id=631e9e0a-b841-4547-ba4d-2fa31845f328, trace_id=d0c752a2-8139-471a-84ee-c73d7051b22d
2026-08-17 17:33:38,939 - INFO - Inventory Reservation Service Called, req: {'order_id': '631e9e0a-b841-4547-ba4d-2fa31845f328', 'items': [{'sku': '4cc0770f-91bc-4c0d-a26f-7b872f02ca94', 'qty': 2}], 'atomic_update': True, 'delay': 0.0, 'drop': 0}, response_status: 200, response: {'order_id': '631e9e0a-b841-4547-ba4d-2fa31845f328', 'status': 'OUT_OF_STOCK', 'reason': 'Out of stock: 4cc0770f-91bc-4c0d-a26f-7b872f02ca94', 'total_input_tokens': 0, 'total_output_tokens': 0, 'total_llm_calls': 0} trace_id=d0c752a2-8139-471a-84ee-c73d7051b22d
2026-08-17 17:33:38,940 - INFO - Request for orchestrate_order completed, final_status:OUT_OF_STOCK,  trace_id=d0c752a2-8139-471a-84ee-c73d7051b22d
2026-08-17 17:33:38,948 - INFO - Request for checkout_cart, cart_id=f9aa8e9a-f4c4-4bc6-aadb-388d29d48784, user_id=None, trace_id=f6caa7b5-cdb0-40f4-8cc7-79b1d57ff85c
2026-08-17 17:33:38,952 - INFO - Cart Service Called, request_cart_id: f9aa8e9a-f4c4-4bc6-aadb-388d29d48784, response_status: 200, trace_id=f6caa7b5-cdb0-40f4-8cc7-79b1d57ff85c
2026-08-17 17:33:38,956 - INFO - HTTP Request: POST http://127.0.0.1:8002/price "HTTP/1.1 200 OK"
2026-08-17 17:33:38,957 - INFO - Pricing Service Called, req: {'items': [{'product_id': '4cc0770f-91bc-4c0d-a26f-7b872f02ca94', 'qty': 2}], 'promo_codes': [], 'only_final_price': True}, response_status: 200, trace_id=f6caa7b5-cdb0-40f4-8cc7-79b1d57ff85c
2026-08-17 17:33:38,957 - INFO - Request for orchestrate_order started, order_id=eb617a0f-2275-4b12-b007-40f9aeb522cb, trace_id=f6caa7b5-cdb0-40f4-8cc7-79b1d57ff85c
2026-08-17 17:33:38,965 - INFO - Inventory Reservation Service Called, req: {'order_id': 'eb617a0f-2275-4b12-b007-40f9aeb522cb', 'items': [{'sku': '4cc0770f-91bc-4c0d-a26f-7b872f02ca94', 'qty': 2}], 'atomic_update': True, 'delay': 0.0, 'drop': 0}, response_status: 200, response: {'order_id': 'eb617a0f-2275-4b12-b007-40f9aeb522cb', 'status': 'OUT_OF_STOCK', 'reason': 'Out of stock: 4cc0770f-91bc-4c0d-a26f-7b872f02ca94', 'total_input_tokens': 0, 'total_output_tokens': 0, 'total_llm_calls': 0} trace_id=f6caa7b5-cdb0-40f4-8cc7-79b1d57ff85c
2026-08-17 17:33:38,966 - INFO - Request for orchestrate_order completed, final_status:OUT_OF_STOCK,  trace_id=f6caa7b5-cdb0-40f4-8cc7-79b1d57ff85c
2026-08-17 17:33:38,978 - INFO - Request for checkout_cart, cart_id=52515074-51fe-4173-9efe-05d361cf91e3, user_id=order_user_15, trace_id=f6492be7-de25-4069-a351-82b27ea47c06
2026-08-17 17:33:38,983 - INFO - Cart Service Called, request_cart_id: 52515074-51fe-4173-9efe-05d361cf91e3, response_status: 200, trace_id=f6492be7-de25-4069-a351-82b27ea47c06
2026-08-17 17:33:38,987 - INFO - HTTP Request: POST http://127.0.0.1:8002/price "HTTP/1.1 200 OK"
2026-08-17 17:33:38,988 - INFO - Pricing Service Called, req: {'items': [{'product_id': '4cc0770f-91bc-4c0d-a26f-7b872f02ca94', 'qty': 2}], 'promo_codes': [], 'only_final_price': True}, response_status: 200, trace_id=f6492be7-de25-4069-a351-82b27ea47c06
2026-08-17 17:33:38,992 - INFO - Subscription Service Called, user_id: order_user_15, response_status: 200, trace_id=f6492be7-de25-4069-a351-82b27ea47c06
2026-08-17 17:33:38,992 - INFO - Applied subscription discount for user order_user_15, promo_code: SUMMER20, discount: 20.0%, original_price: 500.0, discounted_price: 400.0, trace_id=f6492be7-de25-4069-a351-82b27ea47c06
2026-08-17 17:33:38,992 - INFO - Request for orchestrate_order started, order_id=d382f572-be70-4b85-813c-987c035be0ca, trace_id=f6492be7-de25-4069-a351-82b27ea47c06
2026-08-17 17:33:38,997 - INFO - Inventory Reservation Service Called, req: {'order_id': 'd382f572-be70-4b85-813c-987c035be0ca', 'items': [{'sku': '4cc0770f-91bc-4c0d-a26f-7b872f02ca94', 'qty': 2}], 'atomic_update': True, 'delay': 0.0, 'drop': 0}, response_status: 200, response: {'order_id': 'd382f572-be70-4b85-813c-987c035be0ca', 'status': 'OUT_OF_STOCK', 'reason': 'Out of stock: 4cc0770f-91bc-4c0d-a26f-7b872f02ca94', 'total_input_tokens': 0, 'total_output_tokens': 0, 'total_llm_calls': 0} trace_id=f6492be7-de25-4069-a351-82b27ea47c06
2026-08-17 17:33:38,998 - INFO - Request for orchestrate_order completed, final_status:OUT_OF_STOCK,  trace_id=f6492be7-de25-4069-a351-82b27ea47c06
2026-08-17 17:33:39,007 - INFO - Request for checkout_cart, cart_id=bf0849cc-664a-4e20-948f-bac65fd0f98d, user_id=None, trace_id=753ea501-ca7e-4424-851c-83d0acbaa8cd
2026-08-17 17:33:39,011 - INFO - Cart Service Called, request_cart_id: bf0849cc-664a-4e20-948f-bac65fd0f98d, response_status: 200, trace_id=753ea501-ca7e-4424-851c-83d0acbaa8cd
2026-08-17 17:33:39,015 - INFO - HTTP Request: POST http://127.0.0.1:8002/price "HTTP/1.1 200 OK"
2026-08-17 17:33:39,016 - INFO - Pricing Service Called, req: {'items': [{'product_id': '4cc0770f-91bc-4c0d-a26f-7b872f02ca94', 'qty': 2}], 'promo_codes': [], 'only_final_price': True}, response_status: 200, trace_id=753ea501-ca7e-4424-851c-83d0acbaa8cd
2026-08-17 17:33:39,016 - INFO - Request for orchestrate_order started, order_id=69812ca6-05f0-4030-815d-575be65d59b8, trace_id=753ea501-ca7e-4424-851c-83d0acbaa8cd
2026-08-17 17:33:39,021 - INFO - Inventory Reservation Service Called, req: {'order_id': '69812ca6-05f0-4030-815d-575be65d59b8', 'items': [{'sku': '4cc0770f-91bc-4c0d-a26f-7b872f02ca94', 'qty': 2}], 'atomic_update': True, 'delay': 0.0, 'drop': 0}, response_status: 200, response: {'order_id': '69812ca6-05f0-4030-815d-575be65d59b8', 'status': 'OUT_OF_STOCK', 'reason': 'Out of stock: 4cc0770f-91bc-4c0d-a26f-7b872f02ca94', 'total_input_tokens': 0, 'total_output_tokens': 0, 'total_llm_calls': 0} trace_id=753ea501-ca7e-4424-851c-83d0acbaa8cd
2026-08-17 17:33:39,022 - INFO - Request for orchestrate_order completed, final_status:OUT_OF_STOCK,  trace_id=753ea501-ca7e-4424-851c-83d0acbaa8cd
2026-08-17 17:33:39,035 - INFO - Request for checkout_cart, cart_id=98f3d666-9a2e-4527-88f6-625098f4bb8b, user_id=order_user_16, trace_id=bcca025d-3936-4aea-8d13-1c5ba9428399
2026-08-17 17:33:39,038 - INFO - Cart Service Called, request_cart_id: 98f3d666-9a2e-4527-88f6-625098f4bb8b, response_status: 200, trace_id=bcca025d-3936-4aea-8d13-1c5ba9428399
2026-08-17 17:33:39,042 - INFO - HTTP Request: POST http://127.0.0.1:8002/price "HTTP/1.1 200 OK"
2026-08-17 17:33:39,043 - INFO - Pricing Service Called, req: {'items': [{'product_id': '4cc0770f-91bc-4c0d-a26f-7b872f02ca94', 'qty': 2}], 'promo_codes': [], 'only_final_price': True}, response_status: 200, trace_id=bcca025d-3936-4aea-8d13-1c5ba9428399
2026-08-17 17:33:39,046 - INFO - Subscription Service Called, user_id: order_user_16, response_status: 200, trace_id=bcca025d-3936-4aea-8d13-1c5ba9428399
2026-08-17 17:33:39,047 - INFO - Applied subscription discount for user order_user_16, promo_code: SUMMER20, discount: 20.0%, original_price: 500.0, discounted_price: 400.0, trace_id=bcca025d-3936-4aea-8d13-1c5ba9428399
2026-08-17 17:33:39,047 - INFO - Request for orchestrate_order started, order_id=91b939a4-060a-46f0-b916-81990071486b, trace_id=bcca025d-3936-4aea-8d13-1c5ba9428399
2026-08-17 17:33:39,052 - INFO - Inventory Reservation Service Called, req: {'order_id': '91b939a4-060a-46f0-b916-81990071486b', 'items': [{'sku': '4cc0770f-91bc-4c0d-a26f-7b872f02ca94', 'qty': 2}], 'atomic_update': True, 'delay': 0.0, 'drop': 0}, response_status: 200, response: {'order_id': '91b939a4-060a-46f0-b916-81990071486b', 'status': 'OUT_OF_STOCK', 'reason': 'Out of stock: 4cc0770f-91bc-4c0d-a26f-7b872f02ca94', 'total_input_tokens': 0, 'total_output_tokens': 0, 'total_llm_calls': 0} trace_id=bcca025d-3936-4aea-8d13-1c5ba9428399
2026-08-17 17:33:39,053 - INFO - Request for orchestrate_order completed, final_status:OUT_OF_STOCK,  trace_id=bcca025d-3936-4aea-8d13-1c5ba9428399
2026-08-17 17:33:39,060 - INFO - Request for checkout_cart, cart_id=fa07bc2f-9fba-44cc-aa1f-ffbd210702c3, user_id=None, trace_id=e13cd177-690c-43ec-a7cc-a0c8bb429f22
2026-08-17 17:33:39,064 - INFO - Cart Service Called, request_cart_id: fa07bc2f-9fba-44cc-aa1f-ffbd210702c3, response_status: 200, trace_id=e13cd177-690c-43ec-a7cc-a0c8bb429f22
2026-08-17 17:33:39,068 - INFO - HTTP Request: POST http://127.0.0.1:8002/price "HTTP/1.1 200 OK"
2026-08-17 17:33:39,069 - INFO - Pricing Service Called, req: {'items': [{'product_id': '4cc0770f-91bc-4c0d-a26f-7b872f02ca94', 'qty': 2}], 'promo_codes': [], 'only_final_price': True}, response_status: 200, trace_id=e13cd177-690c-43ec-a7cc-a0c8bb429f22
2026-08-17 17:33:39,069 - INFO - Request for orchestrate_order started, order_id=706857b5-4d92-4692-b8a5-b91f8e807b59, trace_id=e13cd177-690c-43ec-a7cc-a0c8bb429f22
2026-08-17 17:33:39,074 - INFO - Inventory Reservation Service Called, req: {'order_id': '706857b5-4d92-4692-b8a5-b91f8e807b59', 'items': [{'sku': '4cc0770f-91bc-4c0d-a26f-7b872f02ca94', 'qty': 2}], 'atomic_update': True, 'delay': 0.0, 'drop': 0}, response_status: 200, response: {'order_id': '706857b5-4d92-4692-b8a5-b91f8e807b59', 'status': 'OUT_OF_STOCK', 'reason': 'Out of stock: 4cc0770f-91bc-4c0d-a26f-7b872f02ca94', 'total_input_tokens': 0, 'total_output_tokens': 0, 'total_llm_calls': 0} trace_id=e13cd177-690c-43ec-a7cc-a0c8bb429f22
2026-08-17 17:33:39,075 - INFO - Request for orchestrate_order completed, final_status:OUT_OF_STOCK,  trace_id=e13cd177-690c-43ec-a7cc-a0c8bb429f22
2026-08-17 17:33:39,089 - INFO - Request for checkout_cart, cart_id=7e9ea05f-599a-479b-a40f-168c5915ab1c, user_id=order_user_17, trace_id=c69d30d9-3887-4b36-b690-c752c61a5485
2026-08-17 17:33:39,093 - INFO - Cart Service Called, request_cart_id: 7e9ea05f-599a-479b-a40f-168c5915ab1c, response_status: 200, trace_id=c69d30d9-3887-4b36-b690-c752c61a5485
2026-08-17 17:33:39,097 - INFO - HTTP Request: POST http://127.0.0.1:8002/price "HTTP/1.1 200 OK"
2026-08-17 17:33:39,098 - INFO - Pricing Service Called, req: {'items': [{'product_id': '4cc0770f-91bc-4c0d-a26f-7b872f02ca94', 'qty': 2}], 'promo_codes': [], 'only_final_price': True}, response_status: 200, trace_id=c69d30d9-3887-4b36-b690-c752c61a5485
2026-08-17 17:33:39,102 - INFO - Subscription Service Called, user_id: order_user_17, response_status: 200, trace_id=c69d30d9-3887-4b36-b690-c752c61a5485
2026-08-17 17:33:39,102 - INFO - Applied subscription discount for user order_user_17, promo_code: SUMMER20, discount: 20.0%, original_price: 500.0, discounted_price: 400.0, trace_id=c69d30d9-3887-4b36-b690-c752c61a5485
2026-08-17 17:33:39,102 - INFO - Request for orchestrate_order started, order_id=4fee3796-a0b6-459e-9b78-72d4c876ee7d, trace_id=c69d30d9-3887-4b36-b690-c752c61a5485
2026-08-17 17:33:39,107 - INFO - Inventory Reservation Service Called, req: {'order_id': '4fee3796-a0b6-459e-9b78-72d4c876ee7d', 'items': [{'sku': '4cc0770f-91bc-4c0d-a26f-7b872f02ca94', 'qty': 2}], 'atomic_update': True, 'delay': 0.0, 'drop': 0}, response_status: 200, response: {'order_id': '4fee3796-a0b6-459e-9b78-72d4c876ee7d', 'status': 'OUT_OF_STOCK', 'reason': 'Out of stock: 4cc0770f-91bc-4c0d-a26f-7b872f02ca94', 'total_input_tokens': 0, 'total_output_tokens': 0, 'total_llm_calls': 0} trace_id=c69d30d9-3887-4b36-b690-c752c61a5485
2026-08-17 17:33:39,108 - INFO - Request for orchestrate_order completed, final_status:OUT_OF_STOCK,  trace_id=c69d30d9-3887-4b36-b690-c752c61a5485
2026-08-17 17:33:39,115 - INFO - Request for checkout_cart, cart_id=60d96f81-57f6-47fd-928a-144f35e78108, user_id=None, trace_id=ccce0bd8-9e4e-4c5d-938b-909cbef7d6c4
2026-08-17 17:33:39,119 - INFO - Cart Service Called, request_cart_id: 60d96f81-57f6-47fd-928a-144f35e78108, response_status: 200, trace_id=ccce0bd8-9e4e-4c5d-938b-909cbef7d6c4
2026-08-17 17:33:39,123 - INFO - HTTP Request: POST http://127.0.0.1:8002/price "HTTP/1.1 200 OK"
2026-08-17 17:33:39,124 - INFO - Pricing Service Called, req: {'items': [{'product_id': '4cc0770f-91bc-4c0d-a26f-7b872f02ca94', 'qty': 2}], 'promo_codes': [], 'only_final_price': True}, response_status: 200, trace_id=ccce0bd8-9e4e-4c5d-938b-909cbef7d6c4
2026-08-17 17:33:39,124 - INFO - Request for orchestrate_order started, order_id=6489f8bf-46ac-4dd0-b6ed-c93741d92cee, trace_id=ccce0bd8-9e4e-4c5d-938b-909cbef7d6c4
2026-08-17 17:33:39,129 - INFO - Inventory Reservation Service Called, req: {'order_id': '6489f8bf-46ac-4dd0-b6ed-c93741d92cee', 'items': [{'sku': '4cc0770f-91bc-4c0d-a26f-7b872f02ca94', 'qty': 2}], 'atomic_update': True, 'delay': 0.0, 'drop': 0}, response_status: 200, response: {'order_id': '6489f8bf-46ac-4dd0-b6ed-c93741d92cee', 'status': 'OUT_OF_STOCK', 'reason': 'Out of stock: 4cc0770f-91bc-4c0d-a26f-7b872f02ca94', 'total_input_tokens': 0, 'total_output_tokens': 0, 'total_llm_calls': 0} trace_id=ccce0bd8-9e4e-4c5d-938b-909cbef7d6c4
2026-08-17 17:33:39,130 - INFO - Request for orchestrate_order completed, final_status:OUT_OF_STOCK,  trace_id=ccce0bd8-9e4e-4c5d-938b-909cbef7d6c4
2026-08-17 17:33:39,143 - INFO - Request for checkout_cart, cart_id=6a8908e9-8a39-4b79-b377-f3685f19e3e8, user_id=order_user_18, trace_id=b1ef69b9-87d2-4d84-8520-b9a8c14acf15
2026-08-17 17:33:39,147 - INFO - Cart Service Called, request_cart_id: 6a8908e9-8a39-4b79-b377-f3685f19e3e8, response_status: 200, trace_id=b1ef69b9-87d2-4d84-8520-b9a8c14acf15
2026-08-17 17:33:39,151 - INFO - HTTP Request: POST http://127.0.0.1:8002/price "HTTP/1.1 200 OK"
2026-08-17 17:33:39,151 - INFO - Pricing Service Called, req: {'items': [{'product_id': '4cc0770f-91bc-4c0d-a26f-7b872f02ca94', 'qty': 2}], 'promo_codes': [], 'only_final_price': True}, response_status: 200, trace_id=b1ef69b9-87d2-4d84-8520-b9a8c14acf15
2026-08-17 17:33:39,155 - INFO - Subscription Service Called, user_id: order_user_18, response_status: 200, trace_id=b1ef69b9-87d2-4d84-8520-b9a8c14acf15
2026-08-17 17:33:39,155 - INFO - Applied subscription discount for user order_user_18, promo_code: SUMMER20, discount: 20.0%, original_price: 500.0, discounted_price: 400.0, trace_id=b1ef69b9-87d2-4d84-8520-b9a8c14acf15
2026-08-17 17:33:39,155 - INFO - Request for orchestrate_order started, order_id=aa96e470-0461-4cdd-aae3-4a837fa43cad, trace_id=b1ef69b9-87d2-4d84-8520-b9a8c14acf15
2026-08-17 17:33:39,160 - INFO - Inventory Reservation Service Called, req: {'order_id': 'aa96e470-0461-4cdd-aae3-4a837fa43cad', 'items': [{'sku': '4cc0770f-91bc-4c0d-a26f-7b872f02ca94', 'qty': 2}], 'atomic_update': True, 'delay': 0.0, 'drop': 0}, response_status: 200, response: {'order_id': 'aa96e470-0461-4cdd-aae3-4a837fa43cad', 'status': 'OUT_OF_STOCK', 'reason': 'Out of stock: 4cc0770f-91bc-4c0d-a26f-7b872f02ca94', 'total_input_tokens': 0, 'total_output_tokens': 0, 'total_llm_calls': 0} trace_id=b1ef69b9-87d2-4d84-8520-b9a8c14acf15
2026-08-17 17:33:39,161 - INFO - Request for orchestrate_order completed, final_status:OUT_OF_STOCK,  trace_id=b1ef69b9-87d2-4d84-8520-b9a8c14acf15
2026-08-17 17:33:39,169 - INFO - Request for checkout_cart, cart_id=ca434db0-2f44-47bc-ae1f-0c281009d789, user_id=None, trace_id=5cb2d36c-e510-4d81-bf8a-5397bdb8bf15
2026-08-17 17:33:39,172 - INFO - Cart Service Called, request_cart_id: ca434db0-2f44-47bc-ae1f-0c281009d789, response_status: 200, trace_id=5cb2d36c-e510-4d81-bf8a-5397bdb8bf15
2026-08-17 17:33:39,176 - INFO - HTTP Request: POST http://127.0.0.1:8002/price "HTTP/1.1 200 OK"
2026-08-17 17:33:39,177 - INFO - Pricing Service Called, req: {'items': [{'product_id': '4cc0770f-91bc-4c0d-a26f-7b872f02ca94', 'qty': 2}], 'promo_codes': [], 'only_final_price': True}, response_status: 200, trace_id=5cb2d36c-e510-4d81-bf8a-5397bdb8bf15
2026-08-17 17:33:39,177 - INFO - Request for orchestrate_order started, order_id=3edd968b-d489-4df5-96a2-b827c4d852ff, trace_id=5cb2d36c-e510-4d81-bf8a-5397bdb8bf15
2026-08-17 17:33:39,182 - INFO - Inventory Reservation Service Called, req: {'order_id': '3edd968b-d489-4df5-96a2-b827c4d852ff', 'items': [{'sku': '4cc0770f-91bc-4c0d-a26f-7b872f02ca94', 'qty': 2}], 'atomic_update': True, 'delay': 0.0, 'drop': 0}, response_status: 200, response: {'order_id': '3edd968b-d489-4df5-96a2-b827c4d852ff', 'status': 'OUT_OF_STOCK', 'reason': 'Out of stock: 4cc0770f-91bc-4c0d-a26f-7b872f02ca94', 'total_input_tokens': 0, 'total_output_tokens': 0, 'total_llm_calls': 0} trace_id=5cb2d36c-e510-4d81-bf8a-5397bdb8bf15
2026-08-17 17:33:39,184 - INFO - Request for orchestrate_order completed, final_status:OUT_OF_STOCK,  trace_id=5cb2d36c-e510-4d81-bf8a-5397bdb8bf15
2026-08-17 17:33:39,197 - INFO - Request for checkout_cart, cart_id=105758fe-45a4-459a-80db-dbaba700aa80, user_id=order_user_19, trace_id=b807eb05-6913-4cc0-9b4b-480fcfe0e485
2026-08-17 17:33:39,201 - INFO - Cart Service Called, request_cart_id: 105758fe-45a4-459a-80db-dbaba700aa80, response_status: 200, trace_id=b807eb05-6913-4cc0-9b4b-480fcfe0e485
2026-08-17 17:33:39,205 - INFO - HTTP Request: POST http://127.0.0.1:8002/price "HTTP/1.1 200 OK"
2026-08-17 17:33:39,206 - INFO - Pricing Service Called, req: {'items': [{'product_id': '4cc0770f-91bc-4c0d-a26f-7b872f02ca94', 'qty': 2}], 'promo_codes': [], 'only_final_price': True}, response_status: 200, trace_id=b807eb05-6913-4cc0-9b4b-480fcfe0e485
2026-08-17 17:33:39,210 - INFO - Subscription Service Called, user_id: order_user_19, response_status: 200, trace_id=b807eb05-6913-4cc0-9b4b-480fcfe0e485
2026-08-17 17:33:39,210 - INFO - Applied subscription discount for user order_user_19, promo_code: SUMMER20, discount: 20.0%, original_price: 500.0, discounted_price: 400.0, trace_id=b807eb05-6913-4cc0-9b4b-480fcfe0e485
2026-08-17 17:33:39,210 - INFO - Request for orchestrate_order started, order_id=8f446c83-dc80-4a93-bf87-7d4d250b0e20, trace_id=b807eb05-6913-4cc0-9b4b-480fcfe0e485
2026-08-17 17:33:39,218 - INFO - Inventory Reservation Service Called, req: {'order_id': '8f446c83-dc80-4a93-bf87-7d4d250b0e20', 'items': [{'sku': '4cc0770f-91bc-4c0d-a26f-7b872f02ca94', 'qty': 2}], 'atomic_update': True, 'delay': 0.0, 'drop': 0}, response_status: 200, response: {'order_id': '8f446c83-dc80-4a93-bf87-7d4d250b0e20', 'status': 'OUT_OF_STOCK', 'reason': 'Out of stock: 4cc0770f-91bc-4c0d-a26f-7b872f02ca94', 'total_input_tokens': 0, 'total_output_tokens': 0, 'total_llm_calls': 0} trace_id=b807eb05-6913-4cc0-9b4b-480fcfe0e485
2026-08-17 17:33:39,219 - INFO - Request for orchestrate_order completed, final_status:OUT_OF_STOCK,  trace_id=b807eb05-6913-4cc0-9b4b-480fcfe0e485
2026-08-17 17:33:39,230 - INFO - Request for checkout_cart, cart_id=7cec4491-b77f-4660-b324-f697ab6678d5, user_id=None, trace_id=0e725260-2aee-4928-a2b2-a84fa011af6e
2026-08-17 17:33:39,235 - INFO - Cart Service Called, request_cart_id: 7cec4491-b77f-4660-b324-f697ab6678d5, response_status: 200, trace_id=0e725260-2aee-4928-a2b2-a84fa011af6e
2026-08-17 17:33:39,239 - INFO - HTTP Request: POST http://127.0.0.1:8002/price "HTTP/1.1 200 OK"
2026-08-17 17:33:39,239 - INFO - Pricing Service Called, req: {'items': [{'product_id': '4cc0770f-91bc-4c0d-a26f-7b872f02ca94', 'qty': 2}], 'promo_codes': [], 'only_final_price': True}, response_status: 200, trace_id=0e725260-2aee-4928-a2b2-a84fa011af6e
2026-08-17 17:33:39,239 - INFO - Request for orchestrate_order started, order_id=fe3ce14c-3c37-4506-a28d-03b4f21833b2, trace_id=0e725260-2aee-4928-a2b2-a84fa011af6e
2026-08-17 17:33:39,244 - INFO - Inventory Reservation Service Called, req: {'order_id': 'fe3ce14c-3c37-4506-a28d-03b4f21833b2', 'items': [{'sku': '4cc0770f-91bc-4c0d-a26f-7b872f02ca94', 'qty': 2}], 'atomic_update': True, 'delay': 0.0, 'drop': 0}, response_status: 200, response: {'order_id': 'fe3ce14c-3c37-4506-a28d-03b4f21833b2', 'status': 'OUT_OF_STOCK', 'reason': 'Out of stock: 4cc0770f-91bc-4c0d-a26f-7b872f02ca94', 'total_input_tokens': 0, 'total_output_tokens': 0, 'total_llm_calls': 0} trace_id=0e725260-2aee-4928-a2b2-a84fa011af6e
2026-08-17 17:33:39,246 - INFO - Request for orchestrate_order completed, final_status:OUT_OF_STOCK,  trace_id=0e725260-2aee-4928-a2b2-a84fa011af6e
2026-08-17 17:33:39,258 - INFO - Request for checkout_cart, cart_id=bc1b05e4-b351-47e2-a326-94921f1213c4, user_id=order_user_20, trace_id=14961df0-1c47-4961-8126-b0f193fe0c35
2026-08-17 17:33:39,262 - INFO - Cart Service Called, request_cart_id: bc1b05e4-b351-47e2-a326-94921f1213c4, response_status: 200, trace_id=14961df0-1c47-4961-8126-b0f193fe0c35
2026-08-17 17:33:39,267 - INFO - HTTP Request: POST http://127.0.0.1:8002/price "HTTP/1.1 200 OK"
2026-08-17 17:33:39,267 - INFO - Pricing Service Called, req: {'items': [{'product_id': '4cc0770f-91bc-4c0d-a26f-7b872f02ca94', 'qty': 2}], 'promo_codes': [], 'only_final_price': True}, response_status: 200, trace_id=14961df0-1c47-4961-8126-b0f193fe0c35
2026-08-17 17:33:39,271 - INFO - Subscription Service Called, user_id: order_user_20, response_status: 200, trace_id=14961df0-1c47-4961-8126-b0f193fe0c35
2026-08-17 17:33:39,271 - INFO - Applied subscription discount for user order_user_20, promo_code: SUMMER20, discount: 20.0%, original_price: 500.0, discounted_price: 400.0, trace_id=14961df0-1c47-4961-8126-b0f193fe0c35
2026-08-17 17:33:39,271 - INFO - Request for orchestrate_order started, order_id=d4714b15-732a-48ac-b2ec-2500ae0c0bc5, trace_id=14961df0-1c47-4961-8126-b0f193fe0c35
2026-08-17 17:33:39,276 - INFO - Inventory Reservation Service Called, req: {'order_id': 'd4714b15-732a-48ac-b2ec-2500ae0c0bc5', 'items': [{'sku': '4cc0770f-91bc-4c0d-a26f-7b872f02ca94', 'qty': 2}], 'atomic_update': True, 'delay': 0.0, 'drop': 0}, response_status: 200, response: {'order_id': 'd4714b15-732a-48ac-b2ec-2500ae0c0bc5', 'status': 'OUT_OF_STOCK', 'reason': 'Out of stock: 4cc0770f-91bc-4c0d-a26f-7b872f02ca94', 'total_input_tokens': 0, 'total_output_tokens': 0, 'total_llm_calls': 0} trace_id=14961df0-1c47-4961-8126-b0f193fe0c35
2026-08-17 17:33:39,277 - INFO - Request for orchestrate_order completed, final_status:OUT_OF_STOCK,  trace_id=14961df0-1c47-4961-8126-b0f193fe0c35
2026-08-17 17:33:39,286 - INFO - Request for checkout_cart, cart_id=66933a77-b705-4368-a4e7-67127e3dd467, user_id=None, trace_id=f50a11a8-83c7-456e-9ab1-76d5738df32b
2026-08-17 17:33:39,290 - INFO - Cart Service Called, request_cart_id: 66933a77-b705-4368-a4e7-67127e3dd467, response_status: 200, trace_id=f50a11a8-83c7-456e-9ab1-76d5738df32b
2026-08-17 17:33:39,294 - INFO - HTTP Request: POST http://127.0.0.1:8002/price "HTTP/1.1 200 OK"
2026-08-17 17:33:39,294 - INFO - Pricing Service Called, req: {'items': [{'product_id': '4cc0770f-91bc-4c0d-a26f-7b872f02ca94', 'qty': 2}], 'promo_codes': [], 'only_final_price': True}, response_status: 200, trace_id=f50a11a8-83c7-456e-9ab1-76d5738df32b
2026-08-17 17:33:39,295 - INFO - Request for orchestrate_order started, order_id=c2398464-1aad-4add-8b58-34e3e2bd63bd, trace_id=f50a11a8-83c7-456e-9ab1-76d5738df32b
2026-08-17 17:33:39,300 - INFO - Inventory Reservation Service Called, req: {'order_id': 'c2398464-1aad-4add-8b58-34e3e2bd63bd', 'items': [{'sku': '4cc0770f-91bc-4c0d-a26f-7b872f02ca94', 'qty': 2}], 'atomic_update': True, 'delay': 0.0, 'drop': 0}, response_status: 200, response: {'order_id': 'c2398464-1aad-4add-8b58-34e3e2bd63bd', 'status': 'OUT_OF_STOCK', 'reason': 'Out of stock: 4cc0770f-91bc-4c0d-a26f-7b872f02ca94', 'total_input_tokens': 0, 'total_output_tokens': 0, 'total_llm_calls': 0} trace_id=f50a11a8-83c7-456e-9ab1-76d5738df32b
2026-08-17 17:33:39,301 - INFO - Request for orchestrate_order completed, final_status:OUT_OF_STOCK,  trace_id=f50a11a8-83c7-456e-9ab1-76d5738df32b
2026-08-17 17:33:39,313 - INFO - Request for checkout_cart, cart_id=97ceace0-557a-4bde-a22a-235074c700b3, user_id=order_user_21, trace_id=cb777377-9961-4a1b-a57e-34758353a78c
2026-08-17 17:33:39,317 - INFO - Cart Service Called, request_cart_id: 97ceace0-557a-4bde-a22a-235074c700b3, response_status: 200, trace_id=cb777377-9961-4a1b-a57e-34758353a78c
2026-08-17 17:33:39,321 - INFO - HTTP Request: POST http://127.0.0.1:8002/price "HTTP/1.1 200 OK"
2026-08-17 17:33:39,321 - INFO - Pricing Service Called, req: {'items': [{'product_id': '4cc0770f-91bc-4c0d-a26f-7b872f02ca94', 'qty': 2}], 'promo_codes': [], 'only_final_price': True}, response_status: 200, trace_id=cb777377-9961-4a1b-a57e-34758353a78c
2026-08-17 17:33:39,325 - INFO - Subscription Service Called, user_id: order_user_21, response_status: 200, trace_id=cb777377-9961-4a1b-a57e-34758353a78c
2026-08-17 17:33:39,325 - INFO - Applied subscription discount for user order_user_21, promo_code: SUMMER20, discount: 20.0%, original_price: 500.0, discounted_price: 400.0, trace_id=cb777377-9961-4a1b-a57e-34758353a78c
2026-08-17 17:33:39,326 - INFO - Request for orchestrate_order started, order_id=b369fe03-7cbe-4ce0-9280-af2b25b05818, trace_id=cb777377-9961-4a1b-a57e-34758353a78c
2026-08-17 17:33:39,331 - INFO - Inventory Reservation Service Called, req: {'order_id': 'b369fe03-7cbe-4ce0-9280-af2b25b05818', 'items': [{'sku': '4cc0770f-91bc-4c0d-a26f-7b872f02ca94', 'qty': 2}], 'atomic_update': True, 'delay': 0.0, 'drop': 0}, response_status: 200, response: {'order_id': 'b369fe03-7cbe-4ce0-9280-af2b25b05818', 'status': 'OUT_OF_STOCK', 'reason': 'Out of stock: 4cc0770f-91bc-4c0d-a26f-7b872f02ca94', 'total_input_tokens': 0, 'total_output_tokens': 0, 'total_llm_calls': 0} trace_id=cb777377-9961-4a1b-a57e-34758353a78c
2026-08-17 17:33:39,332 - INFO - Request for orchestrate_order completed, final_status:OUT_OF_STOCK,  trace_id=cb777377-9961-4a1b-a57e-34758353a78c
2026-08-17 17:33:39,339 - INFO - Request for checkout_cart, cart_id=b2a300dc-d42b-49f8-8e48-44853c35d39d, user_id=None, trace_id=2d9db2b5-cc49-4e6b-9916-6d78751ba9e0
2026-08-17 17:33:39,343 - INFO - Cart Service Called, request_cart_id: b2a300dc-d42b-49f8-8e48-44853c35d39d, response_status: 200, trace_id=2d9db2b5-cc49-4e6b-9916-6d78751ba9e0
2026-08-17 17:33:39,347 - INFO - HTTP Request: POST http://127.0.0.1:8002/price "HTTP/1.1 200 OK"
2026-08-17 17:33:39,348 - INFO - Pricing Service Called, req: {'items': [{'product_id': '4cc0770f-91bc-4c0d-a26f-7b872f02ca94', 'qty': 2}], 'promo_codes': [], 'only_final_price': True}, response_status: 200, trace_id=2d9db2b5-cc49-4e6b-9916-6d78751ba9e0
2026-08-17 17:33:39,348 - INFO - Request for orchestrate_order started, order_id=741a5280-7e5b-4498-b639-1547f265b064, trace_id=2d9db2b5-cc49-4e6b-9916-6d78751ba9e0
2026-08-17 17:33:39,353 - INFO - Inventory Reservation Service Called, req: {'order_id': '741a5280-7e5b-4498-b639-1547f265b064', 'items': [{'sku': '4cc0770f-91bc-4c0d-a26f-7b872f02ca94', 'qty': 2}], 'atomic_update': True, 'delay': 0.0, 'drop': 0}, response_status: 200, response: {'order_id': '741a5280-7e5b-4498-b639-1547f265b064', 'status': 'OUT_OF_STOCK', 'reason': 'Out of stock: 4cc0770f-91bc-4c0d-a26f-7b872f02ca94', 'total_input_tokens': 0, 'total_output_tokens': 0, 'total_llm_calls': 0} trace_id=2d9db2b5-cc49-4e6b-9916-6d78751ba9e0
2026-08-17 17:33:39,354 - INFO - Request for orchestrate_order completed, final_status:OUT_OF_STOCK,  trace_id=2d9db2b5-cc49-4e6b-9916-6d78751ba9e0
2026-08-17 17:33:39,366 - INFO - Request for checkout_cart, cart_id=c6794d6e-4ceb-437f-a304-a84448c8d885, user_id=order_user_22, trace_id=034b5639-b3a4-4853-a9de-db94726317a7
2026-08-17 17:33:39,370 - INFO - Cart Service Called, request_cart_id: c6794d6e-4ceb-437f-a304-a84448c8d885, response_status: 200, trace_id=034b5639-b3a4-4853-a9de-db94726317a7
2026-08-17 17:33:39,373 - INFO - HTTP Request: POST http://127.0.0.1:8002/price "HTTP/1.1 200 OK"
2026-08-17 17:33:39,374 - INFO - Pricing Service Called, req: {'items': [{'product_id': '4cc0770f-91bc-4c0d-a26f-7b872f02ca94', 'qty': 2}], 'promo_codes': [], 'only_final_price': True}, response_status: 200, trace_id=034b5639-b3a4-4853-a9de-db94726317a7
2026-08-17 17:33:39,378 - INFO - Subscription Service Called, user_id: order_user_22, response_status: 200, trace_id=034b5639-b3a4-4853-a9de-db94726317a7
2026-08-17 17:33:39,378 - INFO - Applied subscription discount for user order_user_22, promo_code: SUMMER20, discount: 20.0%, original_price: 500.0, discounted_price: 400.0, trace_id=034b5639-b3a4-4853-a9de-db94726317a7
2026-08-17 17:33:39,378 - INFO - Request for orchestrate_order started, order_id=f095c859-1fdd-467f-ba9e-99e57bd8cbac, trace_id=034b5639-b3a4-4853-a9de-db94726317a7
2026-08-17 17:33:39,385 - INFO - Inventory Reservation Service Called, req: {'order_id': 'f095c859-1fdd-467f-ba9e-99e57bd8cbac', 'items': [{'sku': '4cc0770f-91bc-4c0d-a26f-7b872f02ca94', 'qty': 2}], 'atomic_update': True, 'delay': 0.0, 'drop': 0}, response_status: 200, response: {'order_id': 'f095c859-1fdd-467f-ba9e-99e57bd8cbac', 'status': 'OUT_OF_STOCK', 'reason': 'Out of stock: 4cc0770f-91bc-4c0d-a26f-7b872f02ca94', 'total_input_tokens': 0, 'total_output_tokens': 0, 'total_llm_calls': 0} trace_id=034b5639-b3a4-4853-a9de-db94726317a7
2026-08-17 17:33:39,386 - INFO - Request for orchestrate_order completed, final_status:OUT_OF_STOCK,  trace_id=034b5639-b3a4-4853-a9de-db94726317a7
2026-08-17 17:33:39,393 - INFO - Request for checkout_cart, cart_id=9190b733-d76a-40ca-82a0-6f27556afb94, user_id=None, trace_id=905c8b5c-7dc6-439e-b024-82dc45cd500e
2026-08-17 17:33:39,398 - INFO - Cart Service Called, request_cart_id: 9190b733-d76a-40ca-82a0-6f27556afb94, response_status: 200, trace_id=905c8b5c-7dc6-439e-b024-82dc45cd500e
2026-08-17 17:33:39,402 - INFO - HTTP Request: POST http://127.0.0.1:8002/price "HTTP/1.1 200 OK"
2026-08-17 17:33:39,403 - INFO - Pricing Service Called, req: {'items': [{'product_id': '4cc0770f-91bc-4c0d-a26f-7b872f02ca94', 'qty': 2}], 'promo_codes': [], 'only_final_price': True}, response_status: 200, trace_id=905c8b5c-7dc6-439e-b024-82dc45cd500e
2026-08-17 17:33:39,403 - INFO - Request for orchestrate_order started, order_id=3dec2d75-c960-4a5a-86ad-38fc9dba571e, trace_id=905c8b5c-7dc6-439e-b024-82dc45cd500e
2026-08-17 17:33:39,408 - INFO - Inventory Reservation Service Called, req: {'order_id': '3dec2d75-c960-4a5a-86ad-38fc9dba571e', 'items': [{'sku': '4cc0770f-91bc-4c0d-a26f-7b872f02ca94', 'qty': 2}], 'atomic_update': True, 'delay': 0.0, 'drop': 0}, response_status: 200, response: {'order_id': '3dec2d75-c960-4a5a-86ad-38fc9dba571e', 'status': 'OUT_OF_STOCK', 'reason': 'Out of stock: 4cc0770f-91bc-4c0d-a26f-7b872f02ca94', 'total_input_tokens': 0, 'total_output_tokens': 0, 'total_llm_calls': 0} trace_id=905c8b5c-7dc6-439e-b024-82dc45cd500e
2026-08-17 17:33:39,409 - INFO - Request for orchestrate_order completed, final_status:OUT_OF_STOCK,  trace_id=905c8b5c-7dc6-439e-b024-82dc45cd500e
2026-08-17 17:33:39,422 - INFO - Request for checkout_cart, cart_id=41a23695-13e7-4cfe-ad1f-4e01aabb8ab5, user_id=order_user_23, trace_id=5807a829-a3e4-42a5-abd4-d532b4dbba2a
2026-08-17 17:33:39,426 - INFO - Cart Service Called, request_cart_id: 41a23695-13e7-4cfe-ad1f-4e01aabb8ab5, response_status: 200, trace_id=5807a829-a3e4-42a5-abd4-d532b4dbba2a
2026-08-17 17:33:39,430 - INFO - HTTP Request: POST http://127.0.0.1:8002/price "HTTP/1.1 200 OK"
2026-08-17 17:33:39,431 - INFO - Pricing Service Called, req: {'items': [{'product_id': '4cc0770f-91bc-4c0d-a26f-7b872f02ca94', 'qty': 2}], 'promo_codes': [], 'only_final_price': True}, response_status: 200, trace_id=5807a829-a3e4-42a5-abd4-d532b4dbba2a
2026-08-17 17:33:39,435 - INFO - Subscription Service Called, user_id: order_user_23, response_status: 200, trace_id=5807a829-a3e4-42a5-abd4-d532b4dbba2a
2026-08-17 17:33:39,435 - INFO - Applied subscription discount for user order_user_23, promo_code: SUMMER20, discount: 20.0%, original_price: 500.0, discounted_price: 400.0, trace_id=5807a829-a3e4-42a5-abd4-d532b4dbba2a
2026-08-17 17:33:39,435 - INFO - Request for orchestrate_order started, order_id=85132b29-ce81-43fb-856c-56a0d5b255ca, trace_id=5807a829-a3e4-42a5-abd4-d532b4dbba2a
2026-08-17 17:33:39,440 - INFO - Inventory Reservation Service Called, req: {'order_id': '85132b29-ce81-43fb-856c-56a0d5b255ca', 'items': [{'sku': '4cc0770f-91bc-4c0d-a26f-7b872f02ca94', 'qty': 2}], 'atomic_update': True, 'delay': 0.0, 'drop': 0}, response_status: 200, response: {'order_id': '85132b29-ce81-43fb-856c-56a0d5b255ca', 'status': 'OUT_OF_STOCK', 'reason': 'Out of stock: 4cc0770f-91bc-4c0d-a26f-7b872f02ca94', 'total_input_tokens': 0, 'total_output_tokens': 0, 'total_llm_calls': 0} trace_id=5807a829-a3e4-42a5-abd4-d532b4dbba2a
2026-08-17 17:33:39,441 - INFO - Request for orchestrate_order completed, final_status:OUT_OF_STOCK,  trace_id=5807a829-a3e4-42a5-abd4-d532b4dbba2a
2026-08-17 17:33:39,448 - INFO - Request for checkout_cart, cart_id=04ec136d-c3d3-440f-9bc9-fcf7046a46f9, user_id=None, trace_id=9824b1e4-2ac4-49cb-b7f0-71af09813171
2026-08-17 17:33:39,452 - INFO - Cart Service Called, request_cart_id: 04ec136d-c3d3-440f-9bc9-fcf7046a46f9, response_status: 200, trace_id=9824b1e4-2ac4-49cb-b7f0-71af09813171
2026-08-17 17:33:39,456 - INFO - HTTP Request: POST http://127.0.0.1:8002/price "HTTP/1.1 200 OK"
2026-08-17 17:33:39,456 - INFO - Pricing Service Called, req: {'items': [{'product_id': '4cc0770f-91bc-4c0d-a26f-7b872f02ca94', 'qty': 2}], 'promo_codes': [], 'only_final_price': True}, response_status: 200, trace_id=9824b1e4-2ac4-49cb-b7f0-71af09813171
2026-08-17 17:33:39,456 - INFO - Request for orchestrate_order started, order_id=864e371c-53fd-40b3-9878-a1c7a117011d, trace_id=9824b1e4-2ac4-49cb-b7f0-71af09813171
2026-08-17 17:33:39,462 - INFO - Inventory Reservation Service Called, req: {'order_id': '864e371c-53fd-40b3-9878-a1c7a117011d', 'items': [{'sku': '4cc0770f-91bc-4c0d-a26f-7b872f02ca94', 'qty': 2}], 'atomic_update': True, 'delay': 0.0, 'drop': 0}, response_status: 200, response: {'order_id': '864e371c-53fd-40b3-9878-a1c7a117011d', 'status': 'OUT_OF_STOCK', 'reason': 'Out of stock: 4cc0770f-91bc-4c0d-a26f-7b872f02ca94', 'total_input_tokens': 0, 'total_output_tokens': 0, 'total_llm_calls': 0} trace_id=9824b1e4-2ac4-49cb-b7f0-71af09813171
2026-08-17 17:33:39,463 - INFO - Request for orchestrate_order completed, final_status:OUT_OF_STOCK,  trace_id=9824b1e4-2ac4-49cb-b7f0-71af09813171
2026-08-17 17:33:39,475 - INFO - Request for checkout_cart, cart_id=c5e1ad0f-4d54-42f3-8057-b6d7f230d9e0, user_id=order_user_24, trace_id=32f32df2-8839-47c0-b397-81052bfb8ee2
2026-08-17 17:33:39,480 - INFO - Cart Service Called, request_cart_id: c5e1ad0f-4d54-42f3-8057-b6d7f230d9e0, response_status: 200, trace_id=32f32df2-8839-47c0-b397-81052bfb8ee2
2026-08-17 17:33:39,486 - INFO - HTTP Request: POST http://127.0.0.1:8002/price "HTTP/1.1 200 OK"
2026-08-17 17:33:39,486 - INFO - Pricing Service Called, req: {'items': [{'product_id': '4cc0770f-91bc-4c0d-a26f-7b872f02ca94', 'qty': 2}], 'promo_codes': [], 'only_final_price': True}, response_status: 200, trace_id=32f32df2-8839-47c0-b397-81052bfb8ee2
2026-08-17 17:33:39,491 - INFO - Subscription Service Called, user_id: order_user_24, response_status: 200, trace_id=32f32df2-8839-47c0-b397-81052bfb8ee2
2026-08-17 17:33:39,491 - INFO - Applied subscription discount for user order_user_24, promo_code: SUMMER20, discount: 20.0%, original_price: 500.0, discounted_price: 400.0, trace_id=32f32df2-8839-47c0-b397-81052bfb8ee2
2026-08-17 17:33:39,491 - INFO - Request for orchestrate_order started, order_id=6ed87fed-9a40-4a9f-ae71-a7ffd5560a45, trace_id=32f32df2-8839-47c0-b397-81052bfb8ee2
2026-08-17 17:33:39,497 - INFO - Inventory Reservation Service Called, req: {'order_id': '6ed87fed-9a40-4a9f-ae71-a7ffd5560a45', 'items': [{'sku': '4cc0770f-91bc-4c0d-a26f-7b872f02ca94', 'qty': 2}], 'atomic_update': True, 'delay': 0.0, 'drop': 0}, response_status: 200, response: {'order_id': '6ed87fed-9a40-4a9f-ae71-a7ffd5560a45', 'status': 'OUT_OF_STOCK', 'reason': 'Out of stock: 4cc0770f-91bc-4c0d-a26f-7b872f02ca94', 'total_input_tokens': 0, 'total_output_tokens': 0, 'total_llm_calls': 0} trace_id=32f32df2-8839-47c0-b397-81052bfb8ee2
2026-08-17 17:33:39,498 - INFO - Request for orchestrate_order completed, final_status:OUT_OF_STOCK,  trace_id=32f32df2-8839-47c0-b397-81052bfb8ee2
2026-08-17 17:33:39,505 - INFO - Request for checkout_cart, cart_id=5312b2ef-8d31-4c1c-8d04-5befe12e0749, user_id=None, trace_id=0ac68e7c-797a-4b14-8c7e-57bfd423462e
2026-08-17 17:33:39,509 - INFO - Cart Service Called, request_cart_id: 5312b2ef-8d31-4c1c-8d04-5befe12e0749, response_status: 200, trace_id=0ac68e7c-797a-4b14-8c7e-57bfd423462e
2026-08-17 17:33:39,514 - INFO - HTTP Request: POST http://127.0.0.1:8002/price "HTTP/1.1 200 OK"
2026-08-17 17:33:39,515 - INFO - Pricing Service Called, req: {'items': [{'product_id': '4cc0770f-91bc-4c0d-a26f-7b872f02ca94', 'qty': 2}], 'promo_codes': [], 'only_final_price': True}, response_status: 200, trace_id=0ac68e7c-797a-4b14-8c7e-57bfd423462e
2026-08-17 17:33:39,515 - INFO - Request for orchestrate_order started, order_id=8b10e938-8c4b-4ca8-ab38-cc4f14f405e0, trace_id=0ac68e7c-797a-4b14-8c7e-57bfd423462e
2026-08-17 17:33:39,521 - INFO - Inventory Reservation Service Called, req: {'order_id': '8b10e938-8c4b-4ca8-ab38-cc4f14f405e0', 'items': [{'sku': '4cc0770f-91bc-4c0d-a26f-7b872f02ca94', 'qty': 2}], 'atomic_update': True, 'delay': 0.0, 'drop': 0}, response_status: 200, response: {'order_id': '8b10e938-8c4b-4ca8-ab38-cc4f14f405e0', 'status': 'OUT_OF_STOCK', 'reason': 'Out of stock: 4cc0770f-91bc-4c0d-a26f-7b872f02ca94', 'total_input_tokens': 0, 'total_output_tokens': 0, 'total_llm_calls': 0} trace_id=0ac68e7c-797a-4b14-8c7e-57bfd423462e
2026-08-17 17:33:39,522 - INFO - Request for orchestrate_order completed, final_status:OUT_OF_STOCK,  trace_id=0ac68e7c-797a-4b14-8c7e-57bfd423462e
2026-08-17 17:33:39,535 - INFO - Request for checkout_cart, cart_id=2ecc395e-434c-4c33-89f0-5c86cf81f37f, user_id=order_user_25, trace_id=6f80cb4b-23ed-482e-9b79-5af3993f0e8f
2026-08-17 17:33:39,539 - INFO - Cart Service Called, request_cart_id: 2ecc395e-434c-4c33-89f0-5c86cf81f37f, response_status: 200, trace_id=6f80cb4b-23ed-482e-9b79-5af3993f0e8f
2026-08-17 17:33:39,544 - INFO - HTTP Request: POST http://127.0.0.1:8002/price "HTTP/1.1 200 OK"
2026-08-17 17:33:39,544 - INFO - Pricing Service Called, req: {'items': [{'product_id': '4cc0770f-91bc-4c0d-a26f-7b872f02ca94', 'qty': 2}], 'promo_codes': [], 'only_final_price': True}, response_status: 200, trace_id=6f80cb4b-23ed-482e-9b79-5af3993f0e8f
2026-08-17 17:33:39,548 - INFO - Subscription Service Called, user_id: order_user_25, response_status: 200, trace_id=6f80cb4b-23ed-482e-9b79-5af3993f0e8f
2026-08-17 17:33:39,549 - INFO - Applied subscription discount for user order_user_25, promo_code: SUMMER20, discount: 20.0%, original_price: 500.0, discounted_price: 400.0, trace_id=6f80cb4b-23ed-482e-9b79-5af3993f0e8f
2026-08-17 17:33:39,549 - INFO - Request for orchestrate_order started, order_id=306a645f-6c7e-4d4a-9599-93073ed0762a, trace_id=6f80cb4b-23ed-482e-9b79-5af3993f0e8f
2026-08-17 17:33:39,554 - INFO - Inventory Reservation Service Called, req: {'order_id': '306a645f-6c7e-4d4a-9599-93073ed0762a', 'items': [{'sku': '4cc0770f-91bc-4c0d-a26f-7b872f02ca94', 'qty': 2}], 'atomic_update': True, 'delay': 0.0, 'drop': 0}, response_status: 200, response: {'order_id': '306a645f-6c7e-4d4a-9599-93073ed0762a', 'status': 'OUT_OF_STOCK', 'reason': 'Out of stock: 4cc0770f-91bc-4c0d-a26f-7b872f02ca94', 'total_input_tokens': 0, 'total_output_tokens': 0, 'total_llm_calls': 0} trace_id=6f80cb4b-23ed-482e-9b79-5af3993f0e8f
2026-08-17 17:33:39,555 - INFO - Request for orchestrate_order completed, final_status:OUT_OF_STOCK,  trace_id=6f80cb4b-23ed-482e-9b79-5af3993f0e8f
2026-08-17 17:33:39,562 - INFO - Request for checkout_cart, cart_id=acf6d835-5a1e-4ee4-b7aa-ba8245c31f0c, user_id=None, trace_id=9702448c-e585-4897-9d9f-478429b32cae
2026-08-17 17:33:39,566 - INFO - Cart Service Called, request_cart_id: acf6d835-5a1e-4ee4-b7aa-ba8245c31f0c, response_status: 200, trace_id=9702448c-e585-4897-9d9f-478429b32cae
2026-08-17 17:33:39,570 - INFO - HTTP Request: POST http://127.0.0.1:8002/price "HTTP/1.1 200 OK"
2026-08-17 17:33:39,570 - INFO - Pricing Service Called, req: {'items': [{'product_id': '4cc0770f-91bc-4c0d-a26f-7b872f02ca94', 'qty': 2}], 'promo_codes': [], 'only_final_price': True}, response_status: 200, trace_id=9702448c-e585-4897-9d9f-478429b32cae
2026-08-17 17:33:39,571 - INFO - Request for orchestrate_order started, order_id=b2bbea6c-1426-44fe-b9f9-d236be1f053f, trace_id=9702448c-e585-4897-9d9f-478429b32cae
2026-08-17 17:33:39,575 - INFO - Inventory Reservation Service Called, req: {'order_id': 'b2bbea6c-1426-44fe-b9f9-d236be1f053f', 'items': [{'sku': '4cc0770f-91bc-4c0d-a26f-7b872f02ca94', 'qty': 2}], 'atomic_update': True, 'delay': 0.0, 'drop': 0}, response_status: 200, response: {'order_id': 'b2bbea6c-1426-44fe-b9f9-d236be1f053f', 'status': 'OUT_OF_STOCK', 'reason': 'Out of stock: 4cc0770f-91bc-4c0d-a26f-7b872f02ca94', 'total_input_tokens': 0, 'total_output_tokens': 0, 'total_llm_calls': 0} trace_id=9702448c-e585-4897-9d9f-478429b32cae
2026-08-17 17:33:39,576 - INFO - Request for orchestrate_order completed, final_status:OUT_OF_STOCK,  trace_id=9702448c-e585-4897-9d9f-478429b32cae
2026-08-17 17:33:39,592 - INFO - Request for checkout_cart, cart_id=08de03dd-c1df-4f69-9fd3-40a9262a616c, user_id=order_user_26, trace_id=31847205-82bc-4046-831f-a0c778880e88
2026-08-17 17:33:39,597 - INFO - Cart Service Called, request_cart_id: 08de03dd-c1df-4f69-9fd3-40a9262a616c, response_status: 200, trace_id=31847205-82bc-4046-831f-a0c778880e88
2026-08-17 17:33:39,601 - INFO - HTTP Request: POST http://127.0.0.1:8002/price "HTTP/1.1 200 OK"
2026-08-17 17:33:39,601 - INFO - Pricing Service Called, req: {'items': [{'product_id': '4cc0770f-91bc-4c0d-a26f-7b872f02ca94', 'qty': 2}], 'promo_codes': [], 'only_final_price': True}, response_status: 200, trace_id=31847205-82bc-4046-831f-a0c778880e88
2026-08-17 17:33:39,606 - INFO - Subscription Service Called, user_id: order_user_26, response_status: 200, trace_id=31847205-82bc-4046-831f-a0c778880e88
2026-08-17 17:33:39,606 - INFO - Applied subscription discount for user order_user_26, promo_code: SUMMER20, discount: 20.0%, original_price: 500.0, discounted_price: 400.0, trace_id=31847205-82bc-4046-831f-a0c778880e88
2026-08-17 17:33:39,606 - INFO - Request for orchestrate_order started, order_id=56842cd6-46ec-4e61-8525-99da2e3b5360, trace_id=31847205-82bc-4046-831f-a0c778880e88
2026-08-17 17:33:39,613 - INFO - Inventory Reservation Service Called, req: {'order_id': '56842cd6-46ec-4e61-8525-99da2e3b5360', 'items': [{'sku': '4cc0770f-91bc-4c0d-a26f-7b872f02ca94', 'qty': 2}], 'atomic_update': True, 'delay': 0.0, 'drop': 0}, response_status: 200, response: {'order_id': '56842cd6-46ec-4e61-8525-99da2e3b5360', 'status': 'OUT_OF_STOCK', 'reason': 'Out of stock: 4cc0770f-91bc-4c0d-a26f-7b872f02ca94', 'total_input_tokens': 0, 'total_output_tokens': 0, 'total_llm_calls': 0} trace_id=31847205-82bc-4046-831f-a0c778880e88
2026-08-17 17:33:39,614 - INFO - Request for orchestrate_order completed, final_status:OUT_OF_STOCK,  trace_id=31847205-82bc-4046-831f-a0c778880e88
2026-08-17 17:33:39,624 - INFO - Request for checkout_cart, cart_id=e3eeee62-f947-4f96-aa0f-5134a050345f, user_id=None, trace_id=32adcf90-1428-4ea9-bc7e-56973f45f71a
2026-08-17 17:33:39,628 - INFO - Cart Service Called, request_cart_id: e3eeee62-f947-4f96-aa0f-5134a050345f, response_status: 200, trace_id=32adcf90-1428-4ea9-bc7e-56973f45f71a
2026-08-17 17:33:39,635 - INFO - HTTP Request: POST http://127.0.0.1:8002/price "HTTP/1.1 200 OK"
2026-08-17 17:33:39,635 - INFO - Pricing Service Called, req: {'items': [{'product_id': '4cc0770f-91bc-4c0d-a26f-7b872f02ca94', 'qty': 2}], 'promo_codes': [], 'only_final_price': True}, response_status: 200, trace_id=32adcf90-1428-4ea9-bc7e-56973f45f71a
2026-08-17 17:33:39,636 - INFO - Request for orchestrate_order started, order_id=368fbc73-3c4a-40cf-85bb-192516997637, trace_id=32adcf90-1428-4ea9-bc7e-56973f45f71a
2026-08-17 17:33:39,642 - INFO - Inventory Reservation Service Called, req: {'order_id': '368fbc73-3c4a-40cf-85bb-192516997637', 'items': [{'sku': '4cc0770f-91bc-4c0d-a26f-7b872f02ca94', 'qty': 2}], 'atomic_update': True, 'delay': 0.0, 'drop': 0}, response_status: 200, response: {'order_id': '368fbc73-3c4a-40cf-85bb-192516997637', 'status': 'OUT_OF_STOCK', 'reason': 'Out of stock: 4cc0770f-91bc-4c0d-a26f-7b872f02ca94', 'total_input_tokens': 0, 'total_output_tokens': 0, 'total_llm_calls': 0} trace_id=32adcf90-1428-4ea9-bc7e-56973f45f71a
2026-08-17 17:33:39,643 - INFO - Request for orchestrate_order completed, final_status:OUT_OF_STOCK,  trace_id=32adcf90-1428-4ea9-bc7e-56973f45f71a
2026-08-17 17:33:39,656 - INFO - Request for checkout_cart, cart_id=8933c455-481c-4657-9f41-a1a31c5281a5, user_id=order_user_27, trace_id=79c3cf10-8d00-45da-9248-22fb34a5c40f
2026-08-17 17:33:39,660 - INFO - Cart Service Called, request_cart_id: 8933c455-481c-4657-9f41-a1a31c5281a5, response_status: 200, trace_id=79c3cf10-8d00-45da-9248-22fb34a5c40f
2026-08-17 17:33:39,665 - INFO - HTTP Request: POST http://127.0.0.1:8002/price "HTTP/1.1 200 OK"
2026-08-17 17:33:39,665 - INFO - Pricing Service Called, req: {'items': [{'product_id': '4cc0770f-91bc-4c0d-a26f-7b872f02ca94', 'qty': 2}], 'promo_codes': [], 'only_final_price': True}, response_status: 200, trace_id=79c3cf10-8d00-45da-9248-22fb34a5c40f
2026-08-17 17:33:39,669 - INFO - Subscription Service Called, user_id: order_user_27, response_status: 200, trace_id=79c3cf10-8d00-45da-9248-22fb34a5c40f
2026-08-17 17:33:39,669 - INFO - Applied subscription discount for user order_user_27, promo_code: SUMMER20, discount: 20.0%, original_price: 500.0, discounted_price: 400.0, trace_id=79c3cf10-8d00-45da-9248-22fb34a5c40f
2026-08-17 17:33:39,670 - INFO - Request for orchestrate_order started, order_id=32c4a134-60c4-4980-a775-3d06e8bb53e2, trace_id=79c3cf10-8d00-45da-9248-22fb34a5c40f
2026-08-17 17:33:39,674 - INFO - Inventory Reservation Service Called, req: {'order_id': '32c4a134-60c4-4980-a775-3d06e8bb53e2', 'items': [{'sku': '4cc0770f-91bc-4c0d-a26f-7b872f02ca94', 'qty': 2}], 'atomic_update': True, 'delay': 0.0, 'drop': 0}, response_status: 200, response: {'order_id': '32c4a134-60c4-4980-a775-3d06e8bb53e2', 'status': 'OUT_OF_STOCK', 'reason': 'Out of stock: 4cc0770f-91bc-4c0d-a26f-7b872f02ca94', 'total_input_tokens': 0, 'total_output_tokens': 0, 'total_llm_calls': 0} trace_id=79c3cf10-8d00-45da-9248-22fb34a5c40f
2026-08-17 17:33:39,675 - INFO - Request for orchestrate_order completed, final_status:OUT_OF_STOCK,  trace_id=79c3cf10-8d00-45da-9248-22fb34a5c40f
2026-08-17 17:33:39,683 - INFO - Request for checkout_cart, cart_id=9382d137-bbf2-4270-9177-07e5937b5b9a, user_id=None, trace_id=a7b4f75e-4132-4fa0-829c-a785e52f74b3
2026-08-17 17:33:39,688 - INFO - Cart Service Called, request_cart_id: 9382d137-bbf2-4270-9177-07e5937b5b9a, response_status: 200, trace_id=a7b4f75e-4132-4fa0-829c-a785e52f74b3
2026-08-17 17:33:39,692 - INFO - HTTP Request: POST http://127.0.0.1:8002/price "HTTP/1.1 200 OK"
2026-08-17 17:33:39,693 - INFO - Pricing Service Called, req: {'items': [{'product_id': '4cc0770f-91bc-4c0d-a26f-7b872f02ca94', 'qty': 2}], 'promo_codes': [], 'only_final_price': True}, response_status: 200, trace_id=a7b4f75e-4132-4fa0-829c-a785e52f74b3
2026-08-17 17:33:39,693 - INFO - Request for orchestrate_order started, order_id=578d6e63-ecfa-450b-846a-87446c582c4a, trace_id=a7b4f75e-4132-4fa0-829c-a785e52f74b3
2026-08-17 17:33:39,698 - INFO - Inventory Reservation Service Called, req: {'order_id': '578d6e63-ecfa-450b-846a-87446c582c4a', 'items': [{'sku': '4cc0770f-91bc-4c0d-a26f-7b872f02ca94', 'qty': 2}], 'atomic_update': True, 'delay': 0.0, 'drop': 0}, response_status: 200, response: {'order_id': '578d6e63-ecfa-450b-846a-87446c582c4a', 'status': 'OUT_OF_STOCK', 'reason': 'Out of stock: 4cc0770f-91bc-4c0d-a26f-7b872f02ca94', 'total_input_tokens': 0, 'total_output_tokens': 0, 'total_llm_calls': 0} trace_id=a7b4f75e-4132-4fa0-829c-a785e52f74b3
2026-08-17 17:33:39,700 - INFO - Request for orchestrate_order completed, final_status:OUT_OF_STOCK,  trace_id=a7b4f75e-4132-4fa0-829c-a785e52f74b3
2026-08-17 17:33:39,712 - INFO - Request for checkout_cart, cart_id=0492c7e9-698d-41e1-81b9-d5b59fe35788, user_id=order_user_28, trace_id=c569a614-38d2-439a-be83-0ab6691eb21d
2026-08-17 17:33:39,717 - INFO - Cart Service Called, request_cart_id: 0492c7e9-698d-41e1-81b9-d5b59fe35788, response_status: 200, trace_id=c569a614-38d2-439a-be83-0ab6691eb21d
2026-08-17 17:33:39,721 - INFO - HTTP Request: POST http://127.0.0.1:8002/price "HTTP/1.1 200 OK"
2026-08-17 17:33:39,722 - INFO - Pricing Service Called, req: {'items': [{'product_id': '4cc0770f-91bc-4c0d-a26f-7b872f02ca94', 'qty': 2}], 'promo_codes': [], 'only_final_price': True}, response_status: 200, trace_id=c569a614-38d2-439a-be83-0ab6691eb21d
2026-08-17 17:33:39,726 - INFO - Subscription Service Called, user_id: order_user_28, response_status: 200, trace_id=c569a614-38d2-439a-be83-0ab6691eb21d
2026-08-17 17:33:39,726 - INFO - Applied subscription discount for user order_user_28, promo_code: SUMMER20, discount: 20.0%, original_price: 500.0, discounted_price: 400.0, trace_id=c569a614-38d2-439a-be83-0ab6691eb21d
2026-08-17 17:33:39,726 - INFO - Request for orchestrate_order started, order_id=713001cb-b648-4afd-a643-d29e4d41adfc, trace_id=c569a614-38d2-439a-be83-0ab6691eb21d
2026-08-17 17:33:39,733 - INFO - Inventory Reservation Service Called, req: {'order_id': '713001cb-b648-4afd-a643-d29e4d41adfc', 'items': [{'sku': '4cc0770f-91bc-4c0d-a26f-7b872f02ca94', 'qty': 2}], 'atomic_update': True, 'delay': 0.0, 'drop': 0}, response_status: 200, response: {'order_id': '713001cb-b648-4afd-a643-d29e4d41adfc', 'status': 'OUT_OF_STOCK', 'reason': 'Out of stock: 4cc0770f-91bc-4c0d-a26f-7b872f02ca94', 'total_input_tokens': 0, 'total_output_tokens': 0, 'total_llm_calls': 0} trace_id=c569a614-38d2-439a-be83-0ab6691eb21d
2026-08-17 17:33:39,734 - INFO - Request for orchestrate_order completed, final_status:OUT_OF_STOCK,  trace_id=c569a614-38d2-439a-be83-0ab6691eb21d
2026-08-17 17:33:39,742 - INFO - Request for checkout_cart, cart_id=5214520c-590d-4ae4-8097-f4ef237d4861, user_id=None, trace_id=323c85af-ba56-49ea-8d3f-e654345a6ae0
2026-08-17 17:33:39,746 - INFO - Cart Service Called, request_cart_id: 5214520c-590d-4ae4-8097-f4ef237d4861, response_status: 200, trace_id=323c85af-ba56-49ea-8d3f-e654345a6ae0
2026-08-17 17:33:39,751 - INFO - HTTP Request: POST http://127.0.0.1:8002/price "HTTP/1.1 200 OK"
2026-08-17 17:33:39,752 - INFO - Pricing Service Called, req: {'items': [{'product_id': '4cc0770f-91bc-4c0d-a26f-7b872f02ca94', 'qty': 2}], 'promo_codes': [], 'only_final_price': True}, response_status: 200, trace_id=323c85af-ba56-49ea-8d3f-e654345a6ae0
2026-08-17 17:33:39,752 - INFO - Request for orchestrate_order started, order_id=ac54e7d1-e873-4f60-b3e6-a8c60e4b4d40, trace_id=323c85af-ba56-49ea-8d3f-e654345a6ae0
2026-08-17 17:33:39,758 - INFO - Inventory Reservation Service Called, req: {'order_id': 'ac54e7d1-e873-4f60-b3e6-a8c60e4b4d40', 'items': [{'sku': '4cc0770f-91bc-4c0d-a26f-7b872f02ca94', 'qty': 2}], 'atomic_update': True, 'delay': 0.0, 'drop': 0}, response_status: 200, response: {'order_id': 'ac54e7d1-e873-4f60-b3e6-a8c60e4b4d40', 'status': 'OUT_OF_STOCK', 'reason': 'Out of stock: 4cc0770f-91bc-4c0d-a26f-7b872f02ca94', 'total_input_tokens': 0, 'total_output_tokens': 0, 'total_llm_calls': 0} trace_id=323c85af-ba56-49ea-8d3f-e654345a6ae0
2026-08-17 17:33:39,759 - INFO - Request for orchestrate_order completed, final_status:OUT_OF_STOCK,  trace_id=323c85af-ba56-49ea-8d3f-e654345a6ae0
2026-08-17 17:33:39,774 - INFO - Request for checkout_cart, cart_id=e5c2b75c-af6b-47fa-907f-36b64b1f27e1, user_id=order_user_29, trace_id=a2e0fe32-f708-493d-94c6-6f0315707160
2026-08-17 17:33:39,778 - INFO - Cart Service Called, request_cart_id: e5c2b75c-af6b-47fa-907f-36b64b1f27e1, response_status: 200, trace_id=a2e0fe32-f708-493d-94c6-6f0315707160
2026-08-17 17:33:39,783 - INFO - HTTP Request: POST http://127.0.0.1:8002/price "HTTP/1.1 200 OK"
2026-08-17 17:33:39,784 - INFO - Pricing Service Called, req: {'items': [{'product_id': '4cc0770f-91bc-4c0d-a26f-7b872f02ca94', 'qty': 2}], 'promo_codes': [], 'only_final_price': True}, response_status: 200, trace_id=a2e0fe32-f708-493d-94c6-6f0315707160
2026-08-17 17:33:39,791 - INFO - Subscription Service Called, user_id: order_user_29, response_status: 200, trace_id=a2e0fe32-f708-493d-94c6-6f0315707160
2026-08-17 17:33:39,792 - INFO - Applied subscription discount for user order_user_29, promo_code: SUMMER20, discount: 20.0%, original_price: 500.0, discounted_price: 400.0, trace_id=a2e0fe32-f708-493d-94c6-6f0315707160
2026-08-17 17:33:39,792 - INFO - Request for orchestrate_order started, order_id=1067d2f8-dfde-4ee5-8b0d-684072bc4a84, trace_id=a2e0fe32-f708-493d-94c6-6f0315707160
2026-08-17 17:33:39,798 - INFO - Inventory Reservation Service Called, req: {'order_id': '1067d2f8-dfde-4ee5-8b0d-684072bc4a84', 'items': [{'sku': '4cc0770f-91bc-4c0d-a26f-7b872f02ca94', 'qty': 2}], 'atomic_update': True, 'delay': 0.0, 'drop': 0}, response_status: 200, response: {'order_id': '1067d2f8-dfde-4ee5-8b0d-684072bc4a84', 'status': 'OUT_OF_STOCK', 'reason': 'Out of stock: 4cc0770f-91bc-4c0d-a26f-7b872f02ca94', 'total_input_tokens': 0, 'total_output_tokens': 0, 'total_llm_calls': 0} trace_id=a2e0fe32-f708-493d-94c6-6f0315707160
2026-08-17 17:33:39,799 - INFO - Request for orchestrate_order completed, final_status:OUT_OF_STOCK,  trace_id=a2e0fe32-f708-493d-94c6-6f0315707160
2026-08-17 17:33:39,807 - INFO - Request for checkout_cart, cart_id=f7a3d75e-ba8c-4e79-8e9b-c78da6a90475, user_id=None, trace_id=c04f213e-6e3c-4969-8db5-6926015079b9
2026-08-17 17:33:39,812 - INFO - Cart Service Called, request_cart_id: f7a3d75e-ba8c-4e79-8e9b-c78da6a90475, response_status: 200, trace_id=c04f213e-6e3c-4969-8db5-6926015079b9
2026-08-17 17:33:39,816 - INFO - HTTP Request: POST http://127.0.0.1:8002/price "HTTP/1.1 200 OK"
2026-08-17 17:33:39,817 - INFO - Pricing Service Called, req: {'items': [{'product_id': '4cc0770f-91bc-4c0d-a26f-7b872f02ca94', 'qty': 2}], 'promo_codes': [], 'only_final_price': True}, response_status: 200, trace_id=c04f213e-6e3c-4969-8db5-6926015079b9
2026-08-17 17:33:39,817 - INFO - Request for orchestrate_order started, order_id=37bfd27c-7148-430a-8924-1dcf21667530, trace_id=c04f213e-6e3c-4969-8db5-6926015079b9
2026-08-17 17:33:39,823 - INFO - Inventory Reservation Service Called, req: {'order_id': '37bfd27c-7148-430a-8924-1dcf21667530', 'items': [{'sku': '4cc0770f-91bc-4c0d-a26f-7b872f02ca94', 'qty': 2}], 'atomic_update': True, 'delay': 0.0, 'drop': 0}, response_status: 200, response: {'order_id': '37bfd27c-7148-430a-8924-1dcf21667530', 'status': 'OUT_OF_STOCK', 'reason': 'Out of stock: 4cc0770f-91bc-4c0d-a26f-7b872f02ca94', 'total_input_tokens': 0, 'total_output_tokens': 0, 'total_llm_calls': 0} trace_id=c04f213e-6e3c-4969-8db5-6926015079b9
2026-08-17 17:33:39,824 - INFO - Request for orchestrate_order completed, final_status:OUT_OF_STOCK,  trace_id=c04f213e-6e3c-4969-8db5-6926015079b9
2026-08-17 17:33:39,839 - INFO - Request for checkout_cart, cart_id=3ad273ad-0143-48ae-b9b2-df2ce2be21ed, user_id=order_user_30, trace_id=352f6aea-d5f2-4406-82ab-393fbd222830
2026-08-17 17:33:39,843 - INFO - Cart Service Called, request_cart_id: 3ad273ad-0143-48ae-b9b2-df2ce2be21ed, response_status: 200, trace_id=352f6aea-d5f2-4406-82ab-393fbd222830
2026-08-17 17:33:39,848 - INFO - HTTP Request: POST http://127.0.0.1:8002/price "HTTP/1.1 200 OK"
2026-08-17 17:33:39,849 - INFO - Pricing Service Called, req: {'items': [{'product_id': '4cc0770f-91bc-4c0d-a26f-7b872f02ca94', 'qty': 2}], 'promo_codes': [], 'only_final_price': True}, response_status: 200, trace_id=352f6aea-d5f2-4406-82ab-393fbd222830
2026-08-17 17:33:39,853 - INFO - Subscription Service Called, user_id: order_user_30, response_status: 200, trace_id=352f6aea-d5f2-4406-82ab-393fbd222830
2026-08-17 17:33:39,853 - INFO - Applied subscription discount for user order_user_30, promo_code: SUMMER20, discount: 20.0%, original_price: 500.0, discounted_price: 400.0, trace_id=352f6aea-d5f2-4406-82ab-393fbd222830
2026-08-17 17:33:39,854 - INFO - Request for orchestrate_order started, order_id=ac23f6a7-6d1c-4478-b97f-9e34930c2fd3, trace_id=352f6aea-d5f2-4406-82ab-393fbd222830
2026-08-17 17:33:39,859 - INFO - Inventory Reservation Service Called, req: {'order_id': 'ac23f6a7-6d1c-4478-b97f-9e34930c2fd3', 'items': [{'sku': '4cc0770f-91bc-4c0d-a26f-7b872f02ca94', 'qty': 2}], 'atomic_update': True, 'delay': 0.0, 'drop': 0}, response_status: 200, response: {'order_id': 'ac23f6a7-6d1c-4478-b97f-9e34930c2fd3', 'status': 'OUT_OF_STOCK', 'reason': 'Out of stock: 4cc0770f-91bc-4c0d-a26f-7b872f02ca94', 'total_input_tokens': 0, 'total_output_tokens': 0, 'total_llm_calls': 0} trace_id=352f6aea-d5f2-4406-82ab-393fbd222830
2026-08-17 17:33:39,860 - INFO - Request for orchestrate_order completed, final_status:OUT_OF_STOCK,  trace_id=352f6aea-d5f2-4406-82ab-393fbd222830
2026-08-17 17:33:39,869 - INFO - Request for checkout_cart, cart_id=85f894c7-d3ea-4a05-92e5-1198fb498379, user_id=None, trace_id=f45921fd-7091-4d62-a5d3-6d438746ee86
2026-08-17 17:33:39,873 - INFO - Cart Service Called, request_cart_id: 85f894c7-d3ea-4a05-92e5-1198fb498379, response_status: 200, trace_id=f45921fd-7091-4d62-a5d3-6d438746ee86
2026-08-17 17:33:39,877 - INFO - HTTP Request: POST http://127.0.0.1:8002/price "HTTP/1.1 200 OK"
2026-08-17 17:33:39,877 - INFO - Pricing Service Called, req: {'items': [{'product_id': '4cc0770f-91bc-4c0d-a26f-7b872f02ca94', 'qty': 2}], 'promo_codes': [], 'only_final_price': True}, response_status: 200, trace_id=f45921fd-7091-4d62-a5d3-6d438746ee86
2026-08-17 17:33:39,878 - INFO - Request for orchestrate_order started, order_id=2f95db3a-b1d0-4e01-867b-33281e616452, trace_id=f45921fd-7091-4d62-a5d3-6d438746ee86
2026-08-17 17:33:39,883 - INFO - Inventory Reservation Service Called, req: {'order_id': '2f95db3a-b1d0-4e01-867b-33281e616452', 'items': [{'sku': '4cc0770f-91bc-4c0d-a26f-7b872f02ca94', 'qty': 2}], 'atomic_update': True, 'delay': 0.0, 'drop': 0}, response_status: 200, response: {'order_id': '2f95db3a-b1d0-4e01-867b-33281e616452', 'status': 'OUT_OF_STOCK', 'reason': 'Out of stock: 4cc0770f-91bc-4c0d-a26f-7b872f02ca94', 'total_input_tokens': 0, 'total_output_tokens': 0, 'total_llm_calls': 0} trace_id=f45921fd-7091-4d62-a5d3-6d438746ee86
2026-08-17 17:33:39,886 - INFO - Request for orchestrate_order completed, final_status:OUT_OF_STOCK,  trace_id=f45921fd-7091-4d62-a5d3-6d438746ee86
2026-08-17 17:33:39,901 - INFO - Request for checkout_cart, cart_id=86eb6343-f641-42dc-b497-fa7cca6509aa, user_id=order_user_31, trace_id=b2327308-eb6f-4b16-9c87-52d7e1f6d48c
2026-08-17 17:33:39,905 - INFO - Cart Service Called, request_cart_id: 86eb6343-f641-42dc-b497-fa7cca6509aa, response_status: 200, trace_id=b2327308-eb6f-4b16-9c87-52d7e1f6d48c
2026-08-17 17:33:39,909 - INFO - HTTP Request: POST http://127.0.0.1:8002/price "HTTP/1.1 200 OK"
2026-08-17 17:33:39,909 - INFO - Pricing Service Called, req: {'items': [{'product_id': '4cc0770f-91bc-4c0d-a26f-7b872f02ca94', 'qty': 2}], 'promo_codes': [], 'only_final_price': True}, response_status: 200, trace_id=b2327308-eb6f-4b16-9c87-52d7e1f6d48c
2026-08-17 17:33:39,913 - INFO - Subscription Service Called, user_id: order_user_31, response_status: 200, trace_id=b2327308-eb6f-4b16-9c87-52d7e1f6d48c
2026-08-17 17:33:39,913 - INFO - Applied subscription discount for user order_user_31, promo_code: SUMMER20, discount: 20.0%, original_price: 500.0, discounted_price: 400.0, trace_id=b2327308-eb6f-4b16-9c87-52d7e1f6d48c
2026-08-17 17:33:39,913 - INFO - Request for orchestrate_order started, order_id=531cc705-070f-47f6-b0b0-a8aa177ab5ec, trace_id=b2327308-eb6f-4b16-9c87-52d7e1f6d48c
2026-08-17 17:33:39,919 - INFO - Inventory Reservation Service Called, req: {'order_id': '531cc705-070f-47f6-b0b0-a8aa177ab5ec', 'items': [{'sku': '4cc0770f-91bc-4c0d-a26f-7b872f02ca94', 'qty': 2}], 'atomic_update': True, 'delay': 0.0, 'drop': 0}, response_status: 200, response: {'order_id': '531cc705-070f-47f6-b0b0-a8aa177ab5ec', 'status': 'OUT_OF_STOCK', 'reason': 'Out of stock: 4cc0770f-91bc-4c0d-a26f-7b872f02ca94', 'total_input_tokens': 0, 'total_output_tokens': 0, 'total_llm_calls': 0} trace_id=b2327308-eb6f-4b16-9c87-52d7e1f6d48c
2026-08-17 17:33:39,920 - INFO - Request for orchestrate_order completed, final_status:OUT_OF_STOCK,  trace_id=b2327308-eb6f-4b16-9c87-52d7e1f6d48c
2026-08-17 17:33:39,928 - INFO - Request for checkout_cart, cart_id=66ef9c97-4e7e-420e-b082-8a5c5e4c86c4, user_id=None, trace_id=f25b7e71-8d1f-401e-8b92-449805002d4d
2026-08-17 17:33:39,933 - INFO - Cart Service Called, request_cart_id: 66ef9c97-4e7e-420e-b082-8a5c5e4c86c4, response_status: 200, trace_id=f25b7e71-8d1f-401e-8b92-449805002d4d
2026-08-17 17:33:39,937 - INFO - HTTP Request: POST http://127.0.0.1:8002/price "HTTP/1.1 200 OK"
2026-08-17 17:33:39,938 - INFO - Pricing Service Called, req: {'items': [{'product_id': '4cc0770f-91bc-4c0d-a26f-7b872f02ca94', 'qty': 2}], 'promo_codes': [], 'only_final_price': True}, response_status: 200, trace_id=f25b7e71-8d1f-401e-8b92-449805002d4d
2026-08-17 17:33:39,938 - INFO - Request for orchestrate_order started, order_id=25588712-5319-461d-b4e7-2eac569d4301, trace_id=f25b7e71-8d1f-401e-8b92-449805002d4d
2026-08-17 17:33:39,943 - INFO - Inventory Reservation Service Called, req: {'order_id': '25588712-5319-461d-b4e7-2eac569d4301', 'items': [{'sku': '4cc0770f-91bc-4c0d-a26f-7b872f02ca94', 'qty': 2}], 'atomic_update': True, 'delay': 0.0, 'drop': 0}, response_status: 200, response: {'order_id': '25588712-5319-461d-b4e7-2eac569d4301', 'status': 'OUT_OF_STOCK', 'reason': 'Out of stock: 4cc0770f-91bc-4c0d-a26f-7b872f02ca94', 'total_input_tokens': 0, 'total_output_tokens': 0, 'total_llm_calls': 0} trace_id=f25b7e71-8d1f-401e-8b92-449805002d4d
2026-08-17 17:33:39,944 - INFO - Request for orchestrate_order completed, final_status:OUT_OF_STOCK,  trace_id=f25b7e71-8d1f-401e-8b92-449805002d4d
2026-08-17 17:33:39,959 - INFO - Request for checkout_cart, cart_id=f8ac0ff8-b19b-4858-9252-554c2e32ac26, user_id=order_user_32, trace_id=e29e2549-df65-43d7-b6f6-bb64c455414c
2026-08-17 17:33:39,964 - INFO - Cart Service Called, request_cart_id: f8ac0ff8-b19b-4858-9252-554c2e32ac26, response_status: 200, trace_id=e29e2549-df65-43d7-b6f6-bb64c455414c
2026-08-17 17:33:39,969 - INFO - HTTP Request: POST http://127.0.0.1:8002/price "HTTP/1.1 200 OK"
2026-08-17 17:33:39,969 - INFO - Pricing Service Called, req: {'items': [{'product_id': '4cc0770f-91bc-4c0d-a26f-7b872f02ca94', 'qty': 2}], 'promo_codes': [], 'only_final_price': True}, response_status: 200, trace_id=e29e2549-df65-43d7-b6f6-bb64c455414c
2026-08-17 17:33:39,973 - INFO - Subscription Service Called, user_id: order_user_32, response_status: 200, trace_id=e29e2549-df65-43d7-b6f6-bb64c455414c
2026-08-17 17:33:39,973 - INFO - Applied subscription discount for user order_user_32, promo_code: SUMMER20, discount: 20.0%, original_price: 500.0, discounted_price: 400.0, trace_id=e29e2549-df65-43d7-b6f6-bb64c455414c
2026-08-17 17:33:39,974 - INFO - Request for orchestrate_order started, order_id=661bd9e3-aa79-4736-8b75-05014db54a90, trace_id=e29e2549-df65-43d7-b6f6-bb64c455414c
2026-08-17 17:33:39,980 - INFO - Inventory Reservation Service Called, req: {'order_id': '661bd9e3-aa79-4736-8b75-05014db54a90', 'items': [{'sku': '4cc0770f-91bc-4c0d-a26f-7b872f02ca94', 'qty': 2}], 'atomic_update': True, 'delay': 0.0, 'drop': 0}, response_status: 200, response: {'order_id': '661bd9e3-aa79-4736-8b75-05014db54a90', 'status': 'OUT_OF_STOCK', 'reason': 'Out of stock: 4cc0770f-91bc-4c0d-a26f-7b872f02ca94', 'total_input_tokens': 0, 'total_output_tokens': 0, 'total_llm_calls': 0} trace_id=e29e2549-df65-43d7-b6f6-bb64c455414c
2026-08-17 17:33:39,981 - INFO - Request for orchestrate_order completed, final_status:OUT_OF_STOCK,  trace_id=e29e2549-df65-43d7-b6f6-bb64c455414c
2026-08-17 17:33:39,992 - INFO - Request for checkout_cart, cart_id=a7f646a0-2535-47a3-8174-080d9927b2db, user_id=None, trace_id=f2c8bd15-d2de-499e-bd66-c0f5e62130a3
2026-08-17 17:33:39,997 - INFO - Cart Service Called, request_cart_id: a7f646a0-2535-47a3-8174-080d9927b2db, response_status: 200, trace_id=f2c8bd15-d2de-499e-bd66-c0f5e62130a3
2026-08-17 17:33:40,005 - INFO - HTTP Request: POST http://127.0.0.1:8002/price "HTTP/1.1 200 OK"
2026-08-17 17:33:40,005 - INFO - Pricing Service Called, req: {'items': [{'product_id': '4cc0770f-91bc-4c0d-a26f-7b872f02ca94', 'qty': 2}], 'promo_codes': [], 'only_final_price': True}, response_status: 200, trace_id=f2c8bd15-d2de-499e-bd66-c0f5e62130a3
2026-08-17 17:33:40,005 - INFO - Request for orchestrate_order started, order_id=884f5457-fbea-4b01-8310-84f13aea610a, trace_id=f2c8bd15-d2de-499e-bd66-c0f5e62130a3
2026-08-17 17:33:40,012 - INFO - Inventory Reservation Service Called, req: {'order_id': '884f5457-fbea-4b01-8310-84f13aea610a', 'items': [{'sku': '4cc0770f-91bc-4c0d-a26f-7b872f02ca94', 'qty': 2}], 'atomic_update': True, 'delay': 0.0, 'drop': 0}, response_status: 200, response: {'order_id': '884f5457-fbea-4b01-8310-84f13aea610a', 'status': 'OUT_OF_STOCK', 'reason': 'Out of stock: 4cc0770f-91bc-4c0d-a26f-7b872f02ca94', 'total_input_tokens': 0, 'total_output_tokens': 0, 'total_llm_calls': 0} trace_id=f2c8bd15-d2de-499e-bd66-c0f5e62130a3
2026-08-17 17:33:40,014 - INFO - Request for orchestrate_order completed, final_status:OUT_OF_STOCK,  trace_id=f2c8bd15-d2de-499e-bd66-c0f5e62130a3
2026-08-17 17:33:40,027 - INFO - Request for checkout_cart, cart_id=ee49c057-3173-4e0d-9071-dabf9e27576a, user_id=order_user_33, trace_id=3d9e47d9-9b7c-4cf3-bb2d-ee956572f5a4
2026-08-17 17:33:40,031 - INFO - Cart Service Called, request_cart_id: ee49c057-3173-4e0d-9071-dabf9e27576a, response_status: 200, trace_id=3d9e47d9-9b7c-4cf3-bb2d-ee956572f5a4
2026-08-17 17:33:40,037 - INFO - HTTP Request: POST http://127.0.0.1:8002/price "HTTP/1.1 200 OK"
2026-08-17 17:33:40,038 - INFO - Pricing Service Called, req: {'items': [{'product_id': '4cc0770f-91bc-4c0d-a26f-7b872f02ca94', 'qty': 2}], 'promo_codes': [], 'only_final_price': True}, response_status: 200, trace_id=3d9e47d9-9b7c-4cf3-bb2d-ee956572f5a4
2026-08-17 17:33:40,043 - INFO - Subscription Service Called, user_id: order_user_33, response_status: 200, trace_id=3d9e47d9-9b7c-4cf3-bb2d-ee956572f5a4
2026-08-17 17:33:40,043 - INFO - Applied subscription discount for user order_user_33, promo_code: SUMMER20, discount: 20.0%, original_price: 500.0, discounted_price: 400.0, trace_id=3d9e47d9-9b7c-4cf3-bb2d-ee956572f5a4
2026-08-17 17:33:40,043 - INFO - Request for orchestrate_order started, order_id=91a64c61-7648-4438-83af-c99facdf0ceb, trace_id=3d9e47d9-9b7c-4cf3-bb2d-ee956572f5a4
2026-08-17 17:33:40,052 - INFO - Inventory Reservation Service Called, req: {'order_id': '91a64c61-7648-4438-83af-c99facdf0ceb', 'items': [{'sku': '4cc0770f-91bc-4c0d-a26f-7b872f02ca94', 'qty': 2}], 'atomic_update': True, 'delay': 0.0, 'drop': 0}, response_status: 200, response: {'order_id': '91a64c61-7648-4438-83af-c99facdf0ceb', 'status': 'OUT_OF_STOCK', 'reason': 'Out of stock: 4cc0770f-91bc-4c0d-a26f-7b872f02ca94', 'total_input_tokens': 0, 'total_output_tokens': 0, 'total_llm_calls': 0} trace_id=3d9e47d9-9b7c-4cf3-bb2d-ee956572f5a4
2026-08-17 17:33:40,053 - INFO - Request for orchestrate_order completed, final_status:OUT_OF_STOCK,  trace_id=3d9e47d9-9b7c-4cf3-bb2d-ee956572f5a4
2026-08-17 17:33:40,060 - INFO - Request for checkout_cart, cart_id=ab70d4a7-8049-4e06-9d57-fffafb51c544, user_id=None, trace_id=ccce3bc4-6559-448c-9dc0-180518cb0f52
2026-08-17 17:33:40,064 - INFO - Cart Service Called, request_cart_id: ab70d4a7-8049-4e06-9d57-fffafb51c544, response_status: 200, trace_id=ccce3bc4-6559-448c-9dc0-180518cb0f52
2026-08-17 17:33:40,068 - INFO - HTTP Request: POST http://127.0.0.1:8002/price "HTTP/1.1 200 OK"
2026-08-17 17:33:40,068 - INFO - Pricing Service Called, req: {'items': [{'product_id': '4cc0770f-91bc-4c0d-a26f-7b872f02ca94', 'qty': 2}], 'promo_codes': [], 'only_final_price': True}, response_status: 200, trace_id=ccce3bc4-6559-448c-9dc0-180518cb0f52
2026-08-17 17:33:40,069 - INFO - Request for orchestrate_order started, order_id=ab39c997-8baf-460f-b319-667fedcebaed, trace_id=ccce3bc4-6559-448c-9dc0-180518cb0f52
2026-08-17 17:33:40,073 - INFO - Inventory Reservation Service Called, req: {'order_id': 'ab39c997-8baf-460f-b319-667fedcebaed', 'items': [{'sku': '4cc0770f-91bc-4c0d-a26f-7b872f02ca94', 'qty': 2}], 'atomic_update': True, 'delay': 0.0, 'drop': 0}, response_status: 200, response: {'order_id': 'ab39c997-8baf-460f-b319-667fedcebaed', 'status': 'OUT_OF_STOCK', 'reason': 'Out of stock: 4cc0770f-91bc-4c0d-a26f-7b872f02ca94', 'total_input_tokens': 0, 'total_output_tokens': 0, 'total_llm_calls': 0} trace_id=ccce3bc4-6559-448c-9dc0-180518cb0f52
2026-08-17 17:33:40,074 - INFO - Request for orchestrate_order completed, final_status:OUT_OF_STOCK,  trace_id=ccce3bc4-6559-448c-9dc0-180518cb0f52
2026-08-17 17:33:40,087 - INFO - Request for checkout_cart, cart_id=b9cbaeb3-d491-49ba-b380-595722116cec, user_id=order_user_34, trace_id=2e5b8bb4-f2d2-409b-91cd-885087d0d8d5
2026-08-17 17:33:40,091 - INFO - Cart Service Called, request_cart_id: b9cbaeb3-d491-49ba-b380-595722116cec, response_status: 200, trace_id=2e5b8bb4-f2d2-409b-91cd-885087d0d8d5
2026-08-17 17:33:40,096 - INFO - HTTP Request: POST http://127.0.0.1:8002/price "HTTP/1.1 200 OK"
2026-08-17 17:33:40,097 - INFO - Pricing Service Called, req: {'items': [{'product_id': '4cc0770f-91bc-4c0d-a26f-7b872f02ca94', 'qty': 2}], 'promo_codes': [], 'only_final_price': True}, response_status: 200, trace_id=2e5b8bb4-f2d2-409b-91cd-885087d0d8d5
2026-08-17 17:33:40,101 - INFO - Subscription Service Called, user_id: order_user_34, response_status: 200, trace_id=2e5b8bb4-f2d2-409b-91cd-885087d0d8d5
2026-08-17 17:33:40,101 - INFO - Applied subscription discount for user order_user_34, promo_code: SUMMER20, discount: 20.0%, original_price: 500.0, discounted_price: 400.0, trace_id=2e5b8bb4-f2d2-409b-91cd-885087d0d8d5
2026-08-17 17:33:40,102 - INFO - Request for orchestrate_order started, order_id=bc4bc20b-8daf-4674-b65e-381868442fc6, trace_id=2e5b8bb4-f2d2-409b-91cd-885087d0d8d5
2026-08-17 17:33:40,107 - INFO - Inventory Reservation Service Called, req: {'order_id': 'bc4bc20b-8daf-4674-b65e-381868442fc6', 'items': [{'sku': '4cc0770f-91bc-4c0d-a26f-7b872f02ca94', 'qty': 2}], 'atomic_update': True, 'delay': 0.0, 'drop': 0}, response_status: 200, response: {'order_id': 'bc4bc20b-8daf-4674-b65e-381868442fc6', 'status': 'OUT_OF_STOCK', 'reason': 'Out of stock: 4cc0770f-91bc-4c0d-a26f-7b872f02ca94', 'total_input_tokens': 0, 'total_output_tokens': 0, 'total_llm_calls': 0} trace_id=2e5b8bb4-f2d2-409b-91cd-885087d0d8d5
2026-08-17 17:33:40,108 - INFO - Request for orchestrate_order completed, final_status:OUT_OF_STOCK,  trace_id=2e5b8bb4-f2d2-409b-91cd-885087d0d8d5
2026-08-17 17:33:40,116 - INFO - Request for checkout_cart, cart_id=f0bb7b51-7bdb-4d25-b356-e2552ce6bde1, user_id=None, trace_id=fe1f4a0a-8131-4f70-8763-2fd872932d0d
2026-08-17 17:33:40,120 - INFO - Cart Service Called, request_cart_id: f0bb7b51-7bdb-4d25-b356-e2552ce6bde1, response_status: 200, trace_id=fe1f4a0a-8131-4f70-8763-2fd872932d0d
2026-08-17 17:33:40,124 - INFO - HTTP Request: POST http://127.0.0.1:8002/price "HTTP/1.1 200 OK"
2026-08-17 17:33:40,125 - INFO - Pricing Service Called, req: {'items': [{'product_id': '4cc0770f-91bc-4c0d-a26f-7b872f02ca94', 'qty': 2}], 'promo_codes': [], 'only_final_price': True}, response_status: 200, trace_id=fe1f4a0a-8131-4f70-8763-2fd872932d0d
2026-08-17 17:33:40,125 - INFO - Request for orchestrate_order started, order_id=c05a0920-440c-4148-9281-795afce7b097, trace_id=fe1f4a0a-8131-4f70-8763-2fd872932d0d
2026-08-17 17:33:40,130 - INFO - Inventory Reservation Service Called, req: {'order_id': 'c05a0920-440c-4148-9281-795afce7b097', 'items': [{'sku': '4cc0770f-91bc-4c0d-a26f-7b872f02ca94', 'qty': 2}], 'atomic_update': True, 'delay': 0.0, 'drop': 0}, response_status: 200, response: {'order_id': 'c05a0920-440c-4148-9281-795afce7b097', 'status': 'OUT_OF_STOCK', 'reason': 'Out of stock: 4cc0770f-91bc-4c0d-a26f-7b872f02ca94', 'total_input_tokens': 0, 'total_output_tokens': 0, 'total_llm_calls': 0} trace_id=fe1f4a0a-8131-4f70-8763-2fd872932d0d
2026-08-17 17:33:40,132 - INFO - Request for orchestrate_order completed, final_status:OUT_OF_STOCK,  trace_id=fe1f4a0a-8131-4f70-8763-2fd872932d0d
2026-08-17 17:33:40,146 - INFO - Request for checkout_cart, cart_id=e942f404-1220-4d67-acc5-e49717b6ee55, user_id=order_user_35, trace_id=998ad4f1-4bde-4776-b4f3-ef359f877b88
2026-08-17 17:33:40,150 - INFO - Cart Service Called, request_cart_id: e942f404-1220-4d67-acc5-e49717b6ee55, response_status: 200, trace_id=998ad4f1-4bde-4776-b4f3-ef359f877b88
2026-08-17 17:33:40,153 - INFO - HTTP Request: POST http://127.0.0.1:8002/price "HTTP/1.1 200 OK"
2026-08-17 17:33:40,154 - INFO - Pricing Service Called, req: {'items': [{'product_id': '4cc0770f-91bc-4c0d-a26f-7b872f02ca94', 'qty': 2}], 'promo_codes': [], 'only_final_price': True}, response_status: 200, trace_id=998ad4f1-4bde-4776-b4f3-ef359f877b88
2026-08-17 17:33:40,157 - INFO - Subscription Service Called, user_id: order_user_35, response_status: 200, trace_id=998ad4f1-4bde-4776-b4f3-ef359f877b88
2026-08-17 17:33:40,158 - INFO - Applied subscription discount for user order_user_35, promo_code: SUMMER20, discount: 20.0%, original_price: 500.0, discounted_price: 400.0, trace_id=998ad4f1-4bde-4776-b4f3-ef359f877b88
2026-08-17 17:33:40,158 - INFO - Request for orchestrate_order started, order_id=03972358-354d-42c2-9606-99a99ca8362c, trace_id=998ad4f1-4bde-4776-b4f3-ef359f877b88
2026-08-17 17:33:40,163 - INFO - Inventory Reservation Service Called, req: {'order_id': '03972358-354d-42c2-9606-99a99ca8362c', 'items': [{'sku': '4cc0770f-91bc-4c0d-a26f-7b872f02ca94', 'qty': 2}], 'atomic_update': True, 'delay': 0.0, 'drop': 0}, response_status: 200, response: {'order_id': '03972358-354d-42c2-9606-99a99ca8362c', 'status': 'OUT_OF_STOCK', 'reason': 'Out of stock: 4cc0770f-91bc-4c0d-a26f-7b872f02ca94', 'total_input_tokens': 0, 'total_output_tokens': 0, 'total_llm_calls': 0} trace_id=998ad4f1-4bde-4776-b4f3-ef359f877b88
2026-08-17 17:33:40,164 - INFO - Request for orchestrate_order completed, final_status:OUT_OF_STOCK,  trace_id=998ad4f1-4bde-4776-b4f3-ef359f877b88
2026-08-17 17:33:40,171 - INFO - Request for checkout_cart, cart_id=71ef244b-9e5e-466d-8e6c-df8ee46419d0, user_id=None, trace_id=35bd6111-1905-4be2-8746-b96aefbcea7f
2026-08-17 17:33:40,175 - INFO - Cart Service Called, request_cart_id: 71ef244b-9e5e-466d-8e6c-df8ee46419d0, response_status: 200, trace_id=35bd6111-1905-4be2-8746-b96aefbcea7f
2026-08-17 17:33:40,178 - INFO - HTTP Request: POST http://127.0.0.1:8002/price "HTTP/1.1 200 OK"
2026-08-17 17:33:40,179 - INFO - Pricing Service Called, req: {'items': [{'product_id': '4cc0770f-91bc-4c0d-a26f-7b872f02ca94', 'qty': 2}], 'promo_codes': [], 'only_final_price': True}, response_status: 200, trace_id=35bd6111-1905-4be2-8746-b96aefbcea7f
2026-08-17 17:33:40,179 - INFO - Request for orchestrate_order started, order_id=a7bda476-9ecd-4095-b762-ed2013ece897, trace_id=35bd6111-1905-4be2-8746-b96aefbcea7f
2026-08-17 17:33:40,185 - INFO - Inventory Reservation Service Called, req: {'order_id': 'a7bda476-9ecd-4095-b762-ed2013ece897', 'items': [{'sku': '4cc0770f-91bc-4c0d-a26f-7b872f02ca94', 'qty': 2}], 'atomic_update': True, 'delay': 0.0, 'drop': 0}, response_status: 200, response: {'order_id': 'a7bda476-9ecd-4095-b762-ed2013ece897', 'status': 'OUT_OF_STOCK', 'reason': 'Out of stock: 4cc0770f-91bc-4c0d-a26f-7b872f02ca94', 'total_input_tokens': 0, 'total_output_tokens': 0, 'total_llm_calls': 0} trace_id=35bd6111-1905-4be2-8746-b96aefbcea7f
2026-08-17 17:33:40,186 - INFO - Request for orchestrate_order completed, final_status:OUT_OF_STOCK,  trace_id=35bd6111-1905-4be2-8746-b96aefbcea7f
2026-08-17 17:33:40,201 - INFO - Request for checkout_cart, cart_id=ca850018-1d96-4ba5-89db-2cfbd188793f, user_id=order_user_36, trace_id=c53b3e86-5c26-4f03-bb6f-a0bc204ade38
2026-08-17 17:33:40,205 - INFO - Cart Service Called, request_cart_id: ca850018-1d96-4ba5-89db-2cfbd188793f, response_status: 200, trace_id=c53b3e86-5c26-4f03-bb6f-a0bc204ade38
2026-08-17 17:33:40,208 - INFO - HTTP Request: POST http://127.0.0.1:8002/price "HTTP/1.1 200 OK"
2026-08-17 17:33:40,209 - INFO - Pricing Service Called, req: {'items': [{'product_id': '4cc0770f-91bc-4c0d-a26f-7b872f02ca94', 'qty': 2}], 'promo_codes': [], 'only_final_price': True}, response_status: 200, trace_id=c53b3e86-5c26-4f03-bb6f-a0bc204ade38
2026-08-17 17:33:40,213 - INFO - Subscription Service Called, user_id: order_user_36, response_status: 200, trace_id=c53b3e86-5c26-4f03-bb6f-a0bc204ade38
2026-08-17 17:33:40,213 - INFO - Applied subscription discount for user order_user_36, promo_code: SUMMER20, discount: 20.0%, original_price: 500.0, discounted_price: 400.0, trace_id=c53b3e86-5c26-4f03-bb6f-a0bc204ade38
2026-08-17 17:33:40,214 - INFO - Request for orchestrate_order started, order_id=166d0cb5-bee4-4473-bf1c-ad57e2f13a23, trace_id=c53b3e86-5c26-4f03-bb6f-a0bc204ade38
2026-08-17 17:33:40,220 - INFO - Inventory Reservation Service Called, req: {'order_id': '166d0cb5-bee4-4473-bf1c-ad57e2f13a23', 'items': [{'sku': '4cc0770f-91bc-4c0d-a26f-7b872f02ca94', 'qty': 2}], 'atomic_update': True, 'delay': 0.0, 'drop': 0}, response_status: 200, response: {'order_id': '166d0cb5-bee4-4473-bf1c-ad57e2f13a23', 'status': 'OUT_OF_STOCK', 'reason': 'Out of stock: 4cc0770f-91bc-4c0d-a26f-7b872f02ca94', 'total_input_tokens': 0, 'total_output_tokens': 0, 'total_llm_calls': 0} trace_id=c53b3e86-5c26-4f03-bb6f-a0bc204ade38
2026-08-17 17:33:40,221 - INFO - Request for orchestrate_order completed, final_status:OUT_OF_STOCK,  trace_id=c53b3e86-5c26-4f03-bb6f-a0bc204ade38
2026-08-17 17:33:40,229 - INFO - Request for checkout_cart, cart_id=d5f97d13-e33b-4aa2-97ac-89582bdeddd4, user_id=None, trace_id=be6a1a9c-aef5-41cc-9af0-83980ee39416
2026-08-17 17:33:40,235 - INFO - Cart Service Called, request_cart_id: d5f97d13-e33b-4aa2-97ac-89582bdeddd4, response_status: 200, trace_id=be6a1a9c-aef5-41cc-9af0-83980ee39416
2026-08-17 17:33:40,240 - INFO - HTTP Request: POST http://127.0.0.1:8002/price "HTTP/1.1 200 OK"
2026-08-17 17:33:40,240 - INFO - Pricing Service Called, req: {'items': [{'product_id': '4cc0770f-91bc-4c0d-a26f-7b872f02ca94', 'qty': 2}], 'promo_codes': [], 'only_final_price': True}, response_status: 200, trace_id=be6a1a9c-aef5-41cc-9af0-83980ee39416
2026-08-17 17:33:40,240 - INFO - Request for orchestrate_order started, order_id=d1b8eb02-1ec7-43a6-a2c4-00296707f553, trace_id=be6a1a9c-aef5-41cc-9af0-83980ee39416
2026-08-17 17:33:40,249 - INFO - Inventory Reservation Service Called, req: {'order_id': 'd1b8eb02-1ec7-43a6-a2c4-00296707f553', 'items': [{'sku': '4cc0770f-91bc-4c0d-a26f-7b872f02ca94', 'qty': 2}], 'atomic_update': True, 'delay': 0.0, 'drop': 0}, response_status: 200, response: {'order_id': 'd1b8eb02-1ec7-43a6-a2c4-00296707f553', 'status': 'OUT_OF_STOCK', 'reason': 'Out of stock: 4cc0770f-91bc-4c0d-a26f-7b872f02ca94', 'total_input_tokens': 0, 'total_output_tokens': 0, 'total_llm_calls': 0} trace_id=be6a1a9c-aef5-41cc-9af0-83980ee39416
2026-08-17 17:33:40,250 - INFO - Request for orchestrate_order completed, final_status:OUT_OF_STOCK,  trace_id=be6a1a9c-aef5-41cc-9af0-83980ee39416
2026-08-17 17:33:40,263 - INFO - Request for checkout_cart, cart_id=6d402ef8-daff-4ece-9a4d-fe28626f8e23, user_id=order_user_37, trace_id=b29e1a91-8c2d-4ec3-b997-fc848a177981
2026-08-17 17:33:40,267 - INFO - Cart Service Called, request_cart_id: 6d402ef8-daff-4ece-9a4d-fe28626f8e23, response_status: 200, trace_id=b29e1a91-8c2d-4ec3-b997-fc848a177981
2026-08-17 17:33:40,271 - INFO - HTTP Request: POST http://127.0.0.1:8002/price "HTTP/1.1 200 OK"
2026-08-17 17:33:40,271 - INFO - Pricing Service Called, req: {'items': [{'product_id': '4cc0770f-91bc-4c0d-a26f-7b872f02ca94', 'qty': 2}], 'promo_codes': [], 'only_final_price': True}, response_status: 200, trace_id=b29e1a91-8c2d-4ec3-b997-fc848a177981
2026-08-17 17:33:40,275 - INFO - Subscription Service Called, user_id: order_user_37, response_status: 200, trace_id=b29e1a91-8c2d-4ec3-b997-fc848a177981
2026-08-17 17:33:40,275 - INFO - Applied subscription discount for user order_user_37, promo_code: SUMMER20, discount: 20.0%, original_price: 500.0, discounted_price: 400.0, trace_id=b29e1a91-8c2d-4ec3-b997-fc848a177981
2026-08-17 17:33:40,275 - INFO - Request for orchestrate_order started, order_id=af7f1cdf-7d58-4e8e-b93b-3fdd7f4a59e3, trace_id=b29e1a91-8c2d-4ec3-b997-fc848a177981
2026-08-17 17:33:40,280 - INFO - Inventory Reservation Service Called, req: {'order_id': 'af7f1cdf-7d58-4e8e-b93b-3fdd7f4a59e3', 'items': [{'sku': '4cc0770f-91bc-4c0d-a26f-7b872f02ca94', 'qty': 2}], 'atomic_update': True, 'delay': 0.0, 'drop': 0}, response_status: 200, response: {'order_id': 'af7f1cdf-7d58-4e8e-b93b-3fdd7f4a59e3', 'status': 'OUT_OF_STOCK', 'reason': 'Out of stock: 4cc0770f-91bc-4c0d-a26f-7b872f02ca94', 'total_input_tokens': 0, 'total_output_tokens': 0, 'total_llm_calls': 0} trace_id=b29e1a91-8c2d-4ec3-b997-fc848a177981
2026-08-17 17:33:40,281 - INFO - Request for orchestrate_order completed, final_status:OUT_OF_STOCK,  trace_id=b29e1a91-8c2d-4ec3-b997-fc848a177981
2026-08-17 17:33:40,289 - INFO - Request for checkout_cart, cart_id=d4f9ef9c-21b6-449d-8636-a705466cf969, user_id=None, trace_id=d3008b11-c5cb-4abc-8248-07c77dc9152c
2026-08-17 17:33:40,296 - INFO - Cart Service Called, request_cart_id: d4f9ef9c-21b6-449d-8636-a705466cf969, response_status: 200, trace_id=d3008b11-c5cb-4abc-8248-07c77dc9152c
2026-08-17 17:33:40,306 - INFO - HTTP Request: POST http://127.0.0.1:8002/price "HTTP/1.1 200 OK"
2026-08-17 17:33:40,307 - INFO - Pricing Service Called, req: {'items': [{'product_id': '4cc0770f-91bc-4c0d-a26f-7b872f02ca94', 'qty': 2}], 'promo_codes': [], 'only_final_price': True}, response_status: 200, trace_id=d3008b11-c5cb-4abc-8248-07c77dc9152c
2026-08-17 17:33:40,307 - INFO - Request for orchestrate_order started, order_id=8213bf93-dbd3-4f32-bc31-94496cd1d043, trace_id=d3008b11-c5cb-4abc-8248-07c77dc9152c
2026-08-17 17:33:40,320 - INFO - Inventory Reservation Service Called, req: {'order_id': '8213bf93-dbd3-4f32-bc31-94496cd1d043', 'items': [{'sku': '4cc0770f-91bc-4c0d-a26f-7b872f02ca94', 'qty': 2}], 'atomic_update': True, 'delay': 0.0, 'drop': 0}, response_status: 200, response: {'order_id': '8213bf93-dbd3-4f32-bc31-94496cd1d043', 'status': 'OUT_OF_STOCK', 'reason': 'Out of stock: 4cc0770f-91bc-4c0d-a26f-7b872f02ca94', 'total_input_tokens': 0, 'total_output_tokens': 0, 'total_llm_calls': 0} trace_id=d3008b11-c5cb-4abc-8248-07c77dc9152c
2026-08-17 17:33:40,322 - INFO - Request for orchestrate_order completed, final_status:OUT_OF_STOCK,  trace_id=d3008b11-c5cb-4abc-8248-07c77dc9152c
2026-08-17 17:33:40,343 - INFO - Request for checkout_cart, cart_id=3cba228e-0fba-4287-b5bf-763aa1651219, user_id=order_user_38, trace_id=236e9960-96a6-4548-be6a-d9578b4e6fc3
2026-08-17 17:33:40,348 - INFO - Cart Service Called, request_cart_id: 3cba228e-0fba-4287-b5bf-763aa1651219, response_status: 200, trace_id=236e9960-96a6-4548-be6a-d9578b4e6fc3
2026-08-17 17:33:40,354 - INFO - HTTP Request: POST http://127.0.0.1:8002/price "HTTP/1.1 200 OK"
2026-08-17 17:33:40,355 - INFO - Pricing Service Called, req: {'items': [{'product_id': '4cc0770f-91bc-4c0d-a26f-7b872f02ca94', 'qty': 2}], 'promo_codes': [], 'only_final_price': True}, response_status: 200, trace_id=236e9960-96a6-4548-be6a-d9578b4e6fc3
2026-08-17 17:33:40,360 - INFO - Subscription Service Called, user_id: order_user_38, response_status: 200, trace_id=236e9960-96a6-4548-be6a-d9578b4e6fc3
2026-08-17 17:33:40,360 - INFO - Applied subscription discount for user order_user_38, promo_code: SUMMER20, discount: 20.0%, original_price: 500.0, discounted_price: 400.0, trace_id=236e9960-96a6-4548-be6a-d9578b4e6fc3
2026-08-17 17:33:40,361 - INFO - Request for orchestrate_order started, order_id=62a9c026-a1f1-4f09-a07d-3886d2b835c0, trace_id=236e9960-96a6-4548-be6a-d9578b4e6fc3
2026-08-17 17:33:40,369 - INFO - Inventory Reservation Service Called, req: {'order_id': '62a9c026-a1f1-4f09-a07d-3886d2b835c0', 'items': [{'sku': '4cc0770f-91bc-4c0d-a26f-7b872f02ca94', 'qty': 2}], 'atomic_update': True, 'delay': 0.0, 'drop': 0}, response_status: 200, response: {'order_id': '62a9c026-a1f1-4f09-a07d-3886d2b835c0', 'status': 'OUT_OF_STOCK', 'reason': 'Out of stock: 4cc0770f-91bc-4c0d-a26f-7b872f02ca94', 'total_input_tokens': 0, 'total_output_tokens': 0, 'total_llm_calls': 0} trace_id=236e9960-96a6-4548-be6a-d9578b4e6fc3
2026-08-17 17:33:40,371 - INFO - Request for orchestrate_order completed, final_status:OUT_OF_STOCK,  trace_id=236e9960-96a6-4548-be6a-d9578b4e6fc3
2026-08-17 17:33:40,380 - INFO - Request for checkout_cart, cart_id=9118a422-aa1b-4d5c-ac7c-1d7b1deba51a, user_id=None, trace_id=37c5c320-32cd-4e1f-945a-f311128645fa
2026-08-17 17:33:40,384 - INFO - Cart Service Called, request_cart_id: 9118a422-aa1b-4d5c-ac7c-1d7b1deba51a, response_status: 200, trace_id=37c5c320-32cd-4e1f-945a-f311128645fa
2026-08-17 17:33:40,388 - INFO - HTTP Request: POST http://127.0.0.1:8002/price "HTTP/1.1 200 OK"
2026-08-17 17:33:40,389 - INFO - Pricing Service Called, req: {'items': [{'product_id': '4cc0770f-91bc-4c0d-a26f-7b872f02ca94', 'qty': 2}], 'promo_codes': [], 'only_final_price': True}, response_status: 200, trace_id=37c5c320-32cd-4e1f-945a-f311128645fa
2026-08-17 17:33:40,389 - INFO - Request for orchestrate_order started, order_id=057ebfd0-7f64-416d-922b-81627d74a8b1, trace_id=37c5c320-32cd-4e1f-945a-f311128645fa
2026-08-17 17:33:40,396 - INFO - Inventory Reservation Service Called, req: {'order_id': '057ebfd0-7f64-416d-922b-81627d74a8b1', 'items': [{'sku': '4cc0770f-91bc-4c0d-a26f-7b872f02ca94', 'qty': 2}], 'atomic_update': True, 'delay': 0.0, 'drop': 0}, response_status: 200, response: {'order_id': '057ebfd0-7f64-416d-922b-81627d74a8b1', 'status': 'OUT_OF_STOCK', 'reason': 'Out of stock: 4cc0770f-91bc-4c0d-a26f-7b872f02ca94', 'total_input_tokens': 0, 'total_output_tokens': 0, 'total_llm_calls': 0} trace_id=37c5c320-32cd-4e1f-945a-f311128645fa
2026-08-17 17:33:40,397 - INFO - Request for orchestrate_order completed, final_status:OUT_OF_STOCK,  trace_id=37c5c320-32cd-4e1f-945a-f311128645fa
2026-08-17 17:33:40,409 - INFO - Request for checkout_cart, cart_id=84d98b3f-42e8-4e7c-8b78-85322ad327b0, user_id=order_user_39, trace_id=42a022b2-93fa-4ea4-9233-81a8d3936035
2026-08-17 17:33:40,414 - INFO - Cart Service Called, request_cart_id: 84d98b3f-42e8-4e7c-8b78-85322ad327b0, response_status: 200, trace_id=42a022b2-93fa-4ea4-9233-81a8d3936035
2026-08-17 17:33:40,418 - INFO - HTTP Request: POST http://127.0.0.1:8002/price "HTTP/1.1 200 OK"
2026-08-17 17:33:40,419 - INFO - Pricing Service Called, req: {'items': [{'product_id': '4cc0770f-91bc-4c0d-a26f-7b872f02ca94', 'qty': 2}], 'promo_codes': [], 'only_final_price': True}, response_status: 200, trace_id=42a022b2-93fa-4ea4-9233-81a8d3936035
2026-08-17 17:33:40,423 - INFO - Subscription Service Called, user_id: order_user_39, response_status: 200, trace_id=42a022b2-93fa-4ea4-9233-81a8d3936035
2026-08-17 17:33:40,423 - INFO - Applied subscription discount for user order_user_39, promo_code: SUMMER20, discount: 20.0%, original_price: 500.0, discounted_price: 400.0, trace_id=42a022b2-93fa-4ea4-9233-81a8d3936035
2026-08-17 17:33:40,423 - INFO - Request for orchestrate_order started, order_id=a20934e3-2aa3-4fe5-9854-73b25e973565, trace_id=42a022b2-93fa-4ea4-9233-81a8d3936035
2026-08-17 17:33:40,428 - INFO - Inventory Reservation Service Called, req: {'order_id': 'a20934e3-2aa3-4fe5-9854-73b25e973565', 'items': [{'sku': '4cc0770f-91bc-4c0d-a26f-7b872f02ca94', 'qty': 2}], 'atomic_update': True, 'delay': 0.0, 'drop': 0}, response_status: 200, response: {'order_id': 'a20934e3-2aa3-4fe5-9854-73b25e973565', 'status': 'OUT_OF_STOCK', 'reason': 'Out of stock: 4cc0770f-91bc-4c0d-a26f-7b872f02ca94', 'total_input_tokens': 0, 'total_output_tokens': 0, 'total_llm_calls': 0} trace_id=42a022b2-93fa-4ea4-9233-81a8d3936035
2026-08-17 17:33:40,429 - INFO - Request for orchestrate_order completed, final_status:OUT_OF_STOCK,  trace_id=42a022b2-93fa-4ea4-9233-81a8d3936035
2026-08-17 17:33:40,437 - INFO - Request for checkout_cart, cart_id=42e2f047-9136-4033-b3cd-4b42034690e4, user_id=None, trace_id=28b4f021-4ca7-4fb6-aadd-b8dc22982e6f
2026-08-17 17:33:40,441 - INFO - Cart Service Called, request_cart_id: 42e2f047-9136-4033-b3cd-4b42034690e4, response_status: 200, trace_id=28b4f021-4ca7-4fb6-aadd-b8dc22982e6f
2026-08-17 17:33:40,445 - INFO - HTTP Request: POST http://127.0.0.1:8002/price "HTTP/1.1 200 OK"
2026-08-17 17:33:40,445 - INFO - Pricing Service Called, req: {'items': [{'product_id': '4cc0770f-91bc-4c0d-a26f-7b872f02ca94', 'qty': 2}], 'promo_codes': [], 'only_final_price': True}, response_status: 200, trace_id=28b4f021-4ca7-4fb6-aadd-b8dc22982e6f
2026-08-17 17:33:40,445 - INFO - Request for orchestrate_order started, order_id=7a669818-b824-411f-83ff-0373bacf7628, trace_id=28b4f021-4ca7-4fb6-aadd-b8dc22982e6f
2026-08-17 17:33:40,451 - INFO - Inventory Reservation Service Called, req: {'order_id': '7a669818-b824-411f-83ff-0373bacf7628', 'items': [{'sku': '4cc0770f-91bc-4c0d-a26f-7b872f02ca94', 'qty': 2}], 'atomic_update': True, 'delay': 0.0, 'drop': 0}, response_status: 200, response: {'order_id': '7a669818-b824-411f-83ff-0373bacf7628', 'status': 'OUT_OF_STOCK', 'reason': 'Out of stock: 4cc0770f-91bc-4c0d-a26f-7b872f02ca94', 'total_input_tokens': 0, 'total_output_tokens': 0, 'total_llm_calls': 0} trace_id=28b4f021-4ca7-4fb6-aadd-b8dc22982e6f
2026-08-17 17:33:40,452 - INFO - Request for orchestrate_order completed, final_status:OUT_OF_STOCK,  trace_id=28b4f021-4ca7-4fb6-aadd-b8dc22982e6f
2026-08-17 17:33:40,464 - INFO - Request for checkout_cart, cart_id=97ea60e2-6b29-46a4-b25a-1d7281518ecf, user_id=order_user_40, trace_id=16ea5ba2-41d1-47ce-80f1-c8a7cb854aba
2026-08-17 17:33:40,469 - INFO - Cart Service Called, request_cart_id: 97ea60e2-6b29-46a4-b25a-1d7281518ecf, response_status: 200, trace_id=16ea5ba2-41d1-47ce-80f1-c8a7cb854aba
2026-08-17 17:33:40,473 - INFO - HTTP Request: POST http://127.0.0.1:8002/price "HTTP/1.1 200 OK"
2026-08-17 17:33:40,473 - INFO - Pricing Service Called, req: {'items': [{'product_id': '4cc0770f-91bc-4c0d-a26f-7b872f02ca94', 'qty': 2}], 'promo_codes': [], 'only_final_price': True}, response_status: 200, trace_id=16ea5ba2-41d1-47ce-80f1-c8a7cb854aba
2026-08-17 17:33:40,477 - INFO - Subscription Service Called, user_id: order_user_40, response_status: 200, trace_id=16ea5ba2-41d1-47ce-80f1-c8a7cb854aba
2026-08-17 17:33:40,477 - INFO - Applied subscription discount for user order_user_40, promo_code: SUMMER20, discount: 20.0%, original_price: 500.0, discounted_price: 400.0, trace_id=16ea5ba2-41d1-47ce-80f1-c8a7cb854aba
2026-08-17 17:33:40,477 - INFO - Request for orchestrate_order started, order_id=4c4eba6c-d044-4bde-9a0b-85e3ba20c24e, trace_id=16ea5ba2-41d1-47ce-80f1-c8a7cb854aba
2026-08-17 17:33:40,483 - INFO - Inventory Reservation Service Called, req: {'order_id': '4c4eba6c-d044-4bde-9a0b-85e3ba20c24e', 'items': [{'sku': '4cc0770f-91bc-4c0d-a26f-7b872f02ca94', 'qty': 2}], 'atomic_update': True, 'delay': 0.0, 'drop': 0}, response_status: 200, response: {'order_id': '4c4eba6c-d044-4bde-9a0b-85e3ba20c24e', 'status': 'OUT_OF_STOCK', 'reason': 'Out of stock: 4cc0770f-91bc-4c0d-a26f-7b872f02ca94', 'total_input_tokens': 0, 'total_output_tokens': 0, 'total_llm_calls': 0} trace_id=16ea5ba2-41d1-47ce-80f1-c8a7cb854aba
2026-08-17 17:33:40,484 - INFO - Request for orchestrate_order completed, final_status:OUT_OF_STOCK,  trace_id=16ea5ba2-41d1-47ce-80f1-c8a7cb854aba
2026-08-17 17:33:40,493 - INFO - Request for checkout_cart, cart_id=36168d3a-6dde-4034-8b4e-03865e817b53, user_id=None, trace_id=86fff6f9-fc39-497d-8c88-571aa53662db
2026-08-17 17:33:40,497 - INFO - Cart Service Called, request_cart_id: 36168d3a-6dde-4034-8b4e-03865e817b53, response_status: 200, trace_id=86fff6f9-fc39-497d-8c88-571aa53662db
2026-08-17 17:33:40,501 - INFO - HTTP Request: POST http://127.0.0.1:8002/price "HTTP/1.1 200 OK"
2026-08-17 17:33:40,502 - INFO - Pricing Service Called, req: {'items': [{'product_id': '4cc0770f-91bc-4c0d-a26f-7b872f02ca94', 'qty': 2}], 'promo_codes': [], 'only_final_price': True}, response_status: 200, trace_id=86fff6f9-fc39-497d-8c88-571aa53662db
2026-08-17 17:33:40,502 - INFO - Request for orchestrate_order started, order_id=6fe4c6a3-a9b5-4b6d-bee8-5daa0b0b5817, trace_id=86fff6f9-fc39-497d-8c88-571aa53662db
2026-08-17 17:33:40,507 - INFO - Inventory Reservation Service Called, req: {'order_id': '6fe4c6a3-a9b5-4b6d-bee8-5daa0b0b5817', 'items': [{'sku': '4cc0770f-91bc-4c0d-a26f-7b872f02ca94', 'qty': 2}], 'atomic_update': True, 'delay': 0.0, 'drop': 0}, response_status: 200, response: {'order_id': '6fe4c6a3-a9b5-4b6d-bee8-5daa0b0b5817', 'status': 'OUT_OF_STOCK', 'reason': 'Out of stock: 4cc0770f-91bc-4c0d-a26f-7b872f02ca94', 'total_input_tokens': 0, 'total_output_tokens': 0, 'total_llm_calls': 0} trace_id=86fff6f9-fc39-497d-8c88-571aa53662db
2026-08-17 17:33:40,508 - INFO - Request for orchestrate_order completed, final_status:OUT_OF_STOCK,  trace_id=86fff6f9-fc39-497d-8c88-571aa53662db
2026-08-17 17:33:40,521 - INFO - Request for checkout_cart, cart_id=d0f2b9ea-82e2-4240-8f00-9075b81b1ceb, user_id=order_user_41, trace_id=fb43eddd-d0c3-4c05-8fca-20df8a12d014
2026-08-17 17:33:40,524 - INFO - Cart Service Called, request_cart_id: d0f2b9ea-82e2-4240-8f00-9075b81b1ceb, response_status: 200, trace_id=fb43eddd-d0c3-4c05-8fca-20df8a12d014
2026-08-17 17:33:40,530 - INFO - HTTP Request: POST http://127.0.0.1:8002/price "HTTP/1.1 200 OK"
2026-08-17 17:33:40,530 - INFO - Pricing Service Called, req: {'items': [{'product_id': '4cc0770f-91bc-4c0d-a26f-7b872f02ca94', 'qty': 2}], 'promo_codes': [], 'only_final_price': True}, response_status: 200, trace_id=fb43eddd-d0c3-4c05-8fca-20df8a12d014
2026-08-17 17:33:40,535 - INFO - Subscription Service Called, user_id: order_user_41, response_status: 200, trace_id=fb43eddd-d0c3-4c05-8fca-20df8a12d014
2026-08-17 17:33:40,535 - INFO - Applied subscription discount for user order_user_41, promo_code: SUMMER20, discount: 20.0%, original_price: 500.0, discounted_price: 400.0, trace_id=fb43eddd-d0c3-4c05-8fca-20df8a12d014
2026-08-17 17:33:40,535 - INFO - Request for orchestrate_order started, order_id=22eeab9c-629b-4677-a04f-d8a17c355e82, trace_id=fb43eddd-d0c3-4c05-8fca-20df8a12d014
2026-08-17 17:33:40,540 - INFO - Inventory Reservation Service Called, req: {'order_id': '22eeab9c-629b-4677-a04f-d8a17c355e82', 'items': [{'sku': '4cc0770f-91bc-4c0d-a26f-7b872f02ca94', 'qty': 2}], 'atomic_update': True, 'delay': 0.0, 'drop': 0}, response_status: 200, response: {'order_id': '22eeab9c-629b-4677-a04f-d8a17c355e82', 'status': 'OUT_OF_STOCK', 'reason': 'Out of stock: 4cc0770f-91bc-4c0d-a26f-7b872f02ca94', 'total_input_tokens': 0, 'total_output_tokens': 0, 'total_llm_calls': 0} trace_id=fb43eddd-d0c3-4c05-8fca-20df8a12d014
2026-08-17 17:33:40,541 - INFO - Request for orchestrate_order completed, final_status:OUT_OF_STOCK,  trace_id=fb43eddd-d0c3-4c05-8fca-20df8a12d014
2026-08-17 17:33:40,548 - INFO - Request for checkout_cart, cart_id=ed7cb730-e1ab-4e2e-a308-dcc480b98344, user_id=None, trace_id=0bbf1b4d-9ff3-4c39-b842-f33cc0727ee9
2026-08-17 17:33:40,552 - INFO - Cart Service Called, request_cart_id: ed7cb730-e1ab-4e2e-a308-dcc480b98344, response_status: 200, trace_id=0bbf1b4d-9ff3-4c39-b842-f33cc0727ee9
2026-08-17 17:33:40,556 - INFO - HTTP Request: POST http://127.0.0.1:8002/price "HTTP/1.1 200 OK"
2026-08-17 17:33:40,556 - INFO - Pricing Service Called, req: {'items': [{'product_id': '4cc0770f-91bc-4c0d-a26f-7b872f02ca94', 'qty': 2}], 'promo_codes': [], 'only_final_price': True}, response_status: 200, trace_id=0bbf1b4d-9ff3-4c39-b842-f33cc0727ee9
2026-08-17 17:33:40,556 - INFO - Request for orchestrate_order started, order_id=bf5e03bb-fc05-4d34-a8c2-3f8c6c02611e, trace_id=0bbf1b4d-9ff3-4c39-b842-f33cc0727ee9
2026-08-17 17:33:40,561 - INFO - Inventory Reservation Service Called, req: {'order_id': 'bf5e03bb-fc05-4d34-a8c2-3f8c6c02611e', 'items': [{'sku': '4cc0770f-91bc-4c0d-a26f-7b872f02ca94', 'qty': 2}], 'atomic_update': True, 'delay': 0.0, 'drop': 0}, response_status: 200, response: {'order_id': 'bf5e03bb-fc05-4d34-a8c2-3f8c6c02611e', 'status': 'OUT_OF_STOCK', 'reason': 'Out of stock: 4cc0770f-91bc-4c0d-a26f-7b872f02ca94', 'total_input_tokens': 0, 'total_output_tokens': 0, 'total_llm_calls': 0} trace_id=0bbf1b4d-9ff3-4c39-b842-f33cc0727ee9
2026-08-17 17:33:40,562 - INFO - Request for orchestrate_order completed, final_status:OUT_OF_STOCK,  trace_id=0bbf1b4d-9ff3-4c39-b842-f33cc0727ee9
2026-08-17 17:33:40,575 - INFO - Request for checkout_cart, cart_id=be9d375f-2d1d-4688-8efc-a17a20395a9e, user_id=order_user_42, trace_id=843e2caf-e8b8-4e5f-926a-c5a71987830c
2026-08-17 17:33:40,579 - INFO - Cart Service Called, request_cart_id: be9d375f-2d1d-4688-8efc-a17a20395a9e, response_status: 200, trace_id=843e2caf-e8b8-4e5f-926a-c5a71987830c
2026-08-17 17:33:40,583 - INFO - HTTP Request: POST http://127.0.0.1:8002/price "HTTP/1.1 200 OK"
2026-08-17 17:33:40,584 - INFO - Pricing Service Called, req: {'items': [{'product_id': '4cc0770f-91bc-4c0d-a26f-7b872f02ca94', 'qty': 2}], 'promo_codes': [], 'only_final_price': True}, response_status: 200, trace_id=843e2caf-e8b8-4e5f-926a-c5a71987830c
2026-08-17 17:33:40,588 - INFO - Subscription Service Called, user_id: order_user_42, response_status: 200, trace_id=843e2caf-e8b8-4e5f-926a-c5a71987830c
2026-08-17 17:33:40,588 - INFO - Applied subscription discount for user order_user_42, promo_code: SUMMER20, discount: 20.0%, original_price: 500.0, discounted_price: 400.0, trace_id=843e2caf-e8b8-4e5f-926a-c5a71987830c
2026-08-17 17:33:40,588 - INFO - Request for orchestrate_order started, order_id=9a36234e-6136-4664-a4cf-c01826ca74e2, trace_id=843e2caf-e8b8-4e5f-926a-c5a71987830c
2026-08-17 17:33:40,594 - INFO - Inventory Reservation Service Called, req: {'order_id': '9a36234e-6136-4664-a4cf-c01826ca74e2', 'items': [{'sku': '4cc0770f-91bc-4c0d-a26f-7b872f02ca94', 'qty': 2}], 'atomic_update': True, 'delay': 0.0, 'drop': 0}, response_status: 200, response: {'order_id': '9a36234e-6136-4664-a4cf-c01826ca74e2', 'status': 'OUT_OF_STOCK', 'reason': 'Out of stock: 4cc0770f-91bc-4c0d-a26f-7b872f02ca94', 'total_input_tokens': 0, 'total_output_tokens': 0, 'total_llm_calls': 0} trace_id=843e2caf-e8b8-4e5f-926a-c5a71987830c
2026-08-17 17:33:40,596 - INFO - Request for orchestrate_order completed, final_status:OUT_OF_STOCK,  trace_id=843e2caf-e8b8-4e5f-926a-c5a71987830c
2026-08-17 17:33:40,604 - INFO - Request for checkout_cart, cart_id=a777d039-1f40-40ff-b643-d4c863c1cf05, user_id=None, trace_id=fda825d8-fcfd-4c42-83e0-c19e40790f49
2026-08-17 17:33:40,608 - INFO - Cart Service Called, request_cart_id: a777d039-1f40-40ff-b643-d4c863c1cf05, response_status: 200, trace_id=fda825d8-fcfd-4c42-83e0-c19e40790f49
2026-08-17 17:33:40,611 - INFO - HTTP Request: POST http://127.0.0.1:8002/price "HTTP/1.1 200 OK"
2026-08-17 17:33:40,612 - INFO - Pricing Service Called, req: {'items': [{'product_id': '4cc0770f-91bc-4c0d-a26f-7b872f02ca94', 'qty': 2}], 'promo_codes': [], 'only_final_price': True}, response_status: 200, trace_id=fda825d8-fcfd-4c42-83e0-c19e40790f49
2026-08-17 17:33:40,612 - INFO - Request for orchestrate_order started, order_id=e4dc0c76-0125-45fa-940b-e7a7759a5f25, trace_id=fda825d8-fcfd-4c42-83e0-c19e40790f49
2026-08-17 17:33:40,618 - INFO - Inventory Reservation Service Called, req: {'order_id': 'e4dc0c76-0125-45fa-940b-e7a7759a5f25', 'items': [{'sku': '4cc0770f-91bc-4c0d-a26f-7b872f02ca94', 'qty': 2}], 'atomic_update': True, 'delay': 0.0, 'drop': 0}, response_status: 200, response: {'order_id': 'e4dc0c76-0125-45fa-940b-e7a7759a5f25', 'status': 'OUT_OF_STOCK', 'reason': 'Out of stock: 4cc0770f-91bc-4c0d-a26f-7b872f02ca94', 'total_input_tokens': 0, 'total_output_tokens': 0, 'total_llm_calls': 0} trace_id=fda825d8-fcfd-4c42-83e0-c19e40790f49
2026-08-17 17:33:40,619 - INFO - Request for orchestrate_order completed, final_status:OUT_OF_STOCK,  trace_id=fda825d8-fcfd-4c42-83e0-c19e40790f49
2026-08-17 17:33:40,632 - INFO - Request for checkout_cart, cart_id=8868bce5-b5f9-4610-a41f-ae5c048b0c39, user_id=order_user_43, trace_id=6e60b3b8-cee8-4057-9dee-b50305140e8a
2026-08-17 17:33:40,637 - INFO - Cart Service Called, request_cart_id: 8868bce5-b5f9-4610-a41f-ae5c048b0c39, response_status: 200, trace_id=6e60b3b8-cee8-4057-9dee-b50305140e8a
2026-08-17 17:33:40,641 - INFO - HTTP Request: POST http://127.0.0.1:8002/price "HTTP/1.1 200 OK"
2026-08-17 17:33:40,642 - INFO - Pricing Service Called, req: {'items': [{'product_id': '4cc0770f-91bc-4c0d-a26f-7b872f02ca94', 'qty': 2}], 'promo_codes': [], 'only_final_price': True}, response_status: 200, trace_id=6e60b3b8-cee8-4057-9dee-b50305140e8a
2026-08-17 17:33:40,646 - INFO - Subscription Service Called, user_id: order_user_43, response_status: 200, trace_id=6e60b3b8-cee8-4057-9dee-b50305140e8a
2026-08-17 17:33:40,646 - INFO - Applied subscription discount for user order_user_43, promo_code: SUMMER20, discount: 20.0%, original_price: 500.0, discounted_price: 400.0, trace_id=6e60b3b8-cee8-4057-9dee-b50305140e8a
2026-08-17 17:33:40,647 - INFO - Request for orchestrate_order started, order_id=604076d8-0993-4342-8559-b262547a66ba, trace_id=6e60b3b8-cee8-4057-9dee-b50305140e8a
2026-08-17 17:33:40,653 - INFO - Inventory Reservation Service Called, req: {'order_id': '604076d8-0993-4342-8559-b262547a66ba', 'items': [{'sku': '4cc0770f-91bc-4c0d-a26f-7b872f02ca94', 'qty': 2}], 'atomic_update': True, 'delay': 0.0, 'drop': 0}, response_status: 200, response: {'order_id': '604076d8-0993-4342-8559-b262547a66ba', 'status': 'OUT_OF_STOCK', 'reason': 'Out of stock: 4cc0770f-91bc-4c0d-a26f-7b872f02ca94', 'total_input_tokens': 0, 'total_output_tokens': 0, 'total_llm_calls': 0} trace_id=6e60b3b8-cee8-4057-9dee-b50305140e8a
2026-08-17 17:33:40,654 - INFO - Request for orchestrate_order completed, final_status:OUT_OF_STOCK,  trace_id=6e60b3b8-cee8-4057-9dee-b50305140e8a
2026-08-17 17:33:40,663 - INFO - Request for checkout_cart, cart_id=540b07b2-ac38-49b7-acf5-6e5245784f08, user_id=None, trace_id=3601f3fc-ad28-45bf-a2f9-b105fc771af9
2026-08-17 17:33:40,667 - INFO - Cart Service Called, request_cart_id: 540b07b2-ac38-49b7-acf5-6e5245784f08, response_status: 200, trace_id=3601f3fc-ad28-45bf-a2f9-b105fc771af9
2026-08-17 17:33:40,670 - INFO - HTTP Request: POST http://127.0.0.1:8002/price "HTTP/1.1 200 OK"
2026-08-17 17:33:40,671 - INFO - Pricing Service Called, req: {'items': [{'product_id': '4cc0770f-91bc-4c0d-a26f-7b872f02ca94', 'qty': 2}], 'promo_codes': [], 'only_final_price': True}, response_status: 200, trace_id=3601f3fc-ad28-45bf-a2f9-b105fc771af9
2026-08-17 17:33:40,671 - INFO - Request for orchestrate_order started, order_id=9458bcc8-38ac-4dce-ad47-ec9eae9e2316, trace_id=3601f3fc-ad28-45bf-a2f9-b105fc771af9
2026-08-17 17:33:40,676 - INFO - Inventory Reservation Service Called, req: {'order_id': '9458bcc8-38ac-4dce-ad47-ec9eae9e2316', 'items': [{'sku': '4cc0770f-91bc-4c0d-a26f-7b872f02ca94', 'qty': 2}], 'atomic_update': True, 'delay': 0.0, 'drop': 0}, response_status: 200, response: {'order_id': '9458bcc8-38ac-4dce-ad47-ec9eae9e2316', 'status': 'OUT_OF_STOCK', 'reason': 'Out of stock: 4cc0770f-91bc-4c0d-a26f-7b872f02ca94', 'total_input_tokens': 0, 'total_output_tokens': 0, 'total_llm_calls': 0} trace_id=3601f3fc-ad28-45bf-a2f9-b105fc771af9
2026-08-17 17:33:40,677 - INFO - Request for orchestrate_order completed, final_status:OUT_OF_STOCK,  trace_id=3601f3fc-ad28-45bf-a2f9-b105fc771af9
2026-08-17 17:33:40,690 - INFO - Request for checkout_cart, cart_id=46d23f93-0a02-4b4a-a8aa-550f5e3a11f6, user_id=order_user_44, trace_id=7036e517-f278-4641-8462-18a0b9bf7514
2026-08-17 17:33:40,696 - INFO - Cart Service Called, request_cart_id: 46d23f93-0a02-4b4a-a8aa-550f5e3a11f6, response_status: 200, trace_id=7036e517-f278-4641-8462-18a0b9bf7514
2026-08-17 17:33:40,700 - INFO - HTTP Request: POST http://127.0.0.1:8002/price "HTTP/1.1 200 OK"
2026-08-17 17:33:40,701 - INFO - Pricing Service Called, req: {'items': [{'product_id': '4cc0770f-91bc-4c0d-a26f-7b872f02ca94', 'qty': 2}], 'promo_codes': [], 'only_final_price': True}, response_status: 200, trace_id=7036e517-f278-4641-8462-18a0b9bf7514
2026-08-17 17:33:40,705 - INFO - Subscription Service Called, user_id: order_user_44, response_status: 200, trace_id=7036e517-f278-4641-8462-18a0b9bf7514
2026-08-17 17:33:40,705 - INFO - Applied subscription discount for user order_user_44, promo_code: SUMMER20, discount: 20.0%, original_price: 500.0, discounted_price: 400.0, trace_id=7036e517-f278-4641-8462-18a0b9bf7514
2026-08-17 17:33:40,705 - INFO - Request for orchestrate_order started, order_id=c8850faf-e886-4083-af23-6d06f0848142, trace_id=7036e517-f278-4641-8462-18a0b9bf7514
2026-08-17 17:33:40,710 - INFO - Inventory Reservation Service Called, req: {'order_id': 'c8850faf-e886-4083-af23-6d06f0848142', 'items': [{'sku': '4cc0770f-91bc-4c0d-a26f-7b872f02ca94', 'qty': 2}], 'atomic_update': True, 'delay': 0.0, 'drop': 0}, response_status: 200, response: {'order_id': 'c8850faf-e886-4083-af23-6d06f0848142', 'status': 'OUT_OF_STOCK', 'reason': 'Out of stock: 4cc0770f-91bc-4c0d-a26f-7b872f02ca94', 'total_input_tokens': 0, 'total_output_tokens': 0, 'total_llm_calls': 0} trace_id=7036e517-f278-4641-8462-18a0b9bf7514
2026-08-17 17:33:40,711 - INFO - Request for orchestrate_order completed, final_status:OUT_OF_STOCK,  trace_id=7036e517-f278-4641-8462-18a0b9bf7514
2026-08-17 17:33:40,720 - INFO - Request for checkout_cart, cart_id=164b9e98-932e-4d2a-81da-92aa5294407e, user_id=None, trace_id=f55e9046-d952-403d-a23f-11db769a3220
2026-08-17 17:33:40,724 - INFO - Cart Service Called, request_cart_id: 164b9e98-932e-4d2a-81da-92aa5294407e, response_status: 200, trace_id=f55e9046-d952-403d-a23f-11db769a3220
2026-08-17 17:33:40,727 - INFO - HTTP Request: POST http://127.0.0.1:8002/price "HTTP/1.1 200 OK"
2026-08-17 17:33:40,728 - INFO - Pricing Service Called, req: {'items': [{'product_id': '4cc0770f-91bc-4c0d-a26f-7b872f02ca94', 'qty': 2}], 'promo_codes': [], 'only_final_price': True}, response_status: 200, trace_id=f55e9046-d952-403d-a23f-11db769a3220
2026-08-17 17:33:40,728 - INFO - Request for orchestrate_order started, order_id=7a5f703e-faa3-49c5-8c0a-d915ddb4a9d7, trace_id=f55e9046-d952-403d-a23f-11db769a3220
2026-08-17 17:33:40,734 - INFO - Inventory Reservation Service Called, req: {'order_id': '7a5f703e-faa3-49c5-8c0a-d915ddb4a9d7', 'items': [{'sku': '4cc0770f-91bc-4c0d-a26f-7b872f02ca94', 'qty': 2}], 'atomic_update': True, 'delay': 0.0, 'drop': 0}, response_status: 200, response: {'order_id': '7a5f703e-faa3-49c5-8c0a-d915ddb4a9d7', 'status': 'OUT_OF_STOCK', 'reason': 'Out of stock: 4cc0770f-91bc-4c0d-a26f-7b872f02ca94', 'total_input_tokens': 0, 'total_output_tokens': 0, 'total_llm_calls': 0} trace_id=f55e9046-d952-403d-a23f-11db769a3220
2026-08-17 17:33:40,734 - INFO - Request for orchestrate_order completed, final_status:OUT_OF_STOCK,  trace_id=f55e9046-d952-403d-a23f-11db769a3220
2026-08-17 17:33:40,746 - INFO - Request for checkout_cart, cart_id=81a99b13-ed59-45c9-9817-f2c100e27a91, user_id=order_user_45, trace_id=b65543a4-00f3-4883-baf5-319780fd0092
2026-08-17 17:33:40,750 - INFO - Cart Service Called, request_cart_id: 81a99b13-ed59-45c9-9817-f2c100e27a91, response_status: 200, trace_id=b65543a4-00f3-4883-baf5-319780fd0092
2026-08-17 17:33:40,754 - INFO - HTTP Request: POST http://127.0.0.1:8002/price "HTTP/1.1 200 OK"
2026-08-17 17:33:40,754 - INFO - Pricing Service Called, req: {'items': [{'product_id': '4cc0770f-91bc-4c0d-a26f-7b872f02ca94', 'qty': 2}], 'promo_codes': [], 'only_final_price': True}, response_status: 200, trace_id=b65543a4-00f3-4883-baf5-319780fd0092
2026-08-17 17:33:40,759 - INFO - Subscription Service Called, user_id: order_user_45, response_status: 200, trace_id=b65543a4-00f3-4883-baf5-319780fd0092
2026-08-17 17:33:40,759 - INFO - Applied subscription discount for user order_user_45, promo_code: SUMMER20, discount: 20.0%, original_price: 500.0, discounted_price: 400.0, trace_id=b65543a4-00f3-4883-baf5-319780fd0092
2026-08-17 17:33:40,759 - INFO - Request for orchestrate_order started, order_id=b4cc5227-2050-467f-9129-19a10fed4cf7, trace_id=b65543a4-00f3-4883-baf5-319780fd0092
2026-08-17 17:33:40,767 - INFO - Inventory Reservation Service Called, req: {'order_id': 'b4cc5227-2050-467f-9129-19a10fed4cf7', 'items': [{'sku': '4cc0770f-91bc-4c0d-a26f-7b872f02ca94', 'qty': 2}], 'atomic_update': True, 'delay': 0.0, 'drop': 0}, response_status: 200, response: {'order_id': 'b4cc5227-2050-467f-9129-19a10fed4cf7', 'status': 'OUT_OF_STOCK', 'reason': 'Out of stock: 4cc0770f-91bc-4c0d-a26f-7b872f02ca94', 'total_input_tokens': 0, 'total_output_tokens': 0, 'total_llm_calls': 0} trace_id=b65543a4-00f3-4883-baf5-319780fd0092
2026-08-17 17:33:40,768 - INFO - Request for orchestrate_order completed, final_status:OUT_OF_STOCK,  trace_id=b65543a4-00f3-4883-baf5-319780fd0092
2026-08-17 17:33:40,775 - INFO - Request for checkout_cart, cart_id=a672e9c8-0769-4e08-9fc8-f86a736c0b0f, user_id=None, trace_id=2930755d-6ab5-4502-ae21-0a1274994670
2026-08-17 17:33:40,779 - INFO - Cart Service Called, request_cart_id: a672e9c8-0769-4e08-9fc8-f86a736c0b0f, response_status: 200, trace_id=2930755d-6ab5-4502-ae21-0a1274994670
2026-08-17 17:33:40,784 - INFO - HTTP Request: POST http://127.0.0.1:8002/price "HTTP/1.1 200 OK"
2026-08-17 17:33:40,784 - INFO - Pricing Service Called, req: {'items': [{'product_id': '4cc0770f-91bc-4c0d-a26f-7b872f02ca94', 'qty': 2}], 'promo_codes': [], 'only_final_price': True}, response_status: 200, trace_id=2930755d-6ab5-4502-ae21-0a1274994670
2026-08-17 17:33:40,784 - INFO - Request for orchestrate_order started, order_id=761a4723-4c36-43fb-9ed5-1d9cd9fc4aa6, trace_id=2930755d-6ab5-4502-ae21-0a1274994670
2026-08-17 17:33:40,789 - INFO - Inventory Reservation Service Called, req: {'order_id': '761a4723-4c36-43fb-9ed5-1d9cd9fc4aa6', 'items': [{'sku': '4cc0770f-91bc-4c0d-a26f-7b872f02ca94', 'qty': 2}], 'atomic_update': True, 'delay': 0.0, 'drop': 0}, response_status: 200, response: {'order_id': '761a4723-4c36-43fb-9ed5-1d9cd9fc4aa6', 'status': 'OUT_OF_STOCK', 'reason': 'Out of stock: 4cc0770f-91bc-4c0d-a26f-7b872f02ca94', 'total_input_tokens': 0, 'total_output_tokens': 0, 'total_llm_calls': 0} trace_id=2930755d-6ab5-4502-ae21-0a1274994670
2026-08-17 17:33:40,792 - INFO - Request for orchestrate_order completed, final_status:OUT_OF_STOCK,  trace_id=2930755d-6ab5-4502-ae21-0a1274994670
2026-08-17 17:33:40,805 - INFO - Request for checkout_cart, cart_id=8c1a733a-94bc-41c6-b7b4-5f18cf8e57fb, user_id=order_user_46, trace_id=7114be6a-54f1-4d34-bd9c-ce13b459c557
2026-08-17 17:33:40,809 - INFO - Cart Service Called, request_cart_id: 8c1a733a-94bc-41c6-b7b4-5f18cf8e57fb, response_status: 200, trace_id=7114be6a-54f1-4d34-bd9c-ce13b459c557
2026-08-17 17:33:40,813 - INFO - HTTP Request: POST http://127.0.0.1:8002/price "HTTP/1.1 200 OK"
2026-08-17 17:33:40,813 - INFO - Pricing Service Called, req: {'items': [{'product_id': '4cc0770f-91bc-4c0d-a26f-7b872f02ca94', 'qty': 2}], 'promo_codes': [], 'only_final_price': True}, response_status: 200, trace_id=7114be6a-54f1-4d34-bd9c-ce13b459c557
2026-08-17 17:33:40,817 - INFO - Subscription Service Called, user_id: order_user_46, response_status: 200, trace_id=7114be6a-54f1-4d34-bd9c-ce13b459c557
2026-08-17 17:33:40,817 - INFO - Applied subscription discount for user order_user_46, promo_code: SUMMER20, discount: 20.0%, original_price: 500.0, discounted_price: 400.0, trace_id=7114be6a-54f1-4d34-bd9c-ce13b459c557
2026-08-17 17:33:40,817 - INFO - Request for orchestrate_order started, order_id=2e2d4a70-af0e-4532-95bb-babfe83fee33, trace_id=7114be6a-54f1-4d34-bd9c-ce13b459c557
2026-08-17 17:33:40,823 - INFO - Inventory Reservation Service Called, req: {'order_id': '2e2d4a70-af0e-4532-95bb-babfe83fee33', 'items': [{'sku': '4cc0770f-91bc-4c0d-a26f-7b872f02ca94', 'qty': 2}], 'atomic_update': True, 'delay': 0.0, 'drop': 0}, response_status: 200, response: {'order_id': '2e2d4a70-af0e-4532-95bb-babfe83fee33', 'status': 'OUT_OF_STOCK', 'reason': 'Out of stock: 4cc0770f-91bc-4c0d-a26f-7b872f02ca94', 'total_input_tokens': 0, 'total_output_tokens': 0, 'total_llm_calls': 0} trace_id=7114be6a-54f1-4d34-bd9c-ce13b459c557
2026-08-17 17:33:40,824 - INFO - Request for orchestrate_order completed, final_status:OUT_OF_STOCK,  trace_id=7114be6a-54f1-4d34-bd9c-ce13b459c557
2026-08-17 17:33:40,831 - INFO - Request for checkout_cart, cart_id=94760605-e1a6-4fc8-b4fc-11c5a88b9517, user_id=None, trace_id=43aa3a13-f73e-4dd5-9c88-4b1c10355022
2026-08-17 17:33:40,835 - INFO - Cart Service Called, request_cart_id: 94760605-e1a6-4fc8-b4fc-11c5a88b9517, response_status: 200, trace_id=43aa3a13-f73e-4dd5-9c88-4b1c10355022
2026-08-17 17:33:40,838 - INFO - HTTP Request: POST http://127.0.0.1:8002/price "HTTP/1.1 200 OK"
2026-08-17 17:33:40,839 - INFO - Pricing Service Called, req: {'items': [{'product_id': '4cc0770f-91bc-4c0d-a26f-7b872f02ca94', 'qty': 2}], 'promo_codes': [], 'only_final_price': True}, response_status: 200, trace_id=43aa3a13-f73e-4dd5-9c88-4b1c10355022
2026-08-17 17:33:40,839 - INFO - Request for orchestrate_order started, order_id=4dca68d4-3e5d-4d23-8a87-b0c153d34e7b, trace_id=43aa3a13-f73e-4dd5-9c88-4b1c10355022
2026-08-17 17:33:40,844 - INFO - Inventory Reservation Service Called, req: {'order_id': '4dca68d4-3e5d-4d23-8a87-b0c153d34e7b', 'items': [{'sku': '4cc0770f-91bc-4c0d-a26f-7b872f02ca94', 'qty': 2}], 'atomic_update': True, 'delay': 0.0, 'drop': 0}, response_status: 200, response: {'order_id': '4dca68d4-3e5d-4d23-8a87-b0c153d34e7b', 'status': 'OUT_OF_STOCK', 'reason': 'Out of stock: 4cc0770f-91bc-4c0d-a26f-7b872f02ca94', 'total_input_tokens': 0, 'total_output_tokens': 0, 'total_llm_calls': 0} trace_id=43aa3a13-f73e-4dd5-9c88-4b1c10355022
2026-08-17 17:33:40,845 - INFO - Request for orchestrate_order completed, final_status:OUT_OF_STOCK,  trace_id=43aa3a13-f73e-4dd5-9c88-4b1c10355022
2026-08-17 17:33:40,857 - INFO - Request for checkout_cart, cart_id=17750f29-ba3a-4d83-a1b0-a5ae973cf8c0, user_id=order_user_47, trace_id=6a89c58d-d5cd-4202-bf31-c9214ed637a7
2026-08-17 17:33:40,861 - INFO - Cart Service Called, request_cart_id: 17750f29-ba3a-4d83-a1b0-a5ae973cf8c0, response_status: 200, trace_id=6a89c58d-d5cd-4202-bf31-c9214ed637a7
2026-08-17 17:33:40,865 - INFO - HTTP Request: POST http://127.0.0.1:8002/price "HTTP/1.1 200 OK"
2026-08-17 17:33:40,866 - INFO - Pricing Service Called, req: {'items': [{'product_id': '4cc0770f-91bc-4c0d-a26f-7b872f02ca94', 'qty': 2}], 'promo_codes': [], 'only_final_price': True}, response_status: 200, trace_id=6a89c58d-d5cd-4202-bf31-c9214ed637a7
2026-08-17 17:33:40,870 - INFO - Subscription Service Called, user_id: order_user_47, response_status: 200, trace_id=6a89c58d-d5cd-4202-bf31-c9214ed637a7
2026-08-17 17:33:40,870 - INFO - Applied subscription discount for user order_user_47, promo_code: SUMMER20, discount: 20.0%, original_price: 500.0, discounted_price: 400.0, trace_id=6a89c58d-d5cd-4202-bf31-c9214ed637a7
2026-08-17 17:33:40,870 - INFO - Request for orchestrate_order started, order_id=a13c7b1a-5e3e-4e76-b843-930eae23cd07, trace_id=6a89c58d-d5cd-4202-bf31-c9214ed637a7
2026-08-17 17:33:40,875 - INFO - Inventory Reservation Service Called, req: {'order_id': 'a13c7b1a-5e3e-4e76-b843-930eae23cd07', 'items': [{'sku': '4cc0770f-91bc-4c0d-a26f-7b872f02ca94', 'qty': 2}], 'atomic_update': True, 'delay': 0.0, 'drop': 0}, response_status: 200, response: {'order_id': 'a13c7b1a-5e3e-4e76-b843-930eae23cd07', 'status': 'OUT_OF_STOCK', 'reason': 'Out of stock: 4cc0770f-91bc-4c0d-a26f-7b872f02ca94', 'total_input_tokens': 0, 'total_output_tokens': 0, 'total_llm_calls': 0} trace_id=6a89c58d-d5cd-4202-bf31-c9214ed637a7
2026-08-17 17:33:40,876 - INFO - Request for orchestrate_order completed, final_status:OUT_OF_STOCK,  trace_id=6a89c58d-d5cd-4202-bf31-c9214ed637a7
2026-08-17 17:33:40,885 - INFO - Request for checkout_cart, cart_id=e84609bd-fe65-4798-811c-0820ec58d3d8, user_id=None, trace_id=b3ed4f14-4a1f-4501-989b-1ca38486b120
2026-08-17 17:33:40,889 - INFO - Cart Service Called, request_cart_id: e84609bd-fe65-4798-811c-0820ec58d3d8, response_status: 200, trace_id=b3ed4f14-4a1f-4501-989b-1ca38486b120
2026-08-17 17:33:40,897 - INFO - HTTP Request: POST http://127.0.0.1:8002/price "HTTP/1.1 200 OK"
2026-08-17 17:33:40,898 - INFO - Pricing Service Called, req: {'items': [{'product_id': '4cc0770f-91bc-4c0d-a26f-7b872f02ca94', 'qty': 2}], 'promo_codes': [], 'only_final_price': True}, response_status: 200, trace_id=b3ed4f14-4a1f-4501-989b-1ca38486b120
2026-08-17 17:33:40,899 - INFO - Request for orchestrate_order started, order_id=4977ccb8-ae50-4852-8b76-d0c2b64d0740, trace_id=b3ed4f14-4a1f-4501-989b-1ca38486b120
2026-08-17 17:33:40,905 - INFO - Inventory Reservation Service Called, req: {'order_id': '4977ccb8-ae50-4852-8b76-d0c2b64d0740', 'items': [{'sku': '4cc0770f-91bc-4c0d-a26f-7b872f02ca94', 'qty': 2}], 'atomic_update': True, 'delay': 0.0, 'drop': 0}, response_status: 200, response: {'order_id': '4977ccb8-ae50-4852-8b76-d0c2b64d0740', 'status': 'OUT_OF_STOCK', 'reason': 'Out of stock: 4cc0770f-91bc-4c0d-a26f-7b872f02ca94', 'total_input_tokens': 0, 'total_output_tokens': 0, 'total_llm_calls': 0} trace_id=b3ed4f14-4a1f-4501-989b-1ca38486b120
2026-08-17 17:33:40,906 - INFO - Request for orchestrate_order completed, final_status:OUT_OF_STOCK,  trace_id=b3ed4f14-4a1f-4501-989b-1ca38486b120
2026-08-17 17:33:40,918 - INFO - Request for checkout_cart, cart_id=9ee515c3-4cca-4fc3-b1b0-df22be00693f, user_id=order_user_48, trace_id=28cf5c37-522a-4b6a-a714-242edc16cdb9
2026-08-17 17:33:40,922 - INFO - Cart Service Called, request_cart_id: 9ee515c3-4cca-4fc3-b1b0-df22be00693f, response_status: 200, trace_id=28cf5c37-522a-4b6a-a714-242edc16cdb9
2026-08-17 17:33:40,926 - INFO - HTTP Request: POST http://127.0.0.1:8002/price "HTTP/1.1 200 OK"
2026-08-17 17:33:40,926 - INFO - Pricing Service Called, req: {'items': [{'product_id': '4cc0770f-91bc-4c0d-a26f-7b872f02ca94', 'qty': 2}], 'promo_codes': [], 'only_final_price': True}, response_status: 200, trace_id=28cf5c37-522a-4b6a-a714-242edc16cdb9
2026-08-17 17:33:40,930 - INFO - Subscription Service Called, user_id: order_user_48, response_status: 200, trace_id=28cf5c37-522a-4b6a-a714-242edc16cdb9
2026-08-17 17:33:40,931 - INFO - Applied subscription discount for user order_user_48, promo_code: SUMMER20, discount: 20.0%, original_price: 500.0, discounted_price: 400.0, trace_id=28cf5c37-522a-4b6a-a714-242edc16cdb9
2026-08-17 17:33:40,931 - INFO - Request for orchestrate_order started, order_id=c9cffc04-6c09-4aae-8a42-9fc7734c9f6a, trace_id=28cf5c37-522a-4b6a-a714-242edc16cdb9
2026-08-17 17:33:40,936 - INFO - Inventory Reservation Service Called, req: {'order_id': 'c9cffc04-6c09-4aae-8a42-9fc7734c9f6a', 'items': [{'sku': '4cc0770f-91bc-4c0d-a26f-7b872f02ca94', 'qty': 2}], 'atomic_update': True, 'delay': 0.0, 'drop': 0}, response_status: 200, response: {'order_id': 'c9cffc04-6c09-4aae-8a42-9fc7734c9f6a', 'status': 'OUT_OF_STOCK', 'reason': 'Out of stock: 4cc0770f-91bc-4c0d-a26f-7b872f02ca94', 'total_input_tokens': 0, 'total_output_tokens': 0, 'total_llm_calls': 0} trace_id=28cf5c37-522a-4b6a-a714-242edc16cdb9
2026-08-17 17:33:40,937 - INFO - Request for orchestrate_order completed, final_status:OUT_OF_STOCK,  trace_id=28cf5c37-522a-4b6a-a714-242edc16cdb9
2026-08-17 17:33:40,944 - INFO - Request for checkout_cart, cart_id=8f9fe92f-779e-404f-a140-dcd3fd5b430f, user_id=None, trace_id=d178bc85-60ca-4c6d-a07c-b7e25d6b8415
2026-08-17 17:33:40,948 - INFO - Cart Service Called, request_cart_id: 8f9fe92f-779e-404f-a140-dcd3fd5b430f, response_status: 200, trace_id=d178bc85-60ca-4c6d-a07c-b7e25d6b8415
2026-08-17 17:33:40,952 - INFO - HTTP Request: POST http://127.0.0.1:8002/price "HTTP/1.1 200 OK"
2026-08-17 17:33:40,953 - INFO - Pricing Service Called, req: {'items': [{'product_id': '4cc0770f-91bc-4c0d-a26f-7b872f02ca94', 'qty': 2}], 'promo_codes': [], 'only_final_price': True}, response_status: 200, trace_id=d178bc85-60ca-4c6d-a07c-b7e25d6b8415
2026-08-17 17:33:40,953 - INFO - Request for orchestrate_order started, order_id=102fa54f-2cf7-4fa1-a7d1-a1b316a0cc45, trace_id=d178bc85-60ca-4c6d-a07c-b7e25d6b8415
2026-08-17 17:33:40,958 - INFO - Inventory Reservation Service Called, req: {'order_id': '102fa54f-2cf7-4fa1-a7d1-a1b316a0cc45', 'items': [{'sku': '4cc0770f-91bc-4c0d-a26f-7b872f02ca94', 'qty': 2}], 'atomic_update': True, 'delay': 0.0, 'drop': 0}, response_status: 200, response: {'order_id': '102fa54f-2cf7-4fa1-a7d1-a1b316a0cc45', 'status': 'OUT_OF_STOCK', 'reason': 'Out of stock: 4cc0770f-91bc-4c0d-a26f-7b872f02ca94', 'total_input_tokens': 0, 'total_output_tokens': 0, 'total_llm_calls': 0} trace_id=d178bc85-60ca-4c6d-a07c-b7e25d6b8415
2026-08-17 17:33:40,959 - INFO - Request for orchestrate_order completed, final_status:OUT_OF_STOCK,  trace_id=d178bc85-60ca-4c6d-a07c-b7e25d6b8415
2026-08-17 17:33:40,971 - INFO - Request for checkout_cart, cart_id=d14e55f2-3aee-4c3a-84f7-5ff6e156daa5, user_id=order_user_49, trace_id=ccb1a78f-b6a7-40e7-b673-066e5f222dd7
2026-08-17 17:33:40,975 - INFO - Cart Service Called, request_cart_id: d14e55f2-3aee-4c3a-84f7-5ff6e156daa5, response_status: 200, trace_id=ccb1a78f-b6a7-40e7-b673-066e5f222dd7
2026-08-17 17:33:40,979 - INFO - HTTP Request: POST http://127.0.0.1:8002/price "HTTP/1.1 200 OK"
2026-08-17 17:33:40,980 - INFO - Pricing Service Called, req: {'items': [{'product_id': '4cc0770f-91bc-4c0d-a26f-7b872f02ca94', 'qty': 2}], 'promo_codes': [], 'only_final_price': True}, response_status: 200, trace_id=ccb1a78f-b6a7-40e7-b673-066e5f222dd7
2026-08-17 17:33:40,983 - INFO - Subscription Service Called, user_id: order_user_49, response_status: 200, trace_id=ccb1a78f-b6a7-40e7-b673-066e5f222dd7
2026-08-17 17:33:40,984 - INFO - Applied subscription discount for user order_user_49, promo_code: SUMMER20, discount: 20.0%, original_price: 500.0, discounted_price: 400.0, trace_id=ccb1a78f-b6a7-40e7-b673-066e5f222dd7
2026-08-17 17:33:40,984 - INFO - Request for orchestrate_order started, order_id=c3d799e7-b539-43df-b076-1b9eb896c922, trace_id=ccb1a78f-b6a7-40e7-b673-066e5f222dd7
2026-08-17 17:33:40,989 - INFO - Inventory Reservation Service Called, req: {'order_id': 'c3d799e7-b539-43df-b076-1b9eb896c922', 'items': [{'sku': '4cc0770f-91bc-4c0d-a26f-7b872f02ca94', 'qty': 2}], 'atomic_update': True, 'delay': 0.0, 'drop': 0}, response_status: 200, response: {'order_id': 'c3d799e7-b539-43df-b076-1b9eb896c922', 'status': 'OUT_OF_STOCK', 'reason': 'Out of stock: 4cc0770f-91bc-4c0d-a26f-7b872f02ca94', 'total_input_tokens': 0, 'total_output_tokens': 0, 'total_llm_calls': 0} trace_id=ccb1a78f-b6a7-40e7-b673-066e5f222dd7
2026-08-17 17:33:40,989 - INFO - Request for orchestrate_order completed, final_status:OUT_OF_STOCK,  trace_id=ccb1a78f-b6a7-40e7-b673-066e5f222dd7
2026-08-17 17:33:40,999 - INFO - Request for checkout_cart, cart_id=e1f34c5b-75b5-42aa-aa3e-faea9901c3c8, user_id=None, trace_id=ac89053a-e806-4ae3-b7ca-cfb8dc1f2068
2026-08-17 17:33:41,004 - INFO - Cart Service Called, request_cart_id: e1f34c5b-75b5-42aa-aa3e-faea9901c3c8, response_status: 200, trace_id=ac89053a-e806-4ae3-b7ca-cfb8dc1f2068
2026-08-17 17:33:41,008 - INFO - HTTP Request: POST http://127.0.0.1:8002/price "HTTP/1.1 200 OK"
2026-08-17 17:33:41,009 - INFO - Pricing Service Called, req: {'items': [{'product_id': '4cc0770f-91bc-4c0d-a26f-7b872f02ca94', 'qty': 2}], 'promo_codes': [], 'only_final_price': True}, response_status: 200, trace_id=ac89053a-e806-4ae3-b7ca-cfb8dc1f2068
2026-08-17 17:33:41,009 - INFO - Request for orchestrate_order started, order_id=cc96945f-4d92-4eda-9dbe-760ac3fff637, trace_id=ac89053a-e806-4ae3-b7ca-cfb8dc1f2068
2026-08-17 17:33:41,014 - INFO - Inventory Reservation Service Called, req: {'order_id': 'cc96945f-4d92-4eda-9dbe-760ac3fff637', 'items': [{'sku': '4cc0770f-91bc-4c0d-a26f-7b872f02ca94', 'qty': 2}], 'atomic_update': True, 'delay': 0.0, 'drop': 0}, response_status: 200, response: {'order_id': 'cc96945f-4d92-4eda-9dbe-760ac3fff637', 'status': 'OUT_OF_STOCK', 'reason': 'Out of stock: 4cc0770f-91bc-4c0d-a26f-7b872f02ca94', 'total_input_tokens': 0, 'total_output_tokens': 0, 'total_llm_calls': 0} trace_id=ac89053a-e806-4ae3-b7ca-cfb8dc1f2068
2026-08-17 17:33:41,015 - INFO - Request for orchestrate_order completed, final_status:OUT_OF_STOCK,  trace_id=ac89053a-e806-4ae3-b7ca-cfb8dc1f2068
2026-08-17 17:33:41,027 - INFO - Request for checkout_cart, cart_id=3f8d7aec-2fc7-407f-b793-6ac7f6ee9e04, user_id=order_user_50, trace_id=dd1dda96-8b0b-4524-8801-ea9a24544559
2026-08-17 17:33:41,031 - INFO - Cart Service Called, request_cart_id: 3f8d7aec-2fc7-407f-b793-6ac7f6ee9e04, response_status: 200, trace_id=dd1dda96-8b0b-4524-8801-ea9a24544559
2026-08-17 17:33:41,036 - INFO - HTTP Request: POST http://127.0.0.1:8002/price "HTTP/1.1 200 OK"
2026-08-17 17:33:41,037 - INFO - Pricing Service Called, req: {'items': [{'product_id': '4cc0770f-91bc-4c0d-a26f-7b872f02ca94', 'qty': 2}], 'promo_codes': [], 'only_final_price': True}, response_status: 200, trace_id=dd1dda96-8b0b-4524-8801-ea9a24544559
2026-08-17 17:33:41,040 - INFO - Subscription Service Called, user_id: order_user_50, response_status: 200, trace_id=dd1dda96-8b0b-4524-8801-ea9a24544559
2026-08-17 17:33:41,040 - INFO - Applied subscription discount for user order_user_50, promo_code: SUMMER20, discount: 20.0%, original_price: 500.0, discounted_price: 400.0, trace_id=dd1dda96-8b0b-4524-8801-ea9a24544559
2026-08-17 17:33:41,040 - INFO - Request for orchestrate_order started, order_id=147137b9-722d-419d-82fb-d7a9e78dc032, trace_id=dd1dda96-8b0b-4524-8801-ea9a24544559
2026-08-17 17:33:41,046 - INFO - Inventory Reservation Service Called, req: {'order_id': '147137b9-722d-419d-82fb-d7a9e78dc032', 'items': [{'sku': '4cc0770f-91bc-4c0d-a26f-7b872f02ca94', 'qty': 2}], 'atomic_update': True, 'delay': 0.0, 'drop': 0}, response_status: 200, response: {'order_id': '147137b9-722d-419d-82fb-d7a9e78dc032', 'status': 'OUT_OF_STOCK', 'reason': 'Out of stock: 4cc0770f-91bc-4c0d-a26f-7b872f02ca94', 'total_input_tokens': 0, 'total_output_tokens': 0, 'total_llm_calls': 0} trace_id=dd1dda96-8b0b-4524-8801-ea9a24544559
2026-08-17 17:33:41,047 - INFO - Request for orchestrate_order completed, final_status:OUT_OF_STOCK,  trace_id=dd1dda96-8b0b-4524-8801-ea9a24544559
2026-08-17 17:33:41,054 - INFO - Request for checkout_cart, cart_id=224fff8d-7abf-4c90-aa4f-66f40b05675c, user_id=None, trace_id=adb52b3e-8053-4491-b3a8-f2fb9907f194
2026-08-17 17:33:41,058 - INFO - Cart Service Called, request_cart_id: 224fff8d-7abf-4c90-aa4f-66f40b05675c, response_status: 200, trace_id=adb52b3e-8053-4491-b3a8-f2fb9907f194
2026-08-17 17:33:41,061 - INFO - HTTP Request: POST http://127.0.0.1:8002/price "HTTP/1.1 200 OK"
2026-08-17 17:33:41,062 - INFO - Pricing Service Called, req: {'items': [{'product_id': '4cc0770f-91bc-4c0d-a26f-7b872f02ca94', 'qty': 2}], 'promo_codes': [], 'only_final_price': True}, response_status: 200, trace_id=adb52b3e-8053-4491-b3a8-f2fb9907f194
2026-08-17 17:33:41,062 - INFO - Request for orchestrate_order started, order_id=07da2c32-08be-454f-86eb-6918dd501eba, trace_id=adb52b3e-8053-4491-b3a8-f2fb9907f194
2026-08-17 17:33:41,067 - INFO - Inventory Reservation Service Called, req: {'order_id': '07da2c32-08be-454f-86eb-6918dd501eba', 'items': [{'sku': '4cc0770f-91bc-4c0d-a26f-7b872f02ca94', 'qty': 2}], 'atomic_update': True, 'delay': 0.0, 'drop': 0}, response_status: 200, response: {'order_id': '07da2c32-08be-454f-86eb-6918dd501eba', 'status': 'OUT_OF_STOCK', 'reason': 'Out of stock: 4cc0770f-91bc-4c0d-a26f-7b872f02ca94', 'total_input_tokens': 0, 'total_output_tokens': 0, 'total_llm_calls': 0} trace_id=adb52b3e-8053-4491-b3a8-f2fb9907f194
2026-08-17 17:33:41,068 - INFO - Request for orchestrate_order completed, final_status:OUT_OF_STOCK,  trace_id=adb52b3e-8053-4491-b3a8-f2fb9907f194
2026-08-17 17:33:41,080 - INFO - Request for checkout_cart, cart_id=a37194f2-d88d-409d-9262-cd8ae62445f1, user_id=order_user_51, trace_id=e4629c83-4060-452c-b45a-899d4538714b
2026-08-17 17:33:41,084 - INFO - Cart Service Called, request_cart_id: a37194f2-d88d-409d-9262-cd8ae62445f1, response_status: 200, trace_id=e4629c83-4060-452c-b45a-899d4538714b
2026-08-17 17:33:41,087 - INFO - HTTP Request: POST http://127.0.0.1:8002/price "HTTP/1.1 200 OK"
2026-08-17 17:33:41,088 - INFO - Pricing Service Called, req: {'items': [{'product_id': '4cc0770f-91bc-4c0d-a26f-7b872f02ca94', 'qty': 2}], 'promo_codes': [], 'only_final_price': True}, response_status: 200, trace_id=e4629c83-4060-452c-b45a-899d4538714b
2026-08-17 17:33:41,092 - INFO - Subscription Service Called, user_id: order_user_51, response_status: 200, trace_id=e4629c83-4060-452c-b45a-899d4538714b
2026-08-17 17:33:41,092 - INFO - Applied subscription discount for user order_user_51, promo_code: SUMMER20, discount: 20.0%, original_price: 500.0, discounted_price: 400.0, trace_id=e4629c83-4060-452c-b45a-899d4538714b
2026-08-17 17:33:41,092 - INFO - Request for orchestrate_order started, order_id=4ea7b01d-70ea-4ced-a92b-46a313e96aac, trace_id=e4629c83-4060-452c-b45a-899d4538714b
2026-08-17 17:33:41,099 - INFO - Inventory Reservation Service Called, req: {'order_id': '4ea7b01d-70ea-4ced-a92b-46a313e96aac', 'items': [{'sku': '4cc0770f-91bc-4c0d-a26f-7b872f02ca94', 'qty': 2}], 'atomic_update': True, 'delay': 0.0, 'drop': 0}, response_status: 200, response: {'order_id': '4ea7b01d-70ea-4ced-a92b-46a313e96aac', 'status': 'OUT_OF_STOCK', 'reason': 'Out of stock: 4cc0770f-91bc-4c0d-a26f-7b872f02ca94', 'total_input_tokens': 0, 'total_output_tokens': 0, 'total_llm_calls': 0} trace_id=e4629c83-4060-452c-b45a-899d4538714b
2026-08-17 17:33:41,100 - INFO - Request for orchestrate_order completed, final_status:OUT_OF_STOCK,  trace_id=e4629c83-4060-452c-b45a-899d4538714b
2026-08-17 17:33:41,107 - INFO - Request for checkout_cart, cart_id=8e535cb2-821d-41a5-8734-19301178fc3b, user_id=None, trace_id=4802d700-7a09-4e03-83d4-c3da8c65235b
2026-08-17 17:33:41,111 - INFO - Cart Service Called, request_cart_id: 8e535cb2-821d-41a5-8734-19301178fc3b, response_status: 200, trace_id=4802d700-7a09-4e03-83d4-c3da8c65235b
2026-08-17 17:33:41,115 - INFO - HTTP Request: POST http://127.0.0.1:8002/price "HTTP/1.1 200 OK"
2026-08-17 17:33:41,116 - INFO - Pricing Service Called, req: {'items': [{'product_id': '4cc0770f-91bc-4c0d-a26f-7b872f02ca94', 'qty': 2}], 'promo_codes': [], 'only_final_price': True}, response_status: 200, trace_id=4802d700-7a09-4e03-83d4-c3da8c65235b
2026-08-17 17:33:41,116 - INFO - Request for orchestrate_order started, order_id=3f2f0e6e-d149-4c00-a8e6-971c9e881bf6, trace_id=4802d700-7a09-4e03-83d4-c3da8c65235b
2026-08-17 17:33:41,121 - INFO - Inventory Reservation Service Called, req: {'order_id': '3f2f0e6e-d149-4c00-a8e6-971c9e881bf6', 'items': [{'sku': '4cc0770f-91bc-4c0d-a26f-7b872f02ca94', 'qty': 2}], 'atomic_update': True, 'delay': 0.0, 'drop': 0}, response_status: 200, response: {'order_id': '3f2f0e6e-d149-4c00-a8e6-971c9e881bf6', 'status': 'OUT_OF_STOCK', 'reason': 'Out of stock: 4cc0770f-91bc-4c0d-a26f-7b872f02ca94', 'total_input_tokens': 0, 'total_output_tokens': 0, 'total_llm_calls': 0} trace_id=4802d700-7a09-4e03-83d4-c3da8c65235b
2026-08-17 17:33:41,122 - INFO - Request for orchestrate_order completed, final_status:OUT_OF_STOCK,  trace_id=4802d700-7a09-4e03-83d4-c3da8c65235b
2026-08-17 17:33:41,135 - INFO - Request for checkout_cart, cart_id=769d322c-181e-40de-a5a8-2a5003b8da65, user_id=order_user_52, trace_id=d2dc2042-6be1-4a9e-9276-c7fc5b51b005
2026-08-17 17:33:41,139 - INFO - Cart Service Called, request_cart_id: 769d322c-181e-40de-a5a8-2a5003b8da65, response_status: 200, trace_id=d2dc2042-6be1-4a9e-9276-c7fc5b51b005
2026-08-17 17:33:41,142 - INFO - HTTP Request: POST http://127.0.0.1:8002/price "HTTP/1.1 200 OK"
2026-08-17 17:33:41,143 - INFO - Pricing Service Called, req: {'items': [{'product_id': '4cc0770f-91bc-4c0d-a26f-7b872f02ca94', 'qty': 2}], 'promo_codes': [], 'only_final_price': True}, response_status: 200, trace_id=d2dc2042-6be1-4a9e-9276-c7fc5b51b005
2026-08-17 17:33:41,147 - INFO - Subscription Service Called, user_id: order_user_52, response_status: 200, trace_id=d2dc2042-6be1-4a9e-9276-c7fc5b51b005
2026-08-17 17:33:41,147 - INFO - Applied subscription discount for user order_user_52, promo_code: SUMMER20, discount: 20.0%, original_price: 500.0, discounted_price: 400.0, trace_id=d2dc2042-6be1-4a9e-9276-c7fc5b51b005
2026-08-17 17:33:41,147 - INFO - Request for orchestrate_order started, order_id=31b07f9a-5259-4bc1-883b-72a9bd140471, trace_id=d2dc2042-6be1-4a9e-9276-c7fc5b51b005
2026-08-17 17:33:41,153 - INFO - Inventory Reservation Service Called, req: {'order_id': '31b07f9a-5259-4bc1-883b-72a9bd140471', 'items': [{'sku': '4cc0770f-91bc-4c0d-a26f-7b872f02ca94', 'qty': 2}], 'atomic_update': True, 'delay': 0.0, 'drop': 0}, response_status: 200, response: {'order_id': '31b07f9a-5259-4bc1-883b-72a9bd140471', 'status': 'OUT_OF_STOCK', 'reason': 'Out of stock: 4cc0770f-91bc-4c0d-a26f-7b872f02ca94', 'total_input_tokens': 0, 'total_output_tokens': 0, 'total_llm_calls': 0} trace_id=d2dc2042-6be1-4a9e-9276-c7fc5b51b005
2026-08-17 17:33:41,154 - INFO - Request for orchestrate_order completed, final_status:OUT_OF_STOCK,  trace_id=d2dc2042-6be1-4a9e-9276-c7fc5b51b005
2026-08-17 17:33:41,160 - INFO - Request for checkout_cart, cart_id=cf63e73b-94e0-4a6a-adb9-1480560265b1, user_id=None, trace_id=38690e2f-be79-46a2-8174-c61b0de21f05
2026-08-17 17:33:41,164 - INFO - Cart Service Called, request_cart_id: cf63e73b-94e0-4a6a-adb9-1480560265b1, response_status: 200, trace_id=38690e2f-be79-46a2-8174-c61b0de21f05
2026-08-17 17:33:41,168 - INFO - HTTP Request: POST http://127.0.0.1:8002/price "HTTP/1.1 200 OK"
2026-08-17 17:33:41,169 - INFO - Pricing Service Called, req: {'items': [{'product_id': '4cc0770f-91bc-4c0d-a26f-7b872f02ca94', 'qty': 2}], 'promo_codes': [], 'only_final_price': True}, response_status: 200, trace_id=38690e2f-be79-46a2-8174-c61b0de21f05
2026-08-17 17:33:41,169 - INFO - Request for orchestrate_order started, order_id=fb30cf13-8c50-41eb-9605-b40df4dab139, trace_id=38690e2f-be79-46a2-8174-c61b0de21f05
2026-08-17 17:33:41,174 - INFO - Inventory Reservation Service Called, req: {'order_id': 'fb30cf13-8c50-41eb-9605-b40df4dab139', 'items': [{'sku': '4cc0770f-91bc-4c0d-a26f-7b872f02ca94', 'qty': 2}], 'atomic_update': True, 'delay': 0.0, 'drop': 0}, response_status: 200, response: {'order_id': 'fb30cf13-8c50-41eb-9605-b40df4dab139', 'status': 'OUT_OF_STOCK', 'reason': 'Out of stock: 4cc0770f-91bc-4c0d-a26f-7b872f02ca94', 'total_input_tokens': 0, 'total_output_tokens': 0, 'total_llm_calls': 0} trace_id=38690e2f-be79-46a2-8174-c61b0de21f05
2026-08-17 17:33:41,175 - INFO - Request for orchestrate_order completed, final_status:OUT_OF_STOCK,  trace_id=38690e2f-be79-46a2-8174-c61b0de21f05
2026-08-17 17:33:41,187 - INFO - Request for checkout_cart, cart_id=55eeef21-39f1-461e-a6ca-f0abd03368af, user_id=order_user_53, trace_id=92a83520-6b5d-45e5-bae1-d04e8fcd4cc6
2026-08-17 17:33:41,191 - INFO - Cart Service Called, request_cart_id: 55eeef21-39f1-461e-a6ca-f0abd03368af, response_status: 200, trace_id=92a83520-6b5d-45e5-bae1-d04e8fcd4cc6
2026-08-17 17:33:41,195 - INFO - HTTP Request: POST http://127.0.0.1:8002/price "HTTP/1.1 200 OK"
2026-08-17 17:33:41,196 - INFO - Pricing Service Called, req: {'items': [{'product_id': '4cc0770f-91bc-4c0d-a26f-7b872f02ca94', 'qty': 2}], 'promo_codes': [], 'only_final_price': True}, response_status: 200, trace_id=92a83520-6b5d-45e5-bae1-d04e8fcd4cc6
2026-08-17 17:33:41,200 - INFO - Subscription Service Called, user_id: order_user_53, response_status: 200, trace_id=92a83520-6b5d-45e5-bae1-d04e8fcd4cc6
2026-08-17 17:33:41,201 - INFO - Applied subscription discount for user order_user_53, promo_code: SUMMER20, discount: 20.0%, original_price: 500.0, discounted_price: 400.0, trace_id=92a83520-6b5d-45e5-bae1-d04e8fcd4cc6
2026-08-17 17:33:41,201 - INFO - Request for orchestrate_order started, order_id=6df9c3cf-48ce-4bab-843a-c4628b8ee1fa, trace_id=92a83520-6b5d-45e5-bae1-d04e8fcd4cc6
2026-08-17 17:33:41,206 - INFO - Inventory Reservation Service Called, req: {'order_id': '6df9c3cf-48ce-4bab-843a-c4628b8ee1fa', 'items': [{'sku': '4cc0770f-91bc-4c0d-a26f-7b872f02ca94', 'qty': 2}], 'atomic_update': True, 'delay': 0.0, 'drop': 0}, response_status: 200, response: {'order_id': '6df9c3cf-48ce-4bab-843a-c4628b8ee1fa', 'status': 'OUT_OF_STOCK', 'reason': 'Out of stock: 4cc0770f-91bc-4c0d-a26f-7b872f02ca94', 'total_input_tokens': 0, 'total_output_tokens': 0, 'total_llm_calls': 0} trace_id=92a83520-6b5d-45e5-bae1-d04e8fcd4cc6
2026-08-17 17:33:41,207 - INFO - Request for orchestrate_order completed, final_status:OUT_OF_STOCK,  trace_id=92a83520-6b5d-45e5-bae1-d04e8fcd4cc6
2026-08-17 17:33:41,216 - INFO - Request for checkout_cart, cart_id=66a560cb-844f-4d7d-96f2-89d7c9dde05d, user_id=None, trace_id=5f63f1b3-03d5-47be-b60d-3784c6a88c60
2026-08-17 17:33:41,221 - INFO - Cart Service Called, request_cart_id: 66a560cb-844f-4d7d-96f2-89d7c9dde05d, response_status: 200, trace_id=5f63f1b3-03d5-47be-b60d-3784c6a88c60
2026-08-17 17:33:41,225 - INFO - HTTP Request: POST http://127.0.0.1:8002/price "HTTP/1.1 200 OK"
2026-08-17 17:33:41,226 - INFO - Pricing Service Called, req: {'items': [{'product_id': '4cc0770f-91bc-4c0d-a26f-7b872f02ca94', 'qty': 2}], 'promo_codes': [], 'only_final_price': True}, response_status: 200, trace_id=5f63f1b3-03d5-47be-b60d-3784c6a88c60
2026-08-17 17:33:41,226 - INFO - Request for orchestrate_order started, order_id=bf1a0ae3-49b4-43c4-84ce-7e5141256dc5, trace_id=5f63f1b3-03d5-47be-b60d-3784c6a88c60
2026-08-17 17:33:41,231 - INFO - Inventory Reservation Service Called, req: {'order_id': 'bf1a0ae3-49b4-43c4-84ce-7e5141256dc5', 'items': [{'sku': '4cc0770f-91bc-4c0d-a26f-7b872f02ca94', 'qty': 2}], 'atomic_update': True, 'delay': 0.0, 'drop': 0}, response_status: 200, response: {'order_id': 'bf1a0ae3-49b4-43c4-84ce-7e5141256dc5', 'status': 'OUT_OF_STOCK', 'reason': 'Out of stock: 4cc0770f-91bc-4c0d-a26f-7b872f02ca94', 'total_input_tokens': 0, 'total_output_tokens': 0, 'total_llm_calls': 0} trace_id=5f63f1b3-03d5-47be-b60d-3784c6a88c60
2026-08-17 17:33:41,233 - INFO - Request for orchestrate_order completed, final_status:OUT_OF_STOCK,  trace_id=5f63f1b3-03d5-47be-b60d-3784c6a88c60
2026-08-17 17:33:41,245 - INFO - Request for checkout_cart, cart_id=1d10f637-9d5f-4649-bfdd-9737108cdec7, user_id=order_user_54, trace_id=05624616-d8c1-49d9-8028-564ff190a678
2026-08-17 17:33:41,249 - INFO - Cart Service Called, request_cart_id: 1d10f637-9d5f-4649-bfdd-9737108cdec7, response_status: 200, trace_id=05624616-d8c1-49d9-8028-564ff190a678
2026-08-17 17:33:41,253 - INFO - HTTP Request: POST http://127.0.0.1:8002/price "HTTP/1.1 200 OK"
2026-08-17 17:33:41,254 - INFO - Pricing Service Called, req: {'items': [{'product_id': '4cc0770f-91bc-4c0d-a26f-7b872f02ca94', 'qty': 2}], 'promo_codes': [], 'only_final_price': True}, response_status: 200, trace_id=05624616-d8c1-49d9-8028-564ff190a678
2026-08-17 17:33:41,257 - INFO - Subscription Service Called, user_id: order_user_54, response_status: 200, trace_id=05624616-d8c1-49d9-8028-564ff190a678
2026-08-17 17:33:41,257 - INFO - Applied subscription discount for user order_user_54, promo_code: SUMMER20, discount: 20.0%, original_price: 500.0, discounted_price: 400.0, trace_id=05624616-d8c1-49d9-8028-564ff190a678
2026-08-17 17:33:41,258 - INFO - Request for orchestrate_order started, order_id=8cdb9c8e-4e91-4cf5-b5d8-6a7db14ad071, trace_id=05624616-d8c1-49d9-8028-564ff190a678
2026-08-17 17:33:41,263 - INFO - Inventory Reservation Service Called, req: {'order_id': '8cdb9c8e-4e91-4cf5-b5d8-6a7db14ad071', 'items': [{'sku': '4cc0770f-91bc-4c0d-a26f-7b872f02ca94', 'qty': 2}], 'atomic_update': True, 'delay': 0.0, 'drop': 0}, response_status: 200, response: {'order_id': '8cdb9c8e-4e91-4cf5-b5d8-6a7db14ad071', 'status': 'OUT_OF_STOCK', 'reason': 'Out of stock: 4cc0770f-91bc-4c0d-a26f-7b872f02ca94', 'total_input_tokens': 0, 'total_output_tokens': 0, 'total_llm_calls': 0} trace_id=05624616-d8c1-49d9-8028-564ff190a678
2026-08-17 17:33:41,264 - INFO - Request for orchestrate_order completed, final_status:OUT_OF_STOCK,  trace_id=05624616-d8c1-49d9-8028-564ff190a678
2026-08-17 17:33:41,271 - INFO - Request for checkout_cart, cart_id=5027ccfe-27ec-49e3-a8bd-5625fa36bcac, user_id=None, trace_id=c6b30999-4a5f-48c0-b384-a64fd393d16b
2026-08-17 17:33:41,275 - INFO - Cart Service Called, request_cart_id: 5027ccfe-27ec-49e3-a8bd-5625fa36bcac, response_status: 200, trace_id=c6b30999-4a5f-48c0-b384-a64fd393d16b
2026-08-17 17:33:41,279 - INFO - HTTP Request: POST http://127.0.0.1:8002/price "HTTP/1.1 200 OK"
2026-08-17 17:33:41,279 - INFO - Pricing Service Called, req: {'items': [{'product_id': '4cc0770f-91bc-4c0d-a26f-7b872f02ca94', 'qty': 2}], 'promo_codes': [], 'only_final_price': True}, response_status: 200, trace_id=c6b30999-4a5f-48c0-b384-a64fd393d16b
2026-08-17 17:33:41,279 - INFO - Request for orchestrate_order started, order_id=f8d8d017-5fe5-4a25-b376-622eb4ed54a9, trace_id=c6b30999-4a5f-48c0-b384-a64fd393d16b
2026-08-17 17:33:41,284 - INFO - Inventory Reservation Service Called, req: {'order_id': 'f8d8d017-5fe5-4a25-b376-622eb4ed54a9', 'items': [{'sku': '4cc0770f-91bc-4c0d-a26f-7b872f02ca94', 'qty': 2}], 'atomic_update': True, 'delay': 0.0, 'drop': 0}, response_status: 200, response: {'order_id': 'f8d8d017-5fe5-4a25-b376-622eb4ed54a9', 'status': 'OUT_OF_STOCK', 'reason': 'Out of stock: 4cc0770f-91bc-4c0d-a26f-7b872f02ca94', 'total_input_tokens': 0, 'total_output_tokens': 0, 'total_llm_calls': 0} trace_id=c6b30999-4a5f-48c0-b384-a64fd393d16b
2026-08-17 17:33:41,285 - INFO - Request for orchestrate_order completed, final_status:OUT_OF_STOCK,  trace_id=c6b30999-4a5f-48c0-b384-a64fd393d16b
2026-08-17 17:33:41,299 - INFO - Request for checkout_cart, cart_id=ec180fcc-6676-4554-b385-658de0a959f0, user_id=order_user_55, trace_id=700ca54d-527b-466f-8b7a-d8a0eaeb3538
2026-08-17 17:33:41,303 - INFO - Cart Service Called, request_cart_id: ec180fcc-6676-4554-b385-658de0a959f0, response_status: 200, trace_id=700ca54d-527b-466f-8b7a-d8a0eaeb3538
2026-08-17 17:33:41,307 - INFO - HTTP Request: POST http://127.0.0.1:8002/price "HTTP/1.1 200 OK"
2026-08-17 17:33:41,307 - INFO - Pricing Service Called, req: {'items': [{'product_id': '4cc0770f-91bc-4c0d-a26f-7b872f02ca94', 'qty': 2}], 'promo_codes': [], 'only_final_price': True}, response_status: 200, trace_id=700ca54d-527b-466f-8b7a-d8a0eaeb3538
2026-08-17 17:33:41,311 - INFO - Subscription Service Called, user_id: order_user_55, response_status: 200, trace_id=700ca54d-527b-466f-8b7a-d8a0eaeb3538
2026-08-17 17:33:41,311 - INFO - Applied subscription discount for user order_user_55, promo_code: SUMMER20, discount: 20.0%, original_price: 500.0, discounted_price: 400.0, trace_id=700ca54d-527b-466f-8b7a-d8a0eaeb3538
2026-08-17 17:33:41,312 - INFO - Request for orchestrate_order started, order_id=de1815e6-6a6a-4985-8e65-fa32be711697, trace_id=700ca54d-527b-466f-8b7a-d8a0eaeb3538
2026-08-17 17:33:41,317 - INFO - Inventory Reservation Service Called, req: {'order_id': 'de1815e6-6a6a-4985-8e65-fa32be711697', 'items': [{'sku': '4cc0770f-91bc-4c0d-a26f-7b872f02ca94', 'qty': 2}], 'atomic_update': True, 'delay': 0.0, 'drop': 0}, response_status: 200, response: {'order_id': 'de1815e6-6a6a-4985-8e65-fa32be711697', 'status': 'OUT_OF_STOCK', 'reason': 'Out of stock: 4cc0770f-91bc-4c0d-a26f-7b872f02ca94', 'total_input_tokens': 0, 'total_output_tokens': 0, 'total_llm_calls': 0} trace_id=700ca54d-527b-466f-8b7a-d8a0eaeb3538
2026-08-17 17:33:41,318 - INFO - Request for orchestrate_order completed, final_status:OUT_OF_STOCK,  trace_id=700ca54d-527b-466f-8b7a-d8a0eaeb3538
2026-08-17 17:33:41,325 - INFO - Request for checkout_cart, cart_id=c367f1a6-56c8-4cbd-87fb-58db43124280, user_id=None, trace_id=186d6902-db23-4d00-9273-c24ff15f0fc8
2026-08-17 17:33:41,329 - INFO - Cart Service Called, request_cart_id: c367f1a6-56c8-4cbd-87fb-58db43124280, response_status: 200, trace_id=186d6902-db23-4d00-9273-c24ff15f0fc8
2026-08-17 17:33:41,333 - INFO - HTTP Request: POST http://127.0.0.1:8002/price "HTTP/1.1 200 OK"
2026-08-17 17:33:41,334 - INFO - Pricing Service Called, req: {'items': [{'product_id': '4cc0770f-91bc-4c0d-a26f-7b872f02ca94', 'qty': 2}], 'promo_codes': [], 'only_final_price': True}, response_status: 200, trace_id=186d6902-db23-4d00-9273-c24ff15f0fc8
2026-08-17 17:33:41,334 - INFO - Request for orchestrate_order started, order_id=f5278a2a-079a-43dd-934a-5ba0e5827a5e, trace_id=186d6902-db23-4d00-9273-c24ff15f0fc8
2026-08-17 17:33:41,339 - INFO - Inventory Reservation Service Called, req: {'order_id': 'f5278a2a-079a-43dd-934a-5ba0e5827a5e', 'items': [{'sku': '4cc0770f-91bc-4c0d-a26f-7b872f02ca94', 'qty': 2}], 'atomic_update': True, 'delay': 0.0, 'drop': 0}, response_status: 200, response: {'order_id': 'f5278a2a-079a-43dd-934a-5ba0e5827a5e', 'status': 'OUT_OF_STOCK', 'reason': 'Out of stock: 4cc0770f-91bc-4c0d-a26f-7b872f02ca94', 'total_input_tokens': 0, 'total_output_tokens': 0, 'total_llm_calls': 0} trace_id=186d6902-db23-4d00-9273-c24ff15f0fc8
2026-08-17 17:33:41,340 - INFO - Request for orchestrate_order completed, final_status:OUT_OF_STOCK,  trace_id=186d6902-db23-4d00-9273-c24ff15f0fc8
2026-08-17 17:33:41,352 - INFO - Request for checkout_cart, cart_id=583c3f12-098f-4bef-a677-33589ec9ce91, user_id=order_user_56, trace_id=e3674e46-e0f0-4977-ba46-9da878f573ca
2026-08-17 17:33:41,356 - INFO - Cart Service Called, request_cart_id: 583c3f12-098f-4bef-a677-33589ec9ce91, response_status: 200, trace_id=e3674e46-e0f0-4977-ba46-9da878f573ca
2026-08-17 17:33:41,360 - INFO - HTTP Request: POST http://127.0.0.1:8002/price "HTTP/1.1 200 OK"
2026-08-17 17:33:41,361 - INFO - Pricing Service Called, req: {'items': [{'product_id': '4cc0770f-91bc-4c0d-a26f-7b872f02ca94', 'qty': 2}], 'promo_codes': [], 'only_final_price': True}, response_status: 200, trace_id=e3674e46-e0f0-4977-ba46-9da878f573ca
2026-08-17 17:33:41,365 - INFO - Subscription Service Called, user_id: order_user_56, response_status: 200, trace_id=e3674e46-e0f0-4977-ba46-9da878f573ca
2026-08-17 17:33:41,365 - INFO - Applied subscription discount for user order_user_56, promo_code: SUMMER20, discount: 20.0%, original_price: 500.0, discounted_price: 400.0, trace_id=e3674e46-e0f0-4977-ba46-9da878f573ca
2026-08-17 17:33:41,365 - INFO - Request for orchestrate_order started, order_id=1981c104-340d-4187-b925-15bd93a18ec4, trace_id=e3674e46-e0f0-4977-ba46-9da878f573ca
2026-08-17 17:33:41,370 - INFO - Inventory Reservation Service Called, req: {'order_id': '1981c104-340d-4187-b925-15bd93a18ec4', 'items': [{'sku': '4cc0770f-91bc-4c0d-a26f-7b872f02ca94', 'qty': 2}], 'atomic_update': True, 'delay': 0.0, 'drop': 0}, response_status: 200, response: {'order_id': '1981c104-340d-4187-b925-15bd93a18ec4', 'status': 'OUT_OF_STOCK', 'reason': 'Out of stock: 4cc0770f-91bc-4c0d-a26f-7b872f02ca94', 'total_input_tokens': 0, 'total_output_tokens': 0, 'total_llm_calls': 0} trace_id=e3674e46-e0f0-4977-ba46-9da878f573ca
2026-08-17 17:33:41,371 - INFO - Request for orchestrate_order completed, final_status:OUT_OF_STOCK,  trace_id=e3674e46-e0f0-4977-ba46-9da878f573ca
2026-08-17 17:33:41,378 - INFO - Request for checkout_cart, cart_id=6ff0c52a-d0a6-4ee1-a592-44fc8959fc0c, user_id=None, trace_id=fdfc2d47-4bf3-4e0b-badd-0dd13b994cee
2026-08-17 17:33:41,382 - INFO - Cart Service Called, request_cart_id: 6ff0c52a-d0a6-4ee1-a592-44fc8959fc0c, response_status: 200, trace_id=fdfc2d47-4bf3-4e0b-badd-0dd13b994cee
2026-08-17 17:33:41,386 - INFO - HTTP Request: POST http://127.0.0.1:8002/price "HTTP/1.1 200 OK"
2026-08-17 17:33:41,386 - INFO - Pricing Service Called, req: {'items': [{'product_id': '4cc0770f-91bc-4c0d-a26f-7b872f02ca94', 'qty': 2}], 'promo_codes': [], 'only_final_price': True}, response_status: 200, trace_id=fdfc2d47-4bf3-4e0b-badd-0dd13b994cee
2026-08-17 17:33:41,387 - INFO - Request for orchestrate_order started, order_id=29cd7cec-70f4-4273-aa69-290d57261385, trace_id=fdfc2d47-4bf3-4e0b-badd-0dd13b994cee
2026-08-17 17:33:41,391 - INFO - Inventory Reservation Service Called, req: {'order_id': '29cd7cec-70f4-4273-aa69-290d57261385', 'items': [{'sku': '4cc0770f-91bc-4c0d-a26f-7b872f02ca94', 'qty': 2}], 'atomic_update': True, 'delay': 0.0, 'drop': 0}, response_status: 200, response: {'order_id': '29cd7cec-70f4-4273-aa69-290d57261385', 'status': 'OUT_OF_STOCK', 'reason': 'Out of stock: 4cc0770f-91bc-4c0d-a26f-7b872f02ca94', 'total_input_tokens': 0, 'total_output_tokens': 0, 'total_llm_calls': 0} trace_id=fdfc2d47-4bf3-4e0b-badd-0dd13b994cee
2026-08-17 17:33:41,392 - INFO - Request for orchestrate_order completed, final_status:OUT_OF_STOCK,  trace_id=fdfc2d47-4bf3-4e0b-badd-0dd13b994cee
2026-08-17 17:33:41,406 - INFO - Request for checkout_cart, cart_id=4f68d26c-62d6-4b49-b6fa-193c34a7311b, user_id=order_user_57, trace_id=8e7a0906-1db6-4a44-8ec6-d125d9ca9630
2026-08-17 17:33:41,410 - INFO - Cart Service Called, request_cart_id: 4f68d26c-62d6-4b49-b6fa-193c34a7311b, response_status: 200, trace_id=8e7a0906-1db6-4a44-8ec6-d125d9ca9630
2026-08-17 17:33:41,414 - INFO - HTTP Request: POST http://127.0.0.1:8002/price "HTTP/1.1 200 OK"
2026-08-17 17:33:41,415 - INFO - Pricing Service Called, req: {'items': [{'product_id': '4cc0770f-91bc-4c0d-a26f-7b872f02ca94', 'qty': 2}], 'promo_codes': [], 'only_final_price': True}, response_status: 200, trace_id=8e7a0906-1db6-4a44-8ec6-d125d9ca9630
2026-08-17 17:33:41,419 - INFO - Subscription Service Called, user_id: order_user_57, response_status: 200, trace_id=8e7a0906-1db6-4a44-8ec6-d125d9ca9630
2026-08-17 17:33:41,419 - INFO - Applied subscription discount for user order_user_57, promo_code: SUMMER20, discount: 20.0%, original_price: 500.0, discounted_price: 400.0, trace_id=8e7a0906-1db6-4a44-8ec6-d125d9ca9630
2026-08-17 17:33:41,419 - INFO - Request for orchestrate_order started, order_id=16368cb4-e366-4259-9b49-7b92e946071b, trace_id=8e7a0906-1db6-4a44-8ec6-d125d9ca9630
2026-08-17 17:33:41,424 - INFO - Inventory Reservation Service Called, req: {'order_id': '16368cb4-e366-4259-9b49-7b92e946071b', 'items': [{'sku': '4cc0770f-91bc-4c0d-a26f-7b872f02ca94', 'qty': 2}], 'atomic_update': True, 'delay': 0.0, 'drop': 0}, response_status: 200, response: {'order_id': '16368cb4-e366-4259-9b49-7b92e946071b', 'status': 'OUT_OF_STOCK', 'reason': 'Out of stock: 4cc0770f-91bc-4c0d-a26f-7b872f02ca94', 'total_input_tokens': 0, 'total_output_tokens': 0, 'total_llm_calls': 0} trace_id=8e7a0906-1db6-4a44-8ec6-d125d9ca9630
2026-08-17 17:33:41,425 - INFO - Request for orchestrate_order completed, final_status:OUT_OF_STOCK,  trace_id=8e7a0906-1db6-4a44-8ec6-d125d9ca9630
2026-08-17 17:33:41,433 - INFO - Request for checkout_cart, cart_id=5b08a685-8954-4ddd-a820-b568296301bd, user_id=None, trace_id=1b207674-5c7b-4468-8c7a-825fbf0843aa
2026-08-17 17:33:41,437 - INFO - Cart Service Called, request_cart_id: 5b08a685-8954-4ddd-a820-b568296301bd, response_status: 200, trace_id=1b207674-5c7b-4468-8c7a-825fbf0843aa
2026-08-17 17:33:41,440 - INFO - HTTP Request: POST http://127.0.0.1:8002/price "HTTP/1.1 200 OK"
2026-08-17 17:33:41,441 - INFO - Pricing Service Called, req: {'items': [{'product_id': '4cc0770f-91bc-4c0d-a26f-7b872f02ca94', 'qty': 2}], 'promo_codes': [], 'only_final_price': True}, response_status: 200, trace_id=1b207674-5c7b-4468-8c7a-825fbf0843aa
2026-08-17 17:33:41,441 - INFO - Request for orchestrate_order started, order_id=6bba254d-1848-42a5-86fb-c12af534486d, trace_id=1b207674-5c7b-4468-8c7a-825fbf0843aa
2026-08-17 17:33:41,447 - INFO - Inventory Reservation Service Called, req: {'order_id': '6bba254d-1848-42a5-86fb-c12af534486d', 'items': [{'sku': '4cc0770f-91bc-4c0d-a26f-7b872f02ca94', 'qty': 2}], 'atomic_update': True, 'delay': 0.0, 'drop': 0}, response_status: 200, response: {'order_id': '6bba254d-1848-42a5-86fb-c12af534486d', 'status': 'OUT_OF_STOCK', 'reason': 'Out of stock: 4cc0770f-91bc-4c0d-a26f-7b872f02ca94', 'total_input_tokens': 0, 'total_output_tokens': 0, 'total_llm_calls': 0} trace_id=1b207674-5c7b-4468-8c7a-825fbf0843aa
2026-08-17 17:33:41,448 - INFO - Request for orchestrate_order completed, final_status:OUT_OF_STOCK,  trace_id=1b207674-5c7b-4468-8c7a-825fbf0843aa
2026-08-17 17:33:41,461 - INFO - Request for checkout_cart, cart_id=780a6503-ac20-4c97-bfbc-280232c6d197, user_id=order_user_58, trace_id=aa84e23b-9d79-482b-8b7c-9c9b80d09f30
2026-08-17 17:33:41,465 - INFO - Cart Service Called, request_cart_id: 780a6503-ac20-4c97-bfbc-280232c6d197, response_status: 200, trace_id=aa84e23b-9d79-482b-8b7c-9c9b80d09f30
2026-08-17 17:33:41,468 - INFO - HTTP Request: POST http://127.0.0.1:8002/price "HTTP/1.1 200 OK"
2026-08-17 17:33:41,469 - INFO - Pricing Service Called, req: {'items': [{'product_id': '4cc0770f-91bc-4c0d-a26f-7b872f02ca94', 'qty': 2}], 'promo_codes': [], 'only_final_price': True}, response_status: 200, trace_id=aa84e23b-9d79-482b-8b7c-9c9b80d09f30
2026-08-17 17:33:41,474 - INFO - Subscription Service Called, user_id: order_user_58, response_status: 200, trace_id=aa84e23b-9d79-482b-8b7c-9c9b80d09f30
2026-08-17 17:33:41,474 - INFO - Applied subscription discount for user order_user_58, promo_code: SUMMER20, discount: 20.0%, original_price: 500.0, discounted_price: 400.0, trace_id=aa84e23b-9d79-482b-8b7c-9c9b80d09f30
2026-08-17 17:33:41,474 - INFO - Request for orchestrate_order started, order_id=9d6be8ec-a9f2-49f7-a9e4-26554a437e1a, trace_id=aa84e23b-9d79-482b-8b7c-9c9b80d09f30
2026-08-17 17:33:41,480 - INFO - Inventory Reservation Service Called, req: {'order_id': '9d6be8ec-a9f2-49f7-a9e4-26554a437e1a', 'items': [{'sku': '4cc0770f-91bc-4c0d-a26f-7b872f02ca94', 'qty': 2}], 'atomic_update': True, 'delay': 0.0, 'drop': 0}, response_status: 200, response: {'order_id': '9d6be8ec-a9f2-49f7-a9e4-26554a437e1a', 'status': 'OUT_OF_STOCK', 'reason': 'Out of stock: 4cc0770f-91bc-4c0d-a26f-7b872f02ca94', 'total_input_tokens': 0, 'total_output_tokens': 0, 'total_llm_calls': 0} trace_id=aa84e23b-9d79-482b-8b7c-9c9b80d09f30
2026-08-17 17:33:41,481 - INFO - Request for orchestrate_order completed, final_status:OUT_OF_STOCK,  trace_id=aa84e23b-9d79-482b-8b7c-9c9b80d09f30
2026-08-17 17:33:41,488 - INFO - Request for checkout_cart, cart_id=08f44b9f-410a-46e6-9704-229ac164a69f, user_id=None, trace_id=f4d1c381-a9b9-4dbb-9f43-adb22bbe82b8
2026-08-17 17:33:41,492 - INFO - Cart Service Called, request_cart_id: 08f44b9f-410a-46e6-9704-229ac164a69f, response_status: 200, trace_id=f4d1c381-a9b9-4dbb-9f43-adb22bbe82b8
2026-08-17 17:33:41,497 - INFO - HTTP Request: POST http://127.0.0.1:8002/price "HTTP/1.1 200 OK"
2026-08-17 17:33:41,497 - INFO - Pricing Service Called, req: {'items': [{'product_id': '4cc0770f-91bc-4c0d-a26f-7b872f02ca94', 'qty': 2}], 'promo_codes': [], 'only_final_price': True}, response_status: 200, trace_id=f4d1c381-a9b9-4dbb-9f43-adb22bbe82b8
2026-08-17 17:33:41,498 - INFO - Request for orchestrate_order started, order_id=9aa7933c-de06-40b0-a83c-8fc87621a963, trace_id=f4d1c381-a9b9-4dbb-9f43-adb22bbe82b8
2026-08-17 17:33:41,503 - INFO - Inventory Reservation Service Called, req: {'order_id': '9aa7933c-de06-40b0-a83c-8fc87621a963', 'items': [{'sku': '4cc0770f-91bc-4c0d-a26f-7b872f02ca94', 'qty': 2}], 'atomic_update': True, 'delay': 0.0, 'drop': 0}, response_status: 200, response: {'order_id': '9aa7933c-de06-40b0-a83c-8fc87621a963', 'status': 'OUT_OF_STOCK', 'reason': 'Out of stock: 4cc0770f-91bc-4c0d-a26f-7b872f02ca94', 'total_input_tokens': 0, 'total_output_tokens': 0, 'total_llm_calls': 0} trace_id=f4d1c381-a9b9-4dbb-9f43-adb22bbe82b8
2026-08-17 17:33:41,504 - INFO - Request for orchestrate_order completed, final_status:OUT_OF_STOCK,  trace_id=f4d1c381-a9b9-4dbb-9f43-adb22bbe82b8
2026-08-17 17:33:41,517 - INFO - Request for checkout_cart, cart_id=ed474408-5490-4ffb-b46d-d66621e85e07, user_id=order_user_59, trace_id=b986d5d0-3aeb-416d-b3bc-d981048734cd
2026-08-17 17:33:41,521 - INFO - Cart Service Called, request_cart_id: ed474408-5490-4ffb-b46d-d66621e85e07, response_status: 200, trace_id=b986d5d0-3aeb-416d-b3bc-d981048734cd
2026-08-17 17:33:41,525 - INFO - HTTP Request: POST http://127.0.0.1:8002/price "HTTP/1.1 200 OK"
2026-08-17 17:33:41,525 - INFO - Pricing Service Called, req: {'items': [{'product_id': '4cc0770f-91bc-4c0d-a26f-7b872f02ca94', 'qty': 2}], 'promo_codes': [], 'only_final_price': True}, response_status: 200, trace_id=b986d5d0-3aeb-416d-b3bc-d981048734cd
2026-08-17 17:33:41,529 - INFO - Subscription Service Called, user_id: order_user_59, response_status: 200, trace_id=b986d5d0-3aeb-416d-b3bc-d981048734cd
2026-08-17 17:33:41,529 - INFO - Applied subscription discount for user order_user_59, promo_code: SUMMER20, discount: 20.0%, original_price: 500.0, discounted_price: 400.0, trace_id=b986d5d0-3aeb-416d-b3bc-d981048734cd
2026-08-17 17:33:41,530 - INFO - Request for orchestrate_order started, order_id=2c216e76-2213-4828-a02c-f8dc5d57fb9b, trace_id=b986d5d0-3aeb-416d-b3bc-d981048734cd
2026-08-17 17:33:41,535 - INFO - Inventory Reservation Service Called, req: {'order_id': '2c216e76-2213-4828-a02c-f8dc5d57fb9b', 'items': [{'sku': '4cc0770f-91bc-4c0d-a26f-7b872f02ca94', 'qty': 2}], 'atomic_update': True, 'delay': 0.0, 'drop': 0}, response_status: 200, response: {'order_id': '2c216e76-2213-4828-a02c-f8dc5d57fb9b', 'status': 'OUT_OF_STOCK', 'reason': 'Out of stock: 4cc0770f-91bc-4c0d-a26f-7b872f02ca94', 'total_input_tokens': 0, 'total_output_tokens': 0, 'total_llm_calls': 0} trace_id=b986d5d0-3aeb-416d-b3bc-d981048734cd
2026-08-17 17:33:41,536 - INFO - Request for orchestrate_order completed, final_status:OUT_OF_STOCK,  trace_id=b986d5d0-3aeb-416d-b3bc-d981048734cd
2026-08-17 17:33:41,543 - INFO - Request for checkout_cart, cart_id=3d24ebae-5e1b-4aaa-a25f-b80f663018e8, user_id=None, trace_id=e225b62a-118d-4f90-9d30-09246355d59f
2026-08-17 17:33:41,549 - INFO - Cart Service Called, request_cart_id: 3d24ebae-5e1b-4aaa-a25f-b80f663018e8, response_status: 200, trace_id=e225b62a-118d-4f90-9d30-09246355d59f
2026-08-17 17:33:41,553 - INFO - HTTP Request: POST http://127.0.0.1:8002/price "HTTP/1.1 200 OK"
2026-08-17 17:33:41,554 - INFO - Pricing Service Called, req: {'items': [{'product_id': '4cc0770f-91bc-4c0d-a26f-7b872f02ca94', 'qty': 2}], 'promo_codes': [], 'only_final_price': True}, response_status: 200, trace_id=e225b62a-118d-4f90-9d30-09246355d59f
2026-08-17 17:33:41,554 - INFO - Request for orchestrate_order started, order_id=41a7618b-b9fd-42c6-8927-558046791db5, trace_id=e225b62a-118d-4f90-9d30-09246355d59f
2026-08-17 17:33:41,559 - INFO - Inventory Reservation Service Called, req: {'order_id': '41a7618b-b9fd-42c6-8927-558046791db5', 'items': [{'sku': '4cc0770f-91bc-4c0d-a26f-7b872f02ca94', 'qty': 2}], 'atomic_update': True, 'delay': 0.0, 'drop': 0}, response_status: 200, response: {'order_id': '41a7618b-b9fd-42c6-8927-558046791db5', 'status': 'OUT_OF_STOCK', 'reason': 'Out of stock: 4cc0770f-91bc-4c0d-a26f-7b872f02ca94', 'total_input_tokens': 0, 'total_output_tokens': 0, 'total_llm_calls': 0} trace_id=e225b62a-118d-4f90-9d30-09246355d59f
2026-08-17 17:33:41,560 - INFO - Request for orchestrate_order completed, final_status:OUT_OF_STOCK,  trace_id=e225b62a-118d-4f90-9d30-09246355d59f
2026-08-17 17:33:41,572 - INFO - Request for checkout_cart, cart_id=e4ff823a-06fd-4531-92fe-5d2d542b346b, user_id=order_user_60, trace_id=c649cf30-3d94-40a1-9d05-d78fc0733224
2026-08-17 17:33:41,575 - INFO - Cart Service Called, request_cart_id: e4ff823a-06fd-4531-92fe-5d2d542b346b, response_status: 200, trace_id=c649cf30-3d94-40a1-9d05-d78fc0733224
2026-08-17 17:33:41,579 - INFO - HTTP Request: POST http://127.0.0.1:8002/price "HTTP/1.1 200 OK"
2026-08-17 17:33:41,580 - INFO - Pricing Service Called, req: {'items': [{'product_id': '4cc0770f-91bc-4c0d-a26f-7b872f02ca94', 'qty': 2}], 'promo_codes': [], 'only_final_price': True}, response_status: 200, trace_id=c649cf30-3d94-40a1-9d05-d78fc0733224
2026-08-17 17:33:41,584 - INFO - Subscription Service Called, user_id: order_user_60, response_status: 200, trace_id=c649cf30-3d94-40a1-9d05-d78fc0733224
2026-08-17 17:33:41,585 - INFO - Applied subscription discount for user order_user_60, promo_code: SUMMER20, discount: 20.0%, original_price: 500.0, discounted_price: 400.0, trace_id=c649cf30-3d94-40a1-9d05-d78fc0733224
2026-08-17 17:33:41,585 - INFO - Request for orchestrate_order started, order_id=eb2dd198-f615-4229-b806-f8e10931b9e1, trace_id=c649cf30-3d94-40a1-9d05-d78fc0733224
2026-08-17 17:33:41,589 - INFO - Inventory Reservation Service Called, req: {'order_id': 'eb2dd198-f615-4229-b806-f8e10931b9e1', 'items': [{'sku': '4cc0770f-91bc-4c0d-a26f-7b872f02ca94', 'qty': 2}], 'atomic_update': True, 'delay': 0.0, 'drop': 0}, response_status: 200, response: {'order_id': 'eb2dd198-f615-4229-b806-f8e10931b9e1', 'status': 'OUT_OF_STOCK', 'reason': 'Out of stock: 4cc0770f-91bc-4c0d-a26f-7b872f02ca94', 'total_input_tokens': 0, 'total_output_tokens': 0, 'total_llm_calls': 0} trace_id=c649cf30-3d94-40a1-9d05-d78fc0733224
2026-08-17 17:33:41,590 - INFO - Request for orchestrate_order completed, final_status:OUT_OF_STOCK,  trace_id=c649cf30-3d94-40a1-9d05-d78fc0733224
2026-08-17 17:33:41,600 - INFO - Request for checkout_cart, cart_id=37760771-1b29-47cf-9c41-622fa096f39e, user_id=None, trace_id=e9bc72d6-d38d-4ccd-bf02-de7e635253c5
2026-08-17 17:33:41,604 - INFO - Cart Service Called, request_cart_id: 37760771-1b29-47cf-9c41-622fa096f39e, response_status: 200, trace_id=e9bc72d6-d38d-4ccd-bf02-de7e635253c5
2026-08-17 17:33:41,608 - INFO - HTTP Request: POST http://127.0.0.1:8002/price "HTTP/1.1 200 OK"
2026-08-17 17:33:41,608 - INFO - Pricing Service Called, req: {'items': [{'product_id': '4cc0770f-91bc-4c0d-a26f-7b872f02ca94', 'qty': 2}], 'promo_codes': [], 'only_final_price': True}, response_status: 200, trace_id=e9bc72d6-d38d-4ccd-bf02-de7e635253c5
2026-08-17 17:33:41,609 - INFO - Request for orchestrate_order started, order_id=74ac01d4-3cd1-42f5-9e30-8a8260ad9936, trace_id=e9bc72d6-d38d-4ccd-bf02-de7e635253c5
2026-08-17 17:33:41,614 - INFO - Inventory Reservation Service Called, req: {'order_id': '74ac01d4-3cd1-42f5-9e30-8a8260ad9936', 'items': [{'sku': '4cc0770f-91bc-4c0d-a26f-7b872f02ca94', 'qty': 2}], 'atomic_update': True, 'delay': 0.0, 'drop': 0}, response_status: 200, response: {'order_id': '74ac01d4-3cd1-42f5-9e30-8a8260ad9936', 'status': 'OUT_OF_STOCK', 'reason': 'Out of stock: 4cc0770f-91bc-4c0d-a26f-7b872f02ca94', 'total_input_tokens': 0, 'total_output_tokens': 0, 'total_llm_calls': 0} trace_id=e9bc72d6-d38d-4ccd-bf02-de7e635253c5
2026-08-17 17:33:41,615 - INFO - Request for orchestrate_order completed, final_status:OUT_OF_STOCK,  trace_id=e9bc72d6-d38d-4ccd-bf02-de7e635253c5
2026-08-17 17:33:41,628 - INFO - Request for checkout_cart, cart_id=0793cc1f-ca03-4bf7-b89e-206dd10d5dca, user_id=order_user_61, trace_id=0c4bb351-003b-4868-a0f8-a326ae90d7eb
2026-08-17 17:33:41,632 - INFO - Cart Service Called, request_cart_id: 0793cc1f-ca03-4bf7-b89e-206dd10d5dca, response_status: 200, trace_id=0c4bb351-003b-4868-a0f8-a326ae90d7eb
2026-08-17 17:33:41,636 - INFO - HTTP Request: POST http://127.0.0.1:8002/price "HTTP/1.1 200 OK"
2026-08-17 17:33:41,636 - INFO - Pricing Service Called, req: {'items': [{'product_id': '4cc0770f-91bc-4c0d-a26f-7b872f02ca94', 'qty': 2}], 'promo_codes': [], 'only_final_price': True}, response_status: 200, trace_id=0c4bb351-003b-4868-a0f8-a326ae90d7eb
2026-08-17 17:33:41,641 - INFO - Subscription Service Called, user_id: order_user_61, response_status: 200, trace_id=0c4bb351-003b-4868-a0f8-a326ae90d7eb
2026-08-17 17:33:41,641 - INFO - Applied subscription discount for user order_user_61, promo_code: SUMMER20, discount: 20.0%, original_price: 500.0, discounted_price: 400.0, trace_id=0c4bb351-003b-4868-a0f8-a326ae90d7eb
2026-08-17 17:33:41,641 - INFO - Request for orchestrate_order started, order_id=54576a15-a995-4dde-99b8-02f83ee6c003, trace_id=0c4bb351-003b-4868-a0f8-a326ae90d7eb
2026-08-17 17:33:41,646 - INFO - Inventory Reservation Service Called, req: {'order_id': '54576a15-a995-4dde-99b8-02f83ee6c003', 'items': [{'sku': '4cc0770f-91bc-4c0d-a26f-7b872f02ca94', 'qty': 2}], 'atomic_update': True, 'delay': 0.0, 'drop': 0}, response_status: 200, response: {'order_id': '54576a15-a995-4dde-99b8-02f83ee6c003', 'status': 'OUT_OF_STOCK', 'reason': 'Out of stock: 4cc0770f-91bc-4c0d-a26f-7b872f02ca94', 'total_input_tokens': 0, 'total_output_tokens': 0, 'total_llm_calls': 0} trace_id=0c4bb351-003b-4868-a0f8-a326ae90d7eb
2026-08-17 17:33:41,647 - INFO - Request for orchestrate_order completed, final_status:OUT_OF_STOCK,  trace_id=0c4bb351-003b-4868-a0f8-a326ae90d7eb
2026-08-17 17:33:41,655 - INFO - Request for checkout_cart, cart_id=b7fdf9b5-c8fa-4b02-a890-f40c21071e7a, user_id=None, trace_id=ef30afca-5f54-42b5-9002-4a9dc4c19900
2026-08-17 17:33:41,658 - INFO - Cart Service Called, request_cart_id: b7fdf9b5-c8fa-4b02-a890-f40c21071e7a, response_status: 200, trace_id=ef30afca-5f54-42b5-9002-4a9dc4c19900
2026-08-17 17:33:41,662 - INFO - HTTP Request: POST http://127.0.0.1:8002/price "HTTP/1.1 200 OK"
2026-08-17 17:33:41,663 - INFO - Pricing Service Called, req: {'items': [{'product_id': '4cc0770f-91bc-4c0d-a26f-7b872f02ca94', 'qty': 2}], 'promo_codes': [], 'only_final_price': True}, response_status: 200, trace_id=ef30afca-5f54-42b5-9002-4a9dc4c19900
2026-08-17 17:33:41,663 - INFO - Request for orchestrate_order started, order_id=f89eb748-7a97-4b6a-b6b9-f0d22d714750, trace_id=ef30afca-5f54-42b5-9002-4a9dc4c19900
2026-08-17 17:33:41,668 - INFO - Inventory Reservation Service Called, req: {'order_id': 'f89eb748-7a97-4b6a-b6b9-f0d22d714750', 'items': [{'sku': '4cc0770f-91bc-4c0d-a26f-7b872f02ca94', 'qty': 2}], 'atomic_update': True, 'delay': 0.0, 'drop': 0}, response_status: 200, response: {'order_id': 'f89eb748-7a97-4b6a-b6b9-f0d22d714750', 'status': 'OUT_OF_STOCK', 'reason': 'Out of stock: 4cc0770f-91bc-4c0d-a26f-7b872f02ca94', 'total_input_tokens': 0, 'total_output_tokens': 0, 'total_llm_calls': 0} trace_id=ef30afca-5f54-42b5-9002-4a9dc4c19900
2026-08-17 17:33:41,669 - INFO - Request for orchestrate_order completed, final_status:OUT_OF_STOCK,  trace_id=ef30afca-5f54-42b5-9002-4a9dc4c19900
2026-08-17 17:33:41,681 - INFO - Request for checkout_cart, cart_id=cea64bd3-d6d6-4082-a1a8-c5820762b891, user_id=order_user_62, trace_id=9571cf95-66e4-4295-a437-6fd33eb6c568
2026-08-17 17:33:41,685 - INFO - Cart Service Called, request_cart_id: cea64bd3-d6d6-4082-a1a8-c5820762b891, response_status: 200, trace_id=9571cf95-66e4-4295-a437-6fd33eb6c568
2026-08-17 17:33:41,688 - INFO - HTTP Request: POST http://127.0.0.1:8002/price "HTTP/1.1 200 OK"
2026-08-17 17:33:41,689 - INFO - Pricing Service Called, req: {'items': [{'product_id': '4cc0770f-91bc-4c0d-a26f-7b872f02ca94', 'qty': 2}], 'promo_codes': [], 'only_final_price': True}, response_status: 200, trace_id=9571cf95-66e4-4295-a437-6fd33eb6c568
2026-08-17 17:33:41,692 - INFO - Subscription Service Called, user_id: order_user_62, response_status: 200, trace_id=9571cf95-66e4-4295-a437-6fd33eb6c568
2026-08-17 17:33:41,693 - INFO - Applied subscription discount for user order_user_62, promo_code: SUMMER20, discount: 20.0%, original_price: 500.0, discounted_price: 400.0, trace_id=9571cf95-66e4-4295-a437-6fd33eb6c568
2026-08-17 17:33:41,693 - INFO - Request for orchestrate_order started, order_id=2133164e-f2b6-4c04-9ce6-c5352fb216ad, trace_id=9571cf95-66e4-4295-a437-6fd33eb6c568
2026-08-17 17:33:41,700 - INFO - Inventory Reservation Service Called, req: {'order_id': '2133164e-f2b6-4c04-9ce6-c5352fb216ad', 'items': [{'sku': '4cc0770f-91bc-4c0d-a26f-7b872f02ca94', 'qty': 2}], 'atomic_update': True, 'delay': 0.0, 'drop': 0}, response_status: 200, response: {'order_id': '2133164e-f2b6-4c04-9ce6-c5352fb216ad', 'status': 'OUT_OF_STOCK', 'reason': 'Out of stock: 4cc0770f-91bc-4c0d-a26f-7b872f02ca94', 'total_input_tokens': 0, 'total_output_tokens': 0, 'total_llm_calls': 0} trace_id=9571cf95-66e4-4295-a437-6fd33eb6c568
2026-08-17 17:33:41,701 - INFO - Request for orchestrate_order completed, final_status:OUT_OF_STOCK,  trace_id=9571cf95-66e4-4295-a437-6fd33eb6c568
2026-08-17 17:33:41,708 - INFO - Request for checkout_cart, cart_id=8bbd1887-4ec6-47e6-b5e8-6c5cae2592b7, user_id=None, trace_id=fb537490-2e83-4e82-b129-d1079044b597
2026-08-17 17:33:41,712 - INFO - Cart Service Called, request_cart_id: 8bbd1887-4ec6-47e6-b5e8-6c5cae2592b7, response_status: 200, trace_id=fb537490-2e83-4e82-b129-d1079044b597
2026-08-17 17:33:41,717 - INFO - HTTP Request: POST http://127.0.0.1:8002/price "HTTP/1.1 200 OK"
2026-08-17 17:33:41,718 - INFO - Pricing Service Called, req: {'items': [{'product_id': '4cc0770f-91bc-4c0d-a26f-7b872f02ca94', 'qty': 2}], 'promo_codes': [], 'only_final_price': True}, response_status: 200, trace_id=fb537490-2e83-4e82-b129-d1079044b597
2026-08-17 17:33:41,718 - INFO - Request for orchestrate_order started, order_id=84352104-919a-4aa3-a8cb-addb95ea7f4e, trace_id=fb537490-2e83-4e82-b129-d1079044b597
2026-08-17 17:33:41,725 - INFO - Inventory Reservation Service Called, req: {'order_id': '84352104-919a-4aa3-a8cb-addb95ea7f4e', 'items': [{'sku': '4cc0770f-91bc-4c0d-a26f-7b872f02ca94', 'qty': 2}], 'atomic_update': True, 'delay': 0.0, 'drop': 0}, response_status: 200, response: {'order_id': '84352104-919a-4aa3-a8cb-addb95ea7f4e', 'status': 'OUT_OF_STOCK', 'reason': 'Out of stock: 4cc0770f-91bc-4c0d-a26f-7b872f02ca94', 'total_input_tokens': 0, 'total_output_tokens': 0, 'total_llm_calls': 0} trace_id=fb537490-2e83-4e82-b129-d1079044b597
2026-08-17 17:33:41,726 - INFO - Request for orchestrate_order completed, final_status:OUT_OF_STOCK,  trace_id=fb537490-2e83-4e82-b129-d1079044b597
2026-08-17 17:33:41,742 - INFO - Request for checkout_cart, cart_id=0e12dd27-4824-48de-8002-5083e86c8ccd, user_id=order_user_63, trace_id=0f8b3046-37da-4330-b571-75c888684855
2026-08-17 17:33:41,746 - INFO - Cart Service Called, request_cart_id: 0e12dd27-4824-48de-8002-5083e86c8ccd, response_status: 200, trace_id=0f8b3046-37da-4330-b571-75c888684855
2026-08-17 17:33:41,751 - INFO - HTTP Request: POST http://127.0.0.1:8002/price "HTTP/1.1 200 OK"
2026-08-17 17:33:41,751 - INFO - Pricing Service Called, req: {'items': [{'product_id': '4cc0770f-91bc-4c0d-a26f-7b872f02ca94', 'qty': 2}], 'promo_codes': [], 'only_final_price': True}, response_status: 200, trace_id=0f8b3046-37da-4330-b571-75c888684855
2026-08-17 17:33:41,755 - INFO - Subscription Service Called, user_id: order_user_63, response_status: 200, trace_id=0f8b3046-37da-4330-b571-75c888684855
2026-08-17 17:33:41,755 - INFO - Applied subscription discount for user order_user_63, promo_code: SUMMER20, discount: 20.0%, original_price: 500.0, discounted_price: 400.0, trace_id=0f8b3046-37da-4330-b571-75c888684855
2026-08-17 17:33:41,756 - INFO - Request for orchestrate_order started, order_id=c1999f04-7c83-475d-af8b-fc2e966dca4c, trace_id=0f8b3046-37da-4330-b571-75c888684855
2026-08-17 17:33:41,760 - INFO - Inventory Reservation Service Called, req: {'order_id': 'c1999f04-7c83-475d-af8b-fc2e966dca4c', 'items': [{'sku': '4cc0770f-91bc-4c0d-a26f-7b872f02ca94', 'qty': 2}], 'atomic_update': True, 'delay': 0.0, 'drop': 0}, response_status: 200, response: {'order_id': 'c1999f04-7c83-475d-af8b-fc2e966dca4c', 'status': 'OUT_OF_STOCK', 'reason': 'Out of stock: 4cc0770f-91bc-4c0d-a26f-7b872f02ca94', 'total_input_tokens': 0, 'total_output_tokens': 0, 'total_llm_calls': 0} trace_id=0f8b3046-37da-4330-b571-75c888684855
2026-08-17 17:33:41,761 - INFO - Request for orchestrate_order completed, final_status:OUT_OF_STOCK,  trace_id=0f8b3046-37da-4330-b571-75c888684855
2026-08-17 17:33:41,769 - INFO - Request for checkout_cart, cart_id=fb06a123-1402-4c88-ba86-97d64778d2ac, user_id=None, trace_id=56629d96-1530-4f51-b3b7-7106083bf8e9
2026-08-17 17:33:41,773 - INFO - Cart Service Called, request_cart_id: fb06a123-1402-4c88-ba86-97d64778d2ac, response_status: 200, trace_id=56629d96-1530-4f51-b3b7-7106083bf8e9
2026-08-17 17:33:41,776 - INFO - HTTP Request: POST http://127.0.0.1:8002/price "HTTP/1.1 200 OK"
2026-08-17 17:33:41,777 - INFO - Pricing Service Called, req: {'items': [{'product_id': '4cc0770f-91bc-4c0d-a26f-7b872f02ca94', 'qty': 2}], 'promo_codes': [], 'only_final_price': True}, response_status: 200, trace_id=56629d96-1530-4f51-b3b7-7106083bf8e9
2026-08-17 17:33:41,777 - INFO - Request for orchestrate_order started, order_id=9d3590c6-28fa-4f63-a1f3-281ea0efcbd8, trace_id=56629d96-1530-4f51-b3b7-7106083bf8e9
2026-08-17 17:33:41,782 - INFO - Inventory Reservation Service Called, req: {'order_id': '9d3590c6-28fa-4f63-a1f3-281ea0efcbd8', 'items': [{'sku': '4cc0770f-91bc-4c0d-a26f-7b872f02ca94', 'qty': 2}], 'atomic_update': True, 'delay': 0.0, 'drop': 0}, response_status: 200, response: {'order_id': '9d3590c6-28fa-4f63-a1f3-281ea0efcbd8', 'status': 'OUT_OF_STOCK', 'reason': 'Out of stock: 4cc0770f-91bc-4c0d-a26f-7b872f02ca94', 'total_input_tokens': 0, 'total_output_tokens': 0, 'total_llm_calls': 0} trace_id=56629d96-1530-4f51-b3b7-7106083bf8e9
2026-08-17 17:33:41,783 - INFO - Request for orchestrate_order completed, final_status:OUT_OF_STOCK,  trace_id=56629d96-1530-4f51-b3b7-7106083bf8e9
2026-08-17 17:33:41,795 - INFO - Request for checkout_cart, cart_id=28ff9a6b-781d-469e-96f1-99e9185b5573, user_id=order_user_64, trace_id=ff170239-d148-440a-bba0-6e88652391d7
2026-08-17 17:33:41,800 - INFO - Cart Service Called, request_cart_id: 28ff9a6b-781d-469e-96f1-99e9185b5573, response_status: 200, trace_id=ff170239-d148-440a-bba0-6e88652391d7
2026-08-17 17:33:41,804 - INFO - HTTP Request: POST http://127.0.0.1:8002/price "HTTP/1.1 200 OK"
2026-08-17 17:33:41,805 - INFO - Pricing Service Called, req: {'items': [{'product_id': '4cc0770f-91bc-4c0d-a26f-7b872f02ca94', 'qty': 2}], 'promo_codes': [], 'only_final_price': True}, response_status: 200, trace_id=ff170239-d148-440a-bba0-6e88652391d7
2026-08-17 17:33:41,809 - INFO - Subscription Service Called, user_id: order_user_64, response_status: 200, trace_id=ff170239-d148-440a-bba0-6e88652391d7
2026-08-17 17:33:41,809 - INFO - Applied subscription discount for user order_user_64, promo_code: SUMMER20, discount: 20.0%, original_price: 500.0, discounted_price: 400.0, trace_id=ff170239-d148-440a-bba0-6e88652391d7
2026-08-17 17:33:41,809 - INFO - Request for orchestrate_order started, order_id=4a8d2528-eb1d-46a9-a174-4f1fe40a41ae, trace_id=ff170239-d148-440a-bba0-6e88652391d7
2026-08-17 17:33:41,815 - INFO - Inventory Reservation Service Called, req: {'order_id': '4a8d2528-eb1d-46a9-a174-4f1fe40a41ae', 'items': [{'sku': '4cc0770f-91bc-4c0d-a26f-7b872f02ca94', 'qty': 2}], 'atomic_update': True, 'delay': 0.0, 'drop': 0}, response_status: 200, response: {'order_id': '4a8d2528-eb1d-46a9-a174-4f1fe40a41ae', 'status': 'OUT_OF_STOCK', 'reason': 'Out of stock: 4cc0770f-91bc-4c0d-a26f-7b872f02ca94', 'total_input_tokens': 0, 'total_output_tokens': 0, 'total_llm_calls': 0} trace_id=ff170239-d148-440a-bba0-6e88652391d7
2026-08-17 17:33:41,816 - INFO - Request for orchestrate_order completed, final_status:OUT_OF_STOCK,  trace_id=ff170239-d148-440a-bba0-6e88652391d7
2026-08-17 17:33:41,823 - INFO - Request for checkout_cart, cart_id=d18ba79d-fa03-4384-8360-4cea5e145888, user_id=None, trace_id=8b0ecfa1-b93d-40b1-971d-2e4314774566
2026-08-17 17:33:41,827 - INFO - Cart Service Called, request_cart_id: d18ba79d-fa03-4384-8360-4cea5e145888, response_status: 200, trace_id=8b0ecfa1-b93d-40b1-971d-2e4314774566
2026-08-17 17:33:41,831 - INFO - HTTP Request: POST http://127.0.0.1:8002/price "HTTP/1.1 200 OK"
2026-08-17 17:33:41,831 - INFO - Pricing Service Called, req: {'items': [{'product_id': '4cc0770f-91bc-4c0d-a26f-7b872f02ca94', 'qty': 2}], 'promo_codes': [], 'only_final_price': True}, response_status: 200, trace_id=8b0ecfa1-b93d-40b1-971d-2e4314774566
2026-08-17 17:33:41,832 - INFO - Request for orchestrate_order started, order_id=eb004653-73f7-45e6-a7b8-9e82fcd27f84, trace_id=8b0ecfa1-b93d-40b1-971d-2e4314774566
2026-08-17 17:33:41,837 - INFO - Inventory Reservation Service Called, req: {'order_id': 'eb004653-73f7-45e6-a7b8-9e82fcd27f84', 'items': [{'sku': '4cc0770f-91bc-4c0d-a26f-7b872f02ca94', 'qty': 2}], 'atomic_update': True, 'delay': 0.0, 'drop': 0}, response_status: 200, response: {'order_id': 'eb004653-73f7-45e6-a7b8-9e82fcd27f84', 'status': 'OUT_OF_STOCK', 'reason': 'Out of stock: 4cc0770f-91bc-4c0d-a26f-7b872f02ca94', 'total_input_tokens': 0, 'total_output_tokens': 0, 'total_llm_calls': 0} trace_id=8b0ecfa1-b93d-40b1-971d-2e4314774566
2026-08-17 17:33:41,838 - INFO - Request for orchestrate_order completed, final_status:OUT_OF_STOCK,  trace_id=8b0ecfa1-b93d-40b1-971d-2e4314774566
2026-08-17 17:33:41,851 - INFO - Request for checkout_cart, cart_id=d897c65a-4f47-4c9e-b087-f7e53e4a198f, user_id=order_user_65, trace_id=ea630951-1cc9-4f5d-bdc7-7b82ac7e396b
2026-08-17 17:33:41,855 - INFO - Cart Service Called, request_cart_id: d897c65a-4f47-4c9e-b087-f7e53e4a198f, response_status: 200, trace_id=ea630951-1cc9-4f5d-bdc7-7b82ac7e396b
2026-08-17 17:33:41,858 - INFO - HTTP Request: POST http://127.0.0.1:8002/price "HTTP/1.1 200 OK"
2026-08-17 17:33:41,859 - INFO - Pricing Service Called, req: {'items': [{'product_id': '4cc0770f-91bc-4c0d-a26f-7b872f02ca94', 'qty': 2}], 'promo_codes': [], 'only_final_price': True}, response_status: 200, trace_id=ea630951-1cc9-4f5d-bdc7-7b82ac7e396b
2026-08-17 17:33:41,863 - INFO - Subscription Service Called, user_id: order_user_65, response_status: 200, trace_id=ea630951-1cc9-4f5d-bdc7-7b82ac7e396b
2026-08-17 17:33:41,863 - INFO - Applied subscription discount for user order_user_65, promo_code: SUMMER20, discount: 20.0%, original_price: 500.0, discounted_price: 400.0, trace_id=ea630951-1cc9-4f5d-bdc7-7b82ac7e396b
2026-08-17 17:33:41,863 - INFO - Request for orchestrate_order started, order_id=9864fd6a-c24a-448c-b656-34a5e61b7d95, trace_id=ea630951-1cc9-4f5d-bdc7-7b82ac7e396b
2026-08-17 17:33:41,868 - INFO - Inventory Reservation Service Called, req: {'order_id': '9864fd6a-c24a-448c-b656-34a5e61b7d95', 'items': [{'sku': '4cc0770f-91bc-4c0d-a26f-7b872f02ca94', 'qty': 2}], 'atomic_update': True, 'delay': 0.0, 'drop': 0}, response_status: 200, response: {'order_id': '9864fd6a-c24a-448c-b656-34a5e61b7d95', 'status': 'OUT_OF_STOCK', 'reason': 'Out of stock: 4cc0770f-91bc-4c0d-a26f-7b872f02ca94', 'total_input_tokens': 0, 'total_output_tokens': 0, 'total_llm_calls': 0} trace_id=ea630951-1cc9-4f5d-bdc7-7b82ac7e396b
2026-08-17 17:33:41,869 - INFO - Request for orchestrate_order completed, final_status:OUT_OF_STOCK,  trace_id=ea630951-1cc9-4f5d-bdc7-7b82ac7e396b
2026-08-17 17:33:41,876 - INFO - Request for checkout_cart, cart_id=0e57cfce-b466-41a5-a7a4-6c1e72dde4c7, user_id=None, trace_id=aebf3090-c43d-44d5-9a75-4a1de1d97b6b
2026-08-17 17:33:41,880 - INFO - Cart Service Called, request_cart_id: 0e57cfce-b466-41a5-a7a4-6c1e72dde4c7, response_status: 200, trace_id=aebf3090-c43d-44d5-9a75-4a1de1d97b6b
2026-08-17 17:33:41,884 - INFO - HTTP Request: POST http://127.0.0.1:8002/price "HTTP/1.1 200 OK"
2026-08-17 17:33:41,884 - INFO - Pricing Service Called, req: {'items': [{'product_id': '4cc0770f-91bc-4c0d-a26f-7b872f02ca94', 'qty': 2}], 'promo_codes': [], 'only_final_price': True}, response_status: 200, trace_id=aebf3090-c43d-44d5-9a75-4a1de1d97b6b
2026-08-17 17:33:41,884 - INFO - Request for orchestrate_order started, order_id=7ee5717f-3629-4013-aa8f-884d98189c4f, trace_id=aebf3090-c43d-44d5-9a75-4a1de1d97b6b
2026-08-17 17:33:41,889 - INFO - Inventory Reservation Service Called, req: {'order_id': '7ee5717f-3629-4013-aa8f-884d98189c4f', 'items': [{'sku': '4cc0770f-91bc-4c0d-a26f-7b872f02ca94', 'qty': 2}], 'atomic_update': True, 'delay': 0.0, 'drop': 0}, response_status: 200, response: {'order_id': '7ee5717f-3629-4013-aa8f-884d98189c4f', 'status': 'OUT_OF_STOCK', 'reason': 'Out of stock: 4cc0770f-91bc-4c0d-a26f-7b872f02ca94', 'total_input_tokens': 0, 'total_output_tokens': 0, 'total_llm_calls': 0} trace_id=aebf3090-c43d-44d5-9a75-4a1de1d97b6b
2026-08-17 17:33:41,890 - INFO - Request for orchestrate_order completed, final_status:OUT_OF_STOCK,  trace_id=aebf3090-c43d-44d5-9a75-4a1de1d97b6b
2026-08-17 17:33:41,905 - INFO - Request for checkout_cart, cart_id=e172dbf1-ff63-40b7-b8fd-ecdbef2998b5, user_id=order_user_66, trace_id=e169b2a0-c5c7-4a75-98ef-36afb12eeb6a
2026-08-17 17:33:41,909 - INFO - Cart Service Called, request_cart_id: e172dbf1-ff63-40b7-b8fd-ecdbef2998b5, response_status: 200, trace_id=e169b2a0-c5c7-4a75-98ef-36afb12eeb6a
2026-08-17 17:33:41,913 - INFO - HTTP Request: POST http://127.0.0.1:8002/price "HTTP/1.1 200 OK"
2026-08-17 17:33:41,914 - INFO - Pricing Service Called, req: {'items': [{'product_id': '4cc0770f-91bc-4c0d-a26f-7b872f02ca94', 'qty': 2}], 'promo_codes': [], 'only_final_price': True}, response_status: 200, trace_id=e169b2a0-c5c7-4a75-98ef-36afb12eeb6a
2026-08-17 17:33:41,918 - INFO - Subscription Service Called, user_id: order_user_66, response_status: 200, trace_id=e169b2a0-c5c7-4a75-98ef-36afb12eeb6a
2026-08-17 17:33:41,919 - INFO - Applied subscription discount for user order_user_66, promo_code: SUMMER20, discount: 20.0%, original_price: 500.0, discounted_price: 400.0, trace_id=e169b2a0-c5c7-4a75-98ef-36afb12eeb6a
2026-08-17 17:33:41,919 - INFO - Request for orchestrate_order started, order_id=7c5cb78a-b172-4c86-969a-2eca197a65ff, trace_id=e169b2a0-c5c7-4a75-98ef-36afb12eeb6a
2026-08-17 17:33:41,924 - INFO - Inventory Reservation Service Called, req: {'order_id': '7c5cb78a-b172-4c86-969a-2eca197a65ff', 'items': [{'sku': '4cc0770f-91bc-4c0d-a26f-7b872f02ca94', 'qty': 2}], 'atomic_update': True, 'delay': 0.0, 'drop': 0}, response_status: 200, response: {'order_id': '7c5cb78a-b172-4c86-969a-2eca197a65ff', 'status': 'OUT_OF_STOCK', 'reason': 'Out of stock: 4cc0770f-91bc-4c0d-a26f-7b872f02ca94', 'total_input_tokens': 0, 'total_output_tokens': 0, 'total_llm_calls': 0} trace_id=e169b2a0-c5c7-4a75-98ef-36afb12eeb6a
2026-08-17 17:33:41,925 - INFO - Request for orchestrate_order completed, final_status:OUT_OF_STOCK,  trace_id=e169b2a0-c5c7-4a75-98ef-36afb12eeb6a
2026-08-17 17:33:41,933 - INFO - Request for checkout_cart, cart_id=f4213c3d-e9ce-4652-a4a8-98dd4e00de7d, user_id=None, trace_id=4a601fee-4fc8-43a7-b02f-f014c31537b0
2026-08-17 17:33:41,937 - INFO - Cart Service Called, request_cart_id: f4213c3d-e9ce-4652-a4a8-98dd4e00de7d, response_status: 200, trace_id=4a601fee-4fc8-43a7-b02f-f014c31537b0
2026-08-17 17:33:41,941 - INFO - HTTP Request: POST http://127.0.0.1:8002/price "HTTP/1.1 200 OK"
2026-08-17 17:33:41,941 - INFO - Pricing Service Called, req: {'items': [{'product_id': '4cc0770f-91bc-4c0d-a26f-7b872f02ca94', 'qty': 2}], 'promo_codes': [], 'only_final_price': True}, response_status: 200, trace_id=4a601fee-4fc8-43a7-b02f-f014c31537b0
2026-08-17 17:33:41,941 - INFO - Request for orchestrate_order started, order_id=fcf6ab95-3dec-4c9d-9351-c9789e93f93f, trace_id=4a601fee-4fc8-43a7-b02f-f014c31537b0
2026-08-17 17:33:41,947 - INFO - Inventory Reservation Service Called, req: {'order_id': 'fcf6ab95-3dec-4c9d-9351-c9789e93f93f', 'items': [{'sku': '4cc0770f-91bc-4c0d-a26f-7b872f02ca94', 'qty': 2}], 'atomic_update': True, 'delay': 0.0, 'drop': 0}, response_status: 200, response: {'order_id': 'fcf6ab95-3dec-4c9d-9351-c9789e93f93f', 'status': 'OUT_OF_STOCK', 'reason': 'Out of stock: 4cc0770f-91bc-4c0d-a26f-7b872f02ca94', 'total_input_tokens': 0, 'total_output_tokens': 0, 'total_llm_calls': 0} trace_id=4a601fee-4fc8-43a7-b02f-f014c31537b0
2026-08-17 17:33:41,948 - INFO - Request for orchestrate_order completed, final_status:OUT_OF_STOCK,  trace_id=4a601fee-4fc8-43a7-b02f-f014c31537b0
2026-08-17 17:33:41,959 - INFO - Request for checkout_cart, cart_id=19f1db60-51a8-4995-b042-e91681af7b0f, user_id=order_user_67, trace_id=1c2ca4f8-963a-4ed8-b0c7-a93ab340bdc9
2026-08-17 17:33:41,963 - INFO - Cart Service Called, request_cart_id: 19f1db60-51a8-4995-b042-e91681af7b0f, response_status: 200, trace_id=1c2ca4f8-963a-4ed8-b0c7-a93ab340bdc9
2026-08-17 17:33:41,967 - INFO - HTTP Request: POST http://127.0.0.1:8002/price "HTTP/1.1 200 OK"
2026-08-17 17:33:41,968 - INFO - Pricing Service Called, req: {'items': [{'product_id': '4cc0770f-91bc-4c0d-a26f-7b872f02ca94', 'qty': 2}], 'promo_codes': [], 'only_final_price': True}, response_status: 200, trace_id=1c2ca4f8-963a-4ed8-b0c7-a93ab340bdc9
2026-08-17 17:33:41,971 - INFO - Subscription Service Called, user_id: order_user_67, response_status: 200, trace_id=1c2ca4f8-963a-4ed8-b0c7-a93ab340bdc9
2026-08-17 17:33:41,972 - INFO - Applied subscription discount for user order_user_67, promo_code: SUMMER20, discount: 20.0%, original_price: 500.0, discounted_price: 400.0, trace_id=1c2ca4f8-963a-4ed8-b0c7-a93ab340bdc9
2026-08-17 17:33:41,972 - INFO - Request for orchestrate_order started, order_id=6693d949-d0cf-4fed-93aa-e5f94a249e69, trace_id=1c2ca4f8-963a-4ed8-b0c7-a93ab340bdc9
2026-08-17 17:33:41,976 - INFO - Inventory Reservation Service Called, req: {'order_id': '6693d949-d0cf-4fed-93aa-e5f94a249e69', 'items': [{'sku': '4cc0770f-91bc-4c0d-a26f-7b872f02ca94', 'qty': 2}], 'atomic_update': True, 'delay': 0.0, 'drop': 0}, response_status: 200, response: {'order_id': '6693d949-d0cf-4fed-93aa-e5f94a249e69', 'status': 'OUT_OF_STOCK', 'reason': 'Out of stock: 4cc0770f-91bc-4c0d-a26f-7b872f02ca94', 'total_input_tokens': 0, 'total_output_tokens': 0, 'total_llm_calls': 0} trace_id=1c2ca4f8-963a-4ed8-b0c7-a93ab340bdc9
2026-08-17 17:33:41,977 - INFO - Request for orchestrate_order completed, final_status:OUT_OF_STOCK,  trace_id=1c2ca4f8-963a-4ed8-b0c7-a93ab340bdc9
2026-08-17 17:33:41,985 - INFO - Request for checkout_cart, cart_id=e38a9703-b2c0-4e34-a197-84902f288213, user_id=None, trace_id=b0fe11c2-2140-4b2a-9a8b-f261c1282c8d
2026-08-17 17:33:41,989 - INFO - Cart Service Called, request_cart_id: e38a9703-b2c0-4e34-a197-84902f288213, response_status: 200, trace_id=b0fe11c2-2140-4b2a-9a8b-f261c1282c8d
2026-08-17 17:33:41,993 - INFO - HTTP Request: POST http://127.0.0.1:8002/price "HTTP/1.1 200 OK"
2026-08-17 17:33:41,994 - INFO - Pricing Service Called, req: {'items': [{'product_id': '4cc0770f-91bc-4c0d-a26f-7b872f02ca94', 'qty': 2}], 'promo_codes': [], 'only_final_price': True}, response_status: 200, trace_id=b0fe11c2-2140-4b2a-9a8b-f261c1282c8d
2026-08-17 17:33:41,994 - INFO - Request for orchestrate_order started, order_id=9a395039-30f7-40c0-9853-00d4c3292a7f, trace_id=b0fe11c2-2140-4b2a-9a8b-f261c1282c8d
2026-08-17 17:33:42,001 - INFO - Inventory Reservation Service Called, req: {'order_id': '9a395039-30f7-40c0-9853-00d4c3292a7f', 'items': [{'sku': '4cc0770f-91bc-4c0d-a26f-7b872f02ca94', 'qty': 2}], 'atomic_update': True, 'delay': 0.0, 'drop': 0}, response_status: 200, response: {'order_id': '9a395039-30f7-40c0-9853-00d4c3292a7f', 'status': 'OUT_OF_STOCK', 'reason': 'Out of stock: 4cc0770f-91bc-4c0d-a26f-7b872f02ca94', 'total_input_tokens': 0, 'total_output_tokens': 0, 'total_llm_calls': 0} trace_id=b0fe11c2-2140-4b2a-9a8b-f261c1282c8d
2026-08-17 17:33:42,003 - INFO - Request for orchestrate_order completed, final_status:OUT_OF_STOCK,  trace_id=b0fe11c2-2140-4b2a-9a8b-f261c1282c8d
2026-08-17 17:33:42,017 - INFO - Request for checkout_cart, cart_id=8dcb5baa-057a-4944-a4a7-210a83efe50f, user_id=order_user_68, trace_id=a1023bfb-cbff-4157-9906-e74c4140c4ce
2026-08-17 17:33:42,021 - INFO - Cart Service Called, request_cart_id: 8dcb5baa-057a-4944-a4a7-210a83efe50f, response_status: 200, trace_id=a1023bfb-cbff-4157-9906-e74c4140c4ce
2026-08-17 17:33:42,025 - INFO - HTTP Request: POST http://127.0.0.1:8002/price "HTTP/1.1 200 OK"
2026-08-17 17:33:42,025 - INFO - Pricing Service Called, req: {'items': [{'product_id': '4cc0770f-91bc-4c0d-a26f-7b872f02ca94', 'qty': 2}], 'promo_codes': [], 'only_final_price': True}, response_status: 200, trace_id=a1023bfb-cbff-4157-9906-e74c4140c4ce
2026-08-17 17:33:42,029 - INFO - Subscription Service Called, user_id: order_user_68, response_status: 200, trace_id=a1023bfb-cbff-4157-9906-e74c4140c4ce
2026-08-17 17:33:42,029 - INFO - Applied subscription discount for user order_user_68, promo_code: SUMMER20, discount: 20.0%, original_price: 500.0, discounted_price: 400.0, trace_id=a1023bfb-cbff-4157-9906-e74c4140c4ce
2026-08-17 17:33:42,030 - INFO - Request for orchestrate_order started, order_id=ac11114f-34eb-4fb1-a475-bf3574c83515, trace_id=a1023bfb-cbff-4157-9906-e74c4140c4ce
2026-08-17 17:33:42,035 - INFO - Inventory Reservation Service Called, req: {'order_id': 'ac11114f-34eb-4fb1-a475-bf3574c83515', 'items': [{'sku': '4cc0770f-91bc-4c0d-a26f-7b872f02ca94', 'qty': 2}], 'atomic_update': True, 'delay': 0.0, 'drop': 0}, response_status: 200, response: {'order_id': 'ac11114f-34eb-4fb1-a475-bf3574c83515', 'status': 'OUT_OF_STOCK', 'reason': 'Out of stock: 4cc0770f-91bc-4c0d-a26f-7b872f02ca94', 'total_input_tokens': 0, 'total_output_tokens': 0, 'total_llm_calls': 0} trace_id=a1023bfb-cbff-4157-9906-e74c4140c4ce
2026-08-17 17:33:42,036 - INFO - Request for orchestrate_order completed, final_status:OUT_OF_STOCK,  trace_id=a1023bfb-cbff-4157-9906-e74c4140c4ce
2026-08-17 17:33:42,043 - INFO - Request for checkout_cart, cart_id=e6d52cdc-2b4d-4422-ba8d-917767b18131, user_id=None, trace_id=960301dd-1729-4f48-82da-80a496515fa9
2026-08-17 17:33:42,047 - INFO - Cart Service Called, request_cart_id: e6d52cdc-2b4d-4422-ba8d-917767b18131, response_status: 200, trace_id=960301dd-1729-4f48-82da-80a496515fa9
2026-08-17 17:33:42,051 - INFO - HTTP Request: POST http://127.0.0.1:8002/price "HTTP/1.1 200 OK"
2026-08-17 17:33:42,052 - INFO - Pricing Service Called, req: {'items': [{'product_id': '4cc0770f-91bc-4c0d-a26f-7b872f02ca94', 'qty': 2}], 'promo_codes': [], 'only_final_price': True}, response_status: 200, trace_id=960301dd-1729-4f48-82da-80a496515fa9
2026-08-17 17:33:42,052 - INFO - Request for orchestrate_order started, order_id=cde0d384-a0d3-4434-9178-3ed775f61df4, trace_id=960301dd-1729-4f48-82da-80a496515fa9
2026-08-17 17:33:42,057 - INFO - Inventory Reservation Service Called, req: {'order_id': 'cde0d384-a0d3-4434-9178-3ed775f61df4', 'items': [{'sku': '4cc0770f-91bc-4c0d-a26f-7b872f02ca94', 'qty': 2}], 'atomic_update': True, 'delay': 0.0, 'drop': 0}, response_status: 200, response: {'order_id': 'cde0d384-a0d3-4434-9178-3ed775f61df4', 'status': 'OUT_OF_STOCK', 'reason': 'Out of stock: 4cc0770f-91bc-4c0d-a26f-7b872f02ca94', 'total_input_tokens': 0, 'total_output_tokens': 0, 'total_llm_calls': 0} trace_id=960301dd-1729-4f48-82da-80a496515fa9
2026-08-17 17:33:42,058 - INFO - Request for orchestrate_order completed, final_status:OUT_OF_STOCK,  trace_id=960301dd-1729-4f48-82da-80a496515fa9
2026-08-17 17:33:42,070 - INFO - Request for checkout_cart, cart_id=efa20dd5-ab14-4cb6-8e75-b1e2ec1b291a, user_id=order_user_69, trace_id=85e7271b-31ca-4186-9593-c24d288fca6a
2026-08-17 17:33:42,074 - INFO - Cart Service Called, request_cart_id: efa20dd5-ab14-4cb6-8e75-b1e2ec1b291a, response_status: 200, trace_id=85e7271b-31ca-4186-9593-c24d288fca6a
2026-08-17 17:33:42,078 - INFO - HTTP Request: POST http://127.0.0.1:8002/price "HTTP/1.1 200 OK"
2026-08-17 17:33:42,078 - INFO - Pricing Service Called, req: {'items': [{'product_id': '4cc0770f-91bc-4c0d-a26f-7b872f02ca94', 'qty': 2}], 'promo_codes': [], 'only_final_price': True}, response_status: 200, trace_id=85e7271b-31ca-4186-9593-c24d288fca6a
2026-08-17 17:33:42,082 - INFO - Subscription Service Called, user_id: order_user_69, response_status: 200, trace_id=85e7271b-31ca-4186-9593-c24d288fca6a
2026-08-17 17:33:42,082 - INFO - Applied subscription discount for user order_user_69, promo_code: SUMMER20, discount: 20.0%, original_price: 500.0, discounted_price: 400.0, trace_id=85e7271b-31ca-4186-9593-c24d288fca6a
2026-08-17 17:33:42,083 - INFO - Request for orchestrate_order started, order_id=0d05cfca-8416-4c34-89dc-b75c67d29be2, trace_id=85e7271b-31ca-4186-9593-c24d288fca6a
2026-08-17 17:33:42,088 - INFO - Inventory Reservation Service Called, req: {'order_id': '0d05cfca-8416-4c34-89dc-b75c67d29be2', 'items': [{'sku': '4cc0770f-91bc-4c0d-a26f-7b872f02ca94', 'qty': 2}], 'atomic_update': True, 'delay': 0.0, 'drop': 0}, response_status: 200, response: {'order_id': '0d05cfca-8416-4c34-89dc-b75c67d29be2', 'status': 'OUT_OF_STOCK', 'reason': 'Out of stock: 4cc0770f-91bc-4c0d-a26f-7b872f02ca94', 'total_input_tokens': 0, 'total_output_tokens': 0, 'total_llm_calls': 0} trace_id=85e7271b-31ca-4186-9593-c24d288fca6a
2026-08-17 17:33:42,089 - INFO - Request for orchestrate_order completed, final_status:OUT_OF_STOCK,  trace_id=85e7271b-31ca-4186-9593-c24d288fca6a
2026-08-17 17:33:42,096 - INFO - Request for checkout_cart, cart_id=79ced4b5-55ac-4077-b03e-ff12ba050ebf, user_id=None, trace_id=d9648a3a-74e9-4394-bd70-d476c65de3ec
2026-08-17 17:33:42,101 - INFO - Cart Service Called, request_cart_id: 79ced4b5-55ac-4077-b03e-ff12ba050ebf, response_status: 200, trace_id=d9648a3a-74e9-4394-bd70-d476c65de3ec
2026-08-17 17:33:42,106 - INFO - HTTP Request: POST http://127.0.0.1:8002/price "HTTP/1.1 200 OK"
2026-08-17 17:33:42,106 - INFO - Pricing Service Called, req: {'items': [{'product_id': '4cc0770f-91bc-4c0d-a26f-7b872f02ca94', 'qty': 2}], 'promo_codes': [], 'only_final_price': True}, response_status: 200, trace_id=d9648a3a-74e9-4394-bd70-d476c65de3ec
2026-08-17 17:33:42,106 - INFO - Request for orchestrate_order started, order_id=f190eef4-3cb5-49cf-a4a3-ea8f354cb41e, trace_id=d9648a3a-74e9-4394-bd70-d476c65de3ec
2026-08-17 17:33:42,111 - INFO - Inventory Reservation Service Called, req: {'order_id': 'f190eef4-3cb5-49cf-a4a3-ea8f354cb41e', 'items': [{'sku': '4cc0770f-91bc-4c0d-a26f-7b872f02ca94', 'qty': 2}], 'atomic_update': True, 'delay': 0.0, 'drop': 0}, response_status: 200, response: {'order_id': 'f190eef4-3cb5-49cf-a4a3-ea8f354cb41e', 'status': 'OUT_OF_STOCK', 'reason': 'Out of stock: 4cc0770f-91bc-4c0d-a26f-7b872f02ca94', 'total_input_tokens': 0, 'total_output_tokens': 0, 'total_llm_calls': 0} trace_id=d9648a3a-74e9-4394-bd70-d476c65de3ec
2026-08-17 17:33:42,113 - INFO - Request for orchestrate_order completed, final_status:OUT_OF_STOCK,  trace_id=d9648a3a-74e9-4394-bd70-d476c65de3ec
2026-08-17 17:33:42,125 - INFO - Request for checkout_cart, cart_id=4d203dfd-74c7-46f7-84b5-ec19107e7ff3, user_id=order_user_70, trace_id=db7db70a-30f2-4865-8c4c-bbb13b612195
2026-08-17 17:33:42,129 - INFO - Cart Service Called, request_cart_id: 4d203dfd-74c7-46f7-84b5-ec19107e7ff3, response_status: 200, trace_id=db7db70a-30f2-4865-8c4c-bbb13b612195
2026-08-17 17:33:42,133 - INFO - HTTP Request: POST http://127.0.0.1:8002/price "HTTP/1.1 200 OK"
2026-08-17 17:33:42,133 - INFO - Pricing Service Called, req: {'items': [{'product_id': '4cc0770f-91bc-4c0d-a26f-7b872f02ca94', 'qty': 2}], 'promo_codes': [], 'only_final_price': True}, response_status: 200, trace_id=db7db70a-30f2-4865-8c4c-bbb13b612195
2026-08-17 17:33:42,137 - INFO - Subscription Service Called, user_id: order_user_70, response_status: 200, trace_id=db7db70a-30f2-4865-8c4c-bbb13b612195
2026-08-17 17:33:42,137 - INFO - Applied subscription discount for user order_user_70, promo_code: SUMMER20, discount: 20.0%, original_price: 500.0, discounted_price: 400.0, trace_id=db7db70a-30f2-4865-8c4c-bbb13b612195
2026-08-17 17:33:42,137 - INFO - Request for orchestrate_order started, order_id=849cb75d-1edb-4538-847b-087d1b4f3da3, trace_id=db7db70a-30f2-4865-8c4c-bbb13b612195
2026-08-17 17:33:42,142 - INFO - Inventory Reservation Service Called, req: {'order_id': '849cb75d-1edb-4538-847b-087d1b4f3da3', 'items': [{'sku': '4cc0770f-91bc-4c0d-a26f-7b872f02ca94', 'qty': 2}], 'atomic_update': True, 'delay': 0.0, 'drop': 0}, response_status: 200, response: {'order_id': '849cb75d-1edb-4538-847b-087d1b4f3da3', 'status': 'OUT_OF_STOCK', 'reason': 'Out of stock: 4cc0770f-91bc-4c0d-a26f-7b872f02ca94', 'total_input_tokens': 0, 'total_output_tokens': 0, 'total_llm_calls': 0} trace_id=db7db70a-30f2-4865-8c4c-bbb13b612195
2026-08-17 17:33:42,143 - INFO - Request for orchestrate_order completed, final_status:OUT_OF_STOCK,  trace_id=db7db70a-30f2-4865-8c4c-bbb13b612195
2026-08-17 17:33:42,152 - INFO - Request for checkout_cart, cart_id=613cd239-9fd8-4402-a5f6-6cdc65623a92, user_id=None, trace_id=1a535eff-ae59-40ce-9c7a-d04125137976
2026-08-17 17:33:42,155 - INFO - Cart Service Called, request_cart_id: 613cd239-9fd8-4402-a5f6-6cdc65623a92, response_status: 200, trace_id=1a535eff-ae59-40ce-9c7a-d04125137976
2026-08-17 17:33:42,159 - INFO - HTTP Request: POST http://127.0.0.1:8002/price "HTTP/1.1 200 OK"
2026-08-17 17:33:42,159 - INFO - Pricing Service Called, req: {'items': [{'product_id': '4cc0770f-91bc-4c0d-a26f-7b872f02ca94', 'qty': 2}], 'promo_codes': [], 'only_final_price': True}, response_status: 200, trace_id=1a535eff-ae59-40ce-9c7a-d04125137976
2026-08-17 17:33:42,160 - INFO - Request for orchestrate_order started, order_id=1d2601fb-11fa-4325-b372-2e325461d06b, trace_id=1a535eff-ae59-40ce-9c7a-d04125137976
2026-08-17 17:33:42,165 - INFO - Inventory Reservation Service Called, req: {'order_id': '1d2601fb-11fa-4325-b372-2e325461d06b', 'items': [{'sku': '4cc0770f-91bc-4c0d-a26f-7b872f02ca94', 'qty': 2}], 'atomic_update': True, 'delay': 0.0, 'drop': 0}, response_status: 200, response: {'order_id': '1d2601fb-11fa-4325-b372-2e325461d06b', 'status': 'OUT_OF_STOCK', 'reason': 'Out of stock: 4cc0770f-91bc-4c0d-a26f-7b872f02ca94', 'total_input_tokens': 0, 'total_output_tokens': 0, 'total_llm_calls': 0} trace_id=1a535eff-ae59-40ce-9c7a-d04125137976
2026-08-17 17:33:42,166 - INFO - Request for orchestrate_order completed, final_status:OUT_OF_STOCK,  trace_id=1a535eff-ae59-40ce-9c7a-d04125137976
2026-08-17 17:33:42,177 - INFO - Request for checkout_cart, cart_id=4cabd800-abdc-4964-bc58-0e67ddbbf6b5, user_id=order_user_71, trace_id=f0570ad0-b84d-4e3b-9102-7096dd1225a0
2026-08-17 17:33:42,181 - INFO - Cart Service Called, request_cart_id: 4cabd800-abdc-4964-bc58-0e67ddbbf6b5, response_status: 200, trace_id=f0570ad0-b84d-4e3b-9102-7096dd1225a0
2026-08-17 17:33:42,185 - INFO - HTTP Request: POST http://127.0.0.1:8002/price "HTTP/1.1 200 OK"
2026-08-17 17:33:42,186 - INFO - Pricing Service Called, req: {'items': [{'product_id': '4cc0770f-91bc-4c0d-a26f-7b872f02ca94', 'qty': 2}], 'promo_codes': [], 'only_final_price': True}, response_status: 200, trace_id=f0570ad0-b84d-4e3b-9102-7096dd1225a0
2026-08-17 17:33:42,189 - INFO - Subscription Service Called, user_id: order_user_71, response_status: 200, trace_id=f0570ad0-b84d-4e3b-9102-7096dd1225a0
2026-08-17 17:33:42,190 - INFO - Applied subscription discount for user order_user_71, promo_code: SUMMER20, discount: 20.0%, original_price: 500.0, discounted_price: 400.0, trace_id=f0570ad0-b84d-4e3b-9102-7096dd1225a0
2026-08-17 17:33:42,190 - INFO - Request for orchestrate_order started, order_id=72d89398-46cb-4fea-8dce-df62f86dbe13, trace_id=f0570ad0-b84d-4e3b-9102-7096dd1225a0
2026-08-17 17:33:42,195 - INFO - Inventory Reservation Service Called, req: {'order_id': '72d89398-46cb-4fea-8dce-df62f86dbe13', 'items': [{'sku': '4cc0770f-91bc-4c0d-a26f-7b872f02ca94', 'qty': 2}], 'atomic_update': True, 'delay': 0.0, 'drop': 0}, response_status: 200, response: {'order_id': '72d89398-46cb-4fea-8dce-df62f86dbe13', 'status': 'OUT_OF_STOCK', 'reason': 'Out of stock: 4cc0770f-91bc-4c0d-a26f-7b872f02ca94', 'total_input_tokens': 0, 'total_output_tokens': 0, 'total_llm_calls': 0} trace_id=f0570ad0-b84d-4e3b-9102-7096dd1225a0
2026-08-17 17:33:42,196 - INFO - Request for orchestrate_order completed, final_status:OUT_OF_STOCK,  trace_id=f0570ad0-b84d-4e3b-9102-7096dd1225a0
2026-08-17 17:33:42,204 - INFO - Request for checkout_cart, cart_id=f6710619-bc91-4b35-87d2-0978c9ef1fa3, user_id=None, trace_id=1a1f4ff4-c652-468b-9a53-d4264aeaa6bc
2026-08-17 17:33:42,208 - INFO - Cart Service Called, request_cart_id: f6710619-bc91-4b35-87d2-0978c9ef1fa3, response_status: 200, trace_id=1a1f4ff4-c652-468b-9a53-d4264aeaa6bc
2026-08-17 17:33:42,213 - INFO - HTTP Request: POST http://127.0.0.1:8002/price "HTTP/1.1 200 OK"
2026-08-17 17:33:42,214 - INFO - Pricing Service Called, req: {'items': [{'product_id': '4cc0770f-91bc-4c0d-a26f-7b872f02ca94', 'qty': 2}], 'promo_codes': [], 'only_final_price': True}, response_status: 200, trace_id=1a1f4ff4-c652-468b-9a53-d4264aeaa6bc
2026-08-17 17:33:42,214 - INFO - Request for orchestrate_order started, order_id=937cc941-8e35-4f36-88ca-3a7bb3719474, trace_id=1a1f4ff4-c652-468b-9a53-d4264aeaa6bc
2026-08-17 17:33:42,219 - INFO - Inventory Reservation Service Called, req: {'order_id': '937cc941-8e35-4f36-88ca-3a7bb3719474', 'items': [{'sku': '4cc0770f-91bc-4c0d-a26f-7b872f02ca94', 'qty': 2}], 'atomic_update': True, 'delay': 0.0, 'drop': 0}, response_status: 200, response: {'order_id': '937cc941-8e35-4f36-88ca-3a7bb3719474', 'status': 'OUT_OF_STOCK', 'reason': 'Out of stock: 4cc0770f-91bc-4c0d-a26f-7b872f02ca94', 'total_input_tokens': 0, 'total_output_tokens': 0, 'total_llm_calls': 0} trace_id=1a1f4ff4-c652-468b-9a53-d4264aeaa6bc
2026-08-17 17:33:42,220 - INFO - Request for orchestrate_order completed, final_status:OUT_OF_STOCK,  trace_id=1a1f4ff4-c652-468b-9a53-d4264aeaa6bc
2026-08-17 17:33:42,233 - INFO - Request for checkout_cart, cart_id=e6dd6d4f-de46-4865-b428-773363057e14, user_id=order_user_72, trace_id=842ca310-25a8-4f68-9ea1-7c4a5c91692b
2026-08-17 17:33:42,237 - INFO - Cart Service Called, request_cart_id: e6dd6d4f-de46-4865-b428-773363057e14, response_status: 200, trace_id=842ca310-25a8-4f68-9ea1-7c4a5c91692b
2026-08-17 17:33:42,241 - INFO - HTTP Request: POST http://127.0.0.1:8002/price "HTTP/1.1 200 OK"
2026-08-17 17:33:42,241 - INFO - Pricing Service Called, req: {'items': [{'product_id': '4cc0770f-91bc-4c0d-a26f-7b872f02ca94', 'qty': 2}], 'promo_codes': [], 'only_final_price': True}, response_status: 200, trace_id=842ca310-25a8-4f68-9ea1-7c4a5c91692b
2026-08-17 17:33:42,245 - INFO - Subscription Service Called, user_id: order_user_72, response_status: 200, trace_id=842ca310-25a8-4f68-9ea1-7c4a5c91692b
2026-08-17 17:33:42,246 - INFO - Applied subscription discount for user order_user_72, promo_code: SUMMER20, discount: 20.0%, original_price: 500.0, discounted_price: 400.0, trace_id=842ca310-25a8-4f68-9ea1-7c4a5c91692b
2026-08-17 17:33:42,246 - INFO - Request for orchestrate_order started, order_id=2e39028b-0c83-40ab-911e-f20296b1341e, trace_id=842ca310-25a8-4f68-9ea1-7c4a5c91692b
2026-08-17 17:33:42,251 - INFO - Inventory Reservation Service Called, req: {'order_id': '2e39028b-0c83-40ab-911e-f20296b1341e', 'items': [{'sku': '4cc0770f-91bc-4c0d-a26f-7b872f02ca94', 'qty': 2}], 'atomic_update': True, 'delay': 0.0, 'drop': 0}, response_status: 200, response: {'order_id': '2e39028b-0c83-40ab-911e-f20296b1341e', 'status': 'OUT_OF_STOCK', 'reason': 'Out of stock: 4cc0770f-91bc-4c0d-a26f-7b872f02ca94', 'total_input_tokens': 0, 'total_output_tokens': 0, 'total_llm_calls': 0} trace_id=842ca310-25a8-4f68-9ea1-7c4a5c91692b
2026-08-17 17:33:42,252 - INFO - Request for orchestrate_order completed, final_status:OUT_OF_STOCK,  trace_id=842ca310-25a8-4f68-9ea1-7c4a5c91692b
2026-08-17 17:33:42,259 - INFO - Request for checkout_cart, cart_id=2a7a1d11-7308-4d5b-b5f2-4c099774b403, user_id=None, trace_id=3c53a64c-bf5e-460c-817c-2725f16cc66a
2026-08-17 17:33:42,263 - INFO - Cart Service Called, request_cart_id: 2a7a1d11-7308-4d5b-b5f2-4c099774b403, response_status: 200, trace_id=3c53a64c-bf5e-460c-817c-2725f16cc66a
2026-08-17 17:33:42,267 - INFO - HTTP Request: POST http://127.0.0.1:8002/price "HTTP/1.1 200 OK"
2026-08-17 17:33:42,267 - INFO - Pricing Service Called, req: {'items': [{'product_id': '4cc0770f-91bc-4c0d-a26f-7b872f02ca94', 'qty': 2}], 'promo_codes': [], 'only_final_price': True}, response_status: 200, trace_id=3c53a64c-bf5e-460c-817c-2725f16cc66a
2026-08-17 17:33:42,267 - INFO - Request for orchestrate_order started, order_id=dcd3b6ec-cd00-4522-9e18-02449e4b5541, trace_id=3c53a64c-bf5e-460c-817c-2725f16cc66a
2026-08-17 17:33:42,272 - INFO - Inventory Reservation Service Called, req: {'order_id': 'dcd3b6ec-cd00-4522-9e18-02449e4b5541', 'items': [{'sku': '4cc0770f-91bc-4c0d-a26f-7b872f02ca94', 'qty': 2}], 'atomic_update': True, 'delay': 0.0, 'drop': 0}, response_status: 200, response: {'order_id': 'dcd3b6ec-cd00-4522-9e18-02449e4b5541', 'status': 'OUT_OF_STOCK', 'reason': 'Out of stock: 4cc0770f-91bc-4c0d-a26f-7b872f02ca94', 'total_input_tokens': 0, 'total_output_tokens': 0, 'total_llm_calls': 0} trace_id=3c53a64c-bf5e-460c-817c-2725f16cc66a
2026-08-17 17:33:42,273 - INFO - Request for orchestrate_order completed, final_status:OUT_OF_STOCK,  trace_id=3c53a64c-bf5e-460c-817c-2725f16cc66a
2026-08-17 17:33:42,286 - INFO - Request for checkout_cart, cart_id=7b4021d6-5df2-4cc6-9a2b-ae42272e89a9, user_id=order_user_73, trace_id=948b1bb2-c15c-4b23-aa33-2401de57e5a6
2026-08-17 17:33:42,289 - INFO - Cart Service Called, request_cart_id: 7b4021d6-5df2-4cc6-9a2b-ae42272e89a9, response_status: 200, trace_id=948b1bb2-c15c-4b23-aa33-2401de57e5a6
2026-08-17 17:33:42,293 - INFO - HTTP Request: POST http://127.0.0.1:8002/price "HTTP/1.1 200 OK"
2026-08-17 17:33:42,293 - INFO - Pricing Service Called, req: {'items': [{'product_id': '4cc0770f-91bc-4c0d-a26f-7b872f02ca94', 'qty': 2}], 'promo_codes': [], 'only_final_price': True}, response_status: 200, trace_id=948b1bb2-c15c-4b23-aa33-2401de57e5a6
2026-08-17 17:33:42,298 - INFO - Subscription Service Called, user_id: order_user_73, response_status: 200, trace_id=948b1bb2-c15c-4b23-aa33-2401de57e5a6
2026-08-17 17:33:42,298 - INFO - Applied subscription discount for user order_user_73, promo_code: SUMMER20, discount: 20.0%, original_price: 500.0, discounted_price: 400.0, trace_id=948b1bb2-c15c-4b23-aa33-2401de57e5a6
2026-08-17 17:33:42,298 - INFO - Request for orchestrate_order started, order_id=f794ddb0-2709-4bb5-984d-8f8a6d950454, trace_id=948b1bb2-c15c-4b23-aa33-2401de57e5a6
2026-08-17 17:33:42,304 - INFO - Inventory Reservation Service Called, req: {'order_id': 'f794ddb0-2709-4bb5-984d-8f8a6d950454', 'items': [{'sku': '4cc0770f-91bc-4c0d-a26f-7b872f02ca94', 'qty': 2}], 'atomic_update': True, 'delay': 0.0, 'drop': 0}, response_status: 200, response: {'order_id': 'f794ddb0-2709-4bb5-984d-8f8a6d950454', 'status': 'OUT_OF_STOCK', 'reason': 'Out of stock: 4cc0770f-91bc-4c0d-a26f-7b872f02ca94', 'total_input_tokens': 0, 'total_output_tokens': 0, 'total_llm_calls': 0} trace_id=948b1bb2-c15c-4b23-aa33-2401de57e5a6
2026-08-17 17:33:42,306 - INFO - Request for orchestrate_order completed, final_status:OUT_OF_STOCK,  trace_id=948b1bb2-c15c-4b23-aa33-2401de57e5a6
2026-08-17 17:33:42,314 - INFO - Request for checkout_cart, cart_id=b42cef43-21e8-475d-933d-053353db0845, user_id=None, trace_id=7866f201-5894-49e9-b325-2352977edaea
2026-08-17 17:33:42,318 - INFO - Cart Service Called, request_cart_id: b42cef43-21e8-475d-933d-053353db0845, response_status: 200, trace_id=7866f201-5894-49e9-b325-2352977edaea
2026-08-17 17:33:42,321 - INFO - HTTP Request: POST http://127.0.0.1:8002/price "HTTP/1.1 200 OK"
2026-08-17 17:33:42,322 - INFO - Pricing Service Called, req: {'items': [{'product_id': '4cc0770f-91bc-4c0d-a26f-7b872f02ca94', 'qty': 2}], 'promo_codes': [], 'only_final_price': True}, response_status: 200, trace_id=7866f201-5894-49e9-b325-2352977edaea
2026-08-17 17:33:42,322 - INFO - Request for orchestrate_order started, order_id=68f7660d-9a32-4eb6-888b-184687d67be6, trace_id=7866f201-5894-49e9-b325-2352977edaea
2026-08-17 17:33:42,327 - INFO - Inventory Reservation Service Called, req: {'order_id': '68f7660d-9a32-4eb6-888b-184687d67be6', 'items': [{'sku': '4cc0770f-91bc-4c0d-a26f-7b872f02ca94', 'qty': 2}], 'atomic_update': True, 'delay': 0.0, 'drop': 0}, response_status: 200, response: {'order_id': '68f7660d-9a32-4eb6-888b-184687d67be6', 'status': 'OUT_OF_STOCK', 'reason': 'Out of stock: 4cc0770f-91bc-4c0d-a26f-7b872f02ca94', 'total_input_tokens': 0, 'total_output_tokens': 0, 'total_llm_calls': 0} trace_id=7866f201-5894-49e9-b325-2352977edaea
2026-08-17 17:33:42,328 - INFO - Request for orchestrate_order completed, final_status:OUT_OF_STOCK,  trace_id=7866f201-5894-49e9-b325-2352977edaea
2026-08-17 17:33:42,340 - INFO - Request for checkout_cart, cart_id=08d2dcf9-a37a-4416-9f97-4ef6d79cc3cb, user_id=order_user_74, trace_id=a19e0fbb-2291-4434-b340-5b12932f8eb4
2026-08-17 17:33:42,343 - INFO - Cart Service Called, request_cart_id: 08d2dcf9-a37a-4416-9f97-4ef6d79cc3cb, response_status: 200, trace_id=a19e0fbb-2291-4434-b340-5b12932f8eb4
2026-08-17 17:33:42,348 - INFO - HTTP Request: POST http://127.0.0.1:8002/price "HTTP/1.1 200 OK"
2026-08-17 17:33:42,348 - INFO - Pricing Service Called, req: {'items': [{'product_id': '4cc0770f-91bc-4c0d-a26f-7b872f02ca94', 'qty': 2}], 'promo_codes': [], 'only_final_price': True}, response_status: 200, trace_id=a19e0fbb-2291-4434-b340-5b12932f8eb4
2026-08-17 17:33:42,353 - INFO - Subscription Service Called, user_id: order_user_74, response_status: 200, trace_id=a19e0fbb-2291-4434-b340-5b12932f8eb4
2026-08-17 17:33:42,353 - INFO - Applied subscription discount for user order_user_74, promo_code: SUMMER20, discount: 20.0%, original_price: 500.0, discounted_price: 400.0, trace_id=a19e0fbb-2291-4434-b340-5b12932f8eb4
2026-08-17 17:33:42,353 - INFO - Request for orchestrate_order started, order_id=bda208ce-e11c-4404-9916-22885b7d1370, trace_id=a19e0fbb-2291-4434-b340-5b12932f8eb4
2026-08-17 17:33:42,358 - INFO - Inventory Reservation Service Called, req: {'order_id': 'bda208ce-e11c-4404-9916-22885b7d1370', 'items': [{'sku': '4cc0770f-91bc-4c0d-a26f-7b872f02ca94', 'qty': 2}], 'atomic_update': True, 'delay': 0.0, 'drop': 0}, response_status: 200, response: {'order_id': 'bda208ce-e11c-4404-9916-22885b7d1370', 'status': 'OUT_OF_STOCK', 'reason': 'Out of stock: 4cc0770f-91bc-4c0d-a26f-7b872f02ca94', 'total_input_tokens': 0, 'total_output_tokens': 0, 'total_llm_calls': 0} trace_id=a19e0fbb-2291-4434-b340-5b12932f8eb4
2026-08-17 17:33:42,359 - INFO - Request for orchestrate_order completed, final_status:OUT_OF_STOCK,  trace_id=a19e0fbb-2291-4434-b340-5b12932f8eb4
2026-08-17 17:33:42,366 - INFO - Request for checkout_cart, cart_id=c5986356-d33d-46cd-9e7c-a4457c882dfe, user_id=None, trace_id=2a09d94f-1d72-4c07-829b-7061c5f0d7c9
2026-08-17 17:33:42,370 - INFO - Cart Service Called, request_cart_id: c5986356-d33d-46cd-9e7c-a4457c882dfe, response_status: 200, trace_id=2a09d94f-1d72-4c07-829b-7061c5f0d7c9
2026-08-17 17:33:42,374 - INFO - HTTP Request: POST http://127.0.0.1:8002/price "HTTP/1.1 200 OK"
2026-08-17 17:33:42,374 - INFO - Pricing Service Called, req: {'items': [{'product_id': '4cc0770f-91bc-4c0d-a26f-7b872f02ca94', 'qty': 2}], 'promo_codes': [], 'only_final_price': True}, response_status: 200, trace_id=2a09d94f-1d72-4c07-829b-7061c5f0d7c9
2026-08-17 17:33:42,375 - INFO - Request for orchestrate_order started, order_id=d453efdd-8f14-4166-94de-1feb256391b1, trace_id=2a09d94f-1d72-4c07-829b-7061c5f0d7c9
2026-08-17 17:33:42,380 - INFO - Inventory Reservation Service Called, req: {'order_id': 'd453efdd-8f14-4166-94de-1feb256391b1', 'items': [{'sku': '4cc0770f-91bc-4c0d-a26f-7b872f02ca94', 'qty': 2}], 'atomic_update': True, 'delay': 0.0, 'drop': 0}, response_status: 200, response: {'order_id': 'd453efdd-8f14-4166-94de-1feb256391b1', 'status': 'OUT_OF_STOCK', 'reason': 'Out of stock: 4cc0770f-91bc-4c0d-a26f-7b872f02ca94', 'total_input_tokens': 0, 'total_output_tokens': 0, 'total_llm_calls': 0} trace_id=2a09d94f-1d72-4c07-829b-7061c5f0d7c9
2026-08-17 17:33:42,381 - INFO - Request for orchestrate_order completed, final_status:OUT_OF_STOCK,  trace_id=2a09d94f-1d72-4c07-829b-7061c5f0d7c9
2026-08-17 17:33:42,393 - INFO - Request for checkout_cart, cart_id=e7a8e797-0a07-4197-b698-1c8b639e55ac, user_id=order_user_75, trace_id=d667c89f-a7e8-419f-8a0e-9c4b3595dc30
2026-08-17 17:33:42,398 - INFO - Cart Service Called, request_cart_id: e7a8e797-0a07-4197-b698-1c8b639e55ac, response_status: 200, trace_id=d667c89f-a7e8-419f-8a0e-9c4b3595dc30
2026-08-17 17:33:42,402 - INFO - HTTP Request: POST http://127.0.0.1:8002/price "HTTP/1.1 200 OK"
2026-08-17 17:33:42,403 - INFO - Pricing Service Called, req: {'items': [{'product_id': '4cc0770f-91bc-4c0d-a26f-7b872f02ca94', 'qty': 2}], 'promo_codes': [], 'only_final_price': True}, response_status: 200, trace_id=d667c89f-a7e8-419f-8a0e-9c4b3595dc30
2026-08-17 17:33:42,408 - INFO - Subscription Service Called, user_id: order_user_75, response_status: 200, trace_id=d667c89f-a7e8-419f-8a0e-9c4b3595dc30
2026-08-17 17:33:42,408 - INFO - Applied subscription discount for user order_user_75, promo_code: SUMMER20, discount: 20.0%, original_price: 500.0, discounted_price: 400.0, trace_id=d667c89f-a7e8-419f-8a0e-9c4b3595dc30
2026-08-17 17:33:42,408 - INFO - Request for orchestrate_order started, order_id=f894fc88-68d2-468c-b9e6-fd2e2f0e0612, trace_id=d667c89f-a7e8-419f-8a0e-9c4b3595dc30
2026-08-17 17:33:42,413 - INFO - Inventory Reservation Service Called, req: {'order_id': 'f894fc88-68d2-468c-b9e6-fd2e2f0e0612', 'items': [{'sku': '4cc0770f-91bc-4c0d-a26f-7b872f02ca94', 'qty': 2}], 'atomic_update': True, 'delay': 0.0, 'drop': 0}, response_status: 200, response: {'order_id': 'f894fc88-68d2-468c-b9e6-fd2e2f0e0612', 'status': 'OUT_OF_STOCK', 'reason': 'Out of stock: 4cc0770f-91bc-4c0d-a26f-7b872f02ca94', 'total_input_tokens': 0, 'total_output_tokens': 0, 'total_llm_calls': 0} trace_id=d667c89f-a7e8-419f-8a0e-9c4b3595dc30
2026-08-17 17:33:42,414 - INFO - Request for orchestrate_order completed, final_status:OUT_OF_STOCK,  trace_id=d667c89f-a7e8-419f-8a0e-9c4b3595dc30
2026-08-17 17:33:42,422 - INFO - Request for checkout_cart, cart_id=4dd7c4f8-d61f-4f8d-8839-5363e88b6b82, user_id=None, trace_id=35c433ed-b568-4d42-8d16-fa1616b75306
2026-08-17 17:33:42,425 - INFO - Cart Service Called, request_cart_id: 4dd7c4f8-d61f-4f8d-8839-5363e88b6b82, response_status: 200, trace_id=35c433ed-b568-4d42-8d16-fa1616b75306
2026-08-17 17:33:42,430 - INFO - HTTP Request: POST http://127.0.0.1:8002/price "HTTP/1.1 200 OK"
2026-08-17 17:33:42,430 - INFO - Pricing Service Called, req: {'items': [{'product_id': '4cc0770f-91bc-4c0d-a26f-7b872f02ca94', 'qty': 2}], 'promo_codes': [], 'only_final_price': True}, response_status: 200, trace_id=35c433ed-b568-4d42-8d16-fa1616b75306
2026-08-17 17:33:42,430 - INFO - Request for orchestrate_order started, order_id=b14b8419-2283-4fb8-92c9-afbf12a1ef99, trace_id=35c433ed-b568-4d42-8d16-fa1616b75306
2026-08-17 17:33:42,436 - INFO - Inventory Reservation Service Called, req: {'order_id': 'b14b8419-2283-4fb8-92c9-afbf12a1ef99', 'items': [{'sku': '4cc0770f-91bc-4c0d-a26f-7b872f02ca94', 'qty': 2}], 'atomic_update': True, 'delay': 0.0, 'drop': 0}, response_status: 200, response: {'order_id': 'b14b8419-2283-4fb8-92c9-afbf12a1ef99', 'status': 'OUT_OF_STOCK', 'reason': 'Out of stock: 4cc0770f-91bc-4c0d-a26f-7b872f02ca94', 'total_input_tokens': 0, 'total_output_tokens': 0, 'total_llm_calls': 0} trace_id=35c433ed-b568-4d42-8d16-fa1616b75306
2026-08-17 17:33:42,437 - INFO - Request for orchestrate_order completed, final_status:OUT_OF_STOCK,  trace_id=35c433ed-b568-4d42-8d16-fa1616b75306
2026-08-17 17:33:42,450 - INFO - Request for checkout_cart, cart_id=0745bb7e-65af-4fd3-8e99-75e5ed17d1e2, user_id=order_user_76, trace_id=7f6ae8ea-c51f-4312-806c-84d3ff8b4e41
2026-08-17 17:33:42,453 - INFO - Cart Service Called, request_cart_id: 0745bb7e-65af-4fd3-8e99-75e5ed17d1e2, response_status: 200, trace_id=7f6ae8ea-c51f-4312-806c-84d3ff8b4e41
2026-08-17 17:33:42,457 - INFO - HTTP Request: POST http://127.0.0.1:8002/price "HTTP/1.1 200 OK"
2026-08-17 17:33:42,457 - INFO - Pricing Service Called, req: {'items': [{'product_id': '4cc0770f-91bc-4c0d-a26f-7b872f02ca94', 'qty': 2}], 'promo_codes': [], 'only_final_price': True}, response_status: 200, trace_id=7f6ae8ea-c51f-4312-806c-84d3ff8b4e41
2026-08-17 17:33:42,461 - INFO - Subscription Service Called, user_id: order_user_76, response_status: 200, trace_id=7f6ae8ea-c51f-4312-806c-84d3ff8b4e41
2026-08-17 17:33:42,461 - INFO - Applied subscription discount for user order_user_76, promo_code: SUMMER20, discount: 20.0%, original_price: 500.0, discounted_price: 400.0, trace_id=7f6ae8ea-c51f-4312-806c-84d3ff8b4e41
2026-08-17 17:33:42,461 - INFO - Request for orchestrate_order started, order_id=2afe0bdb-b08e-41ca-b53f-575bf3117489, trace_id=7f6ae8ea-c51f-4312-806c-84d3ff8b4e41
2026-08-17 17:33:42,467 - INFO - Inventory Reservation Service Called, req: {'order_id': '2afe0bdb-b08e-41ca-b53f-575bf3117489', 'items': [{'sku': '4cc0770f-91bc-4c0d-a26f-7b872f02ca94', 'qty': 2}], 'atomic_update': True, 'delay': 0.0, 'drop': 0}, response_status: 200, response: {'order_id': '2afe0bdb-b08e-41ca-b53f-575bf3117489', 'status': 'OUT_OF_STOCK', 'reason': 'Out of stock: 4cc0770f-91bc-4c0d-a26f-7b872f02ca94', 'total_input_tokens': 0, 'total_output_tokens': 0, 'total_llm_calls': 0} trace_id=7f6ae8ea-c51f-4312-806c-84d3ff8b4e41
2026-08-17 17:33:42,468 - INFO - Request for orchestrate_order completed, final_status:OUT_OF_STOCK,  trace_id=7f6ae8ea-c51f-4312-806c-84d3ff8b4e41
2026-08-17 17:33:42,476 - INFO - Request for checkout_cart, cart_id=cf391040-ca06-48d9-9142-3cc9a5761e71, user_id=None, trace_id=c2e02839-d09e-42c6-b151-3ae2fd0f7eb7
2026-08-17 17:33:42,480 - INFO - Cart Service Called, request_cart_id: cf391040-ca06-48d9-9142-3cc9a5761e71, response_status: 200, trace_id=c2e02839-d09e-42c6-b151-3ae2fd0f7eb7
2026-08-17 17:33:42,484 - INFO - HTTP Request: POST http://127.0.0.1:8002/price "HTTP/1.1 200 OK"
2026-08-17 17:33:42,485 - INFO - Pricing Service Called, req: {'items': [{'product_id': '4cc0770f-91bc-4c0d-a26f-7b872f02ca94', 'qty': 2}], 'promo_codes': [], 'only_final_price': True}, response_status: 200, trace_id=c2e02839-d09e-42c6-b151-3ae2fd0f7eb7
2026-08-17 17:33:42,485 - INFO - Request for orchestrate_order started, order_id=a05d02de-7edd-4f1d-a99d-a56978e104c2, trace_id=c2e02839-d09e-42c6-b151-3ae2fd0f7eb7
2026-08-17 17:33:42,490 - INFO - Inventory Reservation Service Called, req: {'order_id': 'a05d02de-7edd-4f1d-a99d-a56978e104c2', 'items': [{'sku': '4cc0770f-91bc-4c0d-a26f-7b872f02ca94', 'qty': 2}], 'atomic_update': True, 'delay': 0.0, 'drop': 0}, response_status: 200, response: {'order_id': 'a05d02de-7edd-4f1d-a99d-a56978e104c2', 'status': 'OUT_OF_STOCK', 'reason': 'Out of stock: 4cc0770f-91bc-4c0d-a26f-7b872f02ca94', 'total_input_tokens': 0, 'total_output_tokens': 0, 'total_llm_calls': 0} trace_id=c2e02839-d09e-42c6-b151-3ae2fd0f7eb7
2026-08-17 17:33:42,491 - INFO - Request for orchestrate_order completed, final_status:OUT_OF_STOCK,  trace_id=c2e02839-d09e-42c6-b151-3ae2fd0f7eb7
2026-08-17 17:33:42,504 - INFO - Request for checkout_cart, cart_id=96e23fbd-0bd1-4baa-8eae-796840b6f797, user_id=order_user_77, trace_id=5134108e-da11-4e44-b537-cdd768327f14
2026-08-17 17:33:42,508 - INFO - Cart Service Called, request_cart_id: 96e23fbd-0bd1-4baa-8eae-796840b6f797, response_status: 200, trace_id=5134108e-da11-4e44-b537-cdd768327f14
2026-08-17 17:33:42,512 - INFO - HTTP Request: POST http://127.0.0.1:8002/price "HTTP/1.1 200 OK"
2026-08-17 17:33:42,513 - INFO - Pricing Service Called, req: {'items': [{'product_id': '4cc0770f-91bc-4c0d-a26f-7b872f02ca94', 'qty': 2}], 'promo_codes': [], 'only_final_price': True}, response_status: 200, trace_id=5134108e-da11-4e44-b537-cdd768327f14
2026-08-17 17:33:42,518 - INFO - Subscription Service Called, user_id: order_user_77, response_status: 200, trace_id=5134108e-da11-4e44-b537-cdd768327f14
2026-08-17 17:33:42,518 - INFO - Applied subscription discount for user order_user_77, promo_code: SUMMER20, discount: 20.0%, original_price: 500.0, discounted_price: 400.0, trace_id=5134108e-da11-4e44-b537-cdd768327f14
2026-08-17 17:33:42,518 - INFO - Request for orchestrate_order started, order_id=5eb481a7-6934-461e-b344-cba26634d395, trace_id=5134108e-da11-4e44-b537-cdd768327f14
2026-08-17 17:33:42,523 - INFO - Inventory Reservation Service Called, req: {'order_id': '5eb481a7-6934-461e-b344-cba26634d395', 'items': [{'sku': '4cc0770f-91bc-4c0d-a26f-7b872f02ca94', 'qty': 2}], 'atomic_update': True, 'delay': 0.0, 'drop': 0}, response_status: 200, response: {'order_id': '5eb481a7-6934-461e-b344-cba26634d395', 'status': 'OUT_OF_STOCK', 'reason': 'Out of stock: 4cc0770f-91bc-4c0d-a26f-7b872f02ca94', 'total_input_tokens': 0, 'total_output_tokens': 0, 'total_llm_calls': 0} trace_id=5134108e-da11-4e44-b537-cdd768327f14
2026-08-17 17:33:42,524 - INFO - Request for orchestrate_order completed, final_status:OUT_OF_STOCK,  trace_id=5134108e-da11-4e44-b537-cdd768327f14
2026-08-17 17:33:42,532 - INFO - Request for checkout_cart, cart_id=0b796936-963b-40ff-99e7-18029075909f, user_id=None, trace_id=5b9d5f14-2905-4654-a465-832115aea107
2026-08-17 17:33:42,536 - INFO - Cart Service Called, request_cart_id: 0b796936-963b-40ff-99e7-18029075909f, response_status: 200, trace_id=5b9d5f14-2905-4654-a465-832115aea107
2026-08-17 17:33:42,539 - INFO - HTTP Request: POST http://127.0.0.1:8002/price "HTTP/1.1 200 OK"
2026-08-17 17:33:42,540 - INFO - Pricing Service Called, req: {'items': [{'product_id': '4cc0770f-91bc-4c0d-a26f-7b872f02ca94', 'qty': 2}], 'promo_codes': [], 'only_final_price': True}, response_status: 200, trace_id=5b9d5f14-2905-4654-a465-832115aea107
2026-08-17 17:33:42,540 - INFO - Request for orchestrate_order started, order_id=bee2083d-0ba6-455c-aa1e-287e81cbd00f, trace_id=5b9d5f14-2905-4654-a465-832115aea107
2026-08-17 17:33:42,545 - INFO - Inventory Reservation Service Called, req: {'order_id': 'bee2083d-0ba6-455c-aa1e-287e81cbd00f', 'items': [{'sku': '4cc0770f-91bc-4c0d-a26f-7b872f02ca94', 'qty': 2}], 'atomic_update': True, 'delay': 0.0, 'drop': 0}, response_status: 200, response: {'order_id': 'bee2083d-0ba6-455c-aa1e-287e81cbd00f', 'status': 'OUT_OF_STOCK', 'reason': 'Out of stock: 4cc0770f-91bc-4c0d-a26f-7b872f02ca94', 'total_input_tokens': 0, 'total_output_tokens': 0, 'total_llm_calls': 0} trace_id=5b9d5f14-2905-4654-a465-832115aea107
2026-08-17 17:33:42,546 - INFO - Request for orchestrate_order completed, final_status:OUT_OF_STOCK,  trace_id=5b9d5f14-2905-4654-a465-832115aea107
2026-08-17 17:33:42,558 - INFO - Request for checkout_cart, cart_id=2a210b18-80d8-420f-9988-cc636cff62ec, user_id=order_user_78, trace_id=b161eb8b-3d0e-414b-b7da-12b4f16a7266
2026-08-17 17:33:42,562 - INFO - Cart Service Called, request_cart_id: 2a210b18-80d8-420f-9988-cc636cff62ec, response_status: 200, trace_id=b161eb8b-3d0e-414b-b7da-12b4f16a7266
2026-08-17 17:33:42,567 - INFO - HTTP Request: POST http://127.0.0.1:8002/price "HTTP/1.1 200 OK"
2026-08-17 17:33:42,567 - INFO - Pricing Service Called, req: {'items': [{'product_id': '4cc0770f-91bc-4c0d-a26f-7b872f02ca94', 'qty': 2}], 'promo_codes': [], 'only_final_price': True}, response_status: 200, trace_id=b161eb8b-3d0e-414b-b7da-12b4f16a7266
2026-08-17 17:33:42,571 - INFO - Subscription Service Called, user_id: order_user_78, response_status: 200, trace_id=b161eb8b-3d0e-414b-b7da-12b4f16a7266
2026-08-17 17:33:42,571 - INFO - Applied subscription discount for user order_user_78, promo_code: SUMMER20, discount: 20.0%, original_price: 500.0, discounted_price: 400.0, trace_id=b161eb8b-3d0e-414b-b7da-12b4f16a7266
2026-08-17 17:33:42,571 - INFO - Request for orchestrate_order started, order_id=f6f8d6bc-2f60-4964-9c0d-fcad1b41b8be, trace_id=b161eb8b-3d0e-414b-b7da-12b4f16a7266
2026-08-17 17:33:42,576 - INFO - Inventory Reservation Service Called, req: {'order_id': 'f6f8d6bc-2f60-4964-9c0d-fcad1b41b8be', 'items': [{'sku': '4cc0770f-91bc-4c0d-a26f-7b872f02ca94', 'qty': 2}], 'atomic_update': True, 'delay': 0.0, 'drop': 0}, response_status: 200, response: {'order_id': 'f6f8d6bc-2f60-4964-9c0d-fcad1b41b8be', 'status': 'OUT_OF_STOCK', 'reason': 'Out of stock: 4cc0770f-91bc-4c0d-a26f-7b872f02ca94', 'total_input_tokens': 0, 'total_output_tokens': 0, 'total_llm_calls': 0} trace_id=b161eb8b-3d0e-414b-b7da-12b4f16a7266
2026-08-17 17:33:42,577 - INFO - Request for orchestrate_order completed, final_status:OUT_OF_STOCK,  trace_id=b161eb8b-3d0e-414b-b7da-12b4f16a7266
2026-08-17 17:33:42,584 - INFO - Request for checkout_cart, cart_id=862efb53-3c2b-432d-a89f-a21b2e7e476f, user_id=None, trace_id=a9358b52-038b-4d04-95b8-56f2f53072fe
2026-08-17 17:33:42,588 - INFO - Cart Service Called, request_cart_id: 862efb53-3c2b-432d-a89f-a21b2e7e476f, response_status: 200, trace_id=a9358b52-038b-4d04-95b8-56f2f53072fe
2026-08-17 17:33:42,592 - INFO - HTTP Request: POST http://127.0.0.1:8002/price "HTTP/1.1 200 OK"
2026-08-17 17:33:42,592 - INFO - Pricing Service Called, req: {'items': [{'product_id': '4cc0770f-91bc-4c0d-a26f-7b872f02ca94', 'qty': 2}], 'promo_codes': [], 'only_final_price': True}, response_status: 200, trace_id=a9358b52-038b-4d04-95b8-56f2f53072fe
2026-08-17 17:33:42,592 - INFO - Request for orchestrate_order started, order_id=d55c6a6b-847e-48a3-ab00-b96bf6f4e794, trace_id=a9358b52-038b-4d04-95b8-56f2f53072fe
2026-08-17 17:33:42,598 - INFO - Inventory Reservation Service Called, req: {'order_id': 'd55c6a6b-847e-48a3-ab00-b96bf6f4e794', 'items': [{'sku': '4cc0770f-91bc-4c0d-a26f-7b872f02ca94', 'qty': 2}], 'atomic_update': True, 'delay': 0.0, 'drop': 0}, response_status: 200, response: {'order_id': 'd55c6a6b-847e-48a3-ab00-b96bf6f4e794', 'status': 'OUT_OF_STOCK', 'reason': 'Out of stock: 4cc0770f-91bc-4c0d-a26f-7b872f02ca94', 'total_input_tokens': 0, 'total_output_tokens': 0, 'total_llm_calls': 0} trace_id=a9358b52-038b-4d04-95b8-56f2f53072fe
2026-08-17 17:33:42,599 - INFO - Request for orchestrate_order completed, final_status:OUT_OF_STOCK,  trace_id=a9358b52-038b-4d04-95b8-56f2f53072fe
2026-08-17 17:33:42,612 - INFO - Request for checkout_cart, cart_id=8a994e9f-54d1-4131-b98c-ae5ad91728e4, user_id=order_user_79, trace_id=a522df3b-0575-439d-9fb1-604383ecd7fc
2026-08-17 17:33:42,616 - INFO - Cart Service Called, request_cart_id: 8a994e9f-54d1-4131-b98c-ae5ad91728e4, response_status: 200, trace_id=a522df3b-0575-439d-9fb1-604383ecd7fc
2026-08-17 17:33:42,620 - INFO - HTTP Request: POST http://127.0.0.1:8002/price "HTTP/1.1 200 OK"
2026-08-17 17:33:42,621 - INFO - Pricing Service Called, req: {'items': [{'product_id': '4cc0770f-91bc-4c0d-a26f-7b872f02ca94', 'qty': 2}], 'promo_codes': [], 'only_final_price': True}, response_status: 200, trace_id=a522df3b-0575-439d-9fb1-604383ecd7fc
2026-08-17 17:33:42,625 - INFO - Subscription Service Called, user_id: order_user_79, response_status: 200, trace_id=a522df3b-0575-439d-9fb1-604383ecd7fc
2026-08-17 17:33:42,625 - INFO - Applied subscription discount for user order_user_79, promo_code: SUMMER20, discount: 20.0%, original_price: 500.0, discounted_price: 400.0, trace_id=a522df3b-0575-439d-9fb1-604383ecd7fc
2026-08-17 17:33:42,625 - INFO - Request for orchestrate_order started, order_id=d27d9c5e-8efc-44f8-a543-af14a48ed5bc, trace_id=a522df3b-0575-439d-9fb1-604383ecd7fc
2026-08-17 17:33:42,630 - INFO - Inventory Reservation Service Called, req: {'order_id': 'd27d9c5e-8efc-44f8-a543-af14a48ed5bc', 'items': [{'sku': '4cc0770f-91bc-4c0d-a26f-7b872f02ca94', 'qty': 2}], 'atomic_update': True, 'delay': 0.0, 'drop': 0}, response_status: 200, response: {'order_id': 'd27d9c5e-8efc-44f8-a543-af14a48ed5bc', 'status': 'OUT_OF_STOCK', 'reason': 'Out of stock: 4cc0770f-91bc-4c0d-a26f-7b872f02ca94', 'total_input_tokens': 0, 'total_output_tokens': 0, 'total_llm_calls': 0} trace_id=a522df3b-0575-439d-9fb1-604383ecd7fc
2026-08-17 17:33:42,631 - INFO - Request for orchestrate_order completed, final_status:OUT_OF_STOCK,  trace_id=a522df3b-0575-439d-9fb1-604383ecd7fc
2026-08-17 17:33:42,639 - INFO - Request for checkout_cart, cart_id=56402890-0acb-44e6-a645-8e2a8898f6bd, user_id=None, trace_id=d2267e32-e83b-42b7-a5e6-f04947f017ec
2026-08-17 17:33:42,642 - INFO - Cart Service Called, request_cart_id: 56402890-0acb-44e6-a645-8e2a8898f6bd, response_status: 200, trace_id=d2267e32-e83b-42b7-a5e6-f04947f017ec
2026-08-17 17:33:42,646 - INFO - HTTP Request: POST http://127.0.0.1:8002/price "HTTP/1.1 200 OK"
2026-08-17 17:33:42,647 - INFO - Pricing Service Called, req: {'items': [{'product_id': '4cc0770f-91bc-4c0d-a26f-7b872f02ca94', 'qty': 2}], 'promo_codes': [], 'only_final_price': True}, response_status: 200, trace_id=d2267e32-e83b-42b7-a5e6-f04947f017ec
2026-08-17 17:33:42,647 - INFO - Request for orchestrate_order started, order_id=a22489fa-610b-41d8-bc87-599518dfb9d8, trace_id=d2267e32-e83b-42b7-a5e6-f04947f017ec
2026-08-17 17:33:42,652 - INFO - Inventory Reservation Service Called, req: {'order_id': 'a22489fa-610b-41d8-bc87-599518dfb9d8', 'items': [{'sku': '4cc0770f-91bc-4c0d-a26f-7b872f02ca94', 'qty': 2}], 'atomic_update': True, 'delay': 0.0, 'drop': 0}, response_status: 200, response: {'order_id': 'a22489fa-610b-41d8-bc87-599518dfb9d8', 'status': 'OUT_OF_STOCK', 'reason': 'Out of stock: 4cc0770f-91bc-4c0d-a26f-7b872f02ca94', 'total_input_tokens': 0, 'total_output_tokens': 0, 'total_llm_calls': 0} trace_id=d2267e32-e83b-42b7-a5e6-f04947f017ec
2026-08-17 17:33:42,653 - INFO - Request for orchestrate_order completed, final_status:OUT_OF_STOCK,  trace_id=d2267e32-e83b-42b7-a5e6-f04947f017ec
2026-08-17 17:33:42,666 - INFO - Request for checkout_cart, cart_id=0f86ff1e-094d-4924-b9a9-a97d28f10f39, user_id=order_user_80, trace_id=f64e6692-96e9-4ca2-b4c4-964c590cc721
2026-08-17 17:33:42,670 - INFO - Cart Service Called, request_cart_id: 0f86ff1e-094d-4924-b9a9-a97d28f10f39, response_status: 200, trace_id=f64e6692-96e9-4ca2-b4c4-964c590cc721
2026-08-17 17:33:42,674 - INFO - HTTP Request: POST http://127.0.0.1:8002/price "HTTP/1.1 200 OK"
2026-08-17 17:33:42,674 - INFO - Pricing Service Called, req: {'items': [{'product_id': '4cc0770f-91bc-4c0d-a26f-7b872f02ca94', 'qty': 2}], 'promo_codes': [], 'only_final_price': True}, response_status: 200, trace_id=f64e6692-96e9-4ca2-b4c4-964c590cc721
2026-08-17 17:33:42,678 - INFO - Subscription Service Called, user_id: order_user_80, response_status: 200, trace_id=f64e6692-96e9-4ca2-b4c4-964c590cc721
2026-08-17 17:33:42,678 - INFO - Applied subscription discount for user order_user_80, promo_code: SUMMER20, discount: 20.0%, original_price: 500.0, discounted_price: 400.0, trace_id=f64e6692-96e9-4ca2-b4c4-964c590cc721
2026-08-17 17:33:42,678 - INFO - Request for orchestrate_order started, order_id=3f827aa3-6bf7-4e89-96f5-7f25067f88a5, trace_id=f64e6692-96e9-4ca2-b4c4-964c590cc721
2026-08-17 17:33:42,683 - INFO - Inventory Reservation Service Called, req: {'order_id': '3f827aa3-6bf7-4e89-96f5-7f25067f88a5', 'items': [{'sku': '4cc0770f-91bc-4c0d-a26f-7b872f02ca94', 'qty': 2}], 'atomic_update': True, 'delay': 0.0, 'drop': 0}, response_status: 200, response: {'order_id': '3f827aa3-6bf7-4e89-96f5-7f25067f88a5', 'status': 'OUT_OF_STOCK', 'reason': 'Out of stock: 4cc0770f-91bc-4c0d-a26f-7b872f02ca94', 'total_input_tokens': 0, 'total_output_tokens': 0, 'total_llm_calls': 0} trace_id=f64e6692-96e9-4ca2-b4c4-964c590cc721
2026-08-17 17:33:42,684 - INFO - Request for orchestrate_order completed, final_status:OUT_OF_STOCK,  trace_id=f64e6692-96e9-4ca2-b4c4-964c590cc721
2026-08-17 17:33:42,691 - INFO - Request for checkout_cart, cart_id=fd3c95b8-e419-40b3-a4fc-7d1919f31040, user_id=None, trace_id=f33a4e87-75a6-4f71-9746-c7336fb3dd96
2026-08-17 17:33:42,695 - INFO - Cart Service Called, request_cart_id: fd3c95b8-e419-40b3-a4fc-7d1919f31040, response_status: 200, trace_id=f33a4e87-75a6-4f71-9746-c7336fb3dd96
2026-08-17 17:33:42,699 - INFO - HTTP Request: POST http://127.0.0.1:8002/price "HTTP/1.1 200 OK"
2026-08-17 17:33:42,700 - INFO - Pricing Service Called, req: {'items': [{'product_id': '4cc0770f-91bc-4c0d-a26f-7b872f02ca94', 'qty': 2}], 'promo_codes': [], 'only_final_price': True}, response_status: 200, trace_id=f33a4e87-75a6-4f71-9746-c7336fb3dd96
2026-08-17 17:33:42,700 - INFO - Request for orchestrate_order started, order_id=5c2740f1-1427-45e4-8b13-49c0ad47c31b, trace_id=f33a4e87-75a6-4f71-9746-c7336fb3dd96
2026-08-17 17:33:42,706 - INFO - Inventory Reservation Service Called, req: {'order_id': '5c2740f1-1427-45e4-8b13-49c0ad47c31b', 'items': [{'sku': '4cc0770f-91bc-4c0d-a26f-7b872f02ca94', 'qty': 2}], 'atomic_update': True, 'delay': 0.0, 'drop': 0}, response_status: 200, response: {'order_id': '5c2740f1-1427-45e4-8b13-49c0ad47c31b', 'status': 'OUT_OF_STOCK', 'reason': 'Out of stock: 4cc0770f-91bc-4c0d-a26f-7b872f02ca94', 'total_input_tokens': 0, 'total_output_tokens': 0, 'total_llm_calls': 0} trace_id=f33a4e87-75a6-4f71-9746-c7336fb3dd96
2026-08-17 17:33:42,707 - INFO - Request for orchestrate_order completed, final_status:OUT_OF_STOCK,  trace_id=f33a4e87-75a6-4f71-9746-c7336fb3dd96
2026-08-17 17:33:42,719 - INFO - Request for checkout_cart, cart_id=406cb51b-a43c-4855-ac4a-bbdda8e65208, user_id=order_user_81, trace_id=c7dd2ede-d6e0-4160-a02b-f2d5c10f4f82
2026-08-17 17:33:42,724 - INFO - Cart Service Called, request_cart_id: 406cb51b-a43c-4855-ac4a-bbdda8e65208, response_status: 200, trace_id=c7dd2ede-d6e0-4160-a02b-f2d5c10f4f82
2026-08-17 17:33:42,728 - INFO - HTTP Request: POST http://127.0.0.1:8002/price "HTTP/1.1 200 OK"
2026-08-17 17:33:42,728 - INFO - Pricing Service Called, req: {'items': [{'product_id': '4cc0770f-91bc-4c0d-a26f-7b872f02ca94', 'qty': 2}], 'promo_codes': [], 'only_final_price': True}, response_status: 200, trace_id=c7dd2ede-d6e0-4160-a02b-f2d5c10f4f82
2026-08-17 17:33:42,732 - INFO - Subscription Service Called, user_id: order_user_81, response_status: 200, trace_id=c7dd2ede-d6e0-4160-a02b-f2d5c10f4f82
2026-08-17 17:33:42,733 - INFO - Applied subscription discount for user order_user_81, promo_code: SUMMER20, discount: 20.0%, original_price: 500.0, discounted_price: 400.0, trace_id=c7dd2ede-d6e0-4160-a02b-f2d5c10f4f82
2026-08-17 17:33:42,733 - INFO - Request for orchestrate_order started, order_id=401ba941-4790-42dd-be38-f058bf5a9d9e, trace_id=c7dd2ede-d6e0-4160-a02b-f2d5c10f4f82
2026-08-17 17:33:42,738 - INFO - Inventory Reservation Service Called, req: {'order_id': '401ba941-4790-42dd-be38-f058bf5a9d9e', 'items': [{'sku': '4cc0770f-91bc-4c0d-a26f-7b872f02ca94', 'qty': 2}], 'atomic_update': True, 'delay': 0.0, 'drop': 0}, response_status: 200, response: {'order_id': '401ba941-4790-42dd-be38-f058bf5a9d9e', 'status': 'OUT_OF_STOCK', 'reason': 'Out of stock: 4cc0770f-91bc-4c0d-a26f-7b872f02ca94', 'total_input_tokens': 0, 'total_output_tokens': 0, 'total_llm_calls': 0} trace_id=c7dd2ede-d6e0-4160-a02b-f2d5c10f4f82
2026-08-17 17:33:42,739 - INFO - Request for orchestrate_order completed, final_status:OUT_OF_STOCK,  trace_id=c7dd2ede-d6e0-4160-a02b-f2d5c10f4f82
2026-08-17 17:33:42,748 - INFO - Request for checkout_cart, cart_id=6cea538f-9f54-416e-a9f5-09fd11e2e1ab, user_id=None, trace_id=9f1e35a2-3de3-4d5e-a5ca-da5a46a7cc85
2026-08-17 17:33:42,753 - INFO - Cart Service Called, request_cart_id: 6cea538f-9f54-416e-a9f5-09fd11e2e1ab, response_status: 200, trace_id=9f1e35a2-3de3-4d5e-a5ca-da5a46a7cc85
2026-08-17 17:33:42,758 - INFO - HTTP Request: POST http://127.0.0.1:8002/price "HTTP/1.1 200 OK"
2026-08-17 17:33:42,758 - INFO - Pricing Service Called, req: {'items': [{'product_id': '4cc0770f-91bc-4c0d-a26f-7b872f02ca94', 'qty': 2}], 'promo_codes': [], 'only_final_price': True}, response_status: 200, trace_id=9f1e35a2-3de3-4d5e-a5ca-da5a46a7cc85
2026-08-17 17:33:42,758 - INFO - Request for orchestrate_order started, order_id=ca3008ba-b203-4135-8d70-8932cb207827, trace_id=9f1e35a2-3de3-4d5e-a5ca-da5a46a7cc85
2026-08-17 17:33:42,764 - INFO - Inventory Reservation Service Called, req: {'order_id': 'ca3008ba-b203-4135-8d70-8932cb207827', 'items': [{'sku': '4cc0770f-91bc-4c0d-a26f-7b872f02ca94', 'qty': 2}], 'atomic_update': True, 'delay': 0.0, 'drop': 0}, response_status: 200, response: {'order_id': 'ca3008ba-b203-4135-8d70-8932cb207827', 'status': 'OUT_OF_STOCK', 'reason': 'Out of stock: 4cc0770f-91bc-4c0d-a26f-7b872f02ca94', 'total_input_tokens': 0, 'total_output_tokens': 0, 'total_llm_calls': 0} trace_id=9f1e35a2-3de3-4d5e-a5ca-da5a46a7cc85
2026-08-17 17:33:42,765 - INFO - Request for orchestrate_order completed, final_status:OUT_OF_STOCK,  trace_id=9f1e35a2-3de3-4d5e-a5ca-da5a46a7cc85
2026-08-17 17:33:42,777 - INFO - Request for checkout_cart, cart_id=b846d39e-44dd-4db9-8fe9-375a41cbf353, user_id=order_user_82, trace_id=0a5451f4-b5da-4fe9-9f24-d1727a4ee90b
2026-08-17 17:33:42,781 - INFO - Cart Service Called, request_cart_id: b846d39e-44dd-4db9-8fe9-375a41cbf353, response_status: 200, trace_id=0a5451f4-b5da-4fe9-9f24-d1727a4ee90b
2026-08-17 17:33:42,785 - INFO - HTTP Request: POST http://127.0.0.1:8002/price "HTTP/1.1 200 OK"
2026-08-17 17:33:42,785 - INFO - Pricing Service Called, req: {'items': [{'product_id': '4cc0770f-91bc-4c0d-a26f-7b872f02ca94', 'qty': 2}], 'promo_codes': [], 'only_final_price': True}, response_status: 200, trace_id=0a5451f4-b5da-4fe9-9f24-d1727a4ee90b
2026-08-17 17:33:42,789 - INFO - Subscription Service Called, user_id: order_user_82, response_status: 200, trace_id=0a5451f4-b5da-4fe9-9f24-d1727a4ee90b
2026-08-17 17:33:42,789 - INFO - Applied subscription discount for user order_user_82, promo_code: SUMMER20, discount: 20.0%, original_price: 500.0, discounted_price: 400.0, trace_id=0a5451f4-b5da-4fe9-9f24-d1727a4ee90b
2026-08-17 17:33:42,789 - INFO - Request for orchestrate_order started, order_id=543ad835-7f32-4689-93ef-034b3f90b4cd, trace_id=0a5451f4-b5da-4fe9-9f24-d1727a4ee90b
2026-08-17 17:33:42,794 - INFO - Inventory Reservation Service Called, req: {'order_id': '543ad835-7f32-4689-93ef-034b3f90b4cd', 'items': [{'sku': '4cc0770f-91bc-4c0d-a26f-7b872f02ca94', 'qty': 2}], 'atomic_update': True, 'delay': 0.0, 'drop': 0}, response_status: 200, response: {'order_id': '543ad835-7f32-4689-93ef-034b3f90b4cd', 'status': 'OUT_OF_STOCK', 'reason': 'Out of stock: 4cc0770f-91bc-4c0d-a26f-7b872f02ca94', 'total_input_tokens': 0, 'total_output_tokens': 0, 'total_llm_calls': 0} trace_id=0a5451f4-b5da-4fe9-9f24-d1727a4ee90b
2026-08-17 17:33:42,796 - INFO - Request for orchestrate_order completed, final_status:OUT_OF_STOCK,  trace_id=0a5451f4-b5da-4fe9-9f24-d1727a4ee90b
2026-08-17 17:33:42,804 - INFO - Request for checkout_cart, cart_id=9283dab7-45c8-463e-b58d-b0576f8070e0, user_id=None, trace_id=aaa744bf-baf7-461c-8103-1c05fd412413
2026-08-17 17:33:42,808 - INFO - Cart Service Called, request_cart_id: 9283dab7-45c8-463e-b58d-b0576f8070e0, response_status: 200, trace_id=aaa744bf-baf7-461c-8103-1c05fd412413
2026-08-17 17:33:42,812 - INFO - HTTP Request: POST http://127.0.0.1:8002/price "HTTP/1.1 200 OK"
2026-08-17 17:33:42,812 - INFO - Pricing Service Called, req: {'items': [{'product_id': '4cc0770f-91bc-4c0d-a26f-7b872f02ca94', 'qty': 2}], 'promo_codes': [], 'only_final_price': True}, response_status: 200, trace_id=aaa744bf-baf7-461c-8103-1c05fd412413
2026-08-17 17:33:42,813 - INFO - Request for orchestrate_order started, order_id=5c6d8c9e-6278-4b2b-8e55-2d902f7cedf8, trace_id=aaa744bf-baf7-461c-8103-1c05fd412413
2026-08-17 17:33:42,818 - INFO - Inventory Reservation Service Called, req: {'order_id': '5c6d8c9e-6278-4b2b-8e55-2d902f7cedf8', 'items': [{'sku': '4cc0770f-91bc-4c0d-a26f-7b872f02ca94', 'qty': 2}], 'atomic_update': True, 'delay': 0.0, 'drop': 0}, response_status: 200, response: {'order_id': '5c6d8c9e-6278-4b2b-8e55-2d902f7cedf8', 'status': 'OUT_OF_STOCK', 'reason': 'Out of stock: 4cc0770f-91bc-4c0d-a26f-7b872f02ca94', 'total_input_tokens': 0, 'total_output_tokens': 0, 'total_llm_calls': 0} trace_id=aaa744bf-baf7-461c-8103-1c05fd412413
2026-08-17 17:33:42,819 - INFO - Request for orchestrate_order completed, final_status:OUT_OF_STOCK,  trace_id=aaa744bf-baf7-461c-8103-1c05fd412413
2026-08-17 17:33:42,831 - INFO - Request for checkout_cart, cart_id=fd9c6c68-71f9-422b-a165-affbce62847f, user_id=order_user_83, trace_id=f5d1a260-9b5f-4d5c-8418-e36e7c1bb7f7
2026-08-17 17:33:42,835 - INFO - Cart Service Called, request_cart_id: fd9c6c68-71f9-422b-a165-affbce62847f, response_status: 200, trace_id=f5d1a260-9b5f-4d5c-8418-e36e7c1bb7f7
2026-08-17 17:33:42,839 - INFO - HTTP Request: POST http://127.0.0.1:8002/price "HTTP/1.1 200 OK"
2026-08-17 17:33:42,839 - INFO - Pricing Service Called, req: {'items': [{'product_id': '4cc0770f-91bc-4c0d-a26f-7b872f02ca94', 'qty': 2}], 'promo_codes': [], 'only_final_price': True}, response_status: 200, trace_id=f5d1a260-9b5f-4d5c-8418-e36e7c1bb7f7
2026-08-17 17:33:42,843 - INFO - Subscription Service Called, user_id: order_user_83, response_status: 200, trace_id=f5d1a260-9b5f-4d5c-8418-e36e7c1bb7f7
2026-08-17 17:33:42,843 - INFO - Applied subscription discount for user order_user_83, promo_code: SUMMER20, discount: 20.0%, original_price: 500.0, discounted_price: 400.0, trace_id=f5d1a260-9b5f-4d5c-8418-e36e7c1bb7f7
2026-08-17 17:33:42,843 - INFO - Request for orchestrate_order started, order_id=a748b334-f7a9-40d7-8741-421981dfeea1, trace_id=f5d1a260-9b5f-4d5c-8418-e36e7c1bb7f7
2026-08-17 17:33:42,849 - INFO - Inventory Reservation Service Called, req: {'order_id': 'a748b334-f7a9-40d7-8741-421981dfeea1', 'items': [{'sku': '4cc0770f-91bc-4c0d-a26f-7b872f02ca94', 'qty': 2}], 'atomic_update': True, 'delay': 0.0, 'drop': 0}, response_status: 200, response: {'order_id': 'a748b334-f7a9-40d7-8741-421981dfeea1', 'status': 'OUT_OF_STOCK', 'reason': 'Out of stock: 4cc0770f-91bc-4c0d-a26f-7b872f02ca94', 'total_input_tokens': 0, 'total_output_tokens': 0, 'total_llm_calls': 0} trace_id=f5d1a260-9b5f-4d5c-8418-e36e7c1bb7f7
2026-08-17 17:33:42,850 - INFO - Request for orchestrate_order completed, final_status:OUT_OF_STOCK,  trace_id=f5d1a260-9b5f-4d5c-8418-e36e7c1bb7f7
2026-08-17 17:33:42,857 - INFO - Request for checkout_cart, cart_id=24b10e0f-4708-4c14-a91f-868d0ddffbff, user_id=None, trace_id=897ec6db-0698-4caa-823f-12e152b9847a
2026-08-17 17:33:42,860 - INFO - Cart Service Called, request_cart_id: 24b10e0f-4708-4c14-a91f-868d0ddffbff, response_status: 200, trace_id=897ec6db-0698-4caa-823f-12e152b9847a
2026-08-17 17:33:42,865 - INFO - HTTP Request: POST http://127.0.0.1:8002/price "HTTP/1.1 200 OK"
2026-08-17 17:33:42,865 - INFO - Pricing Service Called, req: {'items': [{'product_id': '4cc0770f-91bc-4c0d-a26f-7b872f02ca94', 'qty': 2}], 'promo_codes': [], 'only_final_price': True}, response_status: 200, trace_id=897ec6db-0698-4caa-823f-12e152b9847a
2026-08-17 17:33:42,865 - INFO - Request for orchestrate_order started, order_id=c37f10b6-f002-4290-9497-31d2e8e1885a, trace_id=897ec6db-0698-4caa-823f-12e152b9847a
2026-08-17 17:33:42,870 - INFO - Inventory Reservation Service Called, req: {'order_id': 'c37f10b6-f002-4290-9497-31d2e8e1885a', 'items': [{'sku': '4cc0770f-91bc-4c0d-a26f-7b872f02ca94', 'qty': 2}], 'atomic_update': True, 'delay': 0.0, 'drop': 0}, response_status: 200, response: {'order_id': 'c37f10b6-f002-4290-9497-31d2e8e1885a', 'status': 'OUT_OF_STOCK', 'reason': 'Out of stock: 4cc0770f-91bc-4c0d-a26f-7b872f02ca94', 'total_input_tokens': 0, 'total_output_tokens': 0, 'total_llm_calls': 0} trace_id=897ec6db-0698-4caa-823f-12e152b9847a
2026-08-17 17:33:42,871 - INFO - Request for orchestrate_order completed, final_status:OUT_OF_STOCK,  trace_id=897ec6db-0698-4caa-823f-12e152b9847a
2026-08-17 17:33:42,884 - INFO - Request for checkout_cart, cart_id=8246bcf3-1c22-44cf-a230-31adb097fb12, user_id=order_user_84, trace_id=40838b8f-50f9-410b-801f-f61eba1cdea4
2026-08-17 17:33:42,887 - INFO - Cart Service Called, request_cart_id: 8246bcf3-1c22-44cf-a230-31adb097fb12, response_status: 200, trace_id=40838b8f-50f9-410b-801f-f61eba1cdea4
2026-08-17 17:33:42,891 - INFO - HTTP Request: POST http://127.0.0.1:8002/price "HTTP/1.1 200 OK"
2026-08-17 17:33:42,891 - INFO - Pricing Service Called, req: {'items': [{'product_id': '4cc0770f-91bc-4c0d-a26f-7b872f02ca94', 'qty': 2}], 'promo_codes': [], 'only_final_price': True}, response_status: 200, trace_id=40838b8f-50f9-410b-801f-f61eba1cdea4
2026-08-17 17:33:42,895 - INFO - Subscription Service Called, user_id: order_user_84, response_status: 200, trace_id=40838b8f-50f9-410b-801f-f61eba1cdea4
2026-08-17 17:33:42,896 - INFO - Applied subscription discount for user order_user_84, promo_code: SUMMER20, discount: 20.0%, original_price: 500.0, discounted_price: 400.0, trace_id=40838b8f-50f9-410b-801f-f61eba1cdea4
2026-08-17 17:33:42,896 - INFO - Request for orchestrate_order started, order_id=68600fe5-2630-4635-8d5e-96126169d2a0, trace_id=40838b8f-50f9-410b-801f-f61eba1cdea4
2026-08-17 17:33:42,901 - INFO - Inventory Reservation Service Called, req: {'order_id': '68600fe5-2630-4635-8d5e-96126169d2a0', 'items': [{'sku': '4cc0770f-91bc-4c0d-a26f-7b872f02ca94', 'qty': 2}], 'atomic_update': True, 'delay': 0.0, 'drop': 0}, response_status: 200, response: {'order_id': '68600fe5-2630-4635-8d5e-96126169d2a0', 'status': 'OUT_OF_STOCK', 'reason': 'Out of stock: 4cc0770f-91bc-4c0d-a26f-7b872f02ca94', 'total_input_tokens': 0, 'total_output_tokens': 0, 'total_llm_calls': 0} trace_id=40838b8f-50f9-410b-801f-f61eba1cdea4
2026-08-17 17:33:42,902 - INFO - Request for orchestrate_order completed, final_status:OUT_OF_STOCK,  trace_id=40838b8f-50f9-410b-801f-f61eba1cdea4
2026-08-17 17:33:42,911 - INFO - Request for checkout_cart, cart_id=0f72d7b4-bf1e-415d-9233-6254cbbefa2c, user_id=None, trace_id=b8dd5516-18c2-4111-b63f-29adbe86a1af
2026-08-17 17:33:42,915 - INFO - Cart Service Called, request_cart_id: 0f72d7b4-bf1e-415d-9233-6254cbbefa2c, response_status: 200, trace_id=b8dd5516-18c2-4111-b63f-29adbe86a1af
2026-08-17 17:33:42,919 - INFO - HTTP Request: POST http://127.0.0.1:8002/price "HTTP/1.1 200 OK"
2026-08-17 17:33:42,919 - INFO - Pricing Service Called, req: {'items': [{'product_id': '4cc0770f-91bc-4c0d-a26f-7b872f02ca94', 'qty': 2}], 'promo_codes': [], 'only_final_price': True}, response_status: 200, trace_id=b8dd5516-18c2-4111-b63f-29adbe86a1af
2026-08-17 17:33:42,920 - INFO - Request for orchestrate_order started, order_id=b4404570-5eb4-4103-abef-28a3998a9259, trace_id=b8dd5516-18c2-4111-b63f-29adbe86a1af
2026-08-17 17:33:42,924 - INFO - Inventory Reservation Service Called, req: {'order_id': 'b4404570-5eb4-4103-abef-28a3998a9259', 'items': [{'sku': '4cc0770f-91bc-4c0d-a26f-7b872f02ca94', 'qty': 2}], 'atomic_update': True, 'delay': 0.0, 'drop': 0}, response_status: 200, response: {'order_id': 'b4404570-5eb4-4103-abef-28a3998a9259', 'status': 'OUT_OF_STOCK', 'reason': 'Out of stock: 4cc0770f-91bc-4c0d-a26f-7b872f02ca94', 'total_input_tokens': 0, 'total_output_tokens': 0, 'total_llm_calls': 0} trace_id=b8dd5516-18c2-4111-b63f-29adbe86a1af
2026-08-17 17:33:42,925 - INFO - Request for orchestrate_order completed, final_status:OUT_OF_STOCK,  trace_id=b8dd5516-18c2-4111-b63f-29adbe86a1af
2026-08-17 17:33:42,938 - INFO - Request for checkout_cart, cart_id=9838f199-18c8-4759-90ec-19a17069a8c3, user_id=order_user_85, trace_id=63466878-1bb3-4708-999b-413465b275a8
2026-08-17 17:33:42,942 - INFO - Cart Service Called, request_cart_id: 9838f199-18c8-4759-90ec-19a17069a8c3, response_status: 200, trace_id=63466878-1bb3-4708-999b-413465b275a8
2026-08-17 17:33:42,945 - INFO - HTTP Request: POST http://127.0.0.1:8002/price "HTTP/1.1 200 OK"
2026-08-17 17:33:42,946 - INFO - Pricing Service Called, req: {'items': [{'product_id': '4cc0770f-91bc-4c0d-a26f-7b872f02ca94', 'qty': 2}], 'promo_codes': [], 'only_final_price': True}, response_status: 200, trace_id=63466878-1bb3-4708-999b-413465b275a8
2026-08-17 17:33:42,950 - INFO - Subscription Service Called, user_id: order_user_85, response_status: 200, trace_id=63466878-1bb3-4708-999b-413465b275a8
2026-08-17 17:33:42,951 - INFO - Applied subscription discount for user order_user_85, promo_code: SUMMER20, discount: 20.0%, original_price: 500.0, discounted_price: 400.0, trace_id=63466878-1bb3-4708-999b-413465b275a8
2026-08-17 17:33:42,951 - INFO - Request for orchestrate_order started, order_id=a0003e72-307f-45e0-ad8f-2c7494a89f73, trace_id=63466878-1bb3-4708-999b-413465b275a8
2026-08-17 17:33:42,956 - INFO - Inventory Reservation Service Called, req: {'order_id': 'a0003e72-307f-45e0-ad8f-2c7494a89f73', 'items': [{'sku': '4cc0770f-91bc-4c0d-a26f-7b872f02ca94', 'qty': 2}], 'atomic_update': True, 'delay': 0.0, 'drop': 0}, response_status: 200, response: {'order_id': 'a0003e72-307f-45e0-ad8f-2c7494a89f73', 'status': 'OUT_OF_STOCK', 'reason': 'Out of stock: 4cc0770f-91bc-4c0d-a26f-7b872f02ca94', 'total_input_tokens': 0, 'total_output_tokens': 0, 'total_llm_calls': 0} trace_id=63466878-1bb3-4708-999b-413465b275a8
2026-08-17 17:33:42,957 - INFO - Request for orchestrate_order completed, final_status:OUT_OF_STOCK,  trace_id=63466878-1bb3-4708-999b-413465b275a8
2026-08-17 17:33:42,965 - INFO - Request for checkout_cart, cart_id=c05f10f2-6200-4308-ad27-87dfcdc05290, user_id=None, trace_id=0a107cfd-7e23-46c0-b7b7-6075574686f9
2026-08-17 17:33:42,968 - INFO - Cart Service Called, request_cart_id: c05f10f2-6200-4308-ad27-87dfcdc05290, response_status: 200, trace_id=0a107cfd-7e23-46c0-b7b7-6075574686f9
2026-08-17 17:33:42,972 - INFO - HTTP Request: POST http://127.0.0.1:8002/price "HTTP/1.1 200 OK"
2026-08-17 17:33:42,972 - INFO - Pricing Service Called, req: {'items': [{'product_id': '4cc0770f-91bc-4c0d-a26f-7b872f02ca94', 'qty': 2}], 'promo_codes': [], 'only_final_price': True}, response_status: 200, trace_id=0a107cfd-7e23-46c0-b7b7-6075574686f9
2026-08-17 17:33:42,973 - INFO - Request for orchestrate_order started, order_id=ea7b39b7-bdfb-41d1-b147-456552f9f7df, trace_id=0a107cfd-7e23-46c0-b7b7-6075574686f9
2026-08-17 17:33:42,979 - INFO - Inventory Reservation Service Called, req: {'order_id': 'ea7b39b7-bdfb-41d1-b147-456552f9f7df', 'items': [{'sku': '4cc0770f-91bc-4c0d-a26f-7b872f02ca94', 'qty': 2}], 'atomic_update': True, 'delay': 0.0, 'drop': 0}, response_status: 200, response: {'order_id': 'ea7b39b7-bdfb-41d1-b147-456552f9f7df', 'status': 'OUT_OF_STOCK', 'reason': 'Out of stock: 4cc0770f-91bc-4c0d-a26f-7b872f02ca94', 'total_input_tokens': 0, 'total_output_tokens': 0, 'total_llm_calls': 0} trace_id=0a107cfd-7e23-46c0-b7b7-6075574686f9
2026-08-17 17:33:42,980 - INFO - Request for orchestrate_order completed, final_status:OUT_OF_STOCK,  trace_id=0a107cfd-7e23-46c0-b7b7-6075574686f9
2026-08-17 17:33:42,992 - INFO - Request for checkout_cart, cart_id=ef8e9f88-a4c1-4961-8724-8c404371168e, user_id=order_user_86, trace_id=6f7b6329-173f-4533-94c5-26157a062722
2026-08-17 17:33:42,999 - INFO - Cart Service Called, request_cart_id: ef8e9f88-a4c1-4961-8724-8c404371168e, response_status: 200, trace_id=6f7b6329-173f-4533-94c5-26157a062722
2026-08-17 17:33:43,008 - INFO - HTTP Request: POST http://127.0.0.1:8002/price "HTTP/1.1 200 OK"
2026-08-17 17:33:43,009 - INFO - Pricing Service Called, req: {'items': [{'product_id': '4cc0770f-91bc-4c0d-a26f-7b872f02ca94', 'qty': 2}], 'promo_codes': [], 'only_final_price': True}, response_status: 200, trace_id=6f7b6329-173f-4533-94c5-26157a062722
2026-08-17 17:33:43,015 - INFO - Subscription Service Called, user_id: order_user_86, response_status: 200, trace_id=6f7b6329-173f-4533-94c5-26157a062722
2026-08-17 17:33:43,015 - INFO - Applied subscription discount for user order_user_86, promo_code: SUMMER20, discount: 20.0%, original_price: 500.0, discounted_price: 400.0, trace_id=6f7b6329-173f-4533-94c5-26157a062722
2026-08-17 17:33:43,015 - INFO - Request for orchestrate_order started, order_id=fb7bcca3-ca5d-4535-ba6c-24bcdea9b9f9, trace_id=6f7b6329-173f-4533-94c5-26157a062722
2026-08-17 17:33:43,023 - INFO - Inventory Reservation Service Called, req: {'order_id': 'fb7bcca3-ca5d-4535-ba6c-24bcdea9b9f9', 'items': [{'sku': '4cc0770f-91bc-4c0d-a26f-7b872f02ca94', 'qty': 2}], 'atomic_update': True, 'delay': 0.0, 'drop': 0}, response_status: 200, response: {'order_id': 'fb7bcca3-ca5d-4535-ba6c-24bcdea9b9f9', 'status': 'OUT_OF_STOCK', 'reason': 'Out of stock: 4cc0770f-91bc-4c0d-a26f-7b872f02ca94', 'total_input_tokens': 0, 'total_output_tokens': 0, 'total_llm_calls': 0} trace_id=6f7b6329-173f-4533-94c5-26157a062722
2026-08-17 17:33:43,024 - INFO - Request for orchestrate_order completed, final_status:OUT_OF_STOCK,  trace_id=6f7b6329-173f-4533-94c5-26157a062722
2026-08-17 17:33:43,034 - INFO - Request for checkout_cart, cart_id=cf9edc14-8667-4484-a393-afd9af6c3a77, user_id=None, trace_id=7b6ee4be-0c86-454e-9886-3c0a6472c5ae
2026-08-17 17:33:43,038 - INFO - Cart Service Called, request_cart_id: cf9edc14-8667-4484-a393-afd9af6c3a77, response_status: 200, trace_id=7b6ee4be-0c86-454e-9886-3c0a6472c5ae
2026-08-17 17:33:43,042 - INFO - HTTP Request: POST http://127.0.0.1:8002/price "HTTP/1.1 200 OK"
2026-08-17 17:33:43,043 - INFO - Pricing Service Called, req: {'items': [{'product_id': '4cc0770f-91bc-4c0d-a26f-7b872f02ca94', 'qty': 2}], 'promo_codes': [], 'only_final_price': True}, response_status: 200, trace_id=7b6ee4be-0c86-454e-9886-3c0a6472c5ae
2026-08-17 17:33:43,043 - INFO - Request for orchestrate_order started, order_id=9143d265-5c79-4685-8300-3843e3014e59, trace_id=7b6ee4be-0c86-454e-9886-3c0a6472c5ae
2026-08-17 17:33:43,049 - INFO - Inventory Reservation Service Called, req: {'order_id': '9143d265-5c79-4685-8300-3843e3014e59', 'items': [{'sku': '4cc0770f-91bc-4c0d-a26f-7b872f02ca94', 'qty': 2}], 'atomic_update': True, 'delay': 0.0, 'drop': 0}, response_status: 200, response: {'order_id': '9143d265-5c79-4685-8300-3843e3014e59', 'status': 'OUT_OF_STOCK', 'reason': 'Out of stock: 4cc0770f-91bc-4c0d-a26f-7b872f02ca94', 'total_input_tokens': 0, 'total_output_tokens': 0, 'total_llm_calls': 0} trace_id=7b6ee4be-0c86-454e-9886-3c0a6472c5ae
2026-08-17 17:33:43,050 - INFO - Request for orchestrate_order completed, final_status:OUT_OF_STOCK,  trace_id=7b6ee4be-0c86-454e-9886-3c0a6472c5ae
2026-08-17 17:33:43,062 - INFO - Request for checkout_cart, cart_id=3139b90b-c6b5-4772-9c15-f0d8205bdfbf, user_id=order_user_87, trace_id=d015bbdf-9ded-4441-b1c6-94e9fd37d4ca
2026-08-17 17:33:43,066 - INFO - Cart Service Called, request_cart_id: 3139b90b-c6b5-4772-9c15-f0d8205bdfbf, response_status: 200, trace_id=d015bbdf-9ded-4441-b1c6-94e9fd37d4ca
2026-08-17 17:33:43,070 - INFO - HTTP Request: POST http://127.0.0.1:8002/price "HTTP/1.1 200 OK"
2026-08-17 17:33:43,070 - INFO - Pricing Service Called, req: {'items': [{'product_id': '4cc0770f-91bc-4c0d-a26f-7b872f02ca94', 'qty': 2}], 'promo_codes': [], 'only_final_price': True}, response_status: 200, trace_id=d015bbdf-9ded-4441-b1c6-94e9fd37d4ca
2026-08-17 17:33:43,074 - INFO - Subscription Service Called, user_id: order_user_87, response_status: 200, trace_id=d015bbdf-9ded-4441-b1c6-94e9fd37d4ca
2026-08-17 17:33:43,074 - INFO - Applied subscription discount for user order_user_87, promo_code: SUMMER20, discount: 20.0%, original_price: 500.0, discounted_price: 400.0, trace_id=d015bbdf-9ded-4441-b1c6-94e9fd37d4ca
2026-08-17 17:33:43,074 - INFO - Request for orchestrate_order started, order_id=fb0214c5-67fd-4fd1-bc3b-9f5796daeaeb, trace_id=d015bbdf-9ded-4441-b1c6-94e9fd37d4ca
2026-08-17 17:33:43,079 - INFO - Inventory Reservation Service Called, req: {'order_id': 'fb0214c5-67fd-4fd1-bc3b-9f5796daeaeb', 'items': [{'sku': '4cc0770f-91bc-4c0d-a26f-7b872f02ca94', 'qty': 2}], 'atomic_update': True, 'delay': 0.0, 'drop': 0}, response_status: 200, response: {'order_id': 'fb0214c5-67fd-4fd1-bc3b-9f5796daeaeb', 'status': 'OUT_OF_STOCK', 'reason': 'Out of stock: 4cc0770f-91bc-4c0d-a26f-7b872f02ca94', 'total_input_tokens': 0, 'total_output_tokens': 0, 'total_llm_calls': 0} trace_id=d015bbdf-9ded-4441-b1c6-94e9fd37d4ca
2026-08-17 17:33:43,080 - INFO - Request for orchestrate_order completed, final_status:OUT_OF_STOCK,  trace_id=d015bbdf-9ded-4441-b1c6-94e9fd37d4ca
2026-08-17 17:33:43,088 - INFO - Request for checkout_cart, cart_id=8fa65057-59bd-43b0-9bb2-8bc5bf67bf8f, user_id=None, trace_id=44d9aa38-ad22-49a2-aa5c-db80a0d4e56d
2026-08-17 17:33:43,092 - INFO - Cart Service Called, request_cart_id: 8fa65057-59bd-43b0-9bb2-8bc5bf67bf8f, response_status: 200, trace_id=44d9aa38-ad22-49a2-aa5c-db80a0d4e56d
2026-08-17 17:33:43,096 - INFO - HTTP Request: POST http://127.0.0.1:8002/price "HTTP/1.1 200 OK"
2026-08-17 17:33:43,097 - INFO - Pricing Service Called, req: {'items': [{'product_id': '4cc0770f-91bc-4c0d-a26f-7b872f02ca94', 'qty': 2}], 'promo_codes': [], 'only_final_price': True}, response_status: 200, trace_id=44d9aa38-ad22-49a2-aa5c-db80a0d4e56d
2026-08-17 17:33:43,097 - INFO - Request for orchestrate_order started, order_id=cab6987b-a724-4095-953b-99a9fb4ffa5a, trace_id=44d9aa38-ad22-49a2-aa5c-db80a0d4e56d
2026-08-17 17:33:43,102 - INFO - Inventory Reservation Service Called, req: {'order_id': 'cab6987b-a724-4095-953b-99a9fb4ffa5a', 'items': [{'sku': '4cc0770f-91bc-4c0d-a26f-7b872f02ca94', 'qty': 2}], 'atomic_update': True, 'delay': 0.0, 'drop': 0}, response_status: 200, response: {'order_id': 'cab6987b-a724-4095-953b-99a9fb4ffa5a', 'status': 'OUT_OF_STOCK', 'reason': 'Out of stock: 4cc0770f-91bc-4c0d-a26f-7b872f02ca94', 'total_input_tokens': 0, 'total_output_tokens': 0, 'total_llm_calls': 0} trace_id=44d9aa38-ad22-49a2-aa5c-db80a0d4e56d
2026-08-17 17:33:43,103 - INFO - Request for orchestrate_order completed, final_status:OUT_OF_STOCK,  trace_id=44d9aa38-ad22-49a2-aa5c-db80a0d4e56d
2026-08-17 17:33:43,118 - INFO - Request for checkout_cart, cart_id=b19bf98d-cbe5-4e5a-827e-1c19f107b8e1, user_id=order_user_88, trace_id=50e9d6de-b1ee-4e3e-bbd5-743c4ac7f782
2026-08-17 17:33:43,122 - INFO - Cart Service Called, request_cart_id: b19bf98d-cbe5-4e5a-827e-1c19f107b8e1, response_status: 200, trace_id=50e9d6de-b1ee-4e3e-bbd5-743c4ac7f782
2026-08-17 17:33:43,126 - INFO - HTTP Request: POST http://127.0.0.1:8002/price "HTTP/1.1 200 OK"
2026-08-17 17:33:43,126 - INFO - Pricing Service Called, req: {'items': [{'product_id': '4cc0770f-91bc-4c0d-a26f-7b872f02ca94', 'qty': 2}], 'promo_codes': [], 'only_final_price': True}, response_status: 200, trace_id=50e9d6de-b1ee-4e3e-bbd5-743c4ac7f782
2026-08-17 17:33:43,133 - INFO - Subscription Service Called, user_id: order_user_88, response_status: 200, trace_id=50e9d6de-b1ee-4e3e-bbd5-743c4ac7f782
2026-08-17 17:33:43,133 - INFO - Applied subscription discount for user order_user_88, promo_code: SUMMER20, discount: 20.0%, original_price: 500.0, discounted_price: 400.0, trace_id=50e9d6de-b1ee-4e3e-bbd5-743c4ac7f782
2026-08-17 17:33:43,133 - INFO - Request for orchestrate_order started, order_id=ca3f1b75-47c6-4c2f-9228-269c6e5eaed9, trace_id=50e9d6de-b1ee-4e3e-bbd5-743c4ac7f782
2026-08-17 17:33:43,139 - INFO - Inventory Reservation Service Called, req: {'order_id': 'ca3f1b75-47c6-4c2f-9228-269c6e5eaed9', 'items': [{'sku': '4cc0770f-91bc-4c0d-a26f-7b872f02ca94', 'qty': 2}], 'atomic_update': True, 'delay': 0.0, 'drop': 0}, response_status: 200, response: {'order_id': 'ca3f1b75-47c6-4c2f-9228-269c6e5eaed9', 'status': 'OUT_OF_STOCK', 'reason': 'Out of stock: 4cc0770f-91bc-4c0d-a26f-7b872f02ca94', 'total_input_tokens': 0, 'total_output_tokens': 0, 'total_llm_calls': 0} trace_id=50e9d6de-b1ee-4e3e-bbd5-743c4ac7f782
2026-08-17 17:33:43,140 - INFO - Request for orchestrate_order completed, final_status:OUT_OF_STOCK,  trace_id=50e9d6de-b1ee-4e3e-bbd5-743c4ac7f782
2026-08-17 17:33:43,154 - INFO - Request for checkout_cart, cart_id=4c0bc047-04bc-4533-b48e-abb4fa0292dc, user_id=None, trace_id=7e9cbdf0-9491-4b3f-88ff-53bd0dd87a31
2026-08-17 17:33:43,158 - INFO - Cart Service Called, request_cart_id: 4c0bc047-04bc-4533-b48e-abb4fa0292dc, response_status: 200, trace_id=7e9cbdf0-9491-4b3f-88ff-53bd0dd87a31
2026-08-17 17:33:43,166 - INFO - HTTP Request: POST http://127.0.0.1:8002/price "HTTP/1.1 200 OK"
2026-08-17 17:33:43,167 - INFO - Pricing Service Called, req: {'items': [{'product_id': '4cc0770f-91bc-4c0d-a26f-7b872f02ca94', 'qty': 2}], 'promo_codes': [], 'only_final_price': True}, response_status: 200, trace_id=7e9cbdf0-9491-4b3f-88ff-53bd0dd87a31
2026-08-17 17:33:43,167 - INFO - Request for orchestrate_order started, order_id=78499509-f9aa-4c5b-8017-0ede30bd18ed, trace_id=7e9cbdf0-9491-4b3f-88ff-53bd0dd87a31
2026-08-17 17:33:43,173 - INFO - Inventory Reservation Service Called, req: {'order_id': '78499509-f9aa-4c5b-8017-0ede30bd18ed', 'items': [{'sku': '4cc0770f-91bc-4c0d-a26f-7b872f02ca94', 'qty': 2}], 'atomic_update': True, 'delay': 0.0, 'drop': 0}, response_status: 200, response: {'order_id': '78499509-f9aa-4c5b-8017-0ede30bd18ed', 'status': 'OUT_OF_STOCK', 'reason': 'Out of stock: 4cc0770f-91bc-4c0d-a26f-7b872f02ca94', 'total_input_tokens': 0, 'total_output_tokens': 0, 'total_llm_calls': 0} trace_id=7e9cbdf0-9491-4b3f-88ff-53bd0dd87a31
2026-08-17 17:33:43,174 - INFO - Request for orchestrate_order completed, final_status:OUT_OF_STOCK,  trace_id=7e9cbdf0-9491-4b3f-88ff-53bd0dd87a31
2026-08-17 17:33:43,193 - INFO - Request for checkout_cart, cart_id=6fdbfb23-353d-4ced-95db-cd3bef386002, user_id=order_user_89, trace_id=e17889ad-3f88-4a71-9c2c-3621fc8e6529
2026-08-17 17:33:43,202 - INFO - Cart Service Called, request_cart_id: 6fdbfb23-353d-4ced-95db-cd3bef386002, response_status: 200, trace_id=e17889ad-3f88-4a71-9c2c-3621fc8e6529
2026-08-17 17:33:43,206 - INFO - HTTP Request: POST http://127.0.0.1:8002/price "HTTP/1.1 200 OK"
2026-08-17 17:33:43,207 - INFO - Pricing Service Called, req: {'items': [{'product_id': '4cc0770f-91bc-4c0d-a26f-7b872f02ca94', 'qty': 2}], 'promo_codes': [], 'only_final_price': True}, response_status: 200, trace_id=e17889ad-3f88-4a71-9c2c-3621fc8e6529
2026-08-17 17:33:43,212 - INFO - Subscription Service Called, user_id: order_user_89, response_status: 200, trace_id=e17889ad-3f88-4a71-9c2c-3621fc8e6529
2026-08-17 17:33:43,213 - INFO - Applied subscription discount for user order_user_89, promo_code: SUMMER20, discount: 20.0%, original_price: 500.0, discounted_price: 400.0, trace_id=e17889ad-3f88-4a71-9c2c-3621fc8e6529
2026-08-17 17:33:43,213 - INFO - Request for orchestrate_order started, order_id=b64e8042-b05c-4225-a30c-17daf15a01ff, trace_id=e17889ad-3f88-4a71-9c2c-3621fc8e6529
2026-08-17 17:33:43,226 - INFO - Inventory Reservation Service Called, req: {'order_id': 'b64e8042-b05c-4225-a30c-17daf15a01ff', 'items': [{'sku': '4cc0770f-91bc-4c0d-a26f-7b872f02ca94', 'qty': 2}], 'atomic_update': True, 'delay': 0.0, 'drop': 0}, response_status: 200, response: {'order_id': 'b64e8042-b05c-4225-a30c-17daf15a01ff', 'status': 'OUT_OF_STOCK', 'reason': 'Out of stock: 4cc0770f-91bc-4c0d-a26f-7b872f02ca94', 'total_input_tokens': 0, 'total_output_tokens': 0, 'total_llm_calls': 0} trace_id=e17889ad-3f88-4a71-9c2c-3621fc8e6529
2026-08-17 17:33:43,229 - INFO - Request for orchestrate_order completed, final_status:OUT_OF_STOCK,  trace_id=e17889ad-3f88-4a71-9c2c-3621fc8e6529
2026-08-17 17:33:43,242 - INFO - Request for checkout_cart, cart_id=0e817c7b-8a69-4fdb-a45c-30ef031883b8, user_id=None, trace_id=143d1a99-eae0-4009-8187-9ea5d6ca3f98
2026-08-17 17:33:43,254 - INFO - Cart Service Called, request_cart_id: 0e817c7b-8a69-4fdb-a45c-30ef031883b8, response_status: 200, trace_id=143d1a99-eae0-4009-8187-9ea5d6ca3f98
2026-08-17 17:33:43,258 - INFO - HTTP Request: POST http://127.0.0.1:8002/price "HTTP/1.1 200 OK"
2026-08-17 17:33:43,259 - INFO - Pricing Service Called, req: {'items': [{'product_id': '4cc0770f-91bc-4c0d-a26f-7b872f02ca94', 'qty': 2}], 'promo_codes': [], 'only_final_price': True}, response_status: 200, trace_id=143d1a99-eae0-4009-8187-9ea5d6ca3f98
2026-08-17 17:33:43,259 - INFO - Request for orchestrate_order started, order_id=de0a6fda-d0aa-4399-87dd-66c869838187, trace_id=143d1a99-eae0-4009-8187-9ea5d6ca3f98
2026-08-17 17:33:43,270 - INFO - Inventory Reservation Service Called, req: {'order_id': 'de0a6fda-d0aa-4399-87dd-66c869838187', 'items': [{'sku': '4cc0770f-91bc-4c0d-a26f-7b872f02ca94', 'qty': 2}], 'atomic_update': True, 'delay': 0.0, 'drop': 0}, response_status: 200, response: {'order_id': 'de0a6fda-d0aa-4399-87dd-66c869838187', 'status': 'OUT_OF_STOCK', 'reason': 'Out of stock: 4cc0770f-91bc-4c0d-a26f-7b872f02ca94', 'total_input_tokens': 0, 'total_output_tokens': 0, 'total_llm_calls': 0} trace_id=143d1a99-eae0-4009-8187-9ea5d6ca3f98
2026-08-17 17:33:43,271 - INFO - Request for orchestrate_order completed, final_status:OUT_OF_STOCK,  trace_id=143d1a99-eae0-4009-8187-9ea5d6ca3f98
2026-08-17 17:33:43,288 - INFO - Request for checkout_cart, cart_id=3806af88-0ead-46f5-9c4e-d967826a9b10, user_id=order_user_90, trace_id=ce328f58-afe9-49ba-817f-5af6ac5f524e
2026-08-17 17:33:43,292 - INFO - Cart Service Called, request_cart_id: 3806af88-0ead-46f5-9c4e-d967826a9b10, response_status: 200, trace_id=ce328f58-afe9-49ba-817f-5af6ac5f524e
2026-08-17 17:33:43,299 - INFO - HTTP Request: POST http://127.0.0.1:8002/price "HTTP/1.1 200 OK"
2026-08-17 17:33:43,300 - INFO - Pricing Service Called, req: {'items': [{'product_id': '4cc0770f-91bc-4c0d-a26f-7b872f02ca94', 'qty': 2}], 'promo_codes': [], 'only_final_price': True}, response_status: 200, trace_id=ce328f58-afe9-49ba-817f-5af6ac5f524e
2026-08-17 17:33:43,306 - INFO - Subscription Service Called, user_id: order_user_90, response_status: 200, trace_id=ce328f58-afe9-49ba-817f-5af6ac5f524e
2026-08-17 17:33:43,306 - INFO - Applied subscription discount for user order_user_90, promo_code: SUMMER20, discount: 20.0%, original_price: 500.0, discounted_price: 400.0, trace_id=ce328f58-afe9-49ba-817f-5af6ac5f524e
2026-08-17 17:33:43,307 - INFO - Request for orchestrate_order started, order_id=d52afdef-9326-466e-93bb-57c669dd0768, trace_id=ce328f58-afe9-49ba-817f-5af6ac5f524e
2026-08-17 17:33:43,316 - INFO - Inventory Reservation Service Called, req: {'order_id': 'd52afdef-9326-466e-93bb-57c669dd0768', 'items': [{'sku': '4cc0770f-91bc-4c0d-a26f-7b872f02ca94', 'qty': 2}], 'atomic_update': True, 'delay': 0.0, 'drop': 0}, response_status: 200, response: {'order_id': 'd52afdef-9326-466e-93bb-57c669dd0768', 'status': 'OUT_OF_STOCK', 'reason': 'Out of stock: 4cc0770f-91bc-4c0d-a26f-7b872f02ca94', 'total_input_tokens': 0, 'total_output_tokens': 0, 'total_llm_calls': 0} trace_id=ce328f58-afe9-49ba-817f-5af6ac5f524e
2026-08-17 17:33:43,318 - INFO - Request for orchestrate_order completed, final_status:OUT_OF_STOCK,  trace_id=ce328f58-afe9-49ba-817f-5af6ac5f524e
2026-08-17 17:33:43,329 - INFO - Request for checkout_cart, cart_id=9eb3b087-c8df-4897-bf41-27115a1cc6e7, user_id=None, trace_id=162bd685-2941-4a51-b19d-cd9e9c9ec787
2026-08-17 17:33:43,336 - INFO - Cart Service Called, request_cart_id: 9eb3b087-c8df-4897-bf41-27115a1cc6e7, response_status: 200, trace_id=162bd685-2941-4a51-b19d-cd9e9c9ec787
2026-08-17 17:33:43,340 - INFO - HTTP Request: POST http://127.0.0.1:8002/price "HTTP/1.1 200 OK"
2026-08-17 17:33:43,340 - INFO - Pricing Service Called, req: {'items': [{'product_id': '4cc0770f-91bc-4c0d-a26f-7b872f02ca94', 'qty': 2}], 'promo_codes': [], 'only_final_price': True}, response_status: 200, trace_id=162bd685-2941-4a51-b19d-cd9e9c9ec787
2026-08-17 17:33:43,341 - INFO - Request for orchestrate_order started, order_id=09ad1aed-0fba-415b-889d-0d7cf266eda0, trace_id=162bd685-2941-4a51-b19d-cd9e9c9ec787
2026-08-17 17:33:43,348 - INFO - Inventory Reservation Service Called, req: {'order_id': '09ad1aed-0fba-415b-889d-0d7cf266eda0', 'items': [{'sku': '4cc0770f-91bc-4c0d-a26f-7b872f02ca94', 'qty': 2}], 'atomic_update': True, 'delay': 0.0, 'drop': 0}, response_status: 200, response: {'order_id': '09ad1aed-0fba-415b-889d-0d7cf266eda0', 'status': 'OUT_OF_STOCK', 'reason': 'Out of stock: 4cc0770f-91bc-4c0d-a26f-7b872f02ca94', 'total_input_tokens': 0, 'total_output_tokens': 0, 'total_llm_calls': 0} trace_id=162bd685-2941-4a51-b19d-cd9e9c9ec787
2026-08-17 17:33:43,350 - INFO - Request for orchestrate_order completed, final_status:OUT_OF_STOCK,  trace_id=162bd685-2941-4a51-b19d-cd9e9c9ec787
2026-08-17 17:33:43,370 - INFO - Request for checkout_cart, cart_id=6eedad45-a810-42e0-85b6-9bef6c0c549e, user_id=order_user_91, trace_id=ad603350-8d27-44d3-9740-fb7738e4186a
2026-08-17 17:33:43,374 - INFO - Cart Service Called, request_cart_id: 6eedad45-a810-42e0-85b6-9bef6c0c549e, response_status: 200, trace_id=ad603350-8d27-44d3-9740-fb7738e4186a
2026-08-17 17:33:43,380 - INFO - HTTP Request: POST http://127.0.0.1:8002/price "HTTP/1.1 200 OK"
2026-08-17 17:33:43,381 - INFO - Pricing Service Called, req: {'items': [{'product_id': '4cc0770f-91bc-4c0d-a26f-7b872f02ca94', 'qty': 2}], 'promo_codes': [], 'only_final_price': True}, response_status: 200, trace_id=ad603350-8d27-44d3-9740-fb7738e4186a
2026-08-17 17:33:43,387 - INFO - Subscription Service Called, user_id: order_user_91, response_status: 200, trace_id=ad603350-8d27-44d3-9740-fb7738e4186a
2026-08-17 17:33:43,387 - INFO - Applied subscription discount for user order_user_91, promo_code: SUMMER20, discount: 20.0%, original_price: 500.0, discounted_price: 400.0, trace_id=ad603350-8d27-44d3-9740-fb7738e4186a
2026-08-17 17:33:43,387 - INFO - Request for orchestrate_order started, order_id=b17e6404-a0a3-4775-8473-df4e64bb81f6, trace_id=ad603350-8d27-44d3-9740-fb7738e4186a
2026-08-17 17:33:43,392 - INFO - Inventory Reservation Service Called, req: {'order_id': 'b17e6404-a0a3-4775-8473-df4e64bb81f6', 'items': [{'sku': '4cc0770f-91bc-4c0d-a26f-7b872f02ca94', 'qty': 2}], 'atomic_update': True, 'delay': 0.0, 'drop': 0}, response_status: 200, response: {'order_id': 'b17e6404-a0a3-4775-8473-df4e64bb81f6', 'status': 'OUT_OF_STOCK', 'reason': 'Out of stock: 4cc0770f-91bc-4c0d-a26f-7b872f02ca94', 'total_input_tokens': 0, 'total_output_tokens': 0, 'total_llm_calls': 0} trace_id=ad603350-8d27-44d3-9740-fb7738e4186a
2026-08-17 17:33:43,393 - INFO - Request for orchestrate_order completed, final_status:OUT_OF_STOCK,  trace_id=ad603350-8d27-44d3-9740-fb7738e4186a
2026-08-17 17:33:43,405 - INFO - Request for checkout_cart, cart_id=3458d3ba-ae10-4ea1-9f0d-6edb7ae9bb52, user_id=None, trace_id=43175c7f-68c8-4c55-aa5f-f611df335380
2026-08-17 17:33:43,410 - INFO - Cart Service Called, request_cart_id: 3458d3ba-ae10-4ea1-9f0d-6edb7ae9bb52, response_status: 200, trace_id=43175c7f-68c8-4c55-aa5f-f611df335380
2026-08-17 17:33:43,419 - INFO - HTTP Request: POST http://127.0.0.1:8002/price "HTTP/1.1 200 OK"
2026-08-17 17:33:43,420 - INFO - Pricing Service Called, req: {'items': [{'product_id': '4cc0770f-91bc-4c0d-a26f-7b872f02ca94', 'qty': 2}], 'promo_codes': [], 'only_final_price': True}, response_status: 200, trace_id=43175c7f-68c8-4c55-aa5f-f611df335380
2026-08-17 17:33:43,420 - INFO - Request for orchestrate_order started, order_id=e1cf04a7-23c1-4bbe-873e-79c0bccf02e2, trace_id=43175c7f-68c8-4c55-aa5f-f611df335380
2026-08-17 17:33:43,426 - INFO - Inventory Reservation Service Called, req: {'order_id': 'e1cf04a7-23c1-4bbe-873e-79c0bccf02e2', 'items': [{'sku': '4cc0770f-91bc-4c0d-a26f-7b872f02ca94', 'qty': 2}], 'atomic_update': True, 'delay': 0.0, 'drop': 0}, response_status: 200, response: {'order_id': 'e1cf04a7-23c1-4bbe-873e-79c0bccf02e2', 'status': 'OUT_OF_STOCK', 'reason': 'Out of stock: 4cc0770f-91bc-4c0d-a26f-7b872f02ca94', 'total_input_tokens': 0, 'total_output_tokens': 0, 'total_llm_calls': 0} trace_id=43175c7f-68c8-4c55-aa5f-f611df335380
2026-08-17 17:33:43,427 - INFO - Request for orchestrate_order completed, final_status:OUT_OF_STOCK,  trace_id=43175c7f-68c8-4c55-aa5f-f611df335380
2026-08-17 17:33:43,443 - INFO - Request for checkout_cart, cart_id=5d02eff9-5023-41be-aa12-a935469649fd, user_id=order_user_92, trace_id=a22cf77c-5619-4646-bf9e-9fac105ef9d1
2026-08-17 17:33:43,450 - INFO - Cart Service Called, request_cart_id: 5d02eff9-5023-41be-aa12-a935469649fd, response_status: 200, trace_id=a22cf77c-5619-4646-bf9e-9fac105ef9d1
2026-08-17 17:33:43,454 - INFO - HTTP Request: POST http://127.0.0.1:8002/price "HTTP/1.1 200 OK"
2026-08-17 17:33:43,455 - INFO - Pricing Service Called, req: {'items': [{'product_id': '4cc0770f-91bc-4c0d-a26f-7b872f02ca94', 'qty': 2}], 'promo_codes': [], 'only_final_price': True}, response_status: 200, trace_id=a22cf77c-5619-4646-bf9e-9fac105ef9d1
2026-08-17 17:33:43,459 - INFO - Subscription Service Called, user_id: order_user_92, response_status: 200, trace_id=a22cf77c-5619-4646-bf9e-9fac105ef9d1
2026-08-17 17:33:43,459 - INFO - Applied subscription discount for user order_user_92, promo_code: SUMMER20, discount: 20.0%, original_price: 500.0, discounted_price: 400.0, trace_id=a22cf77c-5619-4646-bf9e-9fac105ef9d1
2026-08-17 17:33:43,459 - INFO - Request for orchestrate_order started, order_id=66eb1209-5f54-42cd-933d-df3dcda339fb, trace_id=a22cf77c-5619-4646-bf9e-9fac105ef9d1
2026-08-17 17:33:43,468 - INFO - Inventory Reservation Service Called, req: {'order_id': '66eb1209-5f54-42cd-933d-df3dcda339fb', 'items': [{'sku': '4cc0770f-91bc-4c0d-a26f-7b872f02ca94', 'qty': 2}], 'atomic_update': True, 'delay': 0.0, 'drop': 0}, response_status: 200, response: {'order_id': '66eb1209-5f54-42cd-933d-df3dcda339fb', 'status': 'OUT_OF_STOCK', 'reason': 'Out of stock: 4cc0770f-91bc-4c0d-a26f-7b872f02ca94', 'total_input_tokens': 0, 'total_output_tokens': 0, 'total_llm_calls': 0} trace_id=a22cf77c-5619-4646-bf9e-9fac105ef9d1
2026-08-17 17:33:43,469 - INFO - Request for orchestrate_order completed, final_status:OUT_OF_STOCK,  trace_id=a22cf77c-5619-4646-bf9e-9fac105ef9d1
2026-08-17 17:33:43,478 - INFO - Request for checkout_cart, cart_id=4b0534fe-e1f7-47ea-9dc2-4b61df9a0b36, user_id=None, trace_id=7211d8ff-b83e-4dba-b899-4a0982317ecf
2026-08-17 17:33:43,486 - INFO - Cart Service Called, request_cart_id: 4b0534fe-e1f7-47ea-9dc2-4b61df9a0b36, response_status: 200, trace_id=7211d8ff-b83e-4dba-b899-4a0982317ecf
2026-08-17 17:33:43,490 - INFO - HTTP Request: POST http://127.0.0.1:8002/price "HTTP/1.1 200 OK"
2026-08-17 17:33:43,491 - INFO - Pricing Service Called, req: {'items': [{'product_id': '4cc0770f-91bc-4c0d-a26f-7b872f02ca94', 'qty': 2}], 'promo_codes': [], 'only_final_price': True}, response_status: 200, trace_id=7211d8ff-b83e-4dba-b899-4a0982317ecf
2026-08-17 17:33:43,491 - INFO - Request for orchestrate_order started, order_id=6380ec25-8b4e-46ed-afd4-54805f087712, trace_id=7211d8ff-b83e-4dba-b899-4a0982317ecf
2026-08-17 17:33:43,499 - INFO - Inventory Reservation Service Called, req: {'order_id': '6380ec25-8b4e-46ed-afd4-54805f087712', 'items': [{'sku': '4cc0770f-91bc-4c0d-a26f-7b872f02ca94', 'qty': 2}], 'atomic_update': True, 'delay': 0.0, 'drop': 0}, response_status: 200, response: {'order_id': '6380ec25-8b4e-46ed-afd4-54805f087712', 'status': 'OUT_OF_STOCK', 'reason': 'Out of stock: 4cc0770f-91bc-4c0d-a26f-7b872f02ca94', 'total_input_tokens': 0, 'total_output_tokens': 0, 'total_llm_calls': 0} trace_id=7211d8ff-b83e-4dba-b899-4a0982317ecf
2026-08-17 17:33:43,501 - INFO - Request for orchestrate_order completed, final_status:OUT_OF_STOCK,  trace_id=7211d8ff-b83e-4dba-b899-4a0982317ecf
2026-08-17 17:33:43,517 - INFO - Request for checkout_cart, cart_id=32f48e8d-400d-4668-9fa5-994035d3b35d, user_id=order_user_93, trace_id=9f074cfa-a058-485b-923e-89a84c15884e
2026-08-17 17:33:43,523 - INFO - Cart Service Called, request_cart_id: 32f48e8d-400d-4668-9fa5-994035d3b35d, response_status: 200, trace_id=9f074cfa-a058-485b-923e-89a84c15884e
2026-08-17 17:33:43,530 - INFO - HTTP Request: POST http://127.0.0.1:8002/price "HTTP/1.1 200 OK"
2026-08-17 17:33:43,530 - INFO - Pricing Service Called, req: {'items': [{'product_id': '4cc0770f-91bc-4c0d-a26f-7b872f02ca94', 'qty': 2}], 'promo_codes': [], 'only_final_price': True}, response_status: 200, trace_id=9f074cfa-a058-485b-923e-89a84c15884e
2026-08-17 17:33:43,537 - INFO - Subscription Service Called, user_id: order_user_93, response_status: 200, trace_id=9f074cfa-a058-485b-923e-89a84c15884e
2026-08-17 17:33:43,537 - INFO - Applied subscription discount for user order_user_93, promo_code: SUMMER20, discount: 20.0%, original_price: 500.0, discounted_price: 400.0, trace_id=9f074cfa-a058-485b-923e-89a84c15884e
2026-08-17 17:33:43,537 - INFO - Request for orchestrate_order started, order_id=1bc09a26-14bd-4ead-82a4-ada0e7b62fff, trace_id=9f074cfa-a058-485b-923e-89a84c15884e
2026-08-17 17:33:43,542 - INFO - Inventory Reservation Service Called, req: {'order_id': '1bc09a26-14bd-4ead-82a4-ada0e7b62fff', 'items': [{'sku': '4cc0770f-91bc-4c0d-a26f-7b872f02ca94', 'qty': 2}], 'atomic_update': True, 'delay': 0.0, 'drop': 0}, response_status: 200, response: {'order_id': '1bc09a26-14bd-4ead-82a4-ada0e7b62fff', 'status': 'OUT_OF_STOCK', 'reason': 'Out of stock: 4cc0770f-91bc-4c0d-a26f-7b872f02ca94', 'total_input_tokens': 0, 'total_output_tokens': 0, 'total_llm_calls': 0} trace_id=9f074cfa-a058-485b-923e-89a84c15884e
2026-08-17 17:33:43,543 - INFO - Request for orchestrate_order completed, final_status:OUT_OF_STOCK,  trace_id=9f074cfa-a058-485b-923e-89a84c15884e
2026-08-17 17:33:43,555 - INFO - Request for checkout_cart, cart_id=2186ac22-6f9b-446f-b5fb-625a6d9fc051, user_id=None, trace_id=4c9fb3d6-9588-4ea2-9b9e-93e948e06216
2026-08-17 17:33:43,558 - INFO - Cart Service Called, request_cart_id: 2186ac22-6f9b-446f-b5fb-625a6d9fc051, response_status: 200, trace_id=4c9fb3d6-9588-4ea2-9b9e-93e948e06216
2026-08-17 17:33:43,566 - INFO - HTTP Request: POST http://127.0.0.1:8002/price "HTTP/1.1 200 OK"
2026-08-17 17:33:43,566 - INFO - Pricing Service Called, req: {'items': [{'product_id': '4cc0770f-91bc-4c0d-a26f-7b872f02ca94', 'qty': 2}], 'promo_codes': [], 'only_final_price': True}, response_status: 200, trace_id=4c9fb3d6-9588-4ea2-9b9e-93e948e06216
2026-08-17 17:33:43,567 - INFO - Request for orchestrate_order started, order_id=ae27a735-42ce-41b3-9e9e-a3862f5af90b, trace_id=4c9fb3d6-9588-4ea2-9b9e-93e948e06216
2026-08-17 17:33:43,572 - INFO - Inventory Reservation Service Called, req: {'order_id': 'ae27a735-42ce-41b3-9e9e-a3862f5af90b', 'items': [{'sku': '4cc0770f-91bc-4c0d-a26f-7b872f02ca94', 'qty': 2}], 'atomic_update': True, 'delay': 0.0, 'drop': 0}, response_status: 200, response: {'order_id': 'ae27a735-42ce-41b3-9e9e-a3862f5af90b', 'status': 'OUT_OF_STOCK', 'reason': 'Out of stock: 4cc0770f-91bc-4c0d-a26f-7b872f02ca94', 'total_input_tokens': 0, 'total_output_tokens': 0, 'total_llm_calls': 0} trace_id=4c9fb3d6-9588-4ea2-9b9e-93e948e06216
2026-08-17 17:33:43,573 - INFO - Request for orchestrate_order completed, final_status:OUT_OF_STOCK,  trace_id=4c9fb3d6-9588-4ea2-9b9e-93e948e06216
2026-08-17 17:33:43,589 - INFO - Request for checkout_cart, cart_id=aecf59bd-5fa2-49c2-9656-96e879ea8876, user_id=order_user_94, trace_id=f6f42677-a816-46d0-878e-4e6d3c1db1ea
2026-08-17 17:33:43,593 - INFO - Cart Service Called, request_cart_id: aecf59bd-5fa2-49c2-9656-96e879ea8876, response_status: 200, trace_id=f6f42677-a816-46d0-878e-4e6d3c1db1ea
2026-08-17 17:33:43,601 - INFO - HTTP Request: POST http://127.0.0.1:8002/price "HTTP/1.1 200 OK"
2026-08-17 17:33:43,602 - INFO - Pricing Service Called, req: {'items': [{'product_id': '4cc0770f-91bc-4c0d-a26f-7b872f02ca94', 'qty': 2}], 'promo_codes': [], 'only_final_price': True}, response_status: 200, trace_id=f6f42677-a816-46d0-878e-4e6d3c1db1ea
2026-08-17 17:33:43,606 - INFO - Subscription Service Called, user_id: order_user_94, response_status: 200, trace_id=f6f42677-a816-46d0-878e-4e6d3c1db1ea
2026-08-17 17:33:43,606 - INFO - Applied subscription discount for user order_user_94, promo_code: SUMMER20, discount: 20.0%, original_price: 500.0, discounted_price: 400.0, trace_id=f6f42677-a816-46d0-878e-4e6d3c1db1ea
2026-08-17 17:33:43,606 - INFO - Request for orchestrate_order started, order_id=335c2651-5a1e-40f8-93cb-44b0e37481f8, trace_id=f6f42677-a816-46d0-878e-4e6d3c1db1ea
2026-08-17 17:33:43,613 - INFO - Inventory Reservation Service Called, req: {'order_id': '335c2651-5a1e-40f8-93cb-44b0e37481f8', 'items': [{'sku': '4cc0770f-91bc-4c0d-a26f-7b872f02ca94', 'qty': 2}], 'atomic_update': True, 'delay': 0.0, 'drop': 0}, response_status: 200, response: {'order_id': '335c2651-5a1e-40f8-93cb-44b0e37481f8', 'status': 'OUT_OF_STOCK', 'reason': 'Out of stock: 4cc0770f-91bc-4c0d-a26f-7b872f02ca94', 'total_input_tokens': 0, 'total_output_tokens': 0, 'total_llm_calls': 0} trace_id=f6f42677-a816-46d0-878e-4e6d3c1db1ea
2026-08-17 17:33:43,617 - INFO - Request for orchestrate_order completed, final_status:OUT_OF_STOCK,  trace_id=f6f42677-a816-46d0-878e-4e6d3c1db1ea
2026-08-17 17:33:43,625 - INFO - Request for checkout_cart, cart_id=2eb4d9c8-0970-47d1-947b-1503f8d90db3, user_id=None, trace_id=6f036d50-0e4d-412d-a3ba-461042698e03
2026-08-17 17:33:43,633 - INFO - Cart Service Called, request_cart_id: 2eb4d9c8-0970-47d1-947b-1503f8d90db3, response_status: 200, trace_id=6f036d50-0e4d-412d-a3ba-461042698e03
2026-08-17 17:33:43,637 - INFO - HTTP Request: POST http://127.0.0.1:8002/price "HTTP/1.1 200 OK"
2026-08-17 17:33:43,638 - INFO - Pricing Service Called, req: {'items': [{'product_id': '4cc0770f-91bc-4c0d-a26f-7b872f02ca94', 'qty': 2}], 'promo_codes': [], 'only_final_price': True}, response_status: 200, trace_id=6f036d50-0e4d-412d-a3ba-461042698e03
2026-08-17 17:33:43,638 - INFO - Request for orchestrate_order started, order_id=5778c8a5-b71e-4620-8edd-5a5d7703c4c7, trace_id=6f036d50-0e4d-412d-a3ba-461042698e03
2026-08-17 17:33:43,643 - INFO - Inventory Reservation Service Called, req: {'order_id': '5778c8a5-b71e-4620-8edd-5a5d7703c4c7', 'items': [{'sku': '4cc0770f-91bc-4c0d-a26f-7b872f02ca94', 'qty': 2}], 'atomic_update': True, 'delay': 0.0, 'drop': 0}, response_status: 200, response: {'order_id': '5778c8a5-b71e-4620-8edd-5a5d7703c4c7', 'status': 'OUT_OF_STOCK', 'reason': 'Out of stock: 4cc0770f-91bc-4c0d-a26f-7b872f02ca94', 'total_input_tokens': 0, 'total_output_tokens': 0, 'total_llm_calls': 0} trace_id=6f036d50-0e4d-412d-a3ba-461042698e03
2026-08-17 17:33:43,646 - INFO - Request for orchestrate_order completed, final_status:OUT_OF_STOCK,  trace_id=6f036d50-0e4d-412d-a3ba-461042698e03
2026-08-17 17:33:43,663 - INFO - Request for checkout_cart, cart_id=8836dc03-3ec2-4bcf-b127-356adab7d0de, user_id=order_user_95, trace_id=b0e845bc-b8a1-4617-8874-73a1d2d11949
2026-08-17 17:33:43,670 - INFO - Cart Service Called, request_cart_id: 8836dc03-3ec2-4bcf-b127-356adab7d0de, response_status: 200, trace_id=b0e845bc-b8a1-4617-8874-73a1d2d11949
2026-08-17 17:33:43,673 - INFO - HTTP Request: POST http://127.0.0.1:8002/price "HTTP/1.1 200 OK"
2026-08-17 17:33:43,674 - INFO - Pricing Service Called, req: {'items': [{'product_id': '4cc0770f-91bc-4c0d-a26f-7b872f02ca94', 'qty': 2}], 'promo_codes': [], 'only_final_price': True}, response_status: 200, trace_id=b0e845bc-b8a1-4617-8874-73a1d2d11949
2026-08-17 17:33:43,679 - INFO - Subscription Service Called, user_id: order_user_95, response_status: 200, trace_id=b0e845bc-b8a1-4617-8874-73a1d2d11949
2026-08-17 17:33:43,679 - INFO - Applied subscription discount for user order_user_95, promo_code: SUMMER20, discount: 20.0%, original_price: 500.0, discounted_price: 400.0, trace_id=b0e845bc-b8a1-4617-8874-73a1d2d11949
2026-08-17 17:33:43,679 - INFO - Request for orchestrate_order started, order_id=05e9ffe9-cbfb-4d58-b80d-663ae33414a5, trace_id=b0e845bc-b8a1-4617-8874-73a1d2d11949
2026-08-17 17:33:43,687 - INFO - Inventory Reservation Service Called, req: {'order_id': '05e9ffe9-cbfb-4d58-b80d-663ae33414a5', 'items': [{'sku': '4cc0770f-91bc-4c0d-a26f-7b872f02ca94', 'qty': 2}], 'atomic_update': True, 'delay': 0.0, 'drop': 0}, response_status: 200, response: {'order_id': '05e9ffe9-cbfb-4d58-b80d-663ae33414a5', 'status': 'OUT_OF_STOCK', 'reason': 'Out of stock: 4cc0770f-91bc-4c0d-a26f-7b872f02ca94', 'total_input_tokens': 0, 'total_output_tokens': 0, 'total_llm_calls': 0} trace_id=b0e845bc-b8a1-4617-8874-73a1d2d11949
2026-08-17 17:33:43,688 - INFO - Request for orchestrate_order completed, final_status:OUT_OF_STOCK,  trace_id=b0e845bc-b8a1-4617-8874-73a1d2d11949
2026-08-17 17:33:43,699 - INFO - Request for checkout_cart, cart_id=a32a4cc1-4b76-41c7-b7a0-a4605e7dc872, user_id=None, trace_id=af6bd182-ce87-4fa4-a40f-b084d4a0be36
2026-08-17 17:33:43,705 - INFO - Cart Service Called, request_cart_id: a32a4cc1-4b76-41c7-b7a0-a4605e7dc872, response_status: 200, trace_id=af6bd182-ce87-4fa4-a40f-b084d4a0be36
2026-08-17 17:33:43,710 - INFO - HTTP Request: POST http://127.0.0.1:8002/price "HTTP/1.1 200 OK"
2026-08-17 17:33:43,711 - INFO - Pricing Service Called, req: {'items': [{'product_id': '4cc0770f-91bc-4c0d-a26f-7b872f02ca94', 'qty': 2}], 'promo_codes': [], 'only_final_price': True}, response_status: 200, trace_id=af6bd182-ce87-4fa4-a40f-b084d4a0be36
2026-08-17 17:33:43,711 - INFO - Request for orchestrate_order started, order_id=05af29eb-b63f-4aaa-8cdd-d7ed709ef50d, trace_id=af6bd182-ce87-4fa4-a40f-b084d4a0be36
2026-08-17 17:33:43,723 - INFO - Inventory Reservation Service Called, req: {'order_id': '05af29eb-b63f-4aaa-8cdd-d7ed709ef50d', 'items': [{'sku': '4cc0770f-91bc-4c0d-a26f-7b872f02ca94', 'qty': 2}], 'atomic_update': True, 'delay': 0.0, 'drop': 0}, response_status: 200, response: {'order_id': '05af29eb-b63f-4aaa-8cdd-d7ed709ef50d', 'status': 'OUT_OF_STOCK', 'reason': 'Out of stock: 4cc0770f-91bc-4c0d-a26f-7b872f02ca94', 'total_input_tokens': 0, 'total_output_tokens': 0, 'total_llm_calls': 0} trace_id=af6bd182-ce87-4fa4-a40f-b084d4a0be36
2026-08-17 17:33:43,724 - INFO - Request for orchestrate_order completed, final_status:OUT_OF_STOCK,  trace_id=af6bd182-ce87-4fa4-a40f-b084d4a0be36
2026-08-17 17:33:43,745 - INFO - Request for checkout_cart, cart_id=4a55911d-87f8-4d19-8c2a-3a5391d6a501, user_id=order_user_96, trace_id=58ed32c1-342f-4cb7-8354-df36b6a45576
2026-08-17 17:33:43,752 - INFO - Cart Service Called, request_cart_id: 4a55911d-87f8-4d19-8c2a-3a5391d6a501, response_status: 200, trace_id=58ed32c1-342f-4cb7-8354-df36b6a45576
2026-08-17 17:33:43,757 - INFO - HTTP Request: POST http://127.0.0.1:8002/price "HTTP/1.1 200 OK"
2026-08-17 17:33:43,757 - INFO - Pricing Service Called, req: {'items': [{'product_id': '4cc0770f-91bc-4c0d-a26f-7b872f02ca94', 'qty': 2}], 'promo_codes': [], 'only_final_price': True}, response_status: 200, trace_id=58ed32c1-342f-4cb7-8354-df36b6a45576
2026-08-17 17:33:43,763 - INFO - Subscription Service Called, user_id: order_user_96, response_status: 200, trace_id=58ed32c1-342f-4cb7-8354-df36b6a45576
2026-08-17 17:33:43,763 - INFO - Applied subscription discount for user order_user_96, promo_code: SUMMER20, discount: 20.0%, original_price: 500.0, discounted_price: 400.0, trace_id=58ed32c1-342f-4cb7-8354-df36b6a45576
2026-08-17 17:33:43,763 - INFO - Request for orchestrate_order started, order_id=5d8bdbb7-8415-43c0-acff-e941ad93afca, trace_id=58ed32c1-342f-4cb7-8354-df36b6a45576
2026-08-17 17:33:43,772 - INFO - Inventory Reservation Service Called, req: {'order_id': '5d8bdbb7-8415-43c0-acff-e941ad93afca', 'items': [{'sku': '4cc0770f-91bc-4c0d-a26f-7b872f02ca94', 'qty': 2}], 'atomic_update': True, 'delay': 0.0, 'drop': 0}, response_status: 200, response: {'order_id': '5d8bdbb7-8415-43c0-acff-e941ad93afca', 'status': 'OUT_OF_STOCK', 'reason': 'Out of stock: 4cc0770f-91bc-4c0d-a26f-7b872f02ca94', 'total_input_tokens': 0, 'total_output_tokens': 0, 'total_llm_calls': 0} trace_id=58ed32c1-342f-4cb7-8354-df36b6a45576
2026-08-17 17:33:43,774 - INFO - Request for orchestrate_order completed, final_status:OUT_OF_STOCK,  trace_id=58ed32c1-342f-4cb7-8354-df36b6a45576
2026-08-17 17:33:43,788 - INFO - Request for checkout_cart, cart_id=416aa69d-c91e-4759-b4b8-94a51a49b379, user_id=None, trace_id=987b171e-1c33-46f2-88cd-29773b341a64
2026-08-17 17:33:43,794 - INFO - Cart Service Called, request_cart_id: 416aa69d-c91e-4759-b4b8-94a51a49b379, response_status: 200, trace_id=987b171e-1c33-46f2-88cd-29773b341a64
2026-08-17 17:33:43,804 - INFO - HTTP Request: POST http://127.0.0.1:8002/price "HTTP/1.1 200 OK"
2026-08-17 17:33:43,804 - INFO - Pricing Service Called, req: {'items': [{'product_id': '4cc0770f-91bc-4c0d-a26f-7b872f02ca94', 'qty': 2}], 'promo_codes': [], 'only_final_price': True}, response_status: 200, trace_id=987b171e-1c33-46f2-88cd-29773b341a64
2026-08-17 17:33:43,805 - INFO - Request for orchestrate_order started, order_id=196f21ec-48cc-4ac2-a660-fd5da135162b, trace_id=987b171e-1c33-46f2-88cd-29773b341a64
2026-08-17 17:33:43,810 - INFO - Inventory Reservation Service Called, req: {'order_id': '196f21ec-48cc-4ac2-a660-fd5da135162b', 'items': [{'sku': '4cc0770f-91bc-4c0d-a26f-7b872f02ca94', 'qty': 2}], 'atomic_update': True, 'delay': 0.0, 'drop': 0}, response_status: 200, response: {'order_id': '196f21ec-48cc-4ac2-a660-fd5da135162b', 'status': 'OUT_OF_STOCK', 'reason': 'Out of stock: 4cc0770f-91bc-4c0d-a26f-7b872f02ca94', 'total_input_tokens': 0, 'total_output_tokens': 0, 'total_llm_calls': 0} trace_id=987b171e-1c33-46f2-88cd-29773b341a64
2026-08-17 17:33:43,812 - INFO - Request for orchestrate_order completed, final_status:OUT_OF_STOCK,  trace_id=987b171e-1c33-46f2-88cd-29773b341a64
2026-08-17 17:33:43,833 - INFO - Request for checkout_cart, cart_id=2e7c802f-8694-440c-8043-6126eb63705f, user_id=order_user_97, trace_id=d5ba7053-f2ce-484c-9c48-d230fb22be2b
2026-08-17 17:33:43,838 - INFO - Cart Service Called, request_cart_id: 2e7c802f-8694-440c-8043-6126eb63705f, response_status: 200, trace_id=d5ba7053-f2ce-484c-9c48-d230fb22be2b
2026-08-17 17:33:43,842 - INFO - HTTP Request: POST http://127.0.0.1:8002/price "HTTP/1.1 200 OK"
2026-08-17 17:33:43,843 - INFO - Pricing Service Called, req: {'items': [{'product_id': '4cc0770f-91bc-4c0d-a26f-7b872f02ca94', 'qty': 2}], 'promo_codes': [], 'only_final_price': True}, response_status: 200, trace_id=d5ba7053-f2ce-484c-9c48-d230fb22be2b
2026-08-17 17:33:43,850 - INFO - Subscription Service Called, user_id: order_user_97, response_status: 200, trace_id=d5ba7053-f2ce-484c-9c48-d230fb22be2b
2026-08-17 17:33:43,850 - INFO - Applied subscription discount for user order_user_97, promo_code: SUMMER20, discount: 20.0%, original_price: 500.0, discounted_price: 400.0, trace_id=d5ba7053-f2ce-484c-9c48-d230fb22be2b
2026-08-17 17:33:43,850 - INFO - Request for orchestrate_order started, order_id=1af8e71c-2cf0-4679-af3d-07e3d8d7cab8, trace_id=d5ba7053-f2ce-484c-9c48-d230fb22be2b
2026-08-17 17:33:43,857 - INFO - Inventory Reservation Service Called, req: {'order_id': '1af8e71c-2cf0-4679-af3d-07e3d8d7cab8', 'items': [{'sku': '4cc0770f-91bc-4c0d-a26f-7b872f02ca94', 'qty': 2}], 'atomic_update': True, 'delay': 0.0, 'drop': 0}, response_status: 200, response: {'order_id': '1af8e71c-2cf0-4679-af3d-07e3d8d7cab8', 'status': 'OUT_OF_STOCK', 'reason': 'Out of stock: 4cc0770f-91bc-4c0d-a26f-7b872f02ca94', 'total_input_tokens': 0, 'total_output_tokens': 0, 'total_llm_calls': 0} trace_id=d5ba7053-f2ce-484c-9c48-d230fb22be2b
2026-08-17 17:33:43,858 - INFO - Request for orchestrate_order completed, final_status:OUT_OF_STOCK,  trace_id=d5ba7053-f2ce-484c-9c48-d230fb22be2b
2026-08-17 17:33:43,870 - INFO - Request for checkout_cart, cart_id=224c803a-52a2-403b-b52a-bd7fc03f18d6, user_id=None, trace_id=0b1f1210-1ebe-40b9-bbd6-13dfae5d2691
2026-08-17 17:33:43,874 - INFO - Cart Service Called, request_cart_id: 224c803a-52a2-403b-b52a-bd7fc03f18d6, response_status: 200, trace_id=0b1f1210-1ebe-40b9-bbd6-13dfae5d2691
2026-08-17 17:33:43,880 - INFO - HTTP Request: POST http://127.0.0.1:8002/price "HTTP/1.1 200 OK"
2026-08-17 17:33:43,881 - INFO - Pricing Service Called, req: {'items': [{'product_id': '4cc0770f-91bc-4c0d-a26f-7b872f02ca94', 'qty': 2}], 'promo_codes': [], 'only_final_price': True}, response_status: 200, trace_id=0b1f1210-1ebe-40b9-bbd6-13dfae5d2691
2026-08-17 17:33:43,881 - INFO - Request for orchestrate_order started, order_id=5b48ec6b-f1d2-4407-8f51-9bb6797149cf, trace_id=0b1f1210-1ebe-40b9-bbd6-13dfae5d2691
2026-08-17 17:33:43,890 - INFO - Inventory Reservation Service Called, req: {'order_id': '5b48ec6b-f1d2-4407-8f51-9bb6797149cf', 'items': [{'sku': '4cc0770f-91bc-4c0d-a26f-7b872f02ca94', 'qty': 2}], 'atomic_update': True, 'delay': 0.0, 'drop': 0}, response_status: 200, response: {'order_id': '5b48ec6b-f1d2-4407-8f51-9bb6797149cf', 'status': 'OUT_OF_STOCK', 'reason': 'Out of stock: 4cc0770f-91bc-4c0d-a26f-7b872f02ca94', 'total_input_tokens': 0, 'total_output_tokens': 0, 'total_llm_calls': 0} trace_id=0b1f1210-1ebe-40b9-bbd6-13dfae5d2691
2026-08-17 17:33:43,891 - INFO - Request for orchestrate_order completed, final_status:OUT_OF_STOCK,  trace_id=0b1f1210-1ebe-40b9-bbd6-13dfae5d2691
2026-08-17 17:33:43,908 - INFO - Request for checkout_cart, cart_id=ad1e91d0-c787-4dcf-8b17-92de2cff4e79, user_id=order_user_98, trace_id=2d7e1300-0275-4571-9321-03e42f4e0dae
2026-08-17 17:33:43,915 - INFO - Cart Service Called, request_cart_id: ad1e91d0-c787-4dcf-8b17-92de2cff4e79, response_status: 200, trace_id=2d7e1300-0275-4571-9321-03e42f4e0dae
2026-08-17 17:33:43,923 - INFO - HTTP Request: POST http://127.0.0.1:8002/price "HTTP/1.1 200 OK"
2026-08-17 17:33:43,923 - INFO - Pricing Service Called, req: {'items': [{'product_id': '4cc0770f-91bc-4c0d-a26f-7b872f02ca94', 'qty': 2}], 'promo_codes': [], 'only_final_price': True}, response_status: 200, trace_id=2d7e1300-0275-4571-9321-03e42f4e0dae
2026-08-17 17:33:43,929 - INFO - Subscription Service Called, user_id: order_user_98, response_status: 200, trace_id=2d7e1300-0275-4571-9321-03e42f4e0dae
2026-08-17 17:33:43,930 - INFO - Applied subscription discount for user order_user_98, promo_code: SUMMER20, discount: 20.0%, original_price: 500.0, discounted_price: 400.0, trace_id=2d7e1300-0275-4571-9321-03e42f4e0dae
2026-08-17 17:33:43,930 - INFO - Request for orchestrate_order started, order_id=7d707fc9-d563-4fa3-913d-69060d48977e, trace_id=2d7e1300-0275-4571-9321-03e42f4e0dae
2026-08-17 17:33:43,938 - INFO - Inventory Reservation Service Called, req: {'order_id': '7d707fc9-d563-4fa3-913d-69060d48977e', 'items': [{'sku': '4cc0770f-91bc-4c0d-a26f-7b872f02ca94', 'qty': 2}], 'atomic_update': True, 'delay': 0.0, 'drop': 0}, response_status: 200, response: {'order_id': '7d707fc9-d563-4fa3-913d-69060d48977e', 'status': 'OUT_OF_STOCK', 'reason': 'Out of stock: 4cc0770f-91bc-4c0d-a26f-7b872f02ca94', 'total_input_tokens': 0, 'total_output_tokens': 0, 'total_llm_calls': 0} trace_id=2d7e1300-0275-4571-9321-03e42f4e0dae
2026-08-17 17:33:43,939 - INFO - Request for orchestrate_order completed, final_status:OUT_OF_STOCK,  trace_id=2d7e1300-0275-4571-9321-03e42f4e0dae
2026-08-17 17:33:43,949 - INFO - Request for checkout_cart, cart_id=f3e13006-4f60-4975-975d-a61177377d88, user_id=None, trace_id=8600ced5-9caf-44b4-bc90-0ad1b46b39cf
2026-08-17 17:33:43,955 - INFO - Cart Service Called, request_cart_id: f3e13006-4f60-4975-975d-a61177377d88, response_status: 200, trace_id=8600ced5-9caf-44b4-bc90-0ad1b46b39cf
2026-08-17 17:33:43,958 - INFO - HTTP Request: POST http://127.0.0.1:8002/price "HTTP/1.1 200 OK"
2026-08-17 17:33:43,959 - INFO - Pricing Service Called, req: {'items': [{'product_id': '4cc0770f-91bc-4c0d-a26f-7b872f02ca94', 'qty': 2}], 'promo_codes': [], 'only_final_price': True}, response_status: 200, trace_id=8600ced5-9caf-44b4-bc90-0ad1b46b39cf
2026-08-17 17:33:43,959 - INFO - Request for orchestrate_order started, order_id=30cdeaa6-ece1-40f8-b7f0-76b1490840b8, trace_id=8600ced5-9caf-44b4-bc90-0ad1b46b39cf
2026-08-17 17:33:43,967 - INFO - Inventory Reservation Service Called, req: {'order_id': '30cdeaa6-ece1-40f8-b7f0-76b1490840b8', 'items': [{'sku': '4cc0770f-91bc-4c0d-a26f-7b872f02ca94', 'qty': 2}], 'atomic_update': True, 'delay': 0.0, 'drop': 0}, response_status: 200, response: {'order_id': '30cdeaa6-ece1-40f8-b7f0-76b1490840b8', 'status': 'OUT_OF_STOCK', 'reason': 'Out of stock: 4cc0770f-91bc-4c0d-a26f-7b872f02ca94', 'total_input_tokens': 0, 'total_output_tokens': 0, 'total_llm_calls': 0} trace_id=8600ced5-9caf-44b4-bc90-0ad1b46b39cf
2026-08-17 17:33:43,969 - INFO - Request for orchestrate_order completed, final_status:OUT_OF_STOCK,  trace_id=8600ced5-9caf-44b4-bc90-0ad1b46b39cf
2026-08-17 17:33:43,986 - INFO - Request for checkout_cart, cart_id=df239cf2-5797-4028-9da0-3203713f7102, user_id=order_user_99, trace_id=d2d2d521-4a43-47f6-9e29-d1a6bdff273d
2026-08-17 17:33:43,991 - INFO - Cart Service Called, request_cart_id: df239cf2-5797-4028-9da0-3203713f7102, response_status: 200, trace_id=d2d2d521-4a43-47f6-9e29-d1a6bdff273d
2026-08-17 17:33:43,997 - INFO - HTTP Request: POST http://127.0.0.1:8002/price "HTTP/1.1 200 OK"
2026-08-17 17:33:43,998 - INFO - Pricing Service Called, req: {'items': [{'product_id': '4cc0770f-91bc-4c0d-a26f-7b872f02ca94', 'qty': 2}], 'promo_codes': [], 'only_final_price': True}, response_status: 200, trace_id=d2d2d521-4a43-47f6-9e29-d1a6bdff273d
2026-08-17 17:33:44,003 - INFO - Subscription Service Called, user_id: order_user_99, response_status: 200, trace_id=d2d2d521-4a43-47f6-9e29-d1a6bdff273d
2026-08-17 17:33:44,003 - INFO - Applied subscription discount for user order_user_99, promo_code: SUMMER20, discount: 20.0%, original_price: 500.0, discounted_price: 400.0, trace_id=d2d2d521-4a43-47f6-9e29-d1a6bdff273d
2026-08-17 17:33:44,003 - INFO - Request for orchestrate_order started, order_id=833d3fd3-0ea3-4647-a5cf-b5e85ba3d5bf, trace_id=d2d2d521-4a43-47f6-9e29-d1a6bdff273d
2026-08-17 17:33:44,008 - INFO - Inventory Reservation Service Called, req: {'order_id': '833d3fd3-0ea3-4647-a5cf-b5e85ba3d5bf', 'items': [{'sku': '4cc0770f-91bc-4c0d-a26f-7b872f02ca94', 'qty': 2}], 'atomic_update': True, 'delay': 0.0, 'drop': 0}, response_status: 200, response: {'order_id': '833d3fd3-0ea3-4647-a5cf-b5e85ba3d5bf', 'status': 'OUT_OF_STOCK', 'reason': 'Out of stock: 4cc0770f-91bc-4c0d-a26f-7b872f02ca94', 'total_input_tokens': 0, 'total_output_tokens': 0, 'total_llm_calls': 0} trace_id=d2d2d521-4a43-47f6-9e29-d1a6bdff273d
2026-08-17 17:33:44,010 - INFO - Request for orchestrate_order completed, final_status:OUT_OF_STOCK,  trace_id=d2d2d521-4a43-47f6-9e29-d1a6bdff273d
2026-08-17 17:33:44,021 - INFO - Request for checkout_cart, cart_id=134c9cfd-c56e-4ff7-bc08-7464fa4575c5, user_id=None, trace_id=daa1cc9e-85d1-4e31-9a33-42689fdf86df
2026-08-17 17:33:44,025 - INFO - Cart Service Called, request_cart_id: 134c9cfd-c56e-4ff7-bc08-7464fa4575c5, response_status: 200, trace_id=daa1cc9e-85d1-4e31-9a33-42689fdf86df
2026-08-17 17:33:44,029 - INFO - HTTP Request: POST http://127.0.0.1:8002/price "HTTP/1.1 200 OK"
2026-08-17 17:33:44,030 - INFO - Pricing Service Called, req: {'items': [{'product_id': '4cc0770f-91bc-4c0d-a26f-7b872f02ca94', 'qty': 2}], 'promo_codes': [], 'only_final_price': True}, response_status: 200, trace_id=daa1cc9e-85d1-4e31-9a33-42689fdf86df
2026-08-17 17:33:44,030 - INFO - Request for orchestrate_order started, order_id=cc969733-9c32-4495-b363-4bd2918238a3, trace_id=daa1cc9e-85d1-4e31-9a33-42689fdf86df
2026-08-17 17:33:44,035 - INFO - Inventory Reservation Service Called, req: {'order_id': 'cc969733-9c32-4495-b363-4bd2918238a3', 'items': [{'sku': '4cc0770f-91bc-4c0d-a26f-7b872f02ca94', 'qty': 2}], 'atomic_update': True, 'delay': 0.0, 'drop': 0}, response_status: 200, response: {'order_id': 'cc969733-9c32-4495-b363-4bd2918238a3', 'status': 'OUT_OF_STOCK', 'reason': 'Out of stock: 4cc0770f-91bc-4c0d-a26f-7b872f02ca94', 'total_input_tokens': 0, 'total_output_tokens': 0, 'total_llm_calls': 0} trace_id=daa1cc9e-85d1-4e31-9a33-42689fdf86df
2026-08-17 17:33:44,036 - INFO - Request for orchestrate_order completed, final_status:OUT_OF_STOCK,  trace_id=daa1cc9e-85d1-4e31-9a33-42689fdf86df
2026-08-17 17:33:44,050 - INFO - Request for checkout_cart, cart_id=73c60b4b-231b-406e-96bf-c2c002b26f41, user_id=order_user_100, trace_id=b9a5400c-9fe5-4730-b2ce-62aeab8a4afe
2026-08-17 17:33:44,054 - INFO - Cart Service Called, request_cart_id: 73c60b4b-231b-406e-96bf-c2c002b26f41, response_status: 200, trace_id=b9a5400c-9fe5-4730-b2ce-62aeab8a4afe
2026-08-17 17:33:44,057 - INFO - HTTP Request: POST http://127.0.0.1:8002/price "HTTP/1.1 200 OK"
2026-08-17 17:33:44,058 - INFO - Pricing Service Called, req: {'items': [{'product_id': '4cc0770f-91bc-4c0d-a26f-7b872f02ca94', 'qty': 2}], 'promo_codes': [], 'only_final_price': True}, response_status: 200, trace_id=b9a5400c-9fe5-4730-b2ce-62aeab8a4afe
2026-08-17 17:33:44,061 - INFO - Subscription Service Called, user_id: order_user_100, response_status: 200, trace_id=b9a5400c-9fe5-4730-b2ce-62aeab8a4afe
2026-08-17 17:33:44,062 - INFO - Applied subscription discount for user order_user_100, promo_code: SUMMER20, discount: 20.0%, original_price: 500.0, discounted_price: 400.0, trace_id=b9a5400c-9fe5-4730-b2ce-62aeab8a4afe
2026-08-17 17:33:44,062 - INFO - Request for orchestrate_order started, order_id=046284ce-b350-43c4-a2f9-129c2502a6f5, trace_id=b9a5400c-9fe5-4730-b2ce-62aeab8a4afe
2026-08-17 17:33:44,067 - INFO - Inventory Reservation Service Called, req: {'order_id': '046284ce-b350-43c4-a2f9-129c2502a6f5', 'items': [{'sku': '4cc0770f-91bc-4c0d-a26f-7b872f02ca94', 'qty': 2}], 'atomic_update': True, 'delay': 0.0, 'drop': 0}, response_status: 200, response: {'order_id': '046284ce-b350-43c4-a2f9-129c2502a6f5', 'status': 'OUT_OF_STOCK', 'reason': 'Out of stock: 4cc0770f-91bc-4c0d-a26f-7b872f02ca94', 'total_input_tokens': 0, 'total_output_tokens': 0, 'total_llm_calls': 0} trace_id=b9a5400c-9fe5-4730-b2ce-62aeab8a4afe
2026-08-17 17:33:44,068 - INFO - Request for orchestrate_order completed, final_status:OUT_OF_STOCK,  trace_id=b9a5400c-9fe5-4730-b2ce-62aeab8a4afe
2026-08-18 20:47:27,115 - INFO - Request for checkout_cart, cart_id=a69ea6f8-0c2b-4634-9f60-6e3c83de4e54, user_id=None, trace_id=caad91d9-9c17-467e-86c1-e85146ca6920
2026-08-18 20:47:27,127 - INFO - Cart Service Called, request_cart_id: a69ea6f8-0c2b-4634-9f60-6e3c83de4e54, response_status: 200, trace_id=caad91d9-9c17-467e-86c1-e85146ca6920
2026-08-18 20:47:27,135 - INFO - HTTP Request: POST http://127.0.0.1:8002/price "HTTP/1.1 200 OK"
2026-08-18 20:47:27,136 - INFO - Pricing Service Called, req: {'items': [{'product_id': 'b2926dc2-cc6d-4c3e-ae40-7a127c173b16', 'qty': 2}], 'promo_codes': [], 'only_final_price': True}, response_status: 200, trace_id=caad91d9-9c17-467e-86c1-e85146ca6920
2026-08-18 20:47:27,137 - INFO - Request for orchestrate_order started, order_id=5873cf1e-ff95-4ba5-bd70-bb1691d3263e, trace_id=caad91d9-9c17-467e-86c1-e85146ca6920
2026-08-18 20:47:27,149 - INFO - Inventory Reservation Service Called, req: {'order_id': '5873cf1e-ff95-4ba5-bd70-bb1691d3263e', 'items': [{'sku': 'b2926dc2-cc6d-4c3e-ae40-7a127c173b16', 'qty': 2}], 'atomic_update': True, 'delay': 0.0, 'drop': 0}, response_status: 200, response: {'order_id': '5873cf1e-ff95-4ba5-bd70-bb1691d3263e', 'status': 'RESERVED', 'items': [{'sku': 'b2926dc2-cc6d-4c3e-ae40-7a127c173b16', 'remaining': 8}], 'total_input_tokens': 0, 'total_output_tokens': 0, 'total_llm_calls': 0} trace_id=caad91d9-9c17-467e-86c1-e85146ca6920
2026-08-18 20:47:27,461 - INFO - Payment Service Called, req: {'order_id': '5873cf1e-ff95-4ba5-bd70-bb1691d3263e', 'final_price': 300.0}, response_status: 200, response: {'order_id': '5873cf1e-ff95-4ba5-bd70-bb1691d3263e', 'status': 'SUCCESS', 'total_input_tokens': 0, 'total_output_tokens': 0, 'total_llm_calls': 0} trace_id=caad91d9-9c17-467e-86c1-e85146ca6920
2026-08-18 20:47:27,677 - INFO - Shipment Service Called, req: {'order_id': '5873cf1e-ff95-4ba5-bd70-bb1691d3263e', 'address': 'SAMPLE_ADDRESS'}, response_status: 200, response: {'shipment_id': '880cd9ea-bb9d-4676-9219-623df0942df4', 'tracking_id': 'c54b5fdb-324a-4e97-86a6-a5b18d24a0bb', 'total_input_tokens': 0, 'total_output_tokens': 0, 'total_llm_calls': 0} trace_id=caad91d9-9c17-467e-86c1-e85146ca6920
2026-08-18 20:47:27,678 - INFO - Request for orchestrate_order completed, final_status:COMPLETED,  trace_id=caad91d9-9c17-467e-86c1-e85146ca6920
2026-08-18 20:47:27,707 - INFO - Request for checkout_cart, cart_id=f7f78c7f-32b0-43fc-9830-b4c6a6e0c195, user_id=None, trace_id=d1be1bec-680e-40d5-83c0-a0f677616161
2026-08-18 20:47:27,713 - INFO - Cart Service Called, request_cart_id: f7f78c7f-32b0-43fc-9830-b4c6a6e0c195, response_status: 200, trace_id=d1be1bec-680e-40d5-83c0-a0f677616161
2026-08-18 20:47:27,718 - INFO - HTTP Request: POST http://127.0.0.1:8002/price "HTTP/1.1 200 OK"
2026-08-18 20:47:27,719 - INFO - Pricing Service Called, req: {'items': [{'product_id': 'b2926dc2-cc6d-4c3e-ae40-7a127c173b16', 'qty': 2}], 'promo_codes': [], 'only_final_price': True}, response_status: 200, trace_id=d1be1bec-680e-40d5-83c0-a0f677616161
2026-08-18 20:47:27,719 - INFO - Request for orchestrate_order started, order_id=ba70f03b-7bbf-4706-9f9b-8c520101b5c4, trace_id=d1be1bec-680e-40d5-83c0-a0f677616161
2026-08-18 20:47:27,728 - INFO - Inventory Reservation Service Called, req: {'order_id': 'ba70f03b-7bbf-4706-9f9b-8c520101b5c4', 'items': [{'sku': 'b2926dc2-cc6d-4c3e-ae40-7a127c173b16', 'qty': 2}], 'atomic_update': True, 'delay': 0.0, 'drop': 0}, response_status: 200, response: {'order_id': 'ba70f03b-7bbf-4706-9f9b-8c520101b5c4', 'status': 'RESERVED', 'items': [{'sku': 'b2926dc2-cc6d-4c3e-ae40-7a127c173b16', 'remaining': 6}], 'total_input_tokens': 0, 'total_output_tokens': 0, 'total_llm_calls': 0} trace_id=d1be1bec-680e-40d5-83c0-a0f677616161
2026-08-18 20:47:28,047 - INFO - Payment Service Called, req: {'order_id': 'ba70f03b-7bbf-4706-9f9b-8c520101b5c4', 'final_price': 300.0}, response_status: 200, response: {'order_id': 'ba70f03b-7bbf-4706-9f9b-8c520101b5c4', 'status': 'SUCCESS', 'total_input_tokens': 0, 'total_output_tokens': 0, 'total_llm_calls': 0} trace_id=d1be1bec-680e-40d5-83c0-a0f677616161
2026-08-18 20:47:28,276 - INFO - Shipment Service Called, req: {'order_id': 'ba70f03b-7bbf-4706-9f9b-8c520101b5c4', 'address': 'SAMPLE_ADDRESS'}, response_status: 200, response: {'shipment_id': 'd10e2b4e-2710-430a-a255-0dc9747cf831', 'tracking_id': '09aae7e9-7fdc-4b34-bc18-87d5cf95eddf', 'total_input_tokens': 0, 'total_output_tokens': 0, 'total_llm_calls': 0} trace_id=d1be1bec-680e-40d5-83c0-a0f677616161
2026-08-18 20:47:28,279 - INFO - Request for orchestrate_order completed, final_status:COMPLETED,  trace_id=d1be1bec-680e-40d5-83c0-a0f677616161
2026-08-18 20:47:28,364 - INFO - Request for checkout_cart, cart_id=be1ecd6f-a221-4561-a589-1aaafa6bea41, user_id=None, trace_id=e19ad9be-7011-4a6b-8e52-74923f284a37
2026-08-18 20:47:28,377 - INFO - Cart Service Called, request_cart_id: be1ecd6f-a221-4561-a589-1aaafa6bea41, response_status: 200, trace_id=e19ad9be-7011-4a6b-8e52-74923f284a37
2026-08-18 20:47:28,389 - INFO - HTTP Request: POST http://127.0.0.1:8002/price "HTTP/1.1 200 OK"
2026-08-18 20:47:28,391 - INFO - Pricing Service Called, req: {'items': [{'product_id': 'b2926dc2-cc6d-4c3e-ae40-7a127c173b16', 'qty': 2}], 'promo_codes': [], 'only_final_price': True}, response_status: 200, trace_id=e19ad9be-7011-4a6b-8e52-74923f284a37
2026-08-18 20:47:28,392 - INFO - Request for orchestrate_order started, order_id=c672c9e0-9127-4dde-b2de-f0650a4fc16b, trace_id=e19ad9be-7011-4a6b-8e52-74923f284a37
2026-08-18 20:47:28,409 - INFO - Inventory Reservation Service Called, req: {'order_id': 'c672c9e0-9127-4dde-b2de-f0650a4fc16b', 'items': [{'sku': 'b2926dc2-cc6d-4c3e-ae40-7a127c173b16', 'qty': 2}], 'atomic_update': True, 'delay': 0.0, 'drop': 0}, response_status: 200, response: {'order_id': 'c672c9e0-9127-4dde-b2de-f0650a4fc16b', 'status': 'RESERVED', 'items': [{'sku': 'b2926dc2-cc6d-4c3e-ae40-7a127c173b16', 'remaining': 4}], 'total_input_tokens': 0, 'total_output_tokens': 0, 'total_llm_calls': 0} trace_id=e19ad9be-7011-4a6b-8e52-74923f284a37
2026-08-18 20:47:28,719 - INFO - Payment Service Called, req: {'order_id': 'c672c9e0-9127-4dde-b2de-f0650a4fc16b', 'final_price': 300.0}, response_status: 200, response: {'order_id': 'c672c9e0-9127-4dde-b2de-f0650a4fc16b', 'status': 'SUCCESS', 'total_input_tokens': 0, 'total_output_tokens': 0, 'total_llm_calls': 0} trace_id=e19ad9be-7011-4a6b-8e52-74923f284a37
2026-08-18 20:47:28,925 - INFO - Shipment Service Called, req: {'order_id': 'c672c9e0-9127-4dde-b2de-f0650a4fc16b', 'address': 'SAMPLE_ADDRESS'}, response_status: 200, response: {'shipment_id': '8eb764d1-c4c3-499a-a1fd-704c574246e3', 'tracking_id': '83fa83ee-8d32-42e9-a4c4-6e6b88b9bf1d', 'total_input_tokens': 0, 'total_output_tokens': 0, 'total_llm_calls': 0} trace_id=e19ad9be-7011-4a6b-8e52-74923f284a37
2026-08-18 20:47:28,926 - INFO - Request for orchestrate_order completed, final_status:COMPLETED,  trace_id=e19ad9be-7011-4a6b-8e52-74923f284a37
2026-08-18 20:47:28,949 - INFO - Request for checkout_cart, cart_id=90839ab0-7fc6-48f6-ad29-587367f224fd, user_id=None, trace_id=02b26afa-7267-41b7-8884-5af905c57f6e
2026-08-18 20:47:28,956 - INFO - Cart Service Called, request_cart_id: 90839ab0-7fc6-48f6-ad29-587367f224fd, response_status: 200, trace_id=02b26afa-7267-41b7-8884-5af905c57f6e
2026-08-18 20:47:28,962 - INFO - HTTP Request: POST http://127.0.0.1:8002/price "HTTP/1.1 200 OK"
2026-08-18 20:47:28,963 - INFO - Pricing Service Called, req: {'items': [{'product_id': 'b2926dc2-cc6d-4c3e-ae40-7a127c173b16', 'qty': 2}], 'promo_codes': [], 'only_final_price': True}, response_status: 200, trace_id=02b26afa-7267-41b7-8884-5af905c57f6e
2026-08-18 20:47:28,963 - INFO - Request for orchestrate_order started, order_id=21600351-dd9d-4173-b2ca-5233c7cc5e24, trace_id=02b26afa-7267-41b7-8884-5af905c57f6e
2026-08-18 20:47:28,970 - INFO - Inventory Reservation Service Called, req: {'order_id': '21600351-dd9d-4173-b2ca-5233c7cc5e24', 'items': [{'sku': 'b2926dc2-cc6d-4c3e-ae40-7a127c173b16', 'qty': 2}], 'atomic_update': True, 'delay': 0.0, 'drop': 0}, response_status: 200, response: {'order_id': '21600351-dd9d-4173-b2ca-5233c7cc5e24', 'status': 'RESERVED', 'items': [{'sku': 'b2926dc2-cc6d-4c3e-ae40-7a127c173b16', 'remaining': 2}], 'total_input_tokens': 0, 'total_output_tokens': 0, 'total_llm_calls': 0} trace_id=02b26afa-7267-41b7-8884-5af905c57f6e
2026-08-18 20:47:29,279 - INFO - Payment Service Called, req: {'order_id': '21600351-dd9d-4173-b2ca-5233c7cc5e24', 'final_price': 300.0}, response_status: 200, response: {'order_id': '21600351-dd9d-4173-b2ca-5233c7cc5e24', 'status': 'SUCCESS', 'total_input_tokens': 0, 'total_output_tokens': 0, 'total_llm_calls': 0} trace_id=02b26afa-7267-41b7-8884-5af905c57f6e
2026-08-18 20:47:29,495 - INFO - Shipment Service Called, req: {'order_id': '21600351-dd9d-4173-b2ca-5233c7cc5e24', 'address': 'SAMPLE_ADDRESS'}, response_status: 200, response: {'shipment_id': 'ad3fe61d-1d51-4aad-bcd1-2c0eb00e1fa4', 'tracking_id': '866b7ea1-83bc-48ef-87f4-e6d7deb87318', 'total_input_tokens': 0, 'total_output_tokens': 0, 'total_llm_calls': 0} trace_id=02b26afa-7267-41b7-8884-5af905c57f6e
2026-08-18 20:47:29,499 - INFO - Request for orchestrate_order completed, final_status:COMPLETED,  trace_id=02b26afa-7267-41b7-8884-5af905c57f6e
2026-08-18 20:47:29,550 - INFO - Request for checkout_cart, cart_id=ecd3080e-d3dc-4123-a848-e6fb5b2ae32b, user_id=None, trace_id=5599d304-d32a-4aa6-a04b-f2a9c06bfc51
2026-08-18 20:47:29,554 - INFO - Cart Service Called, request_cart_id: ecd3080e-d3dc-4123-a848-e6fb5b2ae32b, response_status: 200, trace_id=5599d304-d32a-4aa6-a04b-f2a9c06bfc51
2026-08-18 20:47:29,558 - INFO - HTTP Request: POST http://127.0.0.1:8002/price "HTTP/1.1 200 OK"
2026-08-18 20:47:29,559 - INFO - Pricing Service Called, req: {'items': [{'product_id': 'b2926dc2-cc6d-4c3e-ae40-7a127c173b16', 'qty': 2}], 'promo_codes': [], 'only_final_price': True}, response_status: 200, trace_id=5599d304-d32a-4aa6-a04b-f2a9c06bfc51
2026-08-18 20:47:29,560 - INFO - Request for orchestrate_order started, order_id=ae7eb2cd-95b4-4f1e-98b4-cf38f666b7fa, trace_id=5599d304-d32a-4aa6-a04b-f2a9c06bfc51
2026-08-18 20:47:29,567 - INFO - Inventory Reservation Service Called, req: {'order_id': 'ae7eb2cd-95b4-4f1e-98b4-cf38f666b7fa', 'items': [{'sku': 'b2926dc2-cc6d-4c3e-ae40-7a127c173b16', 'qty': 2}], 'atomic_update': True, 'delay': 0.0, 'drop': 0}, response_status: 200, response: {'order_id': 'ae7eb2cd-95b4-4f1e-98b4-cf38f666b7fa', 'status': 'RESERVED', 'items': [{'sku': 'b2926dc2-cc6d-4c3e-ae40-7a127c173b16', 'remaining': 0}], 'total_input_tokens': 0, 'total_output_tokens': 0, 'total_llm_calls': 0} trace_id=5599d304-d32a-4aa6-a04b-f2a9c06bfc51
2026-08-18 20:47:29,877 - INFO - Payment Service Called, req: {'order_id': 'ae7eb2cd-95b4-4f1e-98b4-cf38f666b7fa', 'final_price': 300.0}, response_status: 200, response: {'order_id': 'ae7eb2cd-95b4-4f1e-98b4-cf38f666b7fa', 'status': 'SUCCESS', 'total_input_tokens': 0, 'total_output_tokens': 0, 'total_llm_calls': 0} trace_id=5599d304-d32a-4aa6-a04b-f2a9c06bfc51
2026-08-18 20:47:30,094 - INFO - Shipment Service Called, req: {'order_id': 'ae7eb2cd-95b4-4f1e-98b4-cf38f666b7fa', 'address': 'SAMPLE_ADDRESS'}, response_status: 200, response: {'shipment_id': '88b37f5c-c910-465c-a314-a6f3c31b3246', 'tracking_id': '1da9bdef-c97a-4ed8-8a27-5788e01b4bae', 'total_input_tokens': 0, 'total_output_tokens': 0, 'total_llm_calls': 0} trace_id=5599d304-d32a-4aa6-a04b-f2a9c06bfc51
2026-08-18 20:47:30,098 - INFO - Request for orchestrate_order completed, final_status:COMPLETED,  trace_id=5599d304-d32a-4aa6-a04b-f2a9c06bfc51
2026-08-18 20:49:58,379 - INFO - Request for checkout_cart, cart_id=ffb13c63-83ce-46db-95f9-0973149a6f1a, user_id=None, trace_id=70c6250c-4f33-4026-be88-8964b6ea72de
2026-08-18 20:49:58,396 - INFO - Cart Service Called, request_cart_id: ffb13c63-83ce-46db-95f9-0973149a6f1a, response_status: 200, trace_id=70c6250c-4f33-4026-be88-8964b6ea72de
2026-08-18 20:49:58,401 - INFO - HTTP Request: POST http://127.0.0.1:8002/price "HTTP/1.1 200 OK"
2026-08-18 20:49:58,402 - INFO - Pricing Service Called, req: {'items': [{'product_id': 'b2926dc2-cc6d-4c3e-ae40-7a127c173b16', 'qty': 2}], 'promo_codes': [], 'only_final_price': True}, response_status: 200, trace_id=70c6250c-4f33-4026-be88-8964b6ea72de
2026-08-18 20:49:58,402 - INFO - Request for orchestrate_order started, order_id=41d01782-b12c-4b48-8af7-232b85991ea5, trace_id=70c6250c-4f33-4026-be88-8964b6ea72de
2026-08-18 20:49:58,410 - INFO - Inventory Reservation Service Called, req: {'order_id': '41d01782-b12c-4b48-8af7-232b85991ea5', 'items': [{'sku': 'b2926dc2-cc6d-4c3e-ae40-7a127c173b16', 'qty': 2}], 'atomic_update': True, 'delay': 0.0, 'drop': 0}, response_status: 200, response: {'order_id': '41d01782-b12c-4b48-8af7-232b85991ea5', 'status': 'RESERVED', 'items': [{'sku': 'b2926dc2-cc6d-4c3e-ae40-7a127c173b16', 'remaining': 8}], 'total_input_tokens': 0, 'total_output_tokens': 0, 'total_llm_calls': 0} trace_id=70c6250c-4f33-4026-be88-8964b6ea72de
2026-08-18 20:49:58,720 - INFO - Payment Service Called, req: {'order_id': '41d01782-b12c-4b48-8af7-232b85991ea5', 'final_price': 300.0}, response_status: 200, response: {'order_id': '41d01782-b12c-4b48-8af7-232b85991ea5', 'status': 'SUCCESS', 'total_input_tokens': 0, 'total_output_tokens': 0, 'total_llm_calls': 0} trace_id=70c6250c-4f33-4026-be88-8964b6ea72de
2026-08-18 20:49:58,933 - INFO - Shipment Service Called, req: {'order_id': '41d01782-b12c-4b48-8af7-232b85991ea5', 'address': 'SAMPLE_ADDRESS'}, response_status: 200, response: {'shipment_id': '9003a94d-6f2e-45c4-a157-3d24cab54007', 'tracking_id': '59f483a6-0495-4373-a5aa-b9c43ac59d04', 'total_input_tokens': 0, 'total_output_tokens': 0, 'total_llm_calls': 0} trace_id=70c6250c-4f33-4026-be88-8964b6ea72de
2026-08-18 20:49:58,933 - INFO - Request for orchestrate_order completed, final_status:COMPLETED,  trace_id=70c6250c-4f33-4026-be88-8964b6ea72de
2026-08-18 20:49:58,958 - INFO - Request for checkout_cart, cart_id=08258874-7c1b-4195-bac5-911347d1a6a8, user_id=None, trace_id=3d87a2dd-f8ea-4a97-9c3f-db9bd9188673
2026-08-18 20:49:58,962 - INFO - Cart Service Called, request_cart_id: 08258874-7c1b-4195-bac5-911347d1a6a8, response_status: 200, trace_id=3d87a2dd-f8ea-4a97-9c3f-db9bd9188673
2026-08-18 20:49:58,967 - INFO - HTTP Request: POST http://127.0.0.1:8002/price "HTTP/1.1 200 OK"
2026-08-18 20:49:58,967 - INFO - Pricing Service Called, req: {'items': [{'product_id': 'b2926dc2-cc6d-4c3e-ae40-7a127c173b16', 'qty': 2}], 'promo_codes': [], 'only_final_price': True}, response_status: 200, trace_id=3d87a2dd-f8ea-4a97-9c3f-db9bd9188673
2026-08-18 20:49:58,968 - INFO - Request for orchestrate_order started, order_id=fd8ff9e4-d56a-40f5-b13a-579b178ee629, trace_id=3d87a2dd-f8ea-4a97-9c3f-db9bd9188673
2026-08-18 20:49:58,978 - INFO - Inventory Reservation Service Called, req: {'order_id': 'fd8ff9e4-d56a-40f5-b13a-579b178ee629', 'items': [{'sku': 'b2926dc2-cc6d-4c3e-ae40-7a127c173b16', 'qty': 2}], 'atomic_update': True, 'delay': 0.0, 'drop': 0}, response_status: 200, response: {'order_id': 'fd8ff9e4-d56a-40f5-b13a-579b178ee629', 'status': 'RESERVED', 'items': [{'sku': 'b2926dc2-cc6d-4c3e-ae40-7a127c173b16', 'remaining': 6}], 'total_input_tokens': 0, 'total_output_tokens': 0, 'total_llm_calls': 0} trace_id=3d87a2dd-f8ea-4a97-9c3f-db9bd9188673
2026-08-18 20:49:59,284 - INFO - Payment Service Called, req: {'order_id': 'fd8ff9e4-d56a-40f5-b13a-579b178ee629', 'final_price': 300.0}, response_status: 200, response: {'order_id': 'fd8ff9e4-d56a-40f5-b13a-579b178ee629', 'status': 'SUCCESS', 'total_input_tokens': 0, 'total_output_tokens': 0, 'total_llm_calls': 0} trace_id=3d87a2dd-f8ea-4a97-9c3f-db9bd9188673
2026-08-18 20:49:59,490 - INFO - Shipment Service Called, req: {'order_id': 'fd8ff9e4-d56a-40f5-b13a-579b178ee629', 'address': 'SAMPLE_ADDRESS'}, response_status: 200, response: {'shipment_id': '0656dbf9-597a-4254-8838-56a13dd69ef5', 'tracking_id': '0862c7bd-ca11-43ae-b885-674ef457a78f', 'total_input_tokens': 0, 'total_output_tokens': 0, 'total_llm_calls': 0} trace_id=3d87a2dd-f8ea-4a97-9c3f-db9bd9188673
2026-08-18 20:49:59,491 - INFO - Request for orchestrate_order completed, final_status:COMPLETED,  trace_id=3d87a2dd-f8ea-4a97-9c3f-db9bd9188673
2026-08-18 20:49:59,516 - INFO - Request for checkout_cart, cart_id=dddec9ab-efa8-41d7-882c-63028577b335, user_id=None, trace_id=738d5df5-0f65-4d16-bc03-6c2395e78b62
2026-08-18 20:49:59,520 - INFO - Cart Service Called, request_cart_id: dddec9ab-efa8-41d7-882c-63028577b335, response_status: 200, trace_id=738d5df5-0f65-4d16-bc03-6c2395e78b62
2026-08-18 20:49:59,525 - INFO - HTTP Request: POST http://127.0.0.1:8002/price "HTTP/1.1 200 OK"
2026-08-18 20:49:59,526 - INFO - Pricing Service Called, req: {'items': [{'product_id': 'b2926dc2-cc6d-4c3e-ae40-7a127c173b16', 'qty': 2}], 'promo_codes': [], 'only_final_price': True}, response_status: 200, trace_id=738d5df5-0f65-4d16-bc03-6c2395e78b62
2026-08-18 20:49:59,526 - INFO - Request for orchestrate_order started, order_id=7a81adce-85d3-44de-b5a9-a5e6a1c8e6d0, trace_id=738d5df5-0f65-4d16-bc03-6c2395e78b62
2026-08-18 20:49:59,533 - INFO - Inventory Reservation Service Called, req: {'order_id': '7a81adce-85d3-44de-b5a9-a5e6a1c8e6d0', 'items': [{'sku': 'b2926dc2-cc6d-4c3e-ae40-7a127c173b16', 'qty': 2}], 'atomic_update': True, 'delay': 0.0, 'drop': 0}, response_status: 200, response: {'order_id': '7a81adce-85d3-44de-b5a9-a5e6a1c8e6d0', 'status': 'RESERVED', 'items': [{'sku': 'b2926dc2-cc6d-4c3e-ae40-7a127c173b16', 'remaining': 4}], 'total_input_tokens': 0, 'total_output_tokens': 0, 'total_llm_calls': 0} trace_id=738d5df5-0f65-4d16-bc03-6c2395e78b62
2026-08-18 20:49:59,838 - INFO - Payment Service Called, req: {'order_id': '7a81adce-85d3-44de-b5a9-a5e6a1c8e6d0', 'final_price': 300.0}, response_status: 200, response: {'order_id': '7a81adce-85d3-44de-b5a9-a5e6a1c8e6d0', 'status': 'SUCCESS', 'total_input_tokens': 0, 'total_output_tokens': 0, 'total_llm_calls': 0} trace_id=738d5df5-0f65-4d16-bc03-6c2395e78b62
2026-08-18 20:50:00,047 - INFO - Shipment Service Called, req: {'order_id': '7a81adce-85d3-44de-b5a9-a5e6a1c8e6d0', 'address': 'SAMPLE_ADDRESS'}, response_status: 200, response: {'shipment_id': 'ec383116-8208-4567-b92f-012d14a7db51', 'tracking_id': '69a0368d-fab7-4e02-be18-9bc02e77617f', 'total_input_tokens': 0, 'total_output_tokens': 0, 'total_llm_calls': 0} trace_id=738d5df5-0f65-4d16-bc03-6c2395e78b62
2026-08-18 20:50:00,048 - INFO - Request for orchestrate_order completed, final_status:COMPLETED,  trace_id=738d5df5-0f65-4d16-bc03-6c2395e78b62
2026-08-18 20:50:00,082 - INFO - Request for checkout_cart, cart_id=db6e9491-baee-4273-965c-a2df3de85b3c, user_id=None, trace_id=33edb4f3-2ce1-44e4-a832-965ec254bee4
2026-08-18 20:50:00,086 - INFO - Cart Service Called, request_cart_id: db6e9491-baee-4273-965c-a2df3de85b3c, response_status: 200, trace_id=33edb4f3-2ce1-44e4-a832-965ec254bee4
2026-08-18 20:50:00,092 - INFO - HTTP Request: POST http://127.0.0.1:8002/price "HTTP/1.1 200 OK"
2026-08-18 20:50:00,093 - INFO - Pricing Service Called, req: {'items': [{'product_id': 'b2926dc2-cc6d-4c3e-ae40-7a127c173b16', 'qty': 2}], 'promo_codes': [], 'only_final_price': True}, response_status: 200, trace_id=33edb4f3-2ce1-44e4-a832-965ec254bee4
2026-08-18 20:50:00,093 - INFO - Request for orchestrate_order started, order_id=c611b263-3a40-45ed-8021-5b35130d74f0, trace_id=33edb4f3-2ce1-44e4-a832-965ec254bee4
2026-08-18 20:50:00,102 - INFO - Inventory Reservation Service Called, req: {'order_id': 'c611b263-3a40-45ed-8021-5b35130d74f0', 'items': [{'sku': 'b2926dc2-cc6d-4c3e-ae40-7a127c173b16', 'qty': 2}], 'atomic_update': True, 'delay': 0.0, 'drop': 0}, response_status: 200, response: {'order_id': 'c611b263-3a40-45ed-8021-5b35130d74f0', 'status': 'RESERVED', 'items': [{'sku': 'b2926dc2-cc6d-4c3e-ae40-7a127c173b16', 'remaining': 2}], 'total_input_tokens': 0, 'total_output_tokens': 0, 'total_llm_calls': 0} trace_id=33edb4f3-2ce1-44e4-a832-965ec254bee4
2026-08-18 20:50:00,409 - INFO - Payment Service Called, req: {'order_id': 'c611b263-3a40-45ed-8021-5b35130d74f0', 'final_price': 300.0}, response_status: 200, response: {'order_id': 'c611b263-3a40-45ed-8021-5b35130d74f0', 'status': 'SUCCESS', 'total_input_tokens': 0, 'total_output_tokens': 0, 'total_llm_calls': 0} trace_id=33edb4f3-2ce1-44e4-a832-965ec254bee4
2026-08-18 20:50:00,622 - INFO - Shipment Service Called, req: {'order_id': 'c611b263-3a40-45ed-8021-5b35130d74f0', 'address': 'SAMPLE_ADDRESS'}, response_status: 200, response: {'shipment_id': '8bfbdd10-4ef2-4358-b495-a033a3b17fa8', 'tracking_id': '0bb9abd8-2247-4334-abd2-6f00f3b74287', 'total_input_tokens': 0, 'total_output_tokens': 0, 'total_llm_calls': 0} trace_id=33edb4f3-2ce1-44e4-a832-965ec254bee4
2026-08-18 20:50:00,625 - INFO - Request for orchestrate_order completed, final_status:COMPLETED,  trace_id=33edb4f3-2ce1-44e4-a832-965ec254bee4
2026-08-18 20:50:00,713 - INFO - Request for checkout_cart, cart_id=dd1af780-5736-4b0e-be37-96f1901a5008, user_id=None, trace_id=1feb4799-7ee7-44bb-bfc2-27a82324e8d0
2026-08-18 20:50:00,732 - INFO - Cart Service Called, request_cart_id: dd1af780-5736-4b0e-be37-96f1901a5008, response_status: 200, trace_id=1feb4799-7ee7-44bb-bfc2-27a82324e8d0
2026-08-18 20:50:00,740 - INFO - HTTP Request: POST http://127.0.0.1:8002/price "HTTP/1.1 200 OK"
2026-08-18 20:50:00,741 - INFO - Pricing Service Called, req: {'items': [{'product_id': 'b2926dc2-cc6d-4c3e-ae40-7a127c173b16', 'qty': 2}], 'promo_codes': [], 'only_final_price': True}, response_status: 200, trace_id=1feb4799-7ee7-44bb-bfc2-27a82324e8d0
2026-08-18 20:50:00,742 - INFO - Request for orchestrate_order started, order_id=5d6c4905-0d9f-4064-a5d3-a9c6820e10c4, trace_id=1feb4799-7ee7-44bb-bfc2-27a82324e8d0
2026-08-18 20:50:00,754 - INFO - Inventory Reservation Service Called, req: {'order_id': '5d6c4905-0d9f-4064-a5d3-a9c6820e10c4', 'items': [{'sku': 'b2926dc2-cc6d-4c3e-ae40-7a127c173b16', 'qty': 2}], 'atomic_update': True, 'delay': 0.0, 'drop': 0}, response_status: 200, response: {'order_id': '5d6c4905-0d9f-4064-a5d3-a9c6820e10c4', 'status': 'RESERVED', 'items': [{'sku': 'b2926dc2-cc6d-4c3e-ae40-7a127c173b16', 'remaining': 0}], 'total_input_tokens': 0, 'total_output_tokens': 0, 'total_llm_calls': 0} trace_id=1feb4799-7ee7-44bb-bfc2-27a82324e8d0
2026-08-18 20:50:01,065 - INFO - Payment Service Called, req: {'order_id': '5d6c4905-0d9f-4064-a5d3-a9c6820e10c4', 'final_price': 300.0}, response_status: 200, response: {'order_id': '5d6c4905-0d9f-4064-a5d3-a9c6820e10c4', 'status': 'SUCCESS', 'total_input_tokens': 0, 'total_output_tokens': 0, 'total_llm_calls': 0} trace_id=1feb4799-7ee7-44bb-bfc2-27a82324e8d0
2026-08-18 20:50:01,281 - INFO - Shipment Service Called, req: {'order_id': '5d6c4905-0d9f-4064-a5d3-a9c6820e10c4', 'address': 'SAMPLE_ADDRESS'}, response_status: 200, response: {'shipment_id': '7c105b17-0f98-40d4-8f77-0823420cc6b7', 'tracking_id': 'd5bb16cc-f3f0-4786-a622-2313f568b226', 'total_input_tokens': 0, 'total_output_tokens': 0, 'total_llm_calls': 0} trace_id=1feb4799-7ee7-44bb-bfc2-27a82324e8d0
2026-08-18 20:50:01,284 - INFO - Request for orchestrate_order completed, final_status:COMPLETED,  trace_id=1feb4799-7ee7-44bb-bfc2-27a82324e8d0
2026-08-18 20:51:32,767 - INFO - Request for checkout_cart, cart_id=af0e0c6e-4398-41b8-9d96-0583684e85db, user_id=None, trace_id=031947ab-4a5c-4f38-9608-1219cb5052f5
2026-08-18 20:51:32,771 - INFO - Cart Service Called, request_cart_id: af0e0c6e-4398-41b8-9d96-0583684e85db, response_status: 200, trace_id=031947ab-4a5c-4f38-9608-1219cb5052f5
2026-08-18 20:51:32,775 - INFO - HTTP Request: POST http://127.0.0.1:8002/price "HTTP/1.1 200 OK"
2026-08-18 20:51:32,776 - INFO - Pricing Service Called, req: {'items': [{'product_id': 'b2926dc2-cc6d-4c3e-ae40-7a127c173b16', 'qty': 2}], 'promo_codes': [], 'only_final_price': True}, response_status: 200, trace_id=031947ab-4a5c-4f38-9608-1219cb5052f5
2026-08-18 20:51:32,776 - INFO - Request for orchestrate_order started, order_id=21ed6bce-e77a-472d-bdd4-6bb89b0a424d, trace_id=031947ab-4a5c-4f38-9608-1219cb5052f5
2026-08-18 20:51:32,784 - INFO - Inventory Reservation Service Called, req: {'order_id': '21ed6bce-e77a-472d-bdd4-6bb89b0a424d', 'items': [{'sku': 'b2926dc2-cc6d-4c3e-ae40-7a127c173b16', 'qty': 2}], 'atomic_update': True, 'delay': 0.0, 'drop': 0}, response_status: 200, response: {'order_id': '21ed6bce-e77a-472d-bdd4-6bb89b0a424d', 'status': 'RESERVED', 'items': [{'sku': 'b2926dc2-cc6d-4c3e-ae40-7a127c173b16', 'remaining': 8}], 'total_input_tokens': 0, 'total_output_tokens': 0, 'total_llm_calls': 0} trace_id=031947ab-4a5c-4f38-9608-1219cb5052f5
2026-08-18 20:51:33,094 - INFO - Payment Service Called, req: {'order_id': '21ed6bce-e77a-472d-bdd4-6bb89b0a424d', 'final_price': 300.0}, response_status: 200, response: {'order_id': '21ed6bce-e77a-472d-bdd4-6bb89b0a424d', 'status': 'SUCCESS', 'total_input_tokens': 0, 'total_output_tokens': 0, 'total_llm_calls': 0} trace_id=031947ab-4a5c-4f38-9608-1219cb5052f5
2026-08-18 20:51:33,307 - INFO - Shipment Service Called, req: {'order_id': '21ed6bce-e77a-472d-bdd4-6bb89b0a424d', 'address': 'SAMPLE_ADDRESS'}, response_status: 200, response: {'shipment_id': '76cae6f4-9b0a-427c-a454-a64a0a0e27c9', 'tracking_id': '25ff8d37-65ac-4614-b387-b83c06bb8ad1', 'total_input_tokens': 0, 'total_output_tokens': 0, 'total_llm_calls': 0} trace_id=031947ab-4a5c-4f38-9608-1219cb5052f5
2026-08-18 20:51:33,308 - INFO - Request for orchestrate_order completed, final_status:COMPLETED,  trace_id=031947ab-4a5c-4f38-9608-1219cb5052f5
2026-08-18 20:51:33,332 - INFO - Request for checkout_cart, cart_id=33e0f567-618d-4bec-8b08-d6aaa82ea0ba, user_id=None, trace_id=c25ad0cc-c68b-4828-9c74-5afc6abd7595
2026-08-18 20:51:33,337 - INFO - Cart Service Called, request_cart_id: 33e0f567-618d-4bec-8b08-d6aaa82ea0ba, response_status: 200, trace_id=c25ad0cc-c68b-4828-9c74-5afc6abd7595
2026-08-18 20:51:33,340 - INFO - HTTP Request: POST http://127.0.0.1:8002/price "HTTP/1.1 200 OK"
2026-08-18 20:51:33,341 - INFO - Pricing Service Called, req: {'items': [{'product_id': 'b2926dc2-cc6d-4c3e-ae40-7a127c173b16', 'qty': 2}], 'promo_codes': [], 'only_final_price': True}, response_status: 200, trace_id=c25ad0cc-c68b-4828-9c74-5afc6abd7595
2026-08-18 20:51:33,341 - INFO - Request for orchestrate_order started, order_id=502a9916-a631-4723-9351-688c3ed4dd85, trace_id=c25ad0cc-c68b-4828-9c74-5afc6abd7595
2026-08-18 20:51:33,348 - INFO - Inventory Reservation Service Called, req: {'order_id': '502a9916-a631-4723-9351-688c3ed4dd85', 'items': [{'sku': 'b2926dc2-cc6d-4c3e-ae40-7a127c173b16', 'qty': 2}], 'atomic_update': True, 'delay': 0.0, 'drop': 0}, response_status: 200, response: {'order_id': '502a9916-a631-4723-9351-688c3ed4dd85', 'status': 'RESERVED', 'items': [{'sku': 'b2926dc2-cc6d-4c3e-ae40-7a127c173b16', 'remaining': 6}], 'total_input_tokens': 0, 'total_output_tokens': 0, 'total_llm_calls': 0} trace_id=c25ad0cc-c68b-4828-9c74-5afc6abd7595
2026-08-18 20:51:33,657 - INFO - Payment Service Called, req: {'order_id': '502a9916-a631-4723-9351-688c3ed4dd85', 'final_price': 300.0}, response_status: 200, response: {'order_id': '502a9916-a631-4723-9351-688c3ed4dd85', 'status': 'SUCCESS', 'total_input_tokens': 0, 'total_output_tokens': 0, 'total_llm_calls': 0} trace_id=c25ad0cc-c68b-4828-9c74-5afc6abd7595
2026-08-18 20:51:33,869 - INFO - Shipment Service Called, req: {'order_id': '502a9916-a631-4723-9351-688c3ed4dd85', 'address': 'SAMPLE_ADDRESS'}, response_status: 200, response: {'shipment_id': '1a8b8d66-20e1-4dea-b8a1-aaea3437024f', 'tracking_id': 'c4799689-cb08-4651-befd-cc50347f375e', 'total_input_tokens': 0, 'total_output_tokens': 0, 'total_llm_calls': 0} trace_id=c25ad0cc-c68b-4828-9c74-5afc6abd7595
2026-08-18 20:51:33,870 - INFO - Request for orchestrate_order completed, final_status:COMPLETED,  trace_id=c25ad0cc-c68b-4828-9c74-5afc6abd7595
2026-08-18 20:51:33,901 - INFO - Request for checkout_cart, cart_id=237ba83b-d09a-4984-8552-ce453306c5a0, user_id=None, trace_id=de55c579-78b2-4b6e-a296-16e3a6b2500a
2026-08-18 20:51:33,907 - INFO - Cart Service Called, request_cart_id: 237ba83b-d09a-4984-8552-ce453306c5a0, response_status: 200, trace_id=de55c579-78b2-4b6e-a296-16e3a6b2500a
2026-08-18 20:51:33,912 - INFO - HTTP Request: POST http://127.0.0.1:8002/price "HTTP/1.1 200 OK"
2026-08-18 20:51:33,914 - INFO - Pricing Service Called, req: {'items': [{'product_id': 'b2926dc2-cc6d-4c3e-ae40-7a127c173b16', 'qty': 2}], 'promo_codes': [], 'only_final_price': True}, response_status: 200, trace_id=de55c579-78b2-4b6e-a296-16e3a6b2500a
2026-08-18 20:51:33,914 - INFO - Request for orchestrate_order started, order_id=c44dce83-10ec-40e3-9603-bd64f560827a, trace_id=de55c579-78b2-4b6e-a296-16e3a6b2500a
2026-08-18 20:51:33,922 - INFO - Inventory Reservation Service Called, req: {'order_id': 'c44dce83-10ec-40e3-9603-bd64f560827a', 'items': [{'sku': 'b2926dc2-cc6d-4c3e-ae40-7a127c173b16', 'qty': 2}], 'atomic_update': True, 'delay': 0.0, 'drop': 0}, response_status: 200, response: {'order_id': 'c44dce83-10ec-40e3-9603-bd64f560827a', 'status': 'RESERVED', 'items': [{'sku': 'b2926dc2-cc6d-4c3e-ae40-7a127c173b16', 'remaining': 4}], 'total_input_tokens': 0, 'total_output_tokens': 0, 'total_llm_calls': 0} trace_id=de55c579-78b2-4b6e-a296-16e3a6b2500a
2026-08-18 20:51:34,231 - INFO - Payment Service Called, req: {'order_id': 'c44dce83-10ec-40e3-9603-bd64f560827a', 'final_price': 300.0}, response_status: 200, response: {'order_id': 'c44dce83-10ec-40e3-9603-bd64f560827a', 'status': 'SUCCESS', 'total_input_tokens': 0, 'total_output_tokens': 0, 'total_llm_calls': 0} trace_id=de55c579-78b2-4b6e-a296-16e3a6b2500a
2026-08-18 20:51:34,444 - INFO - Shipment Service Called, req: {'order_id': 'c44dce83-10ec-40e3-9603-bd64f560827a', 'address': 'SAMPLE_ADDRESS'}, response_status: 200, response: {'shipment_id': 'd891cfa2-9761-4a8a-acea-af312bb52144', 'tracking_id': 'b907457b-b5df-4dc7-8bd1-85b803d80de0', 'total_input_tokens': 0, 'total_output_tokens': 0, 'total_llm_calls': 0} trace_id=de55c579-78b2-4b6e-a296-16e3a6b2500a
2026-08-18 20:51:34,445 - INFO - Request for orchestrate_order completed, final_status:COMPLETED,  trace_id=de55c579-78b2-4b6e-a296-16e3a6b2500a
2026-08-18 20:51:34,470 - INFO - Request for checkout_cart, cart_id=29455174-83a7-4237-96ee-f84269b3bb4b, user_id=None, trace_id=23cdb36d-afaf-4292-9591-9389cc2483a4
2026-08-18 20:51:34,476 - INFO - Cart Service Called, request_cart_id: 29455174-83a7-4237-96ee-f84269b3bb4b, response_status: 200, trace_id=23cdb36d-afaf-4292-9591-9389cc2483a4
2026-08-18 20:51:34,486 - INFO - HTTP Request: POST http://127.0.0.1:8002/price "HTTP/1.1 200 OK"
2026-08-18 20:51:34,487 - INFO - Pricing Service Called, req: {'items': [{'product_id': 'b2926dc2-cc6d-4c3e-ae40-7a127c173b16', 'qty': 2}], 'promo_codes': [], 'only_final_price': True}, response_status: 200, trace_id=23cdb36d-afaf-4292-9591-9389cc2483a4
2026-08-18 20:51:34,487 - INFO - Request for orchestrate_order started, order_id=be12a2cf-c38e-4027-b959-5146c06dbe19, trace_id=23cdb36d-afaf-4292-9591-9389cc2483a4
2026-08-18 20:51:34,493 - INFO - Inventory Reservation Service Called, req: {'order_id': 'be12a2cf-c38e-4027-b959-5146c06dbe19', 'items': [{'sku': 'b2926dc2-cc6d-4c3e-ae40-7a127c173b16', 'qty': 2}], 'atomic_update': True, 'delay': 0.0, 'drop': 0}, response_status: 200, response: {'order_id': 'be12a2cf-c38e-4027-b959-5146c06dbe19', 'status': 'RESERVED', 'items': [{'sku': 'b2926dc2-cc6d-4c3e-ae40-7a127c173b16', 'remaining': 2}], 'total_input_tokens': 0, 'total_output_tokens': 0, 'total_llm_calls': 0} trace_id=23cdb36d-afaf-4292-9591-9389cc2483a4
2026-08-18 20:51:34,804 - INFO - Payment Service Called, req: {'order_id': 'be12a2cf-c38e-4027-b959-5146c06dbe19', 'final_price': 300.0}, response_status: 200, response: {'order_id': 'be12a2cf-c38e-4027-b959-5146c06dbe19', 'status': 'SUCCESS', 'total_input_tokens': 0, 'total_output_tokens': 0, 'total_llm_calls': 0} trace_id=23cdb36d-afaf-4292-9591-9389cc2483a4
2026-08-18 20:51:35,020 - INFO - Shipment Service Called, req: {'order_id': 'be12a2cf-c38e-4027-b959-5146c06dbe19', 'address': 'SAMPLE_ADDRESS'}, response_status: 200, response: {'shipment_id': '5e1d5e6d-07fa-406e-ab8b-08b32d3fbb22', 'tracking_id': '7412bfe1-d4e7-4317-8774-6e1a5234dd9b', 'total_input_tokens': 0, 'total_output_tokens': 0, 'total_llm_calls': 0} trace_id=23cdb36d-afaf-4292-9591-9389cc2483a4
2026-08-18 20:51:35,024 - INFO - Request for orchestrate_order completed, final_status:COMPLETED,  trace_id=23cdb36d-afaf-4292-9591-9389cc2483a4
2026-08-18 20:51:35,069 - INFO - Request for checkout_cart, cart_id=a5d9ba12-bd66-48ff-8da6-bfd558f9cde0, user_id=None, trace_id=1e73cd9b-0599-4f27-afd9-c55568614293
2026-08-18 20:51:35,073 - INFO - Cart Service Called, request_cart_id: a5d9ba12-bd66-48ff-8da6-bfd558f9cde0, response_status: 200, trace_id=1e73cd9b-0599-4f27-afd9-c55568614293
2026-08-18 20:51:35,076 - INFO - HTTP Request: POST http://127.0.0.1:8002/price "HTTP/1.1 200 OK"
2026-08-18 20:51:35,077 - INFO - Pricing Service Called, req: {'items': [{'product_id': 'b2926dc2-cc6d-4c3e-ae40-7a127c173b16', 'qty': 2}], 'promo_codes': [], 'only_final_price': True}, response_status: 200, trace_id=1e73cd9b-0599-4f27-afd9-c55568614293
2026-08-18 20:51:35,077 - INFO - Request for orchestrate_order started, order_id=373f8e53-0554-4988-bc7b-5aea75bae9db, trace_id=1e73cd9b-0599-4f27-afd9-c55568614293
2026-08-18 20:51:35,084 - INFO - Inventory Reservation Service Called, req: {'order_id': '373f8e53-0554-4988-bc7b-5aea75bae9db', 'items': [{'sku': 'b2926dc2-cc6d-4c3e-ae40-7a127c173b16', 'qty': 2}], 'atomic_update': True, 'delay': 0.0, 'drop': 0}, response_status: 200, response: {'order_id': '373f8e53-0554-4988-bc7b-5aea75bae9db', 'status': 'RESERVED', 'items': [{'sku': 'b2926dc2-cc6d-4c3e-ae40-7a127c173b16', 'remaining': 0}], 'total_input_tokens': 0, 'total_output_tokens': 0, 'total_llm_calls': 0} trace_id=1e73cd9b-0599-4f27-afd9-c55568614293
2026-08-18 20:51:35,394 - INFO - Payment Service Called, req: {'order_id': '373f8e53-0554-4988-bc7b-5aea75bae9db', 'final_price': 300.0}, response_status: 200, response: {'order_id': '373f8e53-0554-4988-bc7b-5aea75bae9db', 'status': 'SUCCESS', 'total_input_tokens': 0, 'total_output_tokens': 0, 'total_llm_calls': 0} trace_id=1e73cd9b-0599-4f27-afd9-c55568614293
2026-08-18 20:51:35,613 - INFO - Shipment Service Called, req: {'order_id': '373f8e53-0554-4988-bc7b-5aea75bae9db', 'address': 'SAMPLE_ADDRESS'}, response_status: 200, response: {'shipment_id': 'fdc8eb1b-0192-4817-9950-182e06492249', 'tracking_id': '29a6b887-f21d-4ded-894f-6cf3ac95f162', 'total_input_tokens': 0, 'total_output_tokens': 0, 'total_llm_calls': 0} trace_id=1e73cd9b-0599-4f27-afd9-c55568614293
2026-08-18 20:51:35,616 - INFO - Request for orchestrate_order completed, final_status:COMPLETED,  trace_id=1e73cd9b-0599-4f27-afd9-c55568614293
2026-08-18 20:52:59,063 - INFO - Request for checkout_cart, cart_id=1cb8646f-f109-4b1c-8fd2-71e6b68a3f47, user_id=None, trace_id=f807e72f-5524-42a7-8784-df87b23d395e
2026-08-18 20:52:59,069 - INFO - Cart Service Called, request_cart_id: 1cb8646f-f109-4b1c-8fd2-71e6b68a3f47, response_status: 200, trace_id=f807e72f-5524-42a7-8784-df87b23d395e
2026-08-18 20:52:59,081 - INFO - HTTP Request: POST http://127.0.0.1:8002/price "HTTP/1.1 200 OK"
2026-08-18 20:52:59,082 - INFO - Pricing Service Called, req: {'items': [{'product_id': 'b2926dc2-cc6d-4c3e-ae40-7a127c173b16', 'qty': 2}], 'promo_codes': [], 'only_final_price': True}, response_status: 200, trace_id=f807e72f-5524-42a7-8784-df87b23d395e
2026-08-18 20:52:59,085 - INFO - Request for orchestrate_order started, order_id=7a366cab-10c9-4dd8-aa19-ba2a540d33eb, trace_id=f807e72f-5524-42a7-8784-df87b23d395e
2026-08-18 20:52:59,100 - INFO - Inventory Reservation Service Called, req: {'order_id': '7a366cab-10c9-4dd8-aa19-ba2a540d33eb', 'items': [{'sku': 'b2926dc2-cc6d-4c3e-ae40-7a127c173b16', 'qty': 2}], 'atomic_update': True, 'delay': 0.0, 'drop': 0}, response_status: 200, response: {'order_id': '7a366cab-10c9-4dd8-aa19-ba2a540d33eb', 'status': 'RESERVED', 'items': [{'sku': 'b2926dc2-cc6d-4c3e-ae40-7a127c173b16', 'remaining': 8}], 'total_input_tokens': 0, 'total_output_tokens': 0, 'total_llm_calls': 0} trace_id=f807e72f-5524-42a7-8784-df87b23d395e
2026-08-18 20:52:59,414 - INFO - Payment Service Called, req: {'order_id': '7a366cab-10c9-4dd8-aa19-ba2a540d33eb', 'final_price': 300.0}, response_status: 200, response: {'order_id': '7a366cab-10c9-4dd8-aa19-ba2a540d33eb', 'status': 'SUCCESS', 'total_input_tokens': 0, 'total_output_tokens': 0, 'total_llm_calls': 0} trace_id=f807e72f-5524-42a7-8784-df87b23d395e
2026-08-18 20:52:59,630 - INFO - Shipment Service Called, req: {'order_id': '7a366cab-10c9-4dd8-aa19-ba2a540d33eb', 'address': 'SAMPLE_ADDRESS'}, response_status: 200, response: {'shipment_id': 'a89f445f-9e4c-450f-87bb-a0c723f11852', 'tracking_id': '3aedd0c4-8b1d-4ce5-adae-573d36feeaa2', 'total_input_tokens': 0, 'total_output_tokens': 0, 'total_llm_calls': 0} trace_id=f807e72f-5524-42a7-8784-df87b23d395e
2026-08-18 20:52:59,633 - INFO - Request for orchestrate_order completed, final_status:COMPLETED,  trace_id=f807e72f-5524-42a7-8784-df87b23d395e
2026-08-18 20:52:59,687 - INFO - Request for checkout_cart, cart_id=1cb2fbee-84d8-43bd-a0e9-44390caf907e, user_id=None, trace_id=77378dfc-570d-427d-ae0f-17af2fe8eea7
2026-08-18 20:52:59,696 - INFO - Cart Service Called, request_cart_id: 1cb2fbee-84d8-43bd-a0e9-44390caf907e, response_status: 200, trace_id=77378dfc-570d-427d-ae0f-17af2fe8eea7
2026-08-18 20:52:59,704 - INFO - HTTP Request: POST http://127.0.0.1:8002/price "HTTP/1.1 200 OK"
2026-08-18 20:52:59,705 - INFO - Pricing Service Called, req: {'items': [{'product_id': 'b2926dc2-cc6d-4c3e-ae40-7a127c173b16', 'qty': 2}], 'promo_codes': [], 'only_final_price': True}, response_status: 200, trace_id=77378dfc-570d-427d-ae0f-17af2fe8eea7
2026-08-18 20:52:59,706 - INFO - Request for orchestrate_order started, order_id=9b23cf9e-a4fb-42ff-8a84-2839a8d28c5c, trace_id=77378dfc-570d-427d-ae0f-17af2fe8eea7
2026-08-18 20:52:59,716 - INFO - Inventory Reservation Service Called, req: {'order_id': '9b23cf9e-a4fb-42ff-8a84-2839a8d28c5c', 'items': [{'sku': 'b2926dc2-cc6d-4c3e-ae40-7a127c173b16', 'qty': 2}], 'atomic_update': True, 'delay': 0.0, 'drop': 0}, response_status: 200, response: {'order_id': '9b23cf9e-a4fb-42ff-8a84-2839a8d28c5c', 'status': 'RESERVED', 'items': [{'sku': 'b2926dc2-cc6d-4c3e-ae40-7a127c173b16', 'remaining': 6}], 'total_input_tokens': 0, 'total_output_tokens': 0, 'total_llm_calls': 0} trace_id=77378dfc-570d-427d-ae0f-17af2fe8eea7
2026-08-18 20:53:00,028 - INFO - Payment Service Called, req: {'order_id': '9b23cf9e-a4fb-42ff-8a84-2839a8d28c5c', 'final_price': 300.0}, response_status: 200, response: {'order_id': '9b23cf9e-a4fb-42ff-8a84-2839a8d28c5c', 'status': 'SUCCESS', 'total_input_tokens': 0, 'total_output_tokens': 0, 'total_llm_calls': 0} trace_id=77378dfc-570d-427d-ae0f-17af2fe8eea7
2026-08-18 20:53:00,244 - INFO - Shipment Service Called, req: {'order_id': '9b23cf9e-a4fb-42ff-8a84-2839a8d28c5c', 'address': 'SAMPLE_ADDRESS'}, response_status: 200, response: {'shipment_id': '02e3d1bb-ae47-435c-8174-77d463872cbc', 'tracking_id': '76d8291e-0a0b-4139-9e57-6af5aa8d8036', 'total_input_tokens': 0, 'total_output_tokens': 0, 'total_llm_calls': 0} trace_id=77378dfc-570d-427d-ae0f-17af2fe8eea7
2026-08-18 20:53:00,247 - INFO - Request for orchestrate_order completed, final_status:COMPLETED,  trace_id=77378dfc-570d-427d-ae0f-17af2fe8eea7
2026-08-18 20:53:00,312 - INFO - Request for checkout_cart, cart_id=df41efbe-ac07-43b6-a15a-69c37ea5be4e, user_id=None, trace_id=92f0d93d-70fe-44ce-a3ff-46284afce570
2026-08-18 20:53:00,319 - INFO - Cart Service Called, request_cart_id: df41efbe-ac07-43b6-a15a-69c37ea5be4e, response_status: 200, trace_id=92f0d93d-70fe-44ce-a3ff-46284afce570
2026-08-18 20:53:00,326 - INFO - HTTP Request: POST http://127.0.0.1:8002/price "HTTP/1.1 200 OK"
2026-08-18 20:53:00,327 - INFO - Pricing Service Called, req: {'items': [{'product_id': 'b2926dc2-cc6d-4c3e-ae40-7a127c173b16', 'qty': 2}], 'promo_codes': [], 'only_final_price': True}, response_status: 200, trace_id=92f0d93d-70fe-44ce-a3ff-46284afce570
2026-08-18 20:53:00,327 - INFO - Request for orchestrate_order started, order_id=0790784d-927b-4bd5-9a80-9e62ce3bd2d3, trace_id=92f0d93d-70fe-44ce-a3ff-46284afce570
2026-08-18 20:53:00,335 - INFO - Inventory Reservation Service Called, req: {'order_id': '0790784d-927b-4bd5-9a80-9e62ce3bd2d3', 'items': [{'sku': 'b2926dc2-cc6d-4c3e-ae40-7a127c173b16', 'qty': 2}], 'atomic_update': True, 'delay': 0.0, 'drop': 0}, response_status: 200, response: {'order_id': '0790784d-927b-4bd5-9a80-9e62ce3bd2d3', 'status': 'RESERVED', 'items': [{'sku': 'b2926dc2-cc6d-4c3e-ae40-7a127c173b16', 'remaining': 4}], 'total_input_tokens': 0, 'total_output_tokens': 0, 'total_llm_calls': 0} trace_id=92f0d93d-70fe-44ce-a3ff-46284afce570
2026-08-18 20:53:00,645 - INFO - Payment Service Called, req: {'order_id': '0790784d-927b-4bd5-9a80-9e62ce3bd2d3', 'final_price': 300.0}, response_status: 200, response: {'order_id': '0790784d-927b-4bd5-9a80-9e62ce3bd2d3', 'status': 'SUCCESS', 'total_input_tokens': 0, 'total_output_tokens': 0, 'total_llm_calls': 0} trace_id=92f0d93d-70fe-44ce-a3ff-46284afce570
2026-08-18 20:53:00,857 - INFO - Shipment Service Called, req: {'order_id': '0790784d-927b-4bd5-9a80-9e62ce3bd2d3', 'address': 'SAMPLE_ADDRESS'}, response_status: 200, response: {'shipment_id': 'be0e65b1-eab0-4ebe-81a3-492d1aa763b4', 'tracking_id': '602831b8-2ead-422b-b3aa-805cecb12755', 'total_input_tokens': 0, 'total_output_tokens': 0, 'total_llm_calls': 0} trace_id=92f0d93d-70fe-44ce-a3ff-46284afce570
2026-08-18 20:53:00,858 - INFO - Request for orchestrate_order completed, final_status:COMPLETED,  trace_id=92f0d93d-70fe-44ce-a3ff-46284afce570
2026-08-18 20:53:00,885 - INFO - Request for checkout_cart, cart_id=f5ace2f7-3df8-4ec8-b924-51f25bbe98d2, user_id=None, trace_id=e55a1a0f-8164-4ad5-a221-c1fe45451ece
2026-08-18 20:53:00,895 - INFO - Cart Service Called, request_cart_id: f5ace2f7-3df8-4ec8-b924-51f25bbe98d2, response_status: 200, trace_id=e55a1a0f-8164-4ad5-a221-c1fe45451ece
2026-08-18 20:53:00,900 - INFO - HTTP Request: POST http://127.0.0.1:8002/price "HTTP/1.1 200 OK"
2026-08-18 20:53:00,901 - INFO - Pricing Service Called, req: {'items': [{'product_id': 'b2926dc2-cc6d-4c3e-ae40-7a127c173b16', 'qty': 2}], 'promo_codes': [], 'only_final_price': True}, response_status: 200, trace_id=e55a1a0f-8164-4ad5-a221-c1fe45451ece
2026-08-18 20:53:00,901 - INFO - Request for orchestrate_order started, order_id=b777b80e-0be8-4c0e-8e7e-cc77ac8aad0d, trace_id=e55a1a0f-8164-4ad5-a221-c1fe45451ece
2026-08-18 20:53:00,909 - INFO - Inventory Reservation Service Called, req: {'order_id': 'b777b80e-0be8-4c0e-8e7e-cc77ac8aad0d', 'items': [{'sku': 'b2926dc2-cc6d-4c3e-ae40-7a127c173b16', 'qty': 2}], 'atomic_update': True, 'delay': 0.0, 'drop': 0}, response_status: 200, response: {'order_id': 'b777b80e-0be8-4c0e-8e7e-cc77ac8aad0d', 'status': 'RESERVED', 'items': [{'sku': 'b2926dc2-cc6d-4c3e-ae40-7a127c173b16', 'remaining': 2}], 'total_input_tokens': 0, 'total_output_tokens': 0, 'total_llm_calls': 0} trace_id=e55a1a0f-8164-4ad5-a221-c1fe45451ece
2026-08-18 20:53:01,217 - INFO - Payment Service Called, req: {'order_id': 'b777b80e-0be8-4c0e-8e7e-cc77ac8aad0d', 'final_price': 300.0}, response_status: 200, response: {'order_id': 'b777b80e-0be8-4c0e-8e7e-cc77ac8aad0d', 'status': 'SUCCESS', 'total_input_tokens': 0, 'total_output_tokens': 0, 'total_llm_calls': 0} trace_id=e55a1a0f-8164-4ad5-a221-c1fe45451ece
2026-08-18 20:53:01,433 - INFO - Shipment Service Called, req: {'order_id': 'b777b80e-0be8-4c0e-8e7e-cc77ac8aad0d', 'address': 'SAMPLE_ADDRESS'}, response_status: 200, response: {'shipment_id': 'ed5afc7c-5ce3-4f83-a1b9-64a7400e2cfe', 'tracking_id': 'd50e2fbc-52d7-44f3-a8b9-eee57b1aa6b8', 'total_input_tokens': 0, 'total_output_tokens': 0, 'total_llm_calls': 0} trace_id=e55a1a0f-8164-4ad5-a221-c1fe45451ece
2026-08-18 20:53:01,436 - INFO - Request for orchestrate_order completed, final_status:COMPLETED,  trace_id=e55a1a0f-8164-4ad5-a221-c1fe45451ece
2026-08-18 20:53:01,475 - INFO - Request for checkout_cart, cart_id=a6b7f1ab-8826-46d9-ae16-68bb8a0282b7, user_id=None, trace_id=00b85428-3412-4360-9cde-10457f00f8fe
2026-08-18 20:53:01,479 - INFO - Cart Service Called, request_cart_id: a6b7f1ab-8826-46d9-ae16-68bb8a0282b7, response_status: 200, trace_id=00b85428-3412-4360-9cde-10457f00f8fe
2026-08-18 20:53:01,482 - INFO - HTTP Request: POST http://127.0.0.1:8002/price "HTTP/1.1 200 OK"
2026-08-18 20:53:01,483 - INFO - Pricing Service Called, req: {'items': [{'product_id': 'b2926dc2-cc6d-4c3e-ae40-7a127c173b16', 'qty': 2}], 'promo_codes': [], 'only_final_price': True}, response_status: 200, trace_id=00b85428-3412-4360-9cde-10457f00f8fe
2026-08-18 20:53:01,483 - INFO - Request for orchestrate_order started, order_id=4f33130e-46ee-4bd1-9709-0650278b89e0, trace_id=00b85428-3412-4360-9cde-10457f00f8fe
2026-08-18 20:53:01,492 - INFO - Inventory Reservation Service Called, req: {'order_id': '4f33130e-46ee-4bd1-9709-0650278b89e0', 'items': [{'sku': 'b2926dc2-cc6d-4c3e-ae40-7a127c173b16', 'qty': 2}], 'atomic_update': True, 'delay': 0.0, 'drop': 0}, response_status: 200, response: {'order_id': '4f33130e-46ee-4bd1-9709-0650278b89e0', 'status': 'RESERVED', 'items': [{'sku': 'b2926dc2-cc6d-4c3e-ae40-7a127c173b16', 'remaining': 0}], 'total_input_tokens': 0, 'total_output_tokens': 0, 'total_llm_calls': 0} trace_id=00b85428-3412-4360-9cde-10457f00f8fe
2026-08-18 20:53:01,801 - INFO - Payment Service Called, req: {'order_id': '4f33130e-46ee-4bd1-9709-0650278b89e0', 'final_price': 300.0}, response_status: 200, response: {'order_id': '4f33130e-46ee-4bd1-9709-0650278b89e0', 'status': 'SUCCESS', 'total_input_tokens': 0, 'total_output_tokens': 0, 'total_llm_calls': 0} trace_id=00b85428-3412-4360-9cde-10457f00f8fe
2026-08-18 20:53:02,012 - INFO - Shipment Service Called, req: {'order_id': '4f33130e-46ee-4bd1-9709-0650278b89e0', 'address': 'SAMPLE_ADDRESS'}, response_status: 200, response: {'shipment_id': '7057e85a-4ee1-4ae2-a9ac-3f7013e2e430', 'tracking_id': 'fd676340-dd54-443e-b521-9a4526a7e01e', 'total_input_tokens': 0, 'total_output_tokens': 0, 'total_llm_calls': 0} trace_id=00b85428-3412-4360-9cde-10457f00f8fe
2026-08-18 20:53:02,013 - INFO - Request for orchestrate_order completed, final_status:COMPLETED,  trace_id=00b85428-3412-4360-9cde-10457f00f8fe
2026-08-18 20:54:36,275 - INFO - Request for checkout_cart, cart_id=f168f63e-52a3-4a7c-8a69-024bf4ac546e, user_id=None, trace_id=185866ed-cf0d-4438-a198-1b7aa41b7fe9
2026-08-18 20:54:36,279 - INFO - Cart Service Called, request_cart_id: f168f63e-52a3-4a7c-8a69-024bf4ac546e, response_status: 200, trace_id=185866ed-cf0d-4438-a198-1b7aa41b7fe9
2026-08-18 20:54:36,284 - INFO - HTTP Request: POST http://127.0.0.1:8002/price "HTTP/1.1 200 OK"
2026-08-18 20:54:36,285 - INFO - Pricing Service Called, req: {'items': [{'product_id': 'b2926dc2-cc6d-4c3e-ae40-7a127c173b16', 'qty': 2}], 'promo_codes': [], 'only_final_price': True}, response_status: 200, trace_id=185866ed-cf0d-4438-a198-1b7aa41b7fe9
2026-08-18 20:54:36,285 - INFO - Request for orchestrate_order started, order_id=16b30459-037b-4827-8cf4-c3acaf89530c, trace_id=185866ed-cf0d-4438-a198-1b7aa41b7fe9
2026-08-18 20:54:36,292 - INFO - Inventory Reservation Service Called, req: {'order_id': '16b30459-037b-4827-8cf4-c3acaf89530c', 'items': [{'sku': 'b2926dc2-cc6d-4c3e-ae40-7a127c173b16', 'qty': 2}], 'atomic_update': True, 'delay': 0.0, 'drop': 0}, response_status: 200, response: {'order_id': '16b30459-037b-4827-8cf4-c3acaf89530c', 'status': 'RESERVED', 'items': [{'sku': 'b2926dc2-cc6d-4c3e-ae40-7a127c173b16', 'remaining': 8}], 'total_input_tokens': 0, 'total_output_tokens': 0, 'total_llm_calls': 0} trace_id=185866ed-cf0d-4438-a198-1b7aa41b7fe9
2026-08-18 20:54:36,599 - INFO - Payment Service Called, req: {'order_id': '16b30459-037b-4827-8cf4-c3acaf89530c', 'final_price': 300.0}, response_status: 200, response: {'order_id': '16b30459-037b-4827-8cf4-c3acaf89530c', 'status': 'SUCCESS', 'total_input_tokens': 0, 'total_output_tokens': 0, 'total_llm_calls': 0} trace_id=185866ed-cf0d-4438-a198-1b7aa41b7fe9
2026-08-18 20:54:36,809 - INFO - Shipment Service Called, req: {'order_id': '16b30459-037b-4827-8cf4-c3acaf89530c', 'address': 'SAMPLE_ADDRESS'}, response_status: 200, response: {'shipment_id': '2e2c5ef6-d6f9-4f76-a029-e89561494fd2', 'tracking_id': 'c7d6d4cc-0e97-47f7-bf84-a5f5157d4d16', 'total_input_tokens': 0, 'total_output_tokens': 0, 'total_llm_calls': 0} trace_id=185866ed-cf0d-4438-a198-1b7aa41b7fe9
2026-08-18 20:54:36,810 - INFO - Request for orchestrate_order completed, final_status:COMPLETED,  trace_id=185866ed-cf0d-4438-a198-1b7aa41b7fe9
2026-08-18 20:54:36,839 - INFO - Request for checkout_cart, cart_id=07b96c07-37ae-40b3-96c5-fcff924c19a5, user_id=None, trace_id=4c061f27-c22b-4852-8428-66dcd5a7d23a
2026-08-18 20:54:36,845 - INFO - Cart Service Called, request_cart_id: 07b96c07-37ae-40b3-96c5-fcff924c19a5, response_status: 200, trace_id=4c061f27-c22b-4852-8428-66dcd5a7d23a
2026-08-18 20:54:36,850 - INFO - HTTP Request: POST http://127.0.0.1:8002/price "HTTP/1.1 200 OK"
2026-08-18 20:54:36,851 - INFO - Pricing Service Called, req: {'items': [{'product_id': 'b2926dc2-cc6d-4c3e-ae40-7a127c173b16', 'qty': 2}], 'promo_codes': [], 'only_final_price': True}, response_status: 200, trace_id=4c061f27-c22b-4852-8428-66dcd5a7d23a
2026-08-18 20:54:36,851 - INFO - Request for orchestrate_order started, order_id=b300e2d1-991d-447d-bec1-dbc3323e802e, trace_id=4c061f27-c22b-4852-8428-66dcd5a7d23a
2026-08-18 20:54:36,862 - INFO - Inventory Reservation Service Called, req: {'order_id': 'b300e2d1-991d-447d-bec1-dbc3323e802e', 'items': [{'sku': 'b2926dc2-cc6d-4c3e-ae40-7a127c173b16', 'qty': 2}], 'atomic_update': True, 'delay': 0.0, 'drop': 0}, response_status: 200, response: {'order_id': 'b300e2d1-991d-447d-bec1-dbc3323e802e', 'status': 'RESERVED', 'items': [{'sku': 'b2926dc2-cc6d-4c3e-ae40-7a127c173b16', 'remaining': 6}], 'total_input_tokens': 0, 'total_output_tokens': 0, 'total_llm_calls': 0} trace_id=4c061f27-c22b-4852-8428-66dcd5a7d23a
2026-08-18 20:54:37,169 - INFO - Payment Service Called, req: {'order_id': 'b300e2d1-991d-447d-bec1-dbc3323e802e', 'final_price': 300.0}, response_status: 200, response: {'order_id': 'b300e2d1-991d-447d-bec1-dbc3323e802e', 'status': 'SUCCESS', 'total_input_tokens': 0, 'total_output_tokens': 0, 'total_llm_calls': 0} trace_id=4c061f27-c22b-4852-8428-66dcd5a7d23a
2026-08-18 20:54:37,382 - INFO - Shipment Service Called, req: {'order_id': 'b300e2d1-991d-447d-bec1-dbc3323e802e', 'address': 'SAMPLE_ADDRESS'}, response_status: 200, response: {'shipment_id': 'cc557bcf-038e-40b5-bdbb-f7aa8b9ea67d', 'tracking_id': 'c08c0741-37e7-4d7c-8d4c-0f12fe1c98d7', 'total_input_tokens': 0, 'total_output_tokens': 0, 'total_llm_calls': 0} trace_id=4c061f27-c22b-4852-8428-66dcd5a7d23a
2026-08-18 20:54:37,384 - INFO - Request for orchestrate_order completed, final_status:COMPLETED,  trace_id=4c061f27-c22b-4852-8428-66dcd5a7d23a
2026-08-18 20:54:37,439 - INFO - Request for checkout_cart, cart_id=2fecbc6f-75f0-4efe-bb21-b005ae87f041, user_id=None, trace_id=57230a8d-a9ab-438e-a22b-dcfa80d104c5
2026-08-18 20:54:37,453 - INFO - Cart Service Called, request_cart_id: 2fecbc6f-75f0-4efe-bb21-b005ae87f041, response_status: 200, trace_id=57230a8d-a9ab-438e-a22b-dcfa80d104c5
2026-08-18 20:54:37,466 - INFO - HTTP Request: POST http://127.0.0.1:8002/price "HTTP/1.1 200 OK"
2026-08-18 20:54:37,467 - INFO - Pricing Service Called, req: {'items': [{'product_id': 'b2926dc2-cc6d-4c3e-ae40-7a127c173b16', 'qty': 2}], 'promo_codes': [], 'only_final_price': True}, response_status: 200, trace_id=57230a8d-a9ab-438e-a22b-dcfa80d104c5
2026-08-18 20:54:37,468 - INFO - Request for orchestrate_order started, order_id=0609f3ec-30ee-42c0-85a6-9c7183434f29, trace_id=57230a8d-a9ab-438e-a22b-dcfa80d104c5
2026-08-18 20:54:37,482 - INFO - Inventory Reservation Service Called, req: {'order_id': '0609f3ec-30ee-42c0-85a6-9c7183434f29', 'items': [{'sku': 'b2926dc2-cc6d-4c3e-ae40-7a127c173b16', 'qty': 2}], 'atomic_update': True, 'delay': 0.0, 'drop': 0}, response_status: 200, response: {'order_id': '0609f3ec-30ee-42c0-85a6-9c7183434f29', 'status': 'RESERVED', 'items': [{'sku': 'b2926dc2-cc6d-4c3e-ae40-7a127c173b16', 'remaining': 4}], 'total_input_tokens': 0, 'total_output_tokens': 0, 'total_llm_calls': 0} trace_id=57230a8d-a9ab-438e-a22b-dcfa80d104c5
2026-08-18 20:54:37,792 - INFO - Payment Service Called, req: {'order_id': '0609f3ec-30ee-42c0-85a6-9c7183434f29', 'final_price': 300.0}, response_status: 200, response: {'order_id': '0609f3ec-30ee-42c0-85a6-9c7183434f29', 'status': 'SUCCESS', 'total_input_tokens': 0, 'total_output_tokens': 0, 'total_llm_calls': 0} trace_id=57230a8d-a9ab-438e-a22b-dcfa80d104c5
2026-08-18 20:54:38,008 - INFO - Shipment Service Called, req: {'order_id': '0609f3ec-30ee-42c0-85a6-9c7183434f29', 'address': 'SAMPLE_ADDRESS'}, response_status: 200, response: {'shipment_id': 'fcdc97f8-af19-403f-ad51-eb7244b6ffdb', 'tracking_id': '718aa2ae-267e-4091-996d-97f32843222b', 'total_input_tokens': 0, 'total_output_tokens': 0, 'total_llm_calls': 0} trace_id=57230a8d-a9ab-438e-a22b-dcfa80d104c5
2026-08-18 20:54:38,014 - INFO - Request for orchestrate_order completed, final_status:COMPLETED,  trace_id=57230a8d-a9ab-438e-a22b-dcfa80d104c5
2026-08-18 20:54:38,054 - INFO - Request for checkout_cart, cart_id=f418e03c-592c-41ac-a713-0973ffe7c42b, user_id=None, trace_id=a720f42c-b4fe-4f75-b898-abf7b165af45
2026-08-18 20:54:38,061 - INFO - Cart Service Called, request_cart_id: f418e03c-592c-41ac-a713-0973ffe7c42b, response_status: 200, trace_id=a720f42c-b4fe-4f75-b898-abf7b165af45
2026-08-18 20:54:38,067 - INFO - HTTP Request: POST http://127.0.0.1:8002/price "HTTP/1.1 200 OK"
2026-08-18 20:54:38,068 - INFO - Pricing Service Called, req: {'items': [{'product_id': 'b2926dc2-cc6d-4c3e-ae40-7a127c173b16', 'qty': 2}], 'promo_codes': [], 'only_final_price': True}, response_status: 200, trace_id=a720f42c-b4fe-4f75-b898-abf7b165af45
2026-08-18 20:54:38,068 - INFO - Request for orchestrate_order started, order_id=4a67773f-d46f-4b83-8d80-6f27ca2655e7, trace_id=a720f42c-b4fe-4f75-b898-abf7b165af45
2026-08-18 20:54:38,077 - INFO - Inventory Reservation Service Called, req: {'order_id': '4a67773f-d46f-4b83-8d80-6f27ca2655e7', 'items': [{'sku': 'b2926dc2-cc6d-4c3e-ae40-7a127c173b16', 'qty': 2}], 'atomic_update': True, 'delay': 0.0, 'drop': 0}, response_status: 200, response: {'order_id': '4a67773f-d46f-4b83-8d80-6f27ca2655e7', 'status': 'RESERVED', 'items': [{'sku': 'b2926dc2-cc6d-4c3e-ae40-7a127c173b16', 'remaining': 2}], 'total_input_tokens': 0, 'total_output_tokens': 0, 'total_llm_calls': 0} trace_id=a720f42c-b4fe-4f75-b898-abf7b165af45
2026-08-18 20:54:38,384 - INFO - Payment Service Called, req: {'order_id': '4a67773f-d46f-4b83-8d80-6f27ca2655e7', 'final_price': 300.0}, response_status: 200, response: {'order_id': '4a67773f-d46f-4b83-8d80-6f27ca2655e7', 'status': 'SUCCESS', 'total_input_tokens': 0, 'total_output_tokens': 0, 'total_llm_calls': 0} trace_id=a720f42c-b4fe-4f75-b898-abf7b165af45
2026-08-18 20:54:38,598 - INFO - Shipment Service Called, req: {'order_id': '4a67773f-d46f-4b83-8d80-6f27ca2655e7', 'address': 'SAMPLE_ADDRESS'}, response_status: 200, response: {'shipment_id': '8ef79c43-069b-4225-a5d8-fd1e9c59e2fe', 'tracking_id': 'bf1afd16-7a99-457b-ab19-701dcf487e99', 'total_input_tokens': 0, 'total_output_tokens': 0, 'total_llm_calls': 0} trace_id=a720f42c-b4fe-4f75-b898-abf7b165af45
2026-08-18 20:54:38,599 - INFO - Request for orchestrate_order completed, final_status:COMPLETED,  trace_id=a720f42c-b4fe-4f75-b898-abf7b165af45
2026-08-18 20:54:38,647 - INFO - Request for checkout_cart, cart_id=7032b200-1db2-42b2-b6cb-9ebb2cbc3188, user_id=None, trace_id=88f3114f-bf85-41f7-abf7-44249a328cb4
2026-08-18 20:54:38,655 - INFO - Cart Service Called, request_cart_id: 7032b200-1db2-42b2-b6cb-9ebb2cbc3188, response_status: 200, trace_id=88f3114f-bf85-41f7-abf7-44249a328cb4
2026-08-18 20:54:38,666 - INFO - HTTP Request: POST http://127.0.0.1:8002/price "HTTP/1.1 200 OK"
2026-08-18 20:54:38,666 - INFO - Pricing Service Called, req: {'items': [{'product_id': 'b2926dc2-cc6d-4c3e-ae40-7a127c173b16', 'qty': 2}], 'promo_codes': [], 'only_final_price': True}, response_status: 200, trace_id=88f3114f-bf85-41f7-abf7-44249a328cb4
2026-08-18 20:54:38,667 - INFO - Request for orchestrate_order started, order_id=dd24e1d4-e018-415a-98dd-8234a0777f9c, trace_id=88f3114f-bf85-41f7-abf7-44249a328cb4
2026-08-18 20:54:38,682 - INFO - Inventory Reservation Service Called, req: {'order_id': 'dd24e1d4-e018-415a-98dd-8234a0777f9c', 'items': [{'sku': 'b2926dc2-cc6d-4c3e-ae40-7a127c173b16', 'qty': 2}], 'atomic_update': True, 'delay': 0.0, 'drop': 0}, response_status: 200, response: {'order_id': 'dd24e1d4-e018-415a-98dd-8234a0777f9c', 'status': 'RESERVED', 'items': [{'sku': 'b2926dc2-cc6d-4c3e-ae40-7a127c173b16', 'remaining': 0}], 'total_input_tokens': 0, 'total_output_tokens': 0, 'total_llm_calls': 0} trace_id=88f3114f-bf85-41f7-abf7-44249a328cb4
2026-08-18 20:54:38,988 - INFO - Payment Service Called, req: {'order_id': 'dd24e1d4-e018-415a-98dd-8234a0777f9c', 'final_price': 300.0}, response_status: 200, response: {'order_id': 'dd24e1d4-e018-415a-98dd-8234a0777f9c', 'status': 'SUCCESS', 'total_input_tokens': 0, 'total_output_tokens': 0, 'total_llm_calls': 0} trace_id=88f3114f-bf85-41f7-abf7-44249a328cb4
2026-08-18 20:54:39,197 - INFO - Shipment Service Called, req: {'order_id': 'dd24e1d4-e018-415a-98dd-8234a0777f9c', 'address': 'SAMPLE_ADDRESS'}, response_status: 200, response: {'shipment_id': '6dd5c7e7-cebe-417a-b344-b021b106f77a', 'tracking_id': '7573fa42-1fe3-46e1-a475-b8eda93d30fd', 'total_input_tokens': 0, 'total_output_tokens': 0, 'total_llm_calls': 0} trace_id=88f3114f-bf85-41f7-abf7-44249a328cb4
2026-08-18 20:54:39,199 - INFO - Request for orchestrate_order completed, final_status:COMPLETED,  trace_id=88f3114f-bf85-41f7-abf7-44249a328cb4
2026-08-18 20:56:35,484 - INFO - Request for checkout_cart, cart_id=22e00ffd-5158-46eb-a3e4-e1b2879caa41, user_id=None, trace_id=a92058ef-a5d2-458b-a153-f7ca5269d1dd
2026-08-18 20:56:35,489 - INFO - Cart Service Called, request_cart_id: 22e00ffd-5158-46eb-a3e4-e1b2879caa41, response_status: 200, trace_id=a92058ef-a5d2-458b-a153-f7ca5269d1dd
2026-08-18 20:56:35,494 - INFO - HTTP Request: POST http://127.0.0.1:8002/price "HTTP/1.1 200 OK"
2026-08-18 20:56:35,495 - INFO - Pricing Service Called, req: {'items': [{'product_id': 'b2926dc2-cc6d-4c3e-ae40-7a127c173b16', 'qty': 2}], 'promo_codes': [], 'only_final_price': True}, response_status: 200, trace_id=a92058ef-a5d2-458b-a153-f7ca5269d1dd
2026-08-18 20:56:35,495 - INFO - Request for orchestrate_order started, order_id=ec31d4fd-813c-48b2-a6c2-944eb83f6757, trace_id=a92058ef-a5d2-458b-a153-f7ca5269d1dd
2026-08-18 20:56:35,501 - INFO - Inventory Reservation Service Called, req: {'order_id': 'ec31d4fd-813c-48b2-a6c2-944eb83f6757', 'items': [{'sku': 'b2926dc2-cc6d-4c3e-ae40-7a127c173b16', 'qty': 2}], 'atomic_update': True, 'delay': 0.0, 'drop': 0}, response_status: 200, response: {'order_id': 'ec31d4fd-813c-48b2-a6c2-944eb83f6757', 'status': 'RESERVED', 'items': [{'sku': 'b2926dc2-cc6d-4c3e-ae40-7a127c173b16', 'remaining': 8}], 'total_input_tokens': 0, 'total_output_tokens': 0, 'total_llm_calls': 0} trace_id=a92058ef-a5d2-458b-a153-f7ca5269d1dd
2026-08-18 20:56:35,806 - INFO - Payment Service Called, req: {'order_id': 'ec31d4fd-813c-48b2-a6c2-944eb83f6757', 'final_price': 300.0}, response_status: 200, response: {'order_id': 'ec31d4fd-813c-48b2-a6c2-944eb83f6757', 'status': 'SUCCESS', 'total_input_tokens': 0, 'total_output_tokens': 0, 'total_llm_calls': 0} trace_id=a92058ef-a5d2-458b-a153-f7ca5269d1dd
2026-08-18 20:56:36,013 - INFO - Shipment Service Called, req: {'order_id': 'ec31d4fd-813c-48b2-a6c2-944eb83f6757', 'address': 'SAMPLE_ADDRESS'}, response_status: 200, response: {'shipment_id': '6bc07115-943c-4615-9b9a-8b1b3d1b887b', 'tracking_id': 'b276fef6-9e50-4134-b065-a1c3d8ed1ac7', 'total_input_tokens': 0, 'total_output_tokens': 0, 'total_llm_calls': 0} trace_id=a92058ef-a5d2-458b-a153-f7ca5269d1dd
2026-08-18 20:56:36,014 - INFO - Request for orchestrate_order completed, final_status:COMPLETED,  trace_id=a92058ef-a5d2-458b-a153-f7ca5269d1dd
2026-08-18 20:56:36,041 - INFO - Request for checkout_cart, cart_id=1f7bf943-df8e-461d-b74f-d628c028d670, user_id=None, trace_id=5c45f720-55ae-4494-969a-afd338028b42
2026-08-18 20:56:36,045 - INFO - Cart Service Called, request_cart_id: 1f7bf943-df8e-461d-b74f-d628c028d670, response_status: 200, trace_id=5c45f720-55ae-4494-969a-afd338028b42
2026-08-18 20:56:36,050 - INFO - HTTP Request: POST http://127.0.0.1:8002/price "HTTP/1.1 200 OK"
2026-08-18 20:56:36,051 - INFO - Pricing Service Called, req: {'items': [{'product_id': 'b2926dc2-cc6d-4c3e-ae40-7a127c173b16', 'qty': 2}], 'promo_codes': [], 'only_final_price': True}, response_status: 200, trace_id=5c45f720-55ae-4494-969a-afd338028b42
2026-08-18 20:56:36,051 - INFO - Request for orchestrate_order started, order_id=77489223-5ed7-427d-8796-1f58686b1f36, trace_id=5c45f720-55ae-4494-969a-afd338028b42
2026-08-18 20:56:36,057 - INFO - Inventory Reservation Service Called, req: {'order_id': '77489223-5ed7-427d-8796-1f58686b1f36', 'items': [{'sku': 'b2926dc2-cc6d-4c3e-ae40-7a127c173b16', 'qty': 2}], 'atomic_update': True, 'delay': 0.0, 'drop': 0}, response_status: 200, response: {'order_id': '77489223-5ed7-427d-8796-1f58686b1f36', 'status': 'RESERVED', 'items': [{'sku': 'b2926dc2-cc6d-4c3e-ae40-7a127c173b16', 'remaining': 6}], 'total_input_tokens': 0, 'total_output_tokens': 0, 'total_llm_calls': 0} trace_id=5c45f720-55ae-4494-969a-afd338028b42
2026-08-18 20:56:36,368 - INFO - Payment Service Called, req: {'order_id': '77489223-5ed7-427d-8796-1f58686b1f36', 'final_price': 300.0}, response_status: 200, response: {'order_id': '77489223-5ed7-427d-8796-1f58686b1f36', 'status': 'SUCCESS', 'total_input_tokens': 0, 'total_output_tokens': 0, 'total_llm_calls': 0} trace_id=5c45f720-55ae-4494-969a-afd338028b42
2026-08-18 20:56:36,587 - INFO - Shipment Service Called, req: {'order_id': '77489223-5ed7-427d-8796-1f58686b1f36', 'address': 'SAMPLE_ADDRESS'}, response_status: 200, response: {'shipment_id': '6193f79e-eba0-4f6f-8566-f1fba864b231', 'tracking_id': '1250cce5-840f-4b3c-8c92-57c88c5d4beb', 'total_input_tokens': 0, 'total_output_tokens': 0, 'total_llm_calls': 0} trace_id=5c45f720-55ae-4494-969a-afd338028b42
2026-08-18 20:56:36,591 - INFO - Request for orchestrate_order completed, final_status:COMPLETED,  trace_id=5c45f720-55ae-4494-969a-afd338028b42
2026-08-18 20:56:36,642 - INFO - Request for checkout_cart, cart_id=46f707fe-f976-45f4-be14-364d7957fa45, user_id=None, trace_id=711f955b-11e9-4d95-b4c5-53674c4c7723
2026-08-18 20:56:36,651 - INFO - Cart Service Called, request_cart_id: 46f707fe-f976-45f4-be14-364d7957fa45, response_status: 200, trace_id=711f955b-11e9-4d95-b4c5-53674c4c7723
2026-08-18 20:56:36,655 - INFO - HTTP Request: POST http://127.0.0.1:8002/price "HTTP/1.1 200 OK"
2026-08-18 20:56:36,656 - INFO - Pricing Service Called, req: {'items': [{'product_id': 'b2926dc2-cc6d-4c3e-ae40-7a127c173b16', 'qty': 2}], 'promo_codes': [], 'only_final_price': True}, response_status: 200, trace_id=711f955b-11e9-4d95-b4c5-53674c4c7723
2026-08-18 20:56:36,656 - INFO - Request for orchestrate_order started, order_id=64673708-3ae8-4121-8f8f-d5f5248f21c5, trace_id=711f955b-11e9-4d95-b4c5-53674c4c7723
2026-08-18 20:56:36,666 - INFO - Inventory Reservation Service Called, req: {'order_id': '64673708-3ae8-4121-8f8f-d5f5248f21c5', 'items': [{'sku': 'b2926dc2-cc6d-4c3e-ae40-7a127c173b16', 'qty': 2}], 'atomic_update': True, 'delay': 0.0, 'drop': 0}, response_status: 200, response: {'order_id': '64673708-3ae8-4121-8f8f-d5f5248f21c5', 'status': 'RESERVED', 'items': [{'sku': 'b2926dc2-cc6d-4c3e-ae40-7a127c173b16', 'remaining': 4}], 'total_input_tokens': 0, 'total_output_tokens': 0, 'total_llm_calls': 0} trace_id=711f955b-11e9-4d95-b4c5-53674c4c7723
2026-08-18 20:56:36,978 - INFO - Payment Service Called, req: {'order_id': '64673708-3ae8-4121-8f8f-d5f5248f21c5', 'final_price': 300.0}, response_status: 200, response: {'order_id': '64673708-3ae8-4121-8f8f-d5f5248f21c5', 'status': 'SUCCESS', 'total_input_tokens': 0, 'total_output_tokens': 0, 'total_llm_calls': 0} trace_id=711f955b-11e9-4d95-b4c5-53674c4c7723
2026-08-18 20:56:37,197 - INFO - Shipment Service Called, req: {'order_id': '64673708-3ae8-4121-8f8f-d5f5248f21c5', 'address': 'SAMPLE_ADDRESS'}, response_status: 200, response: {'shipment_id': 'c0756865-7004-4bae-b808-d5850ccb7cf9', 'tracking_id': 'e3f5d10d-4684-4803-9907-2ee9a757c787', 'total_input_tokens': 0, 'total_output_tokens': 0, 'total_llm_calls': 0} trace_id=711f955b-11e9-4d95-b4c5-53674c4c7723
2026-08-18 20:56:37,200 - INFO - Request for orchestrate_order completed, final_status:COMPLETED,  trace_id=711f955b-11e9-4d95-b4c5-53674c4c7723
2026-08-18 20:56:37,236 - INFO - Request for checkout_cart, cart_id=5c6e8541-30eb-4d5a-b88a-1505ae39269a, user_id=None, trace_id=cb66f337-3614-4c98-ad9c-4ec55566636c
2026-08-18 20:56:37,240 - INFO - Cart Service Called, request_cart_id: 5c6e8541-30eb-4d5a-b88a-1505ae39269a, response_status: 200, trace_id=cb66f337-3614-4c98-ad9c-4ec55566636c
2026-08-18 20:56:37,246 - INFO - HTTP Request: POST http://127.0.0.1:8002/price "HTTP/1.1 200 OK"
2026-08-18 20:56:37,247 - INFO - Pricing Service Called, req: {'items': [{'product_id': 'b2926dc2-cc6d-4c3e-ae40-7a127c173b16', 'qty': 2}], 'promo_codes': [], 'only_final_price': True}, response_status: 200, trace_id=cb66f337-3614-4c98-ad9c-4ec55566636c
2026-08-18 20:56:37,248 - INFO - Request for orchestrate_order started, order_id=28fad622-9837-4d9f-b32d-66c84bc43d24, trace_id=cb66f337-3614-4c98-ad9c-4ec55566636c
2026-08-18 20:56:37,257 - INFO - Inventory Reservation Service Called, req: {'order_id': '28fad622-9837-4d9f-b32d-66c84bc43d24', 'items': [{'sku': 'b2926dc2-cc6d-4c3e-ae40-7a127c173b16', 'qty': 2}], 'atomic_update': True, 'delay': 0.0, 'drop': 0}, response_status: 200, response: {'order_id': '28fad622-9837-4d9f-b32d-66c84bc43d24', 'status': 'RESERVED', 'items': [{'sku': 'b2926dc2-cc6d-4c3e-ae40-7a127c173b16', 'remaining': 2}], 'total_input_tokens': 0, 'total_output_tokens': 0, 'total_llm_calls': 0} trace_id=cb66f337-3614-4c98-ad9c-4ec55566636c
2026-08-18 20:56:37,565 - INFO - Payment Service Called, req: {'order_id': '28fad622-9837-4d9f-b32d-66c84bc43d24', 'final_price': 300.0}, response_status: 200, response: {'order_id': '28fad622-9837-4d9f-b32d-66c84bc43d24', 'status': 'SUCCESS', 'total_input_tokens': 0, 'total_output_tokens': 0, 'total_llm_calls': 0} trace_id=cb66f337-3614-4c98-ad9c-4ec55566636c
2026-08-18 20:56:37,776 - INFO - Shipment Service Called, req: {'order_id': '28fad622-9837-4d9f-b32d-66c84bc43d24', 'address': 'SAMPLE_ADDRESS'}, response_status: 200, response: {'shipment_id': 'c9d031e0-c3cf-4062-8363-4ce49e81e48d', 'tracking_id': '30d9f76d-f121-4753-aea6-6f4d8fb79b12', 'total_input_tokens': 0, 'total_output_tokens': 0, 'total_llm_calls': 0} trace_id=cb66f337-3614-4c98-ad9c-4ec55566636c
2026-08-18 20:56:37,779 - INFO - Request for orchestrate_order completed, final_status:COMPLETED,  trace_id=cb66f337-3614-4c98-ad9c-4ec55566636c
2026-08-18 20:56:37,829 - INFO - Request for checkout_cart, cart_id=e7ed777c-c75e-4fc4-9138-f704a2f6980c, user_id=None, trace_id=e2b12069-55e0-46d3-9ac5-d7835b630df2
2026-08-18 20:56:37,834 - INFO - Cart Service Called, request_cart_id: e7ed777c-c75e-4fc4-9138-f704a2f6980c, response_status: 200, trace_id=e2b12069-55e0-46d3-9ac5-d7835b630df2
2026-08-18 20:56:37,838 - INFO - HTTP Request: POST http://127.0.0.1:8002/price "HTTP/1.1 200 OK"
2026-08-18 20:56:37,839 - INFO - Pricing Service Called, req: {'items': [{'product_id': 'b2926dc2-cc6d-4c3e-ae40-7a127c173b16', 'qty': 2}], 'promo_codes': [], 'only_final_price': True}, response_status: 200, trace_id=e2b12069-55e0-46d3-9ac5-d7835b630df2
2026-08-18 20:56:37,839 - INFO - Request for orchestrate_order started, order_id=fe12adf2-7261-48f9-be38-fb8b90c5a133, trace_id=e2b12069-55e0-46d3-9ac5-d7835b630df2
2026-08-18 20:56:37,845 - INFO - Inventory Reservation Service Called, req: {'order_id': 'fe12adf2-7261-48f9-be38-fb8b90c5a133', 'items': [{'sku': 'b2926dc2-cc6d-4c3e-ae40-7a127c173b16', 'qty': 2}], 'atomic_update': True, 'delay': 0.0, 'drop': 0}, response_status: 200, response: {'order_id': 'fe12adf2-7261-48f9-be38-fb8b90c5a133', 'status': 'RESERVED', 'items': [{'sku': 'b2926dc2-cc6d-4c3e-ae40-7a127c173b16', 'remaining': 0}], 'total_input_tokens': 0, 'total_output_tokens': 0, 'total_llm_calls': 0} trace_id=e2b12069-55e0-46d3-9ac5-d7835b630df2
2026-08-18 20:56:38,155 - INFO - Payment Service Called, req: {'order_id': 'fe12adf2-7261-48f9-be38-fb8b90c5a133', 'final_price': 300.0}, response_status: 200, response: {'order_id': 'fe12adf2-7261-48f9-be38-fb8b90c5a133', 'status': 'SUCCESS', 'total_input_tokens': 0, 'total_output_tokens': 0, 'total_llm_calls': 0} trace_id=e2b12069-55e0-46d3-9ac5-d7835b630df2
2026-08-18 20:56:38,369 - INFO - Shipment Service Called, req: {'order_id': 'fe12adf2-7261-48f9-be38-fb8b90c5a133', 'address': 'SAMPLE_ADDRESS'}, response_status: 200, response: {'shipment_id': '8e744306-caa6-4d0d-b9b6-a1834d5f989b', 'tracking_id': 'd1b34ec2-b189-47a8-a291-952491c0a222', 'total_input_tokens': 0, 'total_output_tokens': 0, 'total_llm_calls': 0} trace_id=e2b12069-55e0-46d3-9ac5-d7835b630df2
2026-08-18 20:56:38,372 - INFO - Request for orchestrate_order completed, final_status:COMPLETED,  trace_id=e2b12069-55e0-46d3-9ac5-d7835b630df2
2026-08-18 20:56:38,454 - INFO - Request for checkout_cart, cart_id=205074a7-59dc-4863-9a3d-8044bb19fc3f, user_id=None, trace_id=8c3a24c5-2c12-4f0f-9513-3069bf760959
2026-08-18 20:56:38,462 - INFO - Cart Service Called, request_cart_id: 205074a7-59dc-4863-9a3d-8044bb19fc3f, response_status: 200, trace_id=8c3a24c5-2c12-4f0f-9513-3069bf760959
2026-08-18 20:56:38,469 - INFO - HTTP Request: POST http://127.0.0.1:8002/price "HTTP/1.1 200 OK"
2026-08-18 20:56:38,470 - INFO - Pricing Service Called, req: {'items': [{'product_id': 'b2926dc2-cc6d-4c3e-ae40-7a127c173b16', 'qty': 2}], 'promo_codes': [], 'only_final_price': True}, response_status: 200, trace_id=8c3a24c5-2c12-4f0f-9513-3069bf760959
2026-08-18 20:56:38,470 - INFO - Request for orchestrate_order started, order_id=ece7f805-8d5a-48b1-849a-3b626763c31a, trace_id=8c3a24c5-2c12-4f0f-9513-3069bf760959
2026-08-18 20:56:38,479 - INFO - Inventory Reservation Service Called, req: {'order_id': 'ece7f805-8d5a-48b1-849a-3b626763c31a', 'items': [{'sku': 'b2926dc2-cc6d-4c3e-ae40-7a127c173b16', 'qty': 2}], 'atomic_update': True, 'delay': 0.0, 'drop': 0}, response_status: 200, response: {'order_id': 'ece7f805-8d5a-48b1-849a-3b626763c31a', 'status': 'OUT_OF_STOCK', 'reason': 'Out of stock: b2926dc2-cc6d-4c3e-ae40-7a127c173b16', 'total_input_tokens': 0, 'total_output_tokens': 0, 'total_llm_calls': 0} trace_id=8c3a24c5-2c12-4f0f-9513-3069bf760959
2026-08-18 20:56:38,480 - INFO - Request for orchestrate_order completed, final_status:OUT_OF_STOCK,  trace_id=8c3a24c5-2c12-4f0f-9513-3069bf760959
2026-08-18 20:56:38,521 - INFO - Request for checkout_cart, cart_id=30505a5c-5327-413b-ad5e-bfea3a060a76, user_id=None, trace_id=8b201c94-6045-4384-bb62-8e7022b111c9
2026-08-18 20:56:38,529 - INFO - Cart Service Called, request_cart_id: 30505a5c-5327-413b-ad5e-bfea3a060a76, response_status: 200, trace_id=8b201c94-6045-4384-bb62-8e7022b111c9
2026-08-18 20:56:38,536 - INFO - HTTP Request: POST http://127.0.0.1:8002/price "HTTP/1.1 200 OK"
2026-08-18 20:56:38,537 - INFO - Pricing Service Called, req: {'items': [{'product_id': 'b2926dc2-cc6d-4c3e-ae40-7a127c173b16', 'qty': 2}], 'promo_codes': [], 'only_final_price': True}, response_status: 200, trace_id=8b201c94-6045-4384-bb62-8e7022b111c9
2026-08-18 20:56:38,538 - INFO - Request for orchestrate_order started, order_id=32217f21-2423-48fa-b5ee-352e118fd1a2, trace_id=8b201c94-6045-4384-bb62-8e7022b111c9
2026-08-18 20:56:38,547 - INFO - Inventory Reservation Service Called, req: {'order_id': '32217f21-2423-48fa-b5ee-352e118fd1a2', 'items': [{'sku': 'b2926dc2-cc6d-4c3e-ae40-7a127c173b16', 'qty': 2}], 'atomic_update': True, 'delay': 0.0, 'drop': 0}, response_status: 200, response: {'order_id': '32217f21-2423-48fa-b5ee-352e118fd1a2', 'status': 'OUT_OF_STOCK', 'reason': 'Out of stock: b2926dc2-cc6d-4c3e-ae40-7a127c173b16', 'total_input_tokens': 0, 'total_output_tokens': 0, 'total_llm_calls': 0} trace_id=8b201c94-6045-4384-bb62-8e7022b111c9
2026-08-18 20:56:38,549 - INFO - Request for orchestrate_order completed, final_status:OUT_OF_STOCK,  trace_id=8b201c94-6045-4384-bb62-8e7022b111c9
2026-08-18 20:56:38,590 - INFO - Request for checkout_cart, cart_id=349cc090-9305-4b01-bad1-f9bdfdb01ab6, user_id=None, trace_id=01238f63-f954-4947-a225-bc156032418f
2026-08-18 20:56:38,597 - INFO - Cart Service Called, request_cart_id: 349cc090-9305-4b01-bad1-f9bdfdb01ab6, response_status: 200, trace_id=01238f63-f954-4947-a225-bc156032418f
2026-08-18 20:56:38,602 - INFO - HTTP Request: POST http://127.0.0.1:8002/price "HTTP/1.1 200 OK"
2026-08-18 20:56:38,603 - INFO - Pricing Service Called, req: {'items': [{'product_id': 'b2926dc2-cc6d-4c3e-ae40-7a127c173b16', 'qty': 2}], 'promo_codes': [], 'only_final_price': True}, response_status: 200, trace_id=01238f63-f954-4947-a225-bc156032418f
2026-08-18 20:56:38,603 - INFO - Request for orchestrate_order started, order_id=3ff1fe3a-55e2-40d6-a24e-4b89785f3588, trace_id=01238f63-f954-4947-a225-bc156032418f
2026-08-18 20:56:38,611 - INFO - Inventory Reservation Service Called, req: {'order_id': '3ff1fe3a-55e2-40d6-a24e-4b89785f3588', 'items': [{'sku': 'b2926dc2-cc6d-4c3e-ae40-7a127c173b16', 'qty': 2}], 'atomic_update': True, 'delay': 0.0, 'drop': 0}, response_status: 200, response: {'order_id': '3ff1fe3a-55e2-40d6-a24e-4b89785f3588', 'status': 'OUT_OF_STOCK', 'reason': 'Out of stock: b2926dc2-cc6d-4c3e-ae40-7a127c173b16', 'total_input_tokens': 0, 'total_output_tokens': 0, 'total_llm_calls': 0} trace_id=01238f63-f954-4947-a225-bc156032418f
2026-08-18 20:56:38,612 - INFO - Request for orchestrate_order completed, final_status:OUT_OF_STOCK,  trace_id=01238f63-f954-4947-a225-bc156032418f
2026-08-18 20:56:38,642 - INFO - Request for checkout_cart, cart_id=871455a3-0708-435f-8f88-9b6169414c09, user_id=None, trace_id=c065cd9c-80f6-4f1d-bd24-d422c491ebd7
2026-08-18 20:56:38,648 - INFO - Cart Service Called, request_cart_id: 871455a3-0708-435f-8f88-9b6169414c09, response_status: 200, trace_id=c065cd9c-80f6-4f1d-bd24-d422c491ebd7
2026-08-18 20:56:38,653 - INFO - HTTP Request: POST http://127.0.0.1:8002/price "HTTP/1.1 200 OK"
2026-08-18 20:56:38,653 - INFO - Pricing Service Called, req: {'items': [{'product_id': 'b2926dc2-cc6d-4c3e-ae40-7a127c173b16', 'qty': 2}], 'promo_codes': [], 'only_final_price': True}, response_status: 200, trace_id=c065cd9c-80f6-4f1d-bd24-d422c491ebd7
2026-08-18 20:56:38,654 - INFO - Request for orchestrate_order started, order_id=e65e453d-c78e-4923-915c-977ce5ada181, trace_id=c065cd9c-80f6-4f1d-bd24-d422c491ebd7
2026-08-18 20:56:38,658 - INFO - Inventory Reservation Service Called, req: {'order_id': 'e65e453d-c78e-4923-915c-977ce5ada181', 'items': [{'sku': 'b2926dc2-cc6d-4c3e-ae40-7a127c173b16', 'qty': 2}], 'atomic_update': True, 'delay': 0.0, 'drop': 0}, response_status: 200, response: {'order_id': 'e65e453d-c78e-4923-915c-977ce5ada181', 'status': 'OUT_OF_STOCK', 'reason': 'Out of stock: b2926dc2-cc6d-4c3e-ae40-7a127c173b16', 'total_input_tokens': 0, 'total_output_tokens': 0, 'total_llm_calls': 0} trace_id=c065cd9c-80f6-4f1d-bd24-d422c491ebd7
2026-08-18 20:56:38,660 - INFO - Request for orchestrate_order completed, final_status:OUT_OF_STOCK,  trace_id=c065cd9c-80f6-4f1d-bd24-d422c491ebd7
2026-08-18 20:56:38,688 - INFO - Request for checkout_cart, cart_id=2f88f6e5-7261-4f0d-a030-d74f2f786624, user_id=None, trace_id=026711f5-f487-4943-9e23-23b44a711697
2026-08-18 20:56:38,692 - INFO - Cart Service Called, request_cart_id: 2f88f6e5-7261-4f0d-a030-d74f2f786624, response_status: 200, trace_id=026711f5-f487-4943-9e23-23b44a711697
2026-08-18 20:56:38,698 - INFO - HTTP Request: POST http://127.0.0.1:8002/price "HTTP/1.1 200 OK"
2026-08-18 20:56:38,698 - INFO - Pricing Service Called, req: {'items': [{'product_id': 'b2926dc2-cc6d-4c3e-ae40-7a127c173b16', 'qty': 2}], 'promo_codes': [], 'only_final_price': True}, response_status: 200, trace_id=026711f5-f487-4943-9e23-23b44a711697
2026-08-18 20:56:38,699 - INFO - Request for orchestrate_order started, order_id=80e4002e-8ddb-4cbe-91ec-0d81f151a376, trace_id=026711f5-f487-4943-9e23-23b44a711697
2026-08-18 20:56:38,704 - INFO - Inventory Reservation Service Called, req: {'order_id': '80e4002e-8ddb-4cbe-91ec-0d81f151a376', 'items': [{'sku': 'b2926dc2-cc6d-4c3e-ae40-7a127c173b16', 'qty': 2}], 'atomic_update': True, 'delay': 0.0, 'drop': 0}, response_status: 200, response: {'order_id': '80e4002e-8ddb-4cbe-91ec-0d81f151a376', 'status': 'OUT_OF_STOCK', 'reason': 'Out of stock: b2926dc2-cc6d-4c3e-ae40-7a127c173b16', 'total_input_tokens': 0, 'total_output_tokens': 0, 'total_llm_calls': 0} trace_id=026711f5-f487-4943-9e23-23b44a711697
2026-08-18 20:56:38,705 - INFO - Request for orchestrate_order completed, final_status:OUT_OF_STOCK,  trace_id=026711f5-f487-4943-9e23-23b44a711697
2026-08-18 20:57:18,896 - INFO - Request for checkout_cart, cart_id=f5866c7c-a156-46d9-8a50-4d5e9d8d83f2, user_id=None, trace_id=ad6275ef-8168-4a37-9ec0-1564773a6e77
2026-08-18 20:57:18,902 - INFO - Cart Service Called, request_cart_id: f5866c7c-a156-46d9-8a50-4d5e9d8d83f2, response_status: 200, trace_id=ad6275ef-8168-4a37-9ec0-1564773a6e77
2026-08-18 20:57:18,909 - INFO - HTTP Request: POST http://127.0.0.1:8002/price "HTTP/1.1 200 OK"
2026-08-18 20:57:18,910 - INFO - Pricing Service Called, req: {'items': [{'product_id': 'b2926dc2-cc6d-4c3e-ae40-7a127c173b16', 'qty': 2}], 'promo_codes': [], 'only_final_price': True}, response_status: 200, trace_id=ad6275ef-8168-4a37-9ec0-1564773a6e77
2026-08-18 20:57:18,910 - INFO - Request for orchestrate_order started, order_id=9494eefb-56df-4ee9-a776-2886ff249e8c, trace_id=ad6275ef-8168-4a37-9ec0-1564773a6e77
2026-08-18 20:57:18,917 - INFO - Inventory Reservation Service Called, req: {'order_id': '9494eefb-56df-4ee9-a776-2886ff249e8c', 'items': [{'sku': 'b2926dc2-cc6d-4c3e-ae40-7a127c173b16', 'qty': 2}], 'atomic_update': True, 'delay': 0.0, 'drop': 0}, response_status: 200, response: {'order_id': '9494eefb-56df-4ee9-a776-2886ff249e8c', 'status': 'RESERVED', 'items': [{'sku': 'b2926dc2-cc6d-4c3e-ae40-7a127c173b16', 'remaining': 8}], 'total_input_tokens': 0, 'total_output_tokens': 0, 'total_llm_calls': 0} trace_id=ad6275ef-8168-4a37-9ec0-1564773a6e77
2026-08-18 20:57:19,223 - INFO - Payment Service Called, req: {'order_id': '9494eefb-56df-4ee9-a776-2886ff249e8c', 'final_price': 300.0}, response_status: 200, response: {'order_id': '9494eefb-56df-4ee9-a776-2886ff249e8c', 'status': 'SUCCESS', 'total_input_tokens': 0, 'total_output_tokens': 0, 'total_llm_calls': 0} trace_id=ad6275ef-8168-4a37-9ec0-1564773a6e77
2026-08-18 20:57:19,431 - INFO - Shipment Service Called, req: {'order_id': '9494eefb-56df-4ee9-a776-2886ff249e8c', 'address': 'SAMPLE_ADDRESS'}, response_status: 200, response: {'shipment_id': '36a569a1-d99c-47bf-bb67-067109ef2727', 'tracking_id': '5843f0b8-f41d-4bbe-87ba-d0d372500e94', 'total_input_tokens': 0, 'total_output_tokens': 0, 'total_llm_calls': 0} trace_id=ad6275ef-8168-4a37-9ec0-1564773a6e77
2026-08-18 20:57:19,432 - INFO - Request for orchestrate_order completed, final_status:COMPLETED,  trace_id=ad6275ef-8168-4a37-9ec0-1564773a6e77
2026-08-18 20:57:19,462 - INFO - Request for checkout_cart, cart_id=d55c4923-9e07-4f39-bcdc-7dbeed2d7e16, user_id=None, trace_id=cd42f6b1-ac8f-47c5-8df4-c89c93902a22
2026-08-18 20:57:19,466 - INFO - Cart Service Called, request_cart_id: d55c4923-9e07-4f39-bcdc-7dbeed2d7e16, response_status: 200, trace_id=cd42f6b1-ac8f-47c5-8df4-c89c93902a22
2026-08-18 20:57:19,472 - INFO - HTTP Request: POST http://127.0.0.1:8002/price "HTTP/1.1 200 OK"
2026-08-18 20:57:19,473 - INFO - Pricing Service Called, req: {'items': [{'product_id': 'b2926dc2-cc6d-4c3e-ae40-7a127c173b16', 'qty': 2}], 'promo_codes': [], 'only_final_price': True}, response_status: 200, trace_id=cd42f6b1-ac8f-47c5-8df4-c89c93902a22
2026-08-18 20:57:19,473 - INFO - Request for orchestrate_order started, order_id=db847308-56ad-4879-8429-aff08d353fa8, trace_id=cd42f6b1-ac8f-47c5-8df4-c89c93902a22
2026-08-18 20:57:19,481 - INFO - Inventory Reservation Service Called, req: {'order_id': 'db847308-56ad-4879-8429-aff08d353fa8', 'items': [{'sku': 'b2926dc2-cc6d-4c3e-ae40-7a127c173b16', 'qty': 2}], 'atomic_update': True, 'delay': 0.0, 'drop': 0}, response_status: 200, response: {'order_id': 'db847308-56ad-4879-8429-aff08d353fa8', 'status': 'RESERVED', 'items': [{'sku': 'b2926dc2-cc6d-4c3e-ae40-7a127c173b16', 'remaining': 6}], 'total_input_tokens': 0, 'total_output_tokens': 0, 'total_llm_calls': 0} trace_id=cd42f6b1-ac8f-47c5-8df4-c89c93902a22
2026-08-18 20:57:19,797 - INFO - Payment Service Called, req: {'order_id': 'db847308-56ad-4879-8429-aff08d353fa8', 'final_price': 300.0}, response_status: 200, response: {'order_id': 'db847308-56ad-4879-8429-aff08d353fa8', 'status': 'SUCCESS', 'total_input_tokens': 0, 'total_output_tokens': 0, 'total_llm_calls': 0} trace_id=cd42f6b1-ac8f-47c5-8df4-c89c93902a22
2026-08-18 20:57:20,022 - INFO - Shipment Service Called, req: {'order_id': 'db847308-56ad-4879-8429-aff08d353fa8', 'address': 'SAMPLE_ADDRESS'}, response_status: 200, response: {'shipment_id': '79a93f94-ca04-42d6-87bd-05ff1f0b62b5', 'tracking_id': '45c1ff15-d3ed-49e2-88d0-2e1387197680', 'total_input_tokens': 0, 'total_output_tokens': 0, 'total_llm_calls': 0} trace_id=cd42f6b1-ac8f-47c5-8df4-c89c93902a22
2026-08-18 20:57:20,026 - INFO - Request for orchestrate_order completed, final_status:COMPLETED,  trace_id=cd42f6b1-ac8f-47c5-8df4-c89c93902a22
2026-08-18 20:57:20,067 - INFO - Request for checkout_cart, cart_id=82e8f4e2-d923-47d5-9cc3-58d57fe24356, user_id=None, trace_id=51dfd098-8be1-44ad-a315-8353e6587c5c
2026-08-18 20:57:20,077 - INFO - Cart Service Called, request_cart_id: 82e8f4e2-d923-47d5-9cc3-58d57fe24356, response_status: 200, trace_id=51dfd098-8be1-44ad-a315-8353e6587c5c
2026-08-18 20:57:20,082 - INFO - HTTP Request: POST http://127.0.0.1:8002/price "HTTP/1.1 200 OK"
2026-08-18 20:57:20,083 - INFO - Pricing Service Called, req: {'items': [{'product_id': 'b2926dc2-cc6d-4c3e-ae40-7a127c173b16', 'qty': 2}], 'promo_codes': [], 'only_final_price': True}, response_status: 200, trace_id=51dfd098-8be1-44ad-a315-8353e6587c5c
2026-08-18 20:57:20,083 - INFO - Request for orchestrate_order started, order_id=c6354b2a-4d7f-46ac-aadf-9f4f30c855df, trace_id=51dfd098-8be1-44ad-a315-8353e6587c5c
2026-08-18 20:57:20,093 - INFO - Inventory Reservation Service Called, req: {'order_id': 'c6354b2a-4d7f-46ac-aadf-9f4f30c855df', 'items': [{'sku': 'b2926dc2-cc6d-4c3e-ae40-7a127c173b16', 'qty': 2}], 'atomic_update': True, 'delay': 0.0, 'drop': 0}, response_status: 200, response: {'order_id': 'c6354b2a-4d7f-46ac-aadf-9f4f30c855df', 'status': 'RESERVED', 'items': [{'sku': 'b2926dc2-cc6d-4c3e-ae40-7a127c173b16', 'remaining': 4}], 'total_input_tokens': 0, 'total_output_tokens': 0, 'total_llm_calls': 0} trace_id=51dfd098-8be1-44ad-a315-8353e6587c5c
2026-08-18 20:57:20,401 - INFO - Payment Service Called, req: {'order_id': 'c6354b2a-4d7f-46ac-aadf-9f4f30c855df', 'final_price': 300.0}, response_status: 200, response: {'order_id': 'c6354b2a-4d7f-46ac-aadf-9f4f30c855df', 'status': 'SUCCESS', 'total_input_tokens': 0, 'total_output_tokens': 0, 'total_llm_calls': 0} trace_id=51dfd098-8be1-44ad-a315-8353e6587c5c
2026-08-18 20:57:20,624 - INFO - Shipment Service Called, req: {'order_id': 'c6354b2a-4d7f-46ac-aadf-9f4f30c855df', 'address': 'SAMPLE_ADDRESS'}, response_status: 200, response: {'shipment_id': '87fa2218-6864-4ce4-88b1-4d2584ff5db6', 'tracking_id': '1f5faea2-4544-4393-95ce-2b6a4c2dab09', 'total_input_tokens': 0, 'total_output_tokens': 0, 'total_llm_calls': 0} trace_id=51dfd098-8be1-44ad-a315-8353e6587c5c
2026-08-18 20:57:20,630 - INFO - Request for orchestrate_order completed, final_status:COMPLETED,  trace_id=51dfd098-8be1-44ad-a315-8353e6587c5c
2026-08-18 20:57:20,702 - INFO - Request for checkout_cart, cart_id=25e45448-f228-45a3-bf20-385c59459ad7, user_id=None, trace_id=1f0688c4-4697-4047-8d7d-d5e05f0c664c
2026-08-18 20:57:20,709 - INFO - Cart Service Called, request_cart_id: 25e45448-f228-45a3-bf20-385c59459ad7, response_status: 200, trace_id=1f0688c4-4697-4047-8d7d-d5e05f0c664c
2026-08-18 20:57:20,713 - INFO - HTTP Request: POST http://127.0.0.1:8002/price "HTTP/1.1 200 OK"
2026-08-18 20:57:20,714 - INFO - Pricing Service Called, req: {'items': [{'product_id': 'b2926dc2-cc6d-4c3e-ae40-7a127c173b16', 'qty': 2}], 'promo_codes': [], 'only_final_price': True}, response_status: 200, trace_id=1f0688c4-4697-4047-8d7d-d5e05f0c664c
2026-08-18 20:57:20,714 - INFO - Request for orchestrate_order started, order_id=e928f7ab-0435-427e-b9ff-3a2f4bc7a129, trace_id=1f0688c4-4697-4047-8d7d-d5e05f0c664c
2026-08-18 20:57:20,721 - INFO - Inventory Reservation Service Called, req: {'order_id': 'e928f7ab-0435-427e-b9ff-3a2f4bc7a129', 'items': [{'sku': 'b2926dc2-cc6d-4c3e-ae40-7a127c173b16', 'qty': 2}], 'atomic_update': True, 'delay': 0.0, 'drop': 0}, response_status: 200, response: {'order_id': 'e928f7ab-0435-427e-b9ff-3a2f4bc7a129', 'status': 'RESERVED', 'items': [{'sku': 'b2926dc2-cc6d-4c3e-ae40-7a127c173b16', 'remaining': 2}], 'total_input_tokens': 0, 'total_output_tokens': 0, 'total_llm_calls': 0} trace_id=1f0688c4-4697-4047-8d7d-d5e05f0c664c
2026-08-18 20:57:21,029 - INFO - Payment Service Called, req: {'order_id': 'e928f7ab-0435-427e-b9ff-3a2f4bc7a129', 'final_price': 300.0}, response_status: 200, response: {'order_id': 'e928f7ab-0435-427e-b9ff-3a2f4bc7a129', 'status': 'SUCCESS', 'total_input_tokens': 0, 'total_output_tokens': 0, 'total_llm_calls': 0} trace_id=1f0688c4-4697-4047-8d7d-d5e05f0c664c
2026-08-18 20:57:21,247 - INFO - Shipment Service Called, req: {'order_id': 'e928f7ab-0435-427e-b9ff-3a2f4bc7a129', 'address': 'SAMPLE_ADDRESS'}, response_status: 200, response: {'shipment_id': '9ccea127-0285-434b-9160-8245a3cad944', 'tracking_id': '59f9804b-1584-4c80-a291-94902ba6dc8e', 'total_input_tokens': 0, 'total_output_tokens': 0, 'total_llm_calls': 0} trace_id=1f0688c4-4697-4047-8d7d-d5e05f0c664c
2026-08-18 20:57:21,252 - INFO - Request for orchestrate_order completed, final_status:COMPLETED,  trace_id=1f0688c4-4697-4047-8d7d-d5e05f0c664c
2026-08-18 20:57:21,329 - INFO - Request for checkout_cart, cart_id=fe802329-cab6-4d41-847d-8dee9445cc36, user_id=None, trace_id=0e5e7a20-aa05-4792-9531-3369b673192b
2026-08-18 20:57:21,334 - INFO - Cart Service Called, request_cart_id: fe802329-cab6-4d41-847d-8dee9445cc36, response_status: 200, trace_id=0e5e7a20-aa05-4792-9531-3369b673192b
2026-08-18 20:57:21,338 - INFO - HTTP Request: POST http://127.0.0.1:8002/price "HTTP/1.1 200 OK"
2026-08-18 20:57:21,340 - INFO - Pricing Service Called, req: {'items': [{'product_id': 'b2926dc2-cc6d-4c3e-ae40-7a127c173b16', 'qty': 2}], 'promo_codes': [], 'only_final_price': True}, response_status: 200, trace_id=0e5e7a20-aa05-4792-9531-3369b673192b
2026-08-18 20:57:21,340 - INFO - Request for orchestrate_order started, order_id=25455fd6-b7a8-4900-ad90-5aeedaefe4ef, trace_id=0e5e7a20-aa05-4792-9531-3369b673192b
2026-08-18 20:57:21,346 - INFO - Inventory Reservation Service Called, req: {'order_id': '25455fd6-b7a8-4900-ad90-5aeedaefe4ef', 'items': [{'sku': 'b2926dc2-cc6d-4c3e-ae40-7a127c173b16', 'qty': 2}], 'atomic_update': True, 'delay': 0.0, 'drop': 0}, response_status: 200, response: {'order_id': '25455fd6-b7a8-4900-ad90-5aeedaefe4ef', 'status': 'RESERVED', 'items': [{'sku': 'b2926dc2-cc6d-4c3e-ae40-7a127c173b16', 'remaining': 0}], 'total_input_tokens': 0, 'total_output_tokens': 0, 'total_llm_calls': 0} trace_id=0e5e7a20-aa05-4792-9531-3369b673192b
2026-08-18 20:57:21,656 - INFO - Payment Service Called, req: {'order_id': '25455fd6-b7a8-4900-ad90-5aeedaefe4ef', 'final_price': 300.0}, response_status: 200, response: {'order_id': '25455fd6-b7a8-4900-ad90-5aeedaefe4ef', 'status': 'SUCCESS', 'total_input_tokens': 0, 'total_output_tokens': 0, 'total_llm_calls': 0} trace_id=0e5e7a20-aa05-4792-9531-3369b673192b
2026-08-18 20:57:21,876 - INFO - Shipment Service Called, req: {'order_id': '25455fd6-b7a8-4900-ad90-5aeedaefe4ef', 'address': 'SAMPLE_ADDRESS'}, response_status: 200, response: {'shipment_id': '305dbfe6-2a56-4372-800c-ed8aeb5357bb', 'tracking_id': 'daaacb94-95f6-4bed-b5f3-8096f98ce1cd', 'total_input_tokens': 0, 'total_output_tokens': 0, 'total_llm_calls': 0} trace_id=0e5e7a20-aa05-4792-9531-3369b673192b
2026-08-18 20:57:21,880 - INFO - Request for orchestrate_order completed, final_status:COMPLETED,  trace_id=0e5e7a20-aa05-4792-9531-3369b673192b
2026-08-18 20:57:21,978 - INFO - Request for checkout_cart, cart_id=84e1b4da-f3b7-49a4-b334-9c18b20e4cf1, user_id=None, trace_id=4d98d89c-8997-4a17-9e46-6ee2bbb4d20c
2026-08-18 20:57:21,983 - INFO - Cart Service Called, request_cart_id: 84e1b4da-f3b7-49a4-b334-9c18b20e4cf1, response_status: 200, trace_id=4d98d89c-8997-4a17-9e46-6ee2bbb4d20c
2026-08-18 20:57:21,987 - INFO - HTTP Request: POST http://127.0.0.1:8002/price "HTTP/1.1 200 OK"
2026-08-18 20:57:21,989 - INFO - Pricing Service Called, req: {'items': [{'product_id': 'b2926dc2-cc6d-4c3e-ae40-7a127c173b16', 'qty': 2}], 'promo_codes': [], 'only_final_price': True}, response_status: 200, trace_id=4d98d89c-8997-4a17-9e46-6ee2bbb4d20c
2026-08-18 20:57:21,990 - INFO - Request for orchestrate_order started, order_id=0a92a9eb-77bb-4a31-a862-4fbe95552920, trace_id=4d98d89c-8997-4a17-9e46-6ee2bbb4d20c
2026-08-18 20:57:21,997 - INFO - Inventory Reservation Service Called, req: {'order_id': '0a92a9eb-77bb-4a31-a862-4fbe95552920', 'items': [{'sku': 'b2926dc2-cc6d-4c3e-ae40-7a127c173b16', 'qty': 2}], 'atomic_update': True, 'delay': 0.0, 'drop': 0}, response_status: 200, response: {'order_id': '0a92a9eb-77bb-4a31-a862-4fbe95552920', 'status': 'OUT_OF_STOCK', 'reason': 'Out of stock: b2926dc2-cc6d-4c3e-ae40-7a127c173b16', 'total_input_tokens': 0, 'total_output_tokens': 0, 'total_llm_calls': 0} trace_id=4d98d89c-8997-4a17-9e46-6ee2bbb4d20c
2026-08-18 20:57:21,998 - INFO - Request for orchestrate_order completed, final_status:OUT_OF_STOCK,  trace_id=4d98d89c-8997-4a17-9e46-6ee2bbb4d20c
2026-08-18 20:57:22,030 - INFO - Request for checkout_cart, cart_id=b289b45d-4d2c-49ba-9152-a5ec11d6ccb5, user_id=None, trace_id=472294c8-2253-41cd-9603-d09cc1e5ef2b
2026-08-18 20:57:22,034 - INFO - Cart Service Called, request_cart_id: b289b45d-4d2c-49ba-9152-a5ec11d6ccb5, response_status: 200, trace_id=472294c8-2253-41cd-9603-d09cc1e5ef2b
2026-08-18 20:57:22,039 - INFO - HTTP Request: POST http://127.0.0.1:8002/price "HTTP/1.1 200 OK"
2026-08-18 20:57:22,040 - INFO - Pricing Service Called, req: {'items': [{'product_id': 'b2926dc2-cc6d-4c3e-ae40-7a127c173b16', 'qty': 2}], 'promo_codes': [], 'only_final_price': True}, response_status: 200, trace_id=472294c8-2253-41cd-9603-d09cc1e5ef2b
2026-08-18 20:57:22,040 - INFO - Request for orchestrate_order started, order_id=34f800a5-9ead-4808-a703-4f35ca22dbf6, trace_id=472294c8-2253-41cd-9603-d09cc1e5ef2b
2026-08-18 20:57:22,047 - INFO - Inventory Reservation Service Called, req: {'order_id': '34f800a5-9ead-4808-a703-4f35ca22dbf6', 'items': [{'sku': 'b2926dc2-cc6d-4c3e-ae40-7a127c173b16', 'qty': 2}], 'atomic_update': True, 'delay': 0.0, 'drop': 0}, response_status: 200, response: {'order_id': '34f800a5-9ead-4808-a703-4f35ca22dbf6', 'status': 'OUT_OF_STOCK', 'reason': 'Out of stock: b2926dc2-cc6d-4c3e-ae40-7a127c173b16', 'total_input_tokens': 0, 'total_output_tokens': 0, 'total_llm_calls': 0} trace_id=472294c8-2253-41cd-9603-d09cc1e5ef2b
2026-08-18 20:57:22,048 - INFO - Request for orchestrate_order completed, final_status:OUT_OF_STOCK,  trace_id=472294c8-2253-41cd-9603-d09cc1e5ef2b
2026-08-18 20:57:22,081 - INFO - Request for checkout_cart, cart_id=dc3256f7-662c-42da-a37b-bb5d84ac4651, user_id=None, trace_id=cda55b2f-82b8-4699-90b1-525cc885318e
2026-08-18 20:57:22,085 - INFO - Cart Service Called, request_cart_id: dc3256f7-662c-42da-a37b-bb5d84ac4651, response_status: 200, trace_id=cda55b2f-82b8-4699-90b1-525cc885318e
2026-08-18 20:57:22,090 - INFO - HTTP Request: POST http://127.0.0.1:8002/price "HTTP/1.1 200 OK"
2026-08-18 20:57:22,091 - INFO - Pricing Service Called, req: {'items': [{'product_id': 'b2926dc2-cc6d-4c3e-ae40-7a127c173b16', 'qty': 2}], 'promo_codes': [], 'only_final_price': True}, response_status: 200, trace_id=cda55b2f-82b8-4699-90b1-525cc885318e
2026-08-18 20:57:22,092 - INFO - Request for orchestrate_order started, order_id=3611e3c8-c869-43da-8cc6-c367d2c27035, trace_id=cda55b2f-82b8-4699-90b1-525cc885318e
2026-08-18 20:57:22,097 - INFO - Inventory Reservation Service Called, req: {'order_id': '3611e3c8-c869-43da-8cc6-c367d2c27035', 'items': [{'sku': 'b2926dc2-cc6d-4c3e-ae40-7a127c173b16', 'qty': 2}], 'atomic_update': True, 'delay': 0.0, 'drop': 0}, response_status: 200, response: {'order_id': '3611e3c8-c869-43da-8cc6-c367d2c27035', 'status': 'OUT_OF_STOCK', 'reason': 'Out of stock: b2926dc2-cc6d-4c3e-ae40-7a127c173b16', 'total_input_tokens': 0, 'total_output_tokens': 0, 'total_llm_calls': 0} trace_id=cda55b2f-82b8-4699-90b1-525cc885318e
2026-08-18 20:57:22,098 - INFO - Request for orchestrate_order completed, final_status:OUT_OF_STOCK,  trace_id=cda55b2f-82b8-4699-90b1-525cc885318e
2026-08-18 20:57:22,119 - INFO - Request for checkout_cart, cart_id=9e7d9f89-ccaf-482b-a256-64da2f027bfe, user_id=None, trace_id=9a2cc3f0-419d-4efd-b58e-b6bd957a4efd
2026-08-18 20:57:22,125 - INFO - Cart Service Called, request_cart_id: 9e7d9f89-ccaf-482b-a256-64da2f027bfe, response_status: 200, trace_id=9a2cc3f0-419d-4efd-b58e-b6bd957a4efd
2026-08-18 20:57:22,130 - INFO - HTTP Request: POST http://127.0.0.1:8002/price "HTTP/1.1 200 OK"
2026-08-18 20:57:22,130 - INFO - Pricing Service Called, req: {'items': [{'product_id': 'b2926dc2-cc6d-4c3e-ae40-7a127c173b16', 'qty': 2}], 'promo_codes': [], 'only_final_price': True}, response_status: 200, trace_id=9a2cc3f0-419d-4efd-b58e-b6bd957a4efd
2026-08-18 20:57:22,131 - INFO - Request for orchestrate_order started, order_id=e51b6f11-9112-49c3-babe-0d086dd28cdf, trace_id=9a2cc3f0-419d-4efd-b58e-b6bd957a4efd
2026-08-18 20:57:22,136 - INFO - Inventory Reservation Service Called, req: {'order_id': 'e51b6f11-9112-49c3-babe-0d086dd28cdf', 'items': [{'sku': 'b2926dc2-cc6d-4c3e-ae40-7a127c173b16', 'qty': 2}], 'atomic_update': True, 'delay': 0.0, 'drop': 0}, response_status: 200, response: {'order_id': 'e51b6f11-9112-49c3-babe-0d086dd28cdf', 'status': 'OUT_OF_STOCK', 'reason': 'Out of stock: b2926dc2-cc6d-4c3e-ae40-7a127c173b16', 'total_input_tokens': 0, 'total_output_tokens': 0, 'total_llm_calls': 0} trace_id=9a2cc3f0-419d-4efd-b58e-b6bd957a4efd
2026-08-18 20:57:22,137 - INFO - Request for orchestrate_order completed, final_status:OUT_OF_STOCK,  trace_id=9a2cc3f0-419d-4efd-b58e-b6bd957a4efd
2026-08-18 20:57:22,180 - INFO - Request for checkout_cart, cart_id=1d8aa0a2-38e3-4aab-83a6-03a5f5760bad, user_id=None, trace_id=c42d5291-f2dc-49c5-ad96-60b1bc0dfddf
2026-08-18 20:57:22,186 - INFO - Cart Service Called, request_cart_id: 1d8aa0a2-38e3-4aab-83a6-03a5f5760bad, response_status: 200, trace_id=c42d5291-f2dc-49c5-ad96-60b1bc0dfddf
2026-08-18 20:57:22,191 - INFO - HTTP Request: POST http://127.0.0.1:8002/price "HTTP/1.1 200 OK"
2026-08-18 20:57:22,192 - INFO - Pricing Service Called, req: {'items': [{'product_id': 'b2926dc2-cc6d-4c3e-ae40-7a127c173b16', 'qty': 2}], 'promo_codes': [], 'only_final_price': True}, response_status: 200, trace_id=c42d5291-f2dc-49c5-ad96-60b1bc0dfddf
2026-08-18 20:57:22,192 - INFO - Request for orchestrate_order started, order_id=42aad6b3-e540-4833-8c51-723c7790e901, trace_id=c42d5291-f2dc-49c5-ad96-60b1bc0dfddf
2026-08-18 20:57:22,200 - INFO - Inventory Reservation Service Called, req: {'order_id': '42aad6b3-e540-4833-8c51-723c7790e901', 'items': [{'sku': 'b2926dc2-cc6d-4c3e-ae40-7a127c173b16', 'qty': 2}], 'atomic_update': True, 'delay': 0.0, 'drop': 0}, response_status: 200, response: {'order_id': '42aad6b3-e540-4833-8c51-723c7790e901', 'status': 'OUT_OF_STOCK', 'reason': 'Out of stock: b2926dc2-cc6d-4c3e-ae40-7a127c173b16', 'total_input_tokens': 0, 'total_output_tokens': 0, 'total_llm_calls': 0} trace_id=c42d5291-f2dc-49c5-ad96-60b1bc0dfddf
2026-08-18 20:57:22,202 - INFO - Request for orchestrate_order completed, final_status:OUT_OF_STOCK,  trace_id=c42d5291-f2dc-49c5-ad96-60b1bc0dfddf
2026-08-18 20:58:14,289 - INFO - Request for checkout_cart, cart_id=56faf751-60d4-4d2a-ad58-d43eeb8b79d6, user_id=None, trace_id=f4514564-f5c4-4837-ba72-f79bc5f24467
2026-08-18 20:58:14,295 - INFO - Cart Service Called, request_cart_id: 56faf751-60d4-4d2a-ad58-d43eeb8b79d6, response_status: 200, trace_id=f4514564-f5c4-4837-ba72-f79bc5f24467
2026-08-18 20:58:14,297 - INFO - Request for checkout_cart, cart_id=1c7209e5-67a7-41bb-829f-2229950a41c3, user_id=None, trace_id=76cbe10b-fe93-4d01-a9b7-831cde9344d9
2026-08-18 20:58:14,317 - INFO - Cart Service Called, request_cart_id: 1c7209e5-67a7-41bb-829f-2229950a41c3, response_status: 200, trace_id=76cbe10b-fe93-4d01-a9b7-831cde9344d9
2026-08-18 20:58:14,319 - INFO - Request for checkout_cart, cart_id=e08f34b0-e933-40bd-88d2-9a0501fba5be, user_id=None, trace_id=054a03c3-d6c4-4d32-8541-6c711ff04fd0
2026-08-18 20:58:14,342 - INFO - Cart Service Called, request_cart_id: e08f34b0-e933-40bd-88d2-9a0501fba5be, response_status: 200, trace_id=054a03c3-d6c4-4d32-8541-6c711ff04fd0
2026-08-18 20:58:14,345 - INFO - Request for checkout_cart, cart_id=188811ae-d9cd-44e1-a870-b677522d2160, user_id=None, trace_id=20c307dc-525c-49d7-980b-2246ff6c0839
2026-08-18 20:58:14,354 - INFO - Cart Service Called, request_cart_id: 188811ae-d9cd-44e1-a870-b677522d2160, response_status: 200, trace_id=20c307dc-525c-49d7-980b-2246ff6c0839
2026-08-18 20:58:14,356 - INFO - Request for checkout_cart, cart_id=ea3d6738-ce22-4770-8f9e-bc376df7e9df, user_id=None, trace_id=5d45fd37-837c-4293-86bb-c0d643afc013
2026-08-18 20:58:14,367 - INFO - Cart Service Called, request_cart_id: ea3d6738-ce22-4770-8f9e-bc376df7e9df, response_status: 200, trace_id=5d45fd37-837c-4293-86bb-c0d643afc013
2026-08-18 20:58:14,371 - INFO - Request for checkout_cart, cart_id=14cf6d04-87de-45e5-9f3b-1a8b79e8d65f, user_id=None, trace_id=d0fccd31-a534-4cb7-a052-a73c701f8c44
2026-08-18 20:58:14,377 - INFO - Cart Service Called, request_cart_id: 14cf6d04-87de-45e5-9f3b-1a8b79e8d65f, response_status: 200, trace_id=d0fccd31-a534-4cb7-a052-a73c701f8c44
2026-08-18 20:58:14,379 - INFO - Request for checkout_cart, cart_id=29908295-23e4-498d-b83c-a7ec61e0216c, user_id=None, trace_id=77615a35-c21e-48e8-b18b-195145e1be5e
2026-08-18 20:58:14,383 - INFO - Cart Service Called, request_cart_id: 29908295-23e4-498d-b83c-a7ec61e0216c, response_status: 200, trace_id=77615a35-c21e-48e8-b18b-195145e1be5e
2026-08-18 20:58:14,387 - INFO - Request for checkout_cart, cart_id=2337085a-2b0d-48c6-b749-08dd41687b2a, user_id=None, trace_id=27369842-423a-423e-ac55-1e3623aa9482
2026-08-18 20:58:14,393 - INFO - Cart Service Called, request_cart_id: 2337085a-2b0d-48c6-b749-08dd41687b2a, response_status: 200, trace_id=27369842-423a-423e-ac55-1e3623aa9482
2026-08-18 20:58:14,397 - INFO - Request for checkout_cart, cart_id=c5a8e3c7-f802-4e94-8a9f-86bd08ea751c, user_id=None, trace_id=04ecd6f5-af14-4552-bfb6-28b923bbd9de
2026-08-18 20:58:14,405 - INFO - Cart Service Called, request_cart_id: c5a8e3c7-f802-4e94-8a9f-86bd08ea751c, response_status: 200, trace_id=04ecd6f5-af14-4552-bfb6-28b923bbd9de
2026-08-18 20:58:14,408 - INFO - Request for checkout_cart, cart_id=fe205313-502b-4121-a938-008d840b425d, user_id=None, trace_id=8280839f-9d5b-439d-a9ed-e95d9232703d
2026-08-18 20:58:14,413 - INFO - Cart Service Called, request_cart_id: fe205313-502b-4121-a938-008d840b425d, response_status: 200, trace_id=8280839f-9d5b-439d-a9ed-e95d9232703d
2026-08-18 20:58:14,443 - INFO - HTTP Request: POST http://127.0.0.1:8002/price "HTTP/1.1 200 OK"
2026-08-18 20:58:14,444 - INFO - Pricing Service Called, req: {'items': [{'product_id': 'b2926dc2-cc6d-4c3e-ae40-7a127c173b16', 'qty': 2}], 'promo_codes': [], 'only_final_price': True}, response_status: 200, trace_id=f4514564-f5c4-4837-ba72-f79bc5f24467
2026-08-18 20:58:14,445 - INFO - Request for orchestrate_order started, order_id=6fdfb269-ce3a-4a92-8263-0be07f4f0bc2, trace_id=f4514564-f5c4-4837-ba72-f79bc5f24467
2026-08-18 20:58:14,455 - INFO - Inventory Reservation Service Called, req: {'order_id': '6fdfb269-ce3a-4a92-8263-0be07f4f0bc2', 'items': [{'sku': 'b2926dc2-cc6d-4c3e-ae40-7a127c173b16', 'qty': 2}], 'atomic_update': True, 'delay': 0.0, 'drop': 0}, response_status: 200, response: {'order_id': '6fdfb269-ce3a-4a92-8263-0be07f4f0bc2', 'status': 'RESERVED', 'items': [{'sku': 'b2926dc2-cc6d-4c3e-ae40-7a127c173b16', 'remaining': 8}], 'total_input_tokens': 0, 'total_output_tokens': 0, 'total_llm_calls': 0} trace_id=f4514564-f5c4-4837-ba72-f79bc5f24467
2026-08-18 20:58:14,763 - INFO - Payment Service Called, req: {'order_id': '6fdfb269-ce3a-4a92-8263-0be07f4f0bc2', 'final_price': 300.0}, response_status: 200, response: {'order_id': '6fdfb269-ce3a-4a92-8263-0be07f4f0bc2', 'status': 'SUCCESS', 'total_input_tokens': 0, 'total_output_tokens': 0, 'total_llm_calls': 0} trace_id=f4514564-f5c4-4837-ba72-f79bc5f24467
2026-08-18 20:58:14,978 - INFO - Shipment Service Called, req: {'order_id': '6fdfb269-ce3a-4a92-8263-0be07f4f0bc2', 'address': 'SAMPLE_ADDRESS'}, response_status: 200, response: {'shipment_id': '0a7fb216-cb35-439c-9303-90dc87111fe5', 'tracking_id': 'b9b82137-81c5-42e5-a22b-bf702a782de9', 'total_input_tokens': 0, 'total_output_tokens': 0, 'total_llm_calls': 0} trace_id=f4514564-f5c4-4837-ba72-f79bc5f24467
2026-08-18 20:58:14,981 - INFO - Request for orchestrate_order completed, final_status:COMPLETED,  trace_id=f4514564-f5c4-4837-ba72-f79bc5f24467
2026-08-18 20:58:14,986 - INFO - HTTP Request: POST http://127.0.0.1:8002/price "HTTP/1.1 200 OK"
2026-08-18 20:58:14,989 - INFO - HTTP Request: POST http://127.0.0.1:8002/price "HTTP/1.1 200 OK"
2026-08-18 20:58:14,992 - INFO - HTTP Request: POST http://127.0.0.1:8002/price "HTTP/1.1 200 OK"
2026-08-18 20:58:14,996 - INFO - HTTP Request: POST http://127.0.0.1:8002/price "HTTP/1.1 200 OK"
2026-08-18 20:58:15,000 - INFO - HTTP Request: POST http://127.0.0.1:8002/price "HTTP/1.1 200 OK"
2026-08-18 20:58:15,004 - INFO - HTTP Request: POST http://127.0.0.1:8002/price "HTTP/1.1 200 OK"
2026-08-18 20:58:15,009 - INFO - HTTP Request: POST http://127.0.0.1:8002/price "HTTP/1.1 200 OK"
2026-08-18 20:58:15,015 - INFO - HTTP Request: POST http://127.0.0.1:8002/price "HTTP/1.1 200 OK"
2026-08-18 20:58:15,021 - INFO - HTTP Request: POST http://127.0.0.1:8002/price "HTTP/1.1 200 OK"
2026-08-18 20:58:15,025 - INFO - Pricing Service Called, req: {'items': [{'product_id': 'b2926dc2-cc6d-4c3e-ae40-7a127c173b16', 'qty': 2}], 'promo_codes': [], 'only_final_price': True}, response_status: 200, trace_id=76cbe10b-fe93-4d01-a9b7-831cde9344d9
2026-08-18 20:58:15,026 - INFO - Request for orchestrate_order started, order_id=9fecd78b-d5bf-4b47-8beb-e16361b78eee, trace_id=76cbe10b-fe93-4d01-a9b7-831cde9344d9
2026-08-18 20:58:15,062 - INFO - Inventory Reservation Service Called, req: {'order_id': '9fecd78b-d5bf-4b47-8beb-e16361b78eee', 'items': [{'sku': 'b2926dc2-cc6d-4c3e-ae40-7a127c173b16', 'qty': 2}], 'atomic_update': True, 'delay': 0.0, 'drop': 0}, response_status: 200, response: {'order_id': '9fecd78b-d5bf-4b47-8beb-e16361b78eee', 'status': 'RESERVED', 'items': [{'sku': 'b2926dc2-cc6d-4c3e-ae40-7a127c173b16', 'remaining': 6}], 'total_input_tokens': 0, 'total_output_tokens': 0, 'total_llm_calls': 0} trace_id=76cbe10b-fe93-4d01-a9b7-831cde9344d9
2026-08-18 20:58:15,383 - INFO - Payment Service Called, req: {'order_id': '9fecd78b-d5bf-4b47-8beb-e16361b78eee', 'final_price': 300.0}, response_status: 200, response: {'order_id': '9fecd78b-d5bf-4b47-8beb-e16361b78eee', 'status': 'SUCCESS', 'total_input_tokens': 0, 'total_output_tokens': 0, 'total_llm_calls': 0} trace_id=76cbe10b-fe93-4d01-a9b7-831cde9344d9
2026-08-18 20:58:15,601 - INFO - Shipment Service Called, req: {'order_id': '9fecd78b-d5bf-4b47-8beb-e16361b78eee', 'address': 'SAMPLE_ADDRESS'}, response_status: 200, response: {'shipment_id': 'ef857b89-afe4-4bc0-bbc3-ed0f19613f8d', 'tracking_id': '700ec383-4fc5-4948-9ff2-1bd074373518', 'total_input_tokens': 0, 'total_output_tokens': 0, 'total_llm_calls': 0} trace_id=76cbe10b-fe93-4d01-a9b7-831cde9344d9
2026-08-18 20:58:15,604 - INFO - Request for orchestrate_order completed, final_status:COMPLETED,  trace_id=76cbe10b-fe93-4d01-a9b7-831cde9344d9
2026-08-18 20:58:15,609 - INFO - Pricing Service Called, req: {'items': [{'product_id': 'b2926dc2-cc6d-4c3e-ae40-7a127c173b16', 'qty': 2}], 'promo_codes': [], 'only_final_price': True}, response_status: 200, trace_id=054a03c3-d6c4-4d32-8541-6c711ff04fd0
2026-08-18 20:58:15,610 - INFO - Request for orchestrate_order started, order_id=673c47ac-f52d-4f8d-9f75-bcd7c3395411, trace_id=054a03c3-d6c4-4d32-8541-6c711ff04fd0
2026-08-18 20:58:15,630 - INFO - Inventory Reservation Service Called, req: {'order_id': '673c47ac-f52d-4f8d-9f75-bcd7c3395411', 'items': [{'sku': 'b2926dc2-cc6d-4c3e-ae40-7a127c173b16', 'qty': 2}], 'atomic_update': True, 'delay': 0.0, 'drop': 0}, response_status: 200, response: {'order_id': '673c47ac-f52d-4f8d-9f75-bcd7c3395411', 'status': 'RESERVED', 'items': [{'sku': 'b2926dc2-cc6d-4c3e-ae40-7a127c173b16', 'remaining': 4}], 'total_input_tokens': 0, 'total_output_tokens': 0, 'total_llm_calls': 0} trace_id=054a03c3-d6c4-4d32-8541-6c711ff04fd0
2026-08-18 20:58:15,942 - INFO - Payment Service Called, req: {'order_id': '673c47ac-f52d-4f8d-9f75-bcd7c3395411', 'final_price': 300.0}, response_status: 200, response: {'order_id': '673c47ac-f52d-4f8d-9f75-bcd7c3395411', 'status': 'SUCCESS', 'total_input_tokens': 0, 'total_output_tokens': 0, 'total_llm_calls': 0} trace_id=054a03c3-d6c4-4d32-8541-6c711ff04fd0
2026-08-18 20:58:16,148 - INFO - Shipment Service Called, req: {'order_id': '673c47ac-f52d-4f8d-9f75-bcd7c3395411', 'address': 'SAMPLE_ADDRESS'}, response_status: 200, response: {'shipment_id': '4a63c27b-20ba-44c6-88c0-bd6133b4fe02', 'tracking_id': 'a6f1d156-c19f-4c50-ae38-16cb5e6e6e4f', 'total_input_tokens': 0, 'total_output_tokens': 0, 'total_llm_calls': 0} trace_id=054a03c3-d6c4-4d32-8541-6c711ff04fd0
2026-08-18 20:58:16,149 - INFO - Request for orchestrate_order completed, final_status:COMPLETED,  trace_id=054a03c3-d6c4-4d32-8541-6c711ff04fd0
2026-08-18 20:58:16,151 - INFO - Pricing Service Called, req: {'items': [{'product_id': 'b2926dc2-cc6d-4c3e-ae40-7a127c173b16', 'qty': 2}], 'promo_codes': [], 'only_final_price': True}, response_status: 200, trace_id=20c307dc-525c-49d7-980b-2246ff6c0839
2026-08-18 20:58:16,151 - INFO - Request for orchestrate_order started, order_id=92066bae-c062-46e9-a172-96369a6dd931, trace_id=20c307dc-525c-49d7-980b-2246ff6c0839
2026-08-18 20:58:16,157 - INFO - Inventory Reservation Service Called, req: {'order_id': '92066bae-c062-46e9-a172-96369a6dd931', 'items': [{'sku': 'b2926dc2-cc6d-4c3e-ae40-7a127c173b16', 'qty': 2}], 'atomic_update': True, 'delay': 0.0, 'drop': 0}, response_status: 200, response: {'order_id': '92066bae-c062-46e9-a172-96369a6dd931', 'status': 'RESERVED', 'items': [{'sku': 'b2926dc2-cc6d-4c3e-ae40-7a127c173b16', 'remaining': 2}], 'total_input_tokens': 0, 'total_output_tokens': 0, 'total_llm_calls': 0} trace_id=20c307dc-525c-49d7-980b-2246ff6c0839
2026-08-18 20:58:16,466 - INFO - Payment Service Called, req: {'order_id': '92066bae-c062-46e9-a172-96369a6dd931', 'final_price': 300.0}, response_status: 200, response: {'order_id': '92066bae-c062-46e9-a172-96369a6dd931', 'status': 'SUCCESS', 'total_input_tokens': 0, 'total_output_tokens': 0, 'total_llm_calls': 0} trace_id=20c307dc-525c-49d7-980b-2246ff6c0839
2026-08-18 20:58:16,682 - INFO - Shipment Service Called, req: {'order_id': '92066bae-c062-46e9-a172-96369a6dd931', 'address': 'SAMPLE_ADDRESS'}, response_status: 200, response: {'shipment_id': '4becd09a-feb3-4fbb-b476-a4fd8dabca48', 'tracking_id': '21506cf0-c75c-42b0-8fbc-5a8e5db985aa', 'total_input_tokens': 0, 'total_output_tokens': 0, 'total_llm_calls': 0} trace_id=20c307dc-525c-49d7-980b-2246ff6c0839
2026-08-18 20:58:16,685 - INFO - Request for orchestrate_order completed, final_status:COMPLETED,  trace_id=20c307dc-525c-49d7-980b-2246ff6c0839
2026-08-18 20:58:16,690 - INFO - Pricing Service Called, req: {'items': [{'product_id': 'b2926dc2-cc6d-4c3e-ae40-7a127c173b16', 'qty': 2}], 'promo_codes': [], 'only_final_price': True}, response_status: 200, trace_id=d0fccd31-a534-4cb7-a052-a73c701f8c44
2026-08-18 20:58:16,690 - INFO - Request for orchestrate_order started, order_id=cfd83a80-1dfe-4c2b-89af-784665930b81, trace_id=d0fccd31-a534-4cb7-a052-a73c701f8c44
2026-08-18 20:58:16,707 - INFO - Inventory Reservation Service Called, req: {'order_id': 'cfd83a80-1dfe-4c2b-89af-784665930b81', 'items': [{'sku': 'b2926dc2-cc6d-4c3e-ae40-7a127c173b16', 'qty': 2}], 'atomic_update': True, 'delay': 0.0, 'drop': 0}, response_status: 200, response: {'order_id': 'cfd83a80-1dfe-4c2b-89af-784665930b81', 'status': 'RESERVED', 'items': [{'sku': 'b2926dc2-cc6d-4c3e-ae40-7a127c173b16', 'remaining': 0}], 'total_input_tokens': 0, 'total_output_tokens': 0, 'total_llm_calls': 0} trace_id=d0fccd31-a534-4cb7-a052-a73c701f8c44
2026-08-18 20:58:17,016 - INFO - Payment Service Called, req: {'order_id': 'cfd83a80-1dfe-4c2b-89af-784665930b81', 'final_price': 300.0}, response_status: 200, response: {'order_id': 'cfd83a80-1dfe-4c2b-89af-784665930b81', 'status': 'SUCCESS', 'total_input_tokens': 0, 'total_output_tokens': 0, 'total_llm_calls': 0} trace_id=d0fccd31-a534-4cb7-a052-a73c701f8c44
2026-08-18 20:58:17,223 - INFO - Shipment Service Called, req: {'order_id': 'cfd83a80-1dfe-4c2b-89af-784665930b81', 'address': 'SAMPLE_ADDRESS'}, response_status: 200, response: {'shipment_id': '2b9ef6b6-23a3-43e1-9d0b-0e7cf5f8771a', 'tracking_id': '540017b9-8aba-4a11-826b-3d3a6cff2d6e', 'total_input_tokens': 0, 'total_output_tokens': 0, 'total_llm_calls': 0} trace_id=d0fccd31-a534-4cb7-a052-a73c701f8c44
2026-08-18 20:58:17,224 - INFO - Request for orchestrate_order completed, final_status:COMPLETED,  trace_id=d0fccd31-a534-4cb7-a052-a73c701f8c44
2026-08-18 20:58:17,225 - INFO - Pricing Service Called, req: {'items': [{'product_id': 'b2926dc2-cc6d-4c3e-ae40-7a127c173b16', 'qty': 2}], 'promo_codes': [], 'only_final_price': True}, response_status: 200, trace_id=5d45fd37-837c-4293-86bb-c0d643afc013
2026-08-18 20:58:17,225 - INFO - Request for orchestrate_order started, order_id=1bc12d38-f7f1-46c7-8c40-b2e8f3a94ec9, trace_id=5d45fd37-837c-4293-86bb-c0d643afc013
2026-08-18 20:58:17,230 - INFO - Inventory Reservation Service Called, req: {'order_id': '1bc12d38-f7f1-46c7-8c40-b2e8f3a94ec9', 'items': [{'sku': 'b2926dc2-cc6d-4c3e-ae40-7a127c173b16', 'qty': 2}], 'atomic_update': True, 'delay': 0.0, 'drop': 0}, response_status: 200, response: {'order_id': '1bc12d38-f7f1-46c7-8c40-b2e8f3a94ec9', 'status': 'OUT_OF_STOCK', 'reason': 'Out of stock: b2926dc2-cc6d-4c3e-ae40-7a127c173b16', 'total_input_tokens': 0, 'total_output_tokens': 0, 'total_llm_calls': 0} trace_id=5d45fd37-837c-4293-86bb-c0d643afc013
2026-08-18 20:58:17,231 - INFO - Request for orchestrate_order completed, final_status:OUT_OF_STOCK,  trace_id=5d45fd37-837c-4293-86bb-c0d643afc013
2026-08-18 20:58:17,232 - INFO - Pricing Service Called, req: {'items': [{'product_id': 'b2926dc2-cc6d-4c3e-ae40-7a127c173b16', 'qty': 2}], 'promo_codes': [], 'only_final_price': True}, response_status: 200, trace_id=27369842-423a-423e-ac55-1e3623aa9482
2026-08-18 20:58:17,232 - INFO - Request for orchestrate_order started, order_id=df7b4f45-7b2f-4b22-8dcb-0d9d5c2aaf39, trace_id=27369842-423a-423e-ac55-1e3623aa9482
2026-08-18 20:58:17,237 - INFO - Inventory Reservation Service Called, req: {'order_id': 'df7b4f45-7b2f-4b22-8dcb-0d9d5c2aaf39', 'items': [{'sku': 'b2926dc2-cc6d-4c3e-ae40-7a127c173b16', 'qty': 2}], 'atomic_update': True, 'delay': 0.0, 'drop': 0}, response_status: 200, response: {'order_id': 'df7b4f45-7b2f-4b22-8dcb-0d9d5c2aaf39', 'status': 'OUT_OF_STOCK', 'reason': 'Out of stock: b2926dc2-cc6d-4c3e-ae40-7a127c173b16', 'total_input_tokens': 0, 'total_output_tokens': 0, 'total_llm_calls': 0} trace_id=27369842-423a-423e-ac55-1e3623aa9482
2026-08-18 20:58:17,238 - INFO - Request for orchestrate_order completed, final_status:OUT_OF_STOCK,  trace_id=27369842-423a-423e-ac55-1e3623aa9482
2026-08-18 20:58:17,239 - INFO - Pricing Service Called, req: {'items': [{'product_id': 'b2926dc2-cc6d-4c3e-ae40-7a127c173b16', 'qty': 2}], 'promo_codes': [], 'only_final_price': True}, response_status: 200, trace_id=77615a35-c21e-48e8-b18b-195145e1be5e
2026-08-18 20:58:17,239 - INFO - Request for orchestrate_order started, order_id=a2c5a10f-a622-40f5-876a-8ddafc3ea74b, trace_id=77615a35-c21e-48e8-b18b-195145e1be5e
2026-08-18 20:58:17,244 - INFO - Inventory Reservation Service Called, req: {'order_id': 'a2c5a10f-a622-40f5-876a-8ddafc3ea74b', 'items': [{'sku': 'b2926dc2-cc6d-4c3e-ae40-7a127c173b16', 'qty': 2}], 'atomic_update': True, 'delay': 0.0, 'drop': 0}, response_status: 200, response: {'order_id': 'a2c5a10f-a622-40f5-876a-8ddafc3ea74b', 'status': 'OUT_OF_STOCK', 'reason': 'Out of stock: b2926dc2-cc6d-4c3e-ae40-7a127c173b16', 'total_input_tokens': 0, 'total_output_tokens': 0, 'total_llm_calls': 0} trace_id=77615a35-c21e-48e8-b18b-195145e1be5e
2026-08-18 20:58:17,245 - INFO - Request for orchestrate_order completed, final_status:OUT_OF_STOCK,  trace_id=77615a35-c21e-48e8-b18b-195145e1be5e
2026-08-18 20:58:17,246 - INFO - Pricing Service Called, req: {'items': [{'product_id': 'b2926dc2-cc6d-4c3e-ae40-7a127c173b16', 'qty': 2}], 'promo_codes': [], 'only_final_price': True}, response_status: 200, trace_id=04ecd6f5-af14-4552-bfb6-28b923bbd9de
2026-08-18 20:58:17,246 - INFO - Request for orchestrate_order started, order_id=9e6774cd-b09e-4a06-a6a1-981e47933c07, trace_id=04ecd6f5-af14-4552-bfb6-28b923bbd9de
2026-08-18 20:58:17,251 - INFO - Inventory Reservation Service Called, req: {'order_id': '9e6774cd-b09e-4a06-a6a1-981e47933c07', 'items': [{'sku': 'b2926dc2-cc6d-4c3e-ae40-7a127c173b16', 'qty': 2}], 'atomic_update': True, 'delay': 0.0, 'drop': 0}, response_status: 200, response: {'order_id': '9e6774cd-b09e-4a06-a6a1-981e47933c07', 'status': 'OUT_OF_STOCK', 'reason': 'Out of stock: b2926dc2-cc6d-4c3e-ae40-7a127c173b16', 'total_input_tokens': 0, 'total_output_tokens': 0, 'total_llm_calls': 0} trace_id=04ecd6f5-af14-4552-bfb6-28b923bbd9de
2026-08-18 20:58:17,252 - INFO - Request for orchestrate_order completed, final_status:OUT_OF_STOCK,  trace_id=04ecd6f5-af14-4552-bfb6-28b923bbd9de
2026-08-18 20:58:17,253 - INFO - Pricing Service Called, req: {'items': [{'product_id': 'b2926dc2-cc6d-4c3e-ae40-7a127c173b16', 'qty': 2}], 'promo_codes': [], 'only_final_price': True}, response_status: 200, trace_id=8280839f-9d5b-439d-a9ed-e95d9232703d
2026-08-18 20:58:17,253 - INFO - Request for orchestrate_order started, order_id=d1724c12-c884-4a18-91f4-81ae2c6217dd, trace_id=8280839f-9d5b-439d-a9ed-e95d9232703d
2026-08-18 20:58:17,258 - INFO - Inventory Reservation Service Called, req: {'order_id': 'd1724c12-c884-4a18-91f4-81ae2c6217dd', 'items': [{'sku': 'b2926dc2-cc6d-4c3e-ae40-7a127c173b16', 'qty': 2}], 'atomic_update': True, 'delay': 0.0, 'drop': 0}, response_status: 200, response: {'order_id': 'd1724c12-c884-4a18-91f4-81ae2c6217dd', 'status': 'OUT_OF_STOCK', 'reason': 'Out of stock: b2926dc2-cc6d-4c3e-ae40-7a127c173b16', 'total_input_tokens': 0, 'total_output_tokens': 0, 'total_llm_calls': 0} trace_id=8280839f-9d5b-439d-a9ed-e95d9232703d
2026-08-18 20:58:17,258 - INFO - Request for orchestrate_order completed, final_status:OUT_OF_STOCK,  trace_id=8280839f-9d5b-439d-a9ed-e95d9232703d
2026-08-18 20:58:17,260 - INFO - Request for checkout_cart, cart_id=444abeca-512a-4379-a504-f593bcc5ba4a, user_id=None, trace_id=62c5447f-0605-4423-9148-99c57a932be2
2026-08-18 20:58:17,265 - INFO - Cart Service Called, request_cart_id: 444abeca-512a-4379-a504-f593bcc5ba4a, response_status: 200, trace_id=62c5447f-0605-4423-9148-99c57a932be2
2026-08-18 20:58:17,272 - INFO - HTTP Request: POST http://127.0.0.1:8002/price "HTTP/1.1 200 OK"
2026-08-18 20:58:17,273 - INFO - Pricing Service Called, req: {'items': [{'product_id': 'b2926dc2-cc6d-4c3e-ae40-7a127c173b16', 'qty': 2}], 'promo_codes': [], 'only_final_price': True}, response_status: 200, trace_id=62c5447f-0605-4423-9148-99c57a932be2
2026-08-18 20:58:17,274 - INFO - Request for orchestrate_order started, order_id=58a0fa8c-99a0-4d3d-af35-c803413fc327, trace_id=62c5447f-0605-4423-9148-99c57a932be2
2026-08-18 20:58:17,283 - INFO - Inventory Reservation Service Called, req: {'order_id': '58a0fa8c-99a0-4d3d-af35-c803413fc327', 'items': [{'sku': 'b2926dc2-cc6d-4c3e-ae40-7a127c173b16', 'qty': 2}], 'atomic_update': True, 'delay': 0.0, 'drop': 0}, response_status: 200, response: {'order_id': '58a0fa8c-99a0-4d3d-af35-c803413fc327', 'status': 'OUT_OF_STOCK', 'reason': 'Out of stock: b2926dc2-cc6d-4c3e-ae40-7a127c173b16', 'total_input_tokens': 0, 'total_output_tokens': 0, 'total_llm_calls': 0} trace_id=62c5447f-0605-4423-9148-99c57a932be2
2026-08-18 20:58:17,285 - INFO - Request for orchestrate_order completed, final_status:OUT_OF_STOCK,  trace_id=62c5447f-0605-4423-9148-99c57a932be2
2026-08-18 20:58:17,345 - INFO - Request for checkout_cart, cart_id=33179dd0-ae15-428e-b376-cc677272cb26, user_id=None, trace_id=873aab89-29ca-4800-a639-918db61aae24
2026-08-18 20:58:17,353 - INFO - Cart Service Called, request_cart_id: 33179dd0-ae15-428e-b376-cc677272cb26, response_status: 200, trace_id=873aab89-29ca-4800-a639-918db61aae24
2026-08-18 20:58:17,360 - INFO - HTTP Request: POST http://127.0.0.1:8002/price "HTTP/1.1 200 OK"
2026-08-18 20:58:17,361 - INFO - Pricing Service Called, req: {'items': [{'product_id': 'b2926dc2-cc6d-4c3e-ae40-7a127c173b16', 'qty': 2}], 'promo_codes': [], 'only_final_price': True}, response_status: 200, trace_id=873aab89-29ca-4800-a639-918db61aae24
2026-08-18 20:58:17,361 - INFO - Request for orchestrate_order started, order_id=342a6c53-cf66-40cc-ac1f-bde05ee53842, trace_id=873aab89-29ca-4800-a639-918db61aae24
2026-08-18 20:58:17,375 - INFO - Inventory Reservation Service Called, req: {'order_id': '342a6c53-cf66-40cc-ac1f-bde05ee53842', 'items': [{'sku': 'b2926dc2-cc6d-4c3e-ae40-7a127c173b16', 'qty': 2}], 'atomic_update': True, 'delay': 0.0, 'drop': 0}, response_status: 200, response: {'order_id': '342a6c53-cf66-40cc-ac1f-bde05ee53842', 'status': 'OUT_OF_STOCK', 'reason': 'Out of stock: b2926dc2-cc6d-4c3e-ae40-7a127c173b16', 'total_input_tokens': 0, 'total_output_tokens': 0, 'total_llm_calls': 0} trace_id=873aab89-29ca-4800-a639-918db61aae24
2026-08-18 20:58:17,377 - INFO - Request for orchestrate_order completed, final_status:OUT_OF_STOCK,  trace_id=873aab89-29ca-4800-a639-918db61aae24
2026-08-18 20:58:17,378 - INFO - Request for checkout_cart, cart_id=98d5bed3-1f6c-410c-9d9e-bc91ea339fb2, user_id=None, trace_id=ff69be55-87fe-43d0-8b89-704bf177c6a1
2026-08-18 20:58:17,384 - INFO - Cart Service Called, request_cart_id: 98d5bed3-1f6c-410c-9d9e-bc91ea339fb2, response_status: 200, trace_id=ff69be55-87fe-43d0-8b89-704bf177c6a1
2026-08-18 20:58:17,393 - INFO - HTTP Request: POST http://127.0.0.1:8002/price "HTTP/1.1 200 OK"
2026-08-18 20:58:17,395 - INFO - Pricing Service Called, req: {'items': [{'product_id': 'b2926dc2-cc6d-4c3e-ae40-7a127c173b16', 'qty': 2}], 'promo_codes': [], 'only_final_price': True}, response_status: 200, trace_id=ff69be55-87fe-43d0-8b89-704bf177c6a1
2026-08-18 20:58:17,395 - INFO - Request for orchestrate_order started, order_id=fbddcd92-f2f5-4211-a0fa-ec4777aff60e, trace_id=ff69be55-87fe-43d0-8b89-704bf177c6a1
2026-08-18 20:58:17,408 - INFO - Inventory Reservation Service Called, req: {'order_id': 'fbddcd92-f2f5-4211-a0fa-ec4777aff60e', 'items': [{'sku': 'b2926dc2-cc6d-4c3e-ae40-7a127c173b16', 'qty': 2}], 'atomic_update': True, 'delay': 0.0, 'drop': 0}, response_status: 200, response: {'order_id': 'fbddcd92-f2f5-4211-a0fa-ec4777aff60e', 'status': 'OUT_OF_STOCK', 'reason': 'Out of stock: b2926dc2-cc6d-4c3e-ae40-7a127c173b16', 'total_input_tokens': 0, 'total_output_tokens': 0, 'total_llm_calls': 0} trace_id=ff69be55-87fe-43d0-8b89-704bf177c6a1
2026-08-18 20:58:17,410 - INFO - Request for orchestrate_order completed, final_status:OUT_OF_STOCK,  trace_id=ff69be55-87fe-43d0-8b89-704bf177c6a1
2026-08-18 20:58:17,411 - INFO - Request for checkout_cart, cart_id=1a876c77-98d8-49a4-a1a6-5937eca2e686, user_id=None, trace_id=efad42d6-7598-4dbf-9b55-08eee56fc627
2026-08-18 20:58:17,422 - INFO - Cart Service Called, request_cart_id: 1a876c77-98d8-49a4-a1a6-5937eca2e686, response_status: 200, trace_id=efad42d6-7598-4dbf-9b55-08eee56fc627
2026-08-18 20:58:17,425 - INFO - Request for checkout_cart, cart_id=1bd45b8c-fc02-42a5-8a5a-88f2e1f33820, user_id=None, trace_id=db4f001e-bde5-4c23-9ffa-fbae49008b56
2026-08-18 20:58:17,439 - INFO - Cart Service Called, request_cart_id: 1bd45b8c-fc02-42a5-8a5a-88f2e1f33820, response_status: 200, trace_id=db4f001e-bde5-4c23-9ffa-fbae49008b56
2026-08-18 20:58:17,441 - INFO - Request for checkout_cart, cart_id=17e783c0-8784-44ef-8904-a91ed90c05d7, user_id=None, trace_id=8eb0fcc4-2e4a-4241-95c9-32b668ad4f2b
2026-08-18 20:58:17,446 - INFO - Cart Service Called, request_cart_id: 17e783c0-8784-44ef-8904-a91ed90c05d7, response_status: 200, trace_id=8eb0fcc4-2e4a-4241-95c9-32b668ad4f2b
2026-08-18 20:58:17,450 - INFO - Request for checkout_cart, cart_id=66e31e23-51b6-4771-afbe-43bbffc92254, user_id=None, trace_id=30b40d66-6900-42e5-97a7-2f78118f621d
2026-08-18 20:58:17,455 - INFO - Cart Service Called, request_cart_id: 66e31e23-51b6-4771-afbe-43bbffc92254, response_status: 200, trace_id=30b40d66-6900-42e5-97a7-2f78118f621d
2026-08-18 20:58:17,457 - INFO - Request for checkout_cart, cart_id=35063e9b-68ae-421c-acb2-182ca4cd9df7, user_id=None, trace_id=d53d9539-c1a4-4daf-a34f-762bdd2f6ac2
2026-08-18 20:58:17,462 - INFO - Cart Service Called, request_cart_id: 35063e9b-68ae-421c-acb2-182ca4cd9df7, response_status: 200, trace_id=d53d9539-c1a4-4daf-a34f-762bdd2f6ac2
2026-08-18 20:58:17,463 - INFO - Request for checkout_cart, cart_id=eae180ad-88c5-4ccf-8c22-920283046eb9, user_id=None, trace_id=95778477-07be-4cf8-b8e5-4aa48ace830b
2026-08-18 20:58:17,469 - INFO - Cart Service Called, request_cart_id: eae180ad-88c5-4ccf-8c22-920283046eb9, response_status: 200, trace_id=95778477-07be-4cf8-b8e5-4aa48ace830b
2026-08-18 20:58:17,472 - INFO - HTTP Request: POST http://127.0.0.1:8002/price "HTTP/1.1 200 OK"
2026-08-18 20:58:17,472 - INFO - Request for checkout_cart, cart_id=5945df50-8067-4ef8-9c1d-14aa3be43d6a, user_id=None, trace_id=33b0f83c-8216-4728-bfc4-ae82aac74c23
2026-08-18 20:58:17,477 - INFO - Cart Service Called, request_cart_id: 5945df50-8067-4ef8-9c1d-14aa3be43d6a, response_status: 200, trace_id=33b0f83c-8216-4728-bfc4-ae82aac74c23
2026-08-18 20:58:17,478 - INFO - Pricing Service Called, req: {'items': [{'product_id': 'b2926dc2-cc6d-4c3e-ae40-7a127c173b16', 'qty': 2}], 'promo_codes': [], 'only_final_price': True}, response_status: 200, trace_id=efad42d6-7598-4dbf-9b55-08eee56fc627
2026-08-18 20:58:17,478 - INFO - Request for orchestrate_order started, order_id=df54d496-9eb3-427d-9258-1a8fcb7684f1, trace_id=efad42d6-7598-4dbf-9b55-08eee56fc627
2026-08-18 20:58:17,484 - INFO - Inventory Reservation Service Called, req: {'order_id': 'df54d496-9eb3-427d-9258-1a8fcb7684f1', 'items': [{'sku': 'b2926dc2-cc6d-4c3e-ae40-7a127c173b16', 'qty': 2}], 'atomic_update': True, 'delay': 0.0, 'drop': 0}, response_status: 200, response: {'order_id': 'df54d496-9eb3-427d-9258-1a8fcb7684f1', 'status': 'OUT_OF_STOCK', 'reason': 'Out of stock: b2926dc2-cc6d-4c3e-ae40-7a127c173b16', 'total_input_tokens': 0, 'total_output_tokens': 0, 'total_llm_calls': 0} trace_id=efad42d6-7598-4dbf-9b55-08eee56fc627
2026-08-18 20:58:17,485 - INFO - Request for orchestrate_order completed, final_status:OUT_OF_STOCK,  trace_id=efad42d6-7598-4dbf-9b55-08eee56fc627
2026-08-18 20:58:17,487 - INFO - HTTP Request: POST http://127.0.0.1:8002/price "HTTP/1.1 200 OK"
2026-08-18 20:58:17,489 - INFO - Pricing Service Called, req: {'items': [{'product_id': 'b2926dc2-cc6d-4c3e-ae40-7a127c173b16', 'qty': 2}], 'promo_codes': [], 'only_final_price': True}, response_status: 200, trace_id=8eb0fcc4-2e4a-4241-95c9-32b668ad4f2b
2026-08-18 20:58:17,489 - INFO - Request for orchestrate_order started, order_id=9283e660-b799-43be-9c63-a8fb948a9dcf, trace_id=8eb0fcc4-2e4a-4241-95c9-32b668ad4f2b
2026-08-18 20:58:17,494 - INFO - Inventory Reservation Service Called, req: {'order_id': '9283e660-b799-43be-9c63-a8fb948a9dcf', 'items': [{'sku': 'b2926dc2-cc6d-4c3e-ae40-7a127c173b16', 'qty': 2}], 'atomic_update': True, 'delay': 0.0, 'drop': 0}, response_status: 200, response: {'order_id': '9283e660-b799-43be-9c63-a8fb948a9dcf', 'status': 'OUT_OF_STOCK', 'reason': 'Out of stock: b2926dc2-cc6d-4c3e-ae40-7a127c173b16', 'total_input_tokens': 0, 'total_output_tokens': 0, 'total_llm_calls': 0} trace_id=8eb0fcc4-2e4a-4241-95c9-32b668ad4f2b
2026-08-18 20:58:17,495 - INFO - Request for orchestrate_order completed, final_status:OUT_OF_STOCK,  trace_id=8eb0fcc4-2e4a-4241-95c9-32b668ad4f2b
2026-08-18 20:58:17,497 - INFO - HTTP Request: POST http://127.0.0.1:8002/price "HTTP/1.1 200 OK"
2026-08-18 20:58:17,499 - INFO - Pricing Service Called, req: {'items': [{'product_id': 'b2926dc2-cc6d-4c3e-ae40-7a127c173b16', 'qty': 2}], 'promo_codes': [], 'only_final_price': True}, response_status: 200, trace_id=d53d9539-c1a4-4daf-a34f-762bdd2f6ac2
2026-08-18 20:58:17,499 - INFO - Request for orchestrate_order started, order_id=18b94c6f-f361-42e0-8bdc-718e56ce0643, trace_id=d53d9539-c1a4-4daf-a34f-762bdd2f6ac2
2026-08-18 20:58:17,507 - INFO - Inventory Reservation Service Called, req: {'order_id': '18b94c6f-f361-42e0-8bdc-718e56ce0643', 'items': [{'sku': 'b2926dc2-cc6d-4c3e-ae40-7a127c173b16', 'qty': 2}], 'atomic_update': True, 'delay': 0.0, 'drop': 0}, response_status: 200, response: {'order_id': '18b94c6f-f361-42e0-8bdc-718e56ce0643', 'status': 'OUT_OF_STOCK', 'reason': 'Out of stock: b2926dc2-cc6d-4c3e-ae40-7a127c173b16', 'total_input_tokens': 0, 'total_output_tokens': 0, 'total_llm_calls': 0} trace_id=d53d9539-c1a4-4daf-a34f-762bdd2f6ac2
2026-08-18 20:58:17,508 - INFO - Request for orchestrate_order completed, final_status:OUT_OF_STOCK,  trace_id=d53d9539-c1a4-4daf-a34f-762bdd2f6ac2
2026-08-18 20:58:17,510 - INFO - HTTP Request: POST http://127.0.0.1:8002/price "HTTP/1.1 200 OK"
2026-08-18 20:58:17,512 - INFO - Pricing Service Called, req: {'items': [{'product_id': 'b2926dc2-cc6d-4c3e-ae40-7a127c173b16', 'qty': 2}], 'promo_codes': [], 'only_final_price': True}, response_status: 200, trace_id=33b0f83c-8216-4728-bfc4-ae82aac74c23
2026-08-18 20:58:17,512 - INFO - Request for orchestrate_order started, order_id=bbabb6cc-717c-41e1-9ae8-2c3b2db1f5df, trace_id=33b0f83c-8216-4728-bfc4-ae82aac74c23
2026-08-18 20:58:17,521 - INFO - Inventory Reservation Service Called, req: {'order_id': 'bbabb6cc-717c-41e1-9ae8-2c3b2db1f5df', 'items': [{'sku': 'b2926dc2-cc6d-4c3e-ae40-7a127c173b16', 'qty': 2}], 'atomic_update': True, 'delay': 0.0, 'drop': 0}, response_status: 200, response: {'order_id': 'bbabb6cc-717c-41e1-9ae8-2c3b2db1f5df', 'status': 'OUT_OF_STOCK', 'reason': 'Out of stock: b2926dc2-cc6d-4c3e-ae40-7a127c173b16', 'total_input_tokens': 0, 'total_output_tokens': 0, 'total_llm_calls': 0} trace_id=33b0f83c-8216-4728-bfc4-ae82aac74c23
2026-08-18 20:58:17,522 - INFO - Request for orchestrate_order completed, final_status:OUT_OF_STOCK,  trace_id=33b0f83c-8216-4728-bfc4-ae82aac74c23
2026-08-18 20:58:17,525 - INFO - HTTP Request: POST http://127.0.0.1:8002/price "HTTP/1.1 200 OK"
2026-08-18 20:58:17,526 - INFO - Pricing Service Called, req: {'items': [{'product_id': 'b2926dc2-cc6d-4c3e-ae40-7a127c173b16', 'qty': 2}], 'promo_codes': [], 'only_final_price': True}, response_status: 200, trace_id=30b40d66-6900-42e5-97a7-2f78118f621d
2026-08-18 20:58:17,527 - INFO - Request for orchestrate_order started, order_id=2518219d-c43d-46a2-a868-1a24e4d2a839, trace_id=30b40d66-6900-42e5-97a7-2f78118f621d
2026-08-18 20:58:17,534 - INFO - Inventory Reservation Service Called, req: {'order_id': '2518219d-c43d-46a2-a868-1a24e4d2a839', 'items': [{'sku': 'b2926dc2-cc6d-4c3e-ae40-7a127c173b16', 'qty': 2}], 'atomic_update': True, 'delay': 0.0, 'drop': 0}, response_status: 200, response: {'order_id': '2518219d-c43d-46a2-a868-1a24e4d2a839', 'status': 'OUT_OF_STOCK', 'reason': 'Out of stock: b2926dc2-cc6d-4c3e-ae40-7a127c173b16', 'total_input_tokens': 0, 'total_output_tokens': 0, 'total_llm_calls': 0} trace_id=30b40d66-6900-42e5-97a7-2f78118f621d
2026-08-18 20:58:17,537 - INFO - Request for orchestrate_order completed, final_status:OUT_OF_STOCK,  trace_id=30b40d66-6900-42e5-97a7-2f78118f621d
2026-08-18 20:58:17,539 - INFO - HTTP Request: POST http://127.0.0.1:8002/price "HTTP/1.1 200 OK"
2026-08-18 20:58:17,540 - INFO - Pricing Service Called, req: {'items': [{'product_id': 'b2926dc2-cc6d-4c3e-ae40-7a127c173b16', 'qty': 2}], 'promo_codes': [], 'only_final_price': True}, response_status: 200, trace_id=95778477-07be-4cf8-b8e5-4aa48ace830b
2026-08-18 20:58:17,541 - INFO - Request for orchestrate_order started, order_id=caedc3c5-d791-4b56-80a9-cee4a65df91a, trace_id=95778477-07be-4cf8-b8e5-4aa48ace830b
2026-08-18 20:58:17,546 - INFO - Inventory Reservation Service Called, req: {'order_id': 'caedc3c5-d791-4b56-80a9-cee4a65df91a', 'items': [{'sku': 'b2926dc2-cc6d-4c3e-ae40-7a127c173b16', 'qty': 2}], 'atomic_update': True, 'delay': 0.0, 'drop': 0}, response_status: 200, response: {'order_id': 'caedc3c5-d791-4b56-80a9-cee4a65df91a', 'status': 'OUT_OF_STOCK', 'reason': 'Out of stock: b2926dc2-cc6d-4c3e-ae40-7a127c173b16', 'total_input_tokens': 0, 'total_output_tokens': 0, 'total_llm_calls': 0} trace_id=95778477-07be-4cf8-b8e5-4aa48ace830b
2026-08-18 20:58:17,548 - INFO - Request for orchestrate_order completed, final_status:OUT_OF_STOCK,  trace_id=95778477-07be-4cf8-b8e5-4aa48ace830b
2026-08-18 20:58:17,554 - INFO - HTTP Request: POST http://127.0.0.1:8002/price "HTTP/1.1 200 OK"
2026-08-18 20:58:17,556 - INFO - Pricing Service Called, req: {'items': [{'product_id': 'b2926dc2-cc6d-4c3e-ae40-7a127c173b16', 'qty': 2}], 'promo_codes': [], 'only_final_price': True}, response_status: 200, trace_id=db4f001e-bde5-4c23-9ffa-fbae49008b56
2026-08-18 20:58:17,556 - INFO - Request for orchestrate_order started, order_id=29c6abac-a31e-414d-acb0-fd92941ba60f, trace_id=db4f001e-bde5-4c23-9ffa-fbae49008b56
2026-08-18 20:58:17,562 - INFO - Inventory Reservation Service Called, req: {'order_id': '29c6abac-a31e-414d-acb0-fd92941ba60f', 'items': [{'sku': 'b2926dc2-cc6d-4c3e-ae40-7a127c173b16', 'qty': 2}], 'atomic_update': True, 'delay': 0.0, 'drop': 0}, response_status: 200, response: {'order_id': '29c6abac-a31e-414d-acb0-fd92941ba60f', 'status': 'OUT_OF_STOCK', 'reason': 'Out of stock: b2926dc2-cc6d-4c3e-ae40-7a127c173b16', 'total_input_tokens': 0, 'total_output_tokens': 0, 'total_llm_calls': 0} trace_id=db4f001e-bde5-4c23-9ffa-fbae49008b56
2026-08-18 20:58:17,563 - INFO - Request for orchestrate_order completed, final_status:OUT_OF_STOCK,  trace_id=db4f001e-bde5-4c23-9ffa-fbae49008b56
2026-08-18 20:59:27,708 - INFO - Request for checkout_cart, cart_id=4b33cf64-95ae-4189-8227-482cff1f9fc3, user_id=None, trace_id=823317fd-8671-423f-9fe4-d057ff1b4b23
2026-08-18 20:59:27,714 - INFO - Cart Service Called, request_cart_id: 4b33cf64-95ae-4189-8227-482cff1f9fc3, response_status: 200, trace_id=823317fd-8671-423f-9fe4-d057ff1b4b23
2026-08-18 20:59:27,733 - INFO - HTTP Request: POST http://127.0.0.1:8002/price "HTTP/1.1 200 OK"
2026-08-18 20:59:27,735 - INFO - Pricing Service Called, req: {'items': [{'product_id': 'b2926dc2-cc6d-4c3e-ae40-7a127c173b16', 'qty': 2}], 'promo_codes': [], 'only_final_price': True}, response_status: 200, trace_id=823317fd-8671-423f-9fe4-d057ff1b4b23
2026-08-18 20:59:27,735 - INFO - Request for orchestrate_order started, order_id=a1e9189c-f9b0-4150-9c1f-6c6175677012, trace_id=823317fd-8671-423f-9fe4-d057ff1b4b23
2026-08-18 20:59:27,745 - INFO - Inventory Reservation Service Called, req: {'order_id': 'a1e9189c-f9b0-4150-9c1f-6c6175677012', 'items': [{'sku': 'b2926dc2-cc6d-4c3e-ae40-7a127c173b16', 'qty': 2}], 'atomic_update': True, 'delay': 0.0, 'drop': 0}, response_status: 200, response: {'order_id': 'a1e9189c-f9b0-4150-9c1f-6c6175677012', 'status': 'RESERVED', 'items': [{'sku': 'b2926dc2-cc6d-4c3e-ae40-7a127c173b16', 'remaining': 8}], 'total_input_tokens': 0, 'total_output_tokens': 0, 'total_llm_calls': 0} trace_id=823317fd-8671-423f-9fe4-d057ff1b4b23
2026-08-18 20:59:28,051 - INFO - Payment Service Called, req: {'order_id': 'a1e9189c-f9b0-4150-9c1f-6c6175677012', 'final_price': 300.0}, response_status: 200, response: {'order_id': 'a1e9189c-f9b0-4150-9c1f-6c6175677012', 'status': 'SUCCESS', 'total_input_tokens': 0, 'total_output_tokens': 0, 'total_llm_calls': 0} trace_id=823317fd-8671-423f-9fe4-d057ff1b4b23
2026-08-18 20:59:28,258 - INFO - Shipment Service Called, req: {'order_id': 'a1e9189c-f9b0-4150-9c1f-6c6175677012', 'address': 'SAMPLE_ADDRESS'}, response_status: 200, response: {'shipment_id': '3cda9cca-497e-4986-834c-e2e49c1f4a86', 'tracking_id': 'cc069fc2-6afc-452f-968f-d9b58ae0adce', 'total_input_tokens': 0, 'total_output_tokens': 0, 'total_llm_calls': 0} trace_id=823317fd-8671-423f-9fe4-d057ff1b4b23
2026-08-18 20:59:28,259 - INFO - Request for orchestrate_order completed, final_status:COMPLETED,  trace_id=823317fd-8671-423f-9fe4-d057ff1b4b23
2026-08-18 20:59:28,261 - INFO - Request for checkout_cart, cart_id=06c5ebf5-a525-44c8-8b57-9306fbe2cc80, user_id=None, trace_id=d7f871e0-e535-4ee1-9cde-18e6d0d3d486
2026-08-18 20:59:28,266 - INFO - Cart Service Called, request_cart_id: 06c5ebf5-a525-44c8-8b57-9306fbe2cc80, response_status: 200, trace_id=d7f871e0-e535-4ee1-9cde-18e6d0d3d486
2026-08-18 20:59:28,267 - INFO - Request for checkout_cart, cart_id=5f01654b-600c-48c5-8834-aba413dd89da, user_id=None, trace_id=769dd4f4-def8-4447-807c-6473566d4abc
2026-08-18 20:59:28,272 - INFO - Cart Service Called, request_cart_id: 5f01654b-600c-48c5-8834-aba413dd89da, response_status: 200, trace_id=769dd4f4-def8-4447-807c-6473566d4abc
2026-08-18 20:59:28,274 - INFO - Request for checkout_cart, cart_id=98d93864-235a-4fd4-a4e1-c4c07b738f75, user_id=None, trace_id=05a9837d-87d9-4c50-8465-13fd8cf4a9ad
2026-08-18 20:59:28,279 - INFO - Cart Service Called, request_cart_id: 98d93864-235a-4fd4-a4e1-c4c07b738f75, response_status: 200, trace_id=05a9837d-87d9-4c50-8465-13fd8cf4a9ad
2026-08-18 20:59:28,282 - INFO - Request for checkout_cart, cart_id=c3599706-b6f4-4e0c-b1cd-07c0fc83360f, user_id=None, trace_id=b4a6ba6a-51f3-4904-918f-a90c3c034a62
2026-08-18 20:59:28,292 - INFO - Cart Service Called, request_cart_id: c3599706-b6f4-4e0c-b1cd-07c0fc83360f, response_status: 200, trace_id=b4a6ba6a-51f3-4904-918f-a90c3c034a62
2026-08-18 20:59:28,295 - INFO - Request for checkout_cart, cart_id=33d5ce75-f624-45e1-8419-c5e56a2372c8, user_id=None, trace_id=f1a2dfb5-f5d7-4e55-af1d-8fde7aabaa3e
2026-08-18 20:59:28,301 - INFO - Cart Service Called, request_cart_id: 33d5ce75-f624-45e1-8419-c5e56a2372c8, response_status: 200, trace_id=f1a2dfb5-f5d7-4e55-af1d-8fde7aabaa3e
2026-08-18 20:59:28,304 - INFO - Request for checkout_cart, cart_id=807aff40-0990-479f-a64a-915eed17de84, user_id=None, trace_id=df61a0e0-88e3-40c9-98b8-56f84d123303
2026-08-18 20:59:28,309 - INFO - Cart Service Called, request_cart_id: 807aff40-0990-479f-a64a-915eed17de84, response_status: 200, trace_id=df61a0e0-88e3-40c9-98b8-56f84d123303
2026-08-18 20:59:28,311 - INFO - HTTP Request: POST http://127.0.0.1:8002/price "HTTP/1.1 200 OK"
2026-08-18 20:59:28,312 - INFO - Request for checkout_cart, cart_id=88f776c6-cc2c-4a1a-a616-7c1156ab3309, user_id=None, trace_id=ba8beaaf-e2a8-4aee-b1ec-20dd91261932
2026-08-18 20:59:28,316 - INFO - Cart Service Called, request_cart_id: 88f776c6-cc2c-4a1a-a616-7c1156ab3309, response_status: 200, trace_id=ba8beaaf-e2a8-4aee-b1ec-20dd91261932
2026-08-18 20:59:28,317 - INFO - Pricing Service Called, req: {'items': [{'product_id': 'b2926dc2-cc6d-4c3e-ae40-7a127c173b16', 'qty': 2}], 'promo_codes': [], 'only_final_price': True}, response_status: 200, trace_id=d7f871e0-e535-4ee1-9cde-18e6d0d3d486
2026-08-18 20:59:28,317 - INFO - Request for orchestrate_order started, order_id=0b1ca97a-4215-4ab3-98f8-9a20058334e0, trace_id=d7f871e0-e535-4ee1-9cde-18e6d0d3d486
2026-08-18 20:59:28,324 - INFO - Inventory Reservation Service Called, req: {'order_id': '0b1ca97a-4215-4ab3-98f8-9a20058334e0', 'items': [{'sku': 'b2926dc2-cc6d-4c3e-ae40-7a127c173b16', 'qty': 2}], 'atomic_update': True, 'delay': 0.0, 'drop': 0}, response_status: 200, response: {'order_id': '0b1ca97a-4215-4ab3-98f8-9a20058334e0', 'status': 'RESERVED', 'items': [{'sku': 'b2926dc2-cc6d-4c3e-ae40-7a127c173b16', 'remaining': 6}], 'total_input_tokens': 0, 'total_output_tokens': 0, 'total_llm_calls': 0} trace_id=d7f871e0-e535-4ee1-9cde-18e6d0d3d486
2026-08-18 20:59:28,635 - INFO - Payment Service Called, req: {'order_id': '0b1ca97a-4215-4ab3-98f8-9a20058334e0', 'final_price': 300.0}, response_status: 200, response: {'order_id': '0b1ca97a-4215-4ab3-98f8-9a20058334e0', 'status': 'SUCCESS', 'total_input_tokens': 0, 'total_output_tokens': 0, 'total_llm_calls': 0} trace_id=d7f871e0-e535-4ee1-9cde-18e6d0d3d486
2026-08-18 20:59:28,858 - INFO - Shipment Service Called, req: {'order_id': '0b1ca97a-4215-4ab3-98f8-9a20058334e0', 'address': 'SAMPLE_ADDRESS'}, response_status: 200, response: {'shipment_id': 'a8840af8-e55b-4f2e-9e4a-f152ef0fa9d8', 'tracking_id': '15266ecb-3f27-456f-8f2e-61c9f439c1b8', 'total_input_tokens': 0, 'total_output_tokens': 0, 'total_llm_calls': 0} trace_id=d7f871e0-e535-4ee1-9cde-18e6d0d3d486
2026-08-18 20:59:28,862 - INFO - Request for orchestrate_order completed, final_status:COMPLETED,  trace_id=d7f871e0-e535-4ee1-9cde-18e6d0d3d486
2026-08-18 20:59:28,869 - INFO - Request for checkout_cart, cart_id=f9444fc3-5f77-4114-876b-cec16e95922f, user_id=None, trace_id=6509201d-f332-4723-97a5-2af8f2c30485
2026-08-18 20:59:28,888 - INFO - Cart Service Called, request_cart_id: f9444fc3-5f77-4114-876b-cec16e95922f, response_status: 200, trace_id=6509201d-f332-4723-97a5-2af8f2c30485
2026-08-18 20:59:28,898 - INFO - Request for checkout_cart, cart_id=09bd0a73-4375-4622-b466-5a2181fa0a76, user_id=None, trace_id=02ed413d-99be-4b52-950c-c0019a16e76d
2026-08-18 20:59:28,933 - INFO - Cart Service Called, request_cart_id: 09bd0a73-4375-4622-b466-5a2181fa0a76, response_status: 200, trace_id=02ed413d-99be-4b52-950c-c0019a16e76d
2026-08-18 20:59:28,944 - INFO - Request for checkout_cart, cart_id=398fa9a8-dcee-4443-8ba3-3d7319f00dff, user_id=None, trace_id=859bf580-7bb2-4afc-ba31-99ed8c2b1f31
2026-08-18 20:59:28,960 - INFO - Cart Service Called, request_cart_id: 398fa9a8-dcee-4443-8ba3-3d7319f00dff, response_status: 200, trace_id=859bf580-7bb2-4afc-ba31-99ed8c2b1f31
2026-08-18 20:59:29,003 - INFO - HTTP Request: POST http://127.0.0.1:8002/price "HTTP/1.1 200 OK"
2026-08-18 20:59:29,003 - INFO - Pricing Service Called, req: {'items': [{'product_id': 'b2926dc2-cc6d-4c3e-ae40-7a127c173b16', 'qty': 2}], 'promo_codes': [], 'only_final_price': True}, response_status: 200, trace_id=6509201d-f332-4723-97a5-2af8f2c30485
2026-08-18 20:59:29,004 - INFO - Request for orchestrate_order started, order_id=acfc47f6-d352-443f-8d97-814626fb7c9d, trace_id=6509201d-f332-4723-97a5-2af8f2c30485
2026-08-18 20:59:29,017 - INFO - Inventory Reservation Service Called, req: {'order_id': 'acfc47f6-d352-443f-8d97-814626fb7c9d', 'items': [{'sku': 'b2926dc2-cc6d-4c3e-ae40-7a127c173b16', 'qty': 2}], 'atomic_update': True, 'delay': 0.0, 'drop': 0}, response_status: 200, response: {'order_id': 'acfc47f6-d352-443f-8d97-814626fb7c9d', 'status': 'RESERVED', 'items': [{'sku': 'b2926dc2-cc6d-4c3e-ae40-7a127c173b16', 'remaining': 4}], 'total_input_tokens': 0, 'total_output_tokens': 0, 'total_llm_calls': 0} trace_id=6509201d-f332-4723-97a5-2af8f2c30485
2026-08-18 20:59:29,327 - INFO - Payment Service Called, req: {'order_id': 'acfc47f6-d352-443f-8d97-814626fb7c9d', 'final_price': 300.0}, response_status: 200, response: {'order_id': 'acfc47f6-d352-443f-8d97-814626fb7c9d', 'status': 'SUCCESS', 'total_input_tokens': 0, 'total_output_tokens': 0, 'total_llm_calls': 0} trace_id=6509201d-f332-4723-97a5-2af8f2c30485
2026-08-18 20:59:29,540 - INFO - Shipment Service Called, req: {'order_id': 'acfc47f6-d352-443f-8d97-814626fb7c9d', 'address': 'SAMPLE_ADDRESS'}, response_status: 200, response: {'shipment_id': 'abf349ab-f23d-4aac-85a3-0b74ae16a412', 'tracking_id': '55aab937-cfb1-4dc1-9ee0-749c4bcddeae', 'total_input_tokens': 0, 'total_output_tokens': 0, 'total_llm_calls': 0} trace_id=6509201d-f332-4723-97a5-2af8f2c30485
2026-08-18 20:59:29,541 - INFO - Request for orchestrate_order completed, final_status:COMPLETED,  trace_id=6509201d-f332-4723-97a5-2af8f2c30485
2026-08-18 20:59:29,542 - INFO - HTTP Request: POST http://127.0.0.1:8002/price "HTTP/1.1 200 OK"
2026-08-18 20:59:29,543 - INFO - HTTP Request: POST http://127.0.0.1:8002/price "HTTP/1.1 200 OK"
2026-08-18 20:59:29,544 - INFO - HTTP Request: POST http://127.0.0.1:8002/price "HTTP/1.1 200 OK"
2026-08-18 20:59:29,545 - INFO - HTTP Request: POST http://127.0.0.1:8002/price "HTTP/1.1 200 OK"
2026-08-18 20:59:29,546 - INFO - HTTP Request: POST http://127.0.0.1:8002/price "HTTP/1.1 200 OK"
2026-08-18 20:59:29,547 - INFO - HTTP Request: POST http://127.0.0.1:8002/price "HTTP/1.1 200 OK"
2026-08-18 20:59:29,549 - INFO - HTTP Request: POST http://127.0.0.1:8002/price "HTTP/1.1 200 OK"
2026-08-18 20:59:29,550 - INFO - HTTP Request: POST http://127.0.0.1:8002/price "HTTP/1.1 200 OK"
2026-08-18 20:59:29,551 - INFO - Pricing Service Called, req: {'items': [{'product_id': 'b2926dc2-cc6d-4c3e-ae40-7a127c173b16', 'qty': 2}], 'promo_codes': [], 'only_final_price': True}, response_status: 200, trace_id=05a9837d-87d9-4c50-8465-13fd8cf4a9ad
2026-08-18 20:59:29,551 - INFO - Request for orchestrate_order started, order_id=2705e0af-53a0-4c51-8295-c849fe9a05bc, trace_id=05a9837d-87d9-4c50-8465-13fd8cf4a9ad
2026-08-18 20:59:29,562 - INFO - Inventory Reservation Service Called, req: {'order_id': '2705e0af-53a0-4c51-8295-c849fe9a05bc', 'items': [{'sku': 'b2926dc2-cc6d-4c3e-ae40-7a127c173b16', 'qty': 2}], 'atomic_update': True, 'delay': 0.0, 'drop': 0}, response_status: 200, response: {'order_id': '2705e0af-53a0-4c51-8295-c849fe9a05bc', 'status': 'RESERVED', 'items': [{'sku': 'b2926dc2-cc6d-4c3e-ae40-7a127c173b16', 'remaining': 2}], 'total_input_tokens': 0, 'total_output_tokens': 0, 'total_llm_calls': 0} trace_id=05a9837d-87d9-4c50-8465-13fd8cf4a9ad
2026-08-18 20:59:29,877 - INFO - Payment Service Called, req: {'order_id': '2705e0af-53a0-4c51-8295-c849fe9a05bc', 'final_price': 300.0}, response_status: 200, response: {'order_id': '2705e0af-53a0-4c51-8295-c849fe9a05bc', 'status': 'SUCCESS', 'total_input_tokens': 0, 'total_output_tokens': 0, 'total_llm_calls': 0} trace_id=05a9837d-87d9-4c50-8465-13fd8cf4a9ad
2026-08-18 20:59:30,098 - INFO - Shipment Service Called, req: {'order_id': '2705e0af-53a0-4c51-8295-c849fe9a05bc', 'address': 'SAMPLE_ADDRESS'}, response_status: 200, response: {'shipment_id': '0101f6a5-05ca-468f-9892-d75618214a23', 'tracking_id': '274097d8-b18e-4429-9c31-8f70aede48a0', 'total_input_tokens': 0, 'total_output_tokens': 0, 'total_llm_calls': 0} trace_id=05a9837d-87d9-4c50-8465-13fd8cf4a9ad
2026-08-18 20:59:30,101 - INFO - Request for orchestrate_order completed, final_status:COMPLETED,  trace_id=05a9837d-87d9-4c50-8465-13fd8cf4a9ad
2026-08-18 20:59:30,106 - INFO - Pricing Service Called, req: {'items': [{'product_id': 'b2926dc2-cc6d-4c3e-ae40-7a127c173b16', 'qty': 2}], 'promo_codes': [], 'only_final_price': True}, response_status: 200, trace_id=f1a2dfb5-f5d7-4e55-af1d-8fde7aabaa3e
2026-08-18 20:59:30,107 - INFO - Request for orchestrate_order started, order_id=3fd54242-dc95-41c6-834a-61a773d615a9, trace_id=f1a2dfb5-f5d7-4e55-af1d-8fde7aabaa3e
2026-08-18 20:59:30,128 - INFO - Inventory Reservation Service Called, req: {'order_id': '3fd54242-dc95-41c6-834a-61a773d615a9', 'items': [{'sku': 'b2926dc2-cc6d-4c3e-ae40-7a127c173b16', 'qty': 2}], 'atomic_update': True, 'delay': 0.0, 'drop': 0}, response_status: 200, response: {'order_id': '3fd54242-dc95-41c6-834a-61a773d615a9', 'status': 'RESERVED', 'items': [{'sku': 'b2926dc2-cc6d-4c3e-ae40-7a127c173b16', 'remaining': 0}], 'total_input_tokens': 0, 'total_output_tokens': 0, 'total_llm_calls': 0} trace_id=f1a2dfb5-f5d7-4e55-af1d-8fde7aabaa3e
2026-08-18 20:59:30,443 - INFO - Payment Service Called, req: {'order_id': '3fd54242-dc95-41c6-834a-61a773d615a9', 'final_price': 300.0}, response_status: 200, response: {'order_id': '3fd54242-dc95-41c6-834a-61a773d615a9', 'status': 'SUCCESS', 'total_input_tokens': 0, 'total_output_tokens': 0, 'total_llm_calls': 0} trace_id=f1a2dfb5-f5d7-4e55-af1d-8fde7aabaa3e
2026-08-18 20:59:30,661 - INFO - Shipment Service Called, req: {'order_id': '3fd54242-dc95-41c6-834a-61a773d615a9', 'address': 'SAMPLE_ADDRESS'}, response_status: 200, response: {'shipment_id': '9b632aa6-8123-4bd3-a1a5-fd4870123009', 'tracking_id': '7c405cbc-018d-4a76-8977-493a742271d4', 'total_input_tokens': 0, 'total_output_tokens': 0, 'total_llm_calls': 0} trace_id=f1a2dfb5-f5d7-4e55-af1d-8fde7aabaa3e
2026-08-18 20:59:30,665 - INFO - Request for orchestrate_order completed, final_status:COMPLETED,  trace_id=f1a2dfb5-f5d7-4e55-af1d-8fde7aabaa3e
2026-08-18 20:59:30,669 - INFO - Pricing Service Called, req: {'items': [{'product_id': 'b2926dc2-cc6d-4c3e-ae40-7a127c173b16', 'qty': 2}], 'promo_codes': [], 'only_final_price': True}, response_status: 200, trace_id=b4a6ba6a-51f3-4904-918f-a90c3c034a62
2026-08-18 20:59:30,670 - INFO - Request for orchestrate_order started, order_id=ab42ef19-81e3-4b33-a873-cda14718448e, trace_id=b4a6ba6a-51f3-4904-918f-a90c3c034a62
2026-08-18 20:59:30,686 - INFO - Inventory Reservation Service Called, req: {'order_id': 'ab42ef19-81e3-4b33-a873-cda14718448e', 'items': [{'sku': 'b2926dc2-cc6d-4c3e-ae40-7a127c173b16', 'qty': 2}], 'atomic_update': True, 'delay': 0.0, 'drop': 0}, response_status: 200, response: {'order_id': 'ab42ef19-81e3-4b33-a873-cda14718448e', 'status': 'OUT_OF_STOCK', 'reason': 'Out of stock: b2926dc2-cc6d-4c3e-ae40-7a127c173b16', 'total_input_tokens': 0, 'total_output_tokens': 0, 'total_llm_calls': 0} trace_id=b4a6ba6a-51f3-4904-918f-a90c3c034a62
2026-08-18 20:59:30,689 - INFO - Request for orchestrate_order completed, final_status:OUT_OF_STOCK,  trace_id=b4a6ba6a-51f3-4904-918f-a90c3c034a62
2026-08-18 20:59:30,693 - INFO - Pricing Service Called, req: {'items': [{'product_id': 'b2926dc2-cc6d-4c3e-ae40-7a127c173b16', 'qty': 2}], 'promo_codes': [], 'only_final_price': True}, response_status: 200, trace_id=769dd4f4-def8-4447-807c-6473566d4abc
2026-08-18 20:59:30,693 - INFO - Request for orchestrate_order started, order_id=bb67ca1d-180c-449a-8fac-db8c93a0785e, trace_id=769dd4f4-def8-4447-807c-6473566d4abc
2026-08-18 20:59:30,705 - INFO - Inventory Reservation Service Called, req: {'order_id': 'bb67ca1d-180c-449a-8fac-db8c93a0785e', 'items': [{'sku': 'b2926dc2-cc6d-4c3e-ae40-7a127c173b16', 'qty': 2}], 'atomic_update': True, 'delay': 0.0, 'drop': 0}, response_status: 200, response: {'order_id': 'bb67ca1d-180c-449a-8fac-db8c93a0785e', 'status': 'OUT_OF_STOCK', 'reason': 'Out of stock: b2926dc2-cc6d-4c3e-ae40-7a127c173b16', 'total_input_tokens': 0, 'total_output_tokens': 0, 'total_llm_calls': 0} trace_id=769dd4f4-def8-4447-807c-6473566d4abc
2026-08-18 20:59:30,707 - INFO - Request for orchestrate_order completed, final_status:OUT_OF_STOCK,  trace_id=769dd4f4-def8-4447-807c-6473566d4abc
2026-08-18 20:59:30,708 - INFO - Pricing Service Called, req: {'items': [{'product_id': 'b2926dc2-cc6d-4c3e-ae40-7a127c173b16', 'qty': 2}], 'promo_codes': [], 'only_final_price': True}, response_status: 200, trace_id=859bf580-7bb2-4afc-ba31-99ed8c2b1f31
2026-08-18 20:59:30,709 - INFO - Request for orchestrate_order started, order_id=83e97f11-9f8e-4be2-828e-db30a8303bb3, trace_id=859bf580-7bb2-4afc-ba31-99ed8c2b1f31
2026-08-18 20:59:30,716 - INFO - Inventory Reservation Service Called, req: {'order_id': '83e97f11-9f8e-4be2-828e-db30a8303bb3', 'items': [{'sku': 'b2926dc2-cc6d-4c3e-ae40-7a127c173b16', 'qty': 2}], 'atomic_update': True, 'delay': 0.0, 'drop': 0}, response_status: 200, response: {'order_id': '83e97f11-9f8e-4be2-828e-db30a8303bb3', 'status': 'OUT_OF_STOCK', 'reason': 'Out of stock: b2926dc2-cc6d-4c3e-ae40-7a127c173b16', 'total_input_tokens': 0, 'total_output_tokens': 0, 'total_llm_calls': 0} trace_id=859bf580-7bb2-4afc-ba31-99ed8c2b1f31
2026-08-18 20:59:30,717 - INFO - Request for orchestrate_order completed, final_status:OUT_OF_STOCK,  trace_id=859bf580-7bb2-4afc-ba31-99ed8c2b1f31
2026-08-18 20:59:30,719 - INFO - Pricing Service Called, req: {'items': [{'product_id': 'b2926dc2-cc6d-4c3e-ae40-7a127c173b16', 'qty': 2}], 'promo_codes': [], 'only_final_price': True}, response_status: 200, trace_id=df61a0e0-88e3-40c9-98b8-56f84d123303
2026-08-18 20:59:30,719 - INFO - Request for orchestrate_order started, order_id=b755cd43-b317-4581-b65b-69d2ceb9ecb2, trace_id=df61a0e0-88e3-40c9-98b8-56f84d123303
2026-08-18 20:59:30,726 - INFO - Inventory Reservation Service Called, req: {'order_id': 'b755cd43-b317-4581-b65b-69d2ceb9ecb2', 'items': [{'sku': 'b2926dc2-cc6d-4c3e-ae40-7a127c173b16', 'qty': 2}], 'atomic_update': True, 'delay': 0.0, 'drop': 0}, response_status: 200, response: {'order_id': 'b755cd43-b317-4581-b65b-69d2ceb9ecb2', 'status': 'OUT_OF_STOCK', 'reason': 'Out of stock: b2926dc2-cc6d-4c3e-ae40-7a127c173b16', 'total_input_tokens': 0, 'total_output_tokens': 0, 'total_llm_calls': 0} trace_id=df61a0e0-88e3-40c9-98b8-56f84d123303
2026-08-18 20:59:30,727 - INFO - Request for orchestrate_order completed, final_status:OUT_OF_STOCK,  trace_id=df61a0e0-88e3-40c9-98b8-56f84d123303
2026-08-18 20:59:30,728 - INFO - Pricing Service Called, req: {'items': [{'product_id': 'b2926dc2-cc6d-4c3e-ae40-7a127c173b16', 'qty': 2}], 'promo_codes': [], 'only_final_price': True}, response_status: 200, trace_id=ba8beaaf-e2a8-4aee-b1ec-20dd91261932
2026-08-18 20:59:30,729 - INFO - Request for orchestrate_order started, order_id=b867fe6a-8d0b-4974-b9ea-439d85fb0e1c, trace_id=ba8beaaf-e2a8-4aee-b1ec-20dd91261932
2026-08-18 20:59:30,735 - INFO - Inventory Reservation Service Called, req: {'order_id': 'b867fe6a-8d0b-4974-b9ea-439d85fb0e1c', 'items': [{'sku': 'b2926dc2-cc6d-4c3e-ae40-7a127c173b16', 'qty': 2}], 'atomic_update': True, 'delay': 0.0, 'drop': 0}, response_status: 200, response: {'order_id': 'b867fe6a-8d0b-4974-b9ea-439d85fb0e1c', 'status': 'OUT_OF_STOCK', 'reason': 'Out of stock: b2926dc2-cc6d-4c3e-ae40-7a127c173b16', 'total_input_tokens': 0, 'total_output_tokens': 0, 'total_llm_calls': 0} trace_id=ba8beaaf-e2a8-4aee-b1ec-20dd91261932
2026-08-18 20:59:30,737 - INFO - Request for orchestrate_order completed, final_status:OUT_OF_STOCK,  trace_id=ba8beaaf-e2a8-4aee-b1ec-20dd91261932
2026-08-18 20:59:30,739 - INFO - Pricing Service Called, req: {'items': [{'product_id': 'b2926dc2-cc6d-4c3e-ae40-7a127c173b16', 'qty': 2}], 'promo_codes': [], 'only_final_price': True}, response_status: 200, trace_id=02ed413d-99be-4b52-950c-c0019a16e76d
2026-08-18 20:59:30,739 - INFO - Request for orchestrate_order started, order_id=083323cb-8a3e-4a48-a957-ffe38e753faf, trace_id=02ed413d-99be-4b52-950c-c0019a16e76d
2026-08-18 20:59:30,746 - INFO - Inventory Reservation Service Called, req: {'order_id': '083323cb-8a3e-4a48-a957-ffe38e753faf', 'items': [{'sku': 'b2926dc2-cc6d-4c3e-ae40-7a127c173b16', 'qty': 2}], 'atomic_update': True, 'delay': 0.0, 'drop': 0}, response_status: 200, response: {'order_id': '083323cb-8a3e-4a48-a957-ffe38e753faf', 'status': 'OUT_OF_STOCK', 'reason': 'Out of stock: b2926dc2-cc6d-4c3e-ae40-7a127c173b16', 'total_input_tokens': 0, 'total_output_tokens': 0, 'total_llm_calls': 0} trace_id=02ed413d-99be-4b52-950c-c0019a16e76d
2026-08-18 20:59:30,747 - INFO - Request for orchestrate_order completed, final_status:OUT_OF_STOCK,  trace_id=02ed413d-99be-4b52-950c-c0019a16e76d
2026-08-18 20:59:30,749 - INFO - Request for checkout_cart, cart_id=a2e32ea8-b8c3-4163-a8bf-0611442fa622, user_id=None, trace_id=936d332d-d6ea-4cee-baaa-0f253d07ee56
2026-08-18 20:59:30,753 - INFO - Cart Service Called, request_cart_id: a2e32ea8-b8c3-4163-a8bf-0611442fa622, response_status: 200, trace_id=936d332d-d6ea-4cee-baaa-0f253d07ee56
2026-08-18 20:59:30,755 - INFO - Request for checkout_cart, cart_id=f584db0a-3c98-4704-b972-47c39ca72602, user_id=None, trace_id=c95f4d79-af55-4c87-aea7-b21cce038c30
2026-08-18 20:59:30,760 - INFO - Cart Service Called, request_cart_id: f584db0a-3c98-4704-b972-47c39ca72602, response_status: 200, trace_id=c95f4d79-af55-4c87-aea7-b21cce038c30
2026-08-18 20:59:30,770 - INFO - HTTP Request: POST http://127.0.0.1:8002/price "HTTP/1.1 200 OK"
2026-08-18 20:59:30,772 - INFO - Pricing Service Called, req: {'items': [{'product_id': 'b2926dc2-cc6d-4c3e-ae40-7a127c173b16', 'qty': 2}], 'promo_codes': [], 'only_final_price': True}, response_status: 200, trace_id=936d332d-d6ea-4cee-baaa-0f253d07ee56
2026-08-18 20:59:30,772 - INFO - Request for orchestrate_order started, order_id=1e49aa92-35a4-4945-979b-161db92568f3, trace_id=936d332d-d6ea-4cee-baaa-0f253d07ee56
2026-08-18 20:59:30,786 - INFO - Inventory Reservation Service Called, req: {'order_id': '1e49aa92-35a4-4945-979b-161db92568f3', 'items': [{'sku': 'b2926dc2-cc6d-4c3e-ae40-7a127c173b16', 'qty': 2}], 'atomic_update': True, 'delay': 0.0, 'drop': 0}, response_status: 200, response: {'order_id': '1e49aa92-35a4-4945-979b-161db92568f3', 'status': 'OUT_OF_STOCK', 'reason': 'Out of stock: b2926dc2-cc6d-4c3e-ae40-7a127c173b16', 'total_input_tokens': 0, 'total_output_tokens': 0, 'total_llm_calls': 0} trace_id=936d332d-d6ea-4cee-baaa-0f253d07ee56
2026-08-18 20:59:30,787 - INFO - Request for orchestrate_order completed, final_status:OUT_OF_STOCK,  trace_id=936d332d-d6ea-4cee-baaa-0f253d07ee56
2026-08-18 20:59:30,790 - INFO - HTTP Request: POST http://127.0.0.1:8002/price "HTTP/1.1 200 OK"
2026-08-18 20:59:30,792 - INFO - Pricing Service Called, req: {'items': [{'product_id': 'b2926dc2-cc6d-4c3e-ae40-7a127c173b16', 'qty': 2}], 'promo_codes': [], 'only_final_price': True}, response_status: 200, trace_id=c95f4d79-af55-4c87-aea7-b21cce038c30
2026-08-18 20:59:30,792 - INFO - Request for orchestrate_order started, order_id=e8ebf4c1-ff5d-4674-a1ba-3daa7e57c0b0, trace_id=c95f4d79-af55-4c87-aea7-b21cce038c30
2026-08-18 20:59:30,803 - INFO - Inventory Reservation Service Called, req: {'order_id': 'e8ebf4c1-ff5d-4674-a1ba-3daa7e57c0b0', 'items': [{'sku': 'b2926dc2-cc6d-4c3e-ae40-7a127c173b16', 'qty': 2}], 'atomic_update': True, 'delay': 0.0, 'drop': 0}, response_status: 200, response: {'order_id': 'e8ebf4c1-ff5d-4674-a1ba-3daa7e57c0b0', 'status': 'OUT_OF_STOCK', 'reason': 'Out of stock: b2926dc2-cc6d-4c3e-ae40-7a127c173b16', 'total_input_tokens': 0, 'total_output_tokens': 0, 'total_llm_calls': 0} trace_id=c95f4d79-af55-4c87-aea7-b21cce038c30
2026-08-18 20:59:30,804 - INFO - Request for orchestrate_order completed, final_status:OUT_OF_STOCK,  trace_id=c95f4d79-af55-4c87-aea7-b21cce038c30
2026-08-18 20:59:30,852 - INFO - Request for checkout_cart, cart_id=369d9135-abb6-4726-9856-6f1c5b908591, user_id=None, trace_id=7cd68c8b-e179-4865-ae45-c05bd88bb58b
2026-08-18 20:59:30,860 - INFO - Cart Service Called, request_cart_id: 369d9135-abb6-4726-9856-6f1c5b908591, response_status: 200, trace_id=7cd68c8b-e179-4865-ae45-c05bd88bb58b
2026-08-18 20:59:30,864 - INFO - Request for checkout_cart, cart_id=9e3cba21-e0f4-4e01-b180-f2405cd16bc0, user_id=None, trace_id=3f3e2bd9-16c7-4a76-b451-7d3ff477f930
2026-08-18 20:59:30,876 - INFO - Cart Service Called, request_cart_id: 9e3cba21-e0f4-4e01-b180-f2405cd16bc0, response_status: 200, trace_id=3f3e2bd9-16c7-4a76-b451-7d3ff477f930
2026-08-18 20:59:30,878 - INFO - HTTP Request: POST http://127.0.0.1:8002/price "HTTP/1.1 200 OK"
2026-08-18 20:59:30,879 - INFO - Pricing Service Called, req: {'items': [{'product_id': 'b2926dc2-cc6d-4c3e-ae40-7a127c173b16', 'qty': 2}], 'promo_codes': [], 'only_final_price': True}, response_status: 200, trace_id=7cd68c8b-e179-4865-ae45-c05bd88bb58b
2026-08-18 20:59:30,879 - INFO - Request for orchestrate_order started, order_id=ecd410fe-0689-4cdf-9d2b-4eb4c03cac93, trace_id=7cd68c8b-e179-4865-ae45-c05bd88bb58b
2026-08-18 20:59:30,889 - INFO - Inventory Reservation Service Called, req: {'order_id': 'ecd410fe-0689-4cdf-9d2b-4eb4c03cac93', 'items': [{'sku': 'b2926dc2-cc6d-4c3e-ae40-7a127c173b16', 'qty': 2}], 'atomic_update': True, 'delay': 0.0, 'drop': 0}, response_status: 200, response: {'order_id': 'ecd410fe-0689-4cdf-9d2b-4eb4c03cac93', 'status': 'OUT_OF_STOCK', 'reason': 'Out of stock: b2926dc2-cc6d-4c3e-ae40-7a127c173b16', 'total_input_tokens': 0, 'total_output_tokens': 0, 'total_llm_calls': 0} trace_id=7cd68c8b-e179-4865-ae45-c05bd88bb58b
2026-08-18 20:59:30,891 - INFO - Request for orchestrate_order completed, final_status:OUT_OF_STOCK,  trace_id=7cd68c8b-e179-4865-ae45-c05bd88bb58b
2026-08-18 20:59:30,892 - INFO - Request for checkout_cart, cart_id=b7bca3f9-83e5-4cee-b8b6-4d68fe1b5f27, user_id=None, trace_id=2d9ac361-a505-4204-a0c2-603e7f184098
2026-08-18 20:59:30,898 - INFO - Cart Service Called, request_cart_id: b7bca3f9-83e5-4cee-b8b6-4d68fe1b5f27, response_status: 200, trace_id=2d9ac361-a505-4204-a0c2-603e7f184098
2026-08-18 20:59:30,900 - INFO - Request for checkout_cart, cart_id=40270707-dc36-4ff5-8b1c-86c5f536295d, user_id=None, trace_id=2e754256-b115-4078-93e1-b07b49f38481
2026-08-18 20:59:30,905 - INFO - Cart Service Called, request_cart_id: 40270707-dc36-4ff5-8b1c-86c5f536295d, response_status: 200, trace_id=2e754256-b115-4078-93e1-b07b49f38481
2026-08-18 20:59:30,907 - INFO - Request for checkout_cart, cart_id=f0d5b633-1797-4dc8-b298-53ff28206e04, user_id=None, trace_id=c639fac7-f6e2-4f92-bdf8-d35269e8edc1
2026-08-18 20:59:30,912 - INFO - Cart Service Called, request_cart_id: f0d5b633-1797-4dc8-b298-53ff28206e04, response_status: 200, trace_id=c639fac7-f6e2-4f92-bdf8-d35269e8edc1
2026-08-18 20:59:30,915 - INFO - HTTP Request: POST http://127.0.0.1:8002/price "HTTP/1.1 200 OK"
2026-08-18 20:59:30,916 - INFO - Request for checkout_cart, cart_id=f3b01fbd-99c9-4a10-89f7-85158947c979, user_id=None, trace_id=97577def-7b5f-4cc9-a2ab-1ce6b3d6ab71
2026-08-18 20:59:30,920 - INFO - Cart Service Called, request_cart_id: f3b01fbd-99c9-4a10-89f7-85158947c979, response_status: 200, trace_id=97577def-7b5f-4cc9-a2ab-1ce6b3d6ab71
2026-08-18 20:59:30,921 - INFO - Pricing Service Called, req: {'items': [{'product_id': 'b2926dc2-cc6d-4c3e-ae40-7a127c173b16', 'qty': 2}], 'promo_codes': [], 'only_final_price': True}, response_status: 200, trace_id=3f3e2bd9-16c7-4a76-b451-7d3ff477f930
2026-08-18 20:59:30,921 - INFO - Request for orchestrate_order started, order_id=1592a2bb-5df2-4696-b33f-8c9f227b0a1b, trace_id=3f3e2bd9-16c7-4a76-b451-7d3ff477f930
2026-08-18 20:59:30,929 - INFO - Inventory Reservation Service Called, req: {'order_id': '1592a2bb-5df2-4696-b33f-8c9f227b0a1b', 'items': [{'sku': 'b2926dc2-cc6d-4c3e-ae40-7a127c173b16', 'qty': 2}], 'atomic_update': True, 'delay': 0.0, 'drop': 0}, response_status: 200, response: {'order_id': '1592a2bb-5df2-4696-b33f-8c9f227b0a1b', 'status': 'OUT_OF_STOCK', 'reason': 'Out of stock: b2926dc2-cc6d-4c3e-ae40-7a127c173b16', 'total_input_tokens': 0, 'total_output_tokens': 0, 'total_llm_calls': 0} trace_id=3f3e2bd9-16c7-4a76-b451-7d3ff477f930
2026-08-18 20:59:30,930 - INFO - Request for orchestrate_order completed, final_status:OUT_OF_STOCK,  trace_id=3f3e2bd9-16c7-4a76-b451-7d3ff477f930
2026-08-18 20:59:30,931 - INFO - Request for checkout_cart, cart_id=5d988166-606f-45a5-a1ef-1c557ec2fe21, user_id=None, trace_id=a1fa821e-219c-4c65-9c48-e99fff24b1b5
2026-08-18 20:59:30,935 - INFO - Cart Service Called, request_cart_id: 5d988166-606f-45a5-a1ef-1c557ec2fe21, response_status: 200, trace_id=a1fa821e-219c-4c65-9c48-e99fff24b1b5
2026-08-18 20:59:30,937 - INFO - HTTP Request: POST http://127.0.0.1:8002/price "HTTP/1.1 200 OK"
2026-08-18 20:59:30,939 - INFO - Pricing Service Called, req: {'items': [{'product_id': 'b2926dc2-cc6d-4c3e-ae40-7a127c173b16', 'qty': 2}], 'promo_codes': [], 'only_final_price': True}, response_status: 200, trace_id=2d9ac361-a505-4204-a0c2-603e7f184098
2026-08-18 20:59:30,940 - INFO - Request for orchestrate_order started, order_id=aeb46bfe-d248-45f8-881b-b8a9a25df1cc, trace_id=2d9ac361-a505-4204-a0c2-603e7f184098
2026-08-18 20:59:30,947 - INFO - Inventory Reservation Service Called, req: {'order_id': 'aeb46bfe-d248-45f8-881b-b8a9a25df1cc', 'items': [{'sku': 'b2926dc2-cc6d-4c3e-ae40-7a127c173b16', 'qty': 2}], 'atomic_update': True, 'delay': 0.0, 'drop': 0}, response_status: 200, response: {'order_id': 'aeb46bfe-d248-45f8-881b-b8a9a25df1cc', 'status': 'OUT_OF_STOCK', 'reason': 'Out of stock: b2926dc2-cc6d-4c3e-ae40-7a127c173b16', 'total_input_tokens': 0, 'total_output_tokens': 0, 'total_llm_calls': 0} trace_id=2d9ac361-a505-4204-a0c2-603e7f184098
2026-08-18 20:59:30,949 - INFO - Request for orchestrate_order completed, final_status:OUT_OF_STOCK,  trace_id=2d9ac361-a505-4204-a0c2-603e7f184098
2026-08-18 20:59:30,952 - INFO - HTTP Request: POST http://127.0.0.1:8002/price "HTTP/1.1 200 OK"
2026-08-18 20:59:30,954 - INFO - Pricing Service Called, req: {'items': [{'product_id': 'b2926dc2-cc6d-4c3e-ae40-7a127c173b16', 'qty': 2}], 'promo_codes': [], 'only_final_price': True}, response_status: 200, trace_id=2e754256-b115-4078-93e1-b07b49f38481
2026-08-18 20:59:30,954 - INFO - Request for orchestrate_order started, order_id=14749df6-1de6-40b3-999e-0bf46dc347de, trace_id=2e754256-b115-4078-93e1-b07b49f38481
2026-08-18 20:59:30,964 - INFO - Inventory Reservation Service Called, req: {'order_id': '14749df6-1de6-40b3-999e-0bf46dc347de', 'items': [{'sku': 'b2926dc2-cc6d-4c3e-ae40-7a127c173b16', 'qty': 2}], 'atomic_update': True, 'delay': 0.0, 'drop': 0}, response_status: 200, response: {'order_id': '14749df6-1de6-40b3-999e-0bf46dc347de', 'status': 'OUT_OF_STOCK', 'reason': 'Out of stock: b2926dc2-cc6d-4c3e-ae40-7a127c173b16', 'total_input_tokens': 0, 'total_output_tokens': 0, 'total_llm_calls': 0} trace_id=2e754256-b115-4078-93e1-b07b49f38481
2026-08-18 20:59:30,965 - INFO - Request for orchestrate_order completed, final_status:OUT_OF_STOCK,  trace_id=2e754256-b115-4078-93e1-b07b49f38481
2026-08-18 20:59:30,967 - INFO - HTTP Request: POST http://127.0.0.1:8002/price "HTTP/1.1 200 OK"
2026-08-18 20:59:30,968 - INFO - Pricing Service Called, req: {'items': [{'product_id': 'b2926dc2-cc6d-4c3e-ae40-7a127c173b16', 'qty': 2}], 'promo_codes': [], 'only_final_price': True}, response_status: 200, trace_id=97577def-7b5f-4cc9-a2ab-1ce6b3d6ab71
2026-08-18 20:59:30,968 - INFO - Request for orchestrate_order started, order_id=84168a48-8e84-4b0b-9482-3a28ed1ffa64, trace_id=97577def-7b5f-4cc9-a2ab-1ce6b3d6ab71
2026-08-18 20:59:30,975 - INFO - Inventory Reservation Service Called, req: {'order_id': '84168a48-8e84-4b0b-9482-3a28ed1ffa64', 'items': [{'sku': 'b2926dc2-cc6d-4c3e-ae40-7a127c173b16', 'qty': 2}], 'atomic_update': True, 'delay': 0.0, 'drop': 0}, response_status: 200, response: {'order_id': '84168a48-8e84-4b0b-9482-3a28ed1ffa64', 'status': 'OUT_OF_STOCK', 'reason': 'Out of stock: b2926dc2-cc6d-4c3e-ae40-7a127c173b16', 'total_input_tokens': 0, 'total_output_tokens': 0, 'total_llm_calls': 0} trace_id=97577def-7b5f-4cc9-a2ab-1ce6b3d6ab71
2026-08-18 20:59:30,977 - INFO - Request for orchestrate_order completed, final_status:OUT_OF_STOCK,  trace_id=97577def-7b5f-4cc9-a2ab-1ce6b3d6ab71
2026-08-18 20:59:30,979 - INFO - HTTP Request: POST http://127.0.0.1:8002/price "HTTP/1.1 200 OK"
2026-08-18 20:59:30,980 - INFO - Pricing Service Called, req: {'items': [{'product_id': 'b2926dc2-cc6d-4c3e-ae40-7a127c173b16', 'qty': 2}], 'promo_codes': [], 'only_final_price': True}, response_status: 200, trace_id=a1fa821e-219c-4c65-9c48-e99fff24b1b5
2026-08-18 20:59:30,981 - INFO - Request for orchestrate_order started, order_id=6759ac69-cfa3-433d-8c33-b7dcf3b97eab, trace_id=a1fa821e-219c-4c65-9c48-e99fff24b1b5
2026-08-18 20:59:30,988 - INFO - Inventory Reservation Service Called, req: {'order_id': '6759ac69-cfa3-433d-8c33-b7dcf3b97eab', 'items': [{'sku': 'b2926dc2-cc6d-4c3e-ae40-7a127c173b16', 'qty': 2}], 'atomic_update': True, 'delay': 0.0, 'drop': 0}, response_status: 200, response: {'order_id': '6759ac69-cfa3-433d-8c33-b7dcf3b97eab', 'status': 'OUT_OF_STOCK', 'reason': 'Out of stock: b2926dc2-cc6d-4c3e-ae40-7a127c173b16', 'total_input_tokens': 0, 'total_output_tokens': 0, 'total_llm_calls': 0} trace_id=a1fa821e-219c-4c65-9c48-e99fff24b1b5
2026-08-18 20:59:30,989 - INFO - Request for orchestrate_order completed, final_status:OUT_OF_STOCK,  trace_id=a1fa821e-219c-4c65-9c48-e99fff24b1b5
2026-08-18 20:59:30,992 - INFO - HTTP Request: POST http://127.0.0.1:8002/price "HTTP/1.1 200 OK"
2026-08-18 20:59:30,994 - INFO - Pricing Service Called, req: {'items': [{'product_id': 'b2926dc2-cc6d-4c3e-ae40-7a127c173b16', 'qty': 2}], 'promo_codes': [], 'only_final_price': True}, response_status: 200, trace_id=c639fac7-f6e2-4f92-bdf8-d35269e8edc1
2026-08-18 20:59:30,995 - INFO - Request for orchestrate_order started, order_id=2dc23c4f-7535-44c3-b324-568a947f0240, trace_id=c639fac7-f6e2-4f92-bdf8-d35269e8edc1
2026-08-18 20:59:31,002 - INFO - Inventory Reservation Service Called, req: {'order_id': '2dc23c4f-7535-44c3-b324-568a947f0240', 'items': [{'sku': 'b2926dc2-cc6d-4c3e-ae40-7a127c173b16', 'qty': 2}], 'atomic_update': True, 'delay': 0.0, 'drop': 0}, response_status: 200, response: {'order_id': '2dc23c4f-7535-44c3-b324-568a947f0240', 'status': 'OUT_OF_STOCK', 'reason': 'Out of stock: b2926dc2-cc6d-4c3e-ae40-7a127c173b16', 'total_input_tokens': 0, 'total_output_tokens': 0, 'total_llm_calls': 0} trace_id=c639fac7-f6e2-4f92-bdf8-d35269e8edc1
2026-08-18 20:59:31,003 - INFO - Request for orchestrate_order completed, final_status:OUT_OF_STOCK,  trace_id=c639fac7-f6e2-4f92-bdf8-d35269e8edc1
2026-08-18 21:00:22,610 - INFO - Request for checkout_cart, cart_id=7eca78ae-3830-44d7-9d82-68e63e27ba91, user_id=None, trace_id=aeec4b50-ce74-4bfc-9ccf-584301e953ae
2026-08-18 21:00:22,622 - INFO - Cart Service Called, request_cart_id: 7eca78ae-3830-44d7-9d82-68e63e27ba91, response_status: 200, trace_id=aeec4b50-ce74-4bfc-9ccf-584301e953ae
2026-08-18 21:00:22,624 - INFO - Request for checkout_cart, cart_id=d9831359-e131-4e1d-8c33-08b1822ee98f, user_id=None, trace_id=3b7e6cc2-c5b8-4520-b961-e766d7d48890
2026-08-18 21:00:22,632 - INFO - Cart Service Called, request_cart_id: d9831359-e131-4e1d-8c33-08b1822ee98f, response_status: 200, trace_id=3b7e6cc2-c5b8-4520-b961-e766d7d48890
2026-08-18 21:00:22,636 - INFO - Request for checkout_cart, cart_id=0dc5b2e5-60c9-4db1-a715-61db59ea5d2d, user_id=None, trace_id=331395a1-a398-470f-be4c-a137c16fed14
2026-08-18 21:00:22,642 - INFO - Cart Service Called, request_cart_id: 0dc5b2e5-60c9-4db1-a715-61db59ea5d2d, response_status: 200, trace_id=331395a1-a398-470f-be4c-a137c16fed14
2026-08-18 21:00:22,645 - INFO - HTTP Request: POST http://127.0.0.1:8002/price "HTTP/1.1 200 OK"
2026-08-18 21:00:22,645 - INFO - Request for checkout_cart, cart_id=81bafe84-0729-4a1c-aa19-cb510179324c, user_id=None, trace_id=79094395-f3df-47ce-afff-aa80f4dc25ac
2026-08-18 21:00:22,658 - INFO - Cart Service Called, request_cart_id: 81bafe84-0729-4a1c-aa19-cb510179324c, response_status: 200, trace_id=79094395-f3df-47ce-afff-aa80f4dc25ac
2026-08-18 21:00:22,660 - INFO - Pricing Service Called, req: {'items': [{'product_id': 'b2926dc2-cc6d-4c3e-ae40-7a127c173b16', 'qty': 2}], 'promo_codes': [], 'only_final_price': True}, response_status: 200, trace_id=3b7e6cc2-c5b8-4520-b961-e766d7d48890
2026-08-18 21:00:22,660 - INFO - Request for orchestrate_order started, order_id=0fa439f3-c98d-4e63-ae44-affaae320268, trace_id=3b7e6cc2-c5b8-4520-b961-e766d7d48890
2026-08-18 21:00:22,668 - INFO - Inventory Reservation Service Called, req: {'order_id': '0fa439f3-c98d-4e63-ae44-affaae320268', 'items': [{'sku': 'b2926dc2-cc6d-4c3e-ae40-7a127c173b16', 'qty': 2}], 'atomic_update': True, 'delay': 0.0, 'drop': 0}, response_status: 200, response: {'order_id': '0fa439f3-c98d-4e63-ae44-affaae320268', 'status': 'RESERVED', 'items': [{'sku': 'b2926dc2-cc6d-4c3e-ae40-7a127c173b16', 'remaining': 8}], 'total_input_tokens': 0, 'total_output_tokens': 0, 'total_llm_calls': 0} trace_id=3b7e6cc2-c5b8-4520-b961-e766d7d48890
2026-08-18 21:00:22,975 - INFO - Payment Service Called, req: {'order_id': '0fa439f3-c98d-4e63-ae44-affaae320268', 'final_price': 300.0}, response_status: 200, response: {'order_id': '0fa439f3-c98d-4e63-ae44-affaae320268', 'status': 'SUCCESS', 'total_input_tokens': 0, 'total_output_tokens': 0, 'total_llm_calls': 0} trace_id=3b7e6cc2-c5b8-4520-b961-e766d7d48890
2026-08-18 21:00:23,188 - INFO - Shipment Service Called, req: {'order_id': '0fa439f3-c98d-4e63-ae44-affaae320268', 'address': 'SAMPLE_ADDRESS'}, response_status: 200, response: {'shipment_id': '4eabe909-79a3-416f-a810-8ecc0456d6f3', 'tracking_id': '08dfcf33-89e4-4493-9d7a-4d1e6c4ba28a', 'total_input_tokens': 0, 'total_output_tokens': 0, 'total_llm_calls': 0} trace_id=3b7e6cc2-c5b8-4520-b961-e766d7d48890
2026-08-18 21:00:23,191 - INFO - Request for orchestrate_order completed, final_status:COMPLETED,  trace_id=3b7e6cc2-c5b8-4520-b961-e766d7d48890
2026-08-18 21:00:23,196 - INFO - Request for checkout_cart, cart_id=48b0e6c2-aaf6-4d14-b1be-6756ead149ef, user_id=None, trace_id=c120742d-cb10-41ea-8cfd-7378bfe681a6
2026-08-18 21:00:23,210 - INFO - Cart Service Called, request_cart_id: 48b0e6c2-aaf6-4d14-b1be-6756ead149ef, response_status: 200, trace_id=c120742d-cb10-41ea-8cfd-7378bfe681a6
2026-08-18 21:00:23,215 - INFO - Request for checkout_cart, cart_id=5461e94d-2b8b-44a8-ab1a-2cba61be4ef1, user_id=None, trace_id=c053c377-d9d9-4d18-be17-9e3327f8acd5
2026-08-18 21:00:23,233 - INFO - Cart Service Called, request_cart_id: 5461e94d-2b8b-44a8-ab1a-2cba61be4ef1, response_status: 200, trace_id=c053c377-d9d9-4d18-be17-9e3327f8acd5
2026-08-18 21:00:23,239 - INFO - Request for checkout_cart, cart_id=b9d83af1-e57a-4732-8439-09f0e5e1ecb1, user_id=None, trace_id=e746f4b9-b6e5-4717-8cd6-e0a15a39a82b
2026-08-18 21:00:23,257 - INFO - Cart Service Called, request_cart_id: b9d83af1-e57a-4732-8439-09f0e5e1ecb1, response_status: 200, trace_id=e746f4b9-b6e5-4717-8cd6-e0a15a39a82b
2026-08-18 21:00:23,264 - INFO - Request for checkout_cart, cart_id=38ef7417-1e4d-4b47-9648-07eb72b8628d, user_id=None, trace_id=8ac8ddc0-9042-4ee2-94a0-ebd5e6e29a09
2026-08-18 21:00:23,281 - INFO - Cart Service Called, request_cart_id: 38ef7417-1e4d-4b47-9648-07eb72b8628d, response_status: 200, trace_id=8ac8ddc0-9042-4ee2-94a0-ebd5e6e29a09
2026-08-18 21:00:23,287 - INFO - Request for checkout_cart, cart_id=7e60d9be-43b3-408f-87eb-fe5ee5002a06, user_id=None, trace_id=0a906ad4-5fcc-4a10-9ec0-e4455837e7e9
2026-08-18 21:00:23,303 - INFO - Cart Service Called, request_cart_id: 7e60d9be-43b3-408f-87eb-fe5ee5002a06, response_status: 200, trace_id=0a906ad4-5fcc-4a10-9ec0-e4455837e7e9
2026-08-18 21:00:23,306 - INFO - Request for checkout_cart, cart_id=cca337f2-e779-4f6e-993e-6250b155499c, user_id=None, trace_id=089908b5-2e36-49ea-a116-22be3d071c78
2026-08-18 21:00:23,310 - INFO - Cart Service Called, request_cart_id: cca337f2-e779-4f6e-993e-6250b155499c, response_status: 200, trace_id=089908b5-2e36-49ea-a116-22be3d071c78
2026-08-18 21:00:23,313 - INFO - HTTP Request: POST http://127.0.0.1:8002/price "HTTP/1.1 200 OK"
2026-08-18 21:00:23,314 - INFO - HTTP Request: POST http://127.0.0.1:8002/price "HTTP/1.1 200 OK"
2026-08-18 21:00:23,315 - INFO - Pricing Service Called, req: {'items': [{'product_id': 'b2926dc2-cc6d-4c3e-ae40-7a127c173b16', 'qty': 2}], 'promo_codes': [], 'only_final_price': True}, response_status: 200, trace_id=aeec4b50-ce74-4bfc-9ccf-584301e953ae
2026-08-18 21:00:23,315 - INFO - Request for orchestrate_order started, order_id=f77a38b3-7136-45d7-9707-9a1af2cb299d, trace_id=aeec4b50-ce74-4bfc-9ccf-584301e953ae
2026-08-18 21:00:23,325 - INFO - Inventory Reservation Service Called, req: {'order_id': 'f77a38b3-7136-45d7-9707-9a1af2cb299d', 'items': [{'sku': 'b2926dc2-cc6d-4c3e-ae40-7a127c173b16', 'qty': 2}], 'atomic_update': True, 'delay': 0.0, 'drop': 0}, response_status: 200, response: {'order_id': 'f77a38b3-7136-45d7-9707-9a1af2cb299d', 'status': 'RESERVED', 'items': [{'sku': 'b2926dc2-cc6d-4c3e-ae40-7a127c173b16', 'remaining': 6}], 'total_input_tokens': 0, 'total_output_tokens': 0, 'total_llm_calls': 0} trace_id=aeec4b50-ce74-4bfc-9ccf-584301e953ae
2026-08-18 21:00:23,635 - INFO - Payment Service Called, req: {'order_id': 'f77a38b3-7136-45d7-9707-9a1af2cb299d', 'final_price': 300.0}, response_status: 200, response: {'order_id': 'f77a38b3-7136-45d7-9707-9a1af2cb299d', 'status': 'SUCCESS', 'total_input_tokens': 0, 'total_output_tokens': 0, 'total_llm_calls': 0} trace_id=aeec4b50-ce74-4bfc-9ccf-584301e953ae
2026-08-18 21:00:23,847 - INFO - Shipment Service Called, req: {'order_id': 'f77a38b3-7136-45d7-9707-9a1af2cb299d', 'address': 'SAMPLE_ADDRESS'}, response_status: 200, response: {'shipment_id': '4b5be539-a4c2-479a-a7f0-4b964f4c7d92', 'tracking_id': '1fc9aa8c-6403-46ca-ab96-1e95b9c0d008', 'total_input_tokens': 0, 'total_output_tokens': 0, 'total_llm_calls': 0} trace_id=aeec4b50-ce74-4bfc-9ccf-584301e953ae
2026-08-18 21:00:23,848 - INFO - Request for orchestrate_order completed, final_status:COMPLETED,  trace_id=aeec4b50-ce74-4bfc-9ccf-584301e953ae
2026-08-18 21:00:23,849 - INFO - Pricing Service Called, req: {'items': [{'product_id': 'b2926dc2-cc6d-4c3e-ae40-7a127c173b16', 'qty': 2}], 'promo_codes': [], 'only_final_price': True}, response_status: 200, trace_id=c120742d-cb10-41ea-8cfd-7378bfe681a6
2026-08-18 21:00:23,850 - INFO - Request for orchestrate_order started, order_id=267a6fc7-ffc3-4478-ada7-7bc28adadf1c, trace_id=c120742d-cb10-41ea-8cfd-7378bfe681a6
2026-08-18 21:00:23,858 - INFO - Inventory Reservation Service Called, req: {'order_id': '267a6fc7-ffc3-4478-ada7-7bc28adadf1c', 'items': [{'sku': 'b2926dc2-cc6d-4c3e-ae40-7a127c173b16', 'qty': 2}], 'atomic_update': True, 'delay': 0.0, 'drop': 0}, response_status: 200, response: {'order_id': '267a6fc7-ffc3-4478-ada7-7bc28adadf1c', 'status': 'RESERVED', 'items': [{'sku': 'b2926dc2-cc6d-4c3e-ae40-7a127c173b16', 'remaining': 4}], 'total_input_tokens': 0, 'total_output_tokens': 0, 'total_llm_calls': 0} trace_id=c120742d-cb10-41ea-8cfd-7378bfe681a6
2026-08-18 21:00:24,163 - INFO - Payment Service Called, req: {'order_id': '267a6fc7-ffc3-4478-ada7-7bc28adadf1c', 'final_price': 300.0}, response_status: 200, response: {'order_id': '267a6fc7-ffc3-4478-ada7-7bc28adadf1c', 'status': 'SUCCESS', 'total_input_tokens': 0, 'total_output_tokens': 0, 'total_llm_calls': 0} trace_id=c120742d-cb10-41ea-8cfd-7378bfe681a6
2026-08-18 21:00:24,375 - INFO - Shipment Service Called, req: {'order_id': '267a6fc7-ffc3-4478-ada7-7bc28adadf1c', 'address': 'SAMPLE_ADDRESS'}, response_status: 200, response: {'shipment_id': '0fc320f4-a133-4c04-9f68-2bd240d84493', 'tracking_id': '82c5f19d-c6fd-475b-a9d8-8c8ed9d8845c', 'total_input_tokens': 0, 'total_output_tokens': 0, 'total_llm_calls': 0} trace_id=c120742d-cb10-41ea-8cfd-7378bfe681a6
2026-08-18 21:00:24,378 - INFO - Request for orchestrate_order completed, final_status:COMPLETED,  trace_id=c120742d-cb10-41ea-8cfd-7378bfe681a6
2026-08-18 21:00:24,381 - INFO - Request for checkout_cart, cart_id=7111f4bb-4068-44a7-b6fc-4aa830818279, user_id=None, trace_id=a91423f1-5251-4d52-a31f-867e1b797a4d
2026-08-18 21:00:24,393 - INFO - Cart Service Called, request_cart_id: 7111f4bb-4068-44a7-b6fc-4aa830818279, response_status: 200, trace_id=a91423f1-5251-4d52-a31f-867e1b797a4d
2026-08-18 21:00:24,402 - INFO - HTTP Request: POST http://127.0.0.1:8002/price "HTTP/1.1 200 OK"
2026-08-18 21:00:24,408 - INFO - Pricing Service Called, req: {'items': [{'product_id': 'b2926dc2-cc6d-4c3e-ae40-7a127c173b16', 'qty': 2}], 'promo_codes': [], 'only_final_price': True}, response_status: 200, trace_id=331395a1-a398-470f-be4c-a137c16fed14
2026-08-18 21:00:24,408 - INFO - Request for orchestrate_order started, order_id=5057bbe1-11c3-4f2e-ad48-5c622fdd8411, trace_id=331395a1-a398-470f-be4c-a137c16fed14
2026-08-18 21:00:24,428 - INFO - Inventory Reservation Service Called, req: {'order_id': '5057bbe1-11c3-4f2e-ad48-5c622fdd8411', 'items': [{'sku': 'b2926dc2-cc6d-4c3e-ae40-7a127c173b16', 'qty': 2}], 'atomic_update': True, 'delay': 0.0, 'drop': 0}, response_status: 200, response: {'order_id': '5057bbe1-11c3-4f2e-ad48-5c622fdd8411', 'status': 'RESERVED', 'items': [{'sku': 'b2926dc2-cc6d-4c3e-ae40-7a127c173b16', 'remaining': 2}], 'total_input_tokens': 0, 'total_output_tokens': 0, 'total_llm_calls': 0} trace_id=331395a1-a398-470f-be4c-a137c16fed14
2026-08-18 21:00:24,745 - INFO - Payment Service Called, req: {'order_id': '5057bbe1-11c3-4f2e-ad48-5c622fdd8411', 'final_price': 300.0}, response_status: 200, response: {'order_id': '5057bbe1-11c3-4f2e-ad48-5c622fdd8411', 'status': 'SUCCESS', 'total_input_tokens': 0, 'total_output_tokens': 0, 'total_llm_calls': 0} trace_id=331395a1-a398-470f-be4c-a137c16fed14
2026-08-18 21:00:24,978 - INFO - Shipment Service Called, req: {'order_id': '5057bbe1-11c3-4f2e-ad48-5c622fdd8411', 'address': 'SAMPLE_ADDRESS'}, response_status: 200, response: {'shipment_id': '35623b15-f285-4086-b4ad-3cab70680dec', 'tracking_id': '1094ffac-d8b9-4553-8957-1979d00184bc', 'total_input_tokens': 0, 'total_output_tokens': 0, 'total_llm_calls': 0} trace_id=331395a1-a398-470f-be4c-a137c16fed14
2026-08-18 21:00:24,988 - INFO - Request for orchestrate_order completed, final_status:COMPLETED,  trace_id=331395a1-a398-470f-be4c-a137c16fed14
2026-08-18 21:00:25,010 - INFO - HTTP Request: POST http://127.0.0.1:8002/price "HTTP/1.1 200 OK"
2026-08-18 21:00:25,016 - INFO - Request for checkout_cart, cart_id=615bd638-a359-4fa4-b21f-37849fc8c8fc, user_id=None, trace_id=fce9aa85-5d28-4f0a-a4cd-7da6c19f548a
2026-08-18 21:00:25,024 - INFO - Cart Service Called, request_cart_id: 615bd638-a359-4fa4-b21f-37849fc8c8fc, response_status: 200, trace_id=fce9aa85-5d28-4f0a-a4cd-7da6c19f548a
2026-08-18 21:00:25,027 - INFO - Pricing Service Called, req: {'items': [{'product_id': 'b2926dc2-cc6d-4c3e-ae40-7a127c173b16', 'qty': 2}], 'promo_codes': [], 'only_final_price': True}, response_status: 200, trace_id=79094395-f3df-47ce-afff-aa80f4dc25ac
2026-08-18 21:00:25,028 - INFO - Request for orchestrate_order started, order_id=c31715dd-490f-4e1b-89be-b58de20c956a, trace_id=79094395-f3df-47ce-afff-aa80f4dc25ac
2026-08-18 21:00:25,044 - INFO - Inventory Reservation Service Called, req: {'order_id': 'c31715dd-490f-4e1b-89be-b58de20c956a', 'items': [{'sku': 'b2926dc2-cc6d-4c3e-ae40-7a127c173b16', 'qty': 2}], 'atomic_update': True, 'delay': 0.0, 'drop': 0}, response_status: 200, response: {'order_id': 'c31715dd-490f-4e1b-89be-b58de20c956a', 'status': 'RESERVED', 'items': [{'sku': 'b2926dc2-cc6d-4c3e-ae40-7a127c173b16', 'remaining': 0}], 'total_input_tokens': 0, 'total_output_tokens': 0, 'total_llm_calls': 0} trace_id=79094395-f3df-47ce-afff-aa80f4dc25ac
2026-08-18 21:00:25,352 - INFO - Payment Service Called, req: {'order_id': 'c31715dd-490f-4e1b-89be-b58de20c956a', 'final_price': 300.0}, response_status: 200, response: {'order_id': 'c31715dd-490f-4e1b-89be-b58de20c956a', 'status': 'SUCCESS', 'total_input_tokens': 0, 'total_output_tokens': 0, 'total_llm_calls': 0} trace_id=79094395-f3df-47ce-afff-aa80f4dc25ac
2026-08-18 21:00:25,560 - INFO - Shipment Service Called, req: {'order_id': 'c31715dd-490f-4e1b-89be-b58de20c956a', 'address': 'SAMPLE_ADDRESS'}, response_status: 200, response: {'shipment_id': 'd1fdb084-06bd-41c7-b7cf-9f0ec802dd01', 'tracking_id': '0bc6a0cb-5cf9-4ec2-b6be-ff8bee40f61c', 'total_input_tokens': 0, 'total_output_tokens': 0, 'total_llm_calls': 0} trace_id=79094395-f3df-47ce-afff-aa80f4dc25ac
2026-08-18 21:00:25,561 - INFO - Request for orchestrate_order completed, final_status:COMPLETED,  trace_id=79094395-f3df-47ce-afff-aa80f4dc25ac
2026-08-18 21:00:25,562 - INFO - Request for checkout_cart, cart_id=81071124-a057-4d87-ba49-05738c44fea0, user_id=None, trace_id=866b1da0-641e-45f6-8cb1-b29f6dd1e11b
2026-08-18 21:00:25,568 - INFO - Cart Service Called, request_cart_id: 81071124-a057-4d87-ba49-05738c44fea0, response_status: 200, trace_id=866b1da0-641e-45f6-8cb1-b29f6dd1e11b
2026-08-18 21:00:25,574 - INFO - HTTP Request: POST http://127.0.0.1:8002/price "HTTP/1.1 200 OK"
2026-08-18 21:00:25,577 - INFO - Pricing Service Called, req: {'items': [{'product_id': 'b2926dc2-cc6d-4c3e-ae40-7a127c173b16', 'qty': 2}], 'promo_codes': [], 'only_final_price': True}, response_status: 200, trace_id=a91423f1-5251-4d52-a31f-867e1b797a4d
2026-08-18 21:00:25,577 - INFO - Request for orchestrate_order started, order_id=0d6a226b-b7cb-4cb1-afec-23e3134d9d34, trace_id=a91423f1-5251-4d52-a31f-867e1b797a4d
2026-08-18 21:00:25,589 - INFO - Inventory Reservation Service Called, req: {'order_id': '0d6a226b-b7cb-4cb1-afec-23e3134d9d34', 'items': [{'sku': 'b2926dc2-cc6d-4c3e-ae40-7a127c173b16', 'qty': 2}], 'atomic_update': True, 'delay': 0.0, 'drop': 0}, response_status: 200, response: {'order_id': '0d6a226b-b7cb-4cb1-afec-23e3134d9d34', 'status': 'OUT_OF_STOCK', 'reason': 'Out of stock: b2926dc2-cc6d-4c3e-ae40-7a127c173b16', 'total_input_tokens': 0, 'total_output_tokens': 0, 'total_llm_calls': 0} trace_id=a91423f1-5251-4d52-a31f-867e1b797a4d
2026-08-18 21:00:25,591 - INFO - Request for orchestrate_order completed, final_status:OUT_OF_STOCK,  trace_id=a91423f1-5251-4d52-a31f-867e1b797a4d
2026-08-18 21:00:25,592 - INFO - HTTP Request: POST http://127.0.0.1:8002/price "HTTP/1.1 200 OK"
2026-08-18 21:00:25,593 - INFO - Request for checkout_cart, cart_id=0122b4df-36db-4716-865b-f0a0a69a4217, user_id=None, trace_id=a5cd752d-eec0-4efb-a5b5-2fc155d6d96c
2026-08-18 21:00:25,605 - INFO - Cart Service Called, request_cart_id: 0122b4df-36db-4716-865b-f0a0a69a4217, response_status: 200, trace_id=a5cd752d-eec0-4efb-a5b5-2fc155d6d96c
2026-08-18 21:00:25,608 - INFO - Pricing Service Called, req: {'items': [{'product_id': 'b2926dc2-cc6d-4c3e-ae40-7a127c173b16', 'qty': 2}], 'promo_codes': [], 'only_final_price': True}, response_status: 200, trace_id=e746f4b9-b6e5-4717-8cd6-e0a15a39a82b
2026-08-18 21:00:25,608 - INFO - Request for orchestrate_order started, order_id=da122264-478b-445d-93f8-45e657e0d542, trace_id=e746f4b9-b6e5-4717-8cd6-e0a15a39a82b
2026-08-18 21:00:25,621 - INFO - Inventory Reservation Service Called, req: {'order_id': 'da122264-478b-445d-93f8-45e657e0d542', 'items': [{'sku': 'b2926dc2-cc6d-4c3e-ae40-7a127c173b16', 'qty': 2}], 'atomic_update': True, 'delay': 0.0, 'drop': 0}, response_status: 200, response: {'order_id': 'da122264-478b-445d-93f8-45e657e0d542', 'status': 'OUT_OF_STOCK', 'reason': 'Out of stock: b2926dc2-cc6d-4c3e-ae40-7a127c173b16', 'total_input_tokens': 0, 'total_output_tokens': 0, 'total_llm_calls': 0} trace_id=e746f4b9-b6e5-4717-8cd6-e0a15a39a82b
2026-08-18 21:00:25,625 - INFO - Request for orchestrate_order completed, final_status:OUT_OF_STOCK,  trace_id=e746f4b9-b6e5-4717-8cd6-e0a15a39a82b
2026-08-18 21:00:25,627 - INFO - HTTP Request: POST http://127.0.0.1:8002/price "HTTP/1.1 200 OK"
2026-08-18 21:00:25,627 - INFO - HTTP Request: POST http://127.0.0.1:8002/price "HTTP/1.1 200 OK"
2026-08-18 21:00:25,628 - INFO - HTTP Request: POST http://127.0.0.1:8002/price "HTTP/1.1 200 OK"
2026-08-18 21:00:25,630 - INFO - Pricing Service Called, req: {'items': [{'product_id': 'b2926dc2-cc6d-4c3e-ae40-7a127c173b16', 'qty': 2}], 'promo_codes': [], 'only_final_price': True}, response_status: 200, trace_id=8ac8ddc0-9042-4ee2-94a0-ebd5e6e29a09
2026-08-18 21:00:25,630 - INFO - Request for orchestrate_order started, order_id=2b75493b-a13e-45a5-a189-3fdbf61459f0, trace_id=8ac8ddc0-9042-4ee2-94a0-ebd5e6e29a09
2026-08-18 21:00:25,643 - INFO - Inventory Reservation Service Called, req: {'order_id': '2b75493b-a13e-45a5-a189-3fdbf61459f0', 'items': [{'sku': 'b2926dc2-cc6d-4c3e-ae40-7a127c173b16', 'qty': 2}], 'atomic_update': True, 'delay': 0.0, 'drop': 0}, response_status: 200, response: {'order_id': '2b75493b-a13e-45a5-a189-3fdbf61459f0', 'status': 'OUT_OF_STOCK', 'reason': 'Out of stock: b2926dc2-cc6d-4c3e-ae40-7a127c173b16', 'total_input_tokens': 0, 'total_output_tokens': 0, 'total_llm_calls': 0} trace_id=8ac8ddc0-9042-4ee2-94a0-ebd5e6e29a09
2026-08-18 21:00:25,645 - INFO - Request for orchestrate_order completed, final_status:OUT_OF_STOCK,  trace_id=8ac8ddc0-9042-4ee2-94a0-ebd5e6e29a09
2026-08-18 21:00:25,646 - INFO - Pricing Service Called, req: {'items': [{'product_id': 'b2926dc2-cc6d-4c3e-ae40-7a127c173b16', 'qty': 2}], 'promo_codes': [], 'only_final_price': True}, response_status: 200, trace_id=0a906ad4-5fcc-4a10-9ec0-e4455837e7e9
2026-08-18 21:00:25,646 - INFO - Request for orchestrate_order started, order_id=dcad5935-af14-4cd3-b968-03c8fb8d469b, trace_id=0a906ad4-5fcc-4a10-9ec0-e4455837e7e9
2026-08-18 21:00:25,658 - INFO - Inventory Reservation Service Called, req: {'order_id': 'dcad5935-af14-4cd3-b968-03c8fb8d469b', 'items': [{'sku': 'b2926dc2-cc6d-4c3e-ae40-7a127c173b16', 'qty': 2}], 'atomic_update': True, 'delay': 0.0, 'drop': 0}, response_status: 200, response: {'order_id': 'dcad5935-af14-4cd3-b968-03c8fb8d469b', 'status': 'OUT_OF_STOCK', 'reason': 'Out of stock: b2926dc2-cc6d-4c3e-ae40-7a127c173b16', 'total_input_tokens': 0, 'total_output_tokens': 0, 'total_llm_calls': 0} trace_id=0a906ad4-5fcc-4a10-9ec0-e4455837e7e9
2026-08-18 21:00:25,659 - INFO - Request for orchestrate_order completed, final_status:OUT_OF_STOCK,  trace_id=0a906ad4-5fcc-4a10-9ec0-e4455837e7e9
2026-08-18 21:00:25,661 - INFO - Pricing Service Called, req: {'items': [{'product_id': 'b2926dc2-cc6d-4c3e-ae40-7a127c173b16', 'qty': 2}], 'promo_codes': [], 'only_final_price': True}, response_status: 200, trace_id=c053c377-d9d9-4d18-be17-9e3327f8acd5
2026-08-18 21:00:25,661 - INFO - Request for orchestrate_order started, order_id=005c118a-9b69-41af-bf36-5e429b5eb675, trace_id=c053c377-d9d9-4d18-be17-9e3327f8acd5
2026-08-18 21:00:25,670 - INFO - Inventory Reservation Service Called, req: {'order_id': '005c118a-9b69-41af-bf36-5e429b5eb675', 'items': [{'sku': 'b2926dc2-cc6d-4c3e-ae40-7a127c173b16', 'qty': 2}], 'atomic_update': True, 'delay': 0.0, 'drop': 0}, response_status: 200, response: {'order_id': '005c118a-9b69-41af-bf36-5e429b5eb675', 'status': 'OUT_OF_STOCK', 'reason': 'Out of stock: b2926dc2-cc6d-4c3e-ae40-7a127c173b16', 'total_input_tokens': 0, 'total_output_tokens': 0, 'total_llm_calls': 0} trace_id=c053c377-d9d9-4d18-be17-9e3327f8acd5
2026-08-18 21:00:25,673 - INFO - Request for orchestrate_order completed, final_status:OUT_OF_STOCK,  trace_id=c053c377-d9d9-4d18-be17-9e3327f8acd5
2026-08-18 21:00:25,675 - INFO - HTTP Request: POST http://127.0.0.1:8002/price "HTTP/1.1 200 OK"
2026-08-18 21:00:25,677 - INFO - Pricing Service Called, req: {'items': [{'product_id': 'b2926dc2-cc6d-4c3e-ae40-7a127c173b16', 'qty': 2}], 'promo_codes': [], 'only_final_price': True}, response_status: 200, trace_id=089908b5-2e36-49ea-a116-22be3d071c78
2026-08-18 21:00:25,677 - INFO - Request for orchestrate_order started, order_id=0321eb37-fbd6-4988-b2c6-87a283f9266f, trace_id=089908b5-2e36-49ea-a116-22be3d071c78
2026-08-18 21:00:25,686 - INFO - Inventory Reservation Service Called, req: {'order_id': '0321eb37-fbd6-4988-b2c6-87a283f9266f', 'items': [{'sku': 'b2926dc2-cc6d-4c3e-ae40-7a127c173b16', 'qty': 2}], 'atomic_update': True, 'delay': 0.0, 'drop': 0}, response_status: 200, response: {'order_id': '0321eb37-fbd6-4988-b2c6-87a283f9266f', 'status': 'OUT_OF_STOCK', 'reason': 'Out of stock: b2926dc2-cc6d-4c3e-ae40-7a127c173b16', 'total_input_tokens': 0, 'total_output_tokens': 0, 'total_llm_calls': 0} trace_id=089908b5-2e36-49ea-a116-22be3d071c78
2026-08-18 21:00:25,688 - INFO - Request for orchestrate_order completed, final_status:OUT_OF_STOCK,  trace_id=089908b5-2e36-49ea-a116-22be3d071c78
2026-08-18 21:00:25,692 - INFO - HTTP Request: POST http://127.0.0.1:8002/price "HTTP/1.1 200 OK"
2026-08-18 21:00:25,693 - INFO - Request for checkout_cart, cart_id=bdb43427-5257-44f5-8b4f-54fe93aa297c, user_id=None, trace_id=0536729e-f8a2-449c-9812-14482b5cfe37
2026-08-18 21:00:25,702 - INFO - Cart Service Called, request_cart_id: bdb43427-5257-44f5-8b4f-54fe93aa297c, response_status: 200, trace_id=0536729e-f8a2-449c-9812-14482b5cfe37
2026-08-18 21:00:25,707 - INFO - Pricing Service Called, req: {'items': [{'product_id': 'b2926dc2-cc6d-4c3e-ae40-7a127c173b16', 'qty': 2}], 'promo_codes': [], 'only_final_price': True}, response_status: 200, trace_id=fce9aa85-5d28-4f0a-a4cd-7da6c19f548a
2026-08-18 21:00:25,709 - INFO - Request for orchestrate_order started, order_id=7e83ac1b-788d-47b6-95cb-812f2c98a67f, trace_id=fce9aa85-5d28-4f0a-a4cd-7da6c19f548a
2026-08-18 21:00:25,729 - INFO - Inventory Reservation Service Called, req: {'order_id': '7e83ac1b-788d-47b6-95cb-812f2c98a67f', 'items': [{'sku': 'b2926dc2-cc6d-4c3e-ae40-7a127c173b16', 'qty': 2}], 'atomic_update': True, 'delay': 0.0, 'drop': 0}, response_status: 200, response: {'order_id': '7e83ac1b-788d-47b6-95cb-812f2c98a67f', 'status': 'OUT_OF_STOCK', 'reason': 'Out of stock: b2926dc2-cc6d-4c3e-ae40-7a127c173b16', 'total_input_tokens': 0, 'total_output_tokens': 0, 'total_llm_calls': 0} trace_id=fce9aa85-5d28-4f0a-a4cd-7da6c19f548a
2026-08-18 21:00:25,731 - INFO - Request for orchestrate_order completed, final_status:OUT_OF_STOCK,  trace_id=fce9aa85-5d28-4f0a-a4cd-7da6c19f548a
2026-08-18 21:00:25,735 - INFO - Request for checkout_cart, cart_id=f7547971-c14e-41c7-b630-cc3e0370576f, user_id=None, trace_id=52ccda25-1b0c-4b2c-b814-76cc64f82c9c
2026-08-18 21:00:25,745 - INFO - Cart Service Called, request_cart_id: f7547971-c14e-41c7-b630-cc3e0370576f, response_status: 200, trace_id=52ccda25-1b0c-4b2c-b814-76cc64f82c9c
2026-08-18 21:00:25,750 - INFO - Request for checkout_cart, cart_id=d5bd5fce-a33c-4881-a0de-9bf4110a02fa, user_id=None, trace_id=c9e98162-c84e-4683-9123-03dea41224bb
2026-08-18 21:00:25,762 - INFO - Cart Service Called, request_cart_id: d5bd5fce-a33c-4881-a0de-9bf4110a02fa, response_status: 200, trace_id=c9e98162-c84e-4683-9123-03dea41224bb
2026-08-18 21:00:25,764 - INFO - HTTP Request: POST http://127.0.0.1:8002/price "HTTP/1.1 200 OK"
2026-08-18 21:00:25,765 - INFO - HTTP Request: POST http://127.0.0.1:8002/price "HTTP/1.1 200 OK"
2026-08-18 21:00:25,767 - INFO - Request for checkout_cart, cart_id=c28c019e-a096-4e25-8bb2-f673f89aa54a, user_id=None, trace_id=6d56051b-1bae-438b-8002-ac4341a01a53
2026-08-18 21:00:25,773 - INFO - Cart Service Called, request_cart_id: c28c019e-a096-4e25-8bb2-f673f89aa54a, response_status: 200, trace_id=6d56051b-1bae-438b-8002-ac4341a01a53
2026-08-18 21:00:25,776 - INFO - Pricing Service Called, req: {'items': [{'product_id': 'b2926dc2-cc6d-4c3e-ae40-7a127c173b16', 'qty': 2}], 'promo_codes': [], 'only_final_price': True}, response_status: 200, trace_id=866b1da0-641e-45f6-8cb1-b29f6dd1e11b
2026-08-18 21:00:25,777 - INFO - Request for orchestrate_order started, order_id=46af8aee-758f-45c8-a779-e8b19861415b, trace_id=866b1da0-641e-45f6-8cb1-b29f6dd1e11b
2026-08-18 21:00:25,785 - INFO - Inventory Reservation Service Called, req: {'order_id': '46af8aee-758f-45c8-a779-e8b19861415b', 'items': [{'sku': 'b2926dc2-cc6d-4c3e-ae40-7a127c173b16', 'qty': 2}], 'atomic_update': True, 'delay': 0.0, 'drop': 0}, response_status: 200, response: {'order_id': '46af8aee-758f-45c8-a779-e8b19861415b', 'status': 'OUT_OF_STOCK', 'reason': 'Out of stock: b2926dc2-cc6d-4c3e-ae40-7a127c173b16', 'total_input_tokens': 0, 'total_output_tokens': 0, 'total_llm_calls': 0} trace_id=866b1da0-641e-45f6-8cb1-b29f6dd1e11b
2026-08-18 21:00:25,786 - INFO - Request for orchestrate_order completed, final_status:OUT_OF_STOCK,  trace_id=866b1da0-641e-45f6-8cb1-b29f6dd1e11b
2026-08-18 21:00:25,789 - INFO - Pricing Service Called, req: {'items': [{'product_id': 'b2926dc2-cc6d-4c3e-ae40-7a127c173b16', 'qty': 2}], 'promo_codes': [], 'only_final_price': True}, response_status: 200, trace_id=a5cd752d-eec0-4efb-a5b5-2fc155d6d96c
2026-08-18 21:00:25,789 - INFO - Request for orchestrate_order started, order_id=8b467e62-e673-4a79-b6d5-16469a4dc5cd, trace_id=a5cd752d-eec0-4efb-a5b5-2fc155d6d96c
2026-08-18 21:00:25,794 - INFO - Inventory Reservation Service Called, req: {'order_id': '8b467e62-e673-4a79-b6d5-16469a4dc5cd', 'items': [{'sku': 'b2926dc2-cc6d-4c3e-ae40-7a127c173b16', 'qty': 2}], 'atomic_update': True, 'delay': 0.0, 'drop': 0}, response_status: 200, response: {'order_id': '8b467e62-e673-4a79-b6d5-16469a4dc5cd', 'status': 'OUT_OF_STOCK', 'reason': 'Out of stock: b2926dc2-cc6d-4c3e-ae40-7a127c173b16', 'total_input_tokens': 0, 'total_output_tokens': 0, 'total_llm_calls': 0} trace_id=a5cd752d-eec0-4efb-a5b5-2fc155d6d96c
2026-08-18 21:00:25,795 - INFO - Request for orchestrate_order completed, final_status:OUT_OF_STOCK,  trace_id=a5cd752d-eec0-4efb-a5b5-2fc155d6d96c
2026-08-18 21:00:25,796 - INFO - Request for checkout_cart, cart_id=fb2b3347-04ee-4601-a4e9-9f79ae9e8a58, user_id=None, trace_id=7a37eba6-41ec-4c5a-b848-3dc046a287e5
2026-08-18 21:00:25,802 - INFO - Cart Service Called, request_cart_id: fb2b3347-04ee-4601-a4e9-9f79ae9e8a58, response_status: 200, trace_id=7a37eba6-41ec-4c5a-b848-3dc046a287e5
2026-08-18 21:00:25,806 - INFO - Request for checkout_cart, cart_id=cc7e904f-54f8-4f25-943d-37f7571a3bbb, user_id=None, trace_id=f4d641ab-10c4-4057-bc1c-8938974f1fed
2026-08-18 21:00:25,811 - INFO - Cart Service Called, request_cart_id: cc7e904f-54f8-4f25-943d-37f7571a3bbb, response_status: 200, trace_id=f4d641ab-10c4-4057-bc1c-8938974f1fed
2026-08-18 21:00:25,813 - INFO - HTTP Request: POST http://127.0.0.1:8002/price "HTTP/1.1 200 OK"
2026-08-18 21:00:25,815 - INFO - Pricing Service Called, req: {'items': [{'product_id': 'b2926dc2-cc6d-4c3e-ae40-7a127c173b16', 'qty': 2}], 'promo_codes': [], 'only_final_price': True}, response_status: 200, trace_id=0536729e-f8a2-449c-9812-14482b5cfe37
2026-08-18 21:00:25,817 - INFO - Request for orchestrate_order started, order_id=2b349199-28d2-4066-856d-67ac15acb62b, trace_id=0536729e-f8a2-449c-9812-14482b5cfe37
2026-08-18 21:00:25,825 - INFO - Inventory Reservation Service Called, req: {'order_id': '2b349199-28d2-4066-856d-67ac15acb62b', 'items': [{'sku': 'b2926dc2-cc6d-4c3e-ae40-7a127c173b16', 'qty': 2}], 'atomic_update': True, 'delay': 0.0, 'drop': 0}, response_status: 200, response: {'order_id': '2b349199-28d2-4066-856d-67ac15acb62b', 'status': 'OUT_OF_STOCK', 'reason': 'Out of stock: b2926dc2-cc6d-4c3e-ae40-7a127c173b16', 'total_input_tokens': 0, 'total_output_tokens': 0, 'total_llm_calls': 0} trace_id=0536729e-f8a2-449c-9812-14482b5cfe37
2026-08-18 21:00:25,826 - INFO - Request for orchestrate_order completed, final_status:OUT_OF_STOCK,  trace_id=0536729e-f8a2-449c-9812-14482b5cfe37
2026-08-18 21:00:25,828 - INFO - HTTP Request: POST http://127.0.0.1:8002/price "HTTP/1.1 200 OK"
2026-08-18 21:00:25,829 - INFO - Pricing Service Called, req: {'items': [{'product_id': 'b2926dc2-cc6d-4c3e-ae40-7a127c173b16', 'qty': 2}], 'promo_codes': [], 'only_final_price': True}, response_status: 200, trace_id=52ccda25-1b0c-4b2c-b814-76cc64f82c9c
2026-08-18 21:00:25,829 - INFO - Request for orchestrate_order started, order_id=c674e9f5-71a4-4637-8289-ecf501daaeea, trace_id=52ccda25-1b0c-4b2c-b814-76cc64f82c9c
2026-08-18 21:00:25,838 - INFO - Inventory Reservation Service Called, req: {'order_id': 'c674e9f5-71a4-4637-8289-ecf501daaeea', 'items': [{'sku': 'b2926dc2-cc6d-4c3e-ae40-7a127c173b16', 'qty': 2}], 'atomic_update': True, 'delay': 0.0, 'drop': 0}, response_status: 200, response: {'order_id': 'c674e9f5-71a4-4637-8289-ecf501daaeea', 'status': 'OUT_OF_STOCK', 'reason': 'Out of stock: b2926dc2-cc6d-4c3e-ae40-7a127c173b16', 'total_input_tokens': 0, 'total_output_tokens': 0, 'total_llm_calls': 0} trace_id=52ccda25-1b0c-4b2c-b814-76cc64f82c9c
2026-08-18 21:00:25,840 - INFO - Request for orchestrate_order completed, final_status:OUT_OF_STOCK,  trace_id=52ccda25-1b0c-4b2c-b814-76cc64f82c9c
2026-08-18 21:00:25,842 - INFO - HTTP Request: POST http://127.0.0.1:8002/price "HTTP/1.1 200 OK"
2026-08-18 21:00:25,843 - INFO - Pricing Service Called, req: {'items': [{'product_id': 'b2926dc2-cc6d-4c3e-ae40-7a127c173b16', 'qty': 2}], 'promo_codes': [], 'only_final_price': True}, response_status: 200, trace_id=6d56051b-1bae-438b-8002-ac4341a01a53
2026-08-18 21:00:25,843 - INFO - Request for orchestrate_order started, order_id=f6d42653-0bd8-44e6-95f9-becdb3670370, trace_id=6d56051b-1bae-438b-8002-ac4341a01a53
2026-08-18 21:00:25,851 - INFO - Inventory Reservation Service Called, req: {'order_id': 'f6d42653-0bd8-44e6-95f9-becdb3670370', 'items': [{'sku': 'b2926dc2-cc6d-4c3e-ae40-7a127c173b16', 'qty': 2}], 'atomic_update': True, 'delay': 0.0, 'drop': 0}, response_status: 200, response: {'order_id': 'f6d42653-0bd8-44e6-95f9-becdb3670370', 'status': 'OUT_OF_STOCK', 'reason': 'Out of stock: b2926dc2-cc6d-4c3e-ae40-7a127c173b16', 'total_input_tokens': 0, 'total_output_tokens': 0, 'total_llm_calls': 0} trace_id=6d56051b-1bae-438b-8002-ac4341a01a53
2026-08-18 21:00:25,852 - INFO - Request for orchestrate_order completed, final_status:OUT_OF_STOCK,  trace_id=6d56051b-1bae-438b-8002-ac4341a01a53
2026-08-18 21:00:25,854 - INFO - HTTP Request: POST http://127.0.0.1:8002/price "HTTP/1.1 200 OK"
2026-08-18 21:00:25,856 - INFO - Pricing Service Called, req: {'items': [{'product_id': 'b2926dc2-cc6d-4c3e-ae40-7a127c173b16', 'qty': 2}], 'promo_codes': [], 'only_final_price': True}, response_status: 200, trace_id=7a37eba6-41ec-4c5a-b848-3dc046a287e5
2026-08-18 21:00:25,857 - INFO - Request for orchestrate_order started, order_id=4335ee79-0234-4653-ab1b-a8c44dc89eba, trace_id=7a37eba6-41ec-4c5a-b848-3dc046a287e5
2026-08-18 21:00:25,864 - INFO - Inventory Reservation Service Called, req: {'order_id': '4335ee79-0234-4653-ab1b-a8c44dc89eba', 'items': [{'sku': 'b2926dc2-cc6d-4c3e-ae40-7a127c173b16', 'qty': 2}], 'atomic_update': True, 'delay': 0.0, 'drop': 0}, response_status: 200, response: {'order_id': '4335ee79-0234-4653-ab1b-a8c44dc89eba', 'status': 'OUT_OF_STOCK', 'reason': 'Out of stock: b2926dc2-cc6d-4c3e-ae40-7a127c173b16', 'total_input_tokens': 0, 'total_output_tokens': 0, 'total_llm_calls': 0} trace_id=7a37eba6-41ec-4c5a-b848-3dc046a287e5
2026-08-18 21:00:25,865 - INFO - Request for orchestrate_order completed, final_status:OUT_OF_STOCK,  trace_id=7a37eba6-41ec-4c5a-b848-3dc046a287e5
2026-08-18 21:00:25,868 - INFO - HTTP Request: POST http://127.0.0.1:8002/price "HTTP/1.1 200 OK"
2026-08-18 21:00:25,870 - INFO - Pricing Service Called, req: {'items': [{'product_id': 'b2926dc2-cc6d-4c3e-ae40-7a127c173b16', 'qty': 2}], 'promo_codes': [], 'only_final_price': True}, response_status: 200, trace_id=c9e98162-c84e-4683-9123-03dea41224bb
2026-08-18 21:00:25,870 - INFO - Request for orchestrate_order started, order_id=65312cdb-1232-4b48-867f-5bde62170c7d, trace_id=c9e98162-c84e-4683-9123-03dea41224bb
2026-08-18 21:00:25,878 - INFO - Inventory Reservation Service Called, req: {'order_id': '65312cdb-1232-4b48-867f-5bde62170c7d', 'items': [{'sku': 'b2926dc2-cc6d-4c3e-ae40-7a127c173b16', 'qty': 2}], 'atomic_update': True, 'delay': 0.0, 'drop': 0}, response_status: 200, response: {'order_id': '65312cdb-1232-4b48-867f-5bde62170c7d', 'status': 'OUT_OF_STOCK', 'reason': 'Out of stock: b2926dc2-cc6d-4c3e-ae40-7a127c173b16', 'total_input_tokens': 0, 'total_output_tokens': 0, 'total_llm_calls': 0} trace_id=c9e98162-c84e-4683-9123-03dea41224bb
2026-08-18 21:00:25,879 - INFO - Request for orchestrate_order completed, final_status:OUT_OF_STOCK,  trace_id=c9e98162-c84e-4683-9123-03dea41224bb
2026-08-18 21:00:25,885 - INFO - HTTP Request: POST http://127.0.0.1:8002/price "HTTP/1.1 200 OK"
2026-08-18 21:00:25,886 - INFO - Pricing Service Called, req: {'items': [{'product_id': 'b2926dc2-cc6d-4c3e-ae40-7a127c173b16', 'qty': 2}], 'promo_codes': [], 'only_final_price': True}, response_status: 200, trace_id=f4d641ab-10c4-4057-bc1c-8938974f1fed
2026-08-18 21:00:25,886 - INFO - Request for orchestrate_order started, order_id=65f87f62-74ae-4306-b558-c97702c38f7f, trace_id=f4d641ab-10c4-4057-bc1c-8938974f1fed
2026-08-18 21:00:25,896 - INFO - Inventory Reservation Service Called, req: {'order_id': '65f87f62-74ae-4306-b558-c97702c38f7f', 'items': [{'sku': 'b2926dc2-cc6d-4c3e-ae40-7a127c173b16', 'qty': 2}], 'atomic_update': True, 'delay': 0.0, 'drop': 0}, response_status: 200, response: {'order_id': '65f87f62-74ae-4306-b558-c97702c38f7f', 'status': 'OUT_OF_STOCK', 'reason': 'Out of stock: b2926dc2-cc6d-4c3e-ae40-7a127c173b16', 'total_input_tokens': 0, 'total_output_tokens': 0, 'total_llm_calls': 0} trace_id=f4d641ab-10c4-4057-bc1c-8938974f1fed
2026-08-18 21:00:25,897 - INFO - Request for orchestrate_order completed, final_status:OUT_OF_STOCK,  trace_id=f4d641ab-10c4-4057-bc1c-8938974f1fed
2026-08-18 21:11:58,240 - INFO - Request for checkout_cart, cart_id=0e9c237a-64e8-4742-b057-613de3abc9f9, user_id=None, trace_id=0973453a-2485-4efb-bf83-59eb01031909
2026-08-18 21:11:58,246 - INFO - Cart Service Called, request_cart_id: 0e9c237a-64e8-4742-b057-613de3abc9f9, response_status: 200, trace_id=0973453a-2485-4efb-bf83-59eb01031909
2026-08-18 21:11:58,259 - INFO - HTTP Request: POST http://127.0.0.1:8002/price "HTTP/1.1 200 OK"
2026-08-18 21:11:58,260 - INFO - Pricing Service Called, req: {'items': [{'product_id': 'b2926dc2-cc6d-4c3e-ae40-7a127c173b16', 'qty': 2}], 'promo_codes': [], 'only_final_price': True}, response_status: 200, trace_id=0973453a-2485-4efb-bf83-59eb01031909
2026-08-18 21:11:58,262 - INFO - Request for orchestrate_order started, order_id=0a7257a7-dc44-4b97-bbf1-c015935de4d1, trace_id=0973453a-2485-4efb-bf83-59eb01031909
2026-08-18 21:11:58,276 - INFO - Inventory Reservation Service Called, req: {'order_id': '0a7257a7-dc44-4b97-bbf1-c015935de4d1', 'items': [{'sku': 'b2926dc2-cc6d-4c3e-ae40-7a127c173b16', 'qty': 2}], 'atomic_update': True, 'delay': 0.0, 'drop': 0}, response_status: 200, response: {'order_id': '0a7257a7-dc44-4b97-bbf1-c015935de4d1', 'status': 'RESERVED', 'items': [{'sku': 'b2926dc2-cc6d-4c3e-ae40-7a127c173b16', 'remaining': 8}], 'total_input_tokens': 0, 'total_output_tokens': 0, 'total_llm_calls': 0} trace_id=0973453a-2485-4efb-bf83-59eb01031909
2026-08-18 21:11:58,587 - INFO - Payment Service Called, req: {'order_id': '0a7257a7-dc44-4b97-bbf1-c015935de4d1', 'final_price': 300.0}, response_status: 200, response: {'order_id': '0a7257a7-dc44-4b97-bbf1-c015935de4d1', 'status': 'SUCCESS', 'total_input_tokens': 0, 'total_output_tokens': 0, 'total_llm_calls': 0} trace_id=0973453a-2485-4efb-bf83-59eb01031909
2026-08-18 21:11:58,796 - INFO - Shipment Service Called, req: {'order_id': '0a7257a7-dc44-4b97-bbf1-c015935de4d1', 'address': 'SAMPLE_ADDRESS'}, response_status: 200, response: {'shipment_id': '434a28ab-5389-4344-b16f-08a05a04f4c6', 'tracking_id': 'c8823f4c-1943-43d3-b0fb-ab949afa0133', 'total_input_tokens': 0, 'total_output_tokens': 0, 'total_llm_calls': 0} trace_id=0973453a-2485-4efb-bf83-59eb01031909
2026-08-18 21:11:58,798 - INFO - Request for orchestrate_order completed, final_status:COMPLETED,  trace_id=0973453a-2485-4efb-bf83-59eb01031909
2026-08-18 21:11:58,800 - INFO - Request for checkout_cart, cart_id=7f3a034a-4255-4636-991e-eea8bd6fb4b9, user_id=None, trace_id=2a9470e3-aee1-488a-b84b-78196e028208
2026-08-18 21:11:58,808 - INFO - Cart Service Called, request_cart_id: 7f3a034a-4255-4636-991e-eea8bd6fb4b9, response_status: 200, trace_id=2a9470e3-aee1-488a-b84b-78196e028208
2026-08-18 21:11:58,810 - INFO - Request for checkout_cart, cart_id=be336090-747f-4aed-9ae2-be7cd2b9e239, user_id=None, trace_id=306b738f-5b0a-4856-93ad-f23da14f2bd1
2026-08-18 21:11:58,823 - INFO - Cart Service Called, request_cart_id: be336090-747f-4aed-9ae2-be7cd2b9e239, response_status: 200, trace_id=306b738f-5b0a-4856-93ad-f23da14f2bd1
2026-08-18 21:11:58,826 - INFO - Request for checkout_cart, cart_id=5c0f0e7d-5715-42f8-ba84-d44033637dfb, user_id=None, trace_id=7aaed5f0-456a-40bb-bdc4-fbe23f570ccf
2026-08-18 21:11:58,837 - INFO - Cart Service Called, request_cart_id: 5c0f0e7d-5715-42f8-ba84-d44033637dfb, response_status: 200, trace_id=7aaed5f0-456a-40bb-bdc4-fbe23f570ccf
2026-08-18 21:11:58,842 - INFO - Request for checkout_cart, cart_id=73418f30-7bd8-4a56-9312-fcfc09d1c929, user_id=None, trace_id=515f335a-aca4-4410-a95e-0ecda0d7e690
2026-08-18 21:11:58,853 - INFO - Cart Service Called, request_cart_id: 73418f30-7bd8-4a56-9312-fcfc09d1c929, response_status: 200, trace_id=515f335a-aca4-4410-a95e-0ecda0d7e690
2026-08-18 21:11:58,857 - INFO - Request for checkout_cart, cart_id=2250eab2-44c4-4733-a478-ea3ae0554261, user_id=None, trace_id=3c6579f1-c5f2-4511-9d37-6c643236f1d8
2026-08-18 21:11:58,871 - INFO - Cart Service Called, request_cart_id: 2250eab2-44c4-4733-a478-ea3ae0554261, response_status: 200, trace_id=3c6579f1-c5f2-4511-9d37-6c643236f1d8
2026-08-18 21:11:58,875 - INFO - Request for checkout_cart, cart_id=f1bd9893-9f8e-4206-9748-673caebe26a0, user_id=None, trace_id=7b4409ce-0d26-4687-958a-3f78cce2b9f2
2026-08-18 21:11:58,881 - INFO - Cart Service Called, request_cart_id: f1bd9893-9f8e-4206-9748-673caebe26a0, response_status: 200, trace_id=7b4409ce-0d26-4687-958a-3f78cce2b9f2
2026-08-18 21:11:58,886 - INFO - HTTP Request: POST http://127.0.0.1:8002/price "HTTP/1.1 200 OK"
2026-08-18 21:11:58,887 - INFO - Request for checkout_cart, cart_id=210ace46-3862-47d5-96e9-fef5218d921c, user_id=None, trace_id=41bc49af-ccf9-4af2-a4ee-d13c40609400
2026-08-18 21:11:58,893 - INFO - Cart Service Called, request_cart_id: 210ace46-3862-47d5-96e9-fef5218d921c, response_status: 200, trace_id=41bc49af-ccf9-4af2-a4ee-d13c40609400
2026-08-18 21:11:58,894 - INFO - Pricing Service Called, req: {'items': [{'product_id': 'b2926dc2-cc6d-4c3e-ae40-7a127c173b16', 'qty': 2}], 'promo_codes': [], 'only_final_price': True}, response_status: 200, trace_id=2a9470e3-aee1-488a-b84b-78196e028208
2026-08-18 21:11:58,895 - INFO - Request for orchestrate_order started, order_id=74838c55-8d86-4817-bfb9-3cf46c849fbd, trace_id=2a9470e3-aee1-488a-b84b-78196e028208
2026-08-18 21:11:58,904 - INFO - Inventory Reservation Service Called, req: {'order_id': '74838c55-8d86-4817-bfb9-3cf46c849fbd', 'items': [{'sku': 'b2926dc2-cc6d-4c3e-ae40-7a127c173b16', 'qty': 2}], 'atomic_update': True, 'delay': 0.0, 'drop': 0}, response_status: 200, response: {'order_id': '74838c55-8d86-4817-bfb9-3cf46c849fbd', 'status': 'RESERVED', 'items': [{'sku': 'b2926dc2-cc6d-4c3e-ae40-7a127c173b16', 'remaining': 6}], 'total_input_tokens': 0, 'total_output_tokens': 0, 'total_llm_calls': 0} trace_id=2a9470e3-aee1-488a-b84b-78196e028208
2026-08-18 21:11:59,215 - INFO - Payment Service Called, req: {'order_id': '74838c55-8d86-4817-bfb9-3cf46c849fbd', 'final_price': 300.0}, response_status: 200, response: {'order_id': '74838c55-8d86-4817-bfb9-3cf46c849fbd', 'status': 'SUCCESS', 'total_input_tokens': 0, 'total_output_tokens': 0, 'total_llm_calls': 0} trace_id=2a9470e3-aee1-488a-b84b-78196e028208
2026-08-18 21:11:59,444 - INFO - Shipment Service Called, req: {'order_id': '74838c55-8d86-4817-bfb9-3cf46c849fbd', 'address': 'SAMPLE_ADDRESS'}, response_status: 200, response: {'shipment_id': 'bd23f941-ae36-4896-8c1a-4ba83ce10d2b', 'tracking_id': '314cea01-5be6-48d4-9c51-0f22b7fdd997', 'total_input_tokens': 0, 'total_output_tokens': 0, 'total_llm_calls': 0} trace_id=2a9470e3-aee1-488a-b84b-78196e028208
2026-08-18 21:11:59,449 - INFO - Request for orchestrate_order completed, final_status:COMPLETED,  trace_id=2a9470e3-aee1-488a-b84b-78196e028208
2026-08-18 21:11:59,458 - INFO - Request for checkout_cart, cart_id=daa68847-9fd6-4b19-9445-c4a2dc593de4, user_id=None, trace_id=9eb9eb66-e1cb-4088-afd2-3b626154f962
2026-08-18 21:11:59,468 - INFO - Cart Service Called, request_cart_id: daa68847-9fd6-4b19-9445-c4a2dc593de4, response_status: 200, trace_id=9eb9eb66-e1cb-4088-afd2-3b626154f962
2026-08-18 21:11:59,472 - INFO - Request for checkout_cart, cart_id=cc939ee7-4993-47f6-b911-236776b41e89, user_id=None, trace_id=69685162-1ccf-4b6a-94c7-dea32329eed3
2026-08-18 21:11:59,481 - INFO - Cart Service Called, request_cart_id: cc939ee7-4993-47f6-b911-236776b41e89, response_status: 200, trace_id=69685162-1ccf-4b6a-94c7-dea32329eed3
2026-08-18 21:11:59,487 - INFO - Request for checkout_cart, cart_id=57e1f9a7-e11b-4ee2-9dd9-7e1c22d2a769, user_id=None, trace_id=99b20550-8358-465e-a372-123b3bcac2fc
2026-08-18 21:11:59,497 - INFO - Cart Service Called, request_cart_id: 57e1f9a7-e11b-4ee2-9dd9-7e1c22d2a769, response_status: 200, trace_id=99b20550-8358-465e-a372-123b3bcac2fc
2026-08-18 21:11:59,521 - INFO - Request for checkout_cart, cart_id=4e86b300-c9a5-4380-8cdc-1cc5cdb10f00, user_id=None, trace_id=c7650b3c-fbcf-424b-af65-f08a6d7aa322
2026-08-18 21:11:59,530 - INFO - Cart Service Called, request_cart_id: 4e86b300-c9a5-4380-8cdc-1cc5cdb10f00, response_status: 200, trace_id=c7650b3c-fbcf-424b-af65-f08a6d7aa322
2026-08-18 21:11:59,532 - INFO - HTTP Request: POST http://127.0.0.1:8002/price "HTTP/1.1 200 OK"
2026-08-18 21:11:59,533 - INFO - Pricing Service Called, req: {'items': [{'product_id': 'b2926dc2-cc6d-4c3e-ae40-7a127c173b16', 'qty': 2}], 'promo_codes': [], 'only_final_price': True}, response_status: 200, trace_id=9eb9eb66-e1cb-4088-afd2-3b626154f962
2026-08-18 21:11:59,535 - INFO - Request for orchestrate_order started, order_id=f584ad0c-6d2b-4167-a4f8-ee1dbb828df0, trace_id=9eb9eb66-e1cb-4088-afd2-3b626154f962
2026-08-18 21:11:59,544 - INFO - Inventory Reservation Service Called, req: {'order_id': 'f584ad0c-6d2b-4167-a4f8-ee1dbb828df0', 'items': [{'sku': 'b2926dc2-cc6d-4c3e-ae40-7a127c173b16', 'qty': 2}], 'atomic_update': True, 'delay': 0.0, 'drop': 0}, response_status: 200, response: {'order_id': 'f584ad0c-6d2b-4167-a4f8-ee1dbb828df0', 'status': 'RESERVED', 'items': [{'sku': 'b2926dc2-cc6d-4c3e-ae40-7a127c173b16', 'remaining': 4}], 'total_input_tokens': 0, 'total_output_tokens': 0, 'total_llm_calls': 0} trace_id=9eb9eb66-e1cb-4088-afd2-3b626154f962
2026-08-18 21:11:59,860 - INFO - Payment Service Called, req: {'order_id': 'f584ad0c-6d2b-4167-a4f8-ee1dbb828df0', 'final_price': 300.0}, response_status: 200, response: {'order_id': 'f584ad0c-6d2b-4167-a4f8-ee1dbb828df0', 'status': 'SUCCESS', 'total_input_tokens': 0, 'total_output_tokens': 0, 'total_llm_calls': 0} trace_id=9eb9eb66-e1cb-4088-afd2-3b626154f962
2026-08-18 21:12:00,081 - INFO - Shipment Service Called, req: {'order_id': 'f584ad0c-6d2b-4167-a4f8-ee1dbb828df0', 'address': 'SAMPLE_ADDRESS'}, response_status: 200, response: {'shipment_id': 'd55c4998-cb82-43d5-8bd0-1d93cb64ff55', 'tracking_id': 'bf1a6161-1209-4f55-bf25-65bdd3a4fec7', 'total_input_tokens': 0, 'total_output_tokens': 0, 'total_llm_calls': 0} trace_id=9eb9eb66-e1cb-4088-afd2-3b626154f962
2026-08-18 21:12:00,082 - INFO - Request for orchestrate_order completed, final_status:COMPLETED,  trace_id=9eb9eb66-e1cb-4088-afd2-3b626154f962
2026-08-18 21:12:00,083 - INFO - HTTP Request: POST http://127.0.0.1:8002/price "HTTP/1.1 200 OK"
2026-08-18 21:12:00,084 - INFO - HTTP Request: POST http://127.0.0.1:8002/price "HTTP/1.1 200 OK"
2026-08-18 21:12:00,085 - INFO - HTTP Request: POST http://127.0.0.1:8002/price "HTTP/1.1 200 OK"
2026-08-18 21:12:00,086 - INFO - HTTP Request: POST http://127.0.0.1:8002/price "HTTP/1.1 200 OK"
2026-08-18 21:12:00,088 - INFO - HTTP Request: POST http://127.0.0.1:8002/price "HTTP/1.1 200 OK"
2026-08-18 21:12:00,089 - INFO - HTTP Request: POST http://127.0.0.1:8002/price "HTTP/1.1 200 OK"
2026-08-18 21:12:00,090 - INFO - HTTP Request: POST http://127.0.0.1:8002/price "HTTP/1.1 200 OK"
2026-08-18 21:12:00,091 - INFO - HTTP Request: POST http://127.0.0.1:8002/price "HTTP/1.1 200 OK"
2026-08-18 21:12:00,092 - INFO - Pricing Service Called, req: {'items': [{'product_id': 'b2926dc2-cc6d-4c3e-ae40-7a127c173b16', 'qty': 2}], 'promo_codes': [], 'only_final_price': True}, response_status: 200, trace_id=515f335a-aca4-4410-a95e-0ecda0d7e690
2026-08-18 21:12:00,093 - INFO - Request for orchestrate_order started, order_id=d417715f-ed83-4dac-b6c7-1a549376f7cb, trace_id=515f335a-aca4-4410-a95e-0ecda0d7e690
2026-08-18 21:12:00,102 - INFO - Inventory Reservation Service Called, req: {'order_id': 'd417715f-ed83-4dac-b6c7-1a549376f7cb', 'items': [{'sku': 'b2926dc2-cc6d-4c3e-ae40-7a127c173b16', 'qty': 2}], 'atomic_update': True, 'delay': 0.0, 'drop': 0}, response_status: 200, response: {'order_id': 'd417715f-ed83-4dac-b6c7-1a549376f7cb', 'status': 'RESERVED', 'items': [{'sku': 'b2926dc2-cc6d-4c3e-ae40-7a127c173b16', 'remaining': 2}], 'total_input_tokens': 0, 'total_output_tokens': 0, 'total_llm_calls': 0} trace_id=515f335a-aca4-4410-a95e-0ecda0d7e690
2026-08-18 21:12:00,414 - INFO - Payment Service Called, req: {'order_id': 'd417715f-ed83-4dac-b6c7-1a549376f7cb', 'final_price': 300.0}, response_status: 200, response: {'order_id': 'd417715f-ed83-4dac-b6c7-1a549376f7cb', 'status': 'SUCCESS', 'total_input_tokens': 0, 'total_output_tokens': 0, 'total_llm_calls': 0} trace_id=515f335a-aca4-4410-a95e-0ecda0d7e690
2026-08-18 21:12:00,624 - INFO - Shipment Service Called, req: {'order_id': 'd417715f-ed83-4dac-b6c7-1a549376f7cb', 'address': 'SAMPLE_ADDRESS'}, response_status: 200, response: {'shipment_id': '90e30505-f489-461b-ace1-d4a592ecd6e0', 'tracking_id': '55f0f67a-e0eb-4444-98d3-bca5a9e9820d', 'total_input_tokens': 0, 'total_output_tokens': 0, 'total_llm_calls': 0} trace_id=515f335a-aca4-4410-a95e-0ecda0d7e690
2026-08-18 21:12:00,625 - INFO - Request for orchestrate_order completed, final_status:COMPLETED,  trace_id=515f335a-aca4-4410-a95e-0ecda0d7e690
2026-08-18 21:12:00,627 - INFO - Pricing Service Called, req: {'items': [{'product_id': 'b2926dc2-cc6d-4c3e-ae40-7a127c173b16', 'qty': 2}], 'promo_codes': [], 'only_final_price': True}, response_status: 200, trace_id=306b738f-5b0a-4856-93ad-f23da14f2bd1
2026-08-18 21:12:00,627 - INFO - Request for orchestrate_order started, order_id=253ee8d6-782b-4c5b-afc9-5ccef55636ea, trace_id=306b738f-5b0a-4856-93ad-f23da14f2bd1
2026-08-18 21:12:00,634 - INFO - Inventory Reservation Service Called, req: {'order_id': '253ee8d6-782b-4c5b-afc9-5ccef55636ea', 'items': [{'sku': 'b2926dc2-cc6d-4c3e-ae40-7a127c173b16', 'qty': 2}], 'atomic_update': True, 'delay': 0.0, 'drop': 0}, response_status: 200, response: {'order_id': '253ee8d6-782b-4c5b-afc9-5ccef55636ea', 'status': 'RESERVED', 'items': [{'sku': 'b2926dc2-cc6d-4c3e-ae40-7a127c173b16', 'remaining': 0}], 'total_input_tokens': 0, 'total_output_tokens': 0, 'total_llm_calls': 0} trace_id=306b738f-5b0a-4856-93ad-f23da14f2bd1
2026-08-18 21:12:00,943 - INFO - Payment Service Called, req: {'order_id': '253ee8d6-782b-4c5b-afc9-5ccef55636ea', 'final_price': 300.0}, response_status: 200, response: {'order_id': '253ee8d6-782b-4c5b-afc9-5ccef55636ea', 'status': 'SUCCESS', 'total_input_tokens': 0, 'total_output_tokens': 0, 'total_llm_calls': 0} trace_id=306b738f-5b0a-4856-93ad-f23da14f2bd1
2026-08-18 21:12:01,160 - INFO - Shipment Service Called, req: {'order_id': '253ee8d6-782b-4c5b-afc9-5ccef55636ea', 'address': 'SAMPLE_ADDRESS'}, response_status: 200, response: {'shipment_id': '620b7b26-7e45-4c8d-b7bf-8eac3cbf65e0', 'tracking_id': '70e0397f-b966-410d-9b54-db9ddaf2af97', 'total_input_tokens': 0, 'total_output_tokens': 0, 'total_llm_calls': 0} trace_id=306b738f-5b0a-4856-93ad-f23da14f2bd1
2026-08-18 21:12:01,163 - INFO - Request for orchestrate_order completed, final_status:COMPLETED,  trace_id=306b738f-5b0a-4856-93ad-f23da14f2bd1
2026-08-18 21:12:01,167 - INFO - Pricing Service Called, req: {'items': [{'product_id': 'b2926dc2-cc6d-4c3e-ae40-7a127c173b16', 'qty': 2}], 'promo_codes': [], 'only_final_price': True}, response_status: 200, trace_id=3c6579f1-c5f2-4511-9d37-6c643236f1d8
2026-08-18 21:12:01,168 - INFO - Request for orchestrate_order started, order_id=df46035f-c025-4ed4-8518-0d635614016d, trace_id=3c6579f1-c5f2-4511-9d37-6c643236f1d8
2026-08-18 21:12:01,183 - INFO - Inventory Reservation Service Called, req: {'order_id': 'df46035f-c025-4ed4-8518-0d635614016d', 'items': [{'sku': 'b2926dc2-cc6d-4c3e-ae40-7a127c173b16', 'qty': 2}], 'atomic_update': True, 'delay': 0.0, 'drop': 0}, response_status: 200, response: {'order_id': 'df46035f-c025-4ed4-8518-0d635614016d', 'status': 'OUT_OF_STOCK', 'reason': 'Out of stock: b2926dc2-cc6d-4c3e-ae40-7a127c173b16', 'total_input_tokens': 0, 'total_output_tokens': 0, 'total_llm_calls': 0} trace_id=3c6579f1-c5f2-4511-9d37-6c643236f1d8
2026-08-18 21:12:01,186 - INFO - Request for orchestrate_order completed, final_status:OUT_OF_STOCK,  trace_id=3c6579f1-c5f2-4511-9d37-6c643236f1d8
2026-08-18 21:12:01,189 - INFO - Pricing Service Called, req: {'items': [{'product_id': 'b2926dc2-cc6d-4c3e-ae40-7a127c173b16', 'qty': 2}], 'promo_codes': [], 'only_final_price': True}, response_status: 200, trace_id=7aaed5f0-456a-40bb-bdc4-fbe23f570ccf
2026-08-18 21:12:01,190 - INFO - Request for orchestrate_order started, order_id=11d1e98c-3c0b-49bc-a4b1-477483327285, trace_id=7aaed5f0-456a-40bb-bdc4-fbe23f570ccf
2026-08-18 21:12:01,205 - INFO - Inventory Reservation Service Called, req: {'order_id': '11d1e98c-3c0b-49bc-a4b1-477483327285', 'items': [{'sku': 'b2926dc2-cc6d-4c3e-ae40-7a127c173b16', 'qty': 2}], 'atomic_update': True, 'delay': 0.0, 'drop': 0}, response_status: 200, response: {'order_id': '11d1e98c-3c0b-49bc-a4b1-477483327285', 'status': 'OUT_OF_STOCK', 'reason': 'Out of stock: b2926dc2-cc6d-4c3e-ae40-7a127c173b16', 'total_input_tokens': 0, 'total_output_tokens': 0, 'total_llm_calls': 0} trace_id=7aaed5f0-456a-40bb-bdc4-fbe23f570ccf
2026-08-18 21:12:01,207 - INFO - Request for orchestrate_order completed, final_status:OUT_OF_STOCK,  trace_id=7aaed5f0-456a-40bb-bdc4-fbe23f570ccf
2026-08-18 21:12:01,211 - INFO - Pricing Service Called, req: {'items': [{'product_id': 'b2926dc2-cc6d-4c3e-ae40-7a127c173b16', 'qty': 2}], 'promo_codes': [], 'only_final_price': True}, response_status: 200, trace_id=7b4409ce-0d26-4687-958a-3f78cce2b9f2
2026-08-18 21:12:01,211 - INFO - Request for orchestrate_order started, order_id=882d5e48-c01d-497f-8418-1e71030573cd, trace_id=7b4409ce-0d26-4687-958a-3f78cce2b9f2
2026-08-18 21:12:01,227 - INFO - Inventory Reservation Service Called, req: {'order_id': '882d5e48-c01d-497f-8418-1e71030573cd', 'items': [{'sku': 'b2926dc2-cc6d-4c3e-ae40-7a127c173b16', 'qty': 2}], 'atomic_update': True, 'delay': 0.0, 'drop': 0}, response_status: 200, response: {'order_id': '882d5e48-c01d-497f-8418-1e71030573cd', 'status': 'OUT_OF_STOCK', 'reason': 'Out of stock: b2926dc2-cc6d-4c3e-ae40-7a127c173b16', 'total_input_tokens': 0, 'total_output_tokens': 0, 'total_llm_calls': 0} trace_id=7b4409ce-0d26-4687-958a-3f78cce2b9f2
2026-08-18 21:12:01,230 - INFO - Request for orchestrate_order completed, final_status:OUT_OF_STOCK,  trace_id=7b4409ce-0d26-4687-958a-3f78cce2b9f2
2026-08-18 21:12:01,233 - INFO - Pricing Service Called, req: {'items': [{'product_id': 'b2926dc2-cc6d-4c3e-ae40-7a127c173b16', 'qty': 2}], 'promo_codes': [], 'only_final_price': True}, response_status: 200, trace_id=41bc49af-ccf9-4af2-a4ee-d13c40609400
2026-08-18 21:12:01,234 - INFO - Request for orchestrate_order started, order_id=ff427971-bf3d-46d1-b3c0-573d9ef65982, trace_id=41bc49af-ccf9-4af2-a4ee-d13c40609400
2026-08-18 21:12:01,250 - INFO - Inventory Reservation Service Called, req: {'order_id': 'ff427971-bf3d-46d1-b3c0-573d9ef65982', 'items': [{'sku': 'b2926dc2-cc6d-4c3e-ae40-7a127c173b16', 'qty': 2}], 'atomic_update': True, 'delay': 0.0, 'drop': 0}, response_status: 200, response: {'order_id': 'ff427971-bf3d-46d1-b3c0-573d9ef65982', 'status': 'OUT_OF_STOCK', 'reason': 'Out of stock: b2926dc2-cc6d-4c3e-ae40-7a127c173b16', 'total_input_tokens': 0, 'total_output_tokens': 0, 'total_llm_calls': 0} trace_id=41bc49af-ccf9-4af2-a4ee-d13c40609400
2026-08-18 21:12:01,253 - INFO - Request for orchestrate_order completed, final_status:OUT_OF_STOCK,  trace_id=41bc49af-ccf9-4af2-a4ee-d13c40609400
2026-08-18 21:12:01,257 - INFO - Pricing Service Called, req: {'items': [{'product_id': 'b2926dc2-cc6d-4c3e-ae40-7a127c173b16', 'qty': 2}], 'promo_codes': [], 'only_final_price': True}, response_status: 200, trace_id=99b20550-8358-465e-a372-123b3bcac2fc
2026-08-18 21:12:01,257 - INFO - Request for orchestrate_order started, order_id=498b7318-1fd1-45a7-ae3b-9cbe986d798a, trace_id=99b20550-8358-465e-a372-123b3bcac2fc
2026-08-18 21:12:01,273 - INFO - Inventory Reservation Service Called, req: {'order_id': '498b7318-1fd1-45a7-ae3b-9cbe986d798a', 'items': [{'sku': 'b2926dc2-cc6d-4c3e-ae40-7a127c173b16', 'qty': 2}], 'atomic_update': True, 'delay': 0.0, 'drop': 0}, response_status: 200, response: {'order_id': '498b7318-1fd1-45a7-ae3b-9cbe986d798a', 'status': 'OUT_OF_STOCK', 'reason': 'Out of stock: b2926dc2-cc6d-4c3e-ae40-7a127c173b16', 'total_input_tokens': 0, 'total_output_tokens': 0, 'total_llm_calls': 0} trace_id=99b20550-8358-465e-a372-123b3bcac2fc
2026-08-18 21:12:01,276 - INFO - Request for orchestrate_order completed, final_status:OUT_OF_STOCK,  trace_id=99b20550-8358-465e-a372-123b3bcac2fc
2026-08-18 21:12:01,280 - INFO - Pricing Service Called, req: {'items': [{'product_id': 'b2926dc2-cc6d-4c3e-ae40-7a127c173b16', 'qty': 2}], 'promo_codes': [], 'only_final_price': True}, response_status: 200, trace_id=69685162-1ccf-4b6a-94c7-dea32329eed3
2026-08-18 21:12:01,280 - INFO - Request for orchestrate_order started, order_id=39b37346-51b1-4f73-88ed-ba376aca189f, trace_id=69685162-1ccf-4b6a-94c7-dea32329eed3
2026-08-18 21:12:01,296 - INFO - Inventory Reservation Service Called, req: {'order_id': '39b37346-51b1-4f73-88ed-ba376aca189f', 'items': [{'sku': 'b2926dc2-cc6d-4c3e-ae40-7a127c173b16', 'qty': 2}], 'atomic_update': True, 'delay': 0.0, 'drop': 0}, response_status: 200, response: {'order_id': '39b37346-51b1-4f73-88ed-ba376aca189f', 'status': 'OUT_OF_STOCK', 'reason': 'Out of stock: b2926dc2-cc6d-4c3e-ae40-7a127c173b16', 'total_input_tokens': 0, 'total_output_tokens': 0, 'total_llm_calls': 0} trace_id=69685162-1ccf-4b6a-94c7-dea32329eed3
2026-08-18 21:12:01,299 - INFO - Request for orchestrate_order completed, final_status:OUT_OF_STOCK,  trace_id=69685162-1ccf-4b6a-94c7-dea32329eed3
2026-08-18 21:12:01,305 - INFO - Request for checkout_cart, cart_id=b1eb1344-f3ca-407d-bc4f-8827f435930a, user_id=None, trace_id=5f4656ce-fbc7-4103-936f-26587aaf0737
2026-08-18 21:12:01,321 - INFO - Cart Service Called, request_cart_id: b1eb1344-f3ca-407d-bc4f-8827f435930a, response_status: 200, trace_id=5f4656ce-fbc7-4103-936f-26587aaf0737
2026-08-18 21:12:01,358 - INFO - HTTP Request: POST http://127.0.0.1:8002/price "HTTP/1.1 200 OK"
2026-08-18 21:12:01,364 - INFO - Pricing Service Called, req: {'items': [{'product_id': 'b2926dc2-cc6d-4c3e-ae40-7a127c173b16', 'qty': 2}], 'promo_codes': [], 'only_final_price': True}, response_status: 200, trace_id=5f4656ce-fbc7-4103-936f-26587aaf0737
2026-08-18 21:12:01,365 - INFO - Request for orchestrate_order started, order_id=c343e035-19b3-49a4-ab48-9844fdf1bd3f, trace_id=5f4656ce-fbc7-4103-936f-26587aaf0737
2026-08-18 21:12:01,381 - INFO - Inventory Reservation Service Called, req: {'order_id': 'c343e035-19b3-49a4-ab48-9844fdf1bd3f', 'items': [{'sku': 'b2926dc2-cc6d-4c3e-ae40-7a127c173b16', 'qty': 2}], 'atomic_update': True, 'delay': 0.0, 'drop': 0}, response_status: 200, response: {'order_id': 'c343e035-19b3-49a4-ab48-9844fdf1bd3f', 'status': 'OUT_OF_STOCK', 'reason': 'Out of stock: b2926dc2-cc6d-4c3e-ae40-7a127c173b16', 'total_input_tokens': 0, 'total_output_tokens': 0, 'total_llm_calls': 0} trace_id=5f4656ce-fbc7-4103-936f-26587aaf0737
2026-08-18 21:12:01,384 - INFO - Request for orchestrate_order completed, final_status:OUT_OF_STOCK,  trace_id=5f4656ce-fbc7-4103-936f-26587aaf0737
2026-08-18 21:12:01,388 - INFO - HTTP Request: POST http://127.0.0.1:8002/price "HTTP/1.1 200 OK"
2026-08-18 21:12:01,391 - INFO - Pricing Service Called, req: {'items': [{'product_id': 'b2926dc2-cc6d-4c3e-ae40-7a127c173b16', 'qty': 2}], 'promo_codes': [], 'only_final_price': True}, response_status: 200, trace_id=c7650b3c-fbcf-424b-af65-f08a6d7aa322
2026-08-18 21:12:01,392 - INFO - Request for orchestrate_order started, order_id=262c82b8-2965-40a1-8b89-4ef4137885c6, trace_id=c7650b3c-fbcf-424b-af65-f08a6d7aa322
2026-08-18 21:12:01,402 - INFO - Inventory Reservation Service Called, req: {'order_id': '262c82b8-2965-40a1-8b89-4ef4137885c6', 'items': [{'sku': 'b2926dc2-cc6d-4c3e-ae40-7a127c173b16', 'qty': 2}], 'atomic_update': True, 'delay': 0.0, 'drop': 0}, response_status: 200, response: {'order_id': '262c82b8-2965-40a1-8b89-4ef4137885c6', 'status': 'OUT_OF_STOCK', 'reason': 'Out of stock: b2926dc2-cc6d-4c3e-ae40-7a127c173b16', 'total_input_tokens': 0, 'total_output_tokens': 0, 'total_llm_calls': 0} trace_id=c7650b3c-fbcf-424b-af65-f08a6d7aa322
2026-08-18 21:12:01,406 - INFO - Request for orchestrate_order completed, final_status:OUT_OF_STOCK,  trace_id=c7650b3c-fbcf-424b-af65-f08a6d7aa322
2026-08-18 21:12:01,447 - INFO - Request for checkout_cart, cart_id=c2af410b-aeb3-462b-8ee1-572320f19d8d, user_id=None, trace_id=f268333f-888a-4027-a036-f371deea456a
2026-08-18 21:12:01,458 - INFO - Cart Service Called, request_cart_id: c2af410b-aeb3-462b-8ee1-572320f19d8d, response_status: 200, trace_id=f268333f-888a-4027-a036-f371deea456a
2026-08-18 21:12:01,469 - INFO - HTTP Request: POST http://127.0.0.1:8002/price "HTTP/1.1 200 OK"
2026-08-18 21:12:01,471 - INFO - Pricing Service Called, req: {'items': [{'product_id': 'b2926dc2-cc6d-4c3e-ae40-7a127c173b16', 'qty': 2}], 'promo_codes': [], 'only_final_price': True}, response_status: 200, trace_id=f268333f-888a-4027-a036-f371deea456a
2026-08-18 21:12:01,471 - INFO - Request for orchestrate_order started, order_id=526303d9-81e6-43c6-a6d8-1a44592e6c45, trace_id=f268333f-888a-4027-a036-f371deea456a
2026-08-18 21:12:01,481 - INFO - Inventory Reservation Service Called, req: {'order_id': '526303d9-81e6-43c6-a6d8-1a44592e6c45', 'items': [{'sku': 'b2926dc2-cc6d-4c3e-ae40-7a127c173b16', 'qty': 2}], 'atomic_update': True, 'delay': 0.0, 'drop': 0}, response_status: 200, response: {'order_id': '526303d9-81e6-43c6-a6d8-1a44592e6c45', 'status': 'OUT_OF_STOCK', 'reason': 'Out of stock: b2926dc2-cc6d-4c3e-ae40-7a127c173b16', 'total_input_tokens': 0, 'total_output_tokens': 0, 'total_llm_calls': 0} trace_id=f268333f-888a-4027-a036-f371deea456a
2026-08-18 21:12:01,485 - INFO - Request for orchestrate_order completed, final_status:OUT_OF_STOCK,  trace_id=f268333f-888a-4027-a036-f371deea456a
2026-08-18 21:12:01,489 - INFO - Request for checkout_cart, cart_id=b7cfd5d0-c72e-4ca1-ad28-874c35c40cbf, user_id=None, trace_id=49df9151-4fbc-41bd-92f1-c4d5d949fc3e
2026-08-18 21:12:01,499 - INFO - Cart Service Called, request_cart_id: b7cfd5d0-c72e-4ca1-ad28-874c35c40cbf, response_status: 200, trace_id=49df9151-4fbc-41bd-92f1-c4d5d949fc3e
2026-08-18 21:12:01,505 - INFO - Request for checkout_cart, cart_id=1fffdc83-cdc2-4123-a445-255027b1cf29, user_id=None, trace_id=2de1760e-7095-47db-bdf3-f2d3d71c984e
2026-08-18 21:12:01,518 - INFO - Cart Service Called, request_cart_id: 1fffdc83-cdc2-4123-a445-255027b1cf29, response_status: 200, trace_id=2de1760e-7095-47db-bdf3-f2d3d71c984e
2026-08-18 21:12:01,521 - INFO - Request for checkout_cart, cart_id=e9a4b27b-3953-466e-bc33-827aa367d530, user_id=None, trace_id=7aec100b-5652-45eb-80e2-bf58a9aa4eb5
2026-08-18 21:12:01,526 - INFO - Cart Service Called, request_cart_id: e9a4b27b-3953-466e-bc33-827aa367d530, response_status: 200, trace_id=7aec100b-5652-45eb-80e2-bf58a9aa4eb5
2026-08-18 21:12:01,528 - INFO - Request for checkout_cart, cart_id=d672bd88-abd8-4238-8ee1-b3b3384597e0, user_id=None, trace_id=52b96fe8-f19d-4901-9ae3-6bfaefe3da20
2026-08-18 21:12:01,532 - INFO - Cart Service Called, request_cart_id: d672bd88-abd8-4238-8ee1-b3b3384597e0, response_status: 200, trace_id=52b96fe8-f19d-4901-9ae3-6bfaefe3da20
2026-08-18 21:12:01,535 - INFO - Request for checkout_cart, cart_id=33aed87a-2d15-4280-8d2e-858f9018fa3b, user_id=None, trace_id=364d4f20-ee98-4336-957c-365e1aa76a92
2026-08-18 21:12:01,540 - INFO - Cart Service Called, request_cart_id: 33aed87a-2d15-4280-8d2e-858f9018fa3b, response_status: 200, trace_id=364d4f20-ee98-4336-957c-365e1aa76a92
2026-08-18 21:12:01,542 - INFO - Request for checkout_cart, cart_id=278ce67e-58ed-4feb-99bf-ad2e299a55ad, user_id=None, trace_id=dfcfbd44-40b2-4fa1-9bc9-59c4939cd63c
2026-08-18 21:12:01,545 - INFO - Cart Service Called, request_cart_id: 278ce67e-58ed-4feb-99bf-ad2e299a55ad, response_status: 200, trace_id=dfcfbd44-40b2-4fa1-9bc9-59c4939cd63c
2026-08-18 21:12:01,548 - INFO - HTTP Request: POST http://127.0.0.1:8002/price "HTTP/1.1 200 OK"
2026-08-18 21:12:01,549 - INFO - Pricing Service Called, req: {'items': [{'product_id': 'b2926dc2-cc6d-4c3e-ae40-7a127c173b16', 'qty': 2}], 'promo_codes': [], 'only_final_price': True}, response_status: 200, trace_id=49df9151-4fbc-41bd-92f1-c4d5d949fc3e
2026-08-18 21:12:01,549 - INFO - Request for orchestrate_order started, order_id=d769fc72-e8e4-467e-9872-ab8898fdc147, trace_id=49df9151-4fbc-41bd-92f1-c4d5d949fc3e
2026-08-18 21:12:01,554 - INFO - Inventory Reservation Service Called, req: {'order_id': 'd769fc72-e8e4-467e-9872-ab8898fdc147', 'items': [{'sku': 'b2926dc2-cc6d-4c3e-ae40-7a127c173b16', 'qty': 2}], 'atomic_update': True, 'delay': 0.0, 'drop': 0}, response_status: 200, response: {'order_id': 'd769fc72-e8e4-467e-9872-ab8898fdc147', 'status': 'OUT_OF_STOCK', 'reason': 'Out of stock: b2926dc2-cc6d-4c3e-ae40-7a127c173b16', 'total_input_tokens': 0, 'total_output_tokens': 0, 'total_llm_calls': 0} trace_id=49df9151-4fbc-41bd-92f1-c4d5d949fc3e
2026-08-18 21:12:01,555 - INFO - Request for orchestrate_order completed, final_status:OUT_OF_STOCK,  trace_id=49df9151-4fbc-41bd-92f1-c4d5d949fc3e
2026-08-18 21:12:01,557 - INFO - HTTP Request: POST http://127.0.0.1:8002/price "HTTP/1.1 200 OK"
2026-08-18 21:12:01,559 - INFO - Pricing Service Called, req: {'items': [{'product_id': 'b2926dc2-cc6d-4c3e-ae40-7a127c173b16', 'qty': 2}], 'promo_codes': [], 'only_final_price': True}, response_status: 200, trace_id=7aec100b-5652-45eb-80e2-bf58a9aa4eb5
2026-08-18 21:12:01,560 - INFO - Request for orchestrate_order started, order_id=be084383-afc1-491c-b6dd-f2ee0e7e8ba4, trace_id=7aec100b-5652-45eb-80e2-bf58a9aa4eb5
2026-08-18 21:12:01,565 - INFO - Inventory Reservation Service Called, req: {'order_id': 'be084383-afc1-491c-b6dd-f2ee0e7e8ba4', 'items': [{'sku': 'b2926dc2-cc6d-4c3e-ae40-7a127c173b16', 'qty': 2}], 'atomic_update': True, 'delay': 0.0, 'drop': 0}, response_status: 200, response: {'order_id': 'be084383-afc1-491c-b6dd-f2ee0e7e8ba4', 'status': 'OUT_OF_STOCK', 'reason': 'Out of stock: b2926dc2-cc6d-4c3e-ae40-7a127c173b16', 'total_input_tokens': 0, 'total_output_tokens': 0, 'total_llm_calls': 0} trace_id=7aec100b-5652-45eb-80e2-bf58a9aa4eb5
2026-08-18 21:12:01,566 - INFO - Request for orchestrate_order completed, final_status:OUT_OF_STOCK,  trace_id=7aec100b-5652-45eb-80e2-bf58a9aa4eb5
2026-08-18 21:12:01,568 - INFO - HTTP Request: POST http://127.0.0.1:8002/price "HTTP/1.1 200 OK"
2026-08-18 21:12:01,569 - INFO - Pricing Service Called, req: {'items': [{'product_id': 'b2926dc2-cc6d-4c3e-ae40-7a127c173b16', 'qty': 2}], 'promo_codes': [], 'only_final_price': True}, response_status: 200, trace_id=364d4f20-ee98-4336-957c-365e1aa76a92
2026-08-18 21:12:01,570 - INFO - Request for orchestrate_order started, order_id=3e51d9f9-14d4-4080-b7ec-4681d596589a, trace_id=364d4f20-ee98-4336-957c-365e1aa76a92
2026-08-18 21:12:01,577 - INFO - Inventory Reservation Service Called, req: {'order_id': '3e51d9f9-14d4-4080-b7ec-4681d596589a', 'items': [{'sku': 'b2926dc2-cc6d-4c3e-ae40-7a127c173b16', 'qty': 2}], 'atomic_update': True, 'delay': 0.0, 'drop': 0}, response_status: 200, response: {'order_id': '3e51d9f9-14d4-4080-b7ec-4681d596589a', 'status': 'OUT_OF_STOCK', 'reason': 'Out of stock: b2926dc2-cc6d-4c3e-ae40-7a127c173b16', 'total_input_tokens': 0, 'total_output_tokens': 0, 'total_llm_calls': 0} trace_id=364d4f20-ee98-4336-957c-365e1aa76a92
2026-08-18 21:12:01,578 - INFO - Request for orchestrate_order completed, final_status:OUT_OF_STOCK,  trace_id=364d4f20-ee98-4336-957c-365e1aa76a92
2026-08-18 21:12:01,581 - INFO - HTTP Request: POST http://127.0.0.1:8002/price "HTTP/1.1 200 OK"
2026-08-18 21:12:01,582 - INFO - Pricing Service Called, req: {'items': [{'product_id': 'b2926dc2-cc6d-4c3e-ae40-7a127c173b16', 'qty': 2}], 'promo_codes': [], 'only_final_price': True}, response_status: 200, trace_id=dfcfbd44-40b2-4fa1-9bc9-59c4939cd63c
2026-08-18 21:12:01,582 - INFO - Request for orchestrate_order started, order_id=97a82f7e-8e91-463f-8343-8da0a512aa83, trace_id=dfcfbd44-40b2-4fa1-9bc9-59c4939cd63c
2026-08-18 21:12:01,592 - INFO - Inventory Reservation Service Called, req: {'order_id': '97a82f7e-8e91-463f-8343-8da0a512aa83', 'items': [{'sku': 'b2926dc2-cc6d-4c3e-ae40-7a127c173b16', 'qty': 2}], 'atomic_update': True, 'delay': 0.0, 'drop': 0}, response_status: 200, response: {'order_id': '97a82f7e-8e91-463f-8343-8da0a512aa83', 'status': 'OUT_OF_STOCK', 'reason': 'Out of stock: b2926dc2-cc6d-4c3e-ae40-7a127c173b16', 'total_input_tokens': 0, 'total_output_tokens': 0, 'total_llm_calls': 0} trace_id=dfcfbd44-40b2-4fa1-9bc9-59c4939cd63c
2026-08-18 21:12:01,593 - INFO - Request for orchestrate_order completed, final_status:OUT_OF_STOCK,  trace_id=dfcfbd44-40b2-4fa1-9bc9-59c4939cd63c
2026-08-18 21:12:01,595 - INFO - HTTP Request: POST http://127.0.0.1:8002/price "HTTP/1.1 200 OK"
2026-08-18 21:12:01,596 - INFO - Pricing Service Called, req: {'items': [{'product_id': 'b2926dc2-cc6d-4c3e-ae40-7a127c173b16', 'qty': 2}], 'promo_codes': [], 'only_final_price': True}, response_status: 200, trace_id=52b96fe8-f19d-4901-9ae3-6bfaefe3da20
2026-08-18 21:12:01,597 - INFO - Request for orchestrate_order started, order_id=346365cc-354f-44fe-bbf9-82ff273404eb, trace_id=52b96fe8-f19d-4901-9ae3-6bfaefe3da20
2026-08-18 21:12:01,606 - INFO - Inventory Reservation Service Called, req: {'order_id': '346365cc-354f-44fe-bbf9-82ff273404eb', 'items': [{'sku': 'b2926dc2-cc6d-4c3e-ae40-7a127c173b16', 'qty': 2}], 'atomic_update': True, 'delay': 0.0, 'drop': 0}, response_status: 200, response: {'order_id': '346365cc-354f-44fe-bbf9-82ff273404eb', 'status': 'OUT_OF_STOCK', 'reason': 'Out of stock: b2926dc2-cc6d-4c3e-ae40-7a127c173b16', 'total_input_tokens': 0, 'total_output_tokens': 0, 'total_llm_calls': 0} trace_id=52b96fe8-f19d-4901-9ae3-6bfaefe3da20
2026-08-18 21:12:01,608 - INFO - Request for orchestrate_order completed, final_status:OUT_OF_STOCK,  trace_id=52b96fe8-f19d-4901-9ae3-6bfaefe3da20
2026-08-18 21:12:01,609 - INFO - HTTP Request: POST http://127.0.0.1:8002/price "HTTP/1.1 200 OK"
2026-08-18 21:12:01,610 - INFO - Pricing Service Called, req: {'items': [{'product_id': 'b2926dc2-cc6d-4c3e-ae40-7a127c173b16', 'qty': 2}], 'promo_codes': [], 'only_final_price': True}, response_status: 200, trace_id=2de1760e-7095-47db-bdf3-f2d3d71c984e
2026-08-18 21:12:01,611 - INFO - Request for orchestrate_order started, order_id=0fdd0c3c-8bf6-480f-bb78-d73c0620ef1a, trace_id=2de1760e-7095-47db-bdf3-f2d3d71c984e
2026-08-18 21:12:01,618 - INFO - Inventory Reservation Service Called, req: {'order_id': '0fdd0c3c-8bf6-480f-bb78-d73c0620ef1a', 'items': [{'sku': 'b2926dc2-cc6d-4c3e-ae40-7a127c173b16', 'qty': 2}], 'atomic_update': True, 'delay': 0.0, 'drop': 0}, response_status: 200, response: {'order_id': '0fdd0c3c-8bf6-480f-bb78-d73c0620ef1a', 'status': 'OUT_OF_STOCK', 'reason': 'Out of stock: b2926dc2-cc6d-4c3e-ae40-7a127c173b16', 'total_input_tokens': 0, 'total_output_tokens': 0, 'total_llm_calls': 0} trace_id=2de1760e-7095-47db-bdf3-f2d3d71c984e
2026-08-18 21:12:01,619 - INFO - Request for orchestrate_order completed, final_status:OUT_OF_STOCK,  trace_id=2de1760e-7095-47db-bdf3-f2d3d71c984e
2026-08-18 21:13:18,739 - INFO - Request for checkout_cart, cart_id=c51ffd21-9645-41f4-a422-1f1b6d8e2dd1, user_id=None, trace_id=4f74b14e-8b6f-48f4-bf77-d5ac2fa07424
2026-08-18 21:13:18,746 - INFO - Cart Service Called, request_cart_id: c51ffd21-9645-41f4-a422-1f1b6d8e2dd1, response_status: 200, trace_id=4f74b14e-8b6f-48f4-bf77-d5ac2fa07424
2026-08-18 21:13:18,751 - INFO - Request for checkout_cart, cart_id=34adf015-27f7-4227-8582-41a2c51a8f00, user_id=None, trace_id=3070cd3e-4532-4ba4-9a71-9224eaa939bb
2026-08-18 21:13:18,760 - INFO - Cart Service Called, request_cart_id: 34adf015-27f7-4227-8582-41a2c51a8f00, response_status: 200, trace_id=3070cd3e-4532-4ba4-9a71-9224eaa939bb
2026-08-18 21:13:18,766 - INFO - HTTP Request: POST http://127.0.0.1:8002/price "HTTP/1.1 200 OK"
2026-08-18 21:13:18,767 - INFO - Pricing Service Called, req: {'items': [{'product_id': 'b2926dc2-cc6d-4c3e-ae40-7a127c173b16', 'qty': 2}], 'promo_codes': [], 'only_final_price': True}, response_status: 200, trace_id=4f74b14e-8b6f-48f4-bf77-d5ac2fa07424
2026-08-18 21:13:18,767 - INFO - Request for orchestrate_order started, order_id=c7aff5ce-9ea6-469e-892f-ee966204ba66, trace_id=4f74b14e-8b6f-48f4-bf77-d5ac2fa07424
2026-08-18 21:13:18,786 - INFO - Inventory Reservation Service Called, req: {'order_id': 'c7aff5ce-9ea6-469e-892f-ee966204ba66', 'items': [{'sku': 'b2926dc2-cc6d-4c3e-ae40-7a127c173b16', 'qty': 2}], 'atomic_update': True, 'delay': 0.0, 'drop': 0}, response_status: 200, response: {'order_id': 'c7aff5ce-9ea6-469e-892f-ee966204ba66', 'status': 'RESERVED', 'items': [{'sku': 'b2926dc2-cc6d-4c3e-ae40-7a127c173b16', 'remaining': 8}], 'total_input_tokens': 0, 'total_output_tokens': 0, 'total_llm_calls': 0} trace_id=4f74b14e-8b6f-48f4-bf77-d5ac2fa07424
2026-08-18 21:13:19,100 - INFO - Payment Service Called, req: {'order_id': 'c7aff5ce-9ea6-469e-892f-ee966204ba66', 'final_price': 300.0}, response_status: 200, response: {'order_id': 'c7aff5ce-9ea6-469e-892f-ee966204ba66', 'status': 'SUCCESS', 'total_input_tokens': 0, 'total_output_tokens': 0, 'total_llm_calls': 0} trace_id=4f74b14e-8b6f-48f4-bf77-d5ac2fa07424
2026-08-18 21:13:19,313 - INFO - Shipment Service Called, req: {'order_id': 'c7aff5ce-9ea6-469e-892f-ee966204ba66', 'address': 'SAMPLE_ADDRESS'}, response_status: 200, response: {'shipment_id': '344473f4-9fed-424d-a90a-ccdc36170867', 'tracking_id': '9851e73b-f5c1-4c3d-8be9-528439ae18fb', 'total_input_tokens': 0, 'total_output_tokens': 0, 'total_llm_calls': 0} trace_id=4f74b14e-8b6f-48f4-bf77-d5ac2fa07424
2026-08-18 21:13:19,315 - INFO - Request for orchestrate_order completed, final_status:COMPLETED,  trace_id=4f74b14e-8b6f-48f4-bf77-d5ac2fa07424
2026-08-18 21:13:19,318 - INFO - HTTP Request: POST http://127.0.0.1:8002/price "HTTP/1.1 200 OK"
2026-08-18 21:13:19,320 - INFO - Pricing Service Called, req: {'items': [{'product_id': 'b2926dc2-cc6d-4c3e-ae40-7a127c173b16', 'qty': 2}], 'promo_codes': [], 'only_final_price': True}, response_status: 200, trace_id=3070cd3e-4532-4ba4-9a71-9224eaa939bb
2026-08-18 21:13:19,321 - INFO - Request for orchestrate_order started, order_id=d806318c-b7d4-4383-bff5-e0aa16f79b5a, trace_id=3070cd3e-4532-4ba4-9a71-9224eaa939bb
2026-08-18 21:13:19,355 - INFO - Inventory Reservation Service Called, req: {'order_id': 'd806318c-b7d4-4383-bff5-e0aa16f79b5a', 'items': [{'sku': 'b2926dc2-cc6d-4c3e-ae40-7a127c173b16', 'qty': 2}], 'atomic_update': True, 'delay': 0.0, 'drop': 0}, response_status: 200, response: {'order_id': 'd806318c-b7d4-4383-bff5-e0aa16f79b5a', 'status': 'RESERVED', 'items': [{'sku': 'b2926dc2-cc6d-4c3e-ae40-7a127c173b16', 'remaining': 6}], 'total_input_tokens': 0, 'total_output_tokens': 0, 'total_llm_calls': 0} trace_id=3070cd3e-4532-4ba4-9a71-9224eaa939bb
2026-08-18 21:13:19,672 - INFO - Payment Service Called, req: {'order_id': 'd806318c-b7d4-4383-bff5-e0aa16f79b5a', 'final_price': 300.0}, response_status: 200, response: {'order_id': 'd806318c-b7d4-4383-bff5-e0aa16f79b5a', 'status': 'SUCCESS', 'total_input_tokens': 0, 'total_output_tokens': 0, 'total_llm_calls': 0} trace_id=3070cd3e-4532-4ba4-9a71-9224eaa939bb
2026-08-18 21:13:19,888 - INFO - Shipment Service Called, req: {'order_id': 'd806318c-b7d4-4383-bff5-e0aa16f79b5a', 'address': 'SAMPLE_ADDRESS'}, response_status: 200, response: {'shipment_id': '79c6aefb-e952-4b4b-8afd-d506455a03fc', 'tracking_id': '79f2d81c-a766-4884-997b-e734b75c1e63', 'total_input_tokens': 0, 'total_output_tokens': 0, 'total_llm_calls': 0} trace_id=3070cd3e-4532-4ba4-9a71-9224eaa939bb
2026-08-18 21:13:19,891 - INFO - Request for orchestrate_order completed, final_status:COMPLETED,  trace_id=3070cd3e-4532-4ba4-9a71-9224eaa939bb
2026-08-18 21:13:19,896 - INFO - Request for checkout_cart, cart_id=80272e11-1562-48af-965c-d59716b3e17f, user_id=None, trace_id=c1181252-cd34-4fb6-acf5-e3b5b2392464
2026-08-18 21:13:19,911 - INFO - Cart Service Called, request_cart_id: 80272e11-1562-48af-965c-d59716b3e17f, response_status: 200, trace_id=c1181252-cd34-4fb6-acf5-e3b5b2392464
2026-08-18 21:13:19,915 - INFO - Request for checkout_cart, cart_id=ad5b0417-4a05-449c-958e-5bda9cdba045, user_id=None, trace_id=8b28e335-ac04-4689-ac69-f56f4fc47947
2026-08-18 21:13:19,933 - INFO - Cart Service Called, request_cart_id: ad5b0417-4a05-449c-958e-5bda9cdba045, response_status: 200, trace_id=8b28e335-ac04-4689-ac69-f56f4fc47947
2026-08-18 21:13:19,942 - INFO - Request for checkout_cart, cart_id=3c027808-7253-4a56-9bb2-2a8472b8adfd, user_id=None, trace_id=2957bb3a-4736-450b-8f17-44c5a0820ea0
2026-08-18 21:13:19,963 - INFO - Cart Service Called, request_cart_id: 3c027808-7253-4a56-9bb2-2a8472b8adfd, response_status: 200, trace_id=2957bb3a-4736-450b-8f17-44c5a0820ea0
2026-08-18 21:13:19,972 - INFO - Request for checkout_cart, cart_id=0f0484d7-041b-4074-af47-e309839e1bc9, user_id=None, trace_id=29810429-0dc6-4d6c-ac1b-e668a6b3d6e2
2026-08-18 21:13:19,991 - INFO - Cart Service Called, request_cart_id: 0f0484d7-041b-4074-af47-e309839e1bc9, response_status: 200, trace_id=29810429-0dc6-4d6c-ac1b-e668a6b3d6e2
2026-08-18 21:13:20,007 - INFO - Request for checkout_cart, cart_id=387bc497-c09b-4c2f-9526-6496570a2ac2, user_id=None, trace_id=3073aa23-145b-496f-9c47-a9d24467303f
2026-08-18 21:13:20,025 - INFO - Cart Service Called, request_cart_id: 387bc497-c09b-4c2f-9526-6496570a2ac2, response_status: 200, trace_id=3073aa23-145b-496f-9c47-a9d24467303f
2026-08-18 21:13:20,029 - INFO - Request for checkout_cart, cart_id=a6096c82-f9ef-442a-a4e9-9fbc8be2d5a9, user_id=None, trace_id=f6ab6ecb-0e6c-4c18-b905-15ce1da6ca2a
2026-08-18 21:13:20,035 - INFO - Cart Service Called, request_cart_id: a6096c82-f9ef-442a-a4e9-9fbc8be2d5a9, response_status: 200, trace_id=f6ab6ecb-0e6c-4c18-b905-15ce1da6ca2a
2026-08-18 21:13:20,037 - INFO - HTTP Request: POST http://127.0.0.1:8002/price "HTTP/1.1 200 OK"
2026-08-18 21:13:20,038 - INFO - Request for checkout_cart, cart_id=70117bce-0792-4915-b06c-6e0252420861, user_id=None, trace_id=cd9af4a1-028b-449a-a0b4-65512f38c2bc
2026-08-18 21:13:20,045 - INFO - Cart Service Called, request_cart_id: 70117bce-0792-4915-b06c-6e0252420861, response_status: 200, trace_id=cd9af4a1-028b-449a-a0b4-65512f38c2bc
2026-08-18 21:13:20,047 - INFO - Pricing Service Called, req: {'items': [{'product_id': 'b2926dc2-cc6d-4c3e-ae40-7a127c173b16', 'qty': 2}], 'promo_codes': [], 'only_final_price': True}, response_status: 200, trace_id=c1181252-cd34-4fb6-acf5-e3b5b2392464
2026-08-18 21:13:20,047 - INFO - Request for orchestrate_order started, order_id=08bcde86-6216-453f-8e9d-27b029ad4b9f, trace_id=c1181252-cd34-4fb6-acf5-e3b5b2392464
2026-08-18 21:13:20,053 - INFO - Inventory Reservation Service Called, req: {'order_id': '08bcde86-6216-453f-8e9d-27b029ad4b9f', 'items': [{'sku': 'b2926dc2-cc6d-4c3e-ae40-7a127c173b16', 'qty': 2}], 'atomic_update': True, 'delay': 0.0, 'drop': 0}, response_status: 200, response: {'order_id': '08bcde86-6216-453f-8e9d-27b029ad4b9f', 'status': 'RESERVED', 'items': [{'sku': 'b2926dc2-cc6d-4c3e-ae40-7a127c173b16', 'remaining': 4}], 'total_input_tokens': 0, 'total_output_tokens': 0, 'total_llm_calls': 0} trace_id=c1181252-cd34-4fb6-acf5-e3b5b2392464
2026-08-18 21:13:20,365 - INFO - Payment Service Called, req: {'order_id': '08bcde86-6216-453f-8e9d-27b029ad4b9f', 'final_price': 300.0}, response_status: 200, response: {'order_id': '08bcde86-6216-453f-8e9d-27b029ad4b9f', 'status': 'SUCCESS', 'total_input_tokens': 0, 'total_output_tokens': 0, 'total_llm_calls': 0} trace_id=c1181252-cd34-4fb6-acf5-e3b5b2392464
2026-08-18 21:13:20,587 - INFO - Shipment Service Called, req: {'order_id': '08bcde86-6216-453f-8e9d-27b029ad4b9f', 'address': 'SAMPLE_ADDRESS'}, response_status: 200, response: {'shipment_id': '99b0f498-6846-4ed4-a103-273cd75f832b', 'tracking_id': '3af475f6-7dc4-419f-82f8-938dc1c6087b', 'total_input_tokens': 0, 'total_output_tokens': 0, 'total_llm_calls': 0} trace_id=c1181252-cd34-4fb6-acf5-e3b5b2392464
2026-08-18 21:13:20,588 - INFO - Request for orchestrate_order completed, final_status:COMPLETED,  trace_id=c1181252-cd34-4fb6-acf5-e3b5b2392464
2026-08-18 21:13:20,592 - INFO - Request for checkout_cart, cart_id=54121ff7-8ac5-4e82-b698-d5c5b3ab0090, user_id=None, trace_id=6774997a-acec-4584-8f2a-5bf272d2f78e
2026-08-18 21:13:20,598 - INFO - Cart Service Called, request_cart_id: 54121ff7-8ac5-4e82-b698-d5c5b3ab0090, response_status: 200, trace_id=6774997a-acec-4584-8f2a-5bf272d2f78e
2026-08-18 21:13:20,601 - INFO - HTTP Request: POST http://127.0.0.1:8002/price "HTTP/1.1 200 OK"
2026-08-18 21:13:20,602 - INFO - Request for checkout_cart, cart_id=2bf88785-a7f5-42e7-b587-17d395408291, user_id=None, trace_id=c4d036fc-6de9-436b-b376-da0b246dd06c
2026-08-18 21:13:20,607 - INFO - Cart Service Called, request_cart_id: 2bf88785-a7f5-42e7-b587-17d395408291, response_status: 200, trace_id=c4d036fc-6de9-436b-b376-da0b246dd06c
2026-08-18 21:13:20,611 - INFO - Pricing Service Called, req: {'items': [{'product_id': 'b2926dc2-cc6d-4c3e-ae40-7a127c173b16', 'qty': 2}], 'promo_codes': [], 'only_final_price': True}, response_status: 200, trace_id=2957bb3a-4736-450b-8f17-44c5a0820ea0
2026-08-18 21:13:20,612 - INFO - Request for orchestrate_order started, order_id=bdcf9bb1-8a1c-417b-8041-8d715b8d2b74, trace_id=2957bb3a-4736-450b-8f17-44c5a0820ea0
2026-08-18 21:13:20,621 - INFO - Inventory Reservation Service Called, req: {'order_id': 'bdcf9bb1-8a1c-417b-8041-8d715b8d2b74', 'items': [{'sku': 'b2926dc2-cc6d-4c3e-ae40-7a127c173b16', 'qty': 2}], 'atomic_update': True, 'delay': 0.0, 'drop': 0}, response_status: 200, response: {'order_id': 'bdcf9bb1-8a1c-417b-8041-8d715b8d2b74', 'status': 'RESERVED', 'items': [{'sku': 'b2926dc2-cc6d-4c3e-ae40-7a127c173b16', 'remaining': 2}], 'total_input_tokens': 0, 'total_output_tokens': 0, 'total_llm_calls': 0} trace_id=2957bb3a-4736-450b-8f17-44c5a0820ea0
2026-08-18 21:13:20,932 - INFO - Payment Service Called, req: {'order_id': 'bdcf9bb1-8a1c-417b-8041-8d715b8d2b74', 'final_price': 300.0}, response_status: 200, response: {'order_id': 'bdcf9bb1-8a1c-417b-8041-8d715b8d2b74', 'status': 'SUCCESS', 'total_input_tokens': 0, 'total_output_tokens': 0, 'total_llm_calls': 0} trace_id=2957bb3a-4736-450b-8f17-44c5a0820ea0
2026-08-18 21:13:21,151 - INFO - Shipment Service Called, req: {'order_id': 'bdcf9bb1-8a1c-417b-8041-8d715b8d2b74', 'address': 'SAMPLE_ADDRESS'}, response_status: 200, response: {'shipment_id': '9e23c4c9-2fe5-4122-961f-017392deb5f0', 'tracking_id': 'b0ab7188-d966-4000-bfc0-63de175a3edb', 'total_input_tokens': 0, 'total_output_tokens': 0, 'total_llm_calls': 0} trace_id=2957bb3a-4736-450b-8f17-44c5a0820ea0
2026-08-18 21:13:21,154 - INFO - Request for orchestrate_order completed, final_status:COMPLETED,  trace_id=2957bb3a-4736-450b-8f17-44c5a0820ea0
2026-08-18 21:13:21,158 - INFO - Request for checkout_cart, cart_id=bc228e54-4c57-4357-be41-541da13b6564, user_id=None, trace_id=6a7703c7-ee85-4f76-8b4b-1cf5e923245f
2026-08-18 21:13:21,169 - INFO - Cart Service Called, request_cart_id: bc228e54-4c57-4357-be41-541da13b6564, response_status: 200, trace_id=6a7703c7-ee85-4f76-8b4b-1cf5e923245f
2026-08-18 21:13:21,179 - INFO - Request for checkout_cart, cart_id=3897f443-5a3b-445b-b3c8-e29d441f4222, user_id=None, trace_id=94e3f59c-3df5-4884-ba2d-e98f8739bb5f
2026-08-18 21:13:21,195 - INFO - Cart Service Called, request_cart_id: 3897f443-5a3b-445b-b3c8-e29d441f4222, response_status: 200, trace_id=94e3f59c-3df5-4884-ba2d-e98f8739bb5f
2026-08-18 21:13:21,216 - INFO - HTTP Request: POST http://127.0.0.1:8002/price "HTTP/1.1 200 OK"
2026-08-18 21:13:21,221 - INFO - Pricing Service Called, req: {'items': [{'product_id': 'b2926dc2-cc6d-4c3e-ae40-7a127c173b16', 'qty': 2}], 'promo_codes': [], 'only_final_price': True}, response_status: 200, trace_id=6774997a-acec-4584-8f2a-5bf272d2f78e
2026-08-18 21:13:21,222 - INFO - Request for orchestrate_order started, order_id=871612e4-1d12-4ab7-9ed2-b032f9fd698a, trace_id=6774997a-acec-4584-8f2a-5bf272d2f78e
2026-08-18 21:13:21,240 - INFO - Inventory Reservation Service Called, req: {'order_id': '871612e4-1d12-4ab7-9ed2-b032f9fd698a', 'items': [{'sku': 'b2926dc2-cc6d-4c3e-ae40-7a127c173b16', 'qty': 2}], 'atomic_update': True, 'delay': 0.0, 'drop': 0}, response_status: 200, response: {'order_id': '871612e4-1d12-4ab7-9ed2-b032f9fd698a', 'status': 'RESERVED', 'items': [{'sku': 'b2926dc2-cc6d-4c3e-ae40-7a127c173b16', 'remaining': 0}], 'total_input_tokens': 0, 'total_output_tokens': 0, 'total_llm_calls': 0} trace_id=6774997a-acec-4584-8f2a-5bf272d2f78e
2026-08-18 21:13:21,553 - INFO - Payment Service Called, req: {'order_id': '871612e4-1d12-4ab7-9ed2-b032f9fd698a', 'final_price': 300.0}, response_status: 200, response: {'order_id': '871612e4-1d12-4ab7-9ed2-b032f9fd698a', 'status': 'SUCCESS', 'total_input_tokens': 0, 'total_output_tokens': 0, 'total_llm_calls': 0} trace_id=6774997a-acec-4584-8f2a-5bf272d2f78e
2026-08-18 21:13:21,771 - INFO - Shipment Service Called, req: {'order_id': '871612e4-1d12-4ab7-9ed2-b032f9fd698a', 'address': 'SAMPLE_ADDRESS'}, response_status: 200, response: {'shipment_id': 'd404c636-30fc-4881-87a2-7b8c7c11c536', 'tracking_id': 'dbe1729a-754c-4953-8945-d6f69bf4b00e', 'total_input_tokens': 0, 'total_output_tokens': 0, 'total_llm_calls': 0} trace_id=6774997a-acec-4584-8f2a-5bf272d2f78e
2026-08-18 21:13:21,774 - INFO - Request for orchestrate_order completed, final_status:COMPLETED,  trace_id=6774997a-acec-4584-8f2a-5bf272d2f78e
2026-08-18 21:13:21,782 - INFO - HTTP Request: POST http://127.0.0.1:8002/price "HTTP/1.1 200 OK"
2026-08-18 21:13:21,787 - INFO - HTTP Request: POST http://127.0.0.1:8002/price "HTTP/1.1 200 OK"
2026-08-18 21:13:21,795 - INFO - Pricing Service Called, req: {'items': [{'product_id': 'b2926dc2-cc6d-4c3e-ae40-7a127c173b16', 'qty': 2}], 'promo_codes': [], 'only_final_price': True}, response_status: 200, trace_id=3073aa23-145b-496f-9c47-a9d24467303f
2026-08-18 21:13:21,799 - INFO - Request for orchestrate_order started, order_id=84a21d2e-e468-421e-96c3-13f700e41c30, trace_id=3073aa23-145b-496f-9c47-a9d24467303f
2026-08-18 21:13:21,833 - INFO - Inventory Reservation Service Called, req: {'order_id': '84a21d2e-e468-421e-96c3-13f700e41c30', 'items': [{'sku': 'b2926dc2-cc6d-4c3e-ae40-7a127c173b16', 'qty': 2}], 'atomic_update': True, 'delay': 0.0, 'drop': 0}, response_status: 200, response: {'order_id': '84a21d2e-e468-421e-96c3-13f700e41c30', 'status': 'OUT_OF_STOCK', 'reason': 'Out of stock: b2926dc2-cc6d-4c3e-ae40-7a127c173b16', 'total_input_tokens': 0, 'total_output_tokens': 0, 'total_llm_calls': 0} trace_id=3073aa23-145b-496f-9c47-a9d24467303f
2026-08-18 21:13:21,838 - INFO - Request for orchestrate_order completed, final_status:OUT_OF_STOCK,  trace_id=3073aa23-145b-496f-9c47-a9d24467303f
2026-08-18 21:13:21,848 - INFO - Pricing Service Called, req: {'items': [{'product_id': 'b2926dc2-cc6d-4c3e-ae40-7a127c173b16', 'qty': 2}], 'promo_codes': [], 'only_final_price': True}, response_status: 200, trace_id=6a7703c7-ee85-4f76-8b4b-1cf5e923245f
2026-08-18 21:13:21,849 - INFO - Request for orchestrate_order started, order_id=4ebbc204-2f94-4f20-9f45-e0d2d5b40278, trace_id=6a7703c7-ee85-4f76-8b4b-1cf5e923245f
2026-08-18 21:13:21,870 - INFO - Inventory Reservation Service Called, req: {'order_id': '4ebbc204-2f94-4f20-9f45-e0d2d5b40278', 'items': [{'sku': 'b2926dc2-cc6d-4c3e-ae40-7a127c173b16', 'qty': 2}], 'atomic_update': True, 'delay': 0.0, 'drop': 0}, response_status: 200, response: {'order_id': '4ebbc204-2f94-4f20-9f45-e0d2d5b40278', 'status': 'OUT_OF_STOCK', 'reason': 'Out of stock: b2926dc2-cc6d-4c3e-ae40-7a127c173b16', 'total_input_tokens': 0, 'total_output_tokens': 0, 'total_llm_calls': 0} trace_id=6a7703c7-ee85-4f76-8b4b-1cf5e923245f
2026-08-18 21:13:21,873 - INFO - Request for orchestrate_order completed, final_status:OUT_OF_STOCK,  trace_id=6a7703c7-ee85-4f76-8b4b-1cf5e923245f
2026-08-18 21:13:21,877 - INFO - HTTP Request: POST http://127.0.0.1:8002/price "HTTP/1.1 200 OK"
2026-08-18 21:13:21,878 - INFO - Request for checkout_cart, cart_id=8c332edb-dd63-4bd6-bbac-f93686622f1a, user_id=None, trace_id=8e77b8ba-f736-4a49-b7cd-f11ffc3f97b9
2026-08-18 21:13:21,886 - INFO - Cart Service Called, request_cart_id: 8c332edb-dd63-4bd6-bbac-f93686622f1a, response_status: 200, trace_id=8e77b8ba-f736-4a49-b7cd-f11ffc3f97b9
2026-08-18 21:13:21,888 - INFO - Pricing Service Called, req: {'items': [{'product_id': 'b2926dc2-cc6d-4c3e-ae40-7a127c173b16', 'qty': 2}], 'promo_codes': [], 'only_final_price': True}, response_status: 200, trace_id=f6ab6ecb-0e6c-4c18-b905-15ce1da6ca2a
2026-08-18 21:13:21,888 - INFO - Request for orchestrate_order started, order_id=9531593e-9cfc-4afa-b49f-2ae2108ae61a, trace_id=f6ab6ecb-0e6c-4c18-b905-15ce1da6ca2a
2026-08-18 21:13:21,898 - INFO - Inventory Reservation Service Called, req: {'order_id': '9531593e-9cfc-4afa-b49f-2ae2108ae61a', 'items': [{'sku': 'b2926dc2-cc6d-4c3e-ae40-7a127c173b16', 'qty': 2}], 'atomic_update': True, 'delay': 0.0, 'drop': 0}, response_status: 200, response: {'order_id': '9531593e-9cfc-4afa-b49f-2ae2108ae61a', 'status': 'OUT_OF_STOCK', 'reason': 'Out of stock: b2926dc2-cc6d-4c3e-ae40-7a127c173b16', 'total_input_tokens': 0, 'total_output_tokens': 0, 'total_llm_calls': 0} trace_id=f6ab6ecb-0e6c-4c18-b905-15ce1da6ca2a
2026-08-18 21:13:21,899 - INFO - Request for orchestrate_order completed, final_status:OUT_OF_STOCK,  trace_id=f6ab6ecb-0e6c-4c18-b905-15ce1da6ca2a
2026-08-18 21:13:21,901 - INFO - HTTP Request: POST http://127.0.0.1:8002/price "HTTP/1.1 200 OK"
2026-08-18 21:13:21,902 - INFO - HTTP Request: POST http://127.0.0.1:8002/price "HTTP/1.1 200 OK"
2026-08-18 21:13:21,904 - INFO - Pricing Service Called, req: {'items': [{'product_id': 'b2926dc2-cc6d-4c3e-ae40-7a127c173b16', 'qty': 2}], 'promo_codes': [], 'only_final_price': True}, response_status: 200, trace_id=8b28e335-ac04-4689-ac69-f56f4fc47947
2026-08-18 21:13:21,905 - INFO - Request for orchestrate_order started, order_id=334a5181-d7c6-4aef-a98a-dc7d897c6fb0, trace_id=8b28e335-ac04-4689-ac69-f56f4fc47947
2026-08-18 21:13:21,916 - INFO - Inventory Reservation Service Called, req: {'order_id': '334a5181-d7c6-4aef-a98a-dc7d897c6fb0', 'items': [{'sku': 'b2926dc2-cc6d-4c3e-ae40-7a127c173b16', 'qty': 2}], 'atomic_update': True, 'delay': 0.0, 'drop': 0}, response_status: 200, response: {'order_id': '334a5181-d7c6-4aef-a98a-dc7d897c6fb0', 'status': 'OUT_OF_STOCK', 'reason': 'Out of stock: b2926dc2-cc6d-4c3e-ae40-7a127c173b16', 'total_input_tokens': 0, 'total_output_tokens': 0, 'total_llm_calls': 0} trace_id=8b28e335-ac04-4689-ac69-f56f4fc47947
2026-08-18 21:13:21,918 - INFO - Request for orchestrate_order completed, final_status:OUT_OF_STOCK,  trace_id=8b28e335-ac04-4689-ac69-f56f4fc47947
2026-08-18 21:13:21,919 - INFO - Pricing Service Called, req: {'items': [{'product_id': 'b2926dc2-cc6d-4c3e-ae40-7a127c173b16', 'qty': 2}], 'promo_codes': [], 'only_final_price': True}, response_status: 200, trace_id=cd9af4a1-028b-449a-a0b4-65512f38c2bc
2026-08-18 21:13:21,919 - INFO - Request for orchestrate_order started, order_id=91a8da1e-4374-4e4e-90bd-ea3267f07ba7, trace_id=cd9af4a1-028b-449a-a0b4-65512f38c2bc
2026-08-18 21:13:21,931 - INFO - Inventory Reservation Service Called, req: {'order_id': '91a8da1e-4374-4e4e-90bd-ea3267f07ba7', 'items': [{'sku': 'b2926dc2-cc6d-4c3e-ae40-7a127c173b16', 'qty': 2}], 'atomic_update': True, 'delay': 0.0, 'drop': 0}, response_status: 200, response: {'order_id': '91a8da1e-4374-4e4e-90bd-ea3267f07ba7', 'status': 'OUT_OF_STOCK', 'reason': 'Out of stock: b2926dc2-cc6d-4c3e-ae40-7a127c173b16', 'total_input_tokens': 0, 'total_output_tokens': 0, 'total_llm_calls': 0} trace_id=cd9af4a1-028b-449a-a0b4-65512f38c2bc
2026-08-18 21:13:21,932 - INFO - Request for orchestrate_order completed, final_status:OUT_OF_STOCK,  trace_id=cd9af4a1-028b-449a-a0b4-65512f38c2bc
2026-08-18 21:13:21,936 - INFO - Request for checkout_cart, cart_id=fe6622c5-a988-4156-938a-2116c1458ab9, user_id=None, trace_id=ef259f4b-f829-432d-beda-445a22dea344
2026-08-18 21:13:21,943 - INFO - Cart Service Called, request_cart_id: fe6622c5-a988-4156-938a-2116c1458ab9, response_status: 200, trace_id=ef259f4b-f829-432d-beda-445a22dea344
2026-08-18 21:13:21,964 - INFO - Request for checkout_cart, cart_id=a2fc8366-ed0f-491e-99dd-649f056383e8, user_id=None, trace_id=ae0e1f80-3ee5-4adf-8dac-dfa237b94081
2026-08-18 21:13:21,974 - INFO - Cart Service Called, request_cart_id: a2fc8366-ed0f-491e-99dd-649f056383e8, response_status: 200, trace_id=ae0e1f80-3ee5-4adf-8dac-dfa237b94081
2026-08-18 21:13:21,979 - INFO - HTTP Request: POST http://127.0.0.1:8002/price "HTTP/1.1 200 OK"
2026-08-18 21:13:21,981 - INFO - HTTP Request: POST http://127.0.0.1:8002/price "HTTP/1.1 200 OK"
2026-08-18 21:13:21,982 - INFO - Request for checkout_cart, cart_id=7479ca92-783e-412d-9573-43b0fb203559, user_id=None, trace_id=78ff785a-2199-47dd-83ff-9a89cd28c3d4
2026-08-18 21:13:21,988 - INFO - Cart Service Called, request_cart_id: 7479ca92-783e-412d-9573-43b0fb203559, response_status: 200, trace_id=78ff785a-2199-47dd-83ff-9a89cd28c3d4
2026-08-18 21:13:21,991 - INFO - Pricing Service Called, req: {'items': [{'product_id': 'b2926dc2-cc6d-4c3e-ae40-7a127c173b16', 'qty': 2}], 'promo_codes': [], 'only_final_price': True}, response_status: 200, trace_id=94e3f59c-3df5-4884-ba2d-e98f8739bb5f
2026-08-18 21:13:21,992 - INFO - Request for orchestrate_order started, order_id=3c058647-35fc-4caa-9cdb-b967d0f91480, trace_id=94e3f59c-3df5-4884-ba2d-e98f8739bb5f
2026-08-18 21:13:22,000 - INFO - Inventory Reservation Service Called, req: {'order_id': '3c058647-35fc-4caa-9cdb-b967d0f91480', 'items': [{'sku': 'b2926dc2-cc6d-4c3e-ae40-7a127c173b16', 'qty': 2}], 'atomic_update': True, 'delay': 0.0, 'drop': 0}, response_status: 200, response: {'order_id': '3c058647-35fc-4caa-9cdb-b967d0f91480', 'status': 'OUT_OF_STOCK', 'reason': 'Out of stock: b2926dc2-cc6d-4c3e-ae40-7a127c173b16', 'total_input_tokens': 0, 'total_output_tokens': 0, 'total_llm_calls': 0} trace_id=94e3f59c-3df5-4884-ba2d-e98f8739bb5f
2026-08-18 21:13:22,001 - INFO - Request for orchestrate_order completed, final_status:OUT_OF_STOCK,  trace_id=94e3f59c-3df5-4884-ba2d-e98f8739bb5f
2026-08-18 21:13:22,002 - INFO - Pricing Service Called, req: {'items': [{'product_id': 'b2926dc2-cc6d-4c3e-ae40-7a127c173b16', 'qty': 2}], 'promo_codes': [], 'only_final_price': True}, response_status: 200, trace_id=8e77b8ba-f736-4a49-b7cd-f11ffc3f97b9
2026-08-18 21:13:22,004 - INFO - Request for orchestrate_order started, order_id=c3b5e42c-aa3b-415e-bd92-ff8787cd9fc9, trace_id=8e77b8ba-f736-4a49-b7cd-f11ffc3f97b9
2026-08-18 21:13:22,010 - INFO - Inventory Reservation Service Called, req: {'order_id': 'c3b5e42c-aa3b-415e-bd92-ff8787cd9fc9', 'items': [{'sku': 'b2926dc2-cc6d-4c3e-ae40-7a127c173b16', 'qty': 2}], 'atomic_update': True, 'delay': 0.0, 'drop': 0}, response_status: 200, response: {'order_id': 'c3b5e42c-aa3b-415e-bd92-ff8787cd9fc9', 'status': 'OUT_OF_STOCK', 'reason': 'Out of stock: b2926dc2-cc6d-4c3e-ae40-7a127c173b16', 'total_input_tokens': 0, 'total_output_tokens': 0, 'total_llm_calls': 0} trace_id=8e77b8ba-f736-4a49-b7cd-f11ffc3f97b9
2026-08-18 21:13:22,013 - INFO - Request for orchestrate_order completed, final_status:OUT_OF_STOCK,  trace_id=8e77b8ba-f736-4a49-b7cd-f11ffc3f97b9
2026-08-18 21:13:22,015 - INFO - HTTP Request: POST http://127.0.0.1:8002/price "HTTP/1.1 200 OK"
2026-08-18 21:13:22,016 - INFO - HTTP Request: POST http://127.0.0.1:8002/price "HTTP/1.1 200 OK"
2026-08-18 21:13:22,017 - INFO - HTTP Request: POST http://127.0.0.1:8002/price "HTTP/1.1 200 OK"
2026-08-18 21:13:22,018 - INFO - Pricing Service Called, req: {'items': [{'product_id': 'b2926dc2-cc6d-4c3e-ae40-7a127c173b16', 'qty': 2}], 'promo_codes': [], 'only_final_price': True}, response_status: 200, trace_id=29810429-0dc6-4d6c-ac1b-e668a6b3d6e2
2026-08-18 21:13:22,019 - INFO - Request for orchestrate_order started, order_id=13197801-49d7-4ef2-bb66-1b813d6f8322, trace_id=29810429-0dc6-4d6c-ac1b-e668a6b3d6e2
2026-08-18 21:13:22,025 - INFO - Inventory Reservation Service Called, req: {'order_id': '13197801-49d7-4ef2-bb66-1b813d6f8322', 'items': [{'sku': 'b2926dc2-cc6d-4c3e-ae40-7a127c173b16', 'qty': 2}], 'atomic_update': True, 'delay': 0.0, 'drop': 0}, response_status: 200, response: {'order_id': '13197801-49d7-4ef2-bb66-1b813d6f8322', 'status': 'OUT_OF_STOCK', 'reason': 'Out of stock: b2926dc2-cc6d-4c3e-ae40-7a127c173b16', 'total_input_tokens': 0, 'total_output_tokens': 0, 'total_llm_calls': 0} trace_id=29810429-0dc6-4d6c-ac1b-e668a6b3d6e2
2026-08-18 21:13:22,026 - INFO - Request for orchestrate_order completed, final_status:OUT_OF_STOCK,  trace_id=29810429-0dc6-4d6c-ac1b-e668a6b3d6e2
2026-08-18 21:13:22,027 - INFO - Pricing Service Called, req: {'items': [{'product_id': 'b2926dc2-cc6d-4c3e-ae40-7a127c173b16', 'qty': 2}], 'promo_codes': [], 'only_final_price': True}, response_status: 200, trace_id=c4d036fc-6de9-436b-b376-da0b246dd06c
2026-08-18 21:13:22,028 - INFO - Request for orchestrate_order started, order_id=43400ae6-ec03-43c1-8ae8-2f4093f2db73, trace_id=c4d036fc-6de9-436b-b376-da0b246dd06c
2026-08-18 21:13:22,034 - INFO - Inventory Reservation Service Called, req: {'order_id': '43400ae6-ec03-43c1-8ae8-2f4093f2db73', 'items': [{'sku': 'b2926dc2-cc6d-4c3e-ae40-7a127c173b16', 'qty': 2}], 'atomic_update': True, 'delay': 0.0, 'drop': 0}, response_status: 200, response: {'order_id': '43400ae6-ec03-43c1-8ae8-2f4093f2db73', 'status': 'OUT_OF_STOCK', 'reason': 'Out of stock: b2926dc2-cc6d-4c3e-ae40-7a127c173b16', 'total_input_tokens': 0, 'total_output_tokens': 0, 'total_llm_calls': 0} trace_id=c4d036fc-6de9-436b-b376-da0b246dd06c
2026-08-18 21:13:22,035 - INFO - Request for orchestrate_order completed, final_status:OUT_OF_STOCK,  trace_id=c4d036fc-6de9-436b-b376-da0b246dd06c
2026-08-18 21:13:22,037 - INFO - Pricing Service Called, req: {'items': [{'product_id': 'b2926dc2-cc6d-4c3e-ae40-7a127c173b16', 'qty': 2}], 'promo_codes': [], 'only_final_price': True}, response_status: 200, trace_id=ef259f4b-f829-432d-beda-445a22dea344
2026-08-18 21:13:22,037 - INFO - Request for orchestrate_order started, order_id=e80aa3eb-1457-4d9b-bf91-7517c2e62d50, trace_id=ef259f4b-f829-432d-beda-445a22dea344
2026-08-18 21:13:22,044 - INFO - Inventory Reservation Service Called, req: {'order_id': 'e80aa3eb-1457-4d9b-bf91-7517c2e62d50', 'items': [{'sku': 'b2926dc2-cc6d-4c3e-ae40-7a127c173b16', 'qty': 2}], 'atomic_update': True, 'delay': 0.0, 'drop': 0}, response_status: 200, response: {'order_id': 'e80aa3eb-1457-4d9b-bf91-7517c2e62d50', 'status': 'OUT_OF_STOCK', 'reason': 'Out of stock: b2926dc2-cc6d-4c3e-ae40-7a127c173b16', 'total_input_tokens': 0, 'total_output_tokens': 0, 'total_llm_calls': 0} trace_id=ef259f4b-f829-432d-beda-445a22dea344
2026-08-18 21:13:22,046 - INFO - Request for orchestrate_order completed, final_status:OUT_OF_STOCK,  trace_id=ef259f4b-f829-432d-beda-445a22dea344
2026-08-18 21:13:22,047 - INFO - Request for checkout_cart, cart_id=fd7a6b24-e156-419b-acfb-f358f3effa5f, user_id=None, trace_id=9e5d2dc0-a5ea-4d40-a842-a34fb25d0ea7
2026-08-18 21:13:22,051 - INFO - Cart Service Called, request_cart_id: fd7a6b24-e156-419b-acfb-f358f3effa5f, response_status: 200, trace_id=9e5d2dc0-a5ea-4d40-a842-a34fb25d0ea7
2026-08-18 21:13:22,053 - INFO - Request for checkout_cart, cart_id=9c53f5b9-d788-4015-bd77-e4fe08cba32a, user_id=None, trace_id=405008e5-0b15-4ff8-a7c1-500279a443c8
2026-08-18 21:13:22,060 - INFO - Cart Service Called, request_cart_id: 9c53f5b9-d788-4015-bd77-e4fe08cba32a, response_status: 200, trace_id=405008e5-0b15-4ff8-a7c1-500279a443c8
2026-08-18 21:13:22,063 - INFO - Request for checkout_cart, cart_id=c23d2363-9fe4-432c-9f20-6b3f47cabb16, user_id=None, trace_id=c5717ade-e213-4b69-b545-d72f21229c35
2026-08-18 21:13:22,068 - INFO - Cart Service Called, request_cart_id: c23d2363-9fe4-432c-9f20-6b3f47cabb16, response_status: 200, trace_id=c5717ade-e213-4b69-b545-d72f21229c35
2026-08-18 21:13:22,070 - INFO - HTTP Request: POST http://127.0.0.1:8002/price "HTTP/1.1 200 OK"
2026-08-18 21:13:22,071 - INFO - Pricing Service Called, req: {'items': [{'product_id': 'b2926dc2-cc6d-4c3e-ae40-7a127c173b16', 'qty': 2}], 'promo_codes': [], 'only_final_price': True}, response_status: 200, trace_id=ae0e1f80-3ee5-4adf-8dac-dfa237b94081
2026-08-18 21:13:22,072 - INFO - Request for orchestrate_order started, order_id=aa47692b-d4fc-432d-ac9d-a9fbcda10fef, trace_id=ae0e1f80-3ee5-4adf-8dac-dfa237b94081
2026-08-18 21:13:22,080 - INFO - Inventory Reservation Service Called, req: {'order_id': 'aa47692b-d4fc-432d-ac9d-a9fbcda10fef', 'items': [{'sku': 'b2926dc2-cc6d-4c3e-ae40-7a127c173b16', 'qty': 2}], 'atomic_update': True, 'delay': 0.0, 'drop': 0}, response_status: 200, response: {'order_id': 'aa47692b-d4fc-432d-ac9d-a9fbcda10fef', 'status': 'OUT_OF_STOCK', 'reason': 'Out of stock: b2926dc2-cc6d-4c3e-ae40-7a127c173b16', 'total_input_tokens': 0, 'total_output_tokens': 0, 'total_llm_calls': 0} trace_id=ae0e1f80-3ee5-4adf-8dac-dfa237b94081
2026-08-18 21:13:22,081 - INFO - Request for orchestrate_order completed, final_status:OUT_OF_STOCK,  trace_id=ae0e1f80-3ee5-4adf-8dac-dfa237b94081
2026-08-18 21:13:22,084 - INFO - HTTP Request: POST http://127.0.0.1:8002/price "HTTP/1.1 200 OK"
2026-08-18 21:13:22,085 - INFO - Pricing Service Called, req: {'items': [{'product_id': 'b2926dc2-cc6d-4c3e-ae40-7a127c173b16', 'qty': 2}], 'promo_codes': [], 'only_final_price': True}, response_status: 200, trace_id=78ff785a-2199-47dd-83ff-9a89cd28c3d4
2026-08-18 21:13:22,085 - INFO - Request for orchestrate_order started, order_id=fbfa95a8-0a83-4e58-869e-e5d26317aaec, trace_id=78ff785a-2199-47dd-83ff-9a89cd28c3d4
2026-08-18 21:13:22,093 - INFO - Inventory Reservation Service Called, req: {'order_id': 'fbfa95a8-0a83-4e58-869e-e5d26317aaec', 'items': [{'sku': 'b2926dc2-cc6d-4c3e-ae40-7a127c173b16', 'qty': 2}], 'atomic_update': True, 'delay': 0.0, 'drop': 0}, response_status: 200, response: {'order_id': 'fbfa95a8-0a83-4e58-869e-e5d26317aaec', 'status': 'OUT_OF_STOCK', 'reason': 'Out of stock: b2926dc2-cc6d-4c3e-ae40-7a127c173b16', 'total_input_tokens': 0, 'total_output_tokens': 0, 'total_llm_calls': 0} trace_id=78ff785a-2199-47dd-83ff-9a89cd28c3d4
2026-08-18 21:13:22,094 - INFO - Request for orchestrate_order completed, final_status:OUT_OF_STOCK,  trace_id=78ff785a-2199-47dd-83ff-9a89cd28c3d4
2026-08-18 21:13:22,097 - INFO - HTTP Request: POST http://127.0.0.1:8002/price "HTTP/1.1 200 OK"
2026-08-18 21:13:22,098 - INFO - Pricing Service Called, req: {'items': [{'product_id': 'b2926dc2-cc6d-4c3e-ae40-7a127c173b16', 'qty': 2}], 'promo_codes': [], 'only_final_price': True}, response_status: 200, trace_id=c5717ade-e213-4b69-b545-d72f21229c35
2026-08-18 21:13:22,098 - INFO - Request for orchestrate_order started, order_id=cf39631e-e502-4fa4-922c-88317d32e210, trace_id=c5717ade-e213-4b69-b545-d72f21229c35
2026-08-18 21:13:22,105 - INFO - Inventory Reservation Service Called, req: {'order_id': 'cf39631e-e502-4fa4-922c-88317d32e210', 'items': [{'sku': 'b2926dc2-cc6d-4c3e-ae40-7a127c173b16', 'qty': 2}], 'atomic_update': True, 'delay': 0.0, 'drop': 0}, response_status: 200, response: {'order_id': 'cf39631e-e502-4fa4-922c-88317d32e210', 'status': 'OUT_OF_STOCK', 'reason': 'Out of stock: b2926dc2-cc6d-4c3e-ae40-7a127c173b16', 'total_input_tokens': 0, 'total_output_tokens': 0, 'total_llm_calls': 0} trace_id=c5717ade-e213-4b69-b545-d72f21229c35
2026-08-18 21:13:22,106 - INFO - Request for orchestrate_order completed, final_status:OUT_OF_STOCK,  trace_id=c5717ade-e213-4b69-b545-d72f21229c35
2026-08-18 21:13:22,116 - INFO - HTTP Request: POST http://127.0.0.1:8002/price "HTTP/1.1 200 OK"
2026-08-18 21:13:22,118 - INFO - Pricing Service Called, req: {'items': [{'product_id': 'b2926dc2-cc6d-4c3e-ae40-7a127c173b16', 'qty': 2}], 'promo_codes': [], 'only_final_price': True}, response_status: 200, trace_id=405008e5-0b15-4ff8-a7c1-500279a443c8
2026-08-18 21:13:22,119 - INFO - Request for orchestrate_order started, order_id=7085f87f-ed8f-4e6a-94e2-89a86a645630, trace_id=405008e5-0b15-4ff8-a7c1-500279a443c8
2026-08-18 21:13:22,130 - INFO - Inventory Reservation Service Called, req: {'order_id': '7085f87f-ed8f-4e6a-94e2-89a86a645630', 'items': [{'sku': 'b2926dc2-cc6d-4c3e-ae40-7a127c173b16', 'qty': 2}], 'atomic_update': True, 'delay': 0.0, 'drop': 0}, response_status: 200, response: {'order_id': '7085f87f-ed8f-4e6a-94e2-89a86a645630', 'status': 'OUT_OF_STOCK', 'reason': 'Out of stock: b2926dc2-cc6d-4c3e-ae40-7a127c173b16', 'total_input_tokens': 0, 'total_output_tokens': 0, 'total_llm_calls': 0} trace_id=405008e5-0b15-4ff8-a7c1-500279a443c8
2026-08-18 21:13:22,131 - INFO - Request for orchestrate_order completed, final_status:OUT_OF_STOCK,  trace_id=405008e5-0b15-4ff8-a7c1-500279a443c8
2026-08-18 21:13:22,133 - INFO - HTTP Request: POST http://127.0.0.1:8002/price "HTTP/1.1 200 OK"
2026-08-18 21:13:22,134 - INFO - Pricing Service Called, req: {'items': [{'product_id': 'b2926dc2-cc6d-4c3e-ae40-7a127c173b16', 'qty': 2}], 'promo_codes': [], 'only_final_price': True}, response_status: 200, trace_id=9e5d2dc0-a5ea-4d40-a842-a34fb25d0ea7
2026-08-18 21:13:22,135 - INFO - Request for orchestrate_order started, order_id=5997ceb9-3067-4ac6-ab68-99b09905baf0, trace_id=9e5d2dc0-a5ea-4d40-a842-a34fb25d0ea7
2026-08-18 21:13:22,150 - INFO - Inventory Reservation Service Called, req: {'order_id': '5997ceb9-3067-4ac6-ab68-99b09905baf0', 'items': [{'sku': 'b2926dc2-cc6d-4c3e-ae40-7a127c173b16', 'qty': 2}], 'atomic_update': True, 'delay': 0.0, 'drop': 0}, response_status: 200, response: {'order_id': '5997ceb9-3067-4ac6-ab68-99b09905baf0', 'status': 'OUT_OF_STOCK', 'reason': 'Out of stock: b2926dc2-cc6d-4c3e-ae40-7a127c173b16', 'total_input_tokens': 0, 'total_output_tokens': 0, 'total_llm_calls': 0} trace_id=9e5d2dc0-a5ea-4d40-a842-a34fb25d0ea7
2026-08-18 21:13:22,151 - INFO - Request for orchestrate_order completed, final_status:OUT_OF_STOCK,  trace_id=9e5d2dc0-a5ea-4d40-a842-a34fb25d0ea7
2026-08-18 21:13:37,551 - INFO - Request for checkout_cart, cart_id=3f74093e-fb03-4c5b-8bbe-ecf9919e1df7, user_id=None, trace_id=d179fe4d-2303-4533-bb2b-498f498569ba
2026-08-18 21:13:37,563 - INFO - Cart Service Called, request_cart_id: 3f74093e-fb03-4c5b-8bbe-ecf9919e1df7, response_status: 200, trace_id=d179fe4d-2303-4533-bb2b-498f498569ba
2026-08-18 21:13:37,568 - INFO - Request for checkout_cart, cart_id=35b32c59-7f55-4b0f-beb9-672264f5fb22, user_id=None, trace_id=7285ab77-9469-4431-855d-bbdd3dd87ac7
2026-08-18 21:13:37,574 - INFO - Cart Service Called, request_cart_id: 35b32c59-7f55-4b0f-beb9-672264f5fb22, response_status: 200, trace_id=7285ab77-9469-4431-855d-bbdd3dd87ac7
2026-08-18 21:13:37,588 - INFO - HTTP Request: POST http://127.0.0.1:8002/price "HTTP/1.1 200 OK"
2026-08-18 21:13:37,589 - INFO - HTTP Request: POST http://127.0.0.1:8002/price "HTTP/1.1 200 OK"
2026-08-18 21:13:37,591 - INFO - Pricing Service Called, req: {'items': [{'product_id': 'b2926dc2-cc6d-4c3e-ae40-7a127c173b16', 'qty': 2}], 'promo_codes': [], 'only_final_price': True}, response_status: 200, trace_id=7285ab77-9469-4431-855d-bbdd3dd87ac7
2026-08-18 21:13:37,591 - INFO - Request for orchestrate_order started, order_id=937b7bb8-8066-4770-8358-0e122f9e4352, trace_id=7285ab77-9469-4431-855d-bbdd3dd87ac7
2026-08-18 21:13:37,602 - INFO - Inventory Reservation Service Called, req: {'order_id': '937b7bb8-8066-4770-8358-0e122f9e4352', 'items': [{'sku': 'b2926dc2-cc6d-4c3e-ae40-7a127c173b16', 'qty': 2}], 'atomic_update': True, 'delay': 0.0, 'drop': 0}, response_status: 200, response: {'order_id': '937b7bb8-8066-4770-8358-0e122f9e4352', 'status': 'RESERVED', 'items': [{'sku': 'b2926dc2-cc6d-4c3e-ae40-7a127c173b16', 'remaining': 8}], 'total_input_tokens': 0, 'total_output_tokens': 0, 'total_llm_calls': 0} trace_id=7285ab77-9469-4431-855d-bbdd3dd87ac7
2026-08-18 21:13:37,911 - INFO - Payment Service Called, req: {'order_id': '937b7bb8-8066-4770-8358-0e122f9e4352', 'final_price': 300.0}, response_status: 200, response: {'order_id': '937b7bb8-8066-4770-8358-0e122f9e4352', 'status': 'SUCCESS', 'total_input_tokens': 0, 'total_output_tokens': 0, 'total_llm_calls': 0} trace_id=7285ab77-9469-4431-855d-bbdd3dd87ac7
2026-08-18 21:13:38,127 - INFO - Shipment Service Called, req: {'order_id': '937b7bb8-8066-4770-8358-0e122f9e4352', 'address': 'SAMPLE_ADDRESS'}, response_status: 200, response: {'shipment_id': '770ee479-92ae-41c0-97ca-66a8cef51eba', 'tracking_id': '1f6f6d64-95a3-4a9f-8b60-b2a44691efc9', 'total_input_tokens': 0, 'total_output_tokens': 0, 'total_llm_calls': 0} trace_id=7285ab77-9469-4431-855d-bbdd3dd87ac7
2026-08-18 21:13:38,131 - INFO - Request for orchestrate_order completed, final_status:COMPLETED,  trace_id=7285ab77-9469-4431-855d-bbdd3dd87ac7
2026-08-18 21:13:38,137 - INFO - Pricing Service Called, req: {'items': [{'product_id': 'b2926dc2-cc6d-4c3e-ae40-7a127c173b16', 'qty': 2}], 'promo_codes': [], 'only_final_price': True}, response_status: 200, trace_id=d179fe4d-2303-4533-bb2b-498f498569ba
2026-08-18 21:13:38,138 - INFO - Request for orchestrate_order started, order_id=dd31ce6d-60c0-4993-a175-745ac54624b1, trace_id=d179fe4d-2303-4533-bb2b-498f498569ba
2026-08-18 21:13:38,162 - INFO - Inventory Reservation Service Called, req: {'order_id': 'dd31ce6d-60c0-4993-a175-745ac54624b1', 'items': [{'sku': 'b2926dc2-cc6d-4c3e-ae40-7a127c173b16', 'qty': 2}], 'atomic_update': True, 'delay': 0.0, 'drop': 0}, response_status: 200, response: {'order_id': 'dd31ce6d-60c0-4993-a175-745ac54624b1', 'status': 'RESERVED', 'items': [{'sku': 'b2926dc2-cc6d-4c3e-ae40-7a127c173b16', 'remaining': 6}], 'total_input_tokens': 0, 'total_output_tokens': 0, 'total_llm_calls': 0} trace_id=d179fe4d-2303-4533-bb2b-498f498569ba
2026-08-18 21:13:38,484 - INFO - Payment Service Called, req: {'order_id': 'dd31ce6d-60c0-4993-a175-745ac54624b1', 'final_price': 300.0}, response_status: 200, response: {'order_id': 'dd31ce6d-60c0-4993-a175-745ac54624b1', 'status': 'SUCCESS', 'total_input_tokens': 0, 'total_output_tokens': 0, 'total_llm_calls': 0} trace_id=d179fe4d-2303-4533-bb2b-498f498569ba
2026-08-18 21:13:38,711 - INFO - Shipment Service Called, req: {'order_id': 'dd31ce6d-60c0-4993-a175-745ac54624b1', 'address': 'SAMPLE_ADDRESS'}, response_status: 200, response: {'shipment_id': '01427c47-9ff6-469c-9b47-99543c33423e', 'tracking_id': '99903a57-7322-4bd8-8e5b-51fb73ec8af3', 'total_input_tokens': 0, 'total_output_tokens': 0, 'total_llm_calls': 0} trace_id=d179fe4d-2303-4533-bb2b-498f498569ba
2026-08-18 21:13:38,719 - INFO - Request for orchestrate_order completed, final_status:COMPLETED,  trace_id=d179fe4d-2303-4533-bb2b-498f498569ba
2026-08-18 21:13:38,734 - INFO - Request for checkout_cart, cart_id=750670ed-b4f8-4779-b6f6-284077d12ffa, user_id=None, trace_id=08f96f17-a3ca-4fee-bf21-230449fdf967
2026-08-18 21:13:38,760 - INFO - Cart Service Called, request_cart_id: 750670ed-b4f8-4779-b6f6-284077d12ffa, response_status: 200, trace_id=08f96f17-a3ca-4fee-bf21-230449fdf967
2026-08-18 21:13:38,766 - INFO - Request for checkout_cart, cart_id=9be71d49-f4b0-4306-a3f5-554ea91833c6, user_id=None, trace_id=ba8053d8-11b4-4aec-91e4-c67f94b8f9e1
2026-08-18 21:13:38,780 - INFO - Cart Service Called, request_cart_id: 9be71d49-f4b0-4306-a3f5-554ea91833c6, response_status: 200, trace_id=ba8053d8-11b4-4aec-91e4-c67f94b8f9e1
2026-08-18 21:13:38,783 - INFO - Request for checkout_cart, cart_id=6f57df29-cbf1-4ebb-b834-8ae6e11781e4, user_id=None, trace_id=44d613c7-f5bf-4c9f-8699-294eee0ea82a
2026-08-18 21:13:38,792 - INFO - Cart Service Called, request_cart_id: 6f57df29-cbf1-4ebb-b834-8ae6e11781e4, response_status: 200, trace_id=44d613c7-f5bf-4c9f-8699-294eee0ea82a
2026-08-18 21:13:38,797 - INFO - Request for checkout_cart, cart_id=5b987d1e-6b46-4192-8f0d-b1a3850c9027, user_id=None, trace_id=fee2bfe1-b164-44c4-b726-e510f2f02eb5
2026-08-18 21:13:38,809 - INFO - Cart Service Called, request_cart_id: 5b987d1e-6b46-4192-8f0d-b1a3850c9027, response_status: 200, trace_id=fee2bfe1-b164-44c4-b726-e510f2f02eb5
2026-08-18 21:13:38,814 - INFO - Request for checkout_cart, cart_id=64fb9e93-fccb-4870-98bf-a9d7560bd0f7, user_id=None, trace_id=50d1779e-f09e-4075-a663-32edf9602029
2026-08-18 21:13:38,823 - INFO - Cart Service Called, request_cart_id: 64fb9e93-fccb-4870-98bf-a9d7560bd0f7, response_status: 200, trace_id=50d1779e-f09e-4075-a663-32edf9602029
2026-08-18 21:13:38,829 - INFO - Request for checkout_cart, cart_id=9be64df6-815c-4622-aa63-1f432f5dc9e5, user_id=None, trace_id=d32e67b2-078c-409e-8e9a-d0a1213616ba
2026-08-18 21:13:38,836 - INFO - Cart Service Called, request_cart_id: 9be64df6-815c-4622-aa63-1f432f5dc9e5, response_status: 200, trace_id=d32e67b2-078c-409e-8e9a-d0a1213616ba
2026-08-18 21:13:38,842 - INFO - HTTP Request: POST http://127.0.0.1:8002/price "HTTP/1.1 200 OK"
2026-08-18 21:13:38,845 - INFO - Request for checkout_cart, cart_id=e3b7327c-a382-49a6-bcbf-0c383bc11361, user_id=None, trace_id=55057b65-76fb-4072-8da9-eb42a6e2cac3
2026-08-18 21:13:38,851 - INFO - Cart Service Called, request_cart_id: e3b7327c-a382-49a6-bcbf-0c383bc11361, response_status: 200, trace_id=55057b65-76fb-4072-8da9-eb42a6e2cac3
2026-08-18 21:13:38,852 - INFO - Pricing Service Called, req: {'items': [{'product_id': 'b2926dc2-cc6d-4c3e-ae40-7a127c173b16', 'qty': 2}], 'promo_codes': [], 'only_final_price': True}, response_status: 200, trace_id=08f96f17-a3ca-4fee-bf21-230449fdf967
2026-08-18 21:13:38,853 - INFO - Request for orchestrate_order started, order_id=01bec240-c2a2-49ca-9b52-8311474785f1, trace_id=08f96f17-a3ca-4fee-bf21-230449fdf967
2026-08-18 21:13:38,862 - INFO - Inventory Reservation Service Called, req: {'order_id': '01bec240-c2a2-49ca-9b52-8311474785f1', 'items': [{'sku': 'b2926dc2-cc6d-4c3e-ae40-7a127c173b16', 'qty': 2}], 'atomic_update': True, 'delay': 0.0, 'drop': 0}, response_status: 200, response: {'order_id': '01bec240-c2a2-49ca-9b52-8311474785f1', 'status': 'RESERVED', 'items': [{'sku': 'b2926dc2-cc6d-4c3e-ae40-7a127c173b16', 'remaining': 4}], 'total_input_tokens': 0, 'total_output_tokens': 0, 'total_llm_calls': 0} trace_id=08f96f17-a3ca-4fee-bf21-230449fdf967
2026-08-18 21:13:39,167 - INFO - Payment Service Called, req: {'order_id': '01bec240-c2a2-49ca-9b52-8311474785f1', 'final_price': 300.0}, response_status: 200, response: {'order_id': '01bec240-c2a2-49ca-9b52-8311474785f1', 'status': 'SUCCESS', 'total_input_tokens': 0, 'total_output_tokens': 0, 'total_llm_calls': 0} trace_id=08f96f17-a3ca-4fee-bf21-230449fdf967
2026-08-18 21:13:39,420 - INFO - Shipment Service Called, req: {'order_id': '01bec240-c2a2-49ca-9b52-8311474785f1', 'address': 'SAMPLE_ADDRESS'}, response_status: 200, response: {'shipment_id': 'e5e0ec22-5604-4808-b45a-8d861b5f519e', 'tracking_id': 'ba55294d-c048-4854-9f31-812cc25b794e', 'total_input_tokens': 0, 'total_output_tokens': 0, 'total_llm_calls': 0} trace_id=08f96f17-a3ca-4fee-bf21-230449fdf967
2026-08-18 21:13:39,421 - INFO - Request for orchestrate_order completed, final_status:COMPLETED,  trace_id=08f96f17-a3ca-4fee-bf21-230449fdf967
2026-08-18 21:13:39,427 - INFO - Request for checkout_cart, cart_id=3e36522b-90d5-4510-828d-e24e21d65f40, user_id=None, trace_id=7c154721-b34f-4a3a-8dc3-c50f96aa4dde
2026-08-18 21:13:39,434 - INFO - Cart Service Called, request_cart_id: 3e36522b-90d5-4510-828d-e24e21d65f40, response_status: 200, trace_id=7c154721-b34f-4a3a-8dc3-c50f96aa4dde
2026-08-18 21:13:39,436 - INFO - HTTP Request: POST http://127.0.0.1:8002/price "HTTP/1.1 200 OK"
2026-08-18 21:13:39,438 - INFO - Request for checkout_cart, cart_id=d16d0bb7-b17b-41d6-a007-4ed0152fa2f8, user_id=None, trace_id=5c6035a4-3221-45a6-b66f-8ace0e6b9a71
2026-08-18 21:13:39,448 - INFO - Cart Service Called, request_cart_id: d16d0bb7-b17b-41d6-a007-4ed0152fa2f8, response_status: 200, trace_id=5c6035a4-3221-45a6-b66f-8ace0e6b9a71
2026-08-18 21:13:39,451 - INFO - Pricing Service Called, req: {'items': [{'product_id': 'b2926dc2-cc6d-4c3e-ae40-7a127c173b16', 'qty': 2}], 'promo_codes': [], 'only_final_price': True}, response_status: 200, trace_id=44d613c7-f5bf-4c9f-8699-294eee0ea82a
2026-08-18 21:13:39,451 - INFO - Request for orchestrate_order started, order_id=cc02a51c-edc8-4be6-9818-b4f85dbd67f3, trace_id=44d613c7-f5bf-4c9f-8699-294eee0ea82a
2026-08-18 21:13:39,470 - INFO - Inventory Reservation Service Called, req: {'order_id': 'cc02a51c-edc8-4be6-9818-b4f85dbd67f3', 'items': [{'sku': 'b2926dc2-cc6d-4c3e-ae40-7a127c173b16', 'qty': 2}], 'atomic_update': True, 'delay': 0.0, 'drop': 0}, response_status: 200, response: {'order_id': 'cc02a51c-edc8-4be6-9818-b4f85dbd67f3', 'status': 'RESERVED', 'items': [{'sku': 'b2926dc2-cc6d-4c3e-ae40-7a127c173b16', 'remaining': 2}], 'total_input_tokens': 0, 'total_output_tokens': 0, 'total_llm_calls': 0} trace_id=44d613c7-f5bf-4c9f-8699-294eee0ea82a
2026-08-18 21:13:39,785 - INFO - Payment Service Called, req: {'order_id': 'cc02a51c-edc8-4be6-9818-b4f85dbd67f3', 'final_price': 300.0}, response_status: 200, response: {'order_id': 'cc02a51c-edc8-4be6-9818-b4f85dbd67f3', 'status': 'SUCCESS', 'total_input_tokens': 0, 'total_output_tokens': 0, 'total_llm_calls': 0} trace_id=44d613c7-f5bf-4c9f-8699-294eee0ea82a
2026-08-18 21:13:40,001 - INFO - Shipment Service Called, req: {'order_id': 'cc02a51c-edc8-4be6-9818-b4f85dbd67f3', 'address': 'SAMPLE_ADDRESS'}, response_status: 200, response: {'shipment_id': '8da355e1-1d98-4a62-89bd-e24891a53d4c', 'tracking_id': '7508f459-fdd2-4477-81a3-910e3fdf59d2', 'total_input_tokens': 0, 'total_output_tokens': 0, 'total_llm_calls': 0} trace_id=44d613c7-f5bf-4c9f-8699-294eee0ea82a
2026-08-18 21:13:40,003 - INFO - Request for orchestrate_order completed, final_status:COMPLETED,  trace_id=44d613c7-f5bf-4c9f-8699-294eee0ea82a
2026-08-18 21:13:40,006 - INFO - Request for checkout_cart, cart_id=a8a4bd38-d9f3-4882-bb86-b1f1bca0ca66, user_id=None, trace_id=2726a33c-b496-4e5d-ac2b-8c1a6ba5bc88
2026-08-18 21:13:40,014 - INFO - Cart Service Called, request_cart_id: a8a4bd38-d9f3-4882-bb86-b1f1bca0ca66, response_status: 200, trace_id=2726a33c-b496-4e5d-ac2b-8c1a6ba5bc88
2026-08-18 21:13:40,018 - INFO - Request for checkout_cart, cart_id=f6ce15e7-0606-4d34-99c3-d68e56f5e1a4, user_id=None, trace_id=e7a7b99f-2640-4edc-9555-785cf905f952
2026-08-18 21:13:40,028 - INFO - Cart Service Called, request_cart_id: f6ce15e7-0606-4d34-99c3-d68e56f5e1a4, response_status: 200, trace_id=e7a7b99f-2640-4edc-9555-785cf905f952
2026-08-18 21:13:40,034 - INFO - HTTP Request: POST http://127.0.0.1:8002/price "HTTP/1.1 200 OK"
2026-08-18 21:13:40,038 - INFO - Pricing Service Called, req: {'items': [{'product_id': 'b2926dc2-cc6d-4c3e-ae40-7a127c173b16', 'qty': 2}], 'promo_codes': [], 'only_final_price': True}, response_status: 200, trace_id=7c154721-b34f-4a3a-8dc3-c50f96aa4dde
2026-08-18 21:13:40,038 - INFO - Request for orchestrate_order started, order_id=0240b2ce-5a35-4abc-b5c5-982690c20c5a, trace_id=7c154721-b34f-4a3a-8dc3-c50f96aa4dde
2026-08-18 21:13:40,050 - INFO - Inventory Reservation Service Called, req: {'order_id': '0240b2ce-5a35-4abc-b5c5-982690c20c5a', 'items': [{'sku': 'b2926dc2-cc6d-4c3e-ae40-7a127c173b16', 'qty': 2}], 'atomic_update': True, 'delay': 0.0, 'drop': 0}, response_status: 200, response: {'order_id': '0240b2ce-5a35-4abc-b5c5-982690c20c5a', 'status': 'RESERVED', 'items': [{'sku': 'b2926dc2-cc6d-4c3e-ae40-7a127c173b16', 'remaining': 0}], 'total_input_tokens': 0, 'total_output_tokens': 0, 'total_llm_calls': 0} trace_id=7c154721-b34f-4a3a-8dc3-c50f96aa4dde
2026-08-18 21:13:40,363 - INFO - Payment Service Called, req: {'order_id': '0240b2ce-5a35-4abc-b5c5-982690c20c5a', 'final_price': 300.0}, response_status: 200, response: {'order_id': '0240b2ce-5a35-4abc-b5c5-982690c20c5a', 'status': 'SUCCESS', 'total_input_tokens': 0, 'total_output_tokens': 0, 'total_llm_calls': 0} trace_id=7c154721-b34f-4a3a-8dc3-c50f96aa4dde
2026-08-18 21:13:40,586 - INFO - Shipment Service Called, req: {'order_id': '0240b2ce-5a35-4abc-b5c5-982690c20c5a', 'address': 'SAMPLE_ADDRESS'}, response_status: 200, response: {'shipment_id': '1c1c163c-cf6a-470f-8db3-21001e814c03', 'tracking_id': 'df1dd6cb-ae37-4519-9191-db031648c6b3', 'total_input_tokens': 0, 'total_output_tokens': 0, 'total_llm_calls': 0} trace_id=7c154721-b34f-4a3a-8dc3-c50f96aa4dde
2026-08-18 21:13:40,592 - INFO - Request for orchestrate_order completed, final_status:COMPLETED,  trace_id=7c154721-b34f-4a3a-8dc3-c50f96aa4dde
2026-08-18 21:13:40,606 - INFO - HTTP Request: POST http://127.0.0.1:8002/price "HTTP/1.1 200 OK"
2026-08-18 21:13:40,615 - INFO - HTTP Request: POST http://127.0.0.1:8002/price "HTTP/1.1 200 OK"
2026-08-18 21:13:40,625 - INFO - Pricing Service Called, req: {'items': [{'product_id': 'b2926dc2-cc6d-4c3e-ae40-7a127c173b16', 'qty': 2}], 'promo_codes': [], 'only_final_price': True}, response_status: 200, trace_id=50d1779e-f09e-4075-a663-32edf9602029
2026-08-18 21:13:40,626 - INFO - Request for orchestrate_order started, order_id=cd601e71-523b-4c84-afab-28e6338b9ffb, trace_id=50d1779e-f09e-4075-a663-32edf9602029
2026-08-18 21:13:40,642 - INFO - Inventory Reservation Service Called, req: {'order_id': 'cd601e71-523b-4c84-afab-28e6338b9ffb', 'items': [{'sku': 'b2926dc2-cc6d-4c3e-ae40-7a127c173b16', 'qty': 2}], 'atomic_update': True, 'delay': 0.0, 'drop': 0}, response_status: 200, response: {'order_id': 'cd601e71-523b-4c84-afab-28e6338b9ffb', 'status': 'OUT_OF_STOCK', 'reason': 'Out of stock: b2926dc2-cc6d-4c3e-ae40-7a127c173b16', 'total_input_tokens': 0, 'total_output_tokens': 0, 'total_llm_calls': 0} trace_id=50d1779e-f09e-4075-a663-32edf9602029
2026-08-18 21:13:40,645 - INFO - Request for orchestrate_order completed, final_status:OUT_OF_STOCK,  trace_id=50d1779e-f09e-4075-a663-32edf9602029
2026-08-18 21:13:40,651 - INFO - Pricing Service Called, req: {'items': [{'product_id': 'b2926dc2-cc6d-4c3e-ae40-7a127c173b16', 'qty': 2}], 'promo_codes': [], 'only_final_price': True}, response_status: 200, trace_id=2726a33c-b496-4e5d-ac2b-8c1a6ba5bc88
2026-08-18 21:13:40,651 - INFO - Request for orchestrate_order started, order_id=31e600d8-759b-4cdb-8a59-4e645e7d2b3a, trace_id=2726a33c-b496-4e5d-ac2b-8c1a6ba5bc88
2026-08-18 21:13:40,662 - INFO - Inventory Reservation Service Called, req: {'order_id': '31e600d8-759b-4cdb-8a59-4e645e7d2b3a', 'items': [{'sku': 'b2926dc2-cc6d-4c3e-ae40-7a127c173b16', 'qty': 2}], 'atomic_update': True, 'delay': 0.0, 'drop': 0}, response_status: 200, response: {'order_id': '31e600d8-759b-4cdb-8a59-4e645e7d2b3a', 'status': 'OUT_OF_STOCK', 'reason': 'Out of stock: b2926dc2-cc6d-4c3e-ae40-7a127c173b16', 'total_input_tokens': 0, 'total_output_tokens': 0, 'total_llm_calls': 0} trace_id=2726a33c-b496-4e5d-ac2b-8c1a6ba5bc88
2026-08-18 21:13:40,663 - INFO - Request for orchestrate_order completed, final_status:OUT_OF_STOCK,  trace_id=2726a33c-b496-4e5d-ac2b-8c1a6ba5bc88
2026-08-18 21:13:40,665 - INFO - HTTP Request: POST http://127.0.0.1:8002/price "HTTP/1.1 200 OK"
2026-08-18 21:13:40,666 - INFO - Request for checkout_cart, cart_id=5c214fb4-d2fe-4443-bd89-e8fd90f9af8c, user_id=None, trace_id=3324d21b-b98e-4ed1-993e-d2cdbc7578ac
2026-08-18 21:13:40,670 - INFO - Cart Service Called, request_cart_id: 5c214fb4-d2fe-4443-bd89-e8fd90f9af8c, response_status: 200, trace_id=3324d21b-b98e-4ed1-993e-d2cdbc7578ac
2026-08-18 21:13:40,673 - INFO - Pricing Service Called, req: {'items': [{'product_id': 'b2926dc2-cc6d-4c3e-ae40-7a127c173b16', 'qty': 2}], 'promo_codes': [], 'only_final_price': True}, response_status: 200, trace_id=d32e67b2-078c-409e-8e9a-d0a1213616ba
2026-08-18 21:13:40,673 - INFO - Request for orchestrate_order started, order_id=5f8fdffd-5ea6-481f-b32e-b4f289020df1, trace_id=d32e67b2-078c-409e-8e9a-d0a1213616ba
2026-08-18 21:13:40,681 - INFO - Inventory Reservation Service Called, req: {'order_id': '5f8fdffd-5ea6-481f-b32e-b4f289020df1', 'items': [{'sku': 'b2926dc2-cc6d-4c3e-ae40-7a127c173b16', 'qty': 2}], 'atomic_update': True, 'delay': 0.0, 'drop': 0}, response_status: 200, response: {'order_id': '5f8fdffd-5ea6-481f-b32e-b4f289020df1', 'status': 'OUT_OF_STOCK', 'reason': 'Out of stock: b2926dc2-cc6d-4c3e-ae40-7a127c173b16', 'total_input_tokens': 0, 'total_output_tokens': 0, 'total_llm_calls': 0} trace_id=d32e67b2-078c-409e-8e9a-d0a1213616ba
2026-08-18 21:13:40,682 - INFO - Request for orchestrate_order completed, final_status:OUT_OF_STOCK,  trace_id=d32e67b2-078c-409e-8e9a-d0a1213616ba
2026-08-18 21:13:40,684 - INFO - HTTP Request: POST http://127.0.0.1:8002/price "HTTP/1.1 200 OK"
2026-08-18 21:13:40,685 - INFO - HTTP Request: POST http://127.0.0.1:8002/price "HTTP/1.1 200 OK"
2026-08-18 21:13:40,687 - INFO - Pricing Service Called, req: {'items': [{'product_id': 'b2926dc2-cc6d-4c3e-ae40-7a127c173b16', 'qty': 2}], 'promo_codes': [], 'only_final_price': True}, response_status: 200, trace_id=55057b65-76fb-4072-8da9-eb42a6e2cac3
2026-08-18 21:13:40,688 - INFO - Request for orchestrate_order started, order_id=b9805cf5-fcef-42bd-845d-50a0bca6440c, trace_id=55057b65-76fb-4072-8da9-eb42a6e2cac3
2026-08-18 21:13:40,705 - INFO - Inventory Reservation Service Called, req: {'order_id': 'b9805cf5-fcef-42bd-845d-50a0bca6440c', 'items': [{'sku': 'b2926dc2-cc6d-4c3e-ae40-7a127c173b16', 'qty': 2}], 'atomic_update': True, 'delay': 0.0, 'drop': 0}, response_status: 200, response: {'order_id': 'b9805cf5-fcef-42bd-845d-50a0bca6440c', 'status': 'OUT_OF_STOCK', 'reason': 'Out of stock: b2926dc2-cc6d-4c3e-ae40-7a127c173b16', 'total_input_tokens': 0, 'total_output_tokens': 0, 'total_llm_calls': 0} trace_id=55057b65-76fb-4072-8da9-eb42a6e2cac3
2026-08-18 21:13:40,707 - INFO - Request for orchestrate_order completed, final_status:OUT_OF_STOCK,  trace_id=55057b65-76fb-4072-8da9-eb42a6e2cac3
2026-08-18 21:13:40,709 - INFO - Pricing Service Called, req: {'items': [{'product_id': 'b2926dc2-cc6d-4c3e-ae40-7a127c173b16', 'qty': 2}], 'promo_codes': [], 'only_final_price': True}, response_status: 200, trace_id=ba8053d8-11b4-4aec-91e4-c67f94b8f9e1
2026-08-18 21:13:40,709 - INFO - Request for orchestrate_order started, order_id=06117347-f2d6-4307-83d3-897ab7b8d86b, trace_id=ba8053d8-11b4-4aec-91e4-c67f94b8f9e1
2026-08-18 21:13:40,719 - INFO - Inventory Reservation Service Called, req: {'order_id': '06117347-f2d6-4307-83d3-897ab7b8d86b', 'items': [{'sku': 'b2926dc2-cc6d-4c3e-ae40-7a127c173b16', 'qty': 2}], 'atomic_update': True, 'delay': 0.0, 'drop': 0}, response_status: 200, response: {'order_id': '06117347-f2d6-4307-83d3-897ab7b8d86b', 'status': 'OUT_OF_STOCK', 'reason': 'Out of stock: b2926dc2-cc6d-4c3e-ae40-7a127c173b16', 'total_input_tokens': 0, 'total_output_tokens': 0, 'total_llm_calls': 0} trace_id=ba8053d8-11b4-4aec-91e4-c67f94b8f9e1
2026-08-18 21:13:40,721 - INFO - Request for orchestrate_order completed, final_status:OUT_OF_STOCK,  trace_id=ba8053d8-11b4-4aec-91e4-c67f94b8f9e1
2026-08-18 21:13:40,724 - INFO - Request for checkout_cart, cart_id=aa720dea-47c2-4094-a817-8c1024bfd7e4, user_id=None, trace_id=e63d1d13-6cf5-43f7-b372-4984e1375263
2026-08-18 21:13:40,733 - INFO - Cart Service Called, request_cart_id: aa720dea-47c2-4094-a817-8c1024bfd7e4, response_status: 200, trace_id=e63d1d13-6cf5-43f7-b372-4984e1375263
2026-08-18 21:13:40,756 - INFO - HTTP Request: POST http://127.0.0.1:8002/price "HTTP/1.1 200 OK"
2026-08-18 21:13:40,757 - INFO - Pricing Service Called, req: {'items': [{'product_id': 'b2926dc2-cc6d-4c3e-ae40-7a127c173b16', 'qty': 2}], 'promo_codes': [], 'only_final_price': True}, response_status: 200, trace_id=e7a7b99f-2640-4edc-9555-785cf905f952
2026-08-18 21:13:40,758 - INFO - Request for orchestrate_order started, order_id=7d9742d7-13b8-48fc-a816-1cbc6ab3c0f4, trace_id=e7a7b99f-2640-4edc-9555-785cf905f952
2026-08-18 21:13:40,773 - INFO - Inventory Reservation Service Called, req: {'order_id': '7d9742d7-13b8-48fc-a816-1cbc6ab3c0f4', 'items': [{'sku': 'b2926dc2-cc6d-4c3e-ae40-7a127c173b16', 'qty': 2}], 'atomic_update': True, 'delay': 0.0, 'drop': 0}, response_status: 200, response: {'order_id': '7d9742d7-13b8-48fc-a816-1cbc6ab3c0f4', 'status': 'OUT_OF_STOCK', 'reason': 'Out of stock: b2926dc2-cc6d-4c3e-ae40-7a127c173b16', 'total_input_tokens': 0, 'total_output_tokens': 0, 'total_llm_calls': 0} trace_id=e7a7b99f-2640-4edc-9555-785cf905f952
2026-08-18 21:13:40,778 - INFO - Request for orchestrate_order completed, final_status:OUT_OF_STOCK,  trace_id=e7a7b99f-2640-4edc-9555-785cf905f952
2026-08-18 21:13:40,781 - INFO - HTTP Request: POST http://127.0.0.1:8002/price "HTTP/1.1 200 OK"
2026-08-18 21:13:40,783 - INFO - Pricing Service Called, req: {'items': [{'product_id': 'b2926dc2-cc6d-4c3e-ae40-7a127c173b16', 'qty': 2}], 'promo_codes': [], 'only_final_price': True}, response_status: 200, trace_id=3324d21b-b98e-4ed1-993e-d2cdbc7578ac
2026-08-18 21:13:40,784 - INFO - Request for orchestrate_order started, order_id=647217b8-bf0b-467a-84a0-bb4fabdc9aa8, trace_id=3324d21b-b98e-4ed1-993e-d2cdbc7578ac
2026-08-18 21:13:40,796 - INFO - Inventory Reservation Service Called, req: {'order_id': '647217b8-bf0b-467a-84a0-bb4fabdc9aa8', 'items': [{'sku': 'b2926dc2-cc6d-4c3e-ae40-7a127c173b16', 'qty': 2}], 'atomic_update': True, 'delay': 0.0, 'drop': 0}, response_status: 200, response: {'order_id': '647217b8-bf0b-467a-84a0-bb4fabdc9aa8', 'status': 'OUT_OF_STOCK', 'reason': 'Out of stock: b2926dc2-cc6d-4c3e-ae40-7a127c173b16', 'total_input_tokens': 0, 'total_output_tokens': 0, 'total_llm_calls': 0} trace_id=3324d21b-b98e-4ed1-993e-d2cdbc7578ac
2026-08-18 21:13:40,798 - INFO - Request for orchestrate_order completed, final_status:OUT_OF_STOCK,  trace_id=3324d21b-b98e-4ed1-993e-d2cdbc7578ac
2026-08-18 21:13:40,800 - INFO - Request for checkout_cart, cart_id=d7fba307-413c-42f1-a2e0-1dcc293f4c29, user_id=None, trace_id=a095069e-023b-4a5b-b68d-138fa13abea6
2026-08-18 21:13:40,807 - INFO - Cart Service Called, request_cart_id: d7fba307-413c-42f1-a2e0-1dcc293f4c29, response_status: 200, trace_id=a095069e-023b-4a5b-b68d-138fa13abea6
2026-08-18 21:13:40,809 - INFO - HTTP Request: POST http://127.0.0.1:8002/price "HTTP/1.1 200 OK"
2026-08-18 21:13:40,811 - INFO - HTTP Request: POST http://127.0.0.1:8002/price "HTTP/1.1 200 OK"
2026-08-18 21:13:40,812 - INFO - HTTP Request: POST http://127.0.0.1:8002/price "HTTP/1.1 200 OK"
2026-08-18 21:13:40,815 - INFO - Pricing Service Called, req: {'items': [{'product_id': 'b2926dc2-cc6d-4c3e-ae40-7a127c173b16', 'qty': 2}], 'promo_codes': [], 'only_final_price': True}, response_status: 200, trace_id=5c6035a4-3221-45a6-b66f-8ace0e6b9a71
2026-08-18 21:13:40,815 - INFO - Request for orchestrate_order started, order_id=ab8a10ba-a187-4491-8a6b-56b10394699d, trace_id=5c6035a4-3221-45a6-b66f-8ace0e6b9a71
2026-08-18 21:13:40,822 - INFO - Inventory Reservation Service Called, req: {'order_id': 'ab8a10ba-a187-4491-8a6b-56b10394699d', 'items': [{'sku': 'b2926dc2-cc6d-4c3e-ae40-7a127c173b16', 'qty': 2}], 'atomic_update': True, 'delay': 0.0, 'drop': 0}, response_status: 200, response: {'order_id': 'ab8a10ba-a187-4491-8a6b-56b10394699d', 'status': 'OUT_OF_STOCK', 'reason': 'Out of stock: b2926dc2-cc6d-4c3e-ae40-7a127c173b16', 'total_input_tokens': 0, 'total_output_tokens': 0, 'total_llm_calls': 0} trace_id=5c6035a4-3221-45a6-b66f-8ace0e6b9a71
2026-08-18 21:13:40,824 - INFO - Request for orchestrate_order completed, final_status:OUT_OF_STOCK,  trace_id=5c6035a4-3221-45a6-b66f-8ace0e6b9a71
2026-08-18 21:13:40,825 - INFO - Pricing Service Called, req: {'items': [{'product_id': 'b2926dc2-cc6d-4c3e-ae40-7a127c173b16', 'qty': 2}], 'promo_codes': [], 'only_final_price': True}, response_status: 200, trace_id=fee2bfe1-b164-44c4-b726-e510f2f02eb5
2026-08-18 21:13:40,826 - INFO - Request for orchestrate_order started, order_id=f11bfce8-59b5-40e2-857a-93de3c10accb, trace_id=fee2bfe1-b164-44c4-b726-e510f2f02eb5
2026-08-18 21:13:40,833 - INFO - Inventory Reservation Service Called, req: {'order_id': 'f11bfce8-59b5-40e2-857a-93de3c10accb', 'items': [{'sku': 'b2926dc2-cc6d-4c3e-ae40-7a127c173b16', 'qty': 2}], 'atomic_update': True, 'delay': 0.0, 'drop': 0}, response_status: 200, response: {'order_id': 'f11bfce8-59b5-40e2-857a-93de3c10accb', 'status': 'OUT_OF_STOCK', 'reason': 'Out of stock: b2926dc2-cc6d-4c3e-ae40-7a127c173b16', 'total_input_tokens': 0, 'total_output_tokens': 0, 'total_llm_calls': 0} trace_id=fee2bfe1-b164-44c4-b726-e510f2f02eb5
2026-08-18 21:13:40,834 - INFO - Request for orchestrate_order completed, final_status:OUT_OF_STOCK,  trace_id=fee2bfe1-b164-44c4-b726-e510f2f02eb5
2026-08-18 21:13:40,835 - INFO - Pricing Service Called, req: {'items': [{'product_id': 'b2926dc2-cc6d-4c3e-ae40-7a127c173b16', 'qty': 2}], 'promo_codes': [], 'only_final_price': True}, response_status: 200, trace_id=e63d1d13-6cf5-43f7-b372-4984e1375263
2026-08-18 21:13:40,835 - INFO - Request for orchestrate_order started, order_id=d1b255dc-6ded-41ac-88e0-b5cf4c450481, trace_id=e63d1d13-6cf5-43f7-b372-4984e1375263
2026-08-18 21:13:40,843 - INFO - Inventory Reservation Service Called, req: {'order_id': 'd1b255dc-6ded-41ac-88e0-b5cf4c450481', 'items': [{'sku': 'b2926dc2-cc6d-4c3e-ae40-7a127c173b16', 'qty': 2}], 'atomic_update': True, 'delay': 0.0, 'drop': 0}, response_status: 200, response: {'order_id': 'd1b255dc-6ded-41ac-88e0-b5cf4c450481', 'status': 'OUT_OF_STOCK', 'reason': 'Out of stock: b2926dc2-cc6d-4c3e-ae40-7a127c173b16', 'total_input_tokens': 0, 'total_output_tokens': 0, 'total_llm_calls': 0} trace_id=e63d1d13-6cf5-43f7-b372-4984e1375263
2026-08-18 21:13:40,844 - INFO - Request for orchestrate_order completed, final_status:OUT_OF_STOCK,  trace_id=e63d1d13-6cf5-43f7-b372-4984e1375263
2026-08-18 21:13:40,845 - INFO - Request for checkout_cart, cart_id=e468bd48-11fe-4ae4-a2cc-a0e139e2db35, user_id=None, trace_id=e1e64c02-c983-49b5-97c3-dc7177c704e5
2026-08-18 21:13:40,849 - INFO - Cart Service Called, request_cart_id: e468bd48-11fe-4ae4-a2cc-a0e139e2db35, response_status: 200, trace_id=e1e64c02-c983-49b5-97c3-dc7177c704e5
2026-08-18 21:13:40,851 - INFO - Request for checkout_cart, cart_id=1c92063e-fe75-446f-9dfb-91b434a8f775, user_id=None, trace_id=608ffccb-9595-4daa-b946-83171dafb6eb
2026-08-18 21:13:40,857 - INFO - Cart Service Called, request_cart_id: 1c92063e-fe75-446f-9dfb-91b434a8f775, response_status: 200, trace_id=608ffccb-9595-4daa-b946-83171dafb6eb
2026-08-18 21:13:40,860 - INFO - Request for checkout_cart, cart_id=9ee7ba55-411a-489c-9bf1-97da99252ae7, user_id=None, trace_id=f09815fb-3ed9-410f-8726-648c8d95486b
2026-08-18 21:13:40,864 - INFO - Cart Service Called, request_cart_id: 9ee7ba55-411a-489c-9bf1-97da99252ae7, response_status: 200, trace_id=f09815fb-3ed9-410f-8726-648c8d95486b
2026-08-18 21:13:40,867 - INFO - Request for checkout_cart, cart_id=51b39170-8813-4a7d-aad2-999cca3c57a8, user_id=None, trace_id=415cef42-fd5b-40df-846b-cd93104603e4
2026-08-18 21:13:40,873 - INFO - Cart Service Called, request_cart_id: 51b39170-8813-4a7d-aad2-999cca3c57a8, response_status: 200, trace_id=415cef42-fd5b-40df-846b-cd93104603e4
2026-08-18 21:13:40,877 - INFO - HTTP Request: POST http://127.0.0.1:8002/price "HTTP/1.1 200 OK"
2026-08-18 21:13:40,879 - INFO - Pricing Service Called, req: {'items': [{'product_id': 'b2926dc2-cc6d-4c3e-ae40-7a127c173b16', 'qty': 2}], 'promo_codes': [], 'only_final_price': True}, response_status: 200, trace_id=a095069e-023b-4a5b-b68d-138fa13abea6
2026-08-18 21:13:40,879 - INFO - Request for orchestrate_order started, order_id=6ead75e6-5328-4b69-8ba6-5ba0498a0294, trace_id=a095069e-023b-4a5b-b68d-138fa13abea6
2026-08-18 21:13:40,884 - INFO - Inventory Reservation Service Called, req: {'order_id': '6ead75e6-5328-4b69-8ba6-5ba0498a0294', 'items': [{'sku': 'b2926dc2-cc6d-4c3e-ae40-7a127c173b16', 'qty': 2}], 'atomic_update': True, 'delay': 0.0, 'drop': 0}, response_status: 200, response: {'order_id': '6ead75e6-5328-4b69-8ba6-5ba0498a0294', 'status': 'OUT_OF_STOCK', 'reason': 'Out of stock: b2926dc2-cc6d-4c3e-ae40-7a127c173b16', 'total_input_tokens': 0, 'total_output_tokens': 0, 'total_llm_calls': 0} trace_id=a095069e-023b-4a5b-b68d-138fa13abea6
2026-08-18 21:13:40,885 - INFO - Request for orchestrate_order completed, final_status:OUT_OF_STOCK,  trace_id=a095069e-023b-4a5b-b68d-138fa13abea6
2026-08-18 21:13:40,887 - INFO - HTTP Request: POST http://127.0.0.1:8002/price "HTTP/1.1 200 OK"
2026-08-18 21:13:40,890 - INFO - Pricing Service Called, req: {'items': [{'product_id': 'b2926dc2-cc6d-4c3e-ae40-7a127c173b16', 'qty': 2}], 'promo_codes': [], 'only_final_price': True}, response_status: 200, trace_id=608ffccb-9595-4daa-b946-83171dafb6eb
2026-08-18 21:13:40,890 - INFO - Request for orchestrate_order started, order_id=2a756864-6ac3-473f-9159-795fd005ba26, trace_id=608ffccb-9595-4daa-b946-83171dafb6eb
2026-08-18 21:13:40,897 - INFO - Inventory Reservation Service Called, req: {'order_id': '2a756864-6ac3-473f-9159-795fd005ba26', 'items': [{'sku': 'b2926dc2-cc6d-4c3e-ae40-7a127c173b16', 'qty': 2}], 'atomic_update': True, 'delay': 0.0, 'drop': 0}, response_status: 200, response: {'order_id': '2a756864-6ac3-473f-9159-795fd005ba26', 'status': 'OUT_OF_STOCK', 'reason': 'Out of stock: b2926dc2-cc6d-4c3e-ae40-7a127c173b16', 'total_input_tokens': 0, 'total_output_tokens': 0, 'total_llm_calls': 0} trace_id=608ffccb-9595-4daa-b946-83171dafb6eb
2026-08-18 21:13:40,898 - INFO - Request for orchestrate_order completed, final_status:OUT_OF_STOCK,  trace_id=608ffccb-9595-4daa-b946-83171dafb6eb
2026-08-18 21:13:40,901 - INFO - HTTP Request: POST http://127.0.0.1:8002/price "HTTP/1.1 200 OK"
2026-08-18 21:13:40,903 - INFO - Pricing Service Called, req: {'items': [{'product_id': 'b2926dc2-cc6d-4c3e-ae40-7a127c173b16', 'qty': 2}], 'promo_codes': [], 'only_final_price': True}, response_status: 200, trace_id=415cef42-fd5b-40df-846b-cd93104603e4
2026-08-18 21:13:40,903 - INFO - Request for orchestrate_order started, order_id=7f3f745c-8892-437b-84ed-681be7046475, trace_id=415cef42-fd5b-40df-846b-cd93104603e4
2026-08-18 21:13:40,912 - INFO - Inventory Reservation Service Called, req: {'order_id': '7f3f745c-8892-437b-84ed-681be7046475', 'items': [{'sku': 'b2926dc2-cc6d-4c3e-ae40-7a127c173b16', 'qty': 2}], 'atomic_update': True, 'delay': 0.0, 'drop': 0}, response_status: 200, response: {'order_id': '7f3f745c-8892-437b-84ed-681be7046475', 'status': 'OUT_OF_STOCK', 'reason': 'Out of stock: b2926dc2-cc6d-4c3e-ae40-7a127c173b16', 'total_input_tokens': 0, 'total_output_tokens': 0, 'total_llm_calls': 0} trace_id=415cef42-fd5b-40df-846b-cd93104603e4
2026-08-18 21:13:40,913 - INFO - Request for orchestrate_order completed, final_status:OUT_OF_STOCK,  trace_id=415cef42-fd5b-40df-846b-cd93104603e4
2026-08-18 21:13:40,919 - INFO - HTTP Request: POST http://127.0.0.1:8002/price "HTTP/1.1 200 OK"
2026-08-18 21:13:40,920 - INFO - Pricing Service Called, req: {'items': [{'product_id': 'b2926dc2-cc6d-4c3e-ae40-7a127c173b16', 'qty': 2}], 'promo_codes': [], 'only_final_price': True}, response_status: 200, trace_id=f09815fb-3ed9-410f-8726-648c8d95486b
2026-08-18 21:13:40,921 - INFO - Request for orchestrate_order started, order_id=394a6229-d903-4a4e-96ff-5ae038351c23, trace_id=f09815fb-3ed9-410f-8726-648c8d95486b
2026-08-18 21:13:40,929 - INFO - Inventory Reservation Service Called, req: {'order_id': '394a6229-d903-4a4e-96ff-5ae038351c23', 'items': [{'sku': 'b2926dc2-cc6d-4c3e-ae40-7a127c173b16', 'qty': 2}], 'atomic_update': True, 'delay': 0.0, 'drop': 0}, response_status: 200, response: {'order_id': '394a6229-d903-4a4e-96ff-5ae038351c23', 'status': 'OUT_OF_STOCK', 'reason': 'Out of stock: b2926dc2-cc6d-4c3e-ae40-7a127c173b16', 'total_input_tokens': 0, 'total_output_tokens': 0, 'total_llm_calls': 0} trace_id=f09815fb-3ed9-410f-8726-648c8d95486b
2026-08-18 21:13:40,932 - INFO - Request for orchestrate_order completed, final_status:OUT_OF_STOCK,  trace_id=f09815fb-3ed9-410f-8726-648c8d95486b
2026-08-18 21:13:40,934 - INFO - HTTP Request: POST http://127.0.0.1:8002/price "HTTP/1.1 200 OK"
2026-08-18 21:13:40,935 - INFO - Pricing Service Called, req: {'items': [{'product_id': 'b2926dc2-cc6d-4c3e-ae40-7a127c173b16', 'qty': 2}], 'promo_codes': [], 'only_final_price': True}, response_status: 200, trace_id=e1e64c02-c983-49b5-97c3-dc7177c704e5
2026-08-18 21:13:40,936 - INFO - Request for orchestrate_order started, order_id=4f8ec07a-2393-4ec7-a4d6-e03fe5cd9287, trace_id=e1e64c02-c983-49b5-97c3-dc7177c704e5
2026-08-18 21:13:40,945 - INFO - Inventory Reservation Service Called, req: {'order_id': '4f8ec07a-2393-4ec7-a4d6-e03fe5cd9287', 'items': [{'sku': 'b2926dc2-cc6d-4c3e-ae40-7a127c173b16', 'qty': 2}], 'atomic_update': True, 'delay': 0.0, 'drop': 0}, response_status: 200, response: {'order_id': '4f8ec07a-2393-4ec7-a4d6-e03fe5cd9287', 'status': 'OUT_OF_STOCK', 'reason': 'Out of stock: b2926dc2-cc6d-4c3e-ae40-7a127c173b16', 'total_input_tokens': 0, 'total_output_tokens': 0, 'total_llm_calls': 0} trace_id=e1e64c02-c983-49b5-97c3-dc7177c704e5
2026-08-18 21:13:40,948 - INFO - Request for orchestrate_order completed, final_status:OUT_OF_STOCK,  trace_id=e1e64c02-c983-49b5-97c3-dc7177c704e5
2026-08-18 21:18:57,745 - INFO - Request for checkout_cart, cart_id=67e213d3-6699-4904-aead-6507c328a582, user_id=None, trace_id=733cc4bc-5ced-4829-adf3-b809c0649b4a
2026-08-18 21:18:57,751 - INFO - Cart Service Called, request_cart_id: 67e213d3-6699-4904-aead-6507c328a582, response_status: 200, trace_id=733cc4bc-5ced-4829-adf3-b809c0649b4a
2026-08-18 21:18:57,757 - INFO - HTTP Request: POST http://127.0.0.1:8002/price "HTTP/1.1 200 OK"
2026-08-18 21:18:57,758 - INFO - Pricing Service Called, req: {'items': [{'product_id': 'b2926dc2-cc6d-4c3e-ae40-7a127c173b16', 'qty': 2}], 'promo_codes': [], 'only_final_price': True}, response_status: 200, trace_id=733cc4bc-5ced-4829-adf3-b809c0649b4a
2026-08-18 21:18:57,758 - INFO - Request for orchestrate_order started, order_id=58bc9a8c-d62d-4f95-9007-dea618267171, trace_id=733cc4bc-5ced-4829-adf3-b809c0649b4a
2026-08-18 21:18:57,768 - INFO - Inventory Reservation Service Called, req: {'order_id': '58bc9a8c-d62d-4f95-9007-dea618267171', 'items': [{'sku': 'b2926dc2-cc6d-4c3e-ae40-7a127c173b16', 'qty': 2}], 'atomic_update': True, 'delay': 0.0, 'drop': 0}, response_status: 200, response: {'order_id': '58bc9a8c-d62d-4f95-9007-dea618267171', 'status': 'RESERVED', 'items': [{'sku': 'b2926dc2-cc6d-4c3e-ae40-7a127c173b16', 'remaining': 8}], 'total_input_tokens': 0, 'total_output_tokens': 0, 'total_llm_calls': 0} trace_id=733cc4bc-5ced-4829-adf3-b809c0649b4a
2026-08-18 21:18:58,076 - INFO - Payment Service Called, req: {'order_id': '58bc9a8c-d62d-4f95-9007-dea618267171', 'final_price': 300.0}, response_status: 200, response: {'order_id': '58bc9a8c-d62d-4f95-9007-dea618267171', 'status': 'SUCCESS', 'total_input_tokens': 0, 'total_output_tokens': 0, 'total_llm_calls': 0} trace_id=733cc4bc-5ced-4829-adf3-b809c0649b4a
2026-08-18 21:18:58,282 - INFO - Shipment Service Called, req: {'order_id': '58bc9a8c-d62d-4f95-9007-dea618267171', 'address': 'SAMPLE_ADDRESS'}, response_status: 200, response: {'shipment_id': '9aba8fd0-83b6-4bc9-8733-6524963149ac', 'tracking_id': 'cff6f9cf-323e-45cb-b72d-3c0e967b5173', 'total_input_tokens': 0, 'total_output_tokens': 0, 'total_llm_calls': 0} trace_id=733cc4bc-5ced-4829-adf3-b809c0649b4a
2026-08-18 21:18:58,284 - INFO - Request for orchestrate_order completed, final_status:COMPLETED,  trace_id=733cc4bc-5ced-4829-adf3-b809c0649b4a
2026-08-18 21:18:58,285 - INFO - Request for checkout_cart, cart_id=ec28d3e2-77a4-4ab2-b584-1d2e793444ab, user_id=None, trace_id=4df6653f-b8c8-4eee-8c67-f72018f65a44
2026-08-18 21:18:58,291 - INFO - Cart Service Called, request_cart_id: ec28d3e2-77a4-4ab2-b584-1d2e793444ab, response_status: 200, trace_id=4df6653f-b8c8-4eee-8c67-f72018f65a44
2026-08-18 21:18:58,293 - INFO - Request for checkout_cart, cart_id=9a0d0c65-dabc-4e23-984e-efe395dc902b, user_id=None, trace_id=a0f898db-330f-4461-a367-d21ef491c0d0
2026-08-18 21:18:58,298 - INFO - Cart Service Called, request_cart_id: 9a0d0c65-dabc-4e23-984e-efe395dc902b, response_status: 200, trace_id=a0f898db-330f-4461-a367-d21ef491c0d0
2026-08-18 21:18:58,300 - INFO - Request for checkout_cart, cart_id=32dbd429-b690-4863-a80e-f7caf9f2af73, user_id=None, trace_id=6418e6e9-2bb4-4a7c-bd21-f087ef3a04f7
2026-08-18 21:18:58,306 - INFO - Cart Service Called, request_cart_id: 32dbd429-b690-4863-a80e-f7caf9f2af73, response_status: 200, trace_id=6418e6e9-2bb4-4a7c-bd21-f087ef3a04f7
2026-08-18 21:18:58,308 - INFO - Request for checkout_cart, cart_id=e3fe0926-1377-4f12-bd2c-8d6bd340f4e9, user_id=None, trace_id=10556b83-0f95-479c-999c-5ebc7be00fd4
2026-08-18 21:18:58,314 - INFO - Cart Service Called, request_cart_id: e3fe0926-1377-4f12-bd2c-8d6bd340f4e9, response_status: 200, trace_id=10556b83-0f95-479c-999c-5ebc7be00fd4
2026-08-18 21:18:58,316 - INFO - Request for checkout_cart, cart_id=6071d1db-fe90-4611-aa7b-1bdf2722b8c3, user_id=None, trace_id=90bad347-26a0-4990-b8c8-232b54444bc9
2026-08-18 21:18:58,320 - INFO - Cart Service Called, request_cart_id: 6071d1db-fe90-4611-aa7b-1bdf2722b8c3, response_status: 200, trace_id=90bad347-26a0-4990-b8c8-232b54444bc9
2026-08-18 21:18:58,322 - INFO - Request for checkout_cart, cart_id=1b4aa63f-9ee9-464c-bc90-594d9d889ca0, user_id=None, trace_id=b15c8517-9808-4e84-a3e9-d1fcc7d13485
2026-08-18 21:18:58,329 - INFO - Cart Service Called, request_cart_id: 1b4aa63f-9ee9-464c-bc90-594d9d889ca0, response_status: 200, trace_id=b15c8517-9808-4e84-a3e9-d1fcc7d13485
2026-08-18 21:18:58,331 - INFO - HTTP Request: POST http://127.0.0.1:8002/price "HTTP/1.1 200 OK"
2026-08-18 21:18:58,332 - INFO - Request for checkout_cart, cart_id=04dd8b3e-8455-402f-8905-0c2252c9bae5, user_id=None, trace_id=94a3335b-8812-42fe-851e-0c3b16075a55
2026-08-18 21:18:58,338 - INFO - Cart Service Called, request_cart_id: 04dd8b3e-8455-402f-8905-0c2252c9bae5, response_status: 200, trace_id=94a3335b-8812-42fe-851e-0c3b16075a55
2026-08-18 21:18:58,340 - INFO - Pricing Service Called, req: {'items': [{'product_id': 'b2926dc2-cc6d-4c3e-ae40-7a127c173b16', 'qty': 2}], 'promo_codes': [], 'only_final_price': True}, response_status: 200, trace_id=4df6653f-b8c8-4eee-8c67-f72018f65a44
2026-08-18 21:18:58,341 - INFO - Request for orchestrate_order started, order_id=f83fa2ba-6fd8-4f6b-b614-fcd7409e7831, trace_id=4df6653f-b8c8-4eee-8c67-f72018f65a44
2026-08-18 21:18:58,351 - INFO - Inventory Reservation Service Called, req: {'order_id': 'f83fa2ba-6fd8-4f6b-b614-fcd7409e7831', 'items': [{'sku': 'b2926dc2-cc6d-4c3e-ae40-7a127c173b16', 'qty': 2}], 'atomic_update': True, 'delay': 0.0, 'drop': 0}, response_status: 200, response: {'order_id': 'f83fa2ba-6fd8-4f6b-b614-fcd7409e7831', 'status': 'RESERVED', 'items': [{'sku': 'b2926dc2-cc6d-4c3e-ae40-7a127c173b16', 'remaining': 6}], 'total_input_tokens': 0, 'total_output_tokens': 0, 'total_llm_calls': 0} trace_id=4df6653f-b8c8-4eee-8c67-f72018f65a44
2026-08-18 21:18:58,665 - INFO - Payment Service Called, req: {'order_id': 'f83fa2ba-6fd8-4f6b-b614-fcd7409e7831', 'final_price': 300.0}, response_status: 200, response: {'order_id': 'f83fa2ba-6fd8-4f6b-b614-fcd7409e7831', 'status': 'SUCCESS', 'total_input_tokens': 0, 'total_output_tokens': 0, 'total_llm_calls': 0} trace_id=4df6653f-b8c8-4eee-8c67-f72018f65a44
2026-08-18 21:18:58,889 - INFO - Shipment Service Called, req: {'order_id': 'f83fa2ba-6fd8-4f6b-b614-fcd7409e7831', 'address': 'SAMPLE_ADDRESS'}, response_status: 200, response: {'shipment_id': 'fd508fcb-813c-47c6-a486-a60296d0b11e', 'tracking_id': 'd3e55809-8254-49f9-8769-9a86b95a9999', 'total_input_tokens': 0, 'total_output_tokens': 0, 'total_llm_calls': 0} trace_id=4df6653f-b8c8-4eee-8c67-f72018f65a44
2026-08-18 21:18:58,894 - INFO - Request for orchestrate_order completed, final_status:COMPLETED,  trace_id=4df6653f-b8c8-4eee-8c67-f72018f65a44
2026-08-18 21:18:58,903 - INFO - Request for checkout_cart, cart_id=9daad265-6dc8-4758-b571-6485a9c82b4e, user_id=None, trace_id=b071e2ec-5fd2-4afe-add3-a334cd36f13e
2026-08-18 21:18:58,924 - INFO - Cart Service Called, request_cart_id: 9daad265-6dc8-4758-b571-6485a9c82b4e, response_status: 200, trace_id=b071e2ec-5fd2-4afe-add3-a334cd36f13e
2026-08-18 21:18:58,931 - INFO - Request for checkout_cart, cart_id=c9648017-b420-4596-9409-c86abeb4decc, user_id=None, trace_id=3278c360-1057-42b8-9b89-c1fdebc773f2
2026-08-18 21:18:58,957 - INFO - Cart Service Called, request_cart_id: c9648017-b420-4596-9409-c86abeb4decc, response_status: 200, trace_id=3278c360-1057-42b8-9b89-c1fdebc773f2
2026-08-18 21:18:58,966 - INFO - Request for checkout_cart, cart_id=eb64746d-2a19-406e-8cda-08d3a7e81304, user_id=None, trace_id=edd370ef-b404-43c1-ae29-845a78fbf2c0
2026-08-18 21:18:58,986 - INFO - Cart Service Called, request_cart_id: eb64746d-2a19-406e-8cda-08d3a7e81304, response_status: 200, trace_id=edd370ef-b404-43c1-ae29-845a78fbf2c0
2026-08-18 21:18:59,026 - INFO - HTTP Request: POST http://127.0.0.1:8002/price "HTTP/1.1 200 OK"
2026-08-18 21:18:59,028 - INFO - Pricing Service Called, req: {'items': [{'product_id': 'b2926dc2-cc6d-4c3e-ae40-7a127c173b16', 'qty': 2}], 'promo_codes': [], 'only_final_price': True}, response_status: 200, trace_id=b071e2ec-5fd2-4afe-add3-a334cd36f13e
2026-08-18 21:18:59,028 - INFO - Request for orchestrate_order started, order_id=ea9f97ed-d8d5-43ef-b441-a38e4a28b1f6, trace_id=b071e2ec-5fd2-4afe-add3-a334cd36f13e
2026-08-18 21:18:59,043 - INFO - Inventory Reservation Service Called, req: {'order_id': 'ea9f97ed-d8d5-43ef-b441-a38e4a28b1f6', 'items': [{'sku': 'b2926dc2-cc6d-4c3e-ae40-7a127c173b16', 'qty': 2}], 'atomic_update': True, 'delay': 0.0, 'drop': 0}, response_status: 200, response: {'order_id': 'ea9f97ed-d8d5-43ef-b441-a38e4a28b1f6', 'status': 'RESERVED', 'items': [{'sku': 'b2926dc2-cc6d-4c3e-ae40-7a127c173b16', 'remaining': 4}], 'total_input_tokens': 0, 'total_output_tokens': 0, 'total_llm_calls': 0} trace_id=b071e2ec-5fd2-4afe-add3-a334cd36f13e
2026-08-18 21:18:59,355 - INFO - Payment Service Called, req: {'order_id': 'ea9f97ed-d8d5-43ef-b441-a38e4a28b1f6', 'final_price': 300.0}, response_status: 200, response: {'order_id': 'ea9f97ed-d8d5-43ef-b441-a38e4a28b1f6', 'status': 'SUCCESS', 'total_input_tokens': 0, 'total_output_tokens': 0, 'total_llm_calls': 0} trace_id=b071e2ec-5fd2-4afe-add3-a334cd36f13e
2026-08-18 21:18:59,569 - INFO - Shipment Service Called, req: {'order_id': 'ea9f97ed-d8d5-43ef-b441-a38e4a28b1f6', 'address': 'SAMPLE_ADDRESS'}, response_status: 200, response: {'shipment_id': 'e849cfba-5068-4487-8d8f-c674725d70ee', 'tracking_id': '3ba6e5d1-2550-4da2-bab3-8b2beda58483', 'total_input_tokens': 0, 'total_output_tokens': 0, 'total_llm_calls': 0} trace_id=b071e2ec-5fd2-4afe-add3-a334cd36f13e
2026-08-18 21:18:59,570 - INFO - Request for orchestrate_order completed, final_status:COMPLETED,  trace_id=b071e2ec-5fd2-4afe-add3-a334cd36f13e
2026-08-18 21:18:59,572 - INFO - HTTP Request: POST http://127.0.0.1:8002/price "HTTP/1.1 200 OK"
2026-08-18 21:18:59,573 - INFO - HTTP Request: POST http://127.0.0.1:8002/price "HTTP/1.1 200 OK"
2026-08-18 21:18:59,575 - INFO - HTTP Request: POST http://127.0.0.1:8002/price "HTTP/1.1 200 OK"
2026-08-18 21:18:59,576 - INFO - HTTP Request: POST http://127.0.0.1:8002/price "HTTP/1.1 200 OK"
2026-08-18 21:18:59,577 - INFO - HTTP Request: POST http://127.0.0.1:8002/price "HTTP/1.1 200 OK"
2026-08-18 21:18:59,578 - INFO - HTTP Request: POST http://127.0.0.1:8002/price "HTTP/1.1 200 OK"
2026-08-18 21:18:59,581 - INFO - HTTP Request: POST http://127.0.0.1:8002/price "HTTP/1.1 200 OK"
2026-08-18 21:18:59,583 - INFO - HTTP Request: POST http://127.0.0.1:8002/price "HTTP/1.1 200 OK"
2026-08-18 21:18:59,584 - INFO - Pricing Service Called, req: {'items': [{'product_id': 'b2926dc2-cc6d-4c3e-ae40-7a127c173b16', 'qty': 2}], 'promo_codes': [], 'only_final_price': True}, response_status: 200, trace_id=6418e6e9-2bb4-4a7c-bd21-f087ef3a04f7
2026-08-18 21:18:59,584 - INFO - Request for orchestrate_order started, order_id=4be6199c-7394-4345-928b-e8567f29a1d0, trace_id=6418e6e9-2bb4-4a7c-bd21-f087ef3a04f7
2026-08-18 21:18:59,596 - INFO - Inventory Reservation Service Called, req: {'order_id': '4be6199c-7394-4345-928b-e8567f29a1d0', 'items': [{'sku': 'b2926dc2-cc6d-4c3e-ae40-7a127c173b16', 'qty': 2}], 'atomic_update': True, 'delay': 0.0, 'drop': 0}, response_status: 200, response: {'order_id': '4be6199c-7394-4345-928b-e8567f29a1d0', 'status': 'RESERVED', 'items': [{'sku': 'b2926dc2-cc6d-4c3e-ae40-7a127c173b16', 'remaining': 2}], 'total_input_tokens': 0, 'total_output_tokens': 0, 'total_llm_calls': 0} trace_id=6418e6e9-2bb4-4a7c-bd21-f087ef3a04f7
2026-08-18 21:18:59,902 - INFO - Payment Service Called, req: {'order_id': '4be6199c-7394-4345-928b-e8567f29a1d0', 'final_price': 300.0}, response_status: 200, response: {'order_id': '4be6199c-7394-4345-928b-e8567f29a1d0', 'status': 'SUCCESS', 'total_input_tokens': 0, 'total_output_tokens': 0, 'total_llm_calls': 0} trace_id=6418e6e9-2bb4-4a7c-bd21-f087ef3a04f7
2026-08-18 21:19:00,112 - INFO - Shipment Service Called, req: {'order_id': '4be6199c-7394-4345-928b-e8567f29a1d0', 'address': 'SAMPLE_ADDRESS'}, response_status: 200, response: {'shipment_id': 'c9a6801a-91fa-4001-8d97-0125e54930c1', 'tracking_id': 'd6376c9b-d9c0-4317-8042-7c3f7d324949', 'total_input_tokens': 0, 'total_output_tokens': 0, 'total_llm_calls': 0} trace_id=6418e6e9-2bb4-4a7c-bd21-f087ef3a04f7
2026-08-18 21:19:00,115 - INFO - Request for orchestrate_order completed, final_status:COMPLETED,  trace_id=6418e6e9-2bb4-4a7c-bd21-f087ef3a04f7
2026-08-18 21:19:00,119 - INFO - Pricing Service Called, req: {'items': [{'product_id': 'b2926dc2-cc6d-4c3e-ae40-7a127c173b16', 'qty': 2}], 'promo_codes': [], 'only_final_price': True}, response_status: 200, trace_id=10556b83-0f95-479c-999c-5ebc7be00fd4
2026-08-18 21:19:00,119 - INFO - Request for orchestrate_order started, order_id=5d0544d2-4f2c-4a99-9acb-0499251ee173, trace_id=10556b83-0f95-479c-999c-5ebc7be00fd4
2026-08-18 21:19:00,136 - INFO - Inventory Reservation Service Called, req: {'order_id': '5d0544d2-4f2c-4a99-9acb-0499251ee173', 'items': [{'sku': 'b2926dc2-cc6d-4c3e-ae40-7a127c173b16', 'qty': 2}], 'atomic_update': True, 'delay': 0.0, 'drop': 0}, response_status: 200, response: {'order_id': '5d0544d2-4f2c-4a99-9acb-0499251ee173', 'status': 'RESERVED', 'items': [{'sku': 'b2926dc2-cc6d-4c3e-ae40-7a127c173b16', 'remaining': 0}], 'total_input_tokens': 0, 'total_output_tokens': 0, 'total_llm_calls': 0} trace_id=10556b83-0f95-479c-999c-5ebc7be00fd4
2026-08-18 21:19:00,450 - INFO - Payment Service Called, req: {'order_id': '5d0544d2-4f2c-4a99-9acb-0499251ee173', 'final_price': 300.0}, response_status: 200, response: {'order_id': '5d0544d2-4f2c-4a99-9acb-0499251ee173', 'status': 'SUCCESS', 'total_input_tokens': 0, 'total_output_tokens': 0, 'total_llm_calls': 0} trace_id=10556b83-0f95-479c-999c-5ebc7be00fd4
2026-08-18 21:19:00,666 - INFO - Shipment Service Called, req: {'order_id': '5d0544d2-4f2c-4a99-9acb-0499251ee173', 'address': 'SAMPLE_ADDRESS'}, response_status: 200, response: {'shipment_id': 'd8b6bc9b-c356-4c6a-8319-965decf12bea', 'tracking_id': '422fff04-e127-498d-9653-7e7416781531', 'total_input_tokens': 0, 'total_output_tokens': 0, 'total_llm_calls': 0} trace_id=10556b83-0f95-479c-999c-5ebc7be00fd4
2026-08-18 21:19:00,669 - INFO - Request for orchestrate_order completed, final_status:COMPLETED,  trace_id=10556b83-0f95-479c-999c-5ebc7be00fd4
2026-08-18 21:19:00,673 - INFO - Pricing Service Called, req: {'items': [{'product_id': 'b2926dc2-cc6d-4c3e-ae40-7a127c173b16', 'qty': 2}], 'promo_codes': [], 'only_final_price': True}, response_status: 200, trace_id=b15c8517-9808-4e84-a3e9-d1fcc7d13485
2026-08-18 21:19:00,674 - INFO - Request for orchestrate_order started, order_id=d1ae420b-0c00-45dc-af25-dddf199361ad, trace_id=b15c8517-9808-4e84-a3e9-d1fcc7d13485
2026-08-18 21:19:00,690 - INFO - Inventory Reservation Service Called, req: {'order_id': 'd1ae420b-0c00-45dc-af25-dddf199361ad', 'items': [{'sku': 'b2926dc2-cc6d-4c3e-ae40-7a127c173b16', 'qty': 2}], 'atomic_update': True, 'delay': 0.0, 'drop': 0}, response_status: 200, response: {'order_id': 'd1ae420b-0c00-45dc-af25-dddf199361ad', 'status': 'OUT_OF_STOCK', 'reason': 'Out of stock: b2926dc2-cc6d-4c3e-ae40-7a127c173b16', 'total_input_tokens': 0, 'total_output_tokens': 0, 'total_llm_calls': 0} trace_id=b15c8517-9808-4e84-a3e9-d1fcc7d13485
2026-08-18 21:19:00,693 - INFO - Request for orchestrate_order completed, final_status:OUT_OF_STOCK,  trace_id=b15c8517-9808-4e84-a3e9-d1fcc7d13485
2026-08-18 21:19:00,697 - INFO - Pricing Service Called, req: {'items': [{'product_id': 'b2926dc2-cc6d-4c3e-ae40-7a127c173b16', 'qty': 2}], 'promo_codes': [], 'only_final_price': True}, response_status: 200, trace_id=a0f898db-330f-4461-a367-d21ef491c0d0
2026-08-18 21:19:00,698 - INFO - Request for orchestrate_order started, order_id=218fb93d-6708-48c3-8698-60658b95ca35, trace_id=a0f898db-330f-4461-a367-d21ef491c0d0
2026-08-18 21:19:00,708 - INFO - Inventory Reservation Service Called, req: {'order_id': '218fb93d-6708-48c3-8698-60658b95ca35', 'items': [{'sku': 'b2926dc2-cc6d-4c3e-ae40-7a127c173b16', 'qty': 2}], 'atomic_update': True, 'delay': 0.0, 'drop': 0}, response_status: 200, response: {'order_id': '218fb93d-6708-48c3-8698-60658b95ca35', 'status': 'OUT_OF_STOCK', 'reason': 'Out of stock: b2926dc2-cc6d-4c3e-ae40-7a127c173b16', 'total_input_tokens': 0, 'total_output_tokens': 0, 'total_llm_calls': 0} trace_id=a0f898db-330f-4461-a367-d21ef491c0d0
2026-08-18 21:19:00,709 - INFO - Request for orchestrate_order completed, final_status:OUT_OF_STOCK,  trace_id=a0f898db-330f-4461-a367-d21ef491c0d0
2026-08-18 21:19:00,710 - INFO - Pricing Service Called, req: {'items': [{'product_id': 'b2926dc2-cc6d-4c3e-ae40-7a127c173b16', 'qty': 2}], 'promo_codes': [], 'only_final_price': True}, response_status: 200, trace_id=94a3335b-8812-42fe-851e-0c3b16075a55
2026-08-18 21:19:00,711 - INFO - Request for orchestrate_order started, order_id=aca6e5f7-88e5-403e-af09-c0cf43a013df, trace_id=94a3335b-8812-42fe-851e-0c3b16075a55
2026-08-18 21:19:00,717 - INFO - Inventory Reservation Service Called, req: {'order_id': 'aca6e5f7-88e5-403e-af09-c0cf43a013df', 'items': [{'sku': 'b2926dc2-cc6d-4c3e-ae40-7a127c173b16', 'qty': 2}], 'atomic_update': True, 'delay': 0.0, 'drop': 0}, response_status: 200, response: {'order_id': 'aca6e5f7-88e5-403e-af09-c0cf43a013df', 'status': 'OUT_OF_STOCK', 'reason': 'Out of stock: b2926dc2-cc6d-4c3e-ae40-7a127c173b16', 'total_input_tokens': 0, 'total_output_tokens': 0, 'total_llm_calls': 0} trace_id=94a3335b-8812-42fe-851e-0c3b16075a55
2026-08-18 21:19:00,718 - INFO - Request for orchestrate_order completed, final_status:OUT_OF_STOCK,  trace_id=94a3335b-8812-42fe-851e-0c3b16075a55
2026-08-18 21:19:00,719 - INFO - Pricing Service Called, req: {'items': [{'product_id': 'b2926dc2-cc6d-4c3e-ae40-7a127c173b16', 'qty': 2}], 'promo_codes': [], 'only_final_price': True}, response_status: 200, trace_id=90bad347-26a0-4990-b8c8-232b54444bc9
2026-08-18 21:19:00,719 - INFO - Request for orchestrate_order started, order_id=a6aa0e8d-ba2d-4382-8f56-9af82c783283, trace_id=90bad347-26a0-4990-b8c8-232b54444bc9
2026-08-18 21:19:00,724 - INFO - Inventory Reservation Service Called, req: {'order_id': 'a6aa0e8d-ba2d-4382-8f56-9af82c783283', 'items': [{'sku': 'b2926dc2-cc6d-4c3e-ae40-7a127c173b16', 'qty': 2}], 'atomic_update': True, 'delay': 0.0, 'drop': 0}, response_status: 200, response: {'order_id': 'a6aa0e8d-ba2d-4382-8f56-9af82c783283', 'status': 'OUT_OF_STOCK', 'reason': 'Out of stock: b2926dc2-cc6d-4c3e-ae40-7a127c173b16', 'total_input_tokens': 0, 'total_output_tokens': 0, 'total_llm_calls': 0} trace_id=90bad347-26a0-4990-b8c8-232b54444bc9
2026-08-18 21:19:00,725 - INFO - Request for orchestrate_order completed, final_status:OUT_OF_STOCK,  trace_id=90bad347-26a0-4990-b8c8-232b54444bc9
2026-08-18 21:19:00,727 - INFO - Pricing Service Called, req: {'items': [{'product_id': 'b2926dc2-cc6d-4c3e-ae40-7a127c173b16', 'qty': 2}], 'promo_codes': [], 'only_final_price': True}, response_status: 200, trace_id=3278c360-1057-42b8-9b89-c1fdebc773f2
2026-08-18 21:19:00,727 - INFO - Request for orchestrate_order started, order_id=52b74ee8-03f4-4d93-8dfe-b274aa3adaa4, trace_id=3278c360-1057-42b8-9b89-c1fdebc773f2
2026-08-18 21:19:00,732 - INFO - Inventory Reservation Service Called, req: {'order_id': '52b74ee8-03f4-4d93-8dfe-b274aa3adaa4', 'items': [{'sku': 'b2926dc2-cc6d-4c3e-ae40-7a127c173b16', 'qty': 2}], 'atomic_update': True, 'delay': 0.0, 'drop': 0}, response_status: 200, response: {'order_id': '52b74ee8-03f4-4d93-8dfe-b274aa3adaa4', 'status': 'OUT_OF_STOCK', 'reason': 'Out of stock: b2926dc2-cc6d-4c3e-ae40-7a127c173b16', 'total_input_tokens': 0, 'total_output_tokens': 0, 'total_llm_calls': 0} trace_id=3278c360-1057-42b8-9b89-c1fdebc773f2
2026-08-18 21:19:00,733 - INFO - Request for orchestrate_order completed, final_status:OUT_OF_STOCK,  trace_id=3278c360-1057-42b8-9b89-c1fdebc773f2
2026-08-18 21:19:00,734 - INFO - Pricing Service Called, req: {'items': [{'product_id': 'b2926dc2-cc6d-4c3e-ae40-7a127c173b16', 'qty': 2}], 'promo_codes': [], 'only_final_price': True}, response_status: 200, trace_id=edd370ef-b404-43c1-ae29-845a78fbf2c0
2026-08-18 21:19:00,734 - INFO - Request for orchestrate_order started, order_id=2fd4bf2b-bd6f-47c8-8c0d-6b30a9990456, trace_id=edd370ef-b404-43c1-ae29-845a78fbf2c0
2026-08-18 21:19:00,738 - INFO - Inventory Reservation Service Called, req: {'order_id': '2fd4bf2b-bd6f-47c8-8c0d-6b30a9990456', 'items': [{'sku': 'b2926dc2-cc6d-4c3e-ae40-7a127c173b16', 'qty': 2}], 'atomic_update': True, 'delay': 0.0, 'drop': 0}, response_status: 200, response: {'order_id': '2fd4bf2b-bd6f-47c8-8c0d-6b30a9990456', 'status': 'OUT_OF_STOCK', 'reason': 'Out of stock: b2926dc2-cc6d-4c3e-ae40-7a127c173b16', 'total_input_tokens': 0, 'total_output_tokens': 0, 'total_llm_calls': 0} trace_id=edd370ef-b404-43c1-ae29-845a78fbf2c0
2026-08-18 21:19:00,739 - INFO - Request for orchestrate_order completed, final_status:OUT_OF_STOCK,  trace_id=edd370ef-b404-43c1-ae29-845a78fbf2c0
2026-08-18 21:19:00,740 - INFO - Request for checkout_cart, cart_id=24827640-7dca-4eab-8ea4-cb1b2ab4d7f8, user_id=None, trace_id=3ee19c49-50b6-400f-869d-b6dee4297d67
2026-08-18 21:19:00,745 - INFO - Cart Service Called, request_cart_id: 24827640-7dca-4eab-8ea4-cb1b2ab4d7f8, response_status: 200, trace_id=3ee19c49-50b6-400f-869d-b6dee4297d67
2026-08-18 21:19:00,746 - INFO - Request for checkout_cart, cart_id=fada637d-90ce-4740-ad0c-12ea994cb14d, user_id=None, trace_id=ce6184db-46f4-40f9-b3a8-eb11b4c238b0
2026-08-18 21:19:00,751 - INFO - Cart Service Called, request_cart_id: fada637d-90ce-4740-ad0c-12ea994cb14d, response_status: 200, trace_id=ce6184db-46f4-40f9-b3a8-eb11b4c238b0
2026-08-18 21:19:00,762 - INFO - HTTP Request: POST http://127.0.0.1:8002/price "HTTP/1.1 200 OK"
2026-08-18 21:19:00,763 - INFO - HTTP Request: POST http://127.0.0.1:8002/price "HTTP/1.1 200 OK"
2026-08-18 21:19:00,764 - INFO - Pricing Service Called, req: {'items': [{'product_id': 'b2926dc2-cc6d-4c3e-ae40-7a127c173b16', 'qty': 2}], 'promo_codes': [], 'only_final_price': True}, response_status: 200, trace_id=ce6184db-46f4-40f9-b3a8-eb11b4c238b0
2026-08-18 21:19:00,765 - INFO - Request for orchestrate_order started, order_id=28f0c480-3fcf-4348-b47f-85484a25b887, trace_id=ce6184db-46f4-40f9-b3a8-eb11b4c238b0
2026-08-18 21:19:00,776 - INFO - Inventory Reservation Service Called, req: {'order_id': '28f0c480-3fcf-4348-b47f-85484a25b887', 'items': [{'sku': 'b2926dc2-cc6d-4c3e-ae40-7a127c173b16', 'qty': 2}], 'atomic_update': True, 'delay': 0.0, 'drop': 0}, response_status: 200, response: {'order_id': '28f0c480-3fcf-4348-b47f-85484a25b887', 'status': 'OUT_OF_STOCK', 'reason': 'Out of stock: b2926dc2-cc6d-4c3e-ae40-7a127c173b16', 'total_input_tokens': 0, 'total_output_tokens': 0, 'total_llm_calls': 0} trace_id=ce6184db-46f4-40f9-b3a8-eb11b4c238b0
2026-08-18 21:19:00,778 - INFO - Request for orchestrate_order completed, final_status:OUT_OF_STOCK,  trace_id=ce6184db-46f4-40f9-b3a8-eb11b4c238b0
2026-08-18 21:19:00,780 - INFO - Pricing Service Called, req: {'items': [{'product_id': 'b2926dc2-cc6d-4c3e-ae40-7a127c173b16', 'qty': 2}], 'promo_codes': [], 'only_final_price': True}, response_status: 200, trace_id=3ee19c49-50b6-400f-869d-b6dee4297d67
2026-08-18 21:19:00,780 - INFO - Request for orchestrate_order started, order_id=67e3c4a3-a843-4d98-a54e-56b02a3a4d07, trace_id=3ee19c49-50b6-400f-869d-b6dee4297d67
2026-08-18 21:19:00,797 - INFO - Inventory Reservation Service Called, req: {'order_id': '67e3c4a3-a843-4d98-a54e-56b02a3a4d07', 'items': [{'sku': 'b2926dc2-cc6d-4c3e-ae40-7a127c173b16', 'qty': 2}], 'atomic_update': True, 'delay': 0.0, 'drop': 0}, response_status: 200, response: {'order_id': '67e3c4a3-a843-4d98-a54e-56b02a3a4d07', 'status': 'OUT_OF_STOCK', 'reason': 'Out of stock: b2926dc2-cc6d-4c3e-ae40-7a127c173b16', 'total_input_tokens': 0, 'total_output_tokens': 0, 'total_llm_calls': 0} trace_id=3ee19c49-50b6-400f-869d-b6dee4297d67
2026-08-18 21:19:00,799 - INFO - Request for orchestrate_order completed, final_status:OUT_OF_STOCK,  trace_id=3ee19c49-50b6-400f-869d-b6dee4297d67
2026-08-18 21:19:00,866 - INFO - Request for checkout_cart, cart_id=d30a5bb6-bdd8-4b8e-9abb-e320e232a56e, user_id=None, trace_id=d2293bbb-3e1b-4c46-8c2e-9d5194947b3d
2026-08-18 21:19:00,877 - INFO - Cart Service Called, request_cart_id: d30a5bb6-bdd8-4b8e-9abb-e320e232a56e, response_status: 200, trace_id=d2293bbb-3e1b-4c46-8c2e-9d5194947b3d
2026-08-18 21:19:00,887 - INFO - Request for checkout_cart, cart_id=225b5c1d-1f72-48e3-a4c5-d886904a106a, user_id=None, trace_id=2773d7b7-3c46-4098-aa41-30596a878837
2026-08-18 21:19:00,904 - INFO - Cart Service Called, request_cart_id: 225b5c1d-1f72-48e3-a4c5-d886904a106a, response_status: 200, trace_id=2773d7b7-3c46-4098-aa41-30596a878837
2026-08-18 21:19:00,908 - INFO - HTTP Request: POST http://127.0.0.1:8002/price "HTTP/1.1 200 OK"
2026-08-18 21:19:00,911 - INFO - Pricing Service Called, req: {'items': [{'product_id': 'b2926dc2-cc6d-4c3e-ae40-7a127c173b16', 'qty': 2}], 'promo_codes': [], 'only_final_price': True}, response_status: 200, trace_id=d2293bbb-3e1b-4c46-8c2e-9d5194947b3d
2026-08-18 21:19:00,912 - INFO - Request for orchestrate_order started, order_id=21b57519-cc6c-466c-99ff-d2aaffb3e039, trace_id=d2293bbb-3e1b-4c46-8c2e-9d5194947b3d
2026-08-18 21:19:00,922 - INFO - Inventory Reservation Service Called, req: {'order_id': '21b57519-cc6c-466c-99ff-d2aaffb3e039', 'items': [{'sku': 'b2926dc2-cc6d-4c3e-ae40-7a127c173b16', 'qty': 2}], 'atomic_update': True, 'delay': 0.0, 'drop': 0}, response_status: 200, response: {'order_id': '21b57519-cc6c-466c-99ff-d2aaffb3e039', 'status': 'OUT_OF_STOCK', 'reason': 'Out of stock: b2926dc2-cc6d-4c3e-ae40-7a127c173b16', 'total_input_tokens': 0, 'total_output_tokens': 0, 'total_llm_calls': 0} trace_id=d2293bbb-3e1b-4c46-8c2e-9d5194947b3d
2026-08-18 21:19:00,924 - INFO - Request for orchestrate_order completed, final_status:OUT_OF_STOCK,  trace_id=d2293bbb-3e1b-4c46-8c2e-9d5194947b3d
2026-08-18 21:19:00,926 - INFO - Request for checkout_cart, cart_id=e830e240-e076-47ea-9ca4-a2c56ff6de79, user_id=None, trace_id=e10bd717-1f21-4aa8-ad19-da24f6c1605c
2026-08-18 21:19:00,936 - INFO - Cart Service Called, request_cart_id: e830e240-e076-47ea-9ca4-a2c56ff6de79, response_status: 200, trace_id=e10bd717-1f21-4aa8-ad19-da24f6c1605c
2026-08-18 21:19:00,940 - INFO - Request for checkout_cart, cart_id=c683bafd-91c7-4bff-8a16-aae84818f470, user_id=None, trace_id=6d3bbc13-7f16-4adb-9fd5-715b66117b7d
2026-08-18 21:19:00,952 - INFO - Cart Service Called, request_cart_id: c683bafd-91c7-4bff-8a16-aae84818f470, response_status: 200, trace_id=6d3bbc13-7f16-4adb-9fd5-715b66117b7d
2026-08-18 21:19:00,954 - INFO - Request for checkout_cart, cart_id=9a115a8d-cfa3-458c-b7fe-1575af22d22f, user_id=None, trace_id=8351f750-3cd8-4207-803b-2432d646ccc9
2026-08-18 21:19:00,960 - INFO - Cart Service Called, request_cart_id: 9a115a8d-cfa3-458c-b7fe-1575af22d22f, response_status: 200, trace_id=8351f750-3cd8-4207-803b-2432d646ccc9
2026-08-18 21:19:00,964 - INFO - HTTP Request: POST http://127.0.0.1:8002/price "HTTP/1.1 200 OK"
2026-08-18 21:19:00,966 - INFO - Request for checkout_cart, cart_id=ddf56a17-d373-48fd-8737-83d6e9c707e5, user_id=None, trace_id=c0778137-a784-44fa-8163-ca03ef85af59
2026-08-18 21:19:00,975 - INFO - Cart Service Called, request_cart_id: ddf56a17-d373-48fd-8737-83d6e9c707e5, response_status: 200, trace_id=c0778137-a784-44fa-8163-ca03ef85af59
2026-08-18 21:19:00,976 - INFO - Pricing Service Called, req: {'items': [{'product_id': 'b2926dc2-cc6d-4c3e-ae40-7a127c173b16', 'qty': 2}], 'promo_codes': [], 'only_final_price': True}, response_status: 200, trace_id=2773d7b7-3c46-4098-aa41-30596a878837
2026-08-18 21:19:00,977 - INFO - Request for orchestrate_order started, order_id=6ff4d503-e32b-4459-b40c-e589bc7a44b5, trace_id=2773d7b7-3c46-4098-aa41-30596a878837
2026-08-18 21:19:00,987 - INFO - Inventory Reservation Service Called, req: {'order_id': '6ff4d503-e32b-4459-b40c-e589bc7a44b5', 'items': [{'sku': 'b2926dc2-cc6d-4c3e-ae40-7a127c173b16', 'qty': 2}], 'atomic_update': True, 'delay': 0.0, 'drop': 0}, response_status: 200, response: {'order_id': '6ff4d503-e32b-4459-b40c-e589bc7a44b5', 'status': 'OUT_OF_STOCK', 'reason': 'Out of stock: b2926dc2-cc6d-4c3e-ae40-7a127c173b16', 'total_input_tokens': 0, 'total_output_tokens': 0, 'total_llm_calls': 0} trace_id=2773d7b7-3c46-4098-aa41-30596a878837
2026-08-18 21:19:00,988 - INFO - Request for orchestrate_order completed, final_status:OUT_OF_STOCK,  trace_id=2773d7b7-3c46-4098-aa41-30596a878837
2026-08-18 21:19:00,990 - INFO - Request for checkout_cart, cart_id=104a1e79-097f-46a8-954a-606ca6dee970, user_id=None, trace_id=3d9191c2-f7dd-4c7c-86c6-6293284c42e5
2026-08-18 21:19:00,996 - INFO - Cart Service Called, request_cart_id: 104a1e79-097f-46a8-954a-606ca6dee970, response_status: 200, trace_id=3d9191c2-f7dd-4c7c-86c6-6293284c42e5
2026-08-18 21:19:00,997 - INFO - HTTP Request: POST http://127.0.0.1:8002/price "HTTP/1.1 200 OK"
2026-08-18 21:19:01,004 - INFO - Pricing Service Called, req: {'items': [{'product_id': 'b2926dc2-cc6d-4c3e-ae40-7a127c173b16', 'qty': 2}], 'promo_codes': [], 'only_final_price': True}, response_status: 200, trace_id=e10bd717-1f21-4aa8-ad19-da24f6c1605c
2026-08-18 21:19:01,004 - INFO - Request for orchestrate_order started, order_id=8b348b5d-1bb6-4cc6-ba8b-fef3e5716a25, trace_id=e10bd717-1f21-4aa8-ad19-da24f6c1605c
2026-08-18 21:19:01,015 - INFO - Inventory Reservation Service Called, req: {'order_id': '8b348b5d-1bb6-4cc6-ba8b-fef3e5716a25', 'items': [{'sku': 'b2926dc2-cc6d-4c3e-ae40-7a127c173b16', 'qty': 2}], 'atomic_update': True, 'delay': 0.0, 'drop': 0}, response_status: 200, response: {'order_id': '8b348b5d-1bb6-4cc6-ba8b-fef3e5716a25', 'status': 'OUT_OF_STOCK', 'reason': 'Out of stock: b2926dc2-cc6d-4c3e-ae40-7a127c173b16', 'total_input_tokens': 0, 'total_output_tokens': 0, 'total_llm_calls': 0} trace_id=e10bd717-1f21-4aa8-ad19-da24f6c1605c
2026-08-18 21:19:01,018 - INFO - Request for orchestrate_order completed, final_status:OUT_OF_STOCK,  trace_id=e10bd717-1f21-4aa8-ad19-da24f6c1605c
2026-08-18 21:19:01,024 - INFO - HTTP Request: POST http://127.0.0.1:8002/price "HTTP/1.1 200 OK"
2026-08-18 21:19:01,025 - INFO - Pricing Service Called, req: {'items': [{'product_id': 'b2926dc2-cc6d-4c3e-ae40-7a127c173b16', 'qty': 2}], 'promo_codes': [], 'only_final_price': True}, response_status: 200, trace_id=6d3bbc13-7f16-4adb-9fd5-715b66117b7d
2026-08-18 21:19:01,025 - INFO - Request for orchestrate_order started, order_id=b62040ee-8985-4585-94fc-8200887f2231, trace_id=6d3bbc13-7f16-4adb-9fd5-715b66117b7d
2026-08-18 21:19:01,036 - INFO - Inventory Reservation Service Called, req: {'order_id': 'b62040ee-8985-4585-94fc-8200887f2231', 'items': [{'sku': 'b2926dc2-cc6d-4c3e-ae40-7a127c173b16', 'qty': 2}], 'atomic_update': True, 'delay': 0.0, 'drop': 0}, response_status: 200, response: {'order_id': 'b62040ee-8985-4585-94fc-8200887f2231', 'status': 'OUT_OF_STOCK', 'reason': 'Out of stock: b2926dc2-cc6d-4c3e-ae40-7a127c173b16', 'total_input_tokens': 0, 'total_output_tokens': 0, 'total_llm_calls': 0} trace_id=6d3bbc13-7f16-4adb-9fd5-715b66117b7d
2026-08-18 21:19:01,037 - INFO - Request for orchestrate_order completed, final_status:OUT_OF_STOCK,  trace_id=6d3bbc13-7f16-4adb-9fd5-715b66117b7d
2026-08-18 21:19:01,041 - INFO - HTTP Request: POST http://127.0.0.1:8002/price "HTTP/1.1 200 OK"
2026-08-18 21:19:01,043 - INFO - Pricing Service Called, req: {'items': [{'product_id': 'b2926dc2-cc6d-4c3e-ae40-7a127c173b16', 'qty': 2}], 'promo_codes': [], 'only_final_price': True}, response_status: 200, trace_id=c0778137-a784-44fa-8163-ca03ef85af59
2026-08-18 21:19:01,044 - INFO - Request for orchestrate_order started, order_id=dfcd64b4-7357-4ccf-8d24-7896910f85d7, trace_id=c0778137-a784-44fa-8163-ca03ef85af59
2026-08-18 21:19:01,056 - INFO - Inventory Reservation Service Called, req: {'order_id': 'dfcd64b4-7357-4ccf-8d24-7896910f85d7', 'items': [{'sku': 'b2926dc2-cc6d-4c3e-ae40-7a127c173b16', 'qty': 2}], 'atomic_update': True, 'delay': 0.0, 'drop': 0}, response_status: 200, response: {'order_id': 'dfcd64b4-7357-4ccf-8d24-7896910f85d7', 'status': 'OUT_OF_STOCK', 'reason': 'Out of stock: b2926dc2-cc6d-4c3e-ae40-7a127c173b16', 'total_input_tokens': 0, 'total_output_tokens': 0, 'total_llm_calls': 0} trace_id=c0778137-a784-44fa-8163-ca03ef85af59
2026-08-18 21:19:01,060 - INFO - Request for orchestrate_order completed, final_status:OUT_OF_STOCK,  trace_id=c0778137-a784-44fa-8163-ca03ef85af59
2026-08-18 21:19:01,063 - INFO - HTTP Request: POST http://127.0.0.1:8002/price "HTTP/1.1 200 OK"
2026-08-18 21:19:01,066 - INFO - Pricing Service Called, req: {'items': [{'product_id': 'b2926dc2-cc6d-4c3e-ae40-7a127c173b16', 'qty': 2}], 'promo_codes': [], 'only_final_price': True}, response_status: 200, trace_id=3d9191c2-f7dd-4c7c-86c6-6293284c42e5
2026-08-18 21:19:01,067 - INFO - Request for orchestrate_order started, order_id=cf644a60-8249-4f83-bb23-5bb40c74add6, trace_id=3d9191c2-f7dd-4c7c-86c6-6293284c42e5
2026-08-18 21:19:01,078 - INFO - Inventory Reservation Service Called, req: {'order_id': 'cf644a60-8249-4f83-bb23-5bb40c74add6', 'items': [{'sku': 'b2926dc2-cc6d-4c3e-ae40-7a127c173b16', 'qty': 2}], 'atomic_update': True, 'delay': 0.0, 'drop': 0}, response_status: 200, response: {'order_id': 'cf644a60-8249-4f83-bb23-5bb40c74add6', 'status': 'OUT_OF_STOCK', 'reason': 'Out of stock: b2926dc2-cc6d-4c3e-ae40-7a127c173b16', 'total_input_tokens': 0, 'total_output_tokens': 0, 'total_llm_calls': 0} trace_id=3d9191c2-f7dd-4c7c-86c6-6293284c42e5
2026-08-18 21:19:01,083 - INFO - Request for orchestrate_order completed, final_status:OUT_OF_STOCK,  trace_id=3d9191c2-f7dd-4c7c-86c6-6293284c42e5
2026-08-18 21:19:01,089 - INFO - HTTP Request: POST http://127.0.0.1:8002/price "HTTP/1.1 200 OK"
2026-08-18 21:19:01,094 - INFO - Pricing Service Called, req: {'items': [{'product_id': 'b2926dc2-cc6d-4c3e-ae40-7a127c173b16', 'qty': 2}], 'promo_codes': [], 'only_final_price': True}, response_status: 200, trace_id=8351f750-3cd8-4207-803b-2432d646ccc9
2026-08-18 21:19:01,094 - INFO - Request for orchestrate_order started, order_id=9277ee7c-1e26-4f4e-ba21-0c2723ece004, trace_id=8351f750-3cd8-4207-803b-2432d646ccc9
2026-08-18 21:19:01,113 - INFO - Inventory Reservation Service Called, req: {'order_id': '9277ee7c-1e26-4f4e-ba21-0c2723ece004', 'items': [{'sku': 'b2926dc2-cc6d-4c3e-ae40-7a127c173b16', 'qty': 2}], 'atomic_update': True, 'delay': 0.0, 'drop': 0}, response_status: 200, response: {'order_id': '9277ee7c-1e26-4f4e-ba21-0c2723ece004', 'status': 'OUT_OF_STOCK', 'reason': 'Out of stock: b2926dc2-cc6d-4c3e-ae40-7a127c173b16', 'total_input_tokens': 0, 'total_output_tokens': 0, 'total_llm_calls': 0} trace_id=8351f750-3cd8-4207-803b-2432d646ccc9
2026-08-18 21:19:01,114 - INFO - Request for orchestrate_order completed, final_status:OUT_OF_STOCK,  trace_id=8351f750-3cd8-4207-803b-2432d646ccc9
