2026-05-17 17:35:15,694 - INFO - Request for process_payment, order_id: 1ea6f06e-2911-42cf-bd33-8cad913d07ce, request: order_id='1ea6f06e-2911-42cf-bd33-8cad913d07ce' final_price=320.0
2026-05-17 17:35:15,996 - INFO - Request for process_payment successfully processed, order_id: 1ea6f06e-2911-42cf-bd33-8cad913d07ce, status: SUCCESS
2026-05-17 17:35:16,391 - INFO - Request for process_payment, order_id: a8ccfd3d-0f15-4854-9565-6abfa2fba03e, request: order_id='a8ccfd3d-0f15-4854-9565-6abfa2fba03e' final_price=320.0
2026-05-17 17:35:16,693 - INFO - Request for process_payment successfully processed, order_id: a8ccfd3d-0f15-4854-9565-6abfa2fba03e, status: SUCCESS
2026-05-17 17:35:16,998 - INFO - Request for process_payment, order_id: 974b8379-8087-4568-bda6-b1d1d0abb981, request: order_id='974b8379-8087-4568-bda6-b1d1d0abb981' final_price=320.0
2026-05-17 17:35:17,300 - INFO - Request for process_payment successfully processed, order_id: 974b8379-8087-4568-bda6-b1d1d0abb981, status: SUCCESS
2026-05-17 17:35:17,584 - INFO - Request for process_payment, order_id: 7b9e20dd-db60-4fab-a916-5f124748b142, request: order_id='7b9e20dd-db60-4fab-a916-5f124748b142' final_price=320.0
2026-05-17 17:35:17,886 - INFO - Request for process_payment successfully processed, order_id: 7b9e20dd-db60-4fab-a916-5f124748b142, status: SUCCESS
2026-05-17 17:35:18,155 - INFO - Request for process_payment, order_id: 2cf87fb8-17c5-4094-ae20-97a16f2d8b58, request: order_id='2cf87fb8-17c5-4094-ae20-97a16f2d8b58' final_price=320.0
2026-05-17 17:35:18,458 - INFO - Request for process_payment successfully processed, order_id: 2cf87fb8-17c5-4094-ae20-97a16f2d8b58, status: SUCCESS
2026-07-16 15:06:49,488 - INFO - Request for process_payment, order_id: bc224cd3-8449-4db6-a2d5-e0e4a39060c9, request: order_id='bc224cd3-8449-4db6-a2d5-e0e4a39060c9' final_price=400.0
2026-07-16 15:06:49,814 - INFO - Request for process_payment successfully processed, order_id: bc224cd3-8449-4db6-a2d5-e0e4a39060c9, status: SUCCESS
2026-07-16 15:07:09,681 - INFO - Request for process_payment, order_id: 721f2e6d-63d9-4547-aba3-8909f555edd0, request: order_id='721f2e6d-63d9-4547-aba3-8909f555edd0' final_price=400.0
2026-07-16 15:07:09,990 - INFO - Request for process_payment successfully processed, order_id: 721f2e6d-63d9-4547-aba3-8909f555edd0, status: SUCCESS
2026-07-16 15:07:17,571 - INFO - Request for process_payment, order_id: 38d8bc5e-f040-4fd0-9ffd-b6a97bdfa809, request: order_id='38d8bc5e-f040-4fd0-9ffd-b6a97bdfa809' final_price=400.0
2026-07-16 15:07:17,880 - INFO - Request for process_payment successfully processed, order_id: 38d8bc5e-f040-4fd0-9ffd-b6a97bdfa809, status: SUCCESS
2026-07-16 15:07:46,931 - INFO - Request for process_payment, order_id: 0e635522-d4ae-430d-9df7-9d8ef57a9ada, request: order_id='0e635522-d4ae-430d-9df7-9d8ef57a9ada' final_price=400.0
2026-07-16 15:07:47,235 - INFO - Request for process_payment successfully processed, order_id: 0e635522-d4ae-430d-9df7-9d8ef57a9ada, status: SUCCESS
2026-07-16 15:52:59,263 - INFO - Request for process_payment, order_id: 9e001ae5-3932-4e4e-9db4-0a07d015dec0, request: order_id='9e001ae5-3932-4e4e-9db4-0a07d015dec0' final_price=400.0
2026-07-16 15:52:59,596 - INFO - Request for process_payment successfully processed, order_id: 9e001ae5-3932-4e4e-9db4-0a07d015dec0, status: SUCCESS
2026-07-16 15:56:38,428 - INFO - Request for process_payment, order_id: 25fa27d0-8130-4e6e-9f2b-5bcfd019255b, request: order_id='25fa27d0-8130-4e6e-9f2b-5bcfd019255b' final_price=400.0
2026-07-16 15:56:38,737 - INFO - Request for process_payment successfully processed, order_id: 25fa27d0-8130-4e6e-9f2b-5bcfd019255b, status: SUCCESS
2026-07-16 16:02:42,955 - INFO - Request for process_payment, order_id: 1ef56f29-a618-4f54-843b-0af381b57b72, request: order_id='1ef56f29-a618-4f54-843b-0af381b57b72' final_price=400.0
2026-07-16 16:02:43,270 - INFO - Request for process_payment successfully processed, order_id: 1ef56f29-a618-4f54-843b-0af381b57b72, status: SUCCESS
2026-07-16 16:13:46,034 - INFO - Request for process_payment, order_id: 847448d6-27fd-4f98-b025-a13bb2674ea5, request: order_id='847448d6-27fd-4f98-b025-a13bb2674ea5' final_price=400.0
2026-07-16 16:13:46,336 - INFO - Request for process_payment successfully processed, order_id: 847448d6-27fd-4f98-b025-a13bb2674ea5, status: SUCCESS
2026-08-17 15:36:44,564 - INFO - Request for process_payment, order_id: order-1, request: order_id='order-1' final_price=2010.0
2026-08-17 15:36:44,868 - INFO - Request for process_payment successfully processed, order_id: order-1, status: SUCCESS
2026-08-17 15:36:44,883 - INFO - Request for process_payment, order_id: order-2, request: order_id='order-2' final_price=2020.0
2026-08-17 15:36:45,184 - INFO - Request for process_payment successfully processed, order_id: order-2, status: SUCCESS
2026-08-17 15:36:45,188 - INFO - Request for process_payment, order_id: order-3, request: order_id='order-3' final_price=2030.0
2026-08-17 15:36:45,490 - INFO - Request for process_payment successfully processed, order_id: order-3, status: SUCCESS
2026-08-17 15:36:45,497 - INFO - Request for process_payment, order_id: order-4, request: order_id='order-4' final_price=2040.0
2026-08-17 15:36:45,798 - INFO - Request for process_payment successfully processed, order_id: order-4, status: SUCCESS
2026-08-17 15:36:45,804 - INFO - Request for process_payment, order_id: order-5, request: order_id='order-5' final_price=2050.0
2026-08-17 15:36:46,108 - INFO - Request for process_payment successfully processed, order_id: order-5, status: SUCCESS
2026-08-17 15:36:46,125 - INFO - Request for process_payment, order_id: order-6, request: order_id='order-6' final_price=2060.0
2026-08-17 15:36:46,426 - INFO - Request for process_payment successfully processed, order_id: order-6, status: SUCCESS
2026-08-17 15:36:46,433 - INFO - Request for process_payment, order_id: order-7, request: order_id='order-7' final_price=2070.0
2026-08-17 15:36:46,736 - INFO - Request for process_payment successfully processed, order_id: order-7, status: SUCCESS
2026-08-17 15:36:46,751 - INFO - Request for process_payment, order_id: order-8, request: order_id='order-8' final_price=2080.0
2026-08-17 15:36:47,053 - INFO - Request for process_payment successfully processed, order_id: order-8, status: SUCCESS
2026-08-17 15:36:47,058 - INFO - Request for process_payment, order_id: order-9, request: order_id='order-9' final_price=2090.0
2026-08-17 15:36:47,359 - INFO - Request for process_payment successfully processed, order_id: order-9, status: SUCCESS
2026-08-17 15:36:47,363 - INFO - Request for process_payment, order_id: order-10, request: order_id='order-10' final_price=2100.0
2026-08-17 15:36:47,665 - INFO - Request for process_payment successfully processed, order_id: order-10, status: SUCCESS
2026-08-17 15:36:47,669 - INFO - Request for process_payment, order_id: order-11, request: order_id='order-11' final_price=2110.0
2026-08-17 15:36:47,971 - INFO - Request for process_payment successfully processed, order_id: order-11, status: SUCCESS
2026-08-17 15:36:47,975 - INFO - Request for process_payment, order_id: order-12, request: order_id='order-12' final_price=2120.0
2026-08-17 15:36:48,277 - INFO - Request for process_payment successfully processed, order_id: order-12, status: SUCCESS
2026-08-17 15:36:48,282 - INFO - Request for process_payment, order_id: order-13, request: order_id='order-13' final_price=2130.0
2026-08-17 15:36:48,583 - INFO - Request for process_payment successfully processed, order_id: order-13, status: SUCCESS
2026-08-17 15:36:48,588 - INFO - Request for process_payment, order_id: order-14, request: order_id='order-14' final_price=2140.0
2026-08-17 15:36:48,890 - INFO - Request for process_payment successfully processed, order_id: order-14, status: SUCCESS
2026-08-17 15:36:48,896 - INFO - Request for process_payment, order_id: order-15, request: order_id='order-15' final_price=2150.0
2026-08-17 15:36:49,197 - INFO - Request for process_payment successfully processed, order_id: order-15, status: SUCCESS
2026-08-17 15:36:49,201 - INFO - Request for process_payment, order_id: order-16, request: order_id='order-16' final_price=2160.0
2026-08-17 15:36:49,503 - INFO - Request for process_payment successfully processed, order_id: order-16, status: SUCCESS
2026-08-17 15:36:49,507 - INFO - Request for process_payment, order_id: order-17, request: order_id='order-17' final_price=2170.0
2026-08-17 15:36:49,809 - INFO - Request for process_payment successfully processed, order_id: order-17, status: SUCCESS
2026-08-17 15:36:49,814 - INFO - Request for process_payment, order_id: order-18, request: order_id='order-18' final_price=2180.0
2026-08-17 15:36:50,115 - INFO - Request for process_payment successfully processed, order_id: order-18, status: SUCCESS
2026-08-17 15:36:50,120 - INFO - Request for process_payment, order_id: order-19, request: order_id='order-19' final_price=2190.0
2026-08-17 15:36:50,421 - INFO - Request for process_payment successfully processed, order_id: order-19, status: SUCCESS
2026-08-17 15:36:50,425 - INFO - Request for process_payment, order_id: order-20, request: order_id='order-20' final_price=2200.0
2026-08-17 15:36:50,726 - INFO - Request for process_payment successfully processed, order_id: order-20, status: SUCCESS
2026-08-17 15:36:50,731 - INFO - Request for process_payment, order_id: order-21, request: order_id='order-21' final_price=2210.0
2026-08-17 15:36:51,036 - INFO - Request for process_payment successfully processed, order_id: order-21, status: SUCCESS
2026-08-17 15:36:51,047 - INFO - Request for process_payment, order_id: order-22, request: order_id='order-22' final_price=2220.0
2026-08-17 15:36:51,349 - INFO - Request for process_payment successfully processed, order_id: order-22, status: SUCCESS
2026-08-17 15:36:51,353 - INFO - Request for process_payment, order_id: order-23, request: order_id='order-23' final_price=2230.0
2026-08-17 15:36:51,654 - INFO - Request for process_payment successfully processed, order_id: order-23, status: SUCCESS
2026-08-17 15:36:51,659 - INFO - Request for process_payment, order_id: order-24, request: order_id='order-24' final_price=2240.0
2026-08-17 15:36:51,960 - INFO - Request for process_payment successfully processed, order_id: order-24, status: SUCCESS
2026-08-17 15:36:51,967 - INFO - Request for process_payment, order_id: order-25, request: order_id='order-25' final_price=2250.0
2026-08-17 15:36:52,269 - INFO - Request for process_payment successfully processed, order_id: order-25, status: SUCCESS
2026-08-17 15:36:52,273 - INFO - Request for process_payment, order_id: order-26, request: order_id='order-26' final_price=2260.0
2026-08-17 15:36:52,574 - INFO - Request for process_payment successfully processed, order_id: order-26, status: SUCCESS
2026-08-17 15:36:52,580 - INFO - Request for process_payment, order_id: order-27, request: order_id='order-27' final_price=2270.0
2026-08-17 15:36:52,881 - INFO - Request for process_payment successfully processed, order_id: order-27, status: SUCCESS
2026-08-17 15:36:52,885 - INFO - Request for process_payment, order_id: order-28, request: order_id='order-28' final_price=2280.0
2026-08-17 15:36:53,187 - INFO - Request for process_payment successfully processed, order_id: order-28, status: SUCCESS
2026-08-17 15:36:53,191 - INFO - Request for process_payment, order_id: order-29, request: order_id='order-29' final_price=2290.0
2026-08-17 15:36:53,492 - INFO - Request for process_payment successfully processed, order_id: order-29, status: SUCCESS
2026-08-17 15:36:53,498 - INFO - Request for process_payment, order_id: order-30, request: order_id='order-30' final_price=2300.0
2026-08-17 15:36:53,799 - INFO - Request for process_payment successfully processed, order_id: order-30, status: SUCCESS
2026-08-17 15:36:53,803 - INFO - Request for process_payment, order_id: order-31, request: order_id='order-31' final_price=2310.0
2026-08-17 15:36:54,105 - INFO - Request for process_payment successfully processed, order_id: order-31, status: SUCCESS
2026-08-17 15:36:54,109 - INFO - Request for process_payment, order_id: order-32, request: order_id='order-32' final_price=2320.0
2026-08-17 15:36:54,411 - INFO - Request for process_payment successfully processed, order_id: order-32, status: SUCCESS
2026-08-17 15:36:54,415 - INFO - Request for process_payment, order_id: order-33, request: order_id='order-33' final_price=2330.0
2026-08-17 15:36:54,717 - INFO - Request for process_payment successfully processed, order_id: order-33, status: SUCCESS
2026-08-17 15:36:54,722 - INFO - Request for process_payment, order_id: order-34, request: order_id='order-34' final_price=2340.0
2026-08-17 15:36:55,023 - INFO - Request for process_payment successfully processed, order_id: order-34, status: SUCCESS
2026-08-17 15:36:55,030 - INFO - Request for process_payment, order_id: order-35, request: order_id='order-35' final_price=2350.0
2026-08-17 15:36:55,332 - INFO - Request for process_payment successfully processed, order_id: order-35, status: SUCCESS
2026-08-17 15:36:55,336 - INFO - Request for process_payment, order_id: order-36, request: order_id='order-36' final_price=2360.0
2026-08-17 15:36:55,637 - INFO - Request for process_payment successfully processed, order_id: order-36, status: SUCCESS
2026-08-17 15:36:55,641 - INFO - Request for process_payment, order_id: order-37, request: order_id='order-37' final_price=2370.0
2026-08-17 15:36:55,943 - INFO - Request for process_payment successfully processed, order_id: order-37, status: SUCCESS
2026-08-17 15:36:55,949 - INFO - Request for process_payment, order_id: order-38, request: order_id='order-38' final_price=2380.0
2026-08-17 15:36:56,250 - INFO - Request for process_payment successfully processed, order_id: order-38, status: SUCCESS
2026-08-17 15:36:56,254 - INFO - Request for process_payment, order_id: order-39, request: order_id='order-39' final_price=2390.0
2026-08-17 15:36:56,556 - INFO - Request for process_payment successfully processed, order_id: order-39, status: SUCCESS
2026-08-17 15:36:56,561 - INFO - Request for process_payment, order_id: order-40, request: order_id='order-40' final_price=2400.0
2026-08-17 15:36:56,862 - INFO - Request for process_payment successfully processed, order_id: order-40, status: SUCCESS
2026-08-17 15:36:56,866 - INFO - Request for process_payment, order_id: order-41, request: order_id='order-41' final_price=2410.0
2026-08-17 15:36:57,168 - INFO - Request for process_payment successfully processed, order_id: order-41, status: SUCCESS
2026-08-17 15:36:57,171 - INFO - Request for process_payment, order_id: order-42, request: order_id='order-42' final_price=2420.0
2026-08-17 15:36:57,473 - INFO - Request for process_payment successfully processed, order_id: order-42, status: SUCCESS
2026-08-17 15:36:57,477 - INFO - Request for process_payment, order_id: order-43, request: order_id='order-43' final_price=2430.0
2026-08-17 15:36:57,778 - INFO - Request for process_payment successfully processed, order_id: order-43, status: SUCCESS
2026-08-17 15:36:57,782 - INFO - Request for process_payment, order_id: order-44, request: order_id='order-44' final_price=2440.0
2026-08-17 15:36:58,084 - INFO - Request for process_payment successfully processed, order_id: order-44, status: SUCCESS
2026-08-17 15:36:58,088 - INFO - Request for process_payment, order_id: order-45, request: order_id='order-45' final_price=2450.0
2026-08-17 15:36:58,389 - INFO - Request for process_payment successfully processed, order_id: order-45, status: SUCCESS
2026-08-17 15:36:58,393 - INFO - Request for process_payment, order_id: order-46, request: order_id='order-46' final_price=2460.0
2026-08-17 15:36:58,695 - INFO - Request for process_payment successfully processed, order_id: order-46, status: SUCCESS
2026-08-17 15:36:58,699 - INFO - Request for process_payment, order_id: order-47, request: order_id='order-47' final_price=2470.0
2026-08-17 15:36:59,001 - INFO - Request for process_payment successfully processed, order_id: order-47, status: SUCCESS
2026-08-17 15:36:59,005 - INFO - Request for process_payment, order_id: order-48, request: order_id='order-48' final_price=2480.0
2026-08-17 15:36:59,307 - INFO - Request for process_payment successfully processed, order_id: order-48, status: SUCCESS
2026-08-17 15:36:59,312 - INFO - Request for process_payment, order_id: order-49, request: order_id='order-49' final_price=2490.0
2026-08-17 15:36:59,614 - INFO - Request for process_payment successfully processed, order_id: order-49, status: SUCCESS
2026-08-17 15:36:59,618 - INFO - Request for process_payment, order_id: order-50, request: order_id='order-50' final_price=2500.0
2026-08-17 15:36:59,920 - INFO - Request for process_payment successfully processed, order_id: order-50, status: SUCCESS
2026-08-17 15:36:59,928 - INFO - Request for process_payment, order_id: order-51, request: order_id='order-51' final_price=2510.0
2026-08-17 15:37:00,231 - INFO - Request for process_payment successfully processed, order_id: order-51, status: SUCCESS
2026-08-17 15:37:00,236 - INFO - Request for process_payment, order_id: order-52, request: order_id='order-52' final_price=2520.0
2026-08-17 15:37:00,538 - INFO - Request for process_payment successfully processed, order_id: order-52, status: SUCCESS
2026-08-17 15:37:00,543 - INFO - Request for process_payment, order_id: order-53, request: order_id='order-53' final_price=2530.0
2026-08-17 15:37:00,844 - INFO - Request for process_payment successfully processed, order_id: order-53, status: SUCCESS
2026-08-17 15:37:00,850 - INFO - Request for process_payment, order_id: order-54, request: order_id='order-54' final_price=2540.0
2026-08-17 15:37:01,151 - INFO - Request for process_payment successfully processed, order_id: order-54, status: SUCCESS
2026-08-17 15:37:01,156 - INFO - Request for process_payment, order_id: order-55, request: order_id='order-55' final_price=2550.0
2026-08-17 15:37:01,457 - INFO - Request for process_payment successfully processed, order_id: order-55, status: SUCCESS
2026-08-17 15:37:01,462 - INFO - Request for process_payment, order_id: order-56, request: order_id='order-56' final_price=2560.0
2026-08-17 15:37:01,766 - INFO - Request for process_payment successfully processed, order_id: order-56, status: SUCCESS
2026-08-17 15:37:01,773 - INFO - Request for process_payment, order_id: order-57, request: order_id='order-57' final_price=2570.0
2026-08-17 15:37:02,074 - INFO - Request for process_payment successfully processed, order_id: order-57, status: SUCCESS
2026-08-17 15:37:02,086 - INFO - Request for process_payment, order_id: order-58, request: order_id='order-58' final_price=2580.0
2026-08-17 15:37:02,388 - INFO - Request for process_payment successfully processed, order_id: order-58, status: SUCCESS
2026-08-17 15:37:02,400 - INFO - Request for process_payment, order_id: order-59, request: order_id='order-59' final_price=2590.0
2026-08-17 15:37:02,703 - INFO - Request for process_payment successfully processed, order_id: order-59, status: SUCCESS
2026-08-17 15:37:02,716 - INFO - Request for process_payment, order_id: order-60, request: order_id='order-60' final_price=2600.0
2026-08-17 15:37:03,018 - INFO - Request for process_payment successfully processed, order_id: order-60, status: SUCCESS
2026-08-17 15:37:03,024 - INFO - Request for process_payment, order_id: order-61, request: order_id='order-61' final_price=2610.0
2026-08-17 15:37:03,325 - INFO - Request for process_payment successfully processed, order_id: order-61, status: SUCCESS
2026-08-17 15:37:03,331 - INFO - Request for process_payment, order_id: order-62, request: order_id='order-62' final_price=2620.0
2026-08-17 15:37:03,633 - INFO - Request for process_payment successfully processed, order_id: order-62, status: SUCCESS
2026-08-17 15:37:03,641 - INFO - Request for process_payment, order_id: order-63, request: order_id='order-63' final_price=2630.0
2026-08-17 15:37:03,944 - INFO - Request for process_payment successfully processed, order_id: order-63, status: SUCCESS
2026-08-17 15:37:03,952 - INFO - Request for process_payment, order_id: order-64, request: order_id='order-64' final_price=2640.0
2026-08-17 15:37:04,255 - INFO - Request for process_payment successfully processed, order_id: order-64, status: SUCCESS
2026-08-17 15:37:04,263 - INFO - Request for process_payment, order_id: order-65, request: order_id='order-65' final_price=2650.0
2026-08-17 15:37:04,565 - INFO - Request for process_payment successfully processed, order_id: order-65, status: SUCCESS
2026-08-17 15:37:04,573 - INFO - Request for process_payment, order_id: order-66, request: order_id='order-66' final_price=2660.0
2026-08-17 15:37:04,875 - INFO - Request for process_payment successfully processed, order_id: order-66, status: SUCCESS
2026-08-17 15:37:04,883 - INFO - Request for process_payment, order_id: order-67, request: order_id='order-67' final_price=2670.0
2026-08-17 15:37:05,185 - INFO - Request for process_payment successfully processed, order_id: order-67, status: SUCCESS
2026-08-17 15:37:05,191 - INFO - Request for process_payment, order_id: order-68, request: order_id='order-68' final_price=2680.0
2026-08-17 15:37:05,493 - INFO - Request for process_payment successfully processed, order_id: order-68, status: SUCCESS
2026-08-17 15:37:05,499 - INFO - Request for process_payment, order_id: order-69, request: order_id='order-69' final_price=2690.0
2026-08-17 15:37:05,801 - INFO - Request for process_payment successfully processed, order_id: order-69, status: SUCCESS
2026-08-17 15:37:05,805 - INFO - Request for process_payment, order_id: order-70, request: order_id='order-70' final_price=2700.0
2026-08-17 15:37:06,107 - INFO - Request for process_payment successfully processed, order_id: order-70, status: SUCCESS
2026-08-17 15:37:06,115 - INFO - Request for process_payment, order_id: order-71, request: order_id='order-71' final_price=2710.0
2026-08-17 15:37:06,417 - INFO - Request for process_payment successfully processed, order_id: order-71, status: SUCCESS
2026-08-17 15:37:06,425 - INFO - Request for process_payment, order_id: order-72, request: order_id='order-72' final_price=2720.0
2026-08-17 15:37:06,727 - INFO - Request for process_payment successfully processed, order_id: order-72, status: SUCCESS
2026-08-17 15:37:06,735 - INFO - Request for process_payment, order_id: order-73, request: order_id='order-73' final_price=2730.0
2026-08-17 15:37:07,037 - INFO - Request for process_payment successfully processed, order_id: order-73, status: SUCCESS
2026-08-17 15:37:07,044 - INFO - Request for process_payment, order_id: order-74, request: order_id='order-74' final_price=2740.0
2026-08-17 15:37:07,347 - INFO - Request for process_payment successfully processed, order_id: order-74, status: SUCCESS
2026-08-17 15:37:07,353 - INFO - Request for process_payment, order_id: order-75, request: order_id='order-75' final_price=2750.0
2026-08-17 15:37:07,656 - INFO - Request for process_payment successfully processed, order_id: order-75, status: SUCCESS
2026-08-17 15:37:07,670 - INFO - Request for process_payment, order_id: order-76, request: order_id='order-76' final_price=2760.0
2026-08-17 15:37:07,972 - INFO - Request for process_payment successfully processed, order_id: order-76, status: SUCCESS
2026-08-17 15:37:07,980 - INFO - Request for process_payment, order_id: order-77, request: order_id='order-77' final_price=2770.0
2026-08-17 15:37:08,282 - INFO - Request for process_payment successfully processed, order_id: order-77, status: SUCCESS
2026-08-17 15:37:08,286 - INFO - Request for process_payment, order_id: order-78, request: order_id='order-78' final_price=2780.0
2026-08-17 15:37:08,588 - INFO - Request for process_payment successfully processed, order_id: order-78, status: SUCCESS
2026-08-17 15:37:08,601 - INFO - Request for process_payment, order_id: order-79, request: order_id='order-79' final_price=2790.0
2026-08-17 15:37:08,903 - INFO - Request for process_payment successfully processed, order_id: order-79, status: SUCCESS
2026-08-17 15:37:08,911 - INFO - Request for process_payment, order_id: order-80, request: order_id='order-80' final_price=2800.0
2026-08-17 15:37:09,214 - INFO - Request for process_payment successfully processed, order_id: order-80, status: SUCCESS
2026-08-17 15:37:09,232 - INFO - Request for process_payment, order_id: order-81, request: order_id='order-81' final_price=2810.0
2026-08-17 15:37:09,534 - INFO - Request for process_payment successfully processed, order_id: order-81, status: SUCCESS
2026-08-17 15:37:09,539 - INFO - Request for process_payment, order_id: order-82, request: order_id='order-82' final_price=2820.0
2026-08-17 15:37:09,842 - INFO - Request for process_payment successfully processed, order_id: order-82, status: SUCCESS
2026-08-17 15:37:09,857 - INFO - Request for process_payment, order_id: order-83, request: order_id='order-83' final_price=2830.0
2026-08-17 15:37:10,159 - INFO - Request for process_payment successfully processed, order_id: order-83, status: SUCCESS
2026-08-17 15:37:10,168 - INFO - Request for process_payment, order_id: order-84, request: order_id='order-84' final_price=2840.0
2026-08-17 15:37:10,470 - INFO - Request for process_payment successfully processed, order_id: order-84, status: SUCCESS
2026-08-17 15:37:10,479 - INFO - Request for process_payment, order_id: order-85, request: order_id='order-85' final_price=2850.0
2026-08-17 15:37:10,781 - INFO - Request for process_payment successfully processed, order_id: order-85, status: SUCCESS
2026-08-17 15:37:10,786 - INFO - Request for process_payment, order_id: order-86, request: order_id='order-86' final_price=2860.0
2026-08-17 15:37:11,087 - INFO - Request for process_payment successfully processed, order_id: order-86, status: SUCCESS
2026-08-17 15:37:11,095 - INFO - Request for process_payment, order_id: order-87, request: order_id='order-87' final_price=2870.0
2026-08-17 15:37:11,397 - INFO - Request for process_payment successfully processed, order_id: order-87, status: SUCCESS
2026-08-17 15:37:11,401 - INFO - Request for process_payment, order_id: order-88, request: order_id='order-88' final_price=2880.0
2026-08-17 15:37:11,705 - INFO - Request for process_payment successfully processed, order_id: order-88, status: SUCCESS
2026-08-17 15:37:11,716 - INFO - Request for process_payment, order_id: order-89, request: order_id='order-89' final_price=2890.0
2026-08-17 15:37:12,019 - INFO - Request for process_payment successfully processed, order_id: order-89, status: SUCCESS
2026-08-17 15:37:12,038 - INFO - Request for process_payment, order_id: order-90, request: order_id='order-90' final_price=2900.0
2026-08-17 15:37:12,340 - INFO - Request for process_payment successfully processed, order_id: order-90, status: SUCCESS
2026-08-17 15:37:12,351 - INFO - Request for process_payment, order_id: order-91, request: order_id='order-91' final_price=2910.0
2026-08-17 15:37:12,653 - INFO - Request for process_payment successfully processed, order_id: order-91, status: SUCCESS
2026-08-17 15:37:12,660 - INFO - Request for process_payment, order_id: order-92, request: order_id='order-92' final_price=2920.0
2026-08-17 15:37:12,961 - INFO - Request for process_payment successfully processed, order_id: order-92, status: SUCCESS
2026-08-17 15:37:12,970 - INFO - Request for process_payment, order_id: order-93, request: order_id='order-93' final_price=2930.0
2026-08-17 15:37:13,271 - INFO - Request for process_payment successfully processed, order_id: order-93, status: SUCCESS
2026-08-17 15:37:13,278 - INFO - Request for process_payment, order_id: order-94, request: order_id='order-94' final_price=2940.0
2026-08-17 15:37:13,580 - INFO - Request for process_payment successfully processed, order_id: order-94, status: SUCCESS
2026-08-17 15:37:13,584 - INFO - Request for process_payment, order_id: order-95, request: order_id='order-95' final_price=2950.0
2026-08-17 15:37:13,887 - INFO - Request for process_payment successfully processed, order_id: order-95, status: SUCCESS
2026-08-17 15:37:13,901 - INFO - Request for process_payment, order_id: order-96, request: order_id='order-96' final_price=2960.0
2026-08-17 15:37:14,203 - INFO - Request for process_payment successfully processed, order_id: order-96, status: SUCCESS
2026-08-17 15:37:14,211 - INFO - Request for process_payment, order_id: order-97, request: order_id='order-97' final_price=2970.0
2026-08-17 15:37:14,513 - INFO - Request for process_payment successfully processed, order_id: order-97, status: SUCCESS
2026-08-17 15:37:14,519 - INFO - Request for process_payment, order_id: order-98, request: order_id='order-98' final_price=2980.0
2026-08-17 15:37:14,822 - INFO - Request for process_payment successfully processed, order_id: order-98, status: SUCCESS
2026-08-17 15:37:14,835 - INFO - Request for process_payment, order_id: order-99, request: order_id='order-99' final_price=2990.0
2026-08-17 15:37:15,137 - INFO - Request for process_payment successfully processed, order_id: order-99, status: SUCCESS
2026-08-17 15:37:15,144 - INFO - Request for process_payment, order_id: order-100, request: order_id='order-100' final_price=3000.0
2026-08-17 15:37:15,446 - INFO - Request for process_payment successfully processed, order_id: order-100, status: SUCCESS
2026-08-17 15:37:15,454 - INFO - Request for process_payment, order_id: order-101, request: order_id='order-101' final_price=3010.0
2026-08-17 15:37:15,756 - INFO - Request for process_payment successfully processed, order_id: order-101, status: SUCCESS
2026-08-17 15:37:15,768 - INFO - Request for process_payment, order_id: order-102, request: order_id='order-102' final_price=3020.0
2026-08-17 15:37:16,070 - INFO - Request for process_payment successfully processed, order_id: order-102, status: SUCCESS
2026-08-17 15:37:16,082 - INFO - Request for process_payment, order_id: order-103, request: order_id='order-103' final_price=3030.0
2026-08-17 15:37:16,383 - INFO - Request for process_payment successfully processed, order_id: order-103, status: SUCCESS
2026-08-17 15:37:16,390 - INFO - Request for process_payment, order_id: order-104, request: order_id='order-104' final_price=3040.0
2026-08-17 15:37:16,692 - INFO - Request for process_payment successfully processed, order_id: order-104, status: SUCCESS
2026-08-17 15:37:16,698 - INFO - Request for process_payment, order_id: order-105, request: order_id='order-105' final_price=3050.0
2026-08-17 15:37:16,999 - INFO - Request for process_payment successfully processed, order_id: order-105, status: SUCCESS
2026-08-17 15:37:17,006 - INFO - Request for process_payment, order_id: order-106, request: order_id='order-106' final_price=3060.0
2026-08-17 15:37:17,309 - INFO - Request for process_payment successfully processed, order_id: order-106, status: SUCCESS
2026-08-17 15:37:17,327 - INFO - Request for process_payment, order_id: order-107, request: order_id='order-107' final_price=3070.0
2026-08-17 15:37:17,629 - INFO - Request for process_payment successfully processed, order_id: order-107, status: SUCCESS
2026-08-17 15:37:17,637 - INFO - Request for process_payment, order_id: order-108, request: order_id='order-108' final_price=3080.0
2026-08-17 15:37:17,938 - INFO - Request for process_payment successfully processed, order_id: order-108, status: SUCCESS
2026-08-17 15:37:17,950 - INFO - Request for process_payment, order_id: order-109, request: order_id='order-109' final_price=3090.0
2026-08-17 15:37:18,252 - INFO - Request for process_payment successfully processed, order_id: order-109, status: SUCCESS
2026-08-17 15:37:18,261 - INFO - Request for process_payment, order_id: order-110, request: order_id='order-110' final_price=3100.0
2026-08-17 15:37:18,563 - INFO - Request for process_payment successfully processed, order_id: order-110, status: SUCCESS
2026-08-17 15:37:18,569 - INFO - Request for process_payment, order_id: order-111, request: order_id='order-111' final_price=3110.0
2026-08-17 15:37:18,870 - INFO - Request for process_payment successfully processed, order_id: order-111, status: SUCCESS
2026-08-17 15:37:18,877 - INFO - Request for process_payment, order_id: order-112, request: order_id='order-112' final_price=3120.0
2026-08-17 15:37:19,179 - INFO - Request for process_payment successfully processed, order_id: order-112, status: SUCCESS
2026-08-17 15:37:19,187 - INFO - Request for process_payment, order_id: order-113, request: order_id='order-113' final_price=3130.0
2026-08-17 15:37:19,488 - INFO - Request for process_payment successfully processed, order_id: order-113, status: SUCCESS
2026-08-17 15:37:19,499 - INFO - Request for process_payment, order_id: order-114, request: order_id='order-114' final_price=3140.0
2026-08-17 15:37:19,800 - INFO - Request for process_payment successfully processed, order_id: order-114, status: SUCCESS
2026-08-17 15:37:19,804 - INFO - Request for process_payment, order_id: order-115, request: order_id='order-115' final_price=3150.0
2026-08-17 15:37:20,106 - INFO - Request for process_payment successfully processed, order_id: order-115, status: SUCCESS
2026-08-17 15:37:20,120 - INFO - Request for process_payment, order_id: order-116, request: order_id='order-116' final_price=3160.0
2026-08-17 15:37:20,423 - INFO - Request for process_payment successfully processed, order_id: order-116, status: SUCCESS
2026-08-17 15:37:20,442 - INFO - Request for process_payment, order_id: order-117, request: order_id='order-117' final_price=3170.0
2026-08-17 15:37:20,744 - INFO - Request for process_payment successfully processed, order_id: order-117, status: SUCCESS
2026-08-17 15:37:20,752 - INFO - Request for process_payment, order_id: order-118, request: order_id='order-118' final_price=3180.0
2026-08-17 15:37:21,053 - INFO - Request for process_payment successfully processed, order_id: order-118, status: SUCCESS
2026-08-17 15:37:21,064 - INFO - Request for process_payment, order_id: order-119, request: order_id='order-119' final_price=3190.0
2026-08-17 15:37:21,368 - INFO - Request for process_payment successfully processed, order_id: order-119, status: SUCCESS
2026-08-17 15:37:21,374 - INFO - Request for process_payment, order_id: order-120, request: order_id='order-120' final_price=3200.0
2026-08-17 15:37:21,677 - INFO - Request for process_payment successfully processed, order_id: order-120, status: SUCCESS
2026-08-17 15:37:21,684 - INFO - Request for process_payment, order_id: order-121, request: order_id='order-121' final_price=3210.0
2026-08-17 15:37:21,986 - INFO - Request for process_payment successfully processed, order_id: order-121, status: SUCCESS
2026-08-17 15:37:21,998 - INFO - Request for process_payment, order_id: order-122, request: order_id='order-122' final_price=3220.0
2026-08-17 15:37:22,304 - INFO - Request for process_payment successfully processed, order_id: order-122, status: SUCCESS
2026-08-17 15:37:22,320 - INFO - Request for process_payment, order_id: order-123, request: order_id='order-123' final_price=3230.0
2026-08-17 15:37:22,621 - INFO - Request for process_payment successfully processed, order_id: order-123, status: SUCCESS
2026-08-17 15:37:22,634 - INFO - Request for process_payment, order_id: order-124, request: order_id='order-124' final_price=3240.0
2026-08-17 15:37:22,936 - INFO - Request for process_payment successfully processed, order_id: order-124, status: SUCCESS
2026-08-17 15:37:22,949 - INFO - Request for process_payment, order_id: order-125, request: order_id='order-125' final_price=3250.0
2026-08-17 15:37:23,250 - INFO - Request for process_payment successfully processed, order_id: order-125, status: SUCCESS
2026-08-17 15:37:23,254 - INFO - Request for process_payment, order_id: order-126, request: order_id='order-126' final_price=3260.0
2026-08-17 15:37:23,556 - INFO - Request for process_payment successfully processed, order_id: order-126, status: SUCCESS
2026-08-17 15:37:23,564 - INFO - Request for process_payment, order_id: order-127, request: order_id='order-127' final_price=3270.0
2026-08-17 15:37:23,867 - INFO - Request for process_payment successfully processed, order_id: order-127, status: SUCCESS
2026-08-17 15:37:23,881 - INFO - Request for process_payment, order_id: order-128, request: order_id='order-128' final_price=3280.0
2026-08-17 15:37:24,183 - INFO - Request for process_payment successfully processed, order_id: order-128, status: SUCCESS
2026-08-17 15:37:24,188 - INFO - Request for process_payment, order_id: order-129, request: order_id='order-129' final_price=3290.0
2026-08-17 15:37:24,493 - INFO - Request for process_payment successfully processed, order_id: order-129, status: SUCCESS
2026-08-17 15:37:24,534 - INFO - Request for process_payment, order_id: order-130, request: order_id='order-130' final_price=3300.0
2026-08-17 15:37:24,838 - INFO - Request for process_payment successfully processed, order_id: order-130, status: SUCCESS
2026-08-17 15:37:24,868 - INFO - Request for process_payment, order_id: order-131, request: order_id='order-131' final_price=3310.0
2026-08-17 15:37:25,170 - INFO - Request for process_payment successfully processed, order_id: order-131, status: SUCCESS
2026-08-17 15:37:25,190 - INFO - Request for process_payment, order_id: order-132, request: order_id='order-132' final_price=3320.0
2026-08-17 15:37:25,493 - INFO - Request for process_payment successfully processed, order_id: order-132, status: SUCCESS
2026-08-17 15:37:25,507 - INFO - Request for process_payment, order_id: order-133, request: order_id='order-133' final_price=3330.0
2026-08-17 15:37:25,811 - INFO - Request for process_payment successfully processed, order_id: order-133, status: SUCCESS
2026-08-17 15:38:30,847 - INFO - Request for process_payment, order_id: order-1, request: order_id='order-1' final_price=2010.0
2026-08-17 15:38:31,149 - INFO - Request for process_payment successfully processed, order_id: order-1, status: SUCCESS
2026-08-17 15:38:31,155 - INFO - Request for process_payment, order_id: order-2, request: order_id='order-2' final_price=2020.0
2026-08-17 15:38:31,456 - INFO - Request for process_payment successfully processed, order_id: order-2, status: SUCCESS
2026-08-17 15:38:31,460 - INFO - Request for process_payment, order_id: order-3, request: order_id='order-3' final_price=2030.0
2026-08-17 15:38:31,762 - INFO - Request for process_payment successfully processed, order_id: order-3, status: SUCCESS
2026-08-17 15:38:31,766 - INFO - Request for process_payment, order_id: order-4, request: order_id='order-4' final_price=2040.0
2026-08-17 15:38:32,068 - INFO - Request for process_payment successfully processed, order_id: order-4, status: SUCCESS
2026-08-17 15:38:32,074 - INFO - Request for process_payment, order_id: order-5, request: order_id='order-5' final_price=2050.0
2026-08-17 15:38:32,375 - INFO - Request for process_payment successfully processed, order_id: order-5, status: SUCCESS
2026-08-17 15:38:32,379 - INFO - Request for process_payment, order_id: order-6, request: order_id='order-6' final_price=2060.0
2026-08-17 15:38:32,680 - INFO - Request for process_payment successfully processed, order_id: order-6, status: SUCCESS
2026-08-17 15:38:32,685 - INFO - Request for process_payment, order_id: order-7, request: order_id='order-7' final_price=2070.0
2026-08-17 15:38:32,986 - INFO - Request for process_payment successfully processed, order_id: order-7, status: SUCCESS
2026-08-17 15:38:32,991 - INFO - Request for process_payment, order_id: order-8, request: order_id='order-8' final_price=2080.0
2026-08-17 15:38:33,292 - INFO - Request for process_payment successfully processed, order_id: order-8, status: SUCCESS
2026-08-17 15:38:33,296 - INFO - Request for process_payment, order_id: order-9, request: order_id='order-9' final_price=2090.0
2026-08-17 15:38:33,597 - INFO - Request for process_payment successfully processed, order_id: order-9, status: SUCCESS
2026-08-17 15:38:33,611 - INFO - Request for process_payment, order_id: order-10, request: order_id='order-10' final_price=2100.0
2026-08-17 15:38:33,913 - INFO - Request for process_payment successfully processed, order_id: order-10, status: SUCCESS
2026-08-17 15:38:33,923 - INFO - Request for process_payment, order_id: order-11, request: order_id='order-11' final_price=2110.0
2026-08-17 15:38:34,224 - INFO - Request for process_payment successfully processed, order_id: order-11, status: SUCCESS
2026-08-17 15:38:34,228 - INFO - Request for process_payment, order_id: order-12, request: order_id='order-12' final_price=2120.0
2026-08-17 15:38:34,532 - INFO - Request for process_payment successfully processed, order_id: order-12, status: SUCCESS
2026-08-17 15:38:34,543 - INFO - Request for process_payment, order_id: order-13, request: order_id='order-13' final_price=2130.0
2026-08-17 15:38:34,844 - INFO - Request for process_payment successfully processed, order_id: order-13, status: SUCCESS
2026-08-17 15:38:34,851 - INFO - Request for process_payment, order_id: order-14, request: order_id='order-14' final_price=2140.0
2026-08-17 15:38:35,152 - INFO - Request for process_payment successfully processed, order_id: order-14, status: SUCCESS
2026-08-17 15:38:35,156 - INFO - Request for process_payment, order_id: order-15, request: order_id='order-15' final_price=2150.0
2026-08-17 15:38:35,458 - INFO - Request for process_payment successfully processed, order_id: order-15, status: SUCCESS
2026-08-17 15:38:35,462 - INFO - Request for process_payment, order_id: order-16, request: order_id='order-16' final_price=2160.0
2026-08-17 15:38:35,763 - INFO - Request for process_payment successfully processed, order_id: order-16, status: SUCCESS
2026-08-17 15:38:35,769 - INFO - Request for process_payment, order_id: order-17, request: order_id='order-17' final_price=2170.0
2026-08-17 15:38:36,072 - INFO - Request for process_payment successfully processed, order_id: order-17, status: SUCCESS
2026-08-17 15:38:36,078 - INFO - Request for process_payment, order_id: order-18, request: order_id='order-18' final_price=2180.0
2026-08-17 15:38:36,380 - INFO - Request for process_payment successfully processed, order_id: order-18, status: SUCCESS
2026-08-17 15:38:36,384 - INFO - Request for process_payment, order_id: order-19, request: order_id='order-19' final_price=2190.0
2026-08-17 15:38:36,686 - INFO - Request for process_payment successfully processed, order_id: order-19, status: SUCCESS
2026-08-17 15:38:36,690 - INFO - Request for process_payment, order_id: order-20, request: order_id='order-20' final_price=2200.0
2026-08-17 15:38:36,992 - INFO - Request for process_payment successfully processed, order_id: order-20, status: SUCCESS
2026-08-17 15:38:36,996 - INFO - Request for process_payment, order_id: order-21, request: order_id='order-21' final_price=2210.0
2026-08-17 15:38:37,297 - INFO - Request for process_payment successfully processed, order_id: order-21, status: SUCCESS
2026-08-17 15:38:37,302 - INFO - Request for process_payment, order_id: order-22, request: order_id='order-22' final_price=2220.0
2026-08-17 15:38:37,604 - INFO - Request for process_payment successfully processed, order_id: order-22, status: SUCCESS
2026-08-17 15:38:37,608 - INFO - Request for process_payment, order_id: order-23, request: order_id='order-23' final_price=2230.0
2026-08-17 15:38:37,909 - INFO - Request for process_payment successfully processed, order_id: order-23, status: SUCCESS
2026-08-17 15:38:37,913 - INFO - Request for process_payment, order_id: order-24, request: order_id='order-24' final_price=2240.0
2026-08-17 15:38:38,215 - INFO - Request for process_payment successfully processed, order_id: order-24, status: SUCCESS
2026-08-17 15:38:38,221 - INFO - Request for process_payment, order_id: order-25, request: order_id='order-25' final_price=2250.0
2026-08-17 15:38:38,522 - INFO - Request for process_payment successfully processed, order_id: order-25, status: SUCCESS
2026-08-17 15:38:38,526 - INFO - Request for process_payment, order_id: order-26, request: order_id='order-26' final_price=2260.0
2026-08-17 15:38:38,827 - INFO - Request for process_payment successfully processed, order_id: order-26, status: SUCCESS
2026-08-17 15:38:38,831 - INFO - Request for process_payment, order_id: order-27, request: order_id='order-27' final_price=2270.0
2026-08-17 15:38:39,133 - INFO - Request for process_payment successfully processed, order_id: order-27, status: SUCCESS
2026-08-17 15:38:39,137 - INFO - Request for process_payment, order_id: order-28, request: order_id='order-28' final_price=2280.0
2026-08-17 15:38:39,438 - INFO - Request for process_payment successfully processed, order_id: order-28, status: SUCCESS
2026-08-17 15:38:39,443 - INFO - Request for process_payment, order_id: order-29, request: order_id='order-29' final_price=2290.0
2026-08-17 15:38:39,744 - INFO - Request for process_payment successfully processed, order_id: order-29, status: SUCCESS
2026-08-17 15:38:39,748 - INFO - Request for process_payment, order_id: order-30, request: order_id='order-30' final_price=2300.0
2026-08-17 15:38:40,050 - INFO - Request for process_payment successfully processed, order_id: order-30, status: SUCCESS
2026-08-17 15:38:40,055 - INFO - Request for process_payment, order_id: order-31, request: order_id='order-31' final_price=2310.0
2026-08-17 15:38:40,356 - INFO - Request for process_payment successfully processed, order_id: order-31, status: SUCCESS
2026-08-17 15:38:40,361 - INFO - Request for process_payment, order_id: order-32, request: order_id='order-32' final_price=2320.0
2026-08-17 15:38:40,662 - INFO - Request for process_payment successfully processed, order_id: order-32, status: SUCCESS
2026-08-17 15:38:40,667 - INFO - Request for process_payment, order_id: order-33, request: order_id='order-33' final_price=2330.0
2026-08-17 15:38:40,968 - INFO - Request for process_payment successfully processed, order_id: order-33, status: SUCCESS
2026-08-17 15:38:40,973 - INFO - Request for process_payment, order_id: order-34, request: order_id='order-34' final_price=2340.0
2026-08-17 15:38:41,274 - INFO - Request for process_payment successfully processed, order_id: order-34, status: SUCCESS
2026-08-17 15:38:41,278 - INFO - Request for process_payment, order_id: order-35, request: order_id='order-35' final_price=2350.0
2026-08-17 15:38:41,580 - INFO - Request for process_payment successfully processed, order_id: order-35, status: SUCCESS
2026-08-17 15:38:41,584 - INFO - Request for process_payment, order_id: order-36, request: order_id='order-36' final_price=2360.0
2026-08-17 15:38:41,885 - INFO - Request for process_payment successfully processed, order_id: order-36, status: SUCCESS
2026-08-17 15:38:41,889 - INFO - Request for process_payment, order_id: order-37, request: order_id='order-37' final_price=2370.0
2026-08-17 15:38:42,190 - INFO - Request for process_payment successfully processed, order_id: order-37, status: SUCCESS
2026-08-17 15:38:42,195 - INFO - Request for process_payment, order_id: order-38, request: order_id='order-38' final_price=2380.0
2026-08-17 15:38:42,496 - INFO - Request for process_payment successfully processed, order_id: order-38, status: SUCCESS
2026-08-17 15:38:42,501 - INFO - Request for process_payment, order_id: order-39, request: order_id='order-39' final_price=2390.0
2026-08-17 15:38:42,803 - INFO - Request for process_payment successfully processed, order_id: order-39, status: SUCCESS
2026-08-17 15:38:42,807 - INFO - Request for process_payment, order_id: order-40, request: order_id='order-40' final_price=2400.0
2026-08-17 15:38:43,108 - INFO - Request for process_payment successfully processed, order_id: order-40, status: SUCCESS
2026-08-17 15:38:43,112 - INFO - Request for process_payment, order_id: order-41, request: order_id='order-41' final_price=2410.0
2026-08-17 15:38:43,414 - INFO - Request for process_payment successfully processed, order_id: order-41, status: SUCCESS
2026-08-17 15:38:43,419 - INFO - Request for process_payment, order_id: order-42, request: order_id='order-42' final_price=2420.0
2026-08-17 15:38:43,721 - INFO - Request for process_payment successfully processed, order_id: order-42, status: SUCCESS
2026-08-17 15:38:43,725 - INFO - Request for process_payment, order_id: order-43, request: order_id='order-43' final_price=2430.0
2026-08-17 15:38:44,026 - INFO - Request for process_payment successfully processed, order_id: order-43, status: SUCCESS
2026-08-17 15:38:44,030 - INFO - Request for process_payment, order_id: order-44, request: order_id='order-44' final_price=2440.0
2026-08-17 15:38:44,332 - INFO - Request for process_payment successfully processed, order_id: order-44, status: SUCCESS
2026-08-17 15:38:44,337 - INFO - Request for process_payment, order_id: order-45, request: order_id='order-45' final_price=2450.0
2026-08-17 15:38:44,638 - INFO - Request for process_payment successfully processed, order_id: order-45, status: SUCCESS
2026-08-17 15:38:44,642 - INFO - Request for process_payment, order_id: order-46, request: order_id='order-46' final_price=2460.0
2026-08-17 15:38:44,944 - INFO - Request for process_payment successfully processed, order_id: order-46, status: SUCCESS
2026-08-17 15:38:44,951 - INFO - Request for process_payment, order_id: order-47, request: order_id='order-47' final_price=2470.0
2026-08-17 15:38:45,253 - INFO - Request for process_payment successfully processed, order_id: order-47, status: SUCCESS
2026-08-17 15:38:45,257 - INFO - Request for process_payment, order_id: order-48, request: order_id='order-48' final_price=2480.0
2026-08-17 15:38:45,558 - INFO - Request for process_payment successfully processed, order_id: order-48, status: SUCCESS
2026-08-17 15:38:45,562 - INFO - Request for process_payment, order_id: order-49, request: order_id='order-49' final_price=2490.0
2026-08-17 15:38:45,865 - INFO - Request for process_payment successfully processed, order_id: order-49, status: SUCCESS
2026-08-17 15:38:45,872 - INFO - Request for process_payment, order_id: order-50, request: order_id='order-50' final_price=2500.0
2026-08-17 15:38:46,176 - INFO - Request for process_payment successfully processed, order_id: order-50, status: SUCCESS
2026-08-17 15:38:46,186 - INFO - Request for process_payment, order_id: order-51, request: order_id='order-51' final_price=2510.0
2026-08-17 15:38:46,488 - INFO - Request for process_payment successfully processed, order_id: order-51, status: SUCCESS
2026-08-17 15:38:46,492 - INFO - Request for process_payment, order_id: order-52, request: order_id='order-52' final_price=2520.0
2026-08-17 15:38:46,794 - INFO - Request for process_payment successfully processed, order_id: order-52, status: SUCCESS
2026-08-17 15:38:46,807 - INFO - Request for process_payment, order_id: order-53, request: order_id='order-53' final_price=2530.0
2026-08-17 15:38:47,108 - INFO - Request for process_payment successfully processed, order_id: order-53, status: SUCCESS
2026-08-17 15:38:47,116 - INFO - Request for process_payment, order_id: order-54, request: order_id='order-54' final_price=2540.0
2026-08-17 15:38:47,418 - INFO - Request for process_payment successfully processed, order_id: order-54, status: SUCCESS
2026-08-17 15:38:47,422 - INFO - Request for process_payment, order_id: order-55, request: order_id='order-55' final_price=2550.0
2026-08-17 15:38:47,725 - INFO - Request for process_payment successfully processed, order_id: order-55, status: SUCCESS
2026-08-17 15:38:47,734 - INFO - Request for process_payment, order_id: order-56, request: order_id='order-56' final_price=2560.0
2026-08-17 15:38:48,036 - INFO - Request for process_payment successfully processed, order_id: order-56, status: SUCCESS
2026-08-17 15:38:48,040 - INFO - Request for process_payment, order_id: order-57, request: order_id='order-57' final_price=2570.0
2026-08-17 15:38:48,341 - INFO - Request for process_payment successfully processed, order_id: order-57, status: SUCCESS
2026-08-17 15:38:48,346 - INFO - Request for process_payment, order_id: order-58, request: order_id='order-58' final_price=2580.0
2026-08-17 15:38:48,647 - INFO - Request for process_payment successfully processed, order_id: order-58, status: SUCCESS
2026-08-17 15:38:48,651 - INFO - Request for process_payment, order_id: order-59, request: order_id='order-59' final_price=2590.0
2026-08-17 15:38:48,953 - INFO - Request for process_payment successfully processed, order_id: order-59, status: SUCCESS
2026-08-17 15:38:48,958 - INFO - Request for process_payment, order_id: order-60, request: order_id='order-60' final_price=2600.0
2026-08-17 15:38:49,259 - INFO - Request for process_payment successfully processed, order_id: order-60, status: SUCCESS
2026-08-17 15:38:49,263 - INFO - Request for process_payment, order_id: order-61, request: order_id='order-61' final_price=2610.0
2026-08-17 15:38:49,564 - INFO - Request for process_payment successfully processed, order_id: order-61, status: SUCCESS
2026-08-17 15:38:49,570 - INFO - Request for process_payment, order_id: order-62, request: order_id='order-62' final_price=2620.0
2026-08-17 15:38:49,872 - INFO - Request for process_payment successfully processed, order_id: order-62, status: SUCCESS
2026-08-17 15:38:49,876 - INFO - Request for process_payment, order_id: order-63, request: order_id='order-63' final_price=2630.0
2026-08-17 15:38:50,179 - INFO - Request for process_payment successfully processed, order_id: order-63, status: SUCCESS
2026-08-17 15:38:50,189 - INFO - Request for process_payment, order_id: order-64, request: order_id='order-64' final_price=2640.0
2026-08-17 15:38:50,491 - INFO - Request for process_payment successfully processed, order_id: order-64, status: SUCCESS
2026-08-17 15:38:50,495 - INFO - Request for process_payment, order_id: order-65, request: order_id='order-65' final_price=2650.0
2026-08-17 15:38:50,798 - INFO - Request for process_payment successfully processed, order_id: order-65, status: SUCCESS
2026-08-17 15:38:50,806 - INFO - Request for process_payment, order_id: order-66, request: order_id='order-66' final_price=2660.0
2026-08-17 15:38:51,108 - INFO - Request for process_payment successfully processed, order_id: order-66, status: SUCCESS
2026-08-17 15:38:51,120 - INFO - Request for process_payment, order_id: order-67, request: order_id='order-67' final_price=2670.0
2026-08-17 15:38:51,422 - INFO - Request for process_payment successfully processed, order_id: order-67, status: SUCCESS
2026-08-17 15:38:51,426 - INFO - Request for process_payment, order_id: order-68, request: order_id='order-68' final_price=2680.0
2026-08-17 15:38:51,727 - INFO - Request for process_payment successfully processed, order_id: order-68, status: SUCCESS
2026-08-17 15:38:51,738 - INFO - Request for process_payment, order_id: order-69, request: order_id='order-69' final_price=2690.0
2026-08-17 15:38:52,040 - INFO - Request for process_payment successfully processed, order_id: order-69, status: SUCCESS
2026-08-17 15:38:52,044 - INFO - Request for process_payment, order_id: order-70, request: order_id='order-70' final_price=2700.0
2026-08-17 15:38:52,346 - INFO - Request for process_payment successfully processed, order_id: order-70, status: SUCCESS
2026-08-17 15:38:52,359 - INFO - Request for process_payment, order_id: order-71, request: order_id='order-71' final_price=2710.0
2026-08-17 15:38:52,660 - INFO - Request for process_payment successfully processed, order_id: order-71, status: SUCCESS
2026-08-17 15:38:52,667 - INFO - Request for process_payment, order_id: order-72, request: order_id='order-72' final_price=2720.0
2026-08-17 15:38:52,969 - INFO - Request for process_payment successfully processed, order_id: order-72, status: SUCCESS
2026-08-17 15:38:52,973 - INFO - Request for process_payment, order_id: order-73, request: order_id='order-73' final_price=2730.0
2026-08-17 15:38:53,275 - INFO - Request for process_payment successfully processed, order_id: order-73, status: SUCCESS
2026-08-17 15:38:53,279 - INFO - Request for process_payment, order_id: order-74, request: order_id='order-74' final_price=2740.0
2026-08-17 15:38:53,584 - INFO - Request for process_payment successfully processed, order_id: order-74, status: SUCCESS
2026-08-17 15:38:53,591 - INFO - Request for process_payment, order_id: order-75, request: order_id='order-75' final_price=2750.0
2026-08-17 15:38:53,892 - INFO - Request for process_payment successfully processed, order_id: order-75, status: SUCCESS
2026-08-17 15:38:53,905 - INFO - Request for process_payment, order_id: order-76, request: order_id='order-76' final_price=2760.0
2026-08-17 15:38:54,207 - INFO - Request for process_payment successfully processed, order_id: order-76, status: SUCCESS
2026-08-17 15:38:54,219 - INFO - Request for process_payment, order_id: order-77, request: order_id='order-77' final_price=2770.0
2026-08-17 15:38:54,521 - INFO - Request for process_payment successfully processed, order_id: order-77, status: SUCCESS
2026-08-17 15:38:54,526 - INFO - Request for process_payment, order_id: order-78, request: order_id='order-78' final_price=2780.0
2026-08-17 15:38:54,827 - INFO - Request for process_payment successfully processed, order_id: order-78, status: SUCCESS
2026-08-17 15:38:54,832 - INFO - Request for process_payment, order_id: order-79, request: order_id='order-79' final_price=2790.0
2026-08-17 15:38:55,135 - INFO - Request for process_payment successfully processed, order_id: order-79, status: SUCCESS
2026-08-17 15:38:55,143 - INFO - Request for process_payment, order_id: order-80, request: order_id='order-80' final_price=2800.0
2026-08-17 15:38:55,449 - INFO - Request for process_payment successfully processed, order_id: order-80, status: SUCCESS
2026-08-17 15:38:55,464 - INFO - Request for process_payment, order_id: order-81, request: order_id='order-81' final_price=2810.0
2026-08-17 15:38:55,767 - INFO - Request for process_payment successfully processed, order_id: order-81, status: SUCCESS
2026-08-17 15:38:55,776 - INFO - Request for process_payment, order_id: order-82, request: order_id='order-82' final_price=2820.0
2026-08-17 15:38:56,077 - INFO - Request for process_payment successfully processed, order_id: order-82, status: SUCCESS
2026-08-17 15:38:56,088 - INFO - Request for process_payment, order_id: order-83, request: order_id='order-83' final_price=2830.0
2026-08-17 15:38:56,390 - INFO - Request for process_payment successfully processed, order_id: order-83, status: SUCCESS
2026-08-17 15:38:56,400 - INFO - Request for process_payment, order_id: order-84, request: order_id='order-84' final_price=2840.0
2026-08-17 15:38:56,704 - INFO - Request for process_payment successfully processed, order_id: order-84, status: SUCCESS
2026-08-17 15:38:56,711 - INFO - Request for process_payment, order_id: order-85, request: order_id='order-85' final_price=2850.0
2026-08-17 15:38:57,012 - INFO - Request for process_payment successfully processed, order_id: order-85, status: SUCCESS
2026-08-17 15:38:57,017 - INFO - Request for process_payment, order_id: order-86, request: order_id='order-86' final_price=2860.0
2026-08-17 15:38:57,318 - INFO - Request for process_payment successfully processed, order_id: order-86, status: SUCCESS
2026-08-17 15:38:57,323 - INFO - Request for process_payment, order_id: order-87, request: order_id='order-87' final_price=2870.0
2026-08-17 15:38:57,630 - INFO - Request for process_payment successfully processed, order_id: order-87, status: SUCCESS
2026-08-17 15:38:57,660 - INFO - Request for process_payment, order_id: order-88, request: order_id='order-88' final_price=2880.0
2026-08-17 15:38:57,966 - INFO - Request for process_payment successfully processed, order_id: order-88, status: SUCCESS
2026-08-17 15:38:57,977 - INFO - Request for process_payment, order_id: order-89, request: order_id='order-89' final_price=2890.0
2026-08-17 15:38:58,278 - INFO - Request for process_payment successfully processed, order_id: order-89, status: SUCCESS
2026-08-17 15:38:58,286 - INFO - Request for process_payment, order_id: order-90, request: order_id='order-90' final_price=2900.0
2026-08-17 15:38:58,588 - INFO - Request for process_payment successfully processed, order_id: order-90, status: SUCCESS
2026-08-17 15:38:58,594 - INFO - Request for process_payment, order_id: order-91, request: order_id='order-91' final_price=2910.0
2026-08-17 15:38:58,895 - INFO - Request for process_payment successfully processed, order_id: order-91, status: SUCCESS
2026-08-17 15:38:58,900 - INFO - Request for process_payment, order_id: order-92, request: order_id='order-92' final_price=2920.0
2026-08-17 15:38:59,202 - INFO - Request for process_payment successfully processed, order_id: order-92, status: SUCCESS
2026-08-17 15:38:59,208 - INFO - Request for process_payment, order_id: order-93, request: order_id='order-93' final_price=2930.0
2026-08-17 15:38:59,509 - INFO - Request for process_payment successfully processed, order_id: order-93, status: SUCCESS
2026-08-17 15:38:59,516 - INFO - Request for process_payment, order_id: order-94, request: order_id='order-94' final_price=2940.0
2026-08-17 15:38:59,819 - INFO - Request for process_payment successfully processed, order_id: order-94, status: SUCCESS
2026-08-17 15:38:59,829 - INFO - Request for process_payment, order_id: order-95, request: order_id='order-95' final_price=2950.0
2026-08-17 15:39:00,135 - INFO - Request for process_payment successfully processed, order_id: order-95, status: SUCCESS
2026-08-17 15:39:00,144 - INFO - Request for process_payment, order_id: order-96, request: order_id='order-96' final_price=2960.0
2026-08-17 15:39:00,445 - INFO - Request for process_payment successfully processed, order_id: order-96, status: SUCCESS
2026-08-17 15:39:00,450 - INFO - Request for process_payment, order_id: order-97, request: order_id='order-97' final_price=2970.0
2026-08-17 15:39:00,754 - INFO - Request for process_payment successfully processed, order_id: order-97, status: SUCCESS
2026-08-17 15:39:00,760 - INFO - Request for process_payment, order_id: order-98, request: order_id='order-98' final_price=2980.0
2026-08-17 15:39:01,061 - INFO - Request for process_payment successfully processed, order_id: order-98, status: SUCCESS
2026-08-17 15:39:01,075 - INFO - Request for process_payment, order_id: order-99, request: order_id='order-99' final_price=2990.0
2026-08-17 15:39:01,376 - INFO - Request for process_payment successfully processed, order_id: order-99, status: SUCCESS
2026-08-17 15:39:01,385 - INFO - Request for process_payment, order_id: order-100, request: order_id='order-100' final_price=3000.0
2026-08-17 15:39:01,689 - INFO - Request for process_payment successfully processed, order_id: order-100, status: SUCCESS
2026-08-17 15:39:01,696 - INFO - Request for process_payment, order_id: order-101, request: order_id='order-101' final_price=3010.0
2026-08-17 15:39:01,997 - INFO - Request for process_payment successfully processed, order_id: order-101, status: SUCCESS
2026-08-17 15:39:02,007 - INFO - Request for process_payment, order_id: order-102, request: order_id='order-102' final_price=3020.0
2026-08-17 15:39:02,308 - INFO - Request for process_payment successfully processed, order_id: order-102, status: SUCCESS
2026-08-17 15:39:02,319 - INFO - Request for process_payment, order_id: order-103, request: order_id='order-103' final_price=3030.0
2026-08-17 15:39:02,621 - INFO - Request for process_payment successfully processed, order_id: order-103, status: SUCCESS
2026-08-17 15:39:02,629 - INFO - Request for process_payment, order_id: order-104, request: order_id='order-104' final_price=3040.0
2026-08-17 15:39:02,931 - INFO - Request for process_payment successfully processed, order_id: order-104, status: SUCCESS
2026-08-17 15:39:02,945 - INFO - Request for process_payment, order_id: order-105, request: order_id='order-105' final_price=3050.0
2026-08-17 15:39:03,250 - INFO - Request for process_payment successfully processed, order_id: order-105, status: SUCCESS
2026-08-17 15:39:03,274 - INFO - Request for process_payment, order_id: order-106, request: order_id='order-106' final_price=3060.0
2026-08-17 15:39:03,576 - INFO - Request for process_payment successfully processed, order_id: order-106, status: SUCCESS
2026-08-17 15:39:03,588 - INFO - Request for process_payment, order_id: order-107, request: order_id='order-107' final_price=3070.0
2026-08-17 15:39:03,890 - INFO - Request for process_payment successfully processed, order_id: order-107, status: SUCCESS
2026-08-17 15:39:03,895 - INFO - Request for process_payment, order_id: order-108, request: order_id='order-108' final_price=3080.0
2026-08-17 15:39:04,197 - INFO - Request for process_payment successfully processed, order_id: order-108, status: SUCCESS
2026-08-17 15:39:04,203 - INFO - Request for process_payment, order_id: order-109, request: order_id='order-109' final_price=3090.0
2026-08-17 15:39:04,504 - INFO - Request for process_payment successfully processed, order_id: order-109, status: SUCCESS
2026-08-17 15:39:04,510 - INFO - Request for process_payment, order_id: order-110, request: order_id='order-110' final_price=3100.0
2026-08-17 15:39:04,811 - INFO - Request for process_payment successfully processed, order_id: order-110, status: SUCCESS
2026-08-17 15:39:04,817 - INFO - Request for process_payment, order_id: order-111, request: order_id='order-111' final_price=3110.0
2026-08-17 15:39:05,118 - INFO - Request for process_payment successfully processed, order_id: order-111, status: SUCCESS
2026-08-17 15:39:05,124 - INFO - Request for process_payment, order_id: order-112, request: order_id='order-112' final_price=3120.0
2026-08-17 15:39:05,425 - INFO - Request for process_payment successfully processed, order_id: order-112, status: SUCCESS
2026-08-17 15:39:05,430 - INFO - Request for process_payment, order_id: order-113, request: order_id='order-113' final_price=3130.0
2026-08-17 15:39:05,734 - INFO - Request for process_payment successfully processed, order_id: order-113, status: SUCCESS
2026-08-17 15:39:05,751 - INFO - Request for process_payment, order_id: order-114, request: order_id='order-114' final_price=3140.0
2026-08-17 15:39:06,052 - INFO - Request for process_payment successfully processed, order_id: order-114, status: SUCCESS
2026-08-17 15:39:06,058 - INFO - Request for process_payment, order_id: order-115, request: order_id='order-115' final_price=3150.0
2026-08-17 15:39:06,359 - INFO - Request for process_payment successfully processed, order_id: order-115, status: SUCCESS
2026-08-17 15:39:06,364 - INFO - Request for process_payment, order_id: order-116, request: order_id='order-116' final_price=3160.0
2026-08-17 15:39:06,666 - INFO - Request for process_payment successfully processed, order_id: order-116, status: SUCCESS
2026-08-17 15:39:06,671 - INFO - Request for process_payment, order_id: order-117, request: order_id='order-117' final_price=3170.0
2026-08-17 15:39:06,972 - INFO - Request for process_payment successfully processed, order_id: order-117, status: SUCCESS
2026-08-17 15:39:06,977 - INFO - Request for process_payment, order_id: order-118, request: order_id='order-118' final_price=3180.0
2026-08-17 15:39:07,278 - INFO - Request for process_payment successfully processed, order_id: order-118, status: SUCCESS
2026-08-17 15:39:07,285 - INFO - Request for process_payment, order_id: order-119, request: order_id='order-119' final_price=3190.0
2026-08-17 15:39:07,590 - INFO - Request for process_payment successfully processed, order_id: order-119, status: SUCCESS
2026-08-17 15:39:07,600 - INFO - Request for process_payment, order_id: order-120, request: order_id='order-120' final_price=3200.0
2026-08-17 15:39:07,902 - INFO - Request for process_payment successfully processed, order_id: order-120, status: SUCCESS
2026-08-17 15:39:07,922 - INFO - Request for process_payment, order_id: order-121, request: order_id='order-121' final_price=3210.0
2026-08-17 15:39:08,223 - INFO - Request for process_payment successfully processed, order_id: order-121, status: SUCCESS
2026-08-17 15:39:08,230 - INFO - Request for process_payment, order_id: order-122, request: order_id='order-122' final_price=3220.0
2026-08-17 15:39:08,533 - INFO - Request for process_payment successfully processed, order_id: order-122, status: SUCCESS
2026-08-17 15:39:08,543 - INFO - Request for process_payment, order_id: order-123, request: order_id='order-123' final_price=3230.0
2026-08-17 15:39:08,844 - INFO - Request for process_payment successfully processed, order_id: order-123, status: SUCCESS
2026-08-17 15:39:08,850 - INFO - Request for process_payment, order_id: order-124, request: order_id='order-124' final_price=3240.0
2026-08-17 15:39:09,151 - INFO - Request for process_payment successfully processed, order_id: order-124, status: SUCCESS
2026-08-17 15:39:09,157 - INFO - Request for process_payment, order_id: order-125, request: order_id='order-125' final_price=3250.0
2026-08-17 15:39:09,458 - INFO - Request for process_payment successfully processed, order_id: order-125, status: SUCCESS
2026-08-17 15:39:09,471 - INFO - Request for process_payment, order_id: order-126, request: order_id='order-126' final_price=3260.0
2026-08-17 15:39:09,774 - INFO - Request for process_payment successfully processed, order_id: order-126, status: SUCCESS
2026-08-17 15:39:09,782 - INFO - Request for process_payment, order_id: order-127, request: order_id='order-127' final_price=3270.0
2026-08-17 15:39:10,085 - INFO - Request for process_payment successfully processed, order_id: order-127, status: SUCCESS
2026-08-17 15:39:10,091 - INFO - Request for process_payment, order_id: order-128, request: order_id='order-128' final_price=3280.0
2026-08-17 15:39:10,392 - INFO - Request for process_payment successfully processed, order_id: order-128, status: SUCCESS
2026-08-17 15:39:10,398 - INFO - Request for process_payment, order_id: order-129, request: order_id='order-129' final_price=3290.0
2026-08-17 15:39:10,700 - INFO - Request for process_payment successfully processed, order_id: order-129, status: SUCCESS
2026-08-17 15:39:10,705 - INFO - Request for process_payment, order_id: order-130, request: order_id='order-130' final_price=3300.0
2026-08-17 15:39:11,006 - INFO - Request for process_payment successfully processed, order_id: order-130, status: SUCCESS
2026-08-17 15:39:11,011 - INFO - Request for process_payment, order_id: order-131, request: order_id='order-131' final_price=3310.0
2026-08-17 15:39:11,314 - INFO - Request for process_payment successfully processed, order_id: order-131, status: SUCCESS
2026-08-17 15:39:11,320 - INFO - Request for process_payment, order_id: order-132, request: order_id='order-132' final_price=3320.0
2026-08-17 15:39:11,622 - INFO - Request for process_payment successfully processed, order_id: order-132, status: SUCCESS
2026-08-17 15:39:11,628 - INFO - Request for process_payment, order_id: order-133, request: order_id='order-133' final_price=3330.0
2026-08-17 15:39:11,932 - INFO - Request for process_payment successfully processed, order_id: order-133, status: SUCCESS
2026-08-17 15:39:11,944 - INFO - Request for process_payment, order_id: order-134, request: order_id='order-134' final_price=3340.0
2026-08-17 15:39:12,247 - INFO - Request for process_payment successfully processed, order_id: order-134, status: SUCCESS
2026-08-17 15:39:12,252 - INFO - Request for process_payment, order_id: order-135, request: order_id='order-135' final_price=3350.0
2026-08-17 15:39:12,554 - INFO - Request for process_payment successfully processed, order_id: order-135, status: SUCCESS
2026-08-17 15:39:12,559 - INFO - Request for process_payment, order_id: order-136, request: order_id='order-136' final_price=3360.0
2026-08-17 15:39:12,860 - INFO - Request for process_payment successfully processed, order_id: order-136, status: SUCCESS
2026-08-17 15:39:12,866 - INFO - Request for process_payment, order_id: order-137, request: order_id='order-137' final_price=3370.0
2026-08-17 15:39:13,168 - INFO - Request for process_payment successfully processed, order_id: order-137, status: SUCCESS
2026-08-17 15:39:13,173 - INFO - Request for process_payment, order_id: order-138, request: order_id='order-138' final_price=3380.0
2026-08-17 15:39:13,474 - INFO - Request for process_payment successfully processed, order_id: order-138, status: SUCCESS
2026-08-17 15:39:13,479 - INFO - Request for process_payment, order_id: order-139, request: order_id='order-139' final_price=3390.0
2026-08-17 15:39:13,780 - INFO - Request for process_payment successfully processed, order_id: order-139, status: SUCCESS
2026-08-17 15:39:13,785 - INFO - Request for process_payment, order_id: order-140, request: order_id='order-140' final_price=3400.0
2026-08-17 15:39:14,086 - INFO - Request for process_payment successfully processed, order_id: order-140, status: SUCCESS
2026-08-17 15:39:14,091 - INFO - Request for process_payment, order_id: order-141, request: order_id='order-141' final_price=3410.0
2026-08-17 15:39:14,392 - INFO - Request for process_payment successfully processed, order_id: order-141, status: SUCCESS
2026-08-17 15:39:14,399 - INFO - Request for process_payment, order_id: order-142, request: order_id='order-142' final_price=3420.0
2026-08-17 15:39:14,700 - INFO - Request for process_payment successfully processed, order_id: order-142, status: SUCCESS
2026-08-17 15:39:14,706 - INFO - Request for process_payment, order_id: order-143, request: order_id='order-143' final_price=3430.0
2026-08-17 15:39:15,008 - INFO - Request for process_payment successfully processed, order_id: order-143, status: SUCCESS
2026-08-17 15:39:15,014 - INFO - Request for process_payment, order_id: order-144, request: order_id='order-144' final_price=3440.0
2026-08-17 15:39:15,315 - INFO - Request for process_payment successfully processed, order_id: order-144, status: SUCCESS
2026-08-17 15:39:15,320 - INFO - Request for process_payment, order_id: order-145, request: order_id='order-145' final_price=3450.0
2026-08-17 15:39:15,621 - INFO - Request for process_payment successfully processed, order_id: order-145, status: SUCCESS
2026-08-17 15:39:15,626 - INFO - Request for process_payment, order_id: order-146, request: order_id='order-146' final_price=3460.0
2026-08-17 15:39:15,927 - INFO - Request for process_payment successfully processed, order_id: order-146, status: SUCCESS
2026-08-17 15:39:15,934 - INFO - Request for process_payment, order_id: order-147, request: order_id='order-147' final_price=3470.0
2026-08-17 15:39:16,235 - INFO - Request for process_payment successfully processed, order_id: order-147, status: SUCCESS
2026-08-17 15:39:16,240 - INFO - Request for process_payment, order_id: order-148, request: order_id='order-148' final_price=3480.0
2026-08-17 15:39:16,541 - INFO - Request for process_payment successfully processed, order_id: order-148, status: SUCCESS
2026-08-17 15:39:16,547 - INFO - Request for process_payment, order_id: order-149, request: order_id='order-149' final_price=3490.0
2026-08-17 15:39:16,851 - INFO - Request for process_payment successfully processed, order_id: order-149, status: SUCCESS
2026-08-17 15:39:16,857 - INFO - Request for process_payment, order_id: order-150, request: order_id='order-150' final_price=3500.0
2026-08-17 15:39:17,160 - INFO - Request for process_payment successfully processed, order_id: order-150, status: SUCCESS
2026-08-17 15:39:17,173 - INFO - Request for process_payment, order_id: order-151, request: order_id='order-151' final_price=3510.0
2026-08-17 15:39:17,475 - INFO - Request for process_payment successfully processed, order_id: order-151, status: SUCCESS
2026-08-17 15:39:17,483 - INFO - Request for process_payment, order_id: order-152, request: order_id='order-152' final_price=3520.0
2026-08-17 15:39:17,785 - INFO - Request for process_payment successfully processed, order_id: order-152, status: SUCCESS
2026-08-17 15:39:17,794 - INFO - Request for process_payment, order_id: order-153, request: order_id='order-153' final_price=3530.0
2026-08-17 15:39:18,096 - INFO - Request for process_payment successfully processed, order_id: order-153, status: SUCCESS
2026-08-17 15:39:18,108 - INFO - Request for process_payment, order_id: order-154, request: order_id='order-154' final_price=3540.0
2026-08-17 15:39:18,410 - INFO - Request for process_payment successfully processed, order_id: order-154, status: SUCCESS
2026-08-17 15:39:18,422 - INFO - Request for process_payment, order_id: order-155, request: order_id='order-155' final_price=3550.0
2026-08-17 15:39:18,724 - INFO - Request for process_payment successfully processed, order_id: order-155, status: SUCCESS
2026-08-17 15:39:18,734 - INFO - Request for process_payment, order_id: order-156, request: order_id='order-156' final_price=3560.0
2026-08-17 15:39:19,036 - INFO - Request for process_payment successfully processed, order_id: order-156, status: SUCCESS
2026-08-17 15:39:19,040 - INFO - Request for process_payment, order_id: order-157, request: order_id='order-157' final_price=3570.0
2026-08-17 15:39:19,342 - INFO - Request for process_payment successfully processed, order_id: order-157, status: SUCCESS
2026-08-17 15:39:19,349 - INFO - Request for process_payment, order_id: order-158, request: order_id='order-158' final_price=3580.0
2026-08-17 15:39:19,651 - INFO - Request for process_payment successfully processed, order_id: order-158, status: SUCCESS
2026-08-17 15:39:19,657 - INFO - Request for process_payment, order_id: order-159, request: order_id='order-159' final_price=3590.0
2026-08-17 15:39:19,959 - INFO - Request for process_payment successfully processed, order_id: order-159, status: SUCCESS
2026-08-17 15:39:19,971 - INFO - Request for process_payment, order_id: order-160, request: order_id='order-160' final_price=3600.0
2026-08-17 15:39:20,275 - INFO - Request for process_payment successfully processed, order_id: order-160, status: SUCCESS
2026-08-17 15:39:20,289 - INFO - Request for process_payment, order_id: order-161, request: order_id='order-161' final_price=3610.0
2026-08-17 15:39:20,591 - INFO - Request for process_payment successfully processed, order_id: order-161, status: SUCCESS
2026-08-17 15:39:20,608 - INFO - Request for process_payment, order_id: order-162, request: order_id='order-162' final_price=3620.0
2026-08-17 15:39:20,912 - INFO - Request for process_payment successfully processed, order_id: order-162, status: SUCCESS
2026-08-17 15:39:20,924 - INFO - Request for process_payment, order_id: order-163, request: order_id='order-163' final_price=3630.0
2026-08-17 15:39:21,226 - INFO - Request for process_payment successfully processed, order_id: order-163, status: SUCCESS
2026-08-17 15:39:21,233 - INFO - Request for process_payment, order_id: order-164, request: order_id='order-164' final_price=3640.0
2026-08-17 15:39:21,534 - INFO - Request for process_payment successfully processed, order_id: order-164, status: SUCCESS
2026-08-17 15:39:21,542 - INFO - Request for process_payment, order_id: order-165, request: order_id='order-165' final_price=3650.0
2026-08-17 15:39:21,845 - INFO - Request for process_payment successfully processed, order_id: order-165, status: SUCCESS
2026-08-17 15:39:21,863 - INFO - Request for process_payment, order_id: order-166, request: order_id='order-166' final_price=3660.0
2026-08-17 15:39:22,165 - INFO - Request for process_payment successfully processed, order_id: order-166, status: SUCCESS
2026-08-17 15:39:22,178 - INFO - Request for process_payment, order_id: order-167, request: order_id='order-167' final_price=3670.0
2026-08-17 15:39:22,481 - INFO - Request for process_payment successfully processed, order_id: order-167, status: SUCCESS
2026-08-17 15:39:22,496 - INFO - Request for process_payment, order_id: order-168, request: order_id='order-168' final_price=3680.0
2026-08-17 15:39:22,798 - INFO - Request for process_payment successfully processed, order_id: order-168, status: SUCCESS
2026-08-17 15:39:22,812 - INFO - Request for process_payment, order_id: order-169, request: order_id='order-169' final_price=3690.0
2026-08-17 15:39:23,116 - INFO - Request for process_payment successfully processed, order_id: order-169, status: SUCCESS
2026-08-17 15:39:23,125 - INFO - Request for process_payment, order_id: order-170, request: order_id='order-170' final_price=3700.0
2026-08-17 15:39:23,428 - INFO - Request for process_payment successfully processed, order_id: order-170, status: SUCCESS
2026-08-17 15:39:23,436 - INFO - Request for process_payment, order_id: order-171, request: order_id='order-171' final_price=3710.0
2026-08-17 15:39:23,738 - INFO - Request for process_payment successfully processed, order_id: order-171, status: SUCCESS
2026-08-17 15:39:23,751 - INFO - Request for process_payment, order_id: order-172, request: order_id='order-172' final_price=3720.0
2026-08-17 15:39:24,054 - INFO - Request for process_payment successfully processed, order_id: order-172, status: SUCCESS
2026-08-17 15:39:24,071 - INFO - Request for process_payment, order_id: order-173, request: order_id='order-173' final_price=3730.0
2026-08-17 15:39:24,373 - INFO - Request for process_payment successfully processed, order_id: order-173, status: SUCCESS
2026-08-17 15:39:24,386 - INFO - Request for process_payment, order_id: order-174, request: order_id='order-174' final_price=3740.0
2026-08-17 15:39:24,688 - INFO - Request for process_payment successfully processed, order_id: order-174, status: SUCCESS
2026-08-17 15:39:24,699 - INFO - Request for process_payment, order_id: order-175, request: order_id='order-175' final_price=3750.0
2026-08-17 15:39:25,000 - INFO - Request for process_payment successfully processed, order_id: order-175, status: SUCCESS
2026-08-17 15:39:25,011 - INFO - Request for process_payment, order_id: order-176, request: order_id='order-176' final_price=3760.0
2026-08-17 15:39:25,314 - INFO - Request for process_payment successfully processed, order_id: order-176, status: SUCCESS
2026-08-17 15:39:25,334 - INFO - Request for process_payment, order_id: order-177, request: order_id='order-177' final_price=3770.0
2026-08-17 15:39:25,635 - INFO - Request for process_payment successfully processed, order_id: order-177, status: SUCCESS
2026-08-17 15:39:25,640 - INFO - Request for process_payment, order_id: order-178, request: order_id='order-178' final_price=3780.0
2026-08-17 15:39:25,943 - INFO - Request for process_payment successfully processed, order_id: order-178, status: SUCCESS
2026-08-17 15:39:25,954 - INFO - Request for process_payment, order_id: order-179, request: order_id='order-179' final_price=3790.0
2026-08-17 15:39:26,256 - INFO - Request for process_payment successfully processed, order_id: order-179, status: SUCCESS
2026-08-17 15:39:26,266 - INFO - Request for process_payment, order_id: order-180, request: order_id='order-180' final_price=3800.0
2026-08-17 15:39:26,568 - INFO - Request for process_payment successfully processed, order_id: order-180, status: SUCCESS
2026-08-17 15:39:26,576 - INFO - Request for process_payment, order_id: order-181, request: order_id='order-181' final_price=3810.0
2026-08-17 15:39:26,878 - INFO - Request for process_payment successfully processed, order_id: order-181, status: SUCCESS
2026-08-17 15:39:26,888 - INFO - Request for process_payment, order_id: order-182, request: order_id='order-182' final_price=3820.0
2026-08-17 15:39:27,189 - INFO - Request for process_payment successfully processed, order_id: order-182, status: SUCCESS
2026-08-17 15:39:27,204 - INFO - Request for process_payment, order_id: order-183, request: order_id='order-183' final_price=3830.0
2026-08-17 15:39:27,505 - INFO - Request for process_payment successfully processed, order_id: order-183, status: SUCCESS
2026-08-17 15:39:27,522 - INFO - Request for process_payment, order_id: order-184, request: order_id='order-184' final_price=3840.0
2026-08-17 15:39:27,825 - INFO - Request for process_payment successfully processed, order_id: order-184, status: SUCCESS
2026-08-17 15:39:27,838 - INFO - Request for process_payment, order_id: order-185, request: order_id='order-185' final_price=3850.0
2026-08-17 15:39:28,140 - INFO - Request for process_payment successfully processed, order_id: order-185, status: SUCCESS
2026-08-17 15:39:28,157 - INFO - Request for process_payment, order_id: order-186, request: order_id='order-186' final_price=3860.0
2026-08-17 15:39:28,459 - INFO - Request for process_payment successfully processed, order_id: order-186, status: SUCCESS
2026-08-17 15:39:28,472 - INFO - Request for process_payment, order_id: order-187, request: order_id='order-187' final_price=3870.0
2026-08-17 15:39:28,774 - INFO - Request for process_payment successfully processed, order_id: order-187, status: SUCCESS
2026-08-17 15:39:28,788 - INFO - Request for process_payment, order_id: order-188, request: order_id='order-188' final_price=3880.0
2026-08-17 15:39:29,090 - INFO - Request for process_payment successfully processed, order_id: order-188, status: SUCCESS
2026-08-17 15:39:29,100 - INFO - Request for process_payment, order_id: order-189, request: order_id='order-189' final_price=3890.0
2026-08-17 15:39:29,402 - INFO - Request for process_payment successfully processed, order_id: order-189, status: SUCCESS
2026-08-17 15:39:29,413 - INFO - Request for process_payment, order_id: order-190, request: order_id='order-190' final_price=3900.0
2026-08-17 15:39:29,715 - INFO - Request for process_payment successfully processed, order_id: order-190, status: SUCCESS
2026-08-17 15:39:29,726 - INFO - Request for process_payment, order_id: order-191, request: order_id='order-191' final_price=3910.0
2026-08-17 15:39:30,028 - INFO - Request for process_payment successfully processed, order_id: order-191, status: SUCCESS
2026-08-17 15:39:37,463 - INFO - Request for process_payment, order_id: order-1, request: order_id='order-1' final_price=2010.0
2026-08-17 15:39:37,765 - INFO - Request for process_payment successfully processed, order_id: order-1, status: SUCCESS
2026-08-17 15:39:37,781 - INFO - Request for process_payment, order_id: order-2, request: order_id='order-2' final_price=2020.0
2026-08-17 15:39:38,083 - INFO - Request for process_payment successfully processed, order_id: order-2, status: SUCCESS
2026-08-17 15:39:38,087 - INFO - Request for process_payment, order_id: order-3, request: order_id='order-3' final_price=2030.0
2026-08-17 15:39:38,388 - INFO - Request for process_payment successfully processed, order_id: order-3, status: SUCCESS
2026-08-17 15:39:38,396 - INFO - Request for process_payment, order_id: order-4, request: order_id='order-4' final_price=2040.0
2026-08-17 15:39:38,699 - INFO - Request for process_payment successfully processed, order_id: order-4, status: SUCCESS
2026-08-17 15:39:38,707 - INFO - Request for process_payment, order_id: order-5, request: order_id='order-5' final_price=2050.0
2026-08-17 15:39:39,009 - INFO - Request for process_payment successfully processed, order_id: order-5, status: SUCCESS
2026-08-17 15:39:39,018 - INFO - Request for process_payment, order_id: order-6, request: order_id='order-6' final_price=2060.0
2026-08-17 15:39:39,320 - INFO - Request for process_payment successfully processed, order_id: order-6, status: SUCCESS
2026-08-17 15:39:39,323 - INFO - Request for process_payment, order_id: order-7, request: order_id='order-7' final_price=2070.0
2026-08-17 15:39:39,625 - INFO - Request for process_payment successfully processed, order_id: order-7, status: SUCCESS
2026-08-17 15:39:39,631 - INFO - Request for process_payment, order_id: order-8, request: order_id='order-8' final_price=2080.0
2026-08-17 15:39:39,933 - INFO - Request for process_payment successfully processed, order_id: order-8, status: SUCCESS
2026-08-17 15:39:39,940 - INFO - Request for process_payment, order_id: order-9, request: order_id='order-9' final_price=2090.0
2026-08-17 15:39:40,242 - INFO - Request for process_payment successfully processed, order_id: order-9, status: SUCCESS
2026-08-17 15:39:40,253 - INFO - Request for process_payment, order_id: order-10, request: order_id='order-10' final_price=2100.0
2026-08-17 15:39:40,555 - INFO - Request for process_payment successfully processed, order_id: order-10, status: SUCCESS
2026-08-17 17:33:18,610 - INFO - Request for process_payment, order_id: ff7bdf29-37b3-43fb-bb23-68f4f4981c59, request: order_id='ff7bdf29-37b3-43fb-bb23-68f4f4981c59' final_price=500.0
2026-08-17 17:33:18,922 - INFO - Request for process_payment successfully processed, order_id: ff7bdf29-37b3-43fb-bb23-68f4f4981c59, status: SUCCESS
2026-08-17 17:33:19,195 - INFO - Request for process_payment, order_id: a51637b6-71df-4f24-83a1-2f7eebaf356e, request: order_id='a51637b6-71df-4f24-83a1-2f7eebaf356e' final_price=400.0
2026-08-17 17:33:19,498 - INFO - Request for process_payment successfully processed, order_id: a51637b6-71df-4f24-83a1-2f7eebaf356e, status: SUCCESS
2026-08-17 17:33:19,738 - INFO - Request for process_payment, order_id: 6eb780a9-c93c-41f4-b73b-2c5e07873059, request: order_id='6eb780a9-c93c-41f4-b73b-2c5e07873059' final_price=500.0
2026-08-17 17:33:20,040 - INFO - Request for process_payment successfully processed, order_id: 6eb780a9-c93c-41f4-b73b-2c5e07873059, status: SUCCESS
2026-08-17 17:33:20,293 - INFO - Request for process_payment, order_id: 3c702dc6-deb5-4d24-be44-56b82835d4d3, request: order_id='3c702dc6-deb5-4d24-be44-56b82835d4d3' final_price=400.0
2026-08-17 17:33:20,595 - INFO - Request for process_payment successfully processed, order_id: 3c702dc6-deb5-4d24-be44-56b82835d4d3, status: SUCCESS
2026-08-17 17:33:20,849 - INFO - Request for process_payment, order_id: b5145129-9240-465f-a11d-57965b2bc450, request: order_id='b5145129-9240-465f-a11d-57965b2bc450' final_price=500.0
2026-08-17 17:33:21,151 - INFO - Request for process_payment successfully processed, order_id: b5145129-9240-465f-a11d-57965b2bc450, status: SUCCESS
2026-08-18 20:47:27,152 - INFO - Request for process_payment, order_id: 5873cf1e-ff95-4ba5-bd70-bb1691d3263e, request: order_id='5873cf1e-ff95-4ba5-bd70-bb1691d3263e' final_price=300.0
2026-08-18 20:47:27,457 - INFO - Request for process_payment successfully processed, order_id: 5873cf1e-ff95-4ba5-bd70-bb1691d3263e, status: SUCCESS
2026-08-18 20:47:27,732 - INFO - Request for process_payment, order_id: ba70f03b-7bbf-4706-9f9b-8c520101b5c4, request: order_id='ba70f03b-7bbf-4706-9f9b-8c520101b5c4' final_price=300.0
2026-08-18 20:47:28,037 - INFO - Request for process_payment successfully processed, order_id: ba70f03b-7bbf-4706-9f9b-8c520101b5c4, status: SUCCESS
2026-08-18 20:47:28,416 - INFO - Request for process_payment, order_id: c672c9e0-9127-4dde-b2de-f0650a4fc16b, request: order_id='c672c9e0-9127-4dde-b2de-f0650a4fc16b' final_price=300.0
2026-08-18 20:47:28,717 - INFO - Request for process_payment successfully processed, order_id: c672c9e0-9127-4dde-b2de-f0650a4fc16b, status: SUCCESS
2026-08-18 20:47:28,972 - INFO - Request for process_payment, order_id: 21600351-dd9d-4173-b2ca-5233c7cc5e24, request: order_id='21600351-dd9d-4173-b2ca-5233c7cc5e24' final_price=300.0
2026-08-18 20:47:29,275 - INFO - Request for process_payment successfully processed, order_id: 21600351-dd9d-4173-b2ca-5233c7cc5e24, status: SUCCESS
2026-08-18 20:47:29,569 - INFO - Request for process_payment, order_id: ae7eb2cd-95b4-4f1e-98b4-cf38f666b7fa, request: order_id='ae7eb2cd-95b4-4f1e-98b4-cf38f666b7fa' final_price=300.0
2026-08-18 20:47:29,872 - INFO - Request for process_payment successfully processed, order_id: ae7eb2cd-95b4-4f1e-98b4-cf38f666b7fa, status: SUCCESS
2026-08-18 20:49:58,414 - INFO - Request for process_payment, order_id: 41d01782-b12c-4b48-8af7-232b85991ea5, request: order_id='41d01782-b12c-4b48-8af7-232b85991ea5' final_price=300.0
2026-08-18 20:49:58,716 - INFO - Request for process_payment successfully processed, order_id: 41d01782-b12c-4b48-8af7-232b85991ea5, status: SUCCESS
2026-08-18 20:49:58,981 - INFO - Request for process_payment, order_id: fd8ff9e4-d56a-40f5-b13a-579b178ee629, request: order_id='fd8ff9e4-d56a-40f5-b13a-579b178ee629' final_price=300.0
2026-08-18 20:49:59,282 - INFO - Request for process_payment successfully processed, order_id: fd8ff9e4-d56a-40f5-b13a-579b178ee629, status: SUCCESS
2026-08-18 20:49:59,535 - INFO - Request for process_payment, order_id: 7a81adce-85d3-44de-b5a9-a5e6a1c8e6d0, request: order_id='7a81adce-85d3-44de-b5a9-a5e6a1c8e6d0' final_price=300.0
2026-08-18 20:49:59,836 - INFO - Request for process_payment successfully processed, order_id: 7a81adce-85d3-44de-b5a9-a5e6a1c8e6d0, status: SUCCESS
2026-08-18 20:50:00,104 - INFO - Request for process_payment, order_id: c611b263-3a40-45ed-8021-5b35130d74f0, request: order_id='c611b263-3a40-45ed-8021-5b35130d74f0' final_price=300.0
2026-08-18 20:50:00,407 - INFO - Request for process_payment successfully processed, order_id: c611b263-3a40-45ed-8021-5b35130d74f0, status: SUCCESS
2026-08-18 20:50:00,758 - INFO - Request for process_payment, order_id: 5d6c4905-0d9f-4064-a5d3-a9c6820e10c4, request: order_id='5d6c4905-0d9f-4064-a5d3-a9c6820e10c4' final_price=300.0
2026-08-18 20:50:01,061 - INFO - Request for process_payment successfully processed, order_id: 5d6c4905-0d9f-4064-a5d3-a9c6820e10c4, status: SUCCESS
2026-08-18 20:51:32,786 - INFO - Request for process_payment, order_id: 21ed6bce-e77a-472d-bdd4-6bb89b0a424d, request: order_id='21ed6bce-e77a-472d-bdd4-6bb89b0a424d' final_price=300.0
2026-08-18 20:51:33,089 - INFO - Request for process_payment successfully processed, order_id: 21ed6bce-e77a-472d-bdd4-6bb89b0a424d, status: SUCCESS
2026-08-18 20:51:33,350 - INFO - Request for process_payment, order_id: 502a9916-a631-4723-9351-688c3ed4dd85, request: order_id='502a9916-a631-4723-9351-688c3ed4dd85' final_price=300.0
2026-08-18 20:51:33,653 - INFO - Request for process_payment successfully processed, order_id: 502a9916-a631-4723-9351-688c3ed4dd85, status: SUCCESS
2026-08-18 20:51:33,924 - INFO - Request for process_payment, order_id: c44dce83-10ec-40e3-9603-bd64f560827a, request: order_id='c44dce83-10ec-40e3-9603-bd64f560827a' final_price=300.0
2026-08-18 20:51:34,227 - INFO - Request for process_payment successfully processed, order_id: c44dce83-10ec-40e3-9603-bd64f560827a, status: SUCCESS
2026-08-18 20:51:34,496 - INFO - Request for process_payment, order_id: be12a2cf-c38e-4027-b959-5146c06dbe19, request: order_id='be12a2cf-c38e-4027-b959-5146c06dbe19' final_price=300.0
2026-08-18 20:51:34,800 - INFO - Request for process_payment successfully processed, order_id: be12a2cf-c38e-4027-b959-5146c06dbe19, status: SUCCESS
2026-08-18 20:51:35,086 - INFO - Request for process_payment, order_id: 373f8e53-0554-4988-bc7b-5aea75bae9db, request: order_id='373f8e53-0554-4988-bc7b-5aea75bae9db' final_price=300.0
2026-08-18 20:51:35,389 - INFO - Request for process_payment successfully processed, order_id: 373f8e53-0554-4988-bc7b-5aea75bae9db, status: SUCCESS
2026-08-18 20:52:59,106 - INFO - Request for process_payment, order_id: 7a366cab-10c9-4dd8-aa19-ba2a540d33eb, request: order_id='7a366cab-10c9-4dd8-aa19-ba2a540d33eb' final_price=300.0
2026-08-18 20:52:59,409 - INFO - Request for process_payment successfully processed, order_id: 7a366cab-10c9-4dd8-aa19-ba2a540d33eb, status: SUCCESS
2026-08-18 20:52:59,718 - INFO - Request for process_payment, order_id: 9b23cf9e-a4fb-42ff-8a84-2839a8d28c5c, request: order_id='9b23cf9e-a4fb-42ff-8a84-2839a8d28c5c' final_price=300.0
2026-08-18 20:53:00,023 - INFO - Request for process_payment successfully processed, order_id: 9b23cf9e-a4fb-42ff-8a84-2839a8d28c5c, status: SUCCESS
2026-08-18 20:53:00,338 - INFO - Request for process_payment, order_id: 0790784d-927b-4bd5-9a80-9e62ce3bd2d3, request: order_id='0790784d-927b-4bd5-9a80-9e62ce3bd2d3' final_price=300.0
2026-08-18 20:53:00,641 - INFO - Request for process_payment successfully processed, order_id: 0790784d-927b-4bd5-9a80-9e62ce3bd2d3, status: SUCCESS
2026-08-18 20:53:00,911 - INFO - Request for process_payment, order_id: b777b80e-0be8-4c0e-8e7e-cc77ac8aad0d, request: order_id='b777b80e-0be8-4c0e-8e7e-cc77ac8aad0d' final_price=300.0
2026-08-18 20:53:01,214 - INFO - Request for process_payment successfully processed, order_id: b777b80e-0be8-4c0e-8e7e-cc77ac8aad0d, status: SUCCESS
2026-08-18 20:53:01,494 - INFO - Request for process_payment, order_id: 4f33130e-46ee-4bd1-9709-0650278b89e0, request: order_id='4f33130e-46ee-4bd1-9709-0650278b89e0' final_price=300.0
2026-08-18 20:53:01,797 - INFO - Request for process_payment successfully processed, order_id: 4f33130e-46ee-4bd1-9709-0650278b89e0, status: SUCCESS
2026-08-18 20:54:36,294 - INFO - Request for process_payment, order_id: 16b30459-037b-4827-8cf4-c3acaf89530c, request: order_id='16b30459-037b-4827-8cf4-c3acaf89530c' final_price=300.0
2026-08-18 20:54:36,597 - INFO - Request for process_payment successfully processed, order_id: 16b30459-037b-4827-8cf4-c3acaf89530c, status: SUCCESS
2026-08-18 20:54:36,864 - INFO - Request for process_payment, order_id: b300e2d1-991d-447d-bec1-dbc3323e802e, request: order_id='b300e2d1-991d-447d-bec1-dbc3323e802e' final_price=300.0
2026-08-18 20:54:37,167 - INFO - Request for process_payment successfully processed, order_id: b300e2d1-991d-447d-bec1-dbc3323e802e, status: SUCCESS
2026-08-18 20:54:37,484 - INFO - Request for process_payment, order_id: 0609f3ec-30ee-42c0-85a6-9c7183434f29, request: order_id='0609f3ec-30ee-42c0-85a6-9c7183434f29' final_price=300.0
2026-08-18 20:54:37,787 - INFO - Request for process_payment successfully processed, order_id: 0609f3ec-30ee-42c0-85a6-9c7183434f29, status: SUCCESS
2026-08-18 20:54:38,080 - INFO - Request for process_payment, order_id: 4a67773f-d46f-4b83-8d80-6f27ca2655e7, request: order_id='4a67773f-d46f-4b83-8d80-6f27ca2655e7' final_price=300.0
2026-08-18 20:54:38,381 - INFO - Request for process_payment successfully processed, order_id: 4a67773f-d46f-4b83-8d80-6f27ca2655e7, status: SUCCESS
2026-08-18 20:54:38,685 - INFO - Request for process_payment, order_id: dd24e1d4-e018-415a-98dd-8234a0777f9c, request: order_id='dd24e1d4-e018-415a-98dd-8234a0777f9c' final_price=300.0
2026-08-18 20:54:38,987 - INFO - Request for process_payment successfully processed, order_id: dd24e1d4-e018-415a-98dd-8234a0777f9c, status: SUCCESS
2026-08-18 20:56:35,503 - INFO - Request for process_payment, order_id: ec31d4fd-813c-48b2-a6c2-944eb83f6757, request: order_id='ec31d4fd-813c-48b2-a6c2-944eb83f6757' final_price=300.0
2026-08-18 20:56:35,805 - INFO - Request for process_payment successfully processed, order_id: ec31d4fd-813c-48b2-a6c2-944eb83f6757, status: SUCCESS
2026-08-18 20:56:36,060 - INFO - Request for process_payment, order_id: 77489223-5ed7-427d-8796-1f58686b1f36, request: order_id='77489223-5ed7-427d-8796-1f58686b1f36' final_price=300.0
2026-08-18 20:56:36,363 - INFO - Request for process_payment successfully processed, order_id: 77489223-5ed7-427d-8796-1f58686b1f36, status: SUCCESS
2026-08-18 20:56:36,669 - INFO - Request for process_payment, order_id: 64673708-3ae8-4121-8f8f-d5f5248f21c5, request: order_id='64673708-3ae8-4121-8f8f-d5f5248f21c5' final_price=300.0
2026-08-18 20:56:36,972 - INFO - Request for process_payment successfully processed, order_id: 64673708-3ae8-4121-8f8f-d5f5248f21c5, status: SUCCESS
2026-08-18 20:56:37,261 - INFO - Request for process_payment, order_id: 28fad622-9837-4d9f-b32d-66c84bc43d24, request: order_id='28fad622-9837-4d9f-b32d-66c84bc43d24' final_price=300.0
2026-08-18 20:56:37,563 - INFO - Request for process_payment successfully processed, order_id: 28fad622-9837-4d9f-b32d-66c84bc43d24, status: SUCCESS
2026-08-18 20:56:37,847 - INFO - Request for process_payment, order_id: fe12adf2-7261-48f9-be38-fb8b90c5a133, request: order_id='fe12adf2-7261-48f9-be38-fb8b90c5a133' final_price=300.0
2026-08-18 20:56:38,148 - INFO - Request for process_payment successfully processed, order_id: fe12adf2-7261-48f9-be38-fb8b90c5a133, status: SUCCESS
2026-08-18 20:57:18,919 - INFO - Request for process_payment, order_id: 9494eefb-56df-4ee9-a776-2886ff249e8c, request: order_id='9494eefb-56df-4ee9-a776-2886ff249e8c' final_price=300.0
2026-08-18 20:57:19,220 - INFO - Request for process_payment successfully processed, order_id: 9494eefb-56df-4ee9-a776-2886ff249e8c, status: SUCCESS
2026-08-18 20:57:19,486 - INFO - Request for process_payment, order_id: db847308-56ad-4879-8429-aff08d353fa8, request: order_id='db847308-56ad-4879-8429-aff08d353fa8' final_price=300.0
2026-08-18 20:57:19,791 - INFO - Request for process_payment successfully processed, order_id: db847308-56ad-4879-8429-aff08d353fa8, status: SUCCESS
2026-08-18 20:57:20,096 - INFO - Request for process_payment, order_id: c6354b2a-4d7f-46ac-aadf-9f4f30c855df, request: order_id='c6354b2a-4d7f-46ac-aadf-9f4f30c855df' final_price=300.0
2026-08-18 20:57:20,398 - INFO - Request for process_payment successfully processed, order_id: c6354b2a-4d7f-46ac-aadf-9f4f30c855df, status: SUCCESS
2026-08-18 20:57:20,725 - INFO - Request for process_payment, order_id: e928f7ab-0435-427e-b9ff-3a2f4bc7a129, request: order_id='e928f7ab-0435-427e-b9ff-3a2f4bc7a129' final_price=300.0
2026-08-18 20:57:21,027 - INFO - Request for process_payment successfully processed, order_id: e928f7ab-0435-427e-b9ff-3a2f4bc7a129, status: SUCCESS
2026-08-18 20:57:21,348 - INFO - Request for process_payment, order_id: 25455fd6-b7a8-4900-ad90-5aeedaefe4ef, request: order_id='25455fd6-b7a8-4900-ad90-5aeedaefe4ef' final_price=300.0
2026-08-18 20:57:21,651 - INFO - Request for process_payment successfully processed, order_id: 25455fd6-b7a8-4900-ad90-5aeedaefe4ef, status: SUCCESS
2026-08-18 20:58:14,457 - INFO - Request for process_payment, order_id: 6fdfb269-ce3a-4a92-8263-0be07f4f0bc2, request: order_id='6fdfb269-ce3a-4a92-8263-0be07f4f0bc2' final_price=300.0
2026-08-18 20:58:14,760 - INFO - Request for process_payment successfully processed, order_id: 6fdfb269-ce3a-4a92-8263-0be07f4f0bc2, status: SUCCESS
2026-08-18 20:58:15,074 - INFO - Request for process_payment, order_id: 9fecd78b-d5bf-4b47-8beb-e16361b78eee, request: order_id='9fecd78b-d5bf-4b47-8beb-e16361b78eee' final_price=300.0
2026-08-18 20:58:15,378 - INFO - Request for process_payment successfully processed, order_id: 9fecd78b-d5bf-4b47-8beb-e16361b78eee, status: SUCCESS
2026-08-18 20:58:15,637 - INFO - Request for process_payment, order_id: 673c47ac-f52d-4f8d-9f75-bcd7c3395411, request: order_id='673c47ac-f52d-4f8d-9f75-bcd7c3395411' final_price=300.0
2026-08-18 20:58:15,939 - INFO - Request for process_payment successfully processed, order_id: 673c47ac-f52d-4f8d-9f75-bcd7c3395411, status: SUCCESS
2026-08-18 20:58:16,159 - INFO - Request for process_payment, order_id: 92066bae-c062-46e9-a172-96369a6dd931, request: order_id='92066bae-c062-46e9-a172-96369a6dd931' final_price=300.0
2026-08-18 20:58:16,462 - INFO - Request for process_payment successfully processed, order_id: 92066bae-c062-46e9-a172-96369a6dd931, status: SUCCESS
2026-08-18 20:58:16,712 - INFO - Request for process_payment, order_id: cfd83a80-1dfe-4c2b-89af-784665930b81, request: order_id='cfd83a80-1dfe-4c2b-89af-784665930b81' final_price=300.0
2026-08-18 20:58:17,014 - INFO - Request for process_payment successfully processed, order_id: cfd83a80-1dfe-4c2b-89af-784665930b81, status: SUCCESS
2026-08-18 20:59:27,748 - INFO - Request for process_payment, order_id: a1e9189c-f9b0-4150-9c1f-6c6175677012, request: order_id='a1e9189c-f9b0-4150-9c1f-6c6175677012' final_price=300.0
2026-08-18 20:59:28,050 - INFO - Request for process_payment successfully processed, order_id: a1e9189c-f9b0-4150-9c1f-6c6175677012, status: SUCCESS
2026-08-18 20:59:28,326 - INFO - Request for process_payment, order_id: 0b1ca97a-4215-4ab3-98f8-9a20058334e0, request: order_id='0b1ca97a-4215-4ab3-98f8-9a20058334e0' final_price=300.0
2026-08-18 20:59:28,629 - INFO - Request for process_payment successfully processed, order_id: 0b1ca97a-4215-4ab3-98f8-9a20058334e0, status: SUCCESS
2026-08-18 20:59:29,019 - INFO - Request for process_payment, order_id: acfc47f6-d352-443f-8d97-814626fb7c9d, request: order_id='acfc47f6-d352-443f-8d97-814626fb7c9d' final_price=300.0
2026-08-18 20:59:29,322 - INFO - Request for process_payment successfully processed, order_id: acfc47f6-d352-443f-8d97-814626fb7c9d, status: SUCCESS
2026-08-18 20:59:29,566 - INFO - Request for process_payment, order_id: 2705e0af-53a0-4c51-8295-c849fe9a05bc, request: order_id='2705e0af-53a0-4c51-8295-c849fe9a05bc' final_price=300.0
2026-08-18 20:59:29,871 - INFO - Request for process_payment successfully processed, order_id: 2705e0af-53a0-4c51-8295-c849fe9a05bc, status: SUCCESS
2026-08-18 20:59:30,135 - INFO - Request for process_payment, order_id: 3fd54242-dc95-41c6-834a-61a773d615a9, request: order_id='3fd54242-dc95-41c6-834a-61a773d615a9' final_price=300.0
2026-08-18 20:59:30,438 - INFO - Request for process_payment successfully processed, order_id: 3fd54242-dc95-41c6-834a-61a773d615a9, status: SUCCESS
2026-08-18 21:00:22,670 - INFO - Request for process_payment, order_id: 0fa439f3-c98d-4e63-ae44-affaae320268, request: order_id='0fa439f3-c98d-4e63-ae44-affaae320268' final_price=300.0
2026-08-18 21:00:22,972 - INFO - Request for process_payment successfully processed, order_id: 0fa439f3-c98d-4e63-ae44-affaae320268, status: SUCCESS
2026-08-18 21:00:23,327 - INFO - Request for process_payment, order_id: f77a38b3-7136-45d7-9707-9a1af2cb299d, request: order_id='f77a38b3-7136-45d7-9707-9a1af2cb299d' final_price=300.0
2026-08-18 21:00:23,630 - INFO - Request for process_payment successfully processed, order_id: f77a38b3-7136-45d7-9707-9a1af2cb299d, status: SUCCESS
2026-08-18 21:00:23,860 - INFO - Request for process_payment, order_id: 267a6fc7-ffc3-4478-ada7-7bc28adadf1c, request: order_id='267a6fc7-ffc3-4478-ada7-7bc28adadf1c' final_price=300.0
2026-08-18 21:00:24,162 - INFO - Request for process_payment successfully processed, order_id: 267a6fc7-ffc3-4478-ada7-7bc28adadf1c, status: SUCCESS
2026-08-18 21:00:24,437 - INFO - Request for process_payment, order_id: 5057bbe1-11c3-4f2e-ad48-5c622fdd8411, request: order_id='5057bbe1-11c3-4f2e-ad48-5c622fdd8411' final_price=300.0
2026-08-18 21:00:24,741 - INFO - Request for process_payment successfully processed, order_id: 5057bbe1-11c3-4f2e-ad48-5c622fdd8411, status: SUCCESS
2026-08-18 21:00:25,047 - INFO - Request for process_payment, order_id: c31715dd-490f-4e1b-89be-b58de20c956a, request: order_id='c31715dd-490f-4e1b-89be-b58de20c956a' final_price=300.0
2026-08-18 21:00:25,348 - INFO - Request for process_payment successfully processed, order_id: c31715dd-490f-4e1b-89be-b58de20c956a, status: SUCCESS
2026-08-18 21:11:58,282 - INFO - Request for process_payment, order_id: 0a7257a7-dc44-4b97-bbf1-c015935de4d1, request: order_id='0a7257a7-dc44-4b97-bbf1-c015935de4d1' final_price=300.0
2026-08-18 21:11:58,585 - INFO - Request for process_payment successfully processed, order_id: 0a7257a7-dc44-4b97-bbf1-c015935de4d1, status: SUCCESS
2026-08-18 21:11:58,906 - INFO - Request for process_payment, order_id: 74838c55-8d86-4817-bfb9-3cf46c849fbd, request: order_id='74838c55-8d86-4817-bfb9-3cf46c849fbd' final_price=300.0
2026-08-18 21:11:59,210 - INFO - Request for process_payment successfully processed, order_id: 74838c55-8d86-4817-bfb9-3cf46c849fbd, status: SUCCESS
2026-08-18 21:11:59,546 - INFO - Request for process_payment, order_id: f584ad0c-6d2b-4167-a4f8-ee1dbb828df0, request: order_id='f584ad0c-6d2b-4167-a4f8-ee1dbb828df0' final_price=300.0
2026-08-18 21:11:59,851 - INFO - Request for process_payment successfully processed, order_id: f584ad0c-6d2b-4167-a4f8-ee1dbb828df0, status: SUCCESS
2026-08-18 21:12:00,107 - INFO - Request for process_payment, order_id: d417715f-ed83-4dac-b6c7-1a549376f7cb, request: order_id='d417715f-ed83-4dac-b6c7-1a549376f7cb' final_price=300.0
2026-08-18 21:12:00,410 - INFO - Request for process_payment successfully processed, order_id: d417715f-ed83-4dac-b6c7-1a549376f7cb, status: SUCCESS
2026-08-18 21:12:00,637 - INFO - Request for process_payment, order_id: 253ee8d6-782b-4c5b-afc9-5ccef55636ea, request: order_id='253ee8d6-782b-4c5b-afc9-5ccef55636ea' final_price=300.0
2026-08-18 21:12:00,939 - INFO - Request for process_payment successfully processed, order_id: 253ee8d6-782b-4c5b-afc9-5ccef55636ea, status: SUCCESS
2026-08-18 21:13:18,793 - INFO - Request for process_payment, order_id: c7aff5ce-9ea6-469e-892f-ee966204ba66, request: order_id='c7aff5ce-9ea6-469e-892f-ee966204ba66' final_price=300.0
2026-08-18 21:13:19,097 - INFO - Request for process_payment successfully processed, order_id: c7aff5ce-9ea6-469e-892f-ee966204ba66, status: SUCCESS
2026-08-18 21:13:19,368 - INFO - Request for process_payment, order_id: d806318c-b7d4-4383-bff5-e0aa16f79b5a, request: order_id='d806318c-b7d4-4383-bff5-e0aa16f79b5a' final_price=300.0
2026-08-18 21:13:19,670 - INFO - Request for process_payment successfully processed, order_id: d806318c-b7d4-4383-bff5-e0aa16f79b5a, status: SUCCESS
2026-08-18 21:13:20,054 - INFO - Request for process_payment, order_id: 08bcde86-6216-453f-8e9d-27b029ad4b9f, request: order_id='08bcde86-6216-453f-8e9d-27b029ad4b9f' final_price=300.0
2026-08-18 21:13:20,358 - INFO - Request for process_payment successfully processed, order_id: 08bcde86-6216-453f-8e9d-27b029ad4b9f, status: SUCCESS
2026-08-18 21:13:20,625 - INFO - Request for process_payment, order_id: bdcf9bb1-8a1c-417b-8041-8d715b8d2b74, request: order_id='bdcf9bb1-8a1c-417b-8041-8d715b8d2b74' final_price=300.0
2026-08-18 21:13:20,928 - INFO - Request for process_payment successfully processed, order_id: bdcf9bb1-8a1c-417b-8041-8d715b8d2b74, status: SUCCESS
2026-08-18 21:13:21,245 - INFO - Request for process_payment, order_id: 871612e4-1d12-4ab7-9ed2-b032f9fd698a, request: order_id='871612e4-1d12-4ab7-9ed2-b032f9fd698a' final_price=300.0
2026-08-18 21:13:21,548 - INFO - Request for process_payment successfully processed, order_id: 871612e4-1d12-4ab7-9ed2-b032f9fd698a, status: SUCCESS
2026-08-18 21:13:37,606 - INFO - Request for process_payment, order_id: 937b7bb8-8066-4770-8358-0e122f9e4352, request: order_id='937b7bb8-8066-4770-8358-0e122f9e4352' final_price=300.0
2026-08-18 21:13:37,909 - INFO - Request for process_payment successfully processed, order_id: 937b7bb8-8066-4770-8358-0e122f9e4352, status: SUCCESS
2026-08-18 21:13:38,172 - INFO - Request for process_payment, order_id: dd31ce6d-60c0-4993-a175-745ac54624b1, request: order_id='dd31ce6d-60c0-4993-a175-745ac54624b1' final_price=300.0
2026-08-18 21:13:38,477 - INFO - Request for process_payment successfully processed, order_id: dd31ce6d-60c0-4993-a175-745ac54624b1, status: SUCCESS
2026-08-18 21:13:38,864 - INFO - Request for process_payment, order_id: 01bec240-c2a2-49ca-9b52-8311474785f1, request: order_id='01bec240-c2a2-49ca-9b52-8311474785f1' final_price=300.0
2026-08-18 21:13:39,165 - INFO - Request for process_payment successfully processed, order_id: 01bec240-c2a2-49ca-9b52-8311474785f1, status: SUCCESS
2026-08-18 21:13:39,477 - INFO - Request for process_payment, order_id: cc02a51c-edc8-4be6-9818-b4f85dbd67f3, request: order_id='cc02a51c-edc8-4be6-9818-b4f85dbd67f3' final_price=300.0
2026-08-18 21:13:39,780 - INFO - Request for process_payment successfully processed, order_id: cc02a51c-edc8-4be6-9818-b4f85dbd67f3, status: SUCCESS
2026-08-18 21:13:40,053 - INFO - Request for process_payment, order_id: 0240b2ce-5a35-4abc-b5c5-982690c20c5a, request: order_id='0240b2ce-5a35-4abc-b5c5-982690c20c5a' final_price=300.0
2026-08-18 21:13:40,357 - INFO - Request for process_payment successfully processed, order_id: 0240b2ce-5a35-4abc-b5c5-982690c20c5a, status: SUCCESS
2026-08-18 21:18:57,773 - INFO - Request for process_payment, order_id: 58bc9a8c-d62d-4f95-9007-dea618267171, request: order_id='58bc9a8c-d62d-4f95-9007-dea618267171' final_price=300.0
2026-08-18 21:18:58,074 - INFO - Request for process_payment successfully processed, order_id: 58bc9a8c-d62d-4f95-9007-dea618267171, status: SUCCESS
2026-08-18 21:18:58,354 - INFO - Request for process_payment, order_id: f83fa2ba-6fd8-4f6b-b614-fcd7409e7831, request: order_id='f83fa2ba-6fd8-4f6b-b614-fcd7409e7831' final_price=300.0
2026-08-18 21:18:58,660 - INFO - Request for process_payment successfully processed, order_id: f83fa2ba-6fd8-4f6b-b614-fcd7409e7831, status: SUCCESS
2026-08-18 21:18:59,046 - INFO - Request for process_payment, order_id: ea9f97ed-d8d5-43ef-b441-a38e4a28b1f6, request: order_id='ea9f97ed-d8d5-43ef-b441-a38e4a28b1f6' final_price=300.0
2026-08-18 21:18:59,349 - INFO - Request for process_payment successfully processed, order_id: ea9f97ed-d8d5-43ef-b441-a38e4a28b1f6, status: SUCCESS
2026-08-18 21:18:59,599 - INFO - Request for process_payment, order_id: 4be6199c-7394-4345-928b-e8567f29a1d0, request: order_id='4be6199c-7394-4345-928b-e8567f29a1d0' final_price=300.0
2026-08-18 21:18:59,900 - INFO - Request for process_payment successfully processed, order_id: 4be6199c-7394-4345-928b-e8567f29a1d0, status: SUCCESS
2026-08-18 21:19:00,142 - INFO - Request for process_payment, order_id: 5d0544d2-4f2c-4a99-9acb-0499251ee173, request: order_id='5d0544d2-4f2c-4a99-9acb-0499251ee173' final_price=300.0
2026-08-18 21:19:00,446 - INFO - Request for process_payment successfully processed, order_id: 5d0544d2-4f2c-4a99-9acb-0499251ee173, status: SUCCESS
