2026-05-17 17:35:14,752 - INFO - Connected to MongoDB at mongodb://localhost:27017/ db=retailben
2026-05-17 17:35:15,642 - INFO - Request for compute_price, request: items=[PriceRequestItem(product_id='b2926dc2-cc6d-4c3e-ae40-7a127c173b16', qty=1)] promo_codes=[] currency='USD' only_final_price=False
2026-05-17 17:35:15,644 - INFO - Request for compute_price successfully processed, result: items=[PriceResponseItem(product_id='b2926dc2-cc6d-4c3e-ae40-7a127c173b16', qty=1, unit_price=200.0, line_total=200.0, discounts=0.0)] subtotal=200.0 total_discount=0.0 total=200.0 currency='USD' total_input_tokens=0 total_output_tokens=0 total_llm_calls=0, request: items=[PriceRequestItem(product_id='b2926dc2-cc6d-4c3e-ae40-7a127c173b16', qty=1)] promo_codes=[] currency='USD' only_final_price=False
2026-05-17 17:35:15,672 - INFO - Request for compute_price, request: items=[PriceRequestItem(product_id='b2926dc2-cc6d-4c3e-ae40-7a127c173b16', qty=2)] promo_codes=[] currency='USD' only_final_price=True
2026-05-17 17:35:15,674 - INFO - Request for compute_price successfully processed, result: items=[PriceResponseItem(product_id='b2926dc2-cc6d-4c3e-ae40-7a127c173b16', qty=2, unit_price=200.0, line_total=400.0, discounts=0.0)] subtotal=400.0 total_discount=0.0 total=400.0 currency='USD' total_input_tokens=0 total_output_tokens=0 total_llm_calls=0, request: items=[PriceRequestItem(product_id='b2926dc2-cc6d-4c3e-ae40-7a127c173b16', qty=2)] promo_codes=[] currency='USD' only_final_price=True
2026-05-17 17:35:15,676 - INFO - Request for compute_price, request: items=[PriceRequestItem(product_id='b2926dc2-cc6d-4c3e-ae40-7a127c173b16', qty=1)] promo_codes=[] currency='USD' only_final_price=False
2026-05-17 17:35:15,680 - INFO - Request for compute_price successfully processed, result: items=[PriceResponseItem(product_id='b2926dc2-cc6d-4c3e-ae40-7a127c173b16', qty=1, unit_price=200.0, line_total=200.0, discounts=0.0)] subtotal=200.0 total_discount=0.0 total=200.0 currency='USD' total_input_tokens=0 total_output_tokens=0 total_llm_calls=0, request: items=[PriceRequestItem(product_id='b2926dc2-cc6d-4c3e-ae40-7a127c173b16', qty=1)] promo_codes=[] currency='USD' only_final_price=False
2026-05-17 17:35:15,685 - INFO - Request for compute_price, request: items=[PriceRequestItem(product_id='b2926dc2-cc6d-4c3e-ae40-7a127c173b16', qty=1)] promo_codes=[] currency='USD' only_final_price=False
2026-05-17 17:35:15,685 - INFO - Request for compute_price, request: items=[PriceRequestItem(product_id='b2926dc2-cc6d-4c3e-ae40-7a127c173b16', qty=1)] promo_codes=[] currency='USD' only_final_price=False
2026-05-17 17:35:15,688 - INFO - Request for compute_price, request: items=[PriceRequestItem(product_id='b2926dc2-cc6d-4c3e-ae40-7a127c173b16', qty=1)] promo_codes=[] currency='USD' only_final_price=False
2026-05-17 17:35:15,690 - INFO - Request for compute_price, request: items=[PriceRequestItem(product_id='b2926dc2-cc6d-4c3e-ae40-7a127c173b16', qty=1)] promo_codes=[] currency='USD' only_final_price=False
2026-05-17 17:35:15,694 - INFO - Request for compute_price, request: items=[PriceRequestItem(product_id='b2926dc2-cc6d-4c3e-ae40-7a127c173b16', qty=1)] promo_codes=[] currency='USD' only_final_price=False
2026-05-17 17:35:15,697 - INFO - Request for compute_price, request: items=[PriceRequestItem(product_id='b2926dc2-cc6d-4c3e-ae40-7a127c173b16', qty=1)] promo_codes=[] currency='USD' only_final_price=False
2026-05-17 17:35:15,698 - INFO - Request for compute_price, request: items=[PriceRequestItem(product_id='b2926dc2-cc6d-4c3e-ae40-7a127c173b16', qty=1)] promo_codes=[] currency='USD' only_final_price=False
2026-05-17 17:35:15,699 - INFO - Request for compute_price, request: items=[PriceRequestItem(product_id='b2926dc2-cc6d-4c3e-ae40-7a127c173b16', qty=1)] promo_codes=[] currency='USD' only_final_price=False
2026-05-17 17:35:15,700 - INFO - Request for compute_price successfully processed, result: items=[PriceResponseItem(product_id='b2926dc2-cc6d-4c3e-ae40-7a127c173b16', qty=1, unit_price=200.0, line_total=200.0, discounts=0.0)] subtotal=200.0 total_discount=0.0 total=200.0 currency='USD' total_input_tokens=0 total_output_tokens=0 total_llm_calls=0, request: items=[PriceRequestItem(product_id='b2926dc2-cc6d-4c3e-ae40-7a127c173b16', qty=1)] promo_codes=[] currency='USD' only_final_price=False
2026-05-17 17:35:15,701 - INFO - Request for compute_price successfully processed, result: items=[PriceResponseItem(product_id='b2926dc2-cc6d-4c3e-ae40-7a127c173b16', qty=1, unit_price=200.0, line_total=200.0, discounts=0.0)] subtotal=200.0 total_discount=0.0 total=200.0 currency='USD' total_input_tokens=0 total_output_tokens=0 total_llm_calls=0, request: items=[PriceRequestItem(product_id='b2926dc2-cc6d-4c3e-ae40-7a127c173b16', qty=1)] promo_codes=[] currency='USD' only_final_price=False
2026-05-17 17:35:15,702 - INFO - Request for compute_price successfully processed, result: items=[PriceResponseItem(product_id='b2926dc2-cc6d-4c3e-ae40-7a127c173b16', qty=1, unit_price=200.0, line_total=200.0, discounts=0.0)] subtotal=200.0 total_discount=0.0 total=200.0 currency='USD' total_input_tokens=0 total_output_tokens=0 total_llm_calls=0, request: items=[PriceRequestItem(product_id='b2926dc2-cc6d-4c3e-ae40-7a127c173b16', qty=1)] promo_codes=[] currency='USD' only_final_price=False
2026-05-17 17:35:15,703 - INFO - Request for compute_price successfully processed, result: items=[PriceResponseItem(product_id='b2926dc2-cc6d-4c3e-ae40-7a127c173b16', qty=1, unit_price=200.0, line_total=200.0, discounts=0.0)] subtotal=200.0 total_discount=0.0 total=200.0 currency='USD' total_input_tokens=0 total_output_tokens=0 total_llm_calls=0, request: items=[PriceRequestItem(product_id='b2926dc2-cc6d-4c3e-ae40-7a127c173b16', qty=1)] promo_codes=[] currency='USD' only_final_price=False
2026-05-17 17:35:15,703 - INFO - Request for compute_price successfully processed, result: items=[PriceResponseItem(product_id='b2926dc2-cc6d-4c3e-ae40-7a127c173b16', qty=1, unit_price=200.0, line_total=200.0, discounts=0.0)] subtotal=200.0 total_discount=0.0 total=200.0 currency='USD' total_input_tokens=0 total_output_tokens=0 total_llm_calls=0, request: items=[PriceRequestItem(product_id='b2926dc2-cc6d-4c3e-ae40-7a127c173b16', qty=1)] promo_codes=[] currency='USD' only_final_price=False
2026-05-17 17:35:15,704 - INFO - Request for compute_price successfully processed, result: items=[PriceResponseItem(product_id='b2926dc2-cc6d-4c3e-ae40-7a127c173b16', qty=1, unit_price=200.0, line_total=200.0, discounts=0.0)] subtotal=200.0 total_discount=0.0 total=200.0 currency='USD' total_input_tokens=0 total_output_tokens=0 total_llm_calls=0, request: items=[PriceRequestItem(product_id='b2926dc2-cc6d-4c3e-ae40-7a127c173b16', qty=1)] promo_codes=[] currency='USD' only_final_price=False
2026-05-17 17:35:15,704 - INFO - Request for compute_price successfully processed, result: items=[PriceResponseItem(product_id='b2926dc2-cc6d-4c3e-ae40-7a127c173b16', qty=1, unit_price=200.0, line_total=200.0, discounts=0.0)] subtotal=200.0 total_discount=0.0 total=200.0 currency='USD' total_input_tokens=0 total_output_tokens=0 total_llm_calls=0, request: items=[PriceRequestItem(product_id='b2926dc2-cc6d-4c3e-ae40-7a127c173b16', qty=1)] promo_codes=[] currency='USD' only_final_price=False
2026-05-17 17:35:15,705 - INFO - Request for compute_price successfully processed, result: items=[PriceResponseItem(product_id='b2926dc2-cc6d-4c3e-ae40-7a127c173b16', qty=1, unit_price=200.0, line_total=200.0, discounts=0.0)] subtotal=200.0 total_discount=0.0 total=200.0 currency='USD' total_input_tokens=0 total_output_tokens=0 total_llm_calls=0, request: items=[PriceRequestItem(product_id='b2926dc2-cc6d-4c3e-ae40-7a127c173b16', qty=1)] promo_codes=[] currency='USD' only_final_price=False
2026-05-17 17:35:16,263 - INFO - Request for compute_price, request: items=[PriceRequestItem(product_id='b2926dc2-cc6d-4c3e-ae40-7a127c173b16', qty=1)] promo_codes=[] currency='USD' only_final_price=False
2026-05-17 17:35:16,268 - INFO - Request for compute_price successfully processed, result: items=[PriceResponseItem(product_id='b2926dc2-cc6d-4c3e-ae40-7a127c173b16', qty=1, unit_price=200.0, line_total=200.0, discounts=0.0)] subtotal=200.0 total_discount=0.0 total=200.0 currency='USD' total_input_tokens=0 total_output_tokens=0 total_llm_calls=0, request: items=[PriceRequestItem(product_id='b2926dc2-cc6d-4c3e-ae40-7a127c173b16', qty=1)] promo_codes=[] currency='USD' only_final_price=False
2026-05-17 17:35:16,324 - INFO - Request for compute_price, request: items=[PriceRequestItem(product_id='b2926dc2-cc6d-4c3e-ae40-7a127c173b16', qty=2)] promo_codes=[] currency='USD' only_final_price=True
2026-05-17 17:35:16,329 - INFO - Request for compute_price successfully processed, result: items=[PriceResponseItem(product_id='b2926dc2-cc6d-4c3e-ae40-7a127c173b16', qty=2, unit_price=200.0, line_total=400.0, discounts=0.0)] subtotal=400.0 total_discount=0.0 total=400.0 currency='USD' total_input_tokens=0 total_output_tokens=0 total_llm_calls=0, request: items=[PriceRequestItem(product_id='b2926dc2-cc6d-4c3e-ae40-7a127c173b16', qty=2)] promo_codes=[] currency='USD' only_final_price=True
2026-05-17 17:35:16,960 - INFO - Request for compute_price, request: items=[PriceRequestItem(product_id='b2926dc2-cc6d-4c3e-ae40-7a127c173b16', qty=2)] promo_codes=[] currency='USD' only_final_price=True
2026-05-17 17:35:16,961 - INFO - Request for compute_price, request: items=[PriceRequestItem(product_id='b2926dc2-cc6d-4c3e-ae40-7a127c173b16', qty=1)] promo_codes=[] currency='USD' only_final_price=False
2026-05-17 17:35:16,963 - INFO - Request for compute_price successfully processed, result: items=[PriceResponseItem(product_id='b2926dc2-cc6d-4c3e-ae40-7a127c173b16', qty=2, unit_price=200.0, line_total=400.0, discounts=0.0)] subtotal=400.0 total_discount=0.0 total=400.0 currency='USD' total_input_tokens=0 total_output_tokens=0 total_llm_calls=0, request: items=[PriceRequestItem(product_id='b2926dc2-cc6d-4c3e-ae40-7a127c173b16', qty=2)] promo_codes=[] currency='USD' only_final_price=True
2026-05-17 17:35:16,966 - INFO - Request for compute_price, request: items=[PriceRequestItem(product_id='b2926dc2-cc6d-4c3e-ae40-7a127c173b16', qty=2)] promo_codes=[] currency='USD' only_final_price=True
2026-05-17 17:35:16,968 - INFO - Request for compute_price, request: items=[PriceRequestItem(product_id='b2926dc2-cc6d-4c3e-ae40-7a127c173b16', qty=2)] promo_codes=[] currency='USD' only_final_price=True
2026-05-17 17:35:16,970 - INFO - Request for compute_price, request: items=[PriceRequestItem(product_id='b2926dc2-cc6d-4c3e-ae40-7a127c173b16', qty=2)] promo_codes=[] currency='USD' only_final_price=True
2026-05-17 17:35:16,973 - INFO - Request for compute_price, request: items=[PriceRequestItem(product_id='b2926dc2-cc6d-4c3e-ae40-7a127c173b16', qty=2)] promo_codes=[] currency='USD' only_final_price=True
2026-05-17 17:35:16,975 - INFO - Request for compute_price successfully processed, result: items=[PriceResponseItem(product_id='b2926dc2-cc6d-4c3e-ae40-7a127c173b16', qty=1, unit_price=200.0, line_total=200.0, discounts=0.0)] subtotal=200.0 total_discount=0.0 total=200.0 currency='USD' total_input_tokens=0 total_output_tokens=0 total_llm_calls=0, request: items=[PriceRequestItem(product_id='b2926dc2-cc6d-4c3e-ae40-7a127c173b16', qty=1)] promo_codes=[] currency='USD' only_final_price=False
2026-05-17 17:35:16,977 - INFO - Request for compute_price, request: items=[PriceRequestItem(product_id='b2926dc2-cc6d-4c3e-ae40-7a127c173b16', qty=2)] promo_codes=[] currency='USD' only_final_price=True
2026-05-17 17:35:16,978 - INFO - Request for compute_price successfully processed, result: items=[PriceResponseItem(product_id='b2926dc2-cc6d-4c3e-ae40-7a127c173b16', qty=2, unit_price=200.0, line_total=400.0, discounts=0.0)] subtotal=400.0 total_discount=0.0 total=400.0 currency='USD' total_input_tokens=0 total_output_tokens=0 total_llm_calls=0, request: items=[PriceRequestItem(product_id='b2926dc2-cc6d-4c3e-ae40-7a127c173b16', qty=2)] promo_codes=[] currency='USD' only_final_price=True
2026-05-17 17:35:16,980 - INFO - Request for compute_price successfully processed, result: items=[PriceResponseItem(product_id='b2926dc2-cc6d-4c3e-ae40-7a127c173b16', qty=2, unit_price=200.0, line_total=400.0, discounts=0.0)] subtotal=400.0 total_discount=0.0 total=400.0 currency='USD' total_input_tokens=0 total_output_tokens=0 total_llm_calls=0, request: items=[PriceRequestItem(product_id='b2926dc2-cc6d-4c3e-ae40-7a127c173b16', qty=2)] promo_codes=[] currency='USD' only_final_price=True
2026-05-17 17:35:16,981 - INFO - Request for compute_price successfully processed, result: items=[PriceResponseItem(product_id='b2926dc2-cc6d-4c3e-ae40-7a127c173b16', qty=2, unit_price=200.0, line_total=400.0, discounts=0.0)] subtotal=400.0 total_discount=0.0 total=400.0 currency='USD' total_input_tokens=0 total_output_tokens=0 total_llm_calls=0, request: items=[PriceRequestItem(product_id='b2926dc2-cc6d-4c3e-ae40-7a127c173b16', qty=2)] promo_codes=[] currency='USD' only_final_price=True
2026-05-17 17:35:16,982 - INFO - Request for compute_price successfully processed, result: items=[PriceResponseItem(product_id='b2926dc2-cc6d-4c3e-ae40-7a127c173b16', qty=2, unit_price=200.0, line_total=400.0, discounts=0.0)] subtotal=400.0 total_discount=0.0 total=400.0 currency='USD' total_input_tokens=0 total_output_tokens=0 total_llm_calls=0, request: items=[PriceRequestItem(product_id='b2926dc2-cc6d-4c3e-ae40-7a127c173b16', qty=2)] promo_codes=[] currency='USD' only_final_price=True
2026-05-17 17:35:16,983 - INFO - Request for compute_price successfully processed, result: items=[PriceResponseItem(product_id='b2926dc2-cc6d-4c3e-ae40-7a127c173b16', qty=2, unit_price=200.0, line_total=400.0, discounts=0.0)] subtotal=400.0 total_discount=0.0 total=400.0 currency='USD' total_input_tokens=0 total_output_tokens=0 total_llm_calls=0, request: items=[PriceRequestItem(product_id='b2926dc2-cc6d-4c3e-ae40-7a127c173b16', qty=2)] promo_codes=[] currency='USD' only_final_price=True
2026-05-17 17:35:17,533 - INFO - Request for compute_price, request: items=[PriceRequestItem(product_id='b2926dc2-cc6d-4c3e-ae40-7a127c173b16', qty=2)] promo_codes=[] currency='USD' only_final_price=True
2026-05-17 17:35:17,544 - INFO - Request for compute_price successfully processed, result: items=[PriceResponseItem(product_id='b2926dc2-cc6d-4c3e-ae40-7a127c173b16', qty=2, unit_price=200.0, line_total=400.0, discounts=0.0)] subtotal=400.0 total_discount=0.0 total=400.0 currency='USD' total_input_tokens=0 total_output_tokens=0 total_llm_calls=0, request: items=[PriceRequestItem(product_id='b2926dc2-cc6d-4c3e-ae40-7a127c173b16', qty=2)] promo_codes=[] currency='USD' only_final_price=True
2026-05-17 17:35:17,577 - INFO - Request for compute_price, request: items=[PriceRequestItem(product_id='b2926dc2-cc6d-4c3e-ae40-7a127c173b16', qty=1)] promo_codes=[] currency='USD' only_final_price=False
2026-05-17 17:35:17,582 - INFO - Request for compute_price successfully processed, result: items=[PriceResponseItem(product_id='b2926dc2-cc6d-4c3e-ae40-7a127c173b16', qty=1, unit_price=200.0, line_total=200.0, discounts=0.0)] subtotal=200.0 total_discount=0.0 total=200.0 currency='USD' total_input_tokens=0 total_output_tokens=0 total_llm_calls=0, request: items=[PriceRequestItem(product_id='b2926dc2-cc6d-4c3e-ae40-7a127c173b16', qty=1)] promo_codes=[] currency='USD' only_final_price=False
2026-05-17 17:35:18,802 - INFO - Request for compute_price, request: items=[PriceRequestItem(product_id='b2926dc2-cc6d-4c3e-ae40-7a127c173b16', qty=2)] promo_codes=[] currency='USD' only_final_price=True
2026-05-17 17:35:18,808 - INFO - Request for compute_price successfully processed, result: items=[PriceResponseItem(product_id='b2926dc2-cc6d-4c3e-ae40-7a127c173b16', qty=2, unit_price=200.0, line_total=400.0, discounts=0.0)] subtotal=400.0 total_discount=0.0 total=400.0 currency='USD' total_input_tokens=0 total_output_tokens=0 total_llm_calls=0, request: items=[PriceRequestItem(product_id='b2926dc2-cc6d-4c3e-ae40-7a127c173b16', qty=2)] promo_codes=[] currency='USD' only_final_price=True
2026-05-17 17:35:18,816 - INFO - Request for compute_price, request: items=[] promo_codes=[] currency='USD' only_final_price=False
2026-05-17 17:35:18,819 - INFO - Request for compute_price successfully processed, result: items=[] subtotal=0.0 total_discount=0.0 total=0.0 currency='USD' total_input_tokens=0 total_output_tokens=0 total_llm_calls=0, request: items=[] promo_codes=[] currency='USD' only_final_price=False
2026-05-17 17:35:18,837 - INFO - Request for compute_price, request: items=[PriceRequestItem(product_id='b2926dc2-cc6d-4c3e-ae40-7a127c173b16', qty=2)] promo_codes=[] currency='USD' only_final_price=True
2026-05-17 17:35:18,842 - INFO - Request for compute_price, request: items=[PriceRequestItem(product_id='b2926dc2-cc6d-4c3e-ae40-7a127c173b16', qty=2)] promo_codes=[] currency='USD' only_final_price=True
2026-05-17 17:35:18,843 - INFO - Request for compute_price, request: items=[PriceRequestItem(product_id='b2926dc2-cc6d-4c3e-ae40-7a127c173b16', qty=2)] promo_codes=[] currency='USD' only_final_price=True
2026-05-17 17:35:18,846 - INFO - Request for compute_price, request: items=[] promo_codes=[] currency='USD' only_final_price=False
2026-05-17 17:35:18,848 - INFO - Request for compute_price successfully processed, result: items=[PriceResponseItem(product_id='b2926dc2-cc6d-4c3e-ae40-7a127c173b16', qty=2, unit_price=200.0, line_total=400.0, discounts=0.0)] subtotal=400.0 total_discount=0.0 total=400.0 currency='USD' total_input_tokens=0 total_output_tokens=0 total_llm_calls=0, request: items=[PriceRequestItem(product_id='b2926dc2-cc6d-4c3e-ae40-7a127c173b16', qty=2)] promo_codes=[] currency='USD' only_final_price=True
2026-05-17 17:35:18,858 - INFO - Request for compute_price successfully processed, result: items=[PriceResponseItem(product_id='b2926dc2-cc6d-4c3e-ae40-7a127c173b16', qty=2, unit_price=200.0, line_total=400.0, discounts=0.0)] subtotal=400.0 total_discount=0.0 total=400.0 currency='USD' total_input_tokens=0 total_output_tokens=0 total_llm_calls=0, request: items=[PriceRequestItem(product_id='b2926dc2-cc6d-4c3e-ae40-7a127c173b16', qty=2)] promo_codes=[] currency='USD' only_final_price=True
2026-05-17 17:35:18,863 - INFO - Request for compute_price, request: items=[] promo_codes=[] currency='USD' only_final_price=False
2026-05-17 17:35:18,864 - INFO - Request for compute_price successfully processed, result: items=[PriceResponseItem(product_id='b2926dc2-cc6d-4c3e-ae40-7a127c173b16', qty=2, unit_price=200.0, line_total=400.0, discounts=0.0)] subtotal=400.0 total_discount=0.0 total=400.0 currency='USD' total_input_tokens=0 total_output_tokens=0 total_llm_calls=0, request: items=[PriceRequestItem(product_id='b2926dc2-cc6d-4c3e-ae40-7a127c173b16', qty=2)] promo_codes=[] currency='USD' only_final_price=True
2026-05-17 17:35:18,866 - INFO - Request for compute_price successfully processed, result: items=[] subtotal=0.0 total_discount=0.0 total=0.0 currency='USD' total_input_tokens=0 total_output_tokens=0 total_llm_calls=0, request: items=[] promo_codes=[] currency='USD' only_final_price=False
2026-05-17 17:35:18,867 - INFO - Request for compute_price successfully processed, result: items=[] subtotal=0.0 total_discount=0.0 total=0.0 currency='USD' total_input_tokens=0 total_output_tokens=0 total_llm_calls=0, request: items=[] promo_codes=[] currency='USD' only_final_price=False
2026-05-17 17:35:18,880 - INFO - Request for compute_price, request: items=[] promo_codes=[] currency='USD' only_final_price=False
2026-05-17 17:35:18,884 - INFO - Request for compute_price successfully processed, result: items=[] subtotal=0.0 total_discount=0.0 total=0.0 currency='USD' total_input_tokens=0 total_output_tokens=0 total_llm_calls=0, request: items=[] promo_codes=[] currency='USD' only_final_price=False
2026-05-17 17:35:18,887 - INFO - Request for compute_price, request: items=[] promo_codes=[] currency='USD' only_final_price=False
2026-05-17 17:35:18,895 - INFO - Request for compute_price successfully processed, result: items=[] subtotal=0.0 total_discount=0.0 total=0.0 currency='USD' total_input_tokens=0 total_output_tokens=0 total_llm_calls=0, request: items=[] promo_codes=[] currency='USD' only_final_price=False
2026-05-17 17:35:18,917 - INFO - Request for compute_price, request: items=[] promo_codes=[] currency='USD' only_final_price=False
2026-05-17 17:35:18,920 - INFO - Request for compute_price successfully processed, result: items=[] subtotal=0.0 total_discount=0.0 total=0.0 currency='USD' total_input_tokens=0 total_output_tokens=0 total_llm_calls=0, request: items=[] promo_codes=[] currency='USD' only_final_price=False
2026-05-17 17:35:18,933 - INFO - Request for compute_price, request: items=[] promo_codes=[] currency='USD' only_final_price=False
2026-05-17 17:35:18,935 - INFO - Request for compute_price successfully processed, result: items=[] subtotal=0.0 total_discount=0.0 total=0.0 currency='USD' total_input_tokens=0 total_output_tokens=0 total_llm_calls=0, request: items=[] promo_codes=[] currency='USD' only_final_price=False
2026-05-17 17:35:18,976 - INFO - Request for compute_price, request: items=[PriceRequestItem(product_id='b2926dc2-cc6d-4c3e-ae40-7a127c173b16', qty=2)] promo_codes=[] currency='USD' only_final_price=True
2026-05-17 17:35:18,981 - INFO - Request for compute_price successfully processed, result: items=[PriceResponseItem(product_id='b2926dc2-cc6d-4c3e-ae40-7a127c173b16', qty=2, unit_price=200.0, line_total=400.0, discounts=0.0)] subtotal=400.0 total_discount=0.0 total=400.0 currency='USD' total_input_tokens=0 total_output_tokens=0 total_llm_calls=0, request: items=[PriceRequestItem(product_id='b2926dc2-cc6d-4c3e-ae40-7a127c173b16', qty=2)] promo_codes=[] currency='USD' only_final_price=True
2026-05-17 17:35:18,993 - INFO - Request for compute_price, request: items=[PriceRequestItem(product_id='b2926dc2-cc6d-4c3e-ae40-7a127c173b16', qty=2)] promo_codes=[] currency='USD' only_final_price=True
2026-05-17 17:35:18,996 - INFO - Request for compute_price successfully processed, result: items=[PriceResponseItem(product_id='b2926dc2-cc6d-4c3e-ae40-7a127c173b16', qty=2, unit_price=200.0, line_total=400.0, discounts=0.0)] subtotal=400.0 total_discount=0.0 total=400.0 currency='USD' total_input_tokens=0 total_output_tokens=0 total_llm_calls=0, request: items=[PriceRequestItem(product_id='b2926dc2-cc6d-4c3e-ae40-7a127c173b16', qty=2)] promo_codes=[] currency='USD' only_final_price=True
2026-05-17 17:35:19,025 - INFO - Request for compute_price, request: items=[PriceRequestItem(product_id='b2926dc2-cc6d-4c3e-ae40-7a127c173b16', qty=2)] promo_codes=[] currency='USD' only_final_price=True
2026-05-17 17:35:19,027 - INFO - Request for compute_price successfully processed, result: items=[PriceResponseItem(product_id='b2926dc2-cc6d-4c3e-ae40-7a127c173b16', qty=2, unit_price=200.0, line_total=400.0, discounts=0.0)] subtotal=400.0 total_discount=0.0 total=400.0 currency='USD' total_input_tokens=0 total_output_tokens=0 total_llm_calls=0, request: items=[PriceRequestItem(product_id='b2926dc2-cc6d-4c3e-ae40-7a127c173b16', qty=2)] promo_codes=[] currency='USD' only_final_price=True
2026-05-17 17:35:19,042 - INFO - Request for compute_price, request: items=[PriceRequestItem(product_id='b2926dc2-cc6d-4c3e-ae40-7a127c173b16', qty=2)] promo_codes=[] currency='USD' only_final_price=True
2026-05-17 17:35:19,043 - INFO - Request for compute_price, request: items=[PriceRequestItem(product_id='b2926dc2-cc6d-4c3e-ae40-7a127c173b16', qty=2)] promo_codes=[] currency='USD' only_final_price=True
2026-05-17 17:35:19,045 - INFO - Request for compute_price successfully processed, result: items=[PriceResponseItem(product_id='b2926dc2-cc6d-4c3e-ae40-7a127c173b16', qty=2, unit_price=200.0, line_total=400.0, discounts=0.0)] subtotal=400.0 total_discount=0.0 total=400.0 currency='USD' total_input_tokens=0 total_output_tokens=0 total_llm_calls=0, request: items=[PriceRequestItem(product_id='b2926dc2-cc6d-4c3e-ae40-7a127c173b16', qty=2)] promo_codes=[] currency='USD' only_final_price=True
2026-05-17 17:35:19,047 - INFO - Request for compute_price successfully processed, result: items=[PriceResponseItem(product_id='b2926dc2-cc6d-4c3e-ae40-7a127c173b16', qty=2, unit_price=200.0, line_total=400.0, discounts=0.0)] subtotal=400.0 total_discount=0.0 total=400.0 currency='USD' total_input_tokens=0 total_output_tokens=0 total_llm_calls=0, request: items=[PriceRequestItem(product_id='b2926dc2-cc6d-4c3e-ae40-7a127c173b16', qty=2)] promo_codes=[] currency='USD' only_final_price=True
2026-05-17 17:35:19,084 - INFO - Request for compute_price, request: items=[PriceRequestItem(product_id='b2926dc2-cc6d-4c3e-ae40-7a127c173b16', qty=2)] promo_codes=[] currency='USD' only_final_price=True
2026-05-17 17:35:19,086 - INFO - Request for compute_price successfully processed, result: items=[PriceResponseItem(product_id='b2926dc2-cc6d-4c3e-ae40-7a127c173b16', qty=2, unit_price=200.0, line_total=400.0, discounts=0.0)] subtotal=400.0 total_discount=0.0 total=400.0 currency='USD' total_input_tokens=0 total_output_tokens=0 total_llm_calls=0, request: items=[PriceRequestItem(product_id='b2926dc2-cc6d-4c3e-ae40-7a127c173b16', qty=2)] promo_codes=[] currency='USD' only_final_price=True
2026-05-17 17:35:19,108 - INFO - Request for compute_price, request: items=[PriceRequestItem(product_id='b2926dc2-cc6d-4c3e-ae40-7a127c173b16', qty=2)] promo_codes=[] currency='USD' only_final_price=True
2026-05-17 17:35:19,113 - INFO - Request for compute_price successfully processed, result: items=[PriceResponseItem(product_id='b2926dc2-cc6d-4c3e-ae40-7a127c173b16', qty=2, unit_price=200.0, line_total=400.0, discounts=0.0)] subtotal=400.0 total_discount=0.0 total=400.0 currency='USD' total_input_tokens=0 total_output_tokens=0 total_llm_calls=0, request: items=[PriceRequestItem(product_id='b2926dc2-cc6d-4c3e-ae40-7a127c173b16', qty=2)] promo_codes=[] currency='USD' only_final_price=True
2026-05-18 16:26:22,153 - INFO - Connected to MongoDB at mongodb://localhost:27017/ db=retailben
2026-05-18 16:32:25,414 - INFO - Connected to MongoDB at mongodb://localhost:27017/ db=retailben
2026-05-18 16:39:06,369 - INFO - Connected to MongoDB at mongodb://localhost:27017/ db=retailben
2026-05-18 16:40:02,536 - INFO - Connected to MongoDB at mongodb://localhost:27017/ db=retailben
2026-05-18 16:46:28,414 - INFO - Connected to MongoDB at mongodb://localhost:27017/ db=retailben
2026-05-18 16:46:51,488 - INFO - Connected to MongoDB at mongodb://localhost:27017/ db=retailben
2026-05-18 16:50:43,468 - INFO - Connected to MongoDB at mongodb://localhost:27017/ db=retailben
2026-05-18 16:52:24,096 - INFO - Connected to MongoDB at mongodb://localhost:27017/ db=retailben
2026-05-18 16:52:42,618 - INFO - Connected to MongoDB at mongodb://localhost:27017/ db=retailben
2026-05-18 16:53:16,588 - INFO - Connected to MongoDB at mongodb://localhost:27017/ db=retailben
2026-05-18 16:53:43,557 - INFO - Connected to MongoDB at mongodb://localhost:27017/ db=retailben
2026-05-18 17:06:59,871 - INFO - Connected to MongoDB at mongodb://localhost:27017/ db=retailben
2026-05-18 17:07:18,938 - INFO - Connected to MongoDB at mongodb://localhost:27017/ db=retailben
2026-05-18 17:07:37,491 - INFO - Connected to MongoDB at mongodb://localhost:27017/ db=retailben
2026-05-18 17:07:55,257 - INFO - Connected to MongoDB at mongodb://localhost:27017/ db=retailben
2026-05-18 17:11:13,623 - INFO - Connected to MongoDB at mongodb://localhost:27017/ db=retailben
2026-05-18 17:11:32,788 - INFO - Connected to MongoDB at mongodb://localhost:27017/ db=retailben
2026-05-18 17:12:05,837 - INFO - Connected to MongoDB at mongodb://localhost:27017/ db=retailben
2026-05-18 17:12:24,094 - INFO - Connected to MongoDB at mongodb://localhost:27017/ db=retailben
2026-05-18 17:16:01,690 - INFO - Connected to MongoDB at mongodb://localhost:27017/ db=retailben
2026-05-18 17:16:13,466 - INFO - Connected to MongoDB at mongodb://localhost:27017/ db=retailben
2026-05-18 17:16:25,477 - INFO - Connected to MongoDB at mongodb://localhost:27017/ db=retailben
2026-05-18 17:16:37,832 - INFO - Connected to MongoDB at mongodb://localhost:27017/ db=retailben
2026-05-18 17:21:30,066 - INFO - Connected to MongoDB at mongodb://localhost:27017/ db=retailben
2026-05-18 17:21:41,343 - INFO - Connected to MongoDB at mongodb://localhost:27017/ db=retailben
2026-05-18 17:21:54,563 - INFO - Connected to MongoDB at mongodb://localhost:27017/ db=retailben
2026-05-18 17:22:13,765 - INFO - Connected to MongoDB at mongodb://localhost:27017/ db=retailben
2026-05-18 17:33:45,195 - INFO - Connected to MongoDB at mongodb://localhost:27017/ db=retailben
2026-05-18 17:34:00,434 - INFO - Connected to MongoDB at mongodb://localhost:27017/ db=retailben
2026-05-18 17:34:12,246 - INFO - Connected to MongoDB at mongodb://localhost:27017/ db=retailben
2026-05-18 17:34:24,416 - INFO - Connected to MongoDB at mongodb://localhost:27017/ db=retailben
2026-05-18 17:37:07,910 - INFO - Connected to MongoDB at mongodb://localhost:27017/ db=retailben
2026-05-18 17:37:19,830 - INFO - Connected to MongoDB at mongodb://localhost:27017/ db=retailben
2026-05-18 17:37:32,904 - INFO - Connected to MongoDB at mongodb://localhost:27017/ db=retailben
2026-05-18 17:37:44,621 - INFO - Connected to MongoDB at mongodb://localhost:27017/ db=retailben
2026-05-18 17:43:20,948 - INFO - Connected to MongoDB at mongodb://localhost:27017/ db=retailben
2026-05-18 17:43:33,068 - INFO - Connected to MongoDB at mongodb://localhost:27017/ db=retailben
2026-05-18 17:43:46,111 - INFO - Connected to MongoDB at mongodb://localhost:27017/ db=retailben
2026-05-18 17:43:57,243 - INFO - Connected to MongoDB at mongodb://localhost:27017/ db=retailben
2026-05-19 10:51:17,685 - INFO - Connected to MongoDB at mongodb://localhost:27017/ db=retailben
2026-05-19 10:51:31,792 - INFO - Connected to MongoDB at mongodb://localhost:27017/ db=retailben
2026-05-19 10:51:45,836 - INFO - Connected to MongoDB at mongodb://localhost:27017/ db=retailben
2026-05-19 10:51:59,872 - INFO - Connected to MongoDB at mongodb://localhost:27017/ db=retailben
2026-05-19 10:54:57,438 - INFO - Connected to MongoDB at mongodb://localhost:27017/ db=retailben
2026-05-19 10:55:10,294 - INFO - Connected to MongoDB at mongodb://localhost:27017/ db=retailben
2026-05-19 10:55:26,078 - INFO - Connected to MongoDB at mongodb://localhost:27017/ db=retailben
2026-05-19 10:55:39,573 - INFO - Connected to MongoDB at mongodb://localhost:27017/ db=retailben
2026-05-25 15:24:47,506 - INFO - Connected to MongoDB at mongodb://localhost:27017/ db=retailben
2026-05-25 15:25:02,515 - INFO - Connected to MongoDB at mongodb://localhost:27017/ db=retailben
2026-05-25 15:25:16,773 - INFO - Connected to MongoDB at mongodb://localhost:27017/ db=retailben
2026-05-25 15:25:29,851 - INFO - Connected to MongoDB at mongodb://localhost:27017/ db=retailben
2026-05-25 15:25:44,465 - INFO - Connected to MongoDB at mongodb://localhost:27017/ db=retailben
2026-05-25 15:25:58,501 - INFO - Connected to MongoDB at mongodb://localhost:27017/ db=retailben
2026-05-25 15:26:12,508 - INFO - Connected to MongoDB at mongodb://localhost:27017/ db=retailben
2026-05-25 15:26:26,668 - INFO - Connected to MongoDB at mongodb://localhost:27017/ db=retailben
2026-05-25 15:32:31,850 - INFO - Connected to MongoDB at mongodb://localhost:27017/ db=retailben
2026-05-25 15:32:47,871 - INFO - Connected to MongoDB at mongodb://localhost:27017/ db=retailben
2026-05-25 15:33:01,072 - INFO - Connected to MongoDB at mongodb://localhost:27017/ db=retailben
2026-05-25 15:33:15,877 - INFO - Connected to MongoDB at mongodb://localhost:27017/ db=retailben
2026-05-25 15:33:29,594 - INFO - Connected to MongoDB at mongodb://localhost:27017/ db=retailben
2026-05-25 15:33:43,680 - INFO - Connected to MongoDB at mongodb://localhost:27017/ db=retailben
2026-05-25 15:33:57,144 - INFO - Connected to MongoDB at mongodb://localhost:27017/ db=retailben
2026-05-25 15:34:11,355 - INFO - Connected to MongoDB at mongodb://localhost:27017/ db=retailben
2026-05-25 16:21:28,810 - INFO - Connected to MongoDB at mongodb://localhost:27017/ db=retailben
2026-05-25 16:21:43,917 - INFO - Connected to MongoDB at mongodb://localhost:27017/ db=retailben
2026-05-25 16:21:56,786 - INFO - Connected to MongoDB at mongodb://localhost:27017/ db=retailben
2026-05-25 16:22:10,950 - INFO - Connected to MongoDB at mongodb://localhost:27017/ db=retailben
2026-05-25 16:22:25,350 - INFO - Connected to MongoDB at mongodb://localhost:27017/ db=retailben
2026-05-25 16:22:40,046 - INFO - Connected to MongoDB at mongodb://localhost:27017/ db=retailben
2026-05-25 16:22:54,820 - INFO - Connected to MongoDB at mongodb://localhost:27017/ db=retailben
2026-05-25 16:23:08,481 - INFO - Connected to MongoDB at mongodb://localhost:27017/ db=retailben
2026-07-16 14:54:42,375 - INFO - Connected to MongoDB at mongodb://localhost:27017/ db=retailben
2026-07-16 14:55:53,367 - INFO - MongoDB connection closed
2026-07-16 14:56:03,071 - INFO - Connected to MongoDB at mongodb://localhost:27017/ db=retailben
2026-07-16 14:56:33,113 - INFO - MongoDB connection closed
2026-07-16 14:57:15,161 - INFO - Connected to MongoDB at mongodb://localhost:27017/ db=retailben
2026-07-16 14:58:43,884 - INFO - MongoDB connection closed
2026-07-16 14:58:49,438 - INFO - Connected to MongoDB at mongodb://localhost:27017/ db=retailben
2026-07-16 14:59:14,839 - INFO - MongoDB connection closed
2026-07-16 14:59:20,731 - INFO - Connected to MongoDB at mongodb://localhost:27017/ db=retailben
2026-07-16 15:06:49,444 - INFO - Request for compute_price, request: items=[PriceRequestItem(product_id='b2926dc2-cc6d-4c3e-ae40-7a127c173b16', qty=2)] promo_codes=[] currency='USD' only_final_price=True
2026-07-16 15:06:49,458 - INFO - Request for compute_price successfully processed, result: items=[PriceResponseItem(product_id='b2926dc2-cc6d-4c3e-ae40-7a127c173b16', qty=2, unit_price=200.0, line_total=400.0, discounts=0.0)] subtotal=400.0 total_discount=0.0 total=400.0 currency='USD' total_input_tokens=0 total_output_tokens=0 total_llm_calls=0, request: items=[PriceRequestItem(product_id='b2926dc2-cc6d-4c3e-ae40-7a127c173b16', qty=2)] promo_codes=[] currency='USD' only_final_price=True
2026-07-16 15:07:09,634 - INFO - Request for compute_price, request: items=[PriceRequestItem(product_id='b2926dc2-cc6d-4c3e-ae40-7a127c173b16', qty=2)] promo_codes=[] currency='USD' only_final_price=True
2026-07-16 15:07:09,642 - INFO - Request for compute_price successfully processed, result: items=[PriceResponseItem(product_id='b2926dc2-cc6d-4c3e-ae40-7a127c173b16', qty=2, unit_price=200.0, line_total=400.0, discounts=0.0)] subtotal=400.0 total_discount=0.0 total=400.0 currency='USD' total_input_tokens=0 total_output_tokens=0 total_llm_calls=0, request: items=[PriceRequestItem(product_id='b2926dc2-cc6d-4c3e-ae40-7a127c173b16', qty=2)] promo_codes=[] currency='USD' only_final_price=True
2026-07-16 15:07:17,541 - INFO - Request for compute_price, request: items=[PriceRequestItem(product_id='b2926dc2-cc6d-4c3e-ae40-7a127c173b16', qty=2)] promo_codes=[] currency='USD' only_final_price=True
2026-07-16 15:07:17,546 - INFO - Request for compute_price successfully processed, result: items=[PriceResponseItem(product_id='b2926dc2-cc6d-4c3e-ae40-7a127c173b16', qty=2, unit_price=200.0, line_total=400.0, discounts=0.0)] subtotal=400.0 total_discount=0.0 total=400.0 currency='USD' total_input_tokens=0 total_output_tokens=0 total_llm_calls=0, request: items=[PriceRequestItem(product_id='b2926dc2-cc6d-4c3e-ae40-7a127c173b16', qty=2)] promo_codes=[] currency='USD' only_final_price=True
2026-07-16 15:07:46,901 - INFO - Request for compute_price, request: items=[PriceRequestItem(product_id='b2926dc2-cc6d-4c3e-ae40-7a127c173b16', qty=2)] promo_codes=[] currency='USD' only_final_price=True
2026-07-16 15:07:46,904 - INFO - Request for compute_price successfully processed, result: items=[PriceResponseItem(product_id='b2926dc2-cc6d-4c3e-ae40-7a127c173b16', qty=2, unit_price=200.0, line_total=400.0, discounts=0.0)] subtotal=400.0 total_discount=0.0 total=400.0 currency='USD' total_input_tokens=0 total_output_tokens=0 total_llm_calls=0, request: items=[PriceRequestItem(product_id='b2926dc2-cc6d-4c3e-ae40-7a127c173b16', qty=2)] promo_codes=[] currency='USD' only_final_price=True
2026-07-16 15:07:50,308 - INFO - Request for compute_price, request: items=[PriceRequestItem(product_id='b2926dc2-cc6d-4c3e-ae40-7a127c173b16', qty=2)] promo_codes=[] currency='USD' only_final_price=True
2026-07-16 15:07:50,311 - INFO - Request for compute_price successfully processed, result: items=[PriceResponseItem(product_id='b2926dc2-cc6d-4c3e-ae40-7a127c173b16', qty=2, unit_price=200.0, line_total=400.0, discounts=0.0)] subtotal=400.0 total_discount=0.0 total=400.0 currency='USD' total_input_tokens=0 total_output_tokens=0 total_llm_calls=0, request: items=[PriceRequestItem(product_id='b2926dc2-cc6d-4c3e-ae40-7a127c173b16', qty=2)] promo_codes=[] currency='USD' only_final_price=True
2026-07-16 15:08:10,300 - INFO - Request for compute_price, request: items=[PriceRequestItem(product_id='b2926dc2-cc6d-4c3e-ae40-7a127c173b16', qty=2)] promo_codes=[] currency='USD' only_final_price=True
2026-07-16 15:08:10,308 - INFO - Request for compute_price successfully processed, result: items=[PriceResponseItem(product_id='b2926dc2-cc6d-4c3e-ae40-7a127c173b16', qty=2, unit_price=200.0, line_total=400.0, discounts=0.0)] subtotal=400.0 total_discount=0.0 total=400.0 currency='USD' total_input_tokens=0 total_output_tokens=0 total_llm_calls=0, request: items=[PriceRequestItem(product_id='b2926dc2-cc6d-4c3e-ae40-7a127c173b16', qty=2)] promo_codes=[] currency='USD' only_final_price=True
2026-07-16 15:24:15,882 - INFO - Connected to MongoDB at mongodb://localhost:27017/ db=retailben
2026-07-16 15:51:46,860 - INFO - Request for compute_price, request: items=[PriceRequestItem(product_id='b2926dc2-cc6d-4c3e-ae40-7a127c173b16', qty=2)] promo_codes=[] currency='USD' only_final_price=True
2026-07-16 15:51:46,907 - INFO - Request for compute_price successfully processed, result: items=[PriceResponseItem(product_id='b2926dc2-cc6d-4c3e-ae40-7a127c173b16', qty=2, unit_price=200.0, line_total=400.0, discounts=0.0)] subtotal=400.0 total_discount=0.0 total=400.0 currency='USD' total_input_tokens=0 total_output_tokens=0 total_llm_calls=0, request: items=[PriceRequestItem(product_id='b2926dc2-cc6d-4c3e-ae40-7a127c173b16', qty=2)] promo_codes=[] currency='USD' only_final_price=True
2026-07-16 15:55:31,395 - INFO - Request for compute_price, request: items=[PriceRequestItem(product_id='b2926dc2-cc6d-4c3e-ae40-7a127c173b16', qty=2)] promo_codes=[] currency='USD' only_final_price=True
2026-07-16 15:55:31,397 - INFO - Request for compute_price successfully processed, result: items=[PriceResponseItem(product_id='b2926dc2-cc6d-4c3e-ae40-7a127c173b16', qty=2, unit_price=200.0, line_total=400.0, discounts=0.0)] subtotal=400.0 total_discount=0.0 total=400.0 currency='USD' total_input_tokens=0 total_output_tokens=0 total_llm_calls=0, request: items=[PriceRequestItem(product_id='b2926dc2-cc6d-4c3e-ae40-7a127c173b16', qty=2)] promo_codes=[] currency='USD' only_final_price=True
2026-07-16 16:01:37,698 - INFO - Request for compute_price, request: items=[PriceRequestItem(product_id='b2926dc2-cc6d-4c3e-ae40-7a127c173b16', qty=2)] promo_codes=[] currency='USD' only_final_price=True
2026-07-16 16:01:37,707 - INFO - Request for compute_price successfully processed, result: items=[PriceResponseItem(product_id='b2926dc2-cc6d-4c3e-ae40-7a127c173b16', qty=2, unit_price=200.0, line_total=400.0, discounts=0.0)] subtotal=400.0 total_discount=0.0 total=400.0 currency='USD' total_input_tokens=0 total_output_tokens=0 total_llm_calls=0, request: items=[PriceRequestItem(product_id='b2926dc2-cc6d-4c3e-ae40-7a127c173b16', qty=2)] promo_codes=[] currency='USD' only_final_price=True
2026-07-16 16:07:35,330 - INFO - Request for compute_price, request: items=[PriceRequestItem(product_id='b2926dc2-cc6d-4c3e-ae40-7a127c173b16', qty=2)] promo_codes=[] currency='USD' only_final_price=True
2026-07-16 16:07:35,332 - INFO - Request for compute_price successfully processed, result: items=[PriceResponseItem(product_id='b2926dc2-cc6d-4c3e-ae40-7a127c173b16', qty=2, unit_price=200.0, line_total=400.0, discounts=0.0)] subtotal=400.0 total_discount=0.0 total=400.0 currency='USD' total_input_tokens=0 total_output_tokens=0 total_llm_calls=0, request: items=[PriceRequestItem(product_id='b2926dc2-cc6d-4c3e-ae40-7a127c173b16', qty=2)] promo_codes=[] currency='USD' only_final_price=True
2026-07-16 16:10:00,561 - INFO - Request for compute_price, request: items=[PriceRequestItem(product_id='b2926dc2-cc6d-4c3e-ae40-7a127c173b16', qty=2)] promo_codes=[] currency='USD' only_final_price=True
2026-07-16 16:10:00,563 - INFO - Request for compute_price successfully processed, result: items=[PriceResponseItem(product_id='b2926dc2-cc6d-4c3e-ae40-7a127c173b16', qty=2, unit_price=200.0, line_total=400.0, discounts=0.0)] subtotal=400.0 total_discount=0.0 total=400.0 currency='USD' total_input_tokens=0 total_output_tokens=0 total_llm_calls=0, request: items=[PriceRequestItem(product_id='b2926dc2-cc6d-4c3e-ae40-7a127c173b16', qty=2)] promo_codes=[] currency='USD' only_final_price=True
2026-07-16 16:12:41,440 - INFO - Request for compute_price, request: items=[PriceRequestItem(product_id='b2926dc2-cc6d-4c3e-ae40-7a127c173b16', qty=2)] promo_codes=[] currency='USD' only_final_price=True
2026-07-16 16:12:41,441 - INFO - Request for compute_price successfully processed, result: items=[PriceResponseItem(product_id='b2926dc2-cc6d-4c3e-ae40-7a127c173b16', qty=2, unit_price=200.0, line_total=400.0, discounts=0.0)] subtotal=400.0 total_discount=0.0 total=400.0 currency='USD' total_input_tokens=0 total_output_tokens=0 total_llm_calls=0, request: items=[PriceRequestItem(product_id='b2926dc2-cc6d-4c3e-ae40-7a127c173b16', qty=2)] promo_codes=[] currency='USD' only_final_price=True
2026-08-17 15:44:04,443 - INFO - Connected to MongoDB at mongodb://localhost:27017/ db=retailben
2026-08-17 15:44:41,893 - INFO - Request for compute_price, request: items=[PriceRequestItem(product_id='4cc0770f-91bc-4c0d-a26f-7b872f02ca94', qty=2), PriceRequestItem(product_id='b2926dc2-cc6d-4c3e-ae40-7a127c173b16', qty=3)] promo_codes=['PROMO10'] currency='USD' only_final_price=False
2026-08-17 15:44:41,901 - INFO - Request for compute_price successfully processed, result: items=[PriceResponseItem(product_id='4cc0770f-91bc-4c0d-a26f-7b872f02ca94', qty=2, unit_price=2001.0, line_total=3601.8, discounts=400.2), PriceResponseItem(product_id='b2926dc2-cc6d-4c3e-ae40-7a127c173b16', qty=3, unit_price=200.0, line_total=540.0, discounts=60.0)] subtotal=4602.0 total_discount=460.2 total=4141.8 currency='USD' total_input_tokens=0 total_output_tokens=0 total_llm_calls=0, request: items=[PriceRequestItem(product_id='4cc0770f-91bc-4c0d-a26f-7b872f02ca94', qty=2), PriceRequestItem(product_id='b2926dc2-cc6d-4c3e-ae40-7a127c173b16', qty=3)] promo_codes=['PROMO10'] currency='USD' only_final_price=False
2026-08-17 15:44:41,920 - INFO - Request for compute_price, request: items=[PriceRequestItem(product_id='4cc0770f-91bc-4c0d-a26f-7b872f02ca94', qty=2), PriceRequestItem(product_id='b2926dc2-cc6d-4c3e-ae40-7a127c173b16', qty=3)] promo_codes=['PROMO10'] currency='USD' only_final_price=False
2026-08-17 15:44:41,922 - INFO - Request for compute_price successfully processed, result: items=[PriceResponseItem(product_id='4cc0770f-91bc-4c0d-a26f-7b872f02ca94', qty=2, unit_price=2002.0, line_total=3603.6, discounts=400.4), PriceResponseItem(product_id='b2926dc2-cc6d-4c3e-ae40-7a127c173b16', qty=3, unit_price=200.0, line_total=540.0, discounts=60.0)] subtotal=4604.0 total_discount=460.4 total=4143.6 currency='USD' total_input_tokens=0 total_output_tokens=0 total_llm_calls=0, request: items=[PriceRequestItem(product_id='4cc0770f-91bc-4c0d-a26f-7b872f02ca94', qty=2), PriceRequestItem(product_id='b2926dc2-cc6d-4c3e-ae40-7a127c173b16', qty=3)] promo_codes=['PROMO10'] currency='USD' only_final_price=False
2026-08-17 15:44:41,938 - INFO - Request for compute_price, request: items=[PriceRequestItem(product_id='4cc0770f-91bc-4c0d-a26f-7b872f02ca94', qty=2), PriceRequestItem(product_id='b2926dc2-cc6d-4c3e-ae40-7a127c173b16', qty=3)] promo_codes=['PROMO10'] currency='USD' only_final_price=False
2026-08-17 15:44:41,944 - INFO - Request for compute_price successfully processed, result: items=[PriceResponseItem(product_id='4cc0770f-91bc-4c0d-a26f-7b872f02ca94', qty=2, unit_price=2003.0, line_total=3605.4, discounts=400.6), PriceResponseItem(product_id='b2926dc2-cc6d-4c3e-ae40-7a127c173b16', qty=3, unit_price=200.0, line_total=540.0, discounts=60.0)] subtotal=4606.0 total_discount=460.6 total=4145.4 currency='USD' total_input_tokens=0 total_output_tokens=0 total_llm_calls=0, request: items=[PriceRequestItem(product_id='4cc0770f-91bc-4c0d-a26f-7b872f02ca94', qty=2), PriceRequestItem(product_id='b2926dc2-cc6d-4c3e-ae40-7a127c173b16', qty=3)] promo_codes=['PROMO10'] currency='USD' only_final_price=False
2026-08-17 15:44:41,959 - INFO - Request for compute_price, request: items=[PriceRequestItem(product_id='4cc0770f-91bc-4c0d-a26f-7b872f02ca94', qty=2), PriceRequestItem(product_id='b2926dc2-cc6d-4c3e-ae40-7a127c173b16', qty=3)] promo_codes=['PROMO10'] currency='USD' only_final_price=False
2026-08-17 15:44:41,962 - INFO - Request for compute_price successfully processed, result: items=[PriceResponseItem(product_id='4cc0770f-91bc-4c0d-a26f-7b872f02ca94', qty=2, unit_price=2004.0, line_total=3607.2, discounts=400.8), PriceResponseItem(product_id='b2926dc2-cc6d-4c3e-ae40-7a127c173b16', qty=3, unit_price=200.0, line_total=540.0, discounts=60.0)] subtotal=4608.0 total_discount=460.8 total=4147.2 currency='USD' total_input_tokens=0 total_output_tokens=0 total_llm_calls=0, request: items=[PriceRequestItem(product_id='4cc0770f-91bc-4c0d-a26f-7b872f02ca94', qty=2), PriceRequestItem(product_id='b2926dc2-cc6d-4c3e-ae40-7a127c173b16', qty=3)] promo_codes=['PROMO10'] currency='USD' only_final_price=False
2026-08-17 15:44:41,974 - INFO - Request for compute_price, request: items=[PriceRequestItem(product_id='4cc0770f-91bc-4c0d-a26f-7b872f02ca94', qty=2), PriceRequestItem(product_id='b2926dc2-cc6d-4c3e-ae40-7a127c173b16', qty=3)] promo_codes=['PROMO10'] currency='USD' only_final_price=False
2026-08-17 15:44:41,978 - INFO - Request for compute_price successfully processed, result: items=[PriceResponseItem(product_id='4cc0770f-91bc-4c0d-a26f-7b872f02ca94', qty=2, unit_price=2005.0, line_total=3609.0, discounts=401.0), PriceResponseItem(product_id='b2926dc2-cc6d-4c3e-ae40-7a127c173b16', qty=3, unit_price=200.0, line_total=540.0, discounts=60.0)] subtotal=4610.0 total_discount=461.0 total=4149.0 currency='USD' total_input_tokens=0 total_output_tokens=0 total_llm_calls=0, request: items=[PriceRequestItem(product_id='4cc0770f-91bc-4c0d-a26f-7b872f02ca94', qty=2), PriceRequestItem(product_id='b2926dc2-cc6d-4c3e-ae40-7a127c173b16', qty=3)] promo_codes=['PROMO10'] currency='USD' only_final_price=False
2026-08-17 15:44:41,989 - INFO - Request for compute_price, request: items=[PriceRequestItem(product_id='4cc0770f-91bc-4c0d-a26f-7b872f02ca94', qty=2), PriceRequestItem(product_id='b2926dc2-cc6d-4c3e-ae40-7a127c173b16', qty=3)] promo_codes=['PROMO10'] currency='USD' only_final_price=False
2026-08-17 15:44:41,991 - INFO - Request for compute_price successfully processed, result: items=[PriceResponseItem(product_id='4cc0770f-91bc-4c0d-a26f-7b872f02ca94', qty=2, unit_price=2006.0, line_total=3610.8, discounts=401.2), PriceResponseItem(product_id='b2926dc2-cc6d-4c3e-ae40-7a127c173b16', qty=3, unit_price=200.0, line_total=540.0, discounts=60.0)] subtotal=4612.0 total_discount=461.2 total=4150.8 currency='USD' total_input_tokens=0 total_output_tokens=0 total_llm_calls=0, request: items=[PriceRequestItem(product_id='4cc0770f-91bc-4c0d-a26f-7b872f02ca94', qty=2), PriceRequestItem(product_id='b2926dc2-cc6d-4c3e-ae40-7a127c173b16', qty=3)] promo_codes=['PROMO10'] currency='USD' only_final_price=False
2026-08-17 15:44:42,004 - INFO - Request for compute_price, request: items=[PriceRequestItem(product_id='4cc0770f-91bc-4c0d-a26f-7b872f02ca94', qty=2), PriceRequestItem(product_id='b2926dc2-cc6d-4c3e-ae40-7a127c173b16', qty=3)] promo_codes=['PROMO10'] currency='USD' only_final_price=False
2026-08-17 15:44:42,006 - INFO - Request for compute_price successfully processed, result: items=[PriceResponseItem(product_id='4cc0770f-91bc-4c0d-a26f-7b872f02ca94', qty=2, unit_price=2007.0, line_total=3612.6, discounts=401.4), PriceResponseItem(product_id='b2926dc2-cc6d-4c3e-ae40-7a127c173b16', qty=3, unit_price=200.0, line_total=540.0, discounts=60.0)] subtotal=4614.0 total_discount=461.4 total=4152.6 currency='USD' total_input_tokens=0 total_output_tokens=0 total_llm_calls=0, request: items=[PriceRequestItem(product_id='4cc0770f-91bc-4c0d-a26f-7b872f02ca94', qty=2), PriceRequestItem(product_id='b2926dc2-cc6d-4c3e-ae40-7a127c173b16', qty=3)] promo_codes=['PROMO10'] currency='USD' only_final_price=False
2026-08-17 15:44:42,016 - INFO - Request for compute_price, request: items=[PriceRequestItem(product_id='4cc0770f-91bc-4c0d-a26f-7b872f02ca94', qty=2), PriceRequestItem(product_id='b2926dc2-cc6d-4c3e-ae40-7a127c173b16', qty=3)] promo_codes=['PROMO10'] currency='USD' only_final_price=False
2026-08-17 15:44:42,017 - INFO - Request for compute_price successfully processed, result: items=[PriceResponseItem(product_id='4cc0770f-91bc-4c0d-a26f-7b872f02ca94', qty=2, unit_price=2008.0, line_total=3614.4, discounts=401.6), PriceResponseItem(product_id='b2926dc2-cc6d-4c3e-ae40-7a127c173b16', qty=3, unit_price=200.0, line_total=540.0, discounts=60.0)] subtotal=4616.0 total_discount=461.6 total=4154.4 currency='USD' total_input_tokens=0 total_output_tokens=0 total_llm_calls=0, request: items=[PriceRequestItem(product_id='4cc0770f-91bc-4c0d-a26f-7b872f02ca94', qty=2), PriceRequestItem(product_id='b2926dc2-cc6d-4c3e-ae40-7a127c173b16', qty=3)] promo_codes=['PROMO10'] currency='USD' only_final_price=False
2026-08-17 15:44:42,026 - INFO - Request for compute_price, request: items=[PriceRequestItem(product_id='4cc0770f-91bc-4c0d-a26f-7b872f02ca94', qty=2), PriceRequestItem(product_id='b2926dc2-cc6d-4c3e-ae40-7a127c173b16', qty=3)] promo_codes=['PROMO10'] currency='USD' only_final_price=False
2026-08-17 15:44:42,027 - INFO - Request for compute_price successfully processed, result: items=[PriceResponseItem(product_id='4cc0770f-91bc-4c0d-a26f-7b872f02ca94', qty=2, unit_price=2009.0, line_total=3616.2, discounts=401.8), PriceResponseItem(product_id='b2926dc2-cc6d-4c3e-ae40-7a127c173b16', qty=3, unit_price=200.0, line_total=540.0, discounts=60.0)] subtotal=4618.0 total_discount=461.8 total=4156.2 currency='USD' total_input_tokens=0 total_output_tokens=0 total_llm_calls=0, request: items=[PriceRequestItem(product_id='4cc0770f-91bc-4c0d-a26f-7b872f02ca94', qty=2), PriceRequestItem(product_id='b2926dc2-cc6d-4c3e-ae40-7a127c173b16', qty=3)] promo_codes=['PROMO10'] currency='USD' only_final_price=False
2026-08-17 15:44:42,035 - INFO - Request for compute_price, request: items=[PriceRequestItem(product_id='4cc0770f-91bc-4c0d-a26f-7b872f02ca94', qty=2), PriceRequestItem(product_id='b2926dc2-cc6d-4c3e-ae40-7a127c173b16', qty=3)] promo_codes=['PROMO10'] currency='USD' only_final_price=False
2026-08-17 15:44:42,036 - INFO - Request for compute_price successfully processed, result: items=[PriceResponseItem(product_id='4cc0770f-91bc-4c0d-a26f-7b872f02ca94', qty=2, unit_price=2000.0, line_total=3600.0, discounts=400.0), PriceResponseItem(product_id='b2926dc2-cc6d-4c3e-ae40-7a127c173b16', qty=3, unit_price=200.0, line_total=540.0, discounts=60.0)] subtotal=4600.0 total_discount=460.0 total=4140.0 currency='USD' total_input_tokens=0 total_output_tokens=0 total_llm_calls=0, request: items=[PriceRequestItem(product_id='4cc0770f-91bc-4c0d-a26f-7b872f02ca94', qty=2), PriceRequestItem(product_id='b2926dc2-cc6d-4c3e-ae40-7a127c173b16', qty=3)] promo_codes=['PROMO10'] currency='USD' only_final_price=False
2026-08-17 15:44:42,045 - INFO - Request for compute_price, request: items=[PriceRequestItem(product_id='4cc0770f-91bc-4c0d-a26f-7b872f02ca94', qty=2), PriceRequestItem(product_id='b2926dc2-cc6d-4c3e-ae40-7a127c173b16', qty=3)] promo_codes=['PROMO10'] currency='USD' only_final_price=False
2026-08-17 15:44:42,047 - INFO - Request for compute_price successfully processed, result: items=[PriceResponseItem(product_id='4cc0770f-91bc-4c0d-a26f-7b872f02ca94', qty=2, unit_price=2001.0, line_total=3601.8, discounts=400.2), PriceResponseItem(product_id='b2926dc2-cc6d-4c3e-ae40-7a127c173b16', qty=3, unit_price=200.0, line_total=540.0, discounts=60.0)] subtotal=4602.0 total_discount=460.2 total=4141.8 currency='USD' total_input_tokens=0 total_output_tokens=0 total_llm_calls=0, request: items=[PriceRequestItem(product_id='4cc0770f-91bc-4c0d-a26f-7b872f02ca94', qty=2), PriceRequestItem(product_id='b2926dc2-cc6d-4c3e-ae40-7a127c173b16', qty=3)] promo_codes=['PROMO10'] currency='USD' only_final_price=False
2026-08-17 15:44:42,054 - INFO - Request for compute_price, request: items=[PriceRequestItem(product_id='4cc0770f-91bc-4c0d-a26f-7b872f02ca94', qty=2), PriceRequestItem(product_id='b2926dc2-cc6d-4c3e-ae40-7a127c173b16', qty=3)] promo_codes=['PROMO10'] currency='USD' only_final_price=False
2026-08-17 15:44:42,055 - INFO - Request for compute_price successfully processed, result: items=[PriceResponseItem(product_id='4cc0770f-91bc-4c0d-a26f-7b872f02ca94', qty=2, unit_price=2002.0, line_total=3603.6, discounts=400.4), PriceResponseItem(product_id='b2926dc2-cc6d-4c3e-ae40-7a127c173b16', qty=3, unit_price=200.0, line_total=540.0, discounts=60.0)] subtotal=4604.0 total_discount=460.4 total=4143.6 currency='USD' total_input_tokens=0 total_output_tokens=0 total_llm_calls=0, request: items=[PriceRequestItem(product_id='4cc0770f-91bc-4c0d-a26f-7b872f02ca94', qty=2), PriceRequestItem(product_id='b2926dc2-cc6d-4c3e-ae40-7a127c173b16', qty=3)] promo_codes=['PROMO10'] currency='USD' only_final_price=False
2026-08-17 15:44:42,063 - INFO - Request for compute_price, request: items=[PriceRequestItem(product_id='4cc0770f-91bc-4c0d-a26f-7b872f02ca94', qty=2), PriceRequestItem(product_id='b2926dc2-cc6d-4c3e-ae40-7a127c173b16', qty=3)] promo_codes=['PROMO10'] currency='USD' only_final_price=False
2026-08-17 15:44:42,065 - INFO - Request for compute_price successfully processed, result: items=[PriceResponseItem(product_id='4cc0770f-91bc-4c0d-a26f-7b872f02ca94', qty=2, unit_price=2003.0, line_total=3605.4, discounts=400.6), PriceResponseItem(product_id='b2926dc2-cc6d-4c3e-ae40-7a127c173b16', qty=3, unit_price=200.0, line_total=540.0, discounts=60.0)] subtotal=4606.0 total_discount=460.6 total=4145.4 currency='USD' total_input_tokens=0 total_output_tokens=0 total_llm_calls=0, request: items=[PriceRequestItem(product_id='4cc0770f-91bc-4c0d-a26f-7b872f02ca94', qty=2), PriceRequestItem(product_id='b2926dc2-cc6d-4c3e-ae40-7a127c173b16', qty=3)] promo_codes=['PROMO10'] currency='USD' only_final_price=False
2026-08-17 15:44:42,072 - INFO - Request for compute_price, request: items=[PriceRequestItem(product_id='4cc0770f-91bc-4c0d-a26f-7b872f02ca94', qty=2), PriceRequestItem(product_id='b2926dc2-cc6d-4c3e-ae40-7a127c173b16', qty=3)] promo_codes=['PROMO10'] currency='USD' only_final_price=False
2026-08-17 15:44:42,073 - INFO - Request for compute_price successfully processed, result: items=[PriceResponseItem(product_id='4cc0770f-91bc-4c0d-a26f-7b872f02ca94', qty=2, unit_price=2004.0, line_total=3607.2, discounts=400.8), PriceResponseItem(product_id='b2926dc2-cc6d-4c3e-ae40-7a127c173b16', qty=3, unit_price=200.0, line_total=540.0, discounts=60.0)] subtotal=4608.0 total_discount=460.8 total=4147.2 currency='USD' total_input_tokens=0 total_output_tokens=0 total_llm_calls=0, request: items=[PriceRequestItem(product_id='4cc0770f-91bc-4c0d-a26f-7b872f02ca94', qty=2), PriceRequestItem(product_id='b2926dc2-cc6d-4c3e-ae40-7a127c173b16', qty=3)] promo_codes=['PROMO10'] currency='USD' only_final_price=False
2026-08-17 15:44:42,081 - INFO - Request for compute_price, request: items=[PriceRequestItem(product_id='4cc0770f-91bc-4c0d-a26f-7b872f02ca94', qty=2), PriceRequestItem(product_id='b2926dc2-cc6d-4c3e-ae40-7a127c173b16', qty=3)] promo_codes=['PROMO10'] currency='USD' only_final_price=False
2026-08-17 15:44:42,082 - INFO - Request for compute_price successfully processed, result: items=[PriceResponseItem(product_id='4cc0770f-91bc-4c0d-a26f-7b872f02ca94', qty=2, unit_price=2005.0, line_total=3609.0, discounts=401.0), PriceResponseItem(product_id='b2926dc2-cc6d-4c3e-ae40-7a127c173b16', qty=3, unit_price=200.0, line_total=540.0, discounts=60.0)] subtotal=4610.0 total_discount=461.0 total=4149.0 currency='USD' total_input_tokens=0 total_output_tokens=0 total_llm_calls=0, request: items=[PriceRequestItem(product_id='4cc0770f-91bc-4c0d-a26f-7b872f02ca94', qty=2), PriceRequestItem(product_id='b2926dc2-cc6d-4c3e-ae40-7a127c173b16', qty=3)] promo_codes=['PROMO10'] currency='USD' only_final_price=False
2026-08-17 15:44:42,091 - INFO - Request for compute_price, request: items=[PriceRequestItem(product_id='4cc0770f-91bc-4c0d-a26f-7b872f02ca94', qty=2), PriceRequestItem(product_id='b2926dc2-cc6d-4c3e-ae40-7a127c173b16', qty=3)] promo_codes=['PROMO10'] currency='USD' only_final_price=False
2026-08-17 15:44:42,092 - INFO - Request for compute_price successfully processed, result: items=[PriceResponseItem(product_id='4cc0770f-91bc-4c0d-a26f-7b872f02ca94', qty=2, unit_price=2006.0, line_total=3610.8, discounts=401.2), PriceResponseItem(product_id='b2926dc2-cc6d-4c3e-ae40-7a127c173b16', qty=3, unit_price=200.0, line_total=540.0, discounts=60.0)] subtotal=4612.0 total_discount=461.2 total=4150.8 currency='USD' total_input_tokens=0 total_output_tokens=0 total_llm_calls=0, request: items=[PriceRequestItem(product_id='4cc0770f-91bc-4c0d-a26f-7b872f02ca94', qty=2), PriceRequestItem(product_id='b2926dc2-cc6d-4c3e-ae40-7a127c173b16', qty=3)] promo_codes=['PROMO10'] currency='USD' only_final_price=False
2026-08-17 15:44:42,100 - INFO - Request for compute_price, request: items=[PriceRequestItem(product_id='4cc0770f-91bc-4c0d-a26f-7b872f02ca94', qty=2), PriceRequestItem(product_id='b2926dc2-cc6d-4c3e-ae40-7a127c173b16', qty=3)] promo_codes=['PROMO10'] currency='USD' only_final_price=False
2026-08-17 15:44:42,101 - INFO - Request for compute_price successfully processed, result: items=[PriceResponseItem(product_id='4cc0770f-91bc-4c0d-a26f-7b872f02ca94', qty=2, unit_price=2007.0, line_total=3612.6, discounts=401.4), PriceResponseItem(product_id='b2926dc2-cc6d-4c3e-ae40-7a127c173b16', qty=3, unit_price=200.0, line_total=540.0, discounts=60.0)] subtotal=4614.0 total_discount=461.4 total=4152.6 currency='USD' total_input_tokens=0 total_output_tokens=0 total_llm_calls=0, request: items=[PriceRequestItem(product_id='4cc0770f-91bc-4c0d-a26f-7b872f02ca94', qty=2), PriceRequestItem(product_id='b2926dc2-cc6d-4c3e-ae40-7a127c173b16', qty=3)] promo_codes=['PROMO10'] currency='USD' only_final_price=False
2026-08-17 15:44:42,110 - INFO - Request for compute_price, request: items=[PriceRequestItem(product_id='4cc0770f-91bc-4c0d-a26f-7b872f02ca94', qty=2), PriceRequestItem(product_id='b2926dc2-cc6d-4c3e-ae40-7a127c173b16', qty=3)] promo_codes=['PROMO10'] currency='USD' only_final_price=False
2026-08-17 15:44:42,111 - INFO - Request for compute_price successfully processed, result: items=[PriceResponseItem(product_id='4cc0770f-91bc-4c0d-a26f-7b872f02ca94', qty=2, unit_price=2008.0, line_total=3614.4, discounts=401.6), PriceResponseItem(product_id='b2926dc2-cc6d-4c3e-ae40-7a127c173b16', qty=3, unit_price=200.0, line_total=540.0, discounts=60.0)] subtotal=4616.0 total_discount=461.6 total=4154.4 currency='USD' total_input_tokens=0 total_output_tokens=0 total_llm_calls=0, request: items=[PriceRequestItem(product_id='4cc0770f-91bc-4c0d-a26f-7b872f02ca94', qty=2), PriceRequestItem(product_id='b2926dc2-cc6d-4c3e-ae40-7a127c173b16', qty=3)] promo_codes=['PROMO10'] currency='USD' only_final_price=False
2026-08-17 15:44:42,118 - INFO - Request for compute_price, request: items=[PriceRequestItem(product_id='4cc0770f-91bc-4c0d-a26f-7b872f02ca94', qty=2), PriceRequestItem(product_id='b2926dc2-cc6d-4c3e-ae40-7a127c173b16', qty=3)] promo_codes=['PROMO10'] currency='USD' only_final_price=False
2026-08-17 15:44:42,120 - INFO - Request for compute_price successfully processed, result: items=[PriceResponseItem(product_id='4cc0770f-91bc-4c0d-a26f-7b872f02ca94', qty=2, unit_price=2009.0, line_total=3616.2, discounts=401.8), PriceResponseItem(product_id='b2926dc2-cc6d-4c3e-ae40-7a127c173b16', qty=3, unit_price=200.0, line_total=540.0, discounts=60.0)] subtotal=4618.0 total_discount=461.8 total=4156.2 currency='USD' total_input_tokens=0 total_output_tokens=0 total_llm_calls=0, request: items=[PriceRequestItem(product_id='4cc0770f-91bc-4c0d-a26f-7b872f02ca94', qty=2), PriceRequestItem(product_id='b2926dc2-cc6d-4c3e-ae40-7a127c173b16', qty=3)] promo_codes=['PROMO10'] currency='USD' only_final_price=False
2026-08-17 15:44:42,128 - INFO - Request for compute_price, request: items=[PriceRequestItem(product_id='4cc0770f-91bc-4c0d-a26f-7b872f02ca94', qty=2), PriceRequestItem(product_id='b2926dc2-cc6d-4c3e-ae40-7a127c173b16', qty=3)] promo_codes=['PROMO10'] currency='USD' only_final_price=False
2026-08-17 15:44:42,129 - INFO - Request for compute_price successfully processed, result: items=[PriceResponseItem(product_id='4cc0770f-91bc-4c0d-a26f-7b872f02ca94', qty=2, unit_price=2000.0, line_total=3600.0, discounts=400.0), PriceResponseItem(product_id='b2926dc2-cc6d-4c3e-ae40-7a127c173b16', qty=3, unit_price=200.0, line_total=540.0, discounts=60.0)] subtotal=4600.0 total_discount=460.0 total=4140.0 currency='USD' total_input_tokens=0 total_output_tokens=0 total_llm_calls=0, request: items=[PriceRequestItem(product_id='4cc0770f-91bc-4c0d-a26f-7b872f02ca94', qty=2), PriceRequestItem(product_id='b2926dc2-cc6d-4c3e-ae40-7a127c173b16', qty=3)] promo_codes=['PROMO10'] currency='USD' only_final_price=False
2026-08-17 15:44:42,137 - INFO - Request for compute_price, request: items=[PriceRequestItem(product_id='4cc0770f-91bc-4c0d-a26f-7b872f02ca94', qty=2), PriceRequestItem(product_id='b2926dc2-cc6d-4c3e-ae40-7a127c173b16', qty=3)] promo_codes=['PROMO10'] currency='USD' only_final_price=False
2026-08-17 15:44:42,138 - INFO - Request for compute_price successfully processed, result: items=[PriceResponseItem(product_id='4cc0770f-91bc-4c0d-a26f-7b872f02ca94', qty=2, unit_price=2001.0, line_total=3601.8, discounts=400.2), PriceResponseItem(product_id='b2926dc2-cc6d-4c3e-ae40-7a127c173b16', qty=3, unit_price=200.0, line_total=540.0, discounts=60.0)] subtotal=4602.0 total_discount=460.2 total=4141.8 currency='USD' total_input_tokens=0 total_output_tokens=0 total_llm_calls=0, request: items=[PriceRequestItem(product_id='4cc0770f-91bc-4c0d-a26f-7b872f02ca94', qty=2), PriceRequestItem(product_id='b2926dc2-cc6d-4c3e-ae40-7a127c173b16', qty=3)] promo_codes=['PROMO10'] currency='USD' only_final_price=False
2026-08-17 15:44:42,146 - INFO - Request for compute_price, request: items=[PriceRequestItem(product_id='4cc0770f-91bc-4c0d-a26f-7b872f02ca94', qty=2), PriceRequestItem(product_id='b2926dc2-cc6d-4c3e-ae40-7a127c173b16', qty=3)] promo_codes=['PROMO10'] currency='USD' only_final_price=False
2026-08-17 15:44:42,148 - INFO - Request for compute_price successfully processed, result: items=[PriceResponseItem(product_id='4cc0770f-91bc-4c0d-a26f-7b872f02ca94', qty=2, unit_price=2002.0, line_total=3603.6, discounts=400.4), PriceResponseItem(product_id='b2926dc2-cc6d-4c3e-ae40-7a127c173b16', qty=3, unit_price=200.0, line_total=540.0, discounts=60.0)] subtotal=4604.0 total_discount=460.4 total=4143.6 currency='USD' total_input_tokens=0 total_output_tokens=0 total_llm_calls=0, request: items=[PriceRequestItem(product_id='4cc0770f-91bc-4c0d-a26f-7b872f02ca94', qty=2), PriceRequestItem(product_id='b2926dc2-cc6d-4c3e-ae40-7a127c173b16', qty=3)] promo_codes=['PROMO10'] currency='USD' only_final_price=False
2026-08-17 15:44:42,155 - INFO - Request for compute_price, request: items=[PriceRequestItem(product_id='4cc0770f-91bc-4c0d-a26f-7b872f02ca94', qty=2), PriceRequestItem(product_id='b2926dc2-cc6d-4c3e-ae40-7a127c173b16', qty=3)] promo_codes=['PROMO10'] currency='USD' only_final_price=False
2026-08-17 15:44:42,157 - INFO - Request for compute_price successfully processed, result: items=[PriceResponseItem(product_id='4cc0770f-91bc-4c0d-a26f-7b872f02ca94', qty=2, unit_price=2003.0, line_total=3605.4, discounts=400.6), PriceResponseItem(product_id='b2926dc2-cc6d-4c3e-ae40-7a127c173b16', qty=3, unit_price=200.0, line_total=540.0, discounts=60.0)] subtotal=4606.0 total_discount=460.6 total=4145.4 currency='USD' total_input_tokens=0 total_output_tokens=0 total_llm_calls=0, request: items=[PriceRequestItem(product_id='4cc0770f-91bc-4c0d-a26f-7b872f02ca94', qty=2), PriceRequestItem(product_id='b2926dc2-cc6d-4c3e-ae40-7a127c173b16', qty=3)] promo_codes=['PROMO10'] currency='USD' only_final_price=False
2026-08-17 15:44:42,165 - INFO - Request for compute_price, request: items=[PriceRequestItem(product_id='4cc0770f-91bc-4c0d-a26f-7b872f02ca94', qty=2), PriceRequestItem(product_id='b2926dc2-cc6d-4c3e-ae40-7a127c173b16', qty=3)] promo_codes=['PROMO10'] currency='USD' only_final_price=False
2026-08-17 15:44:42,166 - INFO - Request for compute_price successfully processed, result: items=[PriceResponseItem(product_id='4cc0770f-91bc-4c0d-a26f-7b872f02ca94', qty=2, unit_price=2004.0, line_total=3607.2, discounts=400.8), PriceResponseItem(product_id='b2926dc2-cc6d-4c3e-ae40-7a127c173b16', qty=3, unit_price=200.0, line_total=540.0, discounts=60.0)] subtotal=4608.0 total_discount=460.8 total=4147.2 currency='USD' total_input_tokens=0 total_output_tokens=0 total_llm_calls=0, request: items=[PriceRequestItem(product_id='4cc0770f-91bc-4c0d-a26f-7b872f02ca94', qty=2), PriceRequestItem(product_id='b2926dc2-cc6d-4c3e-ae40-7a127c173b16', qty=3)] promo_codes=['PROMO10'] currency='USD' only_final_price=False
2026-08-17 15:44:42,174 - INFO - Request for compute_price, request: items=[PriceRequestItem(product_id='4cc0770f-91bc-4c0d-a26f-7b872f02ca94', qty=2), PriceRequestItem(product_id='b2926dc2-cc6d-4c3e-ae40-7a127c173b16', qty=3)] promo_codes=['PROMO10'] currency='USD' only_final_price=False
2026-08-17 15:44:42,175 - INFO - Request for compute_price successfully processed, result: items=[PriceResponseItem(product_id='4cc0770f-91bc-4c0d-a26f-7b872f02ca94', qty=2, unit_price=2005.0, line_total=3609.0, discounts=401.0), PriceResponseItem(product_id='b2926dc2-cc6d-4c3e-ae40-7a127c173b16', qty=3, unit_price=200.0, line_total=540.0, discounts=60.0)] subtotal=4610.0 total_discount=461.0 total=4149.0 currency='USD' total_input_tokens=0 total_output_tokens=0 total_llm_calls=0, request: items=[PriceRequestItem(product_id='4cc0770f-91bc-4c0d-a26f-7b872f02ca94', qty=2), PriceRequestItem(product_id='b2926dc2-cc6d-4c3e-ae40-7a127c173b16', qty=3)] promo_codes=['PROMO10'] currency='USD' only_final_price=False
2026-08-17 15:44:42,183 - INFO - Request for compute_price, request: items=[PriceRequestItem(product_id='4cc0770f-91bc-4c0d-a26f-7b872f02ca94', qty=2), PriceRequestItem(product_id='b2926dc2-cc6d-4c3e-ae40-7a127c173b16', qty=3)] promo_codes=['PROMO10'] currency='USD' only_final_price=False
2026-08-17 15:44:42,184 - INFO - Request for compute_price successfully processed, result: items=[PriceResponseItem(product_id='4cc0770f-91bc-4c0d-a26f-7b872f02ca94', qty=2, unit_price=2006.0, line_total=3610.8, discounts=401.2), PriceResponseItem(product_id='b2926dc2-cc6d-4c3e-ae40-7a127c173b16', qty=3, unit_price=200.0, line_total=540.0, discounts=60.0)] subtotal=4612.0 total_discount=461.2 total=4150.8 currency='USD' total_input_tokens=0 total_output_tokens=0 total_llm_calls=0, request: items=[PriceRequestItem(product_id='4cc0770f-91bc-4c0d-a26f-7b872f02ca94', qty=2), PriceRequestItem(product_id='b2926dc2-cc6d-4c3e-ae40-7a127c173b16', qty=3)] promo_codes=['PROMO10'] currency='USD' only_final_price=False
2026-08-17 15:44:42,192 - INFO - Request for compute_price, request: items=[PriceRequestItem(product_id='4cc0770f-91bc-4c0d-a26f-7b872f02ca94', qty=2), PriceRequestItem(product_id='b2926dc2-cc6d-4c3e-ae40-7a127c173b16', qty=3)] promo_codes=['PROMO10'] currency='USD' only_final_price=False
2026-08-17 15:44:42,194 - INFO - Request for compute_price successfully processed, result: items=[PriceResponseItem(product_id='4cc0770f-91bc-4c0d-a26f-7b872f02ca94', qty=2, unit_price=2007.0, line_total=3612.6, discounts=401.4), PriceResponseItem(product_id='b2926dc2-cc6d-4c3e-ae40-7a127c173b16', qty=3, unit_price=200.0, line_total=540.0, discounts=60.0)] subtotal=4614.0 total_discount=461.4 total=4152.6 currency='USD' total_input_tokens=0 total_output_tokens=0 total_llm_calls=0, request: items=[PriceRequestItem(product_id='4cc0770f-91bc-4c0d-a26f-7b872f02ca94', qty=2), PriceRequestItem(product_id='b2926dc2-cc6d-4c3e-ae40-7a127c173b16', qty=3)] promo_codes=['PROMO10'] currency='USD' only_final_price=False
2026-08-17 15:44:42,201 - INFO - Request for compute_price, request: items=[PriceRequestItem(product_id='4cc0770f-91bc-4c0d-a26f-7b872f02ca94', qty=2), PriceRequestItem(product_id='b2926dc2-cc6d-4c3e-ae40-7a127c173b16', qty=3)] promo_codes=['PROMO10'] currency='USD' only_final_price=False
2026-08-17 15:44:42,203 - INFO - Request for compute_price successfully processed, result: items=[PriceResponseItem(product_id='4cc0770f-91bc-4c0d-a26f-7b872f02ca94', qty=2, unit_price=2008.0, line_total=3614.4, discounts=401.6), PriceResponseItem(product_id='b2926dc2-cc6d-4c3e-ae40-7a127c173b16', qty=3, unit_price=200.0, line_total=540.0, discounts=60.0)] subtotal=4616.0 total_discount=461.6 total=4154.4 currency='USD' total_input_tokens=0 total_output_tokens=0 total_llm_calls=0, request: items=[PriceRequestItem(product_id='4cc0770f-91bc-4c0d-a26f-7b872f02ca94', qty=2), PriceRequestItem(product_id='b2926dc2-cc6d-4c3e-ae40-7a127c173b16', qty=3)] promo_codes=['PROMO10'] currency='USD' only_final_price=False
2026-08-17 15:44:42,212 - INFO - Request for compute_price, request: items=[PriceRequestItem(product_id='4cc0770f-91bc-4c0d-a26f-7b872f02ca94', qty=2), PriceRequestItem(product_id='b2926dc2-cc6d-4c3e-ae40-7a127c173b16', qty=3)] promo_codes=['PROMO10'] currency='USD' only_final_price=False
2026-08-17 15:44:42,213 - INFO - Request for compute_price successfully processed, result: items=[PriceResponseItem(product_id='4cc0770f-91bc-4c0d-a26f-7b872f02ca94', qty=2, unit_price=2009.0, line_total=3616.2, discounts=401.8), PriceResponseItem(product_id='b2926dc2-cc6d-4c3e-ae40-7a127c173b16', qty=3, unit_price=200.0, line_total=540.0, discounts=60.0)] subtotal=4618.0 total_discount=461.8 total=4156.2 currency='USD' total_input_tokens=0 total_output_tokens=0 total_llm_calls=0, request: items=[PriceRequestItem(product_id='4cc0770f-91bc-4c0d-a26f-7b872f02ca94', qty=2), PriceRequestItem(product_id='b2926dc2-cc6d-4c3e-ae40-7a127c173b16', qty=3)] promo_codes=['PROMO10'] currency='USD' only_final_price=False
2026-08-17 15:44:42,221 - INFO - Request for compute_price, request: items=[PriceRequestItem(product_id='4cc0770f-91bc-4c0d-a26f-7b872f02ca94', qty=2), PriceRequestItem(product_id='b2926dc2-cc6d-4c3e-ae40-7a127c173b16', qty=3)] promo_codes=['PROMO10'] currency='USD' only_final_price=False
2026-08-17 15:44:42,222 - INFO - Request for compute_price successfully processed, result: items=[PriceResponseItem(product_id='4cc0770f-91bc-4c0d-a26f-7b872f02ca94', qty=2, unit_price=2000.0, line_total=3600.0, discounts=400.0), PriceResponseItem(product_id='b2926dc2-cc6d-4c3e-ae40-7a127c173b16', qty=3, unit_price=200.0, line_total=540.0, discounts=60.0)] subtotal=4600.0 total_discount=460.0 total=4140.0 currency='USD' total_input_tokens=0 total_output_tokens=0 total_llm_calls=0, request: items=[PriceRequestItem(product_id='4cc0770f-91bc-4c0d-a26f-7b872f02ca94', qty=2), PriceRequestItem(product_id='b2926dc2-cc6d-4c3e-ae40-7a127c173b16', qty=3)] promo_codes=['PROMO10'] currency='USD' only_final_price=False
2026-08-17 15:44:42,231 - INFO - Request for compute_price, request: items=[PriceRequestItem(product_id='4cc0770f-91bc-4c0d-a26f-7b872f02ca94', qty=2), PriceRequestItem(product_id='b2926dc2-cc6d-4c3e-ae40-7a127c173b16', qty=3)] promo_codes=['PROMO10'] currency='USD' only_final_price=False
2026-08-17 15:44:42,232 - INFO - Request for compute_price successfully processed, result: items=[PriceResponseItem(product_id='4cc0770f-91bc-4c0d-a26f-7b872f02ca94', qty=2, unit_price=2001.0, line_total=3601.8, discounts=400.2), PriceResponseItem(product_id='b2926dc2-cc6d-4c3e-ae40-7a127c173b16', qty=3, unit_price=200.0, line_total=540.0, discounts=60.0)] subtotal=4602.0 total_discount=460.2 total=4141.8 currency='USD' total_input_tokens=0 total_output_tokens=0 total_llm_calls=0, request: items=[PriceRequestItem(product_id='4cc0770f-91bc-4c0d-a26f-7b872f02ca94', qty=2), PriceRequestItem(product_id='b2926dc2-cc6d-4c3e-ae40-7a127c173b16', qty=3)] promo_codes=['PROMO10'] currency='USD' only_final_price=False
2026-08-17 15:44:42,239 - INFO - Request for compute_price, request: items=[PriceRequestItem(product_id='4cc0770f-91bc-4c0d-a26f-7b872f02ca94', qty=2), PriceRequestItem(product_id='b2926dc2-cc6d-4c3e-ae40-7a127c173b16', qty=3)] promo_codes=['PROMO10'] currency='USD' only_final_price=False
2026-08-17 15:44:42,241 - INFO - Request for compute_price successfully processed, result: items=[PriceResponseItem(product_id='4cc0770f-91bc-4c0d-a26f-7b872f02ca94', qty=2, unit_price=2002.0, line_total=3603.6, discounts=400.4), PriceResponseItem(product_id='b2926dc2-cc6d-4c3e-ae40-7a127c173b16', qty=3, unit_price=200.0, line_total=540.0, discounts=60.0)] subtotal=4604.0 total_discount=460.4 total=4143.6 currency='USD' total_input_tokens=0 total_output_tokens=0 total_llm_calls=0, request: items=[PriceRequestItem(product_id='4cc0770f-91bc-4c0d-a26f-7b872f02ca94', qty=2), PriceRequestItem(product_id='b2926dc2-cc6d-4c3e-ae40-7a127c173b16', qty=3)] promo_codes=['PROMO10'] currency='USD' only_final_price=False
2026-08-17 15:44:42,249 - INFO - Request for compute_price, request: items=[PriceRequestItem(product_id='4cc0770f-91bc-4c0d-a26f-7b872f02ca94', qty=2), PriceRequestItem(product_id='b2926dc2-cc6d-4c3e-ae40-7a127c173b16', qty=3)] promo_codes=['PROMO10'] currency='USD' only_final_price=False
2026-08-17 15:44:42,250 - INFO - Request for compute_price successfully processed, result: items=[PriceResponseItem(product_id='4cc0770f-91bc-4c0d-a26f-7b872f02ca94', qty=2, unit_price=2003.0, line_total=3605.4, discounts=400.6), PriceResponseItem(product_id='b2926dc2-cc6d-4c3e-ae40-7a127c173b16', qty=3, unit_price=200.0, line_total=540.0, discounts=60.0)] subtotal=4606.0 total_discount=460.6 total=4145.4 currency='USD' total_input_tokens=0 total_output_tokens=0 total_llm_calls=0, request: items=[PriceRequestItem(product_id='4cc0770f-91bc-4c0d-a26f-7b872f02ca94', qty=2), PriceRequestItem(product_id='b2926dc2-cc6d-4c3e-ae40-7a127c173b16', qty=3)] promo_codes=['PROMO10'] currency='USD' only_final_price=False
2026-08-17 15:44:42,259 - INFO - Request for compute_price, request: items=[PriceRequestItem(product_id='4cc0770f-91bc-4c0d-a26f-7b872f02ca94', qty=2), PriceRequestItem(product_id='b2926dc2-cc6d-4c3e-ae40-7a127c173b16', qty=3)] promo_codes=['PROMO10'] currency='USD' only_final_price=False
2026-08-17 15:44:42,260 - INFO - Request for compute_price successfully processed, result: items=[PriceResponseItem(product_id='4cc0770f-91bc-4c0d-a26f-7b872f02ca94', qty=2, unit_price=2004.0, line_total=3607.2, discounts=400.8), PriceResponseItem(product_id='b2926dc2-cc6d-4c3e-ae40-7a127c173b16', qty=3, unit_price=200.0, line_total=540.0, discounts=60.0)] subtotal=4608.0 total_discount=460.8 total=4147.2 currency='USD' total_input_tokens=0 total_output_tokens=0 total_llm_calls=0, request: items=[PriceRequestItem(product_id='4cc0770f-91bc-4c0d-a26f-7b872f02ca94', qty=2), PriceRequestItem(product_id='b2926dc2-cc6d-4c3e-ae40-7a127c173b16', qty=3)] promo_codes=['PROMO10'] currency='USD' only_final_price=False
2026-08-17 15:44:42,268 - INFO - Request for compute_price, request: items=[PriceRequestItem(product_id='4cc0770f-91bc-4c0d-a26f-7b872f02ca94', qty=2), PriceRequestItem(product_id='b2926dc2-cc6d-4c3e-ae40-7a127c173b16', qty=3)] promo_codes=['PROMO10'] currency='USD' only_final_price=False
2026-08-17 15:44:42,269 - INFO - Request for compute_price successfully processed, result: items=[PriceResponseItem(product_id='4cc0770f-91bc-4c0d-a26f-7b872f02ca94', qty=2, unit_price=2005.0, line_total=3609.0, discounts=401.0), PriceResponseItem(product_id='b2926dc2-cc6d-4c3e-ae40-7a127c173b16', qty=3, unit_price=200.0, line_total=540.0, discounts=60.0)] subtotal=4610.0 total_discount=461.0 total=4149.0 currency='USD' total_input_tokens=0 total_output_tokens=0 total_llm_calls=0, request: items=[PriceRequestItem(product_id='4cc0770f-91bc-4c0d-a26f-7b872f02ca94', qty=2), PriceRequestItem(product_id='b2926dc2-cc6d-4c3e-ae40-7a127c173b16', qty=3)] promo_codes=['PROMO10'] currency='USD' only_final_price=False
2026-08-17 15:44:42,276 - INFO - Request for compute_price, request: items=[PriceRequestItem(product_id='4cc0770f-91bc-4c0d-a26f-7b872f02ca94', qty=2), PriceRequestItem(product_id='b2926dc2-cc6d-4c3e-ae40-7a127c173b16', qty=3)] promo_codes=['PROMO10'] currency='USD' only_final_price=False
2026-08-17 15:44:42,278 - INFO - Request for compute_price successfully processed, result: items=[PriceResponseItem(product_id='4cc0770f-91bc-4c0d-a26f-7b872f02ca94', qty=2, unit_price=2006.0, line_total=3610.8, discounts=401.2), PriceResponseItem(product_id='b2926dc2-cc6d-4c3e-ae40-7a127c173b16', qty=3, unit_price=200.0, line_total=540.0, discounts=60.0)] subtotal=4612.0 total_discount=461.2 total=4150.8 currency='USD' total_input_tokens=0 total_output_tokens=0 total_llm_calls=0, request: items=[PriceRequestItem(product_id='4cc0770f-91bc-4c0d-a26f-7b872f02ca94', qty=2), PriceRequestItem(product_id='b2926dc2-cc6d-4c3e-ae40-7a127c173b16', qty=3)] promo_codes=['PROMO10'] currency='USD' only_final_price=False
2026-08-17 15:44:42,286 - INFO - Request for compute_price, request: items=[PriceRequestItem(product_id='4cc0770f-91bc-4c0d-a26f-7b872f02ca94', qty=2), PriceRequestItem(product_id='b2926dc2-cc6d-4c3e-ae40-7a127c173b16', qty=3)] promo_codes=['PROMO10'] currency='USD' only_final_price=False
2026-08-17 15:44:42,287 - INFO - Request for compute_price successfully processed, result: items=[PriceResponseItem(product_id='4cc0770f-91bc-4c0d-a26f-7b872f02ca94', qty=2, unit_price=2007.0, line_total=3612.6, discounts=401.4), PriceResponseItem(product_id='b2926dc2-cc6d-4c3e-ae40-7a127c173b16', qty=3, unit_price=200.0, line_total=540.0, discounts=60.0)] subtotal=4614.0 total_discount=461.4 total=4152.6 currency='USD' total_input_tokens=0 total_output_tokens=0 total_llm_calls=0, request: items=[PriceRequestItem(product_id='4cc0770f-91bc-4c0d-a26f-7b872f02ca94', qty=2), PriceRequestItem(product_id='b2926dc2-cc6d-4c3e-ae40-7a127c173b16', qty=3)] promo_codes=['PROMO10'] currency='USD' only_final_price=False
2026-08-17 15:44:42,295 - INFO - Request for compute_price, request: items=[PriceRequestItem(product_id='4cc0770f-91bc-4c0d-a26f-7b872f02ca94', qty=2), PriceRequestItem(product_id='b2926dc2-cc6d-4c3e-ae40-7a127c173b16', qty=3)] promo_codes=['PROMO10'] currency='USD' only_final_price=False
2026-08-17 15:44:42,296 - INFO - Request for compute_price successfully processed, result: items=[PriceResponseItem(product_id='4cc0770f-91bc-4c0d-a26f-7b872f02ca94', qty=2, unit_price=2008.0, line_total=3614.4, discounts=401.6), PriceResponseItem(product_id='b2926dc2-cc6d-4c3e-ae40-7a127c173b16', qty=3, unit_price=200.0, line_total=540.0, discounts=60.0)] subtotal=4616.0 total_discount=461.6 total=4154.4 currency='USD' total_input_tokens=0 total_output_tokens=0 total_llm_calls=0, request: items=[PriceRequestItem(product_id='4cc0770f-91bc-4c0d-a26f-7b872f02ca94', qty=2), PriceRequestItem(product_id='b2926dc2-cc6d-4c3e-ae40-7a127c173b16', qty=3)] promo_codes=['PROMO10'] currency='USD' only_final_price=False
2026-08-17 15:44:42,304 - INFO - Request for compute_price, request: items=[PriceRequestItem(product_id='4cc0770f-91bc-4c0d-a26f-7b872f02ca94', qty=2), PriceRequestItem(product_id='b2926dc2-cc6d-4c3e-ae40-7a127c173b16', qty=3)] promo_codes=['PROMO10'] currency='USD' only_final_price=False
2026-08-17 15:44:42,306 - INFO - Request for compute_price successfully processed, result: items=[PriceResponseItem(product_id='4cc0770f-91bc-4c0d-a26f-7b872f02ca94', qty=2, unit_price=2009.0, line_total=3616.2, discounts=401.8), PriceResponseItem(product_id='b2926dc2-cc6d-4c3e-ae40-7a127c173b16', qty=3, unit_price=200.0, line_total=540.0, discounts=60.0)] subtotal=4618.0 total_discount=461.8 total=4156.2 currency='USD' total_input_tokens=0 total_output_tokens=0 total_llm_calls=0, request: items=[PriceRequestItem(product_id='4cc0770f-91bc-4c0d-a26f-7b872f02ca94', qty=2), PriceRequestItem(product_id='b2926dc2-cc6d-4c3e-ae40-7a127c173b16', qty=3)] promo_codes=['PROMO10'] currency='USD' only_final_price=False
2026-08-17 15:44:42,314 - INFO - Request for compute_price, request: items=[PriceRequestItem(product_id='4cc0770f-91bc-4c0d-a26f-7b872f02ca94', qty=2), PriceRequestItem(product_id='b2926dc2-cc6d-4c3e-ae40-7a127c173b16', qty=3)] promo_codes=['PROMO10'] currency='USD' only_final_price=False
2026-08-17 15:44:42,315 - INFO - Request for compute_price successfully processed, result: items=[PriceResponseItem(product_id='4cc0770f-91bc-4c0d-a26f-7b872f02ca94', qty=2, unit_price=2000.0, line_total=3600.0, discounts=400.0), PriceResponseItem(product_id='b2926dc2-cc6d-4c3e-ae40-7a127c173b16', qty=3, unit_price=200.0, line_total=540.0, discounts=60.0)] subtotal=4600.0 total_discount=460.0 total=4140.0 currency='USD' total_input_tokens=0 total_output_tokens=0 total_llm_calls=0, request: items=[PriceRequestItem(product_id='4cc0770f-91bc-4c0d-a26f-7b872f02ca94', qty=2), PriceRequestItem(product_id='b2926dc2-cc6d-4c3e-ae40-7a127c173b16', qty=3)] promo_codes=['PROMO10'] currency='USD' only_final_price=False
2026-08-17 15:44:42,324 - INFO - Request for compute_price, request: items=[PriceRequestItem(product_id='4cc0770f-91bc-4c0d-a26f-7b872f02ca94', qty=2), PriceRequestItem(product_id='b2926dc2-cc6d-4c3e-ae40-7a127c173b16', qty=3)] promo_codes=['PROMO10'] currency='USD' only_final_price=False
2026-08-17 15:44:42,325 - INFO - Request for compute_price successfully processed, result: items=[PriceResponseItem(product_id='4cc0770f-91bc-4c0d-a26f-7b872f02ca94', qty=2, unit_price=2001.0, line_total=3601.8, discounts=400.2), PriceResponseItem(product_id='b2926dc2-cc6d-4c3e-ae40-7a127c173b16', qty=3, unit_price=200.0, line_total=540.0, discounts=60.0)] subtotal=4602.0 total_discount=460.2 total=4141.8 currency='USD' total_input_tokens=0 total_output_tokens=0 total_llm_calls=0, request: items=[PriceRequestItem(product_id='4cc0770f-91bc-4c0d-a26f-7b872f02ca94', qty=2), PriceRequestItem(product_id='b2926dc2-cc6d-4c3e-ae40-7a127c173b16', qty=3)] promo_codes=['PROMO10'] currency='USD' only_final_price=False
2026-08-17 15:44:42,337 - INFO - Request for compute_price, request: items=[PriceRequestItem(product_id='4cc0770f-91bc-4c0d-a26f-7b872f02ca94', qty=2), PriceRequestItem(product_id='b2926dc2-cc6d-4c3e-ae40-7a127c173b16', qty=3)] promo_codes=['PROMO10'] currency='USD' only_final_price=False
2026-08-17 15:44:42,338 - INFO - Request for compute_price successfully processed, result: items=[PriceResponseItem(product_id='4cc0770f-91bc-4c0d-a26f-7b872f02ca94', qty=2, unit_price=2002.0, line_total=3603.6, discounts=400.4), PriceResponseItem(product_id='b2926dc2-cc6d-4c3e-ae40-7a127c173b16', qty=3, unit_price=200.0, line_total=540.0, discounts=60.0)] subtotal=4604.0 total_discount=460.4 total=4143.6 currency='USD' total_input_tokens=0 total_output_tokens=0 total_llm_calls=0, request: items=[PriceRequestItem(product_id='4cc0770f-91bc-4c0d-a26f-7b872f02ca94', qty=2), PriceRequestItem(product_id='b2926dc2-cc6d-4c3e-ae40-7a127c173b16', qty=3)] promo_codes=['PROMO10'] currency='USD' only_final_price=False
2026-08-17 15:44:42,361 - INFO - Request for compute_price, request: items=[PriceRequestItem(product_id='4cc0770f-91bc-4c0d-a26f-7b872f02ca94', qty=2), PriceRequestItem(product_id='b2926dc2-cc6d-4c3e-ae40-7a127c173b16', qty=3)] promo_codes=['PROMO10'] currency='USD' only_final_price=False
2026-08-17 15:44:42,363 - INFO - Request for compute_price successfully processed, result: items=[PriceResponseItem(product_id='4cc0770f-91bc-4c0d-a26f-7b872f02ca94', qty=2, unit_price=2003.0, line_total=3605.4, discounts=400.6), PriceResponseItem(product_id='b2926dc2-cc6d-4c3e-ae40-7a127c173b16', qty=3, unit_price=200.0, line_total=540.0, discounts=60.0)] subtotal=4606.0 total_discount=460.6 total=4145.4 currency='USD' total_input_tokens=0 total_output_tokens=0 total_llm_calls=0, request: items=[PriceRequestItem(product_id='4cc0770f-91bc-4c0d-a26f-7b872f02ca94', qty=2), PriceRequestItem(product_id='b2926dc2-cc6d-4c3e-ae40-7a127c173b16', qty=3)] promo_codes=['PROMO10'] currency='USD' only_final_price=False
2026-08-17 15:44:42,372 - INFO - Request for compute_price, request: items=[PriceRequestItem(product_id='4cc0770f-91bc-4c0d-a26f-7b872f02ca94', qty=2), PriceRequestItem(product_id='b2926dc2-cc6d-4c3e-ae40-7a127c173b16', qty=3)] promo_codes=['PROMO10'] currency='USD' only_final_price=False
2026-08-17 15:44:42,375 - INFO - Request for compute_price successfully processed, result: items=[PriceResponseItem(product_id='4cc0770f-91bc-4c0d-a26f-7b872f02ca94', qty=2, unit_price=2004.0, line_total=3607.2, discounts=400.8), PriceResponseItem(product_id='b2926dc2-cc6d-4c3e-ae40-7a127c173b16', qty=3, unit_price=200.0, line_total=540.0, discounts=60.0)] subtotal=4608.0 total_discount=460.8 total=4147.2 currency='USD' total_input_tokens=0 total_output_tokens=0 total_llm_calls=0, request: items=[PriceRequestItem(product_id='4cc0770f-91bc-4c0d-a26f-7b872f02ca94', qty=2), PriceRequestItem(product_id='b2926dc2-cc6d-4c3e-ae40-7a127c173b16', qty=3)] promo_codes=['PROMO10'] currency='USD' only_final_price=False
2026-08-17 15:44:42,383 - INFO - Request for compute_price, request: items=[PriceRequestItem(product_id='4cc0770f-91bc-4c0d-a26f-7b872f02ca94', qty=2), PriceRequestItem(product_id='b2926dc2-cc6d-4c3e-ae40-7a127c173b16', qty=3)] promo_codes=['PROMO10'] currency='USD' only_final_price=False
2026-08-17 15:44:42,385 - INFO - Request for compute_price successfully processed, result: items=[PriceResponseItem(product_id='4cc0770f-91bc-4c0d-a26f-7b872f02ca94', qty=2, unit_price=2005.0, line_total=3609.0, discounts=401.0), PriceResponseItem(product_id='b2926dc2-cc6d-4c3e-ae40-7a127c173b16', qty=3, unit_price=200.0, line_total=540.0, discounts=60.0)] subtotal=4610.0 total_discount=461.0 total=4149.0 currency='USD' total_input_tokens=0 total_output_tokens=0 total_llm_calls=0, request: items=[PriceRequestItem(product_id='4cc0770f-91bc-4c0d-a26f-7b872f02ca94', qty=2), PriceRequestItem(product_id='b2926dc2-cc6d-4c3e-ae40-7a127c173b16', qty=3)] promo_codes=['PROMO10'] currency='USD' only_final_price=False
2026-08-17 15:44:42,394 - INFO - Request for compute_price, request: items=[PriceRequestItem(product_id='4cc0770f-91bc-4c0d-a26f-7b872f02ca94', qty=2), PriceRequestItem(product_id='b2926dc2-cc6d-4c3e-ae40-7a127c173b16', qty=3)] promo_codes=['PROMO10'] currency='USD' only_final_price=False
2026-08-17 15:44:42,396 - INFO - Request for compute_price successfully processed, result: items=[PriceResponseItem(product_id='4cc0770f-91bc-4c0d-a26f-7b872f02ca94', qty=2, unit_price=2006.0, line_total=3610.8, discounts=401.2), PriceResponseItem(product_id='b2926dc2-cc6d-4c3e-ae40-7a127c173b16', qty=3, unit_price=200.0, line_total=540.0, discounts=60.0)] subtotal=4612.0 total_discount=461.2 total=4150.8 currency='USD' total_input_tokens=0 total_output_tokens=0 total_llm_calls=0, request: items=[PriceRequestItem(product_id='4cc0770f-91bc-4c0d-a26f-7b872f02ca94', qty=2), PriceRequestItem(product_id='b2926dc2-cc6d-4c3e-ae40-7a127c173b16', qty=3)] promo_codes=['PROMO10'] currency='USD' only_final_price=False
2026-08-17 15:44:42,406 - INFO - Request for compute_price, request: items=[PriceRequestItem(product_id='4cc0770f-91bc-4c0d-a26f-7b872f02ca94', qty=2), PriceRequestItem(product_id='b2926dc2-cc6d-4c3e-ae40-7a127c173b16', qty=3)] promo_codes=['PROMO10'] currency='USD' only_final_price=False
2026-08-17 15:44:42,408 - INFO - Request for compute_price successfully processed, result: items=[PriceResponseItem(product_id='4cc0770f-91bc-4c0d-a26f-7b872f02ca94', qty=2, unit_price=2007.0, line_total=3612.6, discounts=401.4), PriceResponseItem(product_id='b2926dc2-cc6d-4c3e-ae40-7a127c173b16', qty=3, unit_price=200.0, line_total=540.0, discounts=60.0)] subtotal=4614.0 total_discount=461.4 total=4152.6 currency='USD' total_input_tokens=0 total_output_tokens=0 total_llm_calls=0, request: items=[PriceRequestItem(product_id='4cc0770f-91bc-4c0d-a26f-7b872f02ca94', qty=2), PriceRequestItem(product_id='b2926dc2-cc6d-4c3e-ae40-7a127c173b16', qty=3)] promo_codes=['PROMO10'] currency='USD' only_final_price=False
2026-08-17 15:44:42,420 - INFO - Request for compute_price, request: items=[PriceRequestItem(product_id='4cc0770f-91bc-4c0d-a26f-7b872f02ca94', qty=2), PriceRequestItem(product_id='b2926dc2-cc6d-4c3e-ae40-7a127c173b16', qty=3)] promo_codes=['PROMO10'] currency='USD' only_final_price=False
2026-08-17 15:44:42,421 - INFO - Request for compute_price successfully processed, result: items=[PriceResponseItem(product_id='4cc0770f-91bc-4c0d-a26f-7b872f02ca94', qty=2, unit_price=2008.0, line_total=3614.4, discounts=401.6), PriceResponseItem(product_id='b2926dc2-cc6d-4c3e-ae40-7a127c173b16', qty=3, unit_price=200.0, line_total=540.0, discounts=60.0)] subtotal=4616.0 total_discount=461.6 total=4154.4 currency='USD' total_input_tokens=0 total_output_tokens=0 total_llm_calls=0, request: items=[PriceRequestItem(product_id='4cc0770f-91bc-4c0d-a26f-7b872f02ca94', qty=2), PriceRequestItem(product_id='b2926dc2-cc6d-4c3e-ae40-7a127c173b16', qty=3)] promo_codes=['PROMO10'] currency='USD' only_final_price=False
2026-08-17 15:44:42,430 - INFO - Request for compute_price, request: items=[PriceRequestItem(product_id='4cc0770f-91bc-4c0d-a26f-7b872f02ca94', qty=2), PriceRequestItem(product_id='b2926dc2-cc6d-4c3e-ae40-7a127c173b16', qty=3)] promo_codes=['PROMO10'] currency='USD' only_final_price=False
2026-08-17 15:44:42,431 - INFO - Request for compute_price successfully processed, result: items=[PriceResponseItem(product_id='4cc0770f-91bc-4c0d-a26f-7b872f02ca94', qty=2, unit_price=2009.0, line_total=3616.2, discounts=401.8), PriceResponseItem(product_id='b2926dc2-cc6d-4c3e-ae40-7a127c173b16', qty=3, unit_price=200.0, line_total=540.0, discounts=60.0)] subtotal=4618.0 total_discount=461.8 total=4156.2 currency='USD' total_input_tokens=0 total_output_tokens=0 total_llm_calls=0, request: items=[PriceRequestItem(product_id='4cc0770f-91bc-4c0d-a26f-7b872f02ca94', qty=2), PriceRequestItem(product_id='b2926dc2-cc6d-4c3e-ae40-7a127c173b16', qty=3)] promo_codes=['PROMO10'] currency='USD' only_final_price=False
2026-08-17 15:44:42,440 - INFO - Request for compute_price, request: items=[PriceRequestItem(product_id='4cc0770f-91bc-4c0d-a26f-7b872f02ca94', qty=2), PriceRequestItem(product_id='b2926dc2-cc6d-4c3e-ae40-7a127c173b16', qty=3)] promo_codes=['PROMO10'] currency='USD' only_final_price=False
2026-08-17 15:44:42,441 - INFO - Request for compute_price successfully processed, result: items=[PriceResponseItem(product_id='4cc0770f-91bc-4c0d-a26f-7b872f02ca94', qty=2, unit_price=2000.0, line_total=3600.0, discounts=400.0), PriceResponseItem(product_id='b2926dc2-cc6d-4c3e-ae40-7a127c173b16', qty=3, unit_price=200.0, line_total=540.0, discounts=60.0)] subtotal=4600.0 total_discount=460.0 total=4140.0 currency='USD' total_input_tokens=0 total_output_tokens=0 total_llm_calls=0, request: items=[PriceRequestItem(product_id='4cc0770f-91bc-4c0d-a26f-7b872f02ca94', qty=2), PriceRequestItem(product_id='b2926dc2-cc6d-4c3e-ae40-7a127c173b16', qty=3)] promo_codes=['PROMO10'] currency='USD' only_final_price=False
2026-08-17 15:44:42,449 - INFO - Request for compute_price, request: items=[PriceRequestItem(product_id='4cc0770f-91bc-4c0d-a26f-7b872f02ca94', qty=2), PriceRequestItem(product_id='b2926dc2-cc6d-4c3e-ae40-7a127c173b16', qty=3)] promo_codes=['PROMO10'] currency='USD' only_final_price=False
2026-08-17 15:44:42,451 - INFO - Request for compute_price successfully processed, result: items=[PriceResponseItem(product_id='4cc0770f-91bc-4c0d-a26f-7b872f02ca94', qty=2, unit_price=2001.0, line_total=3601.8, discounts=400.2), PriceResponseItem(product_id='b2926dc2-cc6d-4c3e-ae40-7a127c173b16', qty=3, unit_price=200.0, line_total=540.0, discounts=60.0)] subtotal=4602.0 total_discount=460.2 total=4141.8 currency='USD' total_input_tokens=0 total_output_tokens=0 total_llm_calls=0, request: items=[PriceRequestItem(product_id='4cc0770f-91bc-4c0d-a26f-7b872f02ca94', qty=2), PriceRequestItem(product_id='b2926dc2-cc6d-4c3e-ae40-7a127c173b16', qty=3)] promo_codes=['PROMO10'] currency='USD' only_final_price=False
2026-08-17 15:44:42,458 - INFO - Request for compute_price, request: items=[PriceRequestItem(product_id='4cc0770f-91bc-4c0d-a26f-7b872f02ca94', qty=2), PriceRequestItem(product_id='b2926dc2-cc6d-4c3e-ae40-7a127c173b16', qty=3)] promo_codes=['PROMO10'] currency='USD' only_final_price=False
2026-08-17 15:44:42,460 - INFO - Request for compute_price successfully processed, result: items=[PriceResponseItem(product_id='4cc0770f-91bc-4c0d-a26f-7b872f02ca94', qty=2, unit_price=2002.0, line_total=3603.6, discounts=400.4), PriceResponseItem(product_id='b2926dc2-cc6d-4c3e-ae40-7a127c173b16', qty=3, unit_price=200.0, line_total=540.0, discounts=60.0)] subtotal=4604.0 total_discount=460.4 total=4143.6 currency='USD' total_input_tokens=0 total_output_tokens=0 total_llm_calls=0, request: items=[PriceRequestItem(product_id='4cc0770f-91bc-4c0d-a26f-7b872f02ca94', qty=2), PriceRequestItem(product_id='b2926dc2-cc6d-4c3e-ae40-7a127c173b16', qty=3)] promo_codes=['PROMO10'] currency='USD' only_final_price=False
2026-08-17 15:44:42,467 - INFO - Request for compute_price, request: items=[PriceRequestItem(product_id='4cc0770f-91bc-4c0d-a26f-7b872f02ca94', qty=2), PriceRequestItem(product_id='b2926dc2-cc6d-4c3e-ae40-7a127c173b16', qty=3)] promo_codes=['PROMO10'] currency='USD' only_final_price=False
2026-08-17 15:44:42,468 - INFO - Request for compute_price successfully processed, result: items=[PriceResponseItem(product_id='4cc0770f-91bc-4c0d-a26f-7b872f02ca94', qty=2, unit_price=2003.0, line_total=3605.4, discounts=400.6), PriceResponseItem(product_id='b2926dc2-cc6d-4c3e-ae40-7a127c173b16', qty=3, unit_price=200.0, line_total=540.0, discounts=60.0)] subtotal=4606.0 total_discount=460.6 total=4145.4 currency='USD' total_input_tokens=0 total_output_tokens=0 total_llm_calls=0, request: items=[PriceRequestItem(product_id='4cc0770f-91bc-4c0d-a26f-7b872f02ca94', qty=2), PriceRequestItem(product_id='b2926dc2-cc6d-4c3e-ae40-7a127c173b16', qty=3)] promo_codes=['PROMO10'] currency='USD' only_final_price=False
2026-08-17 15:44:42,476 - INFO - Request for compute_price, request: items=[PriceRequestItem(product_id='4cc0770f-91bc-4c0d-a26f-7b872f02ca94', qty=2), PriceRequestItem(product_id='b2926dc2-cc6d-4c3e-ae40-7a127c173b16', qty=3)] promo_codes=['PROMO10'] currency='USD' only_final_price=False
2026-08-17 15:44:42,478 - INFO - Request for compute_price successfully processed, result: items=[PriceResponseItem(product_id='4cc0770f-91bc-4c0d-a26f-7b872f02ca94', qty=2, unit_price=2004.0, line_total=3607.2, discounts=400.8), PriceResponseItem(product_id='b2926dc2-cc6d-4c3e-ae40-7a127c173b16', qty=3, unit_price=200.0, line_total=540.0, discounts=60.0)] subtotal=4608.0 total_discount=460.8 total=4147.2 currency='USD' total_input_tokens=0 total_output_tokens=0 total_llm_calls=0, request: items=[PriceRequestItem(product_id='4cc0770f-91bc-4c0d-a26f-7b872f02ca94', qty=2), PriceRequestItem(product_id='b2926dc2-cc6d-4c3e-ae40-7a127c173b16', qty=3)] promo_codes=['PROMO10'] currency='USD' only_final_price=False
2026-08-17 15:44:42,485 - INFO - Request for compute_price, request: items=[PriceRequestItem(product_id='4cc0770f-91bc-4c0d-a26f-7b872f02ca94', qty=2), PriceRequestItem(product_id='b2926dc2-cc6d-4c3e-ae40-7a127c173b16', qty=3)] promo_codes=['PROMO10'] currency='USD' only_final_price=False
2026-08-17 15:44:42,487 - INFO - Request for compute_price successfully processed, result: items=[PriceResponseItem(product_id='4cc0770f-91bc-4c0d-a26f-7b872f02ca94', qty=2, unit_price=2005.0, line_total=3609.0, discounts=401.0), PriceResponseItem(product_id='b2926dc2-cc6d-4c3e-ae40-7a127c173b16', qty=3, unit_price=200.0, line_total=540.0, discounts=60.0)] subtotal=4610.0 total_discount=461.0 total=4149.0 currency='USD' total_input_tokens=0 total_output_tokens=0 total_llm_calls=0, request: items=[PriceRequestItem(product_id='4cc0770f-91bc-4c0d-a26f-7b872f02ca94', qty=2), PriceRequestItem(product_id='b2926dc2-cc6d-4c3e-ae40-7a127c173b16', qty=3)] promo_codes=['PROMO10'] currency='USD' only_final_price=False
2026-08-17 15:44:42,496 - INFO - Request for compute_price, request: items=[PriceRequestItem(product_id='4cc0770f-91bc-4c0d-a26f-7b872f02ca94', qty=2), PriceRequestItem(product_id='b2926dc2-cc6d-4c3e-ae40-7a127c173b16', qty=3)] promo_codes=['PROMO10'] currency='USD' only_final_price=False
2026-08-17 15:44:42,497 - INFO - Request for compute_price successfully processed, result: items=[PriceResponseItem(product_id='4cc0770f-91bc-4c0d-a26f-7b872f02ca94', qty=2, unit_price=2006.0, line_total=3610.8, discounts=401.2), PriceResponseItem(product_id='b2926dc2-cc6d-4c3e-ae40-7a127c173b16', qty=3, unit_price=200.0, line_total=540.0, discounts=60.0)] subtotal=4612.0 total_discount=461.2 total=4150.8 currency='USD' total_input_tokens=0 total_output_tokens=0 total_llm_calls=0, request: items=[PriceRequestItem(product_id='4cc0770f-91bc-4c0d-a26f-7b872f02ca94', qty=2), PriceRequestItem(product_id='b2926dc2-cc6d-4c3e-ae40-7a127c173b16', qty=3)] promo_codes=['PROMO10'] currency='USD' only_final_price=False
2026-08-17 15:44:42,505 - INFO - Request for compute_price, request: items=[PriceRequestItem(product_id='4cc0770f-91bc-4c0d-a26f-7b872f02ca94', qty=2), PriceRequestItem(product_id='b2926dc2-cc6d-4c3e-ae40-7a127c173b16', qty=3)] promo_codes=['PROMO10'] currency='USD' only_final_price=False
2026-08-17 15:44:42,506 - INFO - Request for compute_price successfully processed, result: items=[PriceResponseItem(product_id='4cc0770f-91bc-4c0d-a26f-7b872f02ca94', qty=2, unit_price=2007.0, line_total=3612.6, discounts=401.4), PriceResponseItem(product_id='b2926dc2-cc6d-4c3e-ae40-7a127c173b16', qty=3, unit_price=200.0, line_total=540.0, discounts=60.0)] subtotal=4614.0 total_discount=461.4 total=4152.6 currency='USD' total_input_tokens=0 total_output_tokens=0 total_llm_calls=0, request: items=[PriceRequestItem(product_id='4cc0770f-91bc-4c0d-a26f-7b872f02ca94', qty=2), PriceRequestItem(product_id='b2926dc2-cc6d-4c3e-ae40-7a127c173b16', qty=3)] promo_codes=['PROMO10'] currency='USD' only_final_price=False
2026-08-17 15:44:42,514 - INFO - Request for compute_price, request: items=[PriceRequestItem(product_id='4cc0770f-91bc-4c0d-a26f-7b872f02ca94', qty=2), PriceRequestItem(product_id='b2926dc2-cc6d-4c3e-ae40-7a127c173b16', qty=3)] promo_codes=['PROMO10'] currency='USD' only_final_price=False
2026-08-17 15:44:42,515 - INFO - Request for compute_price successfully processed, result: items=[PriceResponseItem(product_id='4cc0770f-91bc-4c0d-a26f-7b872f02ca94', qty=2, unit_price=2008.0, line_total=3614.4, discounts=401.6), PriceResponseItem(product_id='b2926dc2-cc6d-4c3e-ae40-7a127c173b16', qty=3, unit_price=200.0, line_total=540.0, discounts=60.0)] subtotal=4616.0 total_discount=461.6 total=4154.4 currency='USD' total_input_tokens=0 total_output_tokens=0 total_llm_calls=0, request: items=[PriceRequestItem(product_id='4cc0770f-91bc-4c0d-a26f-7b872f02ca94', qty=2), PriceRequestItem(product_id='b2926dc2-cc6d-4c3e-ae40-7a127c173b16', qty=3)] promo_codes=['PROMO10'] currency='USD' only_final_price=False
2026-08-17 15:44:42,523 - INFO - Request for compute_price, request: items=[PriceRequestItem(product_id='4cc0770f-91bc-4c0d-a26f-7b872f02ca94', qty=2), PriceRequestItem(product_id='b2926dc2-cc6d-4c3e-ae40-7a127c173b16', qty=3)] promo_codes=['PROMO10'] currency='USD' only_final_price=False
2026-08-17 15:44:42,524 - INFO - Request for compute_price successfully processed, result: items=[PriceResponseItem(product_id='4cc0770f-91bc-4c0d-a26f-7b872f02ca94', qty=2, unit_price=2009.0, line_total=3616.2, discounts=401.8), PriceResponseItem(product_id='b2926dc2-cc6d-4c3e-ae40-7a127c173b16', qty=3, unit_price=200.0, line_total=540.0, discounts=60.0)] subtotal=4618.0 total_discount=461.8 total=4156.2 currency='USD' total_input_tokens=0 total_output_tokens=0 total_llm_calls=0, request: items=[PriceRequestItem(product_id='4cc0770f-91bc-4c0d-a26f-7b872f02ca94', qty=2), PriceRequestItem(product_id='b2926dc2-cc6d-4c3e-ae40-7a127c173b16', qty=3)] promo_codes=['PROMO10'] currency='USD' only_final_price=False
2026-08-17 15:44:42,532 - INFO - Request for compute_price, request: items=[PriceRequestItem(product_id='4cc0770f-91bc-4c0d-a26f-7b872f02ca94', qty=2), PriceRequestItem(product_id='b2926dc2-cc6d-4c3e-ae40-7a127c173b16', qty=3)] promo_codes=['PROMO10'] currency='USD' only_final_price=False
2026-08-17 15:44:42,534 - INFO - Request for compute_price successfully processed, result: items=[PriceResponseItem(product_id='4cc0770f-91bc-4c0d-a26f-7b872f02ca94', qty=2, unit_price=2000.0, line_total=3600.0, discounts=400.0), PriceResponseItem(product_id='b2926dc2-cc6d-4c3e-ae40-7a127c173b16', qty=3, unit_price=200.0, line_total=540.0, discounts=60.0)] subtotal=4600.0 total_discount=460.0 total=4140.0 currency='USD' total_input_tokens=0 total_output_tokens=0 total_llm_calls=0, request: items=[PriceRequestItem(product_id='4cc0770f-91bc-4c0d-a26f-7b872f02ca94', qty=2), PriceRequestItem(product_id='b2926dc2-cc6d-4c3e-ae40-7a127c173b16', qty=3)] promo_codes=['PROMO10'] currency='USD' only_final_price=False
2026-08-17 15:44:42,542 - INFO - Request for compute_price, request: items=[PriceRequestItem(product_id='4cc0770f-91bc-4c0d-a26f-7b872f02ca94', qty=2), PriceRequestItem(product_id='b2926dc2-cc6d-4c3e-ae40-7a127c173b16', qty=3)] promo_codes=['PROMO10'] currency='USD' only_final_price=False
2026-08-17 15:44:42,543 - INFO - Request for compute_price successfully processed, result: items=[PriceResponseItem(product_id='4cc0770f-91bc-4c0d-a26f-7b872f02ca94', qty=2, unit_price=2001.0, line_total=3601.8, discounts=400.2), PriceResponseItem(product_id='b2926dc2-cc6d-4c3e-ae40-7a127c173b16', qty=3, unit_price=200.0, line_total=540.0, discounts=60.0)] subtotal=4602.0 total_discount=460.2 total=4141.8 currency='USD' total_input_tokens=0 total_output_tokens=0 total_llm_calls=0, request: items=[PriceRequestItem(product_id='4cc0770f-91bc-4c0d-a26f-7b872f02ca94', qty=2), PriceRequestItem(product_id='b2926dc2-cc6d-4c3e-ae40-7a127c173b16', qty=3)] promo_codes=['PROMO10'] currency='USD' only_final_price=False
2026-08-17 15:44:42,551 - INFO - Request for compute_price, request: items=[PriceRequestItem(product_id='4cc0770f-91bc-4c0d-a26f-7b872f02ca94', qty=2), PriceRequestItem(product_id='b2926dc2-cc6d-4c3e-ae40-7a127c173b16', qty=3)] promo_codes=['PROMO10'] currency='USD' only_final_price=False
2026-08-17 15:44:42,552 - INFO - Request for compute_price successfully processed, result: items=[PriceResponseItem(product_id='4cc0770f-91bc-4c0d-a26f-7b872f02ca94', qty=2, unit_price=2002.0, line_total=3603.6, discounts=400.4), PriceResponseItem(product_id='b2926dc2-cc6d-4c3e-ae40-7a127c173b16', qty=3, unit_price=200.0, line_total=540.0, discounts=60.0)] subtotal=4604.0 total_discount=460.4 total=4143.6 currency='USD' total_input_tokens=0 total_output_tokens=0 total_llm_calls=0, request: items=[PriceRequestItem(product_id='4cc0770f-91bc-4c0d-a26f-7b872f02ca94', qty=2), PriceRequestItem(product_id='b2926dc2-cc6d-4c3e-ae40-7a127c173b16', qty=3)] promo_codes=['PROMO10'] currency='USD' only_final_price=False
2026-08-17 15:44:42,561 - INFO - Request for compute_price, request: items=[PriceRequestItem(product_id='4cc0770f-91bc-4c0d-a26f-7b872f02ca94', qty=2), PriceRequestItem(product_id='b2926dc2-cc6d-4c3e-ae40-7a127c173b16', qty=3)] promo_codes=['PROMO10'] currency='USD' only_final_price=False
2026-08-17 15:44:42,562 - INFO - Request for compute_price successfully processed, result: items=[PriceResponseItem(product_id='4cc0770f-91bc-4c0d-a26f-7b872f02ca94', qty=2, unit_price=2003.0, line_total=3605.4, discounts=400.6), PriceResponseItem(product_id='b2926dc2-cc6d-4c3e-ae40-7a127c173b16', qty=3, unit_price=200.0, line_total=540.0, discounts=60.0)] subtotal=4606.0 total_discount=460.6 total=4145.4 currency='USD' total_input_tokens=0 total_output_tokens=0 total_llm_calls=0, request: items=[PriceRequestItem(product_id='4cc0770f-91bc-4c0d-a26f-7b872f02ca94', qty=2), PriceRequestItem(product_id='b2926dc2-cc6d-4c3e-ae40-7a127c173b16', qty=3)] promo_codes=['PROMO10'] currency='USD' only_final_price=False
2026-08-17 15:44:42,569 - INFO - Request for compute_price, request: items=[PriceRequestItem(product_id='4cc0770f-91bc-4c0d-a26f-7b872f02ca94', qty=2), PriceRequestItem(product_id='b2926dc2-cc6d-4c3e-ae40-7a127c173b16', qty=3)] promo_codes=['PROMO10'] currency='USD' only_final_price=False
2026-08-17 15:44:42,571 - INFO - Request for compute_price successfully processed, result: items=[PriceResponseItem(product_id='4cc0770f-91bc-4c0d-a26f-7b872f02ca94', qty=2, unit_price=2004.0, line_total=3607.2, discounts=400.8), PriceResponseItem(product_id='b2926dc2-cc6d-4c3e-ae40-7a127c173b16', qty=3, unit_price=200.0, line_total=540.0, discounts=60.0)] subtotal=4608.0 total_discount=460.8 total=4147.2 currency='USD' total_input_tokens=0 total_output_tokens=0 total_llm_calls=0, request: items=[PriceRequestItem(product_id='4cc0770f-91bc-4c0d-a26f-7b872f02ca94', qty=2), PriceRequestItem(product_id='b2926dc2-cc6d-4c3e-ae40-7a127c173b16', qty=3)] promo_codes=['PROMO10'] currency='USD' only_final_price=False
2026-08-17 15:44:42,580 - INFO - Request for compute_price, request: items=[PriceRequestItem(product_id='4cc0770f-91bc-4c0d-a26f-7b872f02ca94', qty=2), PriceRequestItem(product_id='b2926dc2-cc6d-4c3e-ae40-7a127c173b16', qty=3)] promo_codes=['PROMO10'] currency='USD' only_final_price=False
2026-08-17 15:44:42,581 - INFO - Request for compute_price successfully processed, result: items=[PriceResponseItem(product_id='4cc0770f-91bc-4c0d-a26f-7b872f02ca94', qty=2, unit_price=2005.0, line_total=3609.0, discounts=401.0), PriceResponseItem(product_id='b2926dc2-cc6d-4c3e-ae40-7a127c173b16', qty=3, unit_price=200.0, line_total=540.0, discounts=60.0)] subtotal=4610.0 total_discount=461.0 total=4149.0 currency='USD' total_input_tokens=0 total_output_tokens=0 total_llm_calls=0, request: items=[PriceRequestItem(product_id='4cc0770f-91bc-4c0d-a26f-7b872f02ca94', qty=2), PriceRequestItem(product_id='b2926dc2-cc6d-4c3e-ae40-7a127c173b16', qty=3)] promo_codes=['PROMO10'] currency='USD' only_final_price=False
2026-08-17 15:44:42,588 - INFO - Request for compute_price, request: items=[PriceRequestItem(product_id='4cc0770f-91bc-4c0d-a26f-7b872f02ca94', qty=2), PriceRequestItem(product_id='b2926dc2-cc6d-4c3e-ae40-7a127c173b16', qty=3)] promo_codes=['PROMO10'] currency='USD' only_final_price=False
2026-08-17 15:44:42,590 - INFO - Request for compute_price successfully processed, result: items=[PriceResponseItem(product_id='4cc0770f-91bc-4c0d-a26f-7b872f02ca94', qty=2, unit_price=2006.0, line_total=3610.8, discounts=401.2), PriceResponseItem(product_id='b2926dc2-cc6d-4c3e-ae40-7a127c173b16', qty=3, unit_price=200.0, line_total=540.0, discounts=60.0)] subtotal=4612.0 total_discount=461.2 total=4150.8 currency='USD' total_input_tokens=0 total_output_tokens=0 total_llm_calls=0, request: items=[PriceRequestItem(product_id='4cc0770f-91bc-4c0d-a26f-7b872f02ca94', qty=2), PriceRequestItem(product_id='b2926dc2-cc6d-4c3e-ae40-7a127c173b16', qty=3)] promo_codes=['PROMO10'] currency='USD' only_final_price=False
2026-08-17 15:44:42,598 - INFO - Request for compute_price, request: items=[PriceRequestItem(product_id='4cc0770f-91bc-4c0d-a26f-7b872f02ca94', qty=2), PriceRequestItem(product_id='b2926dc2-cc6d-4c3e-ae40-7a127c173b16', qty=3)] promo_codes=['PROMO10'] currency='USD' only_final_price=False
2026-08-17 15:44:42,599 - INFO - Request for compute_price successfully processed, result: items=[PriceResponseItem(product_id='4cc0770f-91bc-4c0d-a26f-7b872f02ca94', qty=2, unit_price=2007.0, line_total=3612.6, discounts=401.4), PriceResponseItem(product_id='b2926dc2-cc6d-4c3e-ae40-7a127c173b16', qty=3, unit_price=200.0, line_total=540.0, discounts=60.0)] subtotal=4614.0 total_discount=461.4 total=4152.6 currency='USD' total_input_tokens=0 total_output_tokens=0 total_llm_calls=0, request: items=[PriceRequestItem(product_id='4cc0770f-91bc-4c0d-a26f-7b872f02ca94', qty=2), PriceRequestItem(product_id='b2926dc2-cc6d-4c3e-ae40-7a127c173b16', qty=3)] promo_codes=['PROMO10'] currency='USD' only_final_price=False
2026-08-17 15:44:42,607 - INFO - Request for compute_price, request: items=[PriceRequestItem(product_id='4cc0770f-91bc-4c0d-a26f-7b872f02ca94', qty=2), PriceRequestItem(product_id='b2926dc2-cc6d-4c3e-ae40-7a127c173b16', qty=3)] promo_codes=['PROMO10'] currency='USD' only_final_price=False
2026-08-17 15:44:42,608 - INFO - Request for compute_price successfully processed, result: items=[PriceResponseItem(product_id='4cc0770f-91bc-4c0d-a26f-7b872f02ca94', qty=2, unit_price=2008.0, line_total=3614.4, discounts=401.6), PriceResponseItem(product_id='b2926dc2-cc6d-4c3e-ae40-7a127c173b16', qty=3, unit_price=200.0, line_total=540.0, discounts=60.0)] subtotal=4616.0 total_discount=461.6 total=4154.4 currency='USD' total_input_tokens=0 total_output_tokens=0 total_llm_calls=0, request: items=[PriceRequestItem(product_id='4cc0770f-91bc-4c0d-a26f-7b872f02ca94', qty=2), PriceRequestItem(product_id='b2926dc2-cc6d-4c3e-ae40-7a127c173b16', qty=3)] promo_codes=['PROMO10'] currency='USD' only_final_price=False
2026-08-17 15:44:42,616 - INFO - Request for compute_price, request: items=[PriceRequestItem(product_id='4cc0770f-91bc-4c0d-a26f-7b872f02ca94', qty=2), PriceRequestItem(product_id='b2926dc2-cc6d-4c3e-ae40-7a127c173b16', qty=3)] promo_codes=['PROMO10'] currency='USD' only_final_price=False
2026-08-17 15:44:42,617 - INFO - Request for compute_price successfully processed, result: items=[PriceResponseItem(product_id='4cc0770f-91bc-4c0d-a26f-7b872f02ca94', qty=2, unit_price=2009.0, line_total=3616.2, discounts=401.8), PriceResponseItem(product_id='b2926dc2-cc6d-4c3e-ae40-7a127c173b16', qty=3, unit_price=200.0, line_total=540.0, discounts=60.0)] subtotal=4618.0 total_discount=461.8 total=4156.2 currency='USD' total_input_tokens=0 total_output_tokens=0 total_llm_calls=0, request: items=[PriceRequestItem(product_id='4cc0770f-91bc-4c0d-a26f-7b872f02ca94', qty=2), PriceRequestItem(product_id='b2926dc2-cc6d-4c3e-ae40-7a127c173b16', qty=3)] promo_codes=['PROMO10'] currency='USD' only_final_price=False
2026-08-17 15:44:42,625 - INFO - Request for compute_price, request: items=[PriceRequestItem(product_id='4cc0770f-91bc-4c0d-a26f-7b872f02ca94', qty=2), PriceRequestItem(product_id='b2926dc2-cc6d-4c3e-ae40-7a127c173b16', qty=3)] promo_codes=['PROMO10'] currency='USD' only_final_price=False
2026-08-17 15:44:42,626 - INFO - Request for compute_price successfully processed, result: items=[PriceResponseItem(product_id='4cc0770f-91bc-4c0d-a26f-7b872f02ca94', qty=2, unit_price=2000.0, line_total=3600.0, discounts=400.0), PriceResponseItem(product_id='b2926dc2-cc6d-4c3e-ae40-7a127c173b16', qty=3, unit_price=200.0, line_total=540.0, discounts=60.0)] subtotal=4600.0 total_discount=460.0 total=4140.0 currency='USD' total_input_tokens=0 total_output_tokens=0 total_llm_calls=0, request: items=[PriceRequestItem(product_id='4cc0770f-91bc-4c0d-a26f-7b872f02ca94', qty=2), PriceRequestItem(product_id='b2926dc2-cc6d-4c3e-ae40-7a127c173b16', qty=3)] promo_codes=['PROMO10'] currency='USD' only_final_price=False
2026-08-17 15:44:42,634 - INFO - Request for compute_price, request: items=[PriceRequestItem(product_id='4cc0770f-91bc-4c0d-a26f-7b872f02ca94', qty=2), PriceRequestItem(product_id='b2926dc2-cc6d-4c3e-ae40-7a127c173b16', qty=3)] promo_codes=['PROMO10'] currency='USD' only_final_price=False
2026-08-17 15:44:42,635 - INFO - Request for compute_price successfully processed, result: items=[PriceResponseItem(product_id='4cc0770f-91bc-4c0d-a26f-7b872f02ca94', qty=2, unit_price=2001.0, line_total=3601.8, discounts=400.2), PriceResponseItem(product_id='b2926dc2-cc6d-4c3e-ae40-7a127c173b16', qty=3, unit_price=200.0, line_total=540.0, discounts=60.0)] subtotal=4602.0 total_discount=460.2 total=4141.8 currency='USD' total_input_tokens=0 total_output_tokens=0 total_llm_calls=0, request: items=[PriceRequestItem(product_id='4cc0770f-91bc-4c0d-a26f-7b872f02ca94', qty=2), PriceRequestItem(product_id='b2926dc2-cc6d-4c3e-ae40-7a127c173b16', qty=3)] promo_codes=['PROMO10'] currency='USD' only_final_price=False
2026-08-17 15:44:42,643 - INFO - Request for compute_price, request: items=[PriceRequestItem(product_id='4cc0770f-91bc-4c0d-a26f-7b872f02ca94', qty=2), PriceRequestItem(product_id='b2926dc2-cc6d-4c3e-ae40-7a127c173b16', qty=3)] promo_codes=['PROMO10'] currency='USD' only_final_price=False
2026-08-17 15:44:42,645 - INFO - Request for compute_price successfully processed, result: items=[PriceResponseItem(product_id='4cc0770f-91bc-4c0d-a26f-7b872f02ca94', qty=2, unit_price=2002.0, line_total=3603.6, discounts=400.4), PriceResponseItem(product_id='b2926dc2-cc6d-4c3e-ae40-7a127c173b16', qty=3, unit_price=200.0, line_total=540.0, discounts=60.0)] subtotal=4604.0 total_discount=460.4 total=4143.6 currency='USD' total_input_tokens=0 total_output_tokens=0 total_llm_calls=0, request: items=[PriceRequestItem(product_id='4cc0770f-91bc-4c0d-a26f-7b872f02ca94', qty=2), PriceRequestItem(product_id='b2926dc2-cc6d-4c3e-ae40-7a127c173b16', qty=3)] promo_codes=['PROMO10'] currency='USD' only_final_price=False
2026-08-17 15:44:42,652 - INFO - Request for compute_price, request: items=[PriceRequestItem(product_id='4cc0770f-91bc-4c0d-a26f-7b872f02ca94', qty=2), PriceRequestItem(product_id='b2926dc2-cc6d-4c3e-ae40-7a127c173b16', qty=3)] promo_codes=['PROMO10'] currency='USD' only_final_price=False
2026-08-17 15:44:42,654 - INFO - Request for compute_price successfully processed, result: items=[PriceResponseItem(product_id='4cc0770f-91bc-4c0d-a26f-7b872f02ca94', qty=2, unit_price=2003.0, line_total=3605.4, discounts=400.6), PriceResponseItem(product_id='b2926dc2-cc6d-4c3e-ae40-7a127c173b16', qty=3, unit_price=200.0, line_total=540.0, discounts=60.0)] subtotal=4606.0 total_discount=460.6 total=4145.4 currency='USD' total_input_tokens=0 total_output_tokens=0 total_llm_calls=0, request: items=[PriceRequestItem(product_id='4cc0770f-91bc-4c0d-a26f-7b872f02ca94', qty=2), PriceRequestItem(product_id='b2926dc2-cc6d-4c3e-ae40-7a127c173b16', qty=3)] promo_codes=['PROMO10'] currency='USD' only_final_price=False
2026-08-17 15:44:42,662 - INFO - Request for compute_price, request: items=[PriceRequestItem(product_id='4cc0770f-91bc-4c0d-a26f-7b872f02ca94', qty=2), PriceRequestItem(product_id='b2926dc2-cc6d-4c3e-ae40-7a127c173b16', qty=3)] promo_codes=['PROMO10'] currency='USD' only_final_price=False
2026-08-17 15:44:42,664 - INFO - Request for compute_price successfully processed, result: items=[PriceResponseItem(product_id='4cc0770f-91bc-4c0d-a26f-7b872f02ca94', qty=2, unit_price=2004.0, line_total=3607.2, discounts=400.8), PriceResponseItem(product_id='b2926dc2-cc6d-4c3e-ae40-7a127c173b16', qty=3, unit_price=200.0, line_total=540.0, discounts=60.0)] subtotal=4608.0 total_discount=460.8 total=4147.2 currency='USD' total_input_tokens=0 total_output_tokens=0 total_llm_calls=0, request: items=[PriceRequestItem(product_id='4cc0770f-91bc-4c0d-a26f-7b872f02ca94', qty=2), PriceRequestItem(product_id='b2926dc2-cc6d-4c3e-ae40-7a127c173b16', qty=3)] promo_codes=['PROMO10'] currency='USD' only_final_price=False
2026-08-17 15:44:42,671 - INFO - Request for compute_price, request: items=[PriceRequestItem(product_id='4cc0770f-91bc-4c0d-a26f-7b872f02ca94', qty=2), PriceRequestItem(product_id='b2926dc2-cc6d-4c3e-ae40-7a127c173b16', qty=3)] promo_codes=['PROMO10'] currency='USD' only_final_price=False
2026-08-17 15:44:42,672 - INFO - Request for compute_price successfully processed, result: items=[PriceResponseItem(product_id='4cc0770f-91bc-4c0d-a26f-7b872f02ca94', qty=2, unit_price=2005.0, line_total=3609.0, discounts=401.0), PriceResponseItem(product_id='b2926dc2-cc6d-4c3e-ae40-7a127c173b16', qty=3, unit_price=200.0, line_total=540.0, discounts=60.0)] subtotal=4610.0 total_discount=461.0 total=4149.0 currency='USD' total_input_tokens=0 total_output_tokens=0 total_llm_calls=0, request: items=[PriceRequestItem(product_id='4cc0770f-91bc-4c0d-a26f-7b872f02ca94', qty=2), PriceRequestItem(product_id='b2926dc2-cc6d-4c3e-ae40-7a127c173b16', qty=3)] promo_codes=['PROMO10'] currency='USD' only_final_price=False
2026-08-17 15:44:42,680 - INFO - Request for compute_price, request: items=[PriceRequestItem(product_id='4cc0770f-91bc-4c0d-a26f-7b872f02ca94', qty=2), PriceRequestItem(product_id='b2926dc2-cc6d-4c3e-ae40-7a127c173b16', qty=3)] promo_codes=['PROMO10'] currency='USD' only_final_price=False
2026-08-17 15:44:42,682 - INFO - Request for compute_price successfully processed, result: items=[PriceResponseItem(product_id='4cc0770f-91bc-4c0d-a26f-7b872f02ca94', qty=2, unit_price=2006.0, line_total=3610.8, discounts=401.2), PriceResponseItem(product_id='b2926dc2-cc6d-4c3e-ae40-7a127c173b16', qty=3, unit_price=200.0, line_total=540.0, discounts=60.0)] subtotal=4612.0 total_discount=461.2 total=4150.8 currency='USD' total_input_tokens=0 total_output_tokens=0 total_llm_calls=0, request: items=[PriceRequestItem(product_id='4cc0770f-91bc-4c0d-a26f-7b872f02ca94', qty=2), PriceRequestItem(product_id='b2926dc2-cc6d-4c3e-ae40-7a127c173b16', qty=3)] promo_codes=['PROMO10'] currency='USD' only_final_price=False
2026-08-17 15:44:42,689 - INFO - Request for compute_price, request: items=[PriceRequestItem(product_id='4cc0770f-91bc-4c0d-a26f-7b872f02ca94', qty=2), PriceRequestItem(product_id='b2926dc2-cc6d-4c3e-ae40-7a127c173b16', qty=3)] promo_codes=['PROMO10'] currency='USD' only_final_price=False
2026-08-17 15:44:42,691 - INFO - Request for compute_price successfully processed, result: items=[PriceResponseItem(product_id='4cc0770f-91bc-4c0d-a26f-7b872f02ca94', qty=2, unit_price=2007.0, line_total=3612.6, discounts=401.4), PriceResponseItem(product_id='b2926dc2-cc6d-4c3e-ae40-7a127c173b16', qty=3, unit_price=200.0, line_total=540.0, discounts=60.0)] subtotal=4614.0 total_discount=461.4 total=4152.6 currency='USD' total_input_tokens=0 total_output_tokens=0 total_llm_calls=0, request: items=[PriceRequestItem(product_id='4cc0770f-91bc-4c0d-a26f-7b872f02ca94', qty=2), PriceRequestItem(product_id='b2926dc2-cc6d-4c3e-ae40-7a127c173b16', qty=3)] promo_codes=['PROMO10'] currency='USD' only_final_price=False
2026-08-17 15:44:42,698 - INFO - Request for compute_price, request: items=[PriceRequestItem(product_id='4cc0770f-91bc-4c0d-a26f-7b872f02ca94', qty=2), PriceRequestItem(product_id='b2926dc2-cc6d-4c3e-ae40-7a127c173b16', qty=3)] promo_codes=['PROMO10'] currency='USD' only_final_price=False
2026-08-17 15:44:42,699 - INFO - Request for compute_price successfully processed, result: items=[PriceResponseItem(product_id='4cc0770f-91bc-4c0d-a26f-7b872f02ca94', qty=2, unit_price=2008.0, line_total=3614.4, discounts=401.6), PriceResponseItem(product_id='b2926dc2-cc6d-4c3e-ae40-7a127c173b16', qty=3, unit_price=200.0, line_total=540.0, discounts=60.0)] subtotal=4616.0 total_discount=461.6 total=4154.4 currency='USD' total_input_tokens=0 total_output_tokens=0 total_llm_calls=0, request: items=[PriceRequestItem(product_id='4cc0770f-91bc-4c0d-a26f-7b872f02ca94', qty=2), PriceRequestItem(product_id='b2926dc2-cc6d-4c3e-ae40-7a127c173b16', qty=3)] promo_codes=['PROMO10'] currency='USD' only_final_price=False
2026-08-17 15:44:42,707 - INFO - Request for compute_price, request: items=[PriceRequestItem(product_id='4cc0770f-91bc-4c0d-a26f-7b872f02ca94', qty=2), PriceRequestItem(product_id='b2926dc2-cc6d-4c3e-ae40-7a127c173b16', qty=3)] promo_codes=['PROMO10'] currency='USD' only_final_price=False
2026-08-17 15:44:42,708 - INFO - Request for compute_price successfully processed, result: items=[PriceResponseItem(product_id='4cc0770f-91bc-4c0d-a26f-7b872f02ca94', qty=2, unit_price=2009.0, line_total=3616.2, discounts=401.8), PriceResponseItem(product_id='b2926dc2-cc6d-4c3e-ae40-7a127c173b16', qty=3, unit_price=200.0, line_total=540.0, discounts=60.0)] subtotal=4618.0 total_discount=461.8 total=4156.2 currency='USD' total_input_tokens=0 total_output_tokens=0 total_llm_calls=0, request: items=[PriceRequestItem(product_id='4cc0770f-91bc-4c0d-a26f-7b872f02ca94', qty=2), PriceRequestItem(product_id='b2926dc2-cc6d-4c3e-ae40-7a127c173b16', qty=3)] promo_codes=['PROMO10'] currency='USD' only_final_price=False
2026-08-17 15:44:42,716 - INFO - Request for compute_price, request: items=[PriceRequestItem(product_id='4cc0770f-91bc-4c0d-a26f-7b872f02ca94', qty=2), PriceRequestItem(product_id='b2926dc2-cc6d-4c3e-ae40-7a127c173b16', qty=3)] promo_codes=['PROMO10'] currency='USD' only_final_price=False
2026-08-17 15:44:42,717 - INFO - Request for compute_price successfully processed, result: items=[PriceResponseItem(product_id='4cc0770f-91bc-4c0d-a26f-7b872f02ca94', qty=2, unit_price=2000.0, line_total=3600.0, discounts=400.0), PriceResponseItem(product_id='b2926dc2-cc6d-4c3e-ae40-7a127c173b16', qty=3, unit_price=200.0, line_total=540.0, discounts=60.0)] subtotal=4600.0 total_discount=460.0 total=4140.0 currency='USD' total_input_tokens=0 total_output_tokens=0 total_llm_calls=0, request: items=[PriceRequestItem(product_id='4cc0770f-91bc-4c0d-a26f-7b872f02ca94', qty=2), PriceRequestItem(product_id='b2926dc2-cc6d-4c3e-ae40-7a127c173b16', qty=3)] promo_codes=['PROMO10'] currency='USD' only_final_price=False
2026-08-17 15:44:42,726 - INFO - Request for compute_price, request: items=[PriceRequestItem(product_id='4cc0770f-91bc-4c0d-a26f-7b872f02ca94', qty=2), PriceRequestItem(product_id='b2926dc2-cc6d-4c3e-ae40-7a127c173b16', qty=3)] promo_codes=['PROMO10'] currency='USD' only_final_price=False
2026-08-17 15:44:42,727 - INFO - Request for compute_price successfully processed, result: items=[PriceResponseItem(product_id='4cc0770f-91bc-4c0d-a26f-7b872f02ca94', qty=2, unit_price=2001.0, line_total=3601.8, discounts=400.2), PriceResponseItem(product_id='b2926dc2-cc6d-4c3e-ae40-7a127c173b16', qty=3, unit_price=200.0, line_total=540.0, discounts=60.0)] subtotal=4602.0 total_discount=460.2 total=4141.8 currency='USD' total_input_tokens=0 total_output_tokens=0 total_llm_calls=0, request: items=[PriceRequestItem(product_id='4cc0770f-91bc-4c0d-a26f-7b872f02ca94', qty=2), PriceRequestItem(product_id='b2926dc2-cc6d-4c3e-ae40-7a127c173b16', qty=3)] promo_codes=['PROMO10'] currency='USD' only_final_price=False
2026-08-17 15:44:42,735 - INFO - Request for compute_price, request: items=[PriceRequestItem(product_id='4cc0770f-91bc-4c0d-a26f-7b872f02ca94', qty=2), PriceRequestItem(product_id='b2926dc2-cc6d-4c3e-ae40-7a127c173b16', qty=3)] promo_codes=['PROMO10'] currency='USD' only_final_price=False
2026-08-17 15:44:42,736 - INFO - Request for compute_price successfully processed, result: items=[PriceResponseItem(product_id='4cc0770f-91bc-4c0d-a26f-7b872f02ca94', qty=2, unit_price=2002.0, line_total=3603.6, discounts=400.4), PriceResponseItem(product_id='b2926dc2-cc6d-4c3e-ae40-7a127c173b16', qty=3, unit_price=200.0, line_total=540.0, discounts=60.0)] subtotal=4604.0 total_discount=460.4 total=4143.6 currency='USD' total_input_tokens=0 total_output_tokens=0 total_llm_calls=0, request: items=[PriceRequestItem(product_id='4cc0770f-91bc-4c0d-a26f-7b872f02ca94', qty=2), PriceRequestItem(product_id='b2926dc2-cc6d-4c3e-ae40-7a127c173b16', qty=3)] promo_codes=['PROMO10'] currency='USD' only_final_price=False
2026-08-17 15:44:42,744 - INFO - Request for compute_price, request: items=[PriceRequestItem(product_id='4cc0770f-91bc-4c0d-a26f-7b872f02ca94', qty=2), PriceRequestItem(product_id='b2926dc2-cc6d-4c3e-ae40-7a127c173b16', qty=3)] promo_codes=['PROMO10'] currency='USD' only_final_price=False
2026-08-17 15:44:42,746 - INFO - Request for compute_price successfully processed, result: items=[PriceResponseItem(product_id='4cc0770f-91bc-4c0d-a26f-7b872f02ca94', qty=2, unit_price=2003.0, line_total=3605.4, discounts=400.6), PriceResponseItem(product_id='b2926dc2-cc6d-4c3e-ae40-7a127c173b16', qty=3, unit_price=200.0, line_total=540.0, discounts=60.0)] subtotal=4606.0 total_discount=460.6 total=4145.4 currency='USD' total_input_tokens=0 total_output_tokens=0 total_llm_calls=0, request: items=[PriceRequestItem(product_id='4cc0770f-91bc-4c0d-a26f-7b872f02ca94', qty=2), PriceRequestItem(product_id='b2926dc2-cc6d-4c3e-ae40-7a127c173b16', qty=3)] promo_codes=['PROMO10'] currency='USD' only_final_price=False
2026-08-17 15:44:42,753 - INFO - Request for compute_price, request: items=[PriceRequestItem(product_id='4cc0770f-91bc-4c0d-a26f-7b872f02ca94', qty=2), PriceRequestItem(product_id='b2926dc2-cc6d-4c3e-ae40-7a127c173b16', qty=3)] promo_codes=['PROMO10'] currency='USD' only_final_price=False
2026-08-17 15:44:42,754 - INFO - Request for compute_price successfully processed, result: items=[PriceResponseItem(product_id='4cc0770f-91bc-4c0d-a26f-7b872f02ca94', qty=2, unit_price=2004.0, line_total=3607.2, discounts=400.8), PriceResponseItem(product_id='b2926dc2-cc6d-4c3e-ae40-7a127c173b16', qty=3, unit_price=200.0, line_total=540.0, discounts=60.0)] subtotal=4608.0 total_discount=460.8 total=4147.2 currency='USD' total_input_tokens=0 total_output_tokens=0 total_llm_calls=0, request: items=[PriceRequestItem(product_id='4cc0770f-91bc-4c0d-a26f-7b872f02ca94', qty=2), PriceRequestItem(product_id='b2926dc2-cc6d-4c3e-ae40-7a127c173b16', qty=3)] promo_codes=['PROMO10'] currency='USD' only_final_price=False
2026-08-17 15:44:42,762 - INFO - Request for compute_price, request: items=[PriceRequestItem(product_id='4cc0770f-91bc-4c0d-a26f-7b872f02ca94', qty=2), PriceRequestItem(product_id='b2926dc2-cc6d-4c3e-ae40-7a127c173b16', qty=3)] promo_codes=['PROMO10'] currency='USD' only_final_price=False
2026-08-17 15:44:42,764 - INFO - Request for compute_price successfully processed, result: items=[PriceResponseItem(product_id='4cc0770f-91bc-4c0d-a26f-7b872f02ca94', qty=2, unit_price=2005.0, line_total=3609.0, discounts=401.0), PriceResponseItem(product_id='b2926dc2-cc6d-4c3e-ae40-7a127c173b16', qty=3, unit_price=200.0, line_total=540.0, discounts=60.0)] subtotal=4610.0 total_discount=461.0 total=4149.0 currency='USD' total_input_tokens=0 total_output_tokens=0 total_llm_calls=0, request: items=[PriceRequestItem(product_id='4cc0770f-91bc-4c0d-a26f-7b872f02ca94', qty=2), PriceRequestItem(product_id='b2926dc2-cc6d-4c3e-ae40-7a127c173b16', qty=3)] promo_codes=['PROMO10'] currency='USD' only_final_price=False
2026-08-17 15:44:42,771 - INFO - Request for compute_price, request: items=[PriceRequestItem(product_id='4cc0770f-91bc-4c0d-a26f-7b872f02ca94', qty=2), PriceRequestItem(product_id='b2926dc2-cc6d-4c3e-ae40-7a127c173b16', qty=3)] promo_codes=['PROMO10'] currency='USD' only_final_price=False
2026-08-17 15:44:42,772 - INFO - Request for compute_price successfully processed, result: items=[PriceResponseItem(product_id='4cc0770f-91bc-4c0d-a26f-7b872f02ca94', qty=2, unit_price=2006.0, line_total=3610.8, discounts=401.2), PriceResponseItem(product_id='b2926dc2-cc6d-4c3e-ae40-7a127c173b16', qty=3, unit_price=200.0, line_total=540.0, discounts=60.0)] subtotal=4612.0 total_discount=461.2 total=4150.8 currency='USD' total_input_tokens=0 total_output_tokens=0 total_llm_calls=0, request: items=[PriceRequestItem(product_id='4cc0770f-91bc-4c0d-a26f-7b872f02ca94', qty=2), PriceRequestItem(product_id='b2926dc2-cc6d-4c3e-ae40-7a127c173b16', qty=3)] promo_codes=['PROMO10'] currency='USD' only_final_price=False
2026-08-17 15:44:42,780 - INFO - Request for compute_price, request: items=[PriceRequestItem(product_id='4cc0770f-91bc-4c0d-a26f-7b872f02ca94', qty=2), PriceRequestItem(product_id='b2926dc2-cc6d-4c3e-ae40-7a127c173b16', qty=3)] promo_codes=['PROMO10'] currency='USD' only_final_price=False
2026-08-17 15:44:42,781 - INFO - Request for compute_price successfully processed, result: items=[PriceResponseItem(product_id='4cc0770f-91bc-4c0d-a26f-7b872f02ca94', qty=2, unit_price=2007.0, line_total=3612.6, discounts=401.4), PriceResponseItem(product_id='b2926dc2-cc6d-4c3e-ae40-7a127c173b16', qty=3, unit_price=200.0, line_total=540.0, discounts=60.0)] subtotal=4614.0 total_discount=461.4 total=4152.6 currency='USD' total_input_tokens=0 total_output_tokens=0 total_llm_calls=0, request: items=[PriceRequestItem(product_id='4cc0770f-91bc-4c0d-a26f-7b872f02ca94', qty=2), PriceRequestItem(product_id='b2926dc2-cc6d-4c3e-ae40-7a127c173b16', qty=3)] promo_codes=['PROMO10'] currency='USD' only_final_price=False
2026-08-17 15:44:42,789 - INFO - Request for compute_price, request: items=[PriceRequestItem(product_id='4cc0770f-91bc-4c0d-a26f-7b872f02ca94', qty=2), PriceRequestItem(product_id='b2926dc2-cc6d-4c3e-ae40-7a127c173b16', qty=3)] promo_codes=['PROMO10'] currency='USD' only_final_price=False
2026-08-17 15:44:42,790 - INFO - Request for compute_price successfully processed, result: items=[PriceResponseItem(product_id='4cc0770f-91bc-4c0d-a26f-7b872f02ca94', qty=2, unit_price=2008.0, line_total=3614.4, discounts=401.6), PriceResponseItem(product_id='b2926dc2-cc6d-4c3e-ae40-7a127c173b16', qty=3, unit_price=200.0, line_total=540.0, discounts=60.0)] subtotal=4616.0 total_discount=461.6 total=4154.4 currency='USD' total_input_tokens=0 total_output_tokens=0 total_llm_calls=0, request: items=[PriceRequestItem(product_id='4cc0770f-91bc-4c0d-a26f-7b872f02ca94', qty=2), PriceRequestItem(product_id='b2926dc2-cc6d-4c3e-ae40-7a127c173b16', qty=3)] promo_codes=['PROMO10'] currency='USD' only_final_price=False
2026-08-17 15:44:42,798 - INFO - Request for compute_price, request: items=[PriceRequestItem(product_id='4cc0770f-91bc-4c0d-a26f-7b872f02ca94', qty=2), PriceRequestItem(product_id='b2926dc2-cc6d-4c3e-ae40-7a127c173b16', qty=3)] promo_codes=['PROMO10'] currency='USD' only_final_price=False
2026-08-17 15:44:42,799 - INFO - Request for compute_price successfully processed, result: items=[PriceResponseItem(product_id='4cc0770f-91bc-4c0d-a26f-7b872f02ca94', qty=2, unit_price=2009.0, line_total=3616.2, discounts=401.8), PriceResponseItem(product_id='b2926dc2-cc6d-4c3e-ae40-7a127c173b16', qty=3, unit_price=200.0, line_total=540.0, discounts=60.0)] subtotal=4618.0 total_discount=461.8 total=4156.2 currency='USD' total_input_tokens=0 total_output_tokens=0 total_llm_calls=0, request: items=[PriceRequestItem(product_id='4cc0770f-91bc-4c0d-a26f-7b872f02ca94', qty=2), PriceRequestItem(product_id='b2926dc2-cc6d-4c3e-ae40-7a127c173b16', qty=3)] promo_codes=['PROMO10'] currency='USD' only_final_price=False
2026-08-17 15:44:42,807 - INFO - Request for compute_price, request: items=[PriceRequestItem(product_id='4cc0770f-91bc-4c0d-a26f-7b872f02ca94', qty=2), PriceRequestItem(product_id='b2926dc2-cc6d-4c3e-ae40-7a127c173b16', qty=3)] promo_codes=['PROMO10'] currency='USD' only_final_price=False
2026-08-17 15:44:42,808 - INFO - Request for compute_price successfully processed, result: items=[PriceResponseItem(product_id='4cc0770f-91bc-4c0d-a26f-7b872f02ca94', qty=2, unit_price=2000.0, line_total=3600.0, discounts=400.0), PriceResponseItem(product_id='b2926dc2-cc6d-4c3e-ae40-7a127c173b16', qty=3, unit_price=200.0, line_total=540.0, discounts=60.0)] subtotal=4600.0 total_discount=460.0 total=4140.0 currency='USD' total_input_tokens=0 total_output_tokens=0 total_llm_calls=0, request: items=[PriceRequestItem(product_id='4cc0770f-91bc-4c0d-a26f-7b872f02ca94', qty=2), PriceRequestItem(product_id='b2926dc2-cc6d-4c3e-ae40-7a127c173b16', qty=3)] promo_codes=['PROMO10'] currency='USD' only_final_price=False
2026-08-17 15:44:42,816 - INFO - Request for compute_price, request: items=[PriceRequestItem(product_id='4cc0770f-91bc-4c0d-a26f-7b872f02ca94', qty=2), PriceRequestItem(product_id='b2926dc2-cc6d-4c3e-ae40-7a127c173b16', qty=3)] promo_codes=['PROMO10'] currency='USD' only_final_price=False
2026-08-17 15:44:42,817 - INFO - Request for compute_price successfully processed, result: items=[PriceResponseItem(product_id='4cc0770f-91bc-4c0d-a26f-7b872f02ca94', qty=2, unit_price=2001.0, line_total=3601.8, discounts=400.2), PriceResponseItem(product_id='b2926dc2-cc6d-4c3e-ae40-7a127c173b16', qty=3, unit_price=200.0, line_total=540.0, discounts=60.0)] subtotal=4602.0 total_discount=460.2 total=4141.8 currency='USD' total_input_tokens=0 total_output_tokens=0 total_llm_calls=0, request: items=[PriceRequestItem(product_id='4cc0770f-91bc-4c0d-a26f-7b872f02ca94', qty=2), PriceRequestItem(product_id='b2926dc2-cc6d-4c3e-ae40-7a127c173b16', qty=3)] promo_codes=['PROMO10'] currency='USD' only_final_price=False
2026-08-17 15:44:42,826 - INFO - Request for compute_price, request: items=[PriceRequestItem(product_id='4cc0770f-91bc-4c0d-a26f-7b872f02ca94', qty=2), PriceRequestItem(product_id='b2926dc2-cc6d-4c3e-ae40-7a127c173b16', qty=3)] promo_codes=['PROMO10'] currency='USD' only_final_price=False
2026-08-17 15:44:42,827 - INFO - Request for compute_price successfully processed, result: items=[PriceResponseItem(product_id='4cc0770f-91bc-4c0d-a26f-7b872f02ca94', qty=2, unit_price=2002.0, line_total=3603.6, discounts=400.4), PriceResponseItem(product_id='b2926dc2-cc6d-4c3e-ae40-7a127c173b16', qty=3, unit_price=200.0, line_total=540.0, discounts=60.0)] subtotal=4604.0 total_discount=460.4 total=4143.6 currency='USD' total_input_tokens=0 total_output_tokens=0 total_llm_calls=0, request: items=[PriceRequestItem(product_id='4cc0770f-91bc-4c0d-a26f-7b872f02ca94', qty=2), PriceRequestItem(product_id='b2926dc2-cc6d-4c3e-ae40-7a127c173b16', qty=3)] promo_codes=['PROMO10'] currency='USD' only_final_price=False
2026-08-17 15:44:42,835 - INFO - Request for compute_price, request: items=[PriceRequestItem(product_id='4cc0770f-91bc-4c0d-a26f-7b872f02ca94', qty=2), PriceRequestItem(product_id='b2926dc2-cc6d-4c3e-ae40-7a127c173b16', qty=3)] promo_codes=['PROMO10'] currency='USD' only_final_price=False
2026-08-17 15:44:42,836 - INFO - Request for compute_price successfully processed, result: items=[PriceResponseItem(product_id='4cc0770f-91bc-4c0d-a26f-7b872f02ca94', qty=2, unit_price=2003.0, line_total=3605.4, discounts=400.6), PriceResponseItem(product_id='b2926dc2-cc6d-4c3e-ae40-7a127c173b16', qty=3, unit_price=200.0, line_total=540.0, discounts=60.0)] subtotal=4606.0 total_discount=460.6 total=4145.4 currency='USD' total_input_tokens=0 total_output_tokens=0 total_llm_calls=0, request: items=[PriceRequestItem(product_id='4cc0770f-91bc-4c0d-a26f-7b872f02ca94', qty=2), PriceRequestItem(product_id='b2926dc2-cc6d-4c3e-ae40-7a127c173b16', qty=3)] promo_codes=['PROMO10'] currency='USD' only_final_price=False
2026-08-17 15:44:42,845 - INFO - Request for compute_price, request: items=[PriceRequestItem(product_id='4cc0770f-91bc-4c0d-a26f-7b872f02ca94', qty=2), PriceRequestItem(product_id='b2926dc2-cc6d-4c3e-ae40-7a127c173b16', qty=3)] promo_codes=['PROMO10'] currency='USD' only_final_price=False
2026-08-17 15:44:42,846 - INFO - Request for compute_price successfully processed, result: items=[PriceResponseItem(product_id='4cc0770f-91bc-4c0d-a26f-7b872f02ca94', qty=2, unit_price=2004.0, line_total=3607.2, discounts=400.8), PriceResponseItem(product_id='b2926dc2-cc6d-4c3e-ae40-7a127c173b16', qty=3, unit_price=200.0, line_total=540.0, discounts=60.0)] subtotal=4608.0 total_discount=460.8 total=4147.2 currency='USD' total_input_tokens=0 total_output_tokens=0 total_llm_calls=0, request: items=[PriceRequestItem(product_id='4cc0770f-91bc-4c0d-a26f-7b872f02ca94', qty=2), PriceRequestItem(product_id='b2926dc2-cc6d-4c3e-ae40-7a127c173b16', qty=3)] promo_codes=['PROMO10'] currency='USD' only_final_price=False
2026-08-17 15:44:42,854 - INFO - Request for compute_price, request: items=[PriceRequestItem(product_id='4cc0770f-91bc-4c0d-a26f-7b872f02ca94', qty=2), PriceRequestItem(product_id='b2926dc2-cc6d-4c3e-ae40-7a127c173b16', qty=3)] promo_codes=['PROMO10'] currency='USD' only_final_price=False
2026-08-17 15:44:42,856 - INFO - Request for compute_price successfully processed, result: items=[PriceResponseItem(product_id='4cc0770f-91bc-4c0d-a26f-7b872f02ca94', qty=2, unit_price=2005.0, line_total=3609.0, discounts=401.0), PriceResponseItem(product_id='b2926dc2-cc6d-4c3e-ae40-7a127c173b16', qty=3, unit_price=200.0, line_total=540.0, discounts=60.0)] subtotal=4610.0 total_discount=461.0 total=4149.0 currency='USD' total_input_tokens=0 total_output_tokens=0 total_llm_calls=0, request: items=[PriceRequestItem(product_id='4cc0770f-91bc-4c0d-a26f-7b872f02ca94', qty=2), PriceRequestItem(product_id='b2926dc2-cc6d-4c3e-ae40-7a127c173b16', qty=3)] promo_codes=['PROMO10'] currency='USD' only_final_price=False
2026-08-17 15:44:42,866 - INFO - Request for compute_price, request: items=[PriceRequestItem(product_id='4cc0770f-91bc-4c0d-a26f-7b872f02ca94', qty=2), PriceRequestItem(product_id='b2926dc2-cc6d-4c3e-ae40-7a127c173b16', qty=3)] promo_codes=['PROMO10'] currency='USD' only_final_price=False
2026-08-17 15:44:42,868 - INFO - Request for compute_price successfully processed, result: items=[PriceResponseItem(product_id='4cc0770f-91bc-4c0d-a26f-7b872f02ca94', qty=2, unit_price=2006.0, line_total=3610.8, discounts=401.2), PriceResponseItem(product_id='b2926dc2-cc6d-4c3e-ae40-7a127c173b16', qty=3, unit_price=200.0, line_total=540.0, discounts=60.0)] subtotal=4612.0 total_discount=461.2 total=4150.8 currency='USD' total_input_tokens=0 total_output_tokens=0 total_llm_calls=0, request: items=[PriceRequestItem(product_id='4cc0770f-91bc-4c0d-a26f-7b872f02ca94', qty=2), PriceRequestItem(product_id='b2926dc2-cc6d-4c3e-ae40-7a127c173b16', qty=3)] promo_codes=['PROMO10'] currency='USD' only_final_price=False
2026-08-17 15:44:42,877 - INFO - Request for compute_price, request: items=[PriceRequestItem(product_id='4cc0770f-91bc-4c0d-a26f-7b872f02ca94', qty=2), PriceRequestItem(product_id='b2926dc2-cc6d-4c3e-ae40-7a127c173b16', qty=3)] promo_codes=['PROMO10'] currency='USD' only_final_price=False
2026-08-17 15:44:42,879 - INFO - Request for compute_price successfully processed, result: items=[PriceResponseItem(product_id='4cc0770f-91bc-4c0d-a26f-7b872f02ca94', qty=2, unit_price=2007.0, line_total=3612.6, discounts=401.4), PriceResponseItem(product_id='b2926dc2-cc6d-4c3e-ae40-7a127c173b16', qty=3, unit_price=200.0, line_total=540.0, discounts=60.0)] subtotal=4614.0 total_discount=461.4 total=4152.6 currency='USD' total_input_tokens=0 total_output_tokens=0 total_llm_calls=0, request: items=[PriceRequestItem(product_id='4cc0770f-91bc-4c0d-a26f-7b872f02ca94', qty=2), PriceRequestItem(product_id='b2926dc2-cc6d-4c3e-ae40-7a127c173b16', qty=3)] promo_codes=['PROMO10'] currency='USD' only_final_price=False
2026-08-17 15:44:42,887 - INFO - Request for compute_price, request: items=[PriceRequestItem(product_id='4cc0770f-91bc-4c0d-a26f-7b872f02ca94', qty=2), PriceRequestItem(product_id='b2926dc2-cc6d-4c3e-ae40-7a127c173b16', qty=3)] promo_codes=['PROMO10'] currency='USD' only_final_price=False
2026-08-17 15:44:42,889 - INFO - Request for compute_price successfully processed, result: items=[PriceResponseItem(product_id='4cc0770f-91bc-4c0d-a26f-7b872f02ca94', qty=2, unit_price=2008.0, line_total=3614.4, discounts=401.6), PriceResponseItem(product_id='b2926dc2-cc6d-4c3e-ae40-7a127c173b16', qty=3, unit_price=200.0, line_total=540.0, discounts=60.0)] subtotal=4616.0 total_discount=461.6 total=4154.4 currency='USD' total_input_tokens=0 total_output_tokens=0 total_llm_calls=0, request: items=[PriceRequestItem(product_id='4cc0770f-91bc-4c0d-a26f-7b872f02ca94', qty=2), PriceRequestItem(product_id='b2926dc2-cc6d-4c3e-ae40-7a127c173b16', qty=3)] promo_codes=['PROMO10'] currency='USD' only_final_price=False
2026-08-17 15:44:42,899 - INFO - Request for compute_price, request: items=[PriceRequestItem(product_id='4cc0770f-91bc-4c0d-a26f-7b872f02ca94', qty=2), PriceRequestItem(product_id='b2926dc2-cc6d-4c3e-ae40-7a127c173b16', qty=3)] promo_codes=['PROMO10'] currency='USD' only_final_price=False
2026-08-17 15:44:42,901 - INFO - Request for compute_price successfully processed, result: items=[PriceResponseItem(product_id='4cc0770f-91bc-4c0d-a26f-7b872f02ca94', qty=2, unit_price=2009.0, line_total=3616.2, discounts=401.8), PriceResponseItem(product_id='b2926dc2-cc6d-4c3e-ae40-7a127c173b16', qty=3, unit_price=200.0, line_total=540.0, discounts=60.0)] subtotal=4618.0 total_discount=461.8 total=4156.2 currency='USD' total_input_tokens=0 total_output_tokens=0 total_llm_calls=0, request: items=[PriceRequestItem(product_id='4cc0770f-91bc-4c0d-a26f-7b872f02ca94', qty=2), PriceRequestItem(product_id='b2926dc2-cc6d-4c3e-ae40-7a127c173b16', qty=3)] promo_codes=['PROMO10'] currency='USD' only_final_price=False
2026-08-17 15:44:42,908 - INFO - Request for compute_price, request: items=[PriceRequestItem(product_id='4cc0770f-91bc-4c0d-a26f-7b872f02ca94', qty=2), PriceRequestItem(product_id='b2926dc2-cc6d-4c3e-ae40-7a127c173b16', qty=3)] promo_codes=['PROMO10'] currency='USD' only_final_price=False
2026-08-17 15:44:42,910 - INFO - Request for compute_price successfully processed, result: items=[PriceResponseItem(product_id='4cc0770f-91bc-4c0d-a26f-7b872f02ca94', qty=2, unit_price=2000.0, line_total=3600.0, discounts=400.0), PriceResponseItem(product_id='b2926dc2-cc6d-4c3e-ae40-7a127c173b16', qty=3, unit_price=200.0, line_total=540.0, discounts=60.0)] subtotal=4600.0 total_discount=460.0 total=4140.0 currency='USD' total_input_tokens=0 total_output_tokens=0 total_llm_calls=0, request: items=[PriceRequestItem(product_id='4cc0770f-91bc-4c0d-a26f-7b872f02ca94', qty=2), PriceRequestItem(product_id='b2926dc2-cc6d-4c3e-ae40-7a127c173b16', qty=3)] promo_codes=['PROMO10'] currency='USD' only_final_price=False
2026-08-17 15:45:05,189 - INFO - MongoDB connection closed
2026-08-17 16:09:50,117 - INFO - Connected to MongoDB at mongodb://localhost:27017/ db=retailben
2026-08-17 16:12:31,872 - INFO - Connected to MongoDB at mongodb://localhost:27017/ db=retailben
2026-08-17 16:14:52,241 - INFO - Request for compute_price, request: items=[PriceRequestItem(product_id='4cc0770f-91bc-4c0d-a26f-7b872f02ca94', qty=1)] promo_codes=[] currency='USD' only_final_price=False
2026-08-17 16:14:52,244 - INFO - Request for compute_price successfully processed, result: items=[PriceResponseItem(product_id='4cc0770f-91bc-4c0d-a26f-7b872f02ca94', qty=1, unit_price=250.0, line_total=250.0, discounts=0.0)] subtotal=250.0 total_discount=0.0 total=250.0 currency='USD' total_input_tokens=0 total_output_tokens=0 total_llm_calls=0, request: items=[PriceRequestItem(product_id='4cc0770f-91bc-4c0d-a26f-7b872f02ca94', qty=1)] promo_codes=[] currency='USD' only_final_price=False
2026-08-17 16:14:52,272 - INFO - Request for compute_price, request: items=[PriceRequestItem(product_id='4cc0770f-91bc-4c0d-a26f-7b872f02ca94', qty=1)] promo_codes=[] currency='USD' only_final_price=False
2026-08-17 16:14:52,273 - INFO - Request for compute_price successfully processed, result: items=[PriceResponseItem(product_id='4cc0770f-91bc-4c0d-a26f-7b872f02ca94', qty=1, unit_price=250.0, line_total=250.0, discounts=0.0)] subtotal=250.0 total_discount=0.0 total=250.0 currency='USD' total_input_tokens=0 total_output_tokens=0 total_llm_calls=0, request: items=[PriceRequestItem(product_id='4cc0770f-91bc-4c0d-a26f-7b872f02ca94', qty=1)] promo_codes=[] currency='USD' only_final_price=False
2026-08-17 16:14:52,300 - INFO - Request for compute_price, request: items=[PriceRequestItem(product_id='4cc0770f-91bc-4c0d-a26f-7b872f02ca94', qty=1)] promo_codes=[] currency='USD' only_final_price=False
2026-08-17 16:14:52,302 - INFO - Request for compute_price successfully processed, result: items=[PriceResponseItem(product_id='4cc0770f-91bc-4c0d-a26f-7b872f02ca94', qty=1, unit_price=250.0, line_total=250.0, discounts=0.0)] subtotal=250.0 total_discount=0.0 total=250.0 currency='USD' total_input_tokens=0 total_output_tokens=0 total_llm_calls=0, request: items=[PriceRequestItem(product_id='4cc0770f-91bc-4c0d-a26f-7b872f02ca94', qty=1)] promo_codes=[] currency='USD' only_final_price=False
2026-08-17 16:14:52,327 - INFO - Request for compute_price, request: items=[PriceRequestItem(product_id='4cc0770f-91bc-4c0d-a26f-7b872f02ca94', qty=1)] promo_codes=[] currency='USD' only_final_price=False
2026-08-17 16:14:52,328 - INFO - Request for compute_price successfully processed, result: items=[PriceResponseItem(product_id='4cc0770f-91bc-4c0d-a26f-7b872f02ca94', qty=1, unit_price=250.0, line_total=250.0, discounts=0.0)] subtotal=250.0 total_discount=0.0 total=250.0 currency='USD' total_input_tokens=0 total_output_tokens=0 total_llm_calls=0, request: items=[PriceRequestItem(product_id='4cc0770f-91bc-4c0d-a26f-7b872f02ca94', qty=1)] promo_codes=[] currency='USD' only_final_price=False
2026-08-17 16:14:52,352 - INFO - Request for compute_price, request: items=[PriceRequestItem(product_id='4cc0770f-91bc-4c0d-a26f-7b872f02ca94', qty=1)] promo_codes=[] currency='USD' only_final_price=False
2026-08-17 16:14:52,353 - INFO - Request for compute_price successfully processed, result: items=[PriceResponseItem(product_id='4cc0770f-91bc-4c0d-a26f-7b872f02ca94', qty=1, unit_price=250.0, line_total=250.0, discounts=0.0)] subtotal=250.0 total_discount=0.0 total=250.0 currency='USD' total_input_tokens=0 total_output_tokens=0 total_llm_calls=0, request: items=[PriceRequestItem(product_id='4cc0770f-91bc-4c0d-a26f-7b872f02ca94', qty=1)] promo_codes=[] currency='USD' only_final_price=False
2026-08-17 16:14:52,371 - INFO - Request for compute_price, request: items=[PriceRequestItem(product_id='4cc0770f-91bc-4c0d-a26f-7b872f02ca94', qty=1)] promo_codes=[] currency='USD' only_final_price=False
2026-08-17 16:14:52,373 - INFO - Request for compute_price successfully processed, result: items=[PriceResponseItem(product_id='4cc0770f-91bc-4c0d-a26f-7b872f02ca94', qty=1, unit_price=250.0, line_total=250.0, discounts=0.0)] subtotal=250.0 total_discount=0.0 total=250.0 currency='USD' total_input_tokens=0 total_output_tokens=0 total_llm_calls=0, request: items=[PriceRequestItem(product_id='4cc0770f-91bc-4c0d-a26f-7b872f02ca94', qty=1)] promo_codes=[] currency='USD' only_final_price=False
2026-08-17 16:14:52,390 - INFO - Request for compute_price, request: items=[PriceRequestItem(product_id='4cc0770f-91bc-4c0d-a26f-7b872f02ca94', qty=1)] promo_codes=[] currency='USD' only_final_price=False
2026-08-17 16:14:52,392 - INFO - Request for compute_price successfully processed, result: items=[PriceResponseItem(product_id='4cc0770f-91bc-4c0d-a26f-7b872f02ca94', qty=1, unit_price=250.0, line_total=250.0, discounts=0.0)] subtotal=250.0 total_discount=0.0 total=250.0 currency='USD' total_input_tokens=0 total_output_tokens=0 total_llm_calls=0, request: items=[PriceRequestItem(product_id='4cc0770f-91bc-4c0d-a26f-7b872f02ca94', qty=1)] promo_codes=[] currency='USD' only_final_price=False
2026-08-17 16:14:52,410 - INFO - Request for compute_price, request: items=[PriceRequestItem(product_id='4cc0770f-91bc-4c0d-a26f-7b872f02ca94', qty=1)] promo_codes=[] currency='USD' only_final_price=False
2026-08-17 16:14:52,411 - INFO - Request for compute_price successfully processed, result: items=[PriceResponseItem(product_id='4cc0770f-91bc-4c0d-a26f-7b872f02ca94', qty=1, unit_price=250.0, line_total=250.0, discounts=0.0)] subtotal=250.0 total_discount=0.0 total=250.0 currency='USD' total_input_tokens=0 total_output_tokens=0 total_llm_calls=0, request: items=[PriceRequestItem(product_id='4cc0770f-91bc-4c0d-a26f-7b872f02ca94', qty=1)] promo_codes=[] currency='USD' only_final_price=False
2026-08-17 16:14:52,433 - INFO - Request for compute_price, request: items=[PriceRequestItem(product_id='4cc0770f-91bc-4c0d-a26f-7b872f02ca94', qty=1)] promo_codes=[] currency='USD' only_final_price=False
2026-08-17 16:14:52,435 - INFO - Request for compute_price successfully processed, result: items=[PriceResponseItem(product_id='4cc0770f-91bc-4c0d-a26f-7b872f02ca94', qty=1, unit_price=250.0, line_total=250.0, discounts=0.0)] subtotal=250.0 total_discount=0.0 total=250.0 currency='USD' total_input_tokens=0 total_output_tokens=0 total_llm_calls=0, request: items=[PriceRequestItem(product_id='4cc0770f-91bc-4c0d-a26f-7b872f02ca94', qty=1)] promo_codes=[] currency='USD' only_final_price=False
2026-08-17 16:14:52,458 - INFO - Request for compute_price, request: items=[PriceRequestItem(product_id='4cc0770f-91bc-4c0d-a26f-7b872f02ca94', qty=1)] promo_codes=[] currency='USD' only_final_price=False
2026-08-17 16:14:52,459 - INFO - Request for compute_price successfully processed, result: items=[PriceResponseItem(product_id='4cc0770f-91bc-4c0d-a26f-7b872f02ca94', qty=1, unit_price=250.0, line_total=250.0, discounts=0.0)] subtotal=250.0 total_discount=0.0 total=250.0 currency='USD' total_input_tokens=0 total_output_tokens=0 total_llm_calls=0, request: items=[PriceRequestItem(product_id='4cc0770f-91bc-4c0d-a26f-7b872f02ca94', qty=1)] promo_codes=[] currency='USD' only_final_price=False
2026-08-17 16:14:59,455 - INFO - Request for compute_price, request: items=[PriceRequestItem(product_id='4cc0770f-91bc-4c0d-a26f-7b872f02ca94', qty=1)] promo_codes=[] currency='USD' only_final_price=False
2026-08-17 16:14:59,456 - INFO - Request for compute_price successfully processed, result: items=[PriceResponseItem(product_id='4cc0770f-91bc-4c0d-a26f-7b872f02ca94', qty=1, unit_price=250.0, line_total=250.0, discounts=0.0)] subtotal=250.0 total_discount=0.0 total=250.0 currency='USD' total_input_tokens=0 total_output_tokens=0 total_llm_calls=0, request: items=[PriceRequestItem(product_id='4cc0770f-91bc-4c0d-a26f-7b872f02ca94', qty=1)] promo_codes=[] currency='USD' only_final_price=False
2026-08-17 16:14:59,480 - INFO - Request for compute_price, request: items=[PriceRequestItem(product_id='4cc0770f-91bc-4c0d-a26f-7b872f02ca94', qty=1)] promo_codes=[] currency='USD' only_final_price=False
2026-08-17 16:14:59,482 - INFO - Request for compute_price successfully processed, result: items=[PriceResponseItem(product_id='4cc0770f-91bc-4c0d-a26f-7b872f02ca94', qty=1, unit_price=250.0, line_total=250.0, discounts=0.0)] subtotal=250.0 total_discount=0.0 total=250.0 currency='USD' total_input_tokens=0 total_output_tokens=0 total_llm_calls=0, request: items=[PriceRequestItem(product_id='4cc0770f-91bc-4c0d-a26f-7b872f02ca94', qty=1)] promo_codes=[] currency='USD' only_final_price=False
2026-08-17 16:14:59,501 - INFO - Request for compute_price, request: items=[PriceRequestItem(product_id='4cc0770f-91bc-4c0d-a26f-7b872f02ca94', qty=1)] promo_codes=[] currency='USD' only_final_price=False
2026-08-17 16:14:59,503 - INFO - Request for compute_price successfully processed, result: items=[PriceResponseItem(product_id='4cc0770f-91bc-4c0d-a26f-7b872f02ca94', qty=1, unit_price=250.0, line_total=250.0, discounts=0.0)] subtotal=250.0 total_discount=0.0 total=250.0 currency='USD' total_input_tokens=0 total_output_tokens=0 total_llm_calls=0, request: items=[PriceRequestItem(product_id='4cc0770f-91bc-4c0d-a26f-7b872f02ca94', qty=1)] promo_codes=[] currency='USD' only_final_price=False
2026-08-17 16:14:59,521 - INFO - Request for compute_price, request: items=[PriceRequestItem(product_id='4cc0770f-91bc-4c0d-a26f-7b872f02ca94', qty=1)] promo_codes=[] currency='USD' only_final_price=False
2026-08-17 16:14:59,522 - INFO - Request for compute_price successfully processed, result: items=[PriceResponseItem(product_id='4cc0770f-91bc-4c0d-a26f-7b872f02ca94', qty=1, unit_price=250.0, line_total=250.0, discounts=0.0)] subtotal=250.0 total_discount=0.0 total=250.0 currency='USD' total_input_tokens=0 total_output_tokens=0 total_llm_calls=0, request: items=[PriceRequestItem(product_id='4cc0770f-91bc-4c0d-a26f-7b872f02ca94', qty=1)] promo_codes=[] currency='USD' only_final_price=False
2026-08-17 16:14:59,540 - INFO - Request for compute_price, request: items=[PriceRequestItem(product_id='4cc0770f-91bc-4c0d-a26f-7b872f02ca94', qty=1)] promo_codes=[] currency='USD' only_final_price=False
2026-08-17 16:14:59,541 - INFO - Request for compute_price successfully processed, result: items=[PriceResponseItem(product_id='4cc0770f-91bc-4c0d-a26f-7b872f02ca94', qty=1, unit_price=250.0, line_total=250.0, discounts=0.0)] subtotal=250.0 total_discount=0.0 total=250.0 currency='USD' total_input_tokens=0 total_output_tokens=0 total_llm_calls=0, request: items=[PriceRequestItem(product_id='4cc0770f-91bc-4c0d-a26f-7b872f02ca94', qty=1)] promo_codes=[] currency='USD' only_final_price=False
2026-08-17 16:14:59,561 - INFO - Request for compute_price, request: items=[PriceRequestItem(product_id='4cc0770f-91bc-4c0d-a26f-7b872f02ca94', qty=1)] promo_codes=[] currency='USD' only_final_price=False
2026-08-17 16:14:59,562 - INFO - Request for compute_price successfully processed, result: items=[PriceResponseItem(product_id='4cc0770f-91bc-4c0d-a26f-7b872f02ca94', qty=1, unit_price=250.0, line_total=250.0, discounts=0.0)] subtotal=250.0 total_discount=0.0 total=250.0 currency='USD' total_input_tokens=0 total_output_tokens=0 total_llm_calls=0, request: items=[PriceRequestItem(product_id='4cc0770f-91bc-4c0d-a26f-7b872f02ca94', qty=1)] promo_codes=[] currency='USD' only_final_price=False
2026-08-17 16:14:59,580 - INFO - Request for compute_price, request: items=[PriceRequestItem(product_id='4cc0770f-91bc-4c0d-a26f-7b872f02ca94', qty=1)] promo_codes=[] currency='USD' only_final_price=False
2026-08-17 16:14:59,582 - INFO - Request for compute_price successfully processed, result: items=[PriceResponseItem(product_id='4cc0770f-91bc-4c0d-a26f-7b872f02ca94', qty=1, unit_price=250.0, line_total=250.0, discounts=0.0)] subtotal=250.0 total_discount=0.0 total=250.0 currency='USD' total_input_tokens=0 total_output_tokens=0 total_llm_calls=0, request: items=[PriceRequestItem(product_id='4cc0770f-91bc-4c0d-a26f-7b872f02ca94', qty=1)] promo_codes=[] currency='USD' only_final_price=False
2026-08-17 16:14:59,600 - INFO - Request for compute_price, request: items=[PriceRequestItem(product_id='4cc0770f-91bc-4c0d-a26f-7b872f02ca94', qty=1)] promo_codes=[] currency='USD' only_final_price=False
2026-08-17 16:14:59,601 - INFO - Request for compute_price successfully processed, result: items=[PriceResponseItem(product_id='4cc0770f-91bc-4c0d-a26f-7b872f02ca94', qty=1, unit_price=250.0, line_total=250.0, discounts=0.0)] subtotal=250.0 total_discount=0.0 total=250.0 currency='USD' total_input_tokens=0 total_output_tokens=0 total_llm_calls=0, request: items=[PriceRequestItem(product_id='4cc0770f-91bc-4c0d-a26f-7b872f02ca94', qty=1)] promo_codes=[] currency='USD' only_final_price=False
2026-08-17 16:14:59,619 - INFO - Request for compute_price, request: items=[PriceRequestItem(product_id='4cc0770f-91bc-4c0d-a26f-7b872f02ca94', qty=1)] promo_codes=[] currency='USD' only_final_price=False
2026-08-17 16:14:59,620 - INFO - Request for compute_price successfully processed, result: items=[PriceResponseItem(product_id='4cc0770f-91bc-4c0d-a26f-7b872f02ca94', qty=1, unit_price=250.0, line_total=250.0, discounts=0.0)] subtotal=250.0 total_discount=0.0 total=250.0 currency='USD' total_input_tokens=0 total_output_tokens=0 total_llm_calls=0, request: items=[PriceRequestItem(product_id='4cc0770f-91bc-4c0d-a26f-7b872f02ca94', qty=1)] promo_codes=[] currency='USD' only_final_price=False
2026-08-17 16:14:59,638 - INFO - Request for compute_price, request: items=[PriceRequestItem(product_id='4cc0770f-91bc-4c0d-a26f-7b872f02ca94', qty=1)] promo_codes=[] currency='USD' only_final_price=False
2026-08-17 16:14:59,639 - INFO - Request for compute_price successfully processed, result: items=[PriceResponseItem(product_id='4cc0770f-91bc-4c0d-a26f-7b872f02ca94', qty=1, unit_price=250.0, line_total=250.0, discounts=0.0)] subtotal=250.0 total_discount=0.0 total=250.0 currency='USD' total_input_tokens=0 total_output_tokens=0 total_llm_calls=0, request: items=[PriceRequestItem(product_id='4cc0770f-91bc-4c0d-a26f-7b872f02ca94', qty=1)] promo_codes=[] currency='USD' only_final_price=False
2026-08-17 16:14:59,657 - INFO - Request for compute_price, request: items=[PriceRequestItem(product_id='4cc0770f-91bc-4c0d-a26f-7b872f02ca94', qty=1)] promo_codes=[] currency='USD' only_final_price=False
2026-08-17 16:14:59,658 - INFO - Request for compute_price successfully processed, result: items=[PriceResponseItem(product_id='4cc0770f-91bc-4c0d-a26f-7b872f02ca94', qty=1, unit_price=250.0, line_total=250.0, discounts=0.0)] subtotal=250.0 total_discount=0.0 total=250.0 currency='USD' total_input_tokens=0 total_output_tokens=0 total_llm_calls=0, request: items=[PriceRequestItem(product_id='4cc0770f-91bc-4c0d-a26f-7b872f02ca94', qty=1)] promo_codes=[] currency='USD' only_final_price=False
2026-08-17 16:14:59,677 - INFO - Request for compute_price, request: items=[PriceRequestItem(product_id='4cc0770f-91bc-4c0d-a26f-7b872f02ca94', qty=1)] promo_codes=[] currency='USD' only_final_price=False
2026-08-17 16:14:59,678 - INFO - Request for compute_price successfully processed, result: items=[PriceResponseItem(product_id='4cc0770f-91bc-4c0d-a26f-7b872f02ca94', qty=1, unit_price=250.0, line_total=250.0, discounts=0.0)] subtotal=250.0 total_discount=0.0 total=250.0 currency='USD' total_input_tokens=0 total_output_tokens=0 total_llm_calls=0, request: items=[PriceRequestItem(product_id='4cc0770f-91bc-4c0d-a26f-7b872f02ca94', qty=1)] promo_codes=[] currency='USD' only_final_price=False
2026-08-17 16:14:59,697 - INFO - Request for compute_price, request: items=[PriceRequestItem(product_id='4cc0770f-91bc-4c0d-a26f-7b872f02ca94', qty=1)] promo_codes=[] currency='USD' only_final_price=False
2026-08-17 16:14:59,698 - INFO - Request for compute_price successfully processed, result: items=[PriceResponseItem(product_id='4cc0770f-91bc-4c0d-a26f-7b872f02ca94', qty=1, unit_price=250.0, line_total=250.0, discounts=0.0)] subtotal=250.0 total_discount=0.0 total=250.0 currency='USD' total_input_tokens=0 total_output_tokens=0 total_llm_calls=0, request: items=[PriceRequestItem(product_id='4cc0770f-91bc-4c0d-a26f-7b872f02ca94', qty=1)] promo_codes=[] currency='USD' only_final_price=False
2026-08-17 16:14:59,716 - INFO - Request for compute_price, request: items=[PriceRequestItem(product_id='4cc0770f-91bc-4c0d-a26f-7b872f02ca94', qty=1)] promo_codes=[] currency='USD' only_final_price=False
2026-08-17 16:14:59,717 - INFO - Request for compute_price successfully processed, result: items=[PriceResponseItem(product_id='4cc0770f-91bc-4c0d-a26f-7b872f02ca94', qty=1, unit_price=250.0, line_total=250.0, discounts=0.0)] subtotal=250.0 total_discount=0.0 total=250.0 currency='USD' total_input_tokens=0 total_output_tokens=0 total_llm_calls=0, request: items=[PriceRequestItem(product_id='4cc0770f-91bc-4c0d-a26f-7b872f02ca94', qty=1)] promo_codes=[] currency='USD' only_final_price=False
2026-08-17 16:14:59,737 - INFO - Request for compute_price, request: items=[PriceRequestItem(product_id='4cc0770f-91bc-4c0d-a26f-7b872f02ca94', qty=1)] promo_codes=[] currency='USD' only_final_price=False
2026-08-17 16:14:59,739 - INFO - Request for compute_price successfully processed, result: items=[PriceResponseItem(product_id='4cc0770f-91bc-4c0d-a26f-7b872f02ca94', qty=1, unit_price=250.0, line_total=250.0, discounts=0.0)] subtotal=250.0 total_discount=0.0 total=250.0 currency='USD' total_input_tokens=0 total_output_tokens=0 total_llm_calls=0, request: items=[PriceRequestItem(product_id='4cc0770f-91bc-4c0d-a26f-7b872f02ca94', qty=1)] promo_codes=[] currency='USD' only_final_price=False
2026-08-17 16:14:59,767 - INFO - Request for compute_price, request: items=[PriceRequestItem(product_id='4cc0770f-91bc-4c0d-a26f-7b872f02ca94', qty=1)] promo_codes=[] currency='USD' only_final_price=False
2026-08-17 16:14:59,769 - INFO - Request for compute_price successfully processed, result: items=[PriceResponseItem(product_id='4cc0770f-91bc-4c0d-a26f-7b872f02ca94', qty=1, unit_price=250.0, line_total=250.0, discounts=0.0)] subtotal=250.0 total_discount=0.0 total=250.0 currency='USD' total_input_tokens=0 total_output_tokens=0 total_llm_calls=0, request: items=[PriceRequestItem(product_id='4cc0770f-91bc-4c0d-a26f-7b872f02ca94', qty=1)] promo_codes=[] currency='USD' only_final_price=False
2026-08-17 16:14:59,792 - INFO - Request for compute_price, request: items=[PriceRequestItem(product_id='4cc0770f-91bc-4c0d-a26f-7b872f02ca94', qty=1)] promo_codes=[] currency='USD' only_final_price=False
2026-08-17 16:14:59,795 - INFO - Request for compute_price successfully processed, result: items=[PriceResponseItem(product_id='4cc0770f-91bc-4c0d-a26f-7b872f02ca94', qty=1, unit_price=250.0, line_total=250.0, discounts=0.0)] subtotal=250.0 total_discount=0.0 total=250.0 currency='USD' total_input_tokens=0 total_output_tokens=0 total_llm_calls=0, request: items=[PriceRequestItem(product_id='4cc0770f-91bc-4c0d-a26f-7b872f02ca94', qty=1)] promo_codes=[] currency='USD' only_final_price=False
2026-08-17 16:14:59,816 - INFO - Request for compute_price, request: items=[PriceRequestItem(product_id='4cc0770f-91bc-4c0d-a26f-7b872f02ca94', qty=1)] promo_codes=[] currency='USD' only_final_price=False
2026-08-17 16:14:59,818 - INFO - Request for compute_price successfully processed, result: items=[PriceResponseItem(product_id='4cc0770f-91bc-4c0d-a26f-7b872f02ca94', qty=1, unit_price=250.0, line_total=250.0, discounts=0.0)] subtotal=250.0 total_discount=0.0 total=250.0 currency='USD' total_input_tokens=0 total_output_tokens=0 total_llm_calls=0, request: items=[PriceRequestItem(product_id='4cc0770f-91bc-4c0d-a26f-7b872f02ca94', qty=1)] promo_codes=[] currency='USD' only_final_price=False
2026-08-17 16:14:59,837 - INFO - Request for compute_price, request: items=[PriceRequestItem(product_id='4cc0770f-91bc-4c0d-a26f-7b872f02ca94', qty=1)] promo_codes=[] currency='USD' only_final_price=False
2026-08-17 16:14:59,839 - INFO - Request for compute_price successfully processed, result: items=[PriceResponseItem(product_id='4cc0770f-91bc-4c0d-a26f-7b872f02ca94', qty=1, unit_price=250.0, line_total=250.0, discounts=0.0)] subtotal=250.0 total_discount=0.0 total=250.0 currency='USD' total_input_tokens=0 total_output_tokens=0 total_llm_calls=0, request: items=[PriceRequestItem(product_id='4cc0770f-91bc-4c0d-a26f-7b872f02ca94', qty=1)] promo_codes=[] currency='USD' only_final_price=False
2026-08-17 16:14:59,857 - INFO - Request for compute_price, request: items=[PriceRequestItem(product_id='4cc0770f-91bc-4c0d-a26f-7b872f02ca94', qty=1)] promo_codes=[] currency='USD' only_final_price=False
2026-08-17 16:14:59,859 - INFO - Request for compute_price successfully processed, result: items=[PriceResponseItem(product_id='4cc0770f-91bc-4c0d-a26f-7b872f02ca94', qty=1, unit_price=250.0, line_total=250.0, discounts=0.0)] subtotal=250.0 total_discount=0.0 total=250.0 currency='USD' total_input_tokens=0 total_output_tokens=0 total_llm_calls=0, request: items=[PriceRequestItem(product_id='4cc0770f-91bc-4c0d-a26f-7b872f02ca94', qty=1)] promo_codes=[] currency='USD' only_final_price=False
2026-08-17 16:14:59,876 - INFO - Request for compute_price, request: items=[PriceRequestItem(product_id='4cc0770f-91bc-4c0d-a26f-7b872f02ca94', qty=1)] promo_codes=[] currency='USD' only_final_price=False
2026-08-17 16:14:59,878 - INFO - Request for compute_price successfully processed, result: items=[PriceResponseItem(product_id='4cc0770f-91bc-4c0d-a26f-7b872f02ca94', qty=1, unit_price=250.0, line_total=250.0, discounts=0.0)] subtotal=250.0 total_discount=0.0 total=250.0 currency='USD' total_input_tokens=0 total_output_tokens=0 total_llm_calls=0, request: items=[PriceRequestItem(product_id='4cc0770f-91bc-4c0d-a26f-7b872f02ca94', qty=1)] promo_codes=[] currency='USD' only_final_price=False
2026-08-17 16:14:59,896 - INFO - Request for compute_price, request: items=[PriceRequestItem(product_id='4cc0770f-91bc-4c0d-a26f-7b872f02ca94', qty=1)] promo_codes=[] currency='USD' only_final_price=False
2026-08-17 16:14:59,898 - INFO - Request for compute_price successfully processed, result: items=[PriceResponseItem(product_id='4cc0770f-91bc-4c0d-a26f-7b872f02ca94', qty=1, unit_price=250.0, line_total=250.0, discounts=0.0)] subtotal=250.0 total_discount=0.0 total=250.0 currency='USD' total_input_tokens=0 total_output_tokens=0 total_llm_calls=0, request: items=[PriceRequestItem(product_id='4cc0770f-91bc-4c0d-a26f-7b872f02ca94', qty=1)] promo_codes=[] currency='USD' only_final_price=False
2026-08-17 16:14:59,916 - INFO - Request for compute_price, request: items=[PriceRequestItem(product_id='4cc0770f-91bc-4c0d-a26f-7b872f02ca94', qty=1)] promo_codes=[] currency='USD' only_final_price=False
2026-08-17 16:14:59,918 - INFO - Request for compute_price successfully processed, result: items=[PriceResponseItem(product_id='4cc0770f-91bc-4c0d-a26f-7b872f02ca94', qty=1, unit_price=250.0, line_total=250.0, discounts=0.0)] subtotal=250.0 total_discount=0.0 total=250.0 currency='USD' total_input_tokens=0 total_output_tokens=0 total_llm_calls=0, request: items=[PriceRequestItem(product_id='4cc0770f-91bc-4c0d-a26f-7b872f02ca94', qty=1)] promo_codes=[] currency='USD' only_final_price=False
2026-08-17 16:14:59,938 - INFO - Request for compute_price, request: items=[PriceRequestItem(product_id='4cc0770f-91bc-4c0d-a26f-7b872f02ca94', qty=1)] promo_codes=[] currency='USD' only_final_price=False
2026-08-17 16:14:59,940 - INFO - Request for compute_price successfully processed, result: items=[PriceResponseItem(product_id='4cc0770f-91bc-4c0d-a26f-7b872f02ca94', qty=1, unit_price=250.0, line_total=250.0, discounts=0.0)] subtotal=250.0 total_discount=0.0 total=250.0 currency='USD' total_input_tokens=0 total_output_tokens=0 total_llm_calls=0, request: items=[PriceRequestItem(product_id='4cc0770f-91bc-4c0d-a26f-7b872f02ca94', qty=1)] promo_codes=[] currency='USD' only_final_price=False
2026-08-17 16:14:59,964 - INFO - Request for compute_price, request: items=[PriceRequestItem(product_id='4cc0770f-91bc-4c0d-a26f-7b872f02ca94', qty=1)] promo_codes=[] currency='USD' only_final_price=False
2026-08-17 16:14:59,966 - INFO - Request for compute_price successfully processed, result: items=[PriceResponseItem(product_id='4cc0770f-91bc-4c0d-a26f-7b872f02ca94', qty=1, unit_price=250.0, line_total=250.0, discounts=0.0)] subtotal=250.0 total_discount=0.0 total=250.0 currency='USD' total_input_tokens=0 total_output_tokens=0 total_llm_calls=0, request: items=[PriceRequestItem(product_id='4cc0770f-91bc-4c0d-a26f-7b872f02ca94', qty=1)] promo_codes=[] currency='USD' only_final_price=False
2026-08-17 16:14:59,984 - INFO - Request for compute_price, request: items=[PriceRequestItem(product_id='4cc0770f-91bc-4c0d-a26f-7b872f02ca94', qty=1)] promo_codes=[] currency='USD' only_final_price=False
2026-08-17 16:14:59,985 - INFO - Request for compute_price successfully processed, result: items=[PriceResponseItem(product_id='4cc0770f-91bc-4c0d-a26f-7b872f02ca94', qty=1, unit_price=250.0, line_total=250.0, discounts=0.0)] subtotal=250.0 total_discount=0.0 total=250.0 currency='USD' total_input_tokens=0 total_output_tokens=0 total_llm_calls=0, request: items=[PriceRequestItem(product_id='4cc0770f-91bc-4c0d-a26f-7b872f02ca94', qty=1)] promo_codes=[] currency='USD' only_final_price=False
2026-08-17 16:15:00,003 - INFO - Request for compute_price, request: items=[PriceRequestItem(product_id='4cc0770f-91bc-4c0d-a26f-7b872f02ca94', qty=1)] promo_codes=[] currency='USD' only_final_price=False
2026-08-17 16:15:00,005 - INFO - Request for compute_price successfully processed, result: items=[PriceResponseItem(product_id='4cc0770f-91bc-4c0d-a26f-7b872f02ca94', qty=1, unit_price=250.0, line_total=250.0, discounts=0.0)] subtotal=250.0 total_discount=0.0 total=250.0 currency='USD' total_input_tokens=0 total_output_tokens=0 total_llm_calls=0, request: items=[PriceRequestItem(product_id='4cc0770f-91bc-4c0d-a26f-7b872f02ca94', qty=1)] promo_codes=[] currency='USD' only_final_price=False
2026-08-17 16:15:00,027 - INFO - Request for compute_price, request: items=[PriceRequestItem(product_id='4cc0770f-91bc-4c0d-a26f-7b872f02ca94', qty=1)] promo_codes=[] currency='USD' only_final_price=False
2026-08-17 16:15:00,028 - INFO - Request for compute_price successfully processed, result: items=[PriceResponseItem(product_id='4cc0770f-91bc-4c0d-a26f-7b872f02ca94', qty=1, unit_price=250.0, line_total=250.0, discounts=0.0)] subtotal=250.0 total_discount=0.0 total=250.0 currency='USD' total_input_tokens=0 total_output_tokens=0 total_llm_calls=0, request: items=[PriceRequestItem(product_id='4cc0770f-91bc-4c0d-a26f-7b872f02ca94', qty=1)] promo_codes=[] currency='USD' only_final_price=False
2026-08-17 16:15:00,046 - INFO - Request for compute_price, request: items=[PriceRequestItem(product_id='4cc0770f-91bc-4c0d-a26f-7b872f02ca94', qty=1)] promo_codes=[] currency='USD' only_final_price=False
2026-08-17 16:15:00,047 - INFO - Request for compute_price successfully processed, result: items=[PriceResponseItem(product_id='4cc0770f-91bc-4c0d-a26f-7b872f02ca94', qty=1, unit_price=250.0, line_total=250.0, discounts=0.0)] subtotal=250.0 total_discount=0.0 total=250.0 currency='USD' total_input_tokens=0 total_output_tokens=0 total_llm_calls=0, request: items=[PriceRequestItem(product_id='4cc0770f-91bc-4c0d-a26f-7b872f02ca94', qty=1)] promo_codes=[] currency='USD' only_final_price=False
2026-08-17 16:15:00,066 - INFO - Request for compute_price, request: items=[PriceRequestItem(product_id='4cc0770f-91bc-4c0d-a26f-7b872f02ca94', qty=1)] promo_codes=[] currency='USD' only_final_price=False
2026-08-17 16:15:00,067 - INFO - Request for compute_price successfully processed, result: items=[PriceResponseItem(product_id='4cc0770f-91bc-4c0d-a26f-7b872f02ca94', qty=1, unit_price=250.0, line_total=250.0, discounts=0.0)] subtotal=250.0 total_discount=0.0 total=250.0 currency='USD' total_input_tokens=0 total_output_tokens=0 total_llm_calls=0, request: items=[PriceRequestItem(product_id='4cc0770f-91bc-4c0d-a26f-7b872f02ca94', qty=1)] promo_codes=[] currency='USD' only_final_price=False
2026-08-17 16:15:00,085 - INFO - Request for compute_price, request: items=[PriceRequestItem(product_id='4cc0770f-91bc-4c0d-a26f-7b872f02ca94', qty=1)] promo_codes=[] currency='USD' only_final_price=False
2026-08-17 16:15:00,086 - INFO - Request for compute_price successfully processed, result: items=[PriceResponseItem(product_id='4cc0770f-91bc-4c0d-a26f-7b872f02ca94', qty=1, unit_price=250.0, line_total=250.0, discounts=0.0)] subtotal=250.0 total_discount=0.0 total=250.0 currency='USD' total_input_tokens=0 total_output_tokens=0 total_llm_calls=0, request: items=[PriceRequestItem(product_id='4cc0770f-91bc-4c0d-a26f-7b872f02ca94', qty=1)] promo_codes=[] currency='USD' only_final_price=False
2026-08-17 16:15:00,104 - INFO - Request for compute_price, request: items=[PriceRequestItem(product_id='4cc0770f-91bc-4c0d-a26f-7b872f02ca94', qty=1)] promo_codes=[] currency='USD' only_final_price=False
2026-08-17 16:15:00,105 - INFO - Request for compute_price successfully processed, result: items=[PriceResponseItem(product_id='4cc0770f-91bc-4c0d-a26f-7b872f02ca94', qty=1, unit_price=250.0, line_total=250.0, discounts=0.0)] subtotal=250.0 total_discount=0.0 total=250.0 currency='USD' total_input_tokens=0 total_output_tokens=0 total_llm_calls=0, request: items=[PriceRequestItem(product_id='4cc0770f-91bc-4c0d-a26f-7b872f02ca94', qty=1)] promo_codes=[] currency='USD' only_final_price=False
2026-08-17 16:15:00,122 - INFO - Request for compute_price, request: items=[PriceRequestItem(product_id='4cc0770f-91bc-4c0d-a26f-7b872f02ca94', qty=1)] promo_codes=[] currency='USD' only_final_price=False
2026-08-17 16:15:00,124 - INFO - Request for compute_price successfully processed, result: items=[PriceResponseItem(product_id='4cc0770f-91bc-4c0d-a26f-7b872f02ca94', qty=1, unit_price=250.0, line_total=250.0, discounts=0.0)] subtotal=250.0 total_discount=0.0 total=250.0 currency='USD' total_input_tokens=0 total_output_tokens=0 total_llm_calls=0, request: items=[PriceRequestItem(product_id='4cc0770f-91bc-4c0d-a26f-7b872f02ca94', qty=1)] promo_codes=[] currency='USD' only_final_price=False
2026-08-17 16:15:00,141 - INFO - Request for compute_price, request: items=[PriceRequestItem(product_id='4cc0770f-91bc-4c0d-a26f-7b872f02ca94', qty=1)] promo_codes=[] currency='USD' only_final_price=False
2026-08-17 16:15:00,143 - INFO - Request for compute_price successfully processed, result: items=[PriceResponseItem(product_id='4cc0770f-91bc-4c0d-a26f-7b872f02ca94', qty=1, unit_price=250.0, line_total=250.0, discounts=0.0)] subtotal=250.0 total_discount=0.0 total=250.0 currency='USD' total_input_tokens=0 total_output_tokens=0 total_llm_calls=0, request: items=[PriceRequestItem(product_id='4cc0770f-91bc-4c0d-a26f-7b872f02ca94', qty=1)] promo_codes=[] currency='USD' only_final_price=False
2026-08-17 16:15:00,160 - INFO - Request for compute_price, request: items=[PriceRequestItem(product_id='4cc0770f-91bc-4c0d-a26f-7b872f02ca94', qty=1)] promo_codes=[] currency='USD' only_final_price=False
2026-08-17 16:15:00,162 - INFO - Request for compute_price successfully processed, result: items=[PriceResponseItem(product_id='4cc0770f-91bc-4c0d-a26f-7b872f02ca94', qty=1, unit_price=250.0, line_total=250.0, discounts=0.0)] subtotal=250.0 total_discount=0.0 total=250.0 currency='USD' total_input_tokens=0 total_output_tokens=0 total_llm_calls=0, request: items=[PriceRequestItem(product_id='4cc0770f-91bc-4c0d-a26f-7b872f02ca94', qty=1)] promo_codes=[] currency='USD' only_final_price=False
2026-08-17 16:15:00,180 - INFO - Request for compute_price, request: items=[PriceRequestItem(product_id='4cc0770f-91bc-4c0d-a26f-7b872f02ca94', qty=1)] promo_codes=[] currency='USD' only_final_price=False
2026-08-17 16:15:00,181 - INFO - Request for compute_price successfully processed, result: items=[PriceResponseItem(product_id='4cc0770f-91bc-4c0d-a26f-7b872f02ca94', qty=1, unit_price=250.0, line_total=250.0, discounts=0.0)] subtotal=250.0 total_discount=0.0 total=250.0 currency='USD' total_input_tokens=0 total_output_tokens=0 total_llm_calls=0, request: items=[PriceRequestItem(product_id='4cc0770f-91bc-4c0d-a26f-7b872f02ca94', qty=1)] promo_codes=[] currency='USD' only_final_price=False
2026-08-17 16:15:00,200 - INFO - Request for compute_price, request: items=[PriceRequestItem(product_id='4cc0770f-91bc-4c0d-a26f-7b872f02ca94', qty=1)] promo_codes=[] currency='USD' only_final_price=False
2026-08-17 16:15:00,201 - INFO - Request for compute_price successfully processed, result: items=[PriceResponseItem(product_id='4cc0770f-91bc-4c0d-a26f-7b872f02ca94', qty=1, unit_price=250.0, line_total=250.0, discounts=0.0)] subtotal=250.0 total_discount=0.0 total=250.0 currency='USD' total_input_tokens=0 total_output_tokens=0 total_llm_calls=0, request: items=[PriceRequestItem(product_id='4cc0770f-91bc-4c0d-a26f-7b872f02ca94', qty=1)] promo_codes=[] currency='USD' only_final_price=False
2026-08-17 16:15:00,219 - INFO - Request for compute_price, request: items=[PriceRequestItem(product_id='4cc0770f-91bc-4c0d-a26f-7b872f02ca94', qty=1)] promo_codes=[] currency='USD' only_final_price=False
2026-08-17 16:15:00,220 - INFO - Request for compute_price successfully processed, result: items=[PriceResponseItem(product_id='4cc0770f-91bc-4c0d-a26f-7b872f02ca94', qty=1, unit_price=250.0, line_total=250.0, discounts=0.0)] subtotal=250.0 total_discount=0.0 total=250.0 currency='USD' total_input_tokens=0 total_output_tokens=0 total_llm_calls=0, request: items=[PriceRequestItem(product_id='4cc0770f-91bc-4c0d-a26f-7b872f02ca94', qty=1)] promo_codes=[] currency='USD' only_final_price=False
2026-08-17 16:15:00,238 - INFO - Request for compute_price, request: items=[PriceRequestItem(product_id='4cc0770f-91bc-4c0d-a26f-7b872f02ca94', qty=1)] promo_codes=[] currency='USD' only_final_price=False
2026-08-17 16:15:00,239 - INFO - Request for compute_price successfully processed, result: items=[PriceResponseItem(product_id='4cc0770f-91bc-4c0d-a26f-7b872f02ca94', qty=1, unit_price=250.0, line_total=250.0, discounts=0.0)] subtotal=250.0 total_discount=0.0 total=250.0 currency='USD' total_input_tokens=0 total_output_tokens=0 total_llm_calls=0, request: items=[PriceRequestItem(product_id='4cc0770f-91bc-4c0d-a26f-7b872f02ca94', qty=1)] promo_codes=[] currency='USD' only_final_price=False
2026-08-17 16:15:00,260 - INFO - Request for compute_price, request: items=[PriceRequestItem(product_id='4cc0770f-91bc-4c0d-a26f-7b872f02ca94', qty=1)] promo_codes=[] currency='USD' only_final_price=False
2026-08-17 16:15:00,262 - INFO - Request for compute_price successfully processed, result: items=[PriceResponseItem(product_id='4cc0770f-91bc-4c0d-a26f-7b872f02ca94', qty=1, unit_price=250.0, line_total=250.0, discounts=0.0)] subtotal=250.0 total_discount=0.0 total=250.0 currency='USD' total_input_tokens=0 total_output_tokens=0 total_llm_calls=0, request: items=[PriceRequestItem(product_id='4cc0770f-91bc-4c0d-a26f-7b872f02ca94', qty=1)] promo_codes=[] currency='USD' only_final_price=False
2026-08-17 16:15:00,280 - INFO - Request for compute_price, request: items=[PriceRequestItem(product_id='4cc0770f-91bc-4c0d-a26f-7b872f02ca94', qty=1)] promo_codes=[] currency='USD' only_final_price=False
2026-08-17 16:15:00,281 - INFO - Request for compute_price successfully processed, result: items=[PriceResponseItem(product_id='4cc0770f-91bc-4c0d-a26f-7b872f02ca94', qty=1, unit_price=250.0, line_total=250.0, discounts=0.0)] subtotal=250.0 total_discount=0.0 total=250.0 currency='USD' total_input_tokens=0 total_output_tokens=0 total_llm_calls=0, request: items=[PriceRequestItem(product_id='4cc0770f-91bc-4c0d-a26f-7b872f02ca94', qty=1)] promo_codes=[] currency='USD' only_final_price=False
2026-08-17 16:15:00,299 - INFO - Request for compute_price, request: items=[PriceRequestItem(product_id='4cc0770f-91bc-4c0d-a26f-7b872f02ca94', qty=1)] promo_codes=[] currency='USD' only_final_price=False
2026-08-17 16:15:00,300 - INFO - Request for compute_price successfully processed, result: items=[PriceResponseItem(product_id='4cc0770f-91bc-4c0d-a26f-7b872f02ca94', qty=1, unit_price=250.0, line_total=250.0, discounts=0.0)] subtotal=250.0 total_discount=0.0 total=250.0 currency='USD' total_input_tokens=0 total_output_tokens=0 total_llm_calls=0, request: items=[PriceRequestItem(product_id='4cc0770f-91bc-4c0d-a26f-7b872f02ca94', qty=1)] promo_codes=[] currency='USD' only_final_price=False
2026-08-17 16:15:00,318 - INFO - Request for compute_price, request: items=[PriceRequestItem(product_id='4cc0770f-91bc-4c0d-a26f-7b872f02ca94', qty=1)] promo_codes=[] currency='USD' only_final_price=False
2026-08-17 16:15:00,319 - INFO - Request for compute_price successfully processed, result: items=[PriceResponseItem(product_id='4cc0770f-91bc-4c0d-a26f-7b872f02ca94', qty=1, unit_price=250.0, line_total=250.0, discounts=0.0)] subtotal=250.0 total_discount=0.0 total=250.0 currency='USD' total_input_tokens=0 total_output_tokens=0 total_llm_calls=0, request: items=[PriceRequestItem(product_id='4cc0770f-91bc-4c0d-a26f-7b872f02ca94', qty=1)] promo_codes=[] currency='USD' only_final_price=False
2026-08-17 16:15:00,337 - INFO - Request for compute_price, request: items=[PriceRequestItem(product_id='4cc0770f-91bc-4c0d-a26f-7b872f02ca94', qty=1)] promo_codes=[] currency='USD' only_final_price=False
2026-08-17 16:15:00,338 - INFO - Request for compute_price successfully processed, result: items=[PriceResponseItem(product_id='4cc0770f-91bc-4c0d-a26f-7b872f02ca94', qty=1, unit_price=250.0, line_total=250.0, discounts=0.0)] subtotal=250.0 total_discount=0.0 total=250.0 currency='USD' total_input_tokens=0 total_output_tokens=0 total_llm_calls=0, request: items=[PriceRequestItem(product_id='4cc0770f-91bc-4c0d-a26f-7b872f02ca94', qty=1)] promo_codes=[] currency='USD' only_final_price=False
2026-08-17 16:15:00,356 - INFO - Request for compute_price, request: items=[PriceRequestItem(product_id='4cc0770f-91bc-4c0d-a26f-7b872f02ca94', qty=1)] promo_codes=[] currency='USD' only_final_price=False
2026-08-17 16:15:00,357 - INFO - Request for compute_price successfully processed, result: items=[PriceResponseItem(product_id='4cc0770f-91bc-4c0d-a26f-7b872f02ca94', qty=1, unit_price=250.0, line_total=250.0, discounts=0.0)] subtotal=250.0 total_discount=0.0 total=250.0 currency='USD' total_input_tokens=0 total_output_tokens=0 total_llm_calls=0, request: items=[PriceRequestItem(product_id='4cc0770f-91bc-4c0d-a26f-7b872f02ca94', qty=1)] promo_codes=[] currency='USD' only_final_price=False
2026-08-17 16:15:00,375 - INFO - Request for compute_price, request: items=[PriceRequestItem(product_id='4cc0770f-91bc-4c0d-a26f-7b872f02ca94', qty=1)] promo_codes=[] currency='USD' only_final_price=False
2026-08-17 16:15:00,376 - INFO - Request for compute_price successfully processed, result: items=[PriceResponseItem(product_id='4cc0770f-91bc-4c0d-a26f-7b872f02ca94', qty=1, unit_price=250.0, line_total=250.0, discounts=0.0)] subtotal=250.0 total_discount=0.0 total=250.0 currency='USD' total_input_tokens=0 total_output_tokens=0 total_llm_calls=0, request: items=[PriceRequestItem(product_id='4cc0770f-91bc-4c0d-a26f-7b872f02ca94', qty=1)] promo_codes=[] currency='USD' only_final_price=False
2026-08-17 16:15:00,394 - INFO - Request for compute_price, request: items=[PriceRequestItem(product_id='4cc0770f-91bc-4c0d-a26f-7b872f02ca94', qty=1)] promo_codes=[] currency='USD' only_final_price=False
2026-08-17 16:15:00,396 - INFO - Request for compute_price successfully processed, result: items=[PriceResponseItem(product_id='4cc0770f-91bc-4c0d-a26f-7b872f02ca94', qty=1, unit_price=250.0, line_total=250.0, discounts=0.0)] subtotal=250.0 total_discount=0.0 total=250.0 currency='USD' total_input_tokens=0 total_output_tokens=0 total_llm_calls=0, request: items=[PriceRequestItem(product_id='4cc0770f-91bc-4c0d-a26f-7b872f02ca94', qty=1)] promo_codes=[] currency='USD' only_final_price=False
2026-08-17 16:15:00,414 - INFO - Request for compute_price, request: items=[PriceRequestItem(product_id='4cc0770f-91bc-4c0d-a26f-7b872f02ca94', qty=1)] promo_codes=[] currency='USD' only_final_price=False
2026-08-17 16:15:00,415 - INFO - Request for compute_price successfully processed, result: items=[PriceResponseItem(product_id='4cc0770f-91bc-4c0d-a26f-7b872f02ca94', qty=1, unit_price=250.0, line_total=250.0, discounts=0.0)] subtotal=250.0 total_discount=0.0 total=250.0 currency='USD' total_input_tokens=0 total_output_tokens=0 total_llm_calls=0, request: items=[PriceRequestItem(product_id='4cc0770f-91bc-4c0d-a26f-7b872f02ca94', qty=1)] promo_codes=[] currency='USD' only_final_price=False
2026-08-17 16:15:00,433 - INFO - Request for compute_price, request: items=[PriceRequestItem(product_id='4cc0770f-91bc-4c0d-a26f-7b872f02ca94', qty=1)] promo_codes=[] currency='USD' only_final_price=False
2026-08-17 16:15:00,434 - INFO - Request for compute_price successfully processed, result: items=[PriceResponseItem(product_id='4cc0770f-91bc-4c0d-a26f-7b872f02ca94', qty=1, unit_price=250.0, line_total=250.0, discounts=0.0)] subtotal=250.0 total_discount=0.0 total=250.0 currency='USD' total_input_tokens=0 total_output_tokens=0 total_llm_calls=0, request: items=[PriceRequestItem(product_id='4cc0770f-91bc-4c0d-a26f-7b872f02ca94', qty=1)] promo_codes=[] currency='USD' only_final_price=False
2026-08-17 16:15:00,453 - INFO - Request for compute_price, request: items=[PriceRequestItem(product_id='4cc0770f-91bc-4c0d-a26f-7b872f02ca94', qty=1)] promo_codes=[] currency='USD' only_final_price=False
2026-08-17 16:15:00,455 - INFO - Request for compute_price successfully processed, result: items=[PriceResponseItem(product_id='4cc0770f-91bc-4c0d-a26f-7b872f02ca94', qty=1, unit_price=250.0, line_total=250.0, discounts=0.0)] subtotal=250.0 total_discount=0.0 total=250.0 currency='USD' total_input_tokens=0 total_output_tokens=0 total_llm_calls=0, request: items=[PriceRequestItem(product_id='4cc0770f-91bc-4c0d-a26f-7b872f02ca94', qty=1)] promo_codes=[] currency='USD' only_final_price=False
2026-08-17 16:15:00,474 - INFO - Request for compute_price, request: items=[PriceRequestItem(product_id='4cc0770f-91bc-4c0d-a26f-7b872f02ca94', qty=1)] promo_codes=[] currency='USD' only_final_price=False
2026-08-17 16:15:00,475 - INFO - Request for compute_price successfully processed, result: items=[PriceResponseItem(product_id='4cc0770f-91bc-4c0d-a26f-7b872f02ca94', qty=1, unit_price=250.0, line_total=250.0, discounts=0.0)] subtotal=250.0 total_discount=0.0 total=250.0 currency='USD' total_input_tokens=0 total_output_tokens=0 total_llm_calls=0, request: items=[PriceRequestItem(product_id='4cc0770f-91bc-4c0d-a26f-7b872f02ca94', qty=1)] promo_codes=[] currency='USD' only_final_price=False
2026-08-17 16:15:00,493 - INFO - Request for compute_price, request: items=[PriceRequestItem(product_id='4cc0770f-91bc-4c0d-a26f-7b872f02ca94', qty=1)] promo_codes=[] currency='USD' only_final_price=False
2026-08-17 16:15:00,494 - INFO - Request for compute_price successfully processed, result: items=[PriceResponseItem(product_id='4cc0770f-91bc-4c0d-a26f-7b872f02ca94', qty=1, unit_price=250.0, line_total=250.0, discounts=0.0)] subtotal=250.0 total_discount=0.0 total=250.0 currency='USD' total_input_tokens=0 total_output_tokens=0 total_llm_calls=0, request: items=[PriceRequestItem(product_id='4cc0770f-91bc-4c0d-a26f-7b872f02ca94', qty=1)] promo_codes=[] currency='USD' only_final_price=False
2026-08-17 16:15:00,513 - INFO - Request for compute_price, request: items=[PriceRequestItem(product_id='4cc0770f-91bc-4c0d-a26f-7b872f02ca94', qty=1)] promo_codes=[] currency='USD' only_final_price=False
2026-08-17 16:15:00,514 - INFO - Request for compute_price successfully processed, result: items=[PriceResponseItem(product_id='4cc0770f-91bc-4c0d-a26f-7b872f02ca94', qty=1, unit_price=250.0, line_total=250.0, discounts=0.0)] subtotal=250.0 total_discount=0.0 total=250.0 currency='USD' total_input_tokens=0 total_output_tokens=0 total_llm_calls=0, request: items=[PriceRequestItem(product_id='4cc0770f-91bc-4c0d-a26f-7b872f02ca94', qty=1)] promo_codes=[] currency='USD' only_final_price=False
2026-08-17 16:15:00,536 - INFO - Request for compute_price, request: items=[PriceRequestItem(product_id='4cc0770f-91bc-4c0d-a26f-7b872f02ca94', qty=1)] promo_codes=[] currency='USD' only_final_price=False
2026-08-17 16:15:00,537 - INFO - Request for compute_price successfully processed, result: items=[PriceResponseItem(product_id='4cc0770f-91bc-4c0d-a26f-7b872f02ca94', qty=1, unit_price=250.0, line_total=250.0, discounts=0.0)] subtotal=250.0 total_discount=0.0 total=250.0 currency='USD' total_input_tokens=0 total_output_tokens=0 total_llm_calls=0, request: items=[PriceRequestItem(product_id='4cc0770f-91bc-4c0d-a26f-7b872f02ca94', qty=1)] promo_codes=[] currency='USD' only_final_price=False
2026-08-17 16:15:00,554 - INFO - Request for compute_price, request: items=[PriceRequestItem(product_id='4cc0770f-91bc-4c0d-a26f-7b872f02ca94', qty=1)] promo_codes=[] currency='USD' only_final_price=False
2026-08-17 16:15:00,556 - INFO - Request for compute_price successfully processed, result: items=[PriceResponseItem(product_id='4cc0770f-91bc-4c0d-a26f-7b872f02ca94', qty=1, unit_price=250.0, line_total=250.0, discounts=0.0)] subtotal=250.0 total_discount=0.0 total=250.0 currency='USD' total_input_tokens=0 total_output_tokens=0 total_llm_calls=0, request: items=[PriceRequestItem(product_id='4cc0770f-91bc-4c0d-a26f-7b872f02ca94', qty=1)] promo_codes=[] currency='USD' only_final_price=False
2026-08-17 16:15:00,574 - INFO - Request for compute_price, request: items=[PriceRequestItem(product_id='4cc0770f-91bc-4c0d-a26f-7b872f02ca94', qty=1)] promo_codes=[] currency='USD' only_final_price=False
2026-08-17 16:15:00,576 - INFO - Request for compute_price successfully processed, result: items=[PriceResponseItem(product_id='4cc0770f-91bc-4c0d-a26f-7b872f02ca94', qty=1, unit_price=250.0, line_total=250.0, discounts=0.0)] subtotal=250.0 total_discount=0.0 total=250.0 currency='USD' total_input_tokens=0 total_output_tokens=0 total_llm_calls=0, request: items=[PriceRequestItem(product_id='4cc0770f-91bc-4c0d-a26f-7b872f02ca94', qty=1)] promo_codes=[] currency='USD' only_final_price=False
2026-08-17 16:15:00,594 - INFO - Request for compute_price, request: items=[PriceRequestItem(product_id='4cc0770f-91bc-4c0d-a26f-7b872f02ca94', qty=1)] promo_codes=[] currency='USD' only_final_price=False
2026-08-17 16:15:00,596 - INFO - Request for compute_price successfully processed, result: items=[PriceResponseItem(product_id='4cc0770f-91bc-4c0d-a26f-7b872f02ca94', qty=1, unit_price=250.0, line_total=250.0, discounts=0.0)] subtotal=250.0 total_discount=0.0 total=250.0 currency='USD' total_input_tokens=0 total_output_tokens=0 total_llm_calls=0, request: items=[PriceRequestItem(product_id='4cc0770f-91bc-4c0d-a26f-7b872f02ca94', qty=1)] promo_codes=[] currency='USD' only_final_price=False
2026-08-17 16:15:00,614 - INFO - Request for compute_price, request: items=[PriceRequestItem(product_id='4cc0770f-91bc-4c0d-a26f-7b872f02ca94', qty=1)] promo_codes=[] currency='USD' only_final_price=False
2026-08-17 16:15:00,616 - INFO - Request for compute_price successfully processed, result: items=[PriceResponseItem(product_id='4cc0770f-91bc-4c0d-a26f-7b872f02ca94', qty=1, unit_price=250.0, line_total=250.0, discounts=0.0)] subtotal=250.0 total_discount=0.0 total=250.0 currency='USD' total_input_tokens=0 total_output_tokens=0 total_llm_calls=0, request: items=[PriceRequestItem(product_id='4cc0770f-91bc-4c0d-a26f-7b872f02ca94', qty=1)] promo_codes=[] currency='USD' only_final_price=False
2026-08-17 16:15:00,633 - INFO - Request for compute_price, request: items=[PriceRequestItem(product_id='4cc0770f-91bc-4c0d-a26f-7b872f02ca94', qty=1)] promo_codes=[] currency='USD' only_final_price=False
2026-08-17 16:15:00,634 - INFO - Request for compute_price successfully processed, result: items=[PriceResponseItem(product_id='4cc0770f-91bc-4c0d-a26f-7b872f02ca94', qty=1, unit_price=250.0, line_total=250.0, discounts=0.0)] subtotal=250.0 total_discount=0.0 total=250.0 currency='USD' total_input_tokens=0 total_output_tokens=0 total_llm_calls=0, request: items=[PriceRequestItem(product_id='4cc0770f-91bc-4c0d-a26f-7b872f02ca94', qty=1)] promo_codes=[] currency='USD' only_final_price=False
2026-08-17 16:15:00,652 - INFO - Request for compute_price, request: items=[PriceRequestItem(product_id='4cc0770f-91bc-4c0d-a26f-7b872f02ca94', qty=1)] promo_codes=[] currency='USD' only_final_price=False
2026-08-17 16:15:00,653 - INFO - Request for compute_price successfully processed, result: items=[PriceResponseItem(product_id='4cc0770f-91bc-4c0d-a26f-7b872f02ca94', qty=1, unit_price=250.0, line_total=250.0, discounts=0.0)] subtotal=250.0 total_discount=0.0 total=250.0 currency='USD' total_input_tokens=0 total_output_tokens=0 total_llm_calls=0, request: items=[PriceRequestItem(product_id='4cc0770f-91bc-4c0d-a26f-7b872f02ca94', qty=1)] promo_codes=[] currency='USD' only_final_price=False
2026-08-17 16:15:00,671 - INFO - Request for compute_price, request: items=[PriceRequestItem(product_id='4cc0770f-91bc-4c0d-a26f-7b872f02ca94', qty=1)] promo_codes=[] currency='USD' only_final_price=False
2026-08-17 16:15:00,672 - INFO - Request for compute_price successfully processed, result: items=[PriceResponseItem(product_id='4cc0770f-91bc-4c0d-a26f-7b872f02ca94', qty=1, unit_price=250.0, line_total=250.0, discounts=0.0)] subtotal=250.0 total_discount=0.0 total=250.0 currency='USD' total_input_tokens=0 total_output_tokens=0 total_llm_calls=0, request: items=[PriceRequestItem(product_id='4cc0770f-91bc-4c0d-a26f-7b872f02ca94', qty=1)] promo_codes=[] currency='USD' only_final_price=False
2026-08-17 16:15:00,690 - INFO - Request for compute_price, request: items=[PriceRequestItem(product_id='4cc0770f-91bc-4c0d-a26f-7b872f02ca94', qty=1)] promo_codes=[] currency='USD' only_final_price=False
2026-08-17 16:15:00,692 - INFO - Request for compute_price successfully processed, result: items=[PriceResponseItem(product_id='4cc0770f-91bc-4c0d-a26f-7b872f02ca94', qty=1, unit_price=250.0, line_total=250.0, discounts=0.0)] subtotal=250.0 total_discount=0.0 total=250.0 currency='USD' total_input_tokens=0 total_output_tokens=0 total_llm_calls=0, request: items=[PriceRequestItem(product_id='4cc0770f-91bc-4c0d-a26f-7b872f02ca94', qty=1)] promo_codes=[] currency='USD' only_final_price=False
2026-08-17 16:15:00,711 - INFO - Request for compute_price, request: items=[PriceRequestItem(product_id='4cc0770f-91bc-4c0d-a26f-7b872f02ca94', qty=1)] promo_codes=[] currency='USD' only_final_price=False
2026-08-17 16:15:00,713 - INFO - Request for compute_price successfully processed, result: items=[PriceResponseItem(product_id='4cc0770f-91bc-4c0d-a26f-7b872f02ca94', qty=1, unit_price=250.0, line_total=250.0, discounts=0.0)] subtotal=250.0 total_discount=0.0 total=250.0 currency='USD' total_input_tokens=0 total_output_tokens=0 total_llm_calls=0, request: items=[PriceRequestItem(product_id='4cc0770f-91bc-4c0d-a26f-7b872f02ca94', qty=1)] promo_codes=[] currency='USD' only_final_price=False
2026-08-17 16:15:00,731 - INFO - Request for compute_price, request: items=[PriceRequestItem(product_id='4cc0770f-91bc-4c0d-a26f-7b872f02ca94', qty=1)] promo_codes=[] currency='USD' only_final_price=False
2026-08-17 16:15:00,732 - INFO - Request for compute_price successfully processed, result: items=[PriceResponseItem(product_id='4cc0770f-91bc-4c0d-a26f-7b872f02ca94', qty=1, unit_price=250.0, line_total=250.0, discounts=0.0)] subtotal=250.0 total_discount=0.0 total=250.0 currency='USD' total_input_tokens=0 total_output_tokens=0 total_llm_calls=0, request: items=[PriceRequestItem(product_id='4cc0770f-91bc-4c0d-a26f-7b872f02ca94', qty=1)] promo_codes=[] currency='USD' only_final_price=False
2026-08-17 16:15:00,750 - INFO - Request for compute_price, request: items=[PriceRequestItem(product_id='4cc0770f-91bc-4c0d-a26f-7b872f02ca94', qty=1)] promo_codes=[] currency='USD' only_final_price=False
2026-08-17 16:15:00,752 - INFO - Request for compute_price successfully processed, result: items=[PriceResponseItem(product_id='4cc0770f-91bc-4c0d-a26f-7b872f02ca94', qty=1, unit_price=250.0, line_total=250.0, discounts=0.0)] subtotal=250.0 total_discount=0.0 total=250.0 currency='USD' total_input_tokens=0 total_output_tokens=0 total_llm_calls=0, request: items=[PriceRequestItem(product_id='4cc0770f-91bc-4c0d-a26f-7b872f02ca94', qty=1)] promo_codes=[] currency='USD' only_final_price=False
2026-08-17 16:15:00,770 - INFO - Request for compute_price, request: items=[PriceRequestItem(product_id='4cc0770f-91bc-4c0d-a26f-7b872f02ca94', qty=1)] promo_codes=[] currency='USD' only_final_price=False
2026-08-17 16:15:00,771 - INFO - Request for compute_price successfully processed, result: items=[PriceResponseItem(product_id='4cc0770f-91bc-4c0d-a26f-7b872f02ca94', qty=1, unit_price=250.0, line_total=250.0, discounts=0.0)] subtotal=250.0 total_discount=0.0 total=250.0 currency='USD' total_input_tokens=0 total_output_tokens=0 total_llm_calls=0, request: items=[PriceRequestItem(product_id='4cc0770f-91bc-4c0d-a26f-7b872f02ca94', qty=1)] promo_codes=[] currency='USD' only_final_price=False
2026-08-17 16:15:00,790 - INFO - Request for compute_price, request: items=[PriceRequestItem(product_id='4cc0770f-91bc-4c0d-a26f-7b872f02ca94', qty=1)] promo_codes=[] currency='USD' only_final_price=False
2026-08-17 16:15:00,791 - INFO - Request for compute_price successfully processed, result: items=[PriceResponseItem(product_id='4cc0770f-91bc-4c0d-a26f-7b872f02ca94', qty=1, unit_price=250.0, line_total=250.0, discounts=0.0)] subtotal=250.0 total_discount=0.0 total=250.0 currency='USD' total_input_tokens=0 total_output_tokens=0 total_llm_calls=0, request: items=[PriceRequestItem(product_id='4cc0770f-91bc-4c0d-a26f-7b872f02ca94', qty=1)] promo_codes=[] currency='USD' only_final_price=False
2026-08-17 16:15:00,809 - INFO - Request for compute_price, request: items=[PriceRequestItem(product_id='4cc0770f-91bc-4c0d-a26f-7b872f02ca94', qty=1)] promo_codes=[] currency='USD' only_final_price=False
2026-08-17 16:15:00,811 - INFO - Request for compute_price successfully processed, result: items=[PriceResponseItem(product_id='4cc0770f-91bc-4c0d-a26f-7b872f02ca94', qty=1, unit_price=250.0, line_total=250.0, discounts=0.0)] subtotal=250.0 total_discount=0.0 total=250.0 currency='USD' total_input_tokens=0 total_output_tokens=0 total_llm_calls=0, request: items=[PriceRequestItem(product_id='4cc0770f-91bc-4c0d-a26f-7b872f02ca94', qty=1)] promo_codes=[] currency='USD' only_final_price=False
2026-08-17 16:15:00,828 - INFO - Request for compute_price, request: items=[PriceRequestItem(product_id='4cc0770f-91bc-4c0d-a26f-7b872f02ca94', qty=1)] promo_codes=[] currency='USD' only_final_price=False
2026-08-17 16:15:00,829 - INFO - Request for compute_price successfully processed, result: items=[PriceResponseItem(product_id='4cc0770f-91bc-4c0d-a26f-7b872f02ca94', qty=1, unit_price=250.0, line_total=250.0, discounts=0.0)] subtotal=250.0 total_discount=0.0 total=250.0 currency='USD' total_input_tokens=0 total_output_tokens=0 total_llm_calls=0, request: items=[PriceRequestItem(product_id='4cc0770f-91bc-4c0d-a26f-7b872f02ca94', qty=1)] promo_codes=[] currency='USD' only_final_price=False
2026-08-17 16:15:00,847 - INFO - Request for compute_price, request: items=[PriceRequestItem(product_id='4cc0770f-91bc-4c0d-a26f-7b872f02ca94', qty=1)] promo_codes=[] currency='USD' only_final_price=False
2026-08-17 16:15:00,848 - INFO - Request for compute_price successfully processed, result: items=[PriceResponseItem(product_id='4cc0770f-91bc-4c0d-a26f-7b872f02ca94', qty=1, unit_price=250.0, line_total=250.0, discounts=0.0)] subtotal=250.0 total_discount=0.0 total=250.0 currency='USD' total_input_tokens=0 total_output_tokens=0 total_llm_calls=0, request: items=[PriceRequestItem(product_id='4cc0770f-91bc-4c0d-a26f-7b872f02ca94', qty=1)] promo_codes=[] currency='USD' only_final_price=False
2026-08-17 16:15:00,865 - INFO - Request for compute_price, request: items=[PriceRequestItem(product_id='4cc0770f-91bc-4c0d-a26f-7b872f02ca94', qty=1)] promo_codes=[] currency='USD' only_final_price=False
2026-08-17 16:15:00,867 - INFO - Request for compute_price successfully processed, result: items=[PriceResponseItem(product_id='4cc0770f-91bc-4c0d-a26f-7b872f02ca94', qty=1, unit_price=250.0, line_total=250.0, discounts=0.0)] subtotal=250.0 total_discount=0.0 total=250.0 currency='USD' total_input_tokens=0 total_output_tokens=0 total_llm_calls=0, request: items=[PriceRequestItem(product_id='4cc0770f-91bc-4c0d-a26f-7b872f02ca94', qty=1)] promo_codes=[] currency='USD' only_final_price=False
2026-08-17 16:15:00,885 - INFO - Request for compute_price, request: items=[PriceRequestItem(product_id='4cc0770f-91bc-4c0d-a26f-7b872f02ca94', qty=1)] promo_codes=[] currency='USD' only_final_price=False
2026-08-17 16:15:00,886 - INFO - Request for compute_price successfully processed, result: items=[PriceResponseItem(product_id='4cc0770f-91bc-4c0d-a26f-7b872f02ca94', qty=1, unit_price=250.0, line_total=250.0, discounts=0.0)] subtotal=250.0 total_discount=0.0 total=250.0 currency='USD' total_input_tokens=0 total_output_tokens=0 total_llm_calls=0, request: items=[PriceRequestItem(product_id='4cc0770f-91bc-4c0d-a26f-7b872f02ca94', qty=1)] promo_codes=[] currency='USD' only_final_price=False
2026-08-17 16:15:00,904 - INFO - Request for compute_price, request: items=[PriceRequestItem(product_id='4cc0770f-91bc-4c0d-a26f-7b872f02ca94', qty=1)] promo_codes=[] currency='USD' only_final_price=False
2026-08-17 16:15:00,906 - INFO - Request for compute_price successfully processed, result: items=[PriceResponseItem(product_id='4cc0770f-91bc-4c0d-a26f-7b872f02ca94', qty=1, unit_price=250.0, line_total=250.0, discounts=0.0)] subtotal=250.0 total_discount=0.0 total=250.0 currency='USD' total_input_tokens=0 total_output_tokens=0 total_llm_calls=0, request: items=[PriceRequestItem(product_id='4cc0770f-91bc-4c0d-a26f-7b872f02ca94', qty=1)] promo_codes=[] currency='USD' only_final_price=False
2026-08-17 16:15:00,923 - INFO - Request for compute_price, request: items=[PriceRequestItem(product_id='4cc0770f-91bc-4c0d-a26f-7b872f02ca94', qty=1)] promo_codes=[] currency='USD' only_final_price=False
2026-08-17 16:15:00,924 - INFO - Request for compute_price successfully processed, result: items=[PriceResponseItem(product_id='4cc0770f-91bc-4c0d-a26f-7b872f02ca94', qty=1, unit_price=250.0, line_total=250.0, discounts=0.0)] subtotal=250.0 total_discount=0.0 total=250.0 currency='USD' total_input_tokens=0 total_output_tokens=0 total_llm_calls=0, request: items=[PriceRequestItem(product_id='4cc0770f-91bc-4c0d-a26f-7b872f02ca94', qty=1)] promo_codes=[] currency='USD' only_final_price=False
2026-08-17 16:15:00,942 - INFO - Request for compute_price, request: items=[PriceRequestItem(product_id='4cc0770f-91bc-4c0d-a26f-7b872f02ca94', qty=1)] promo_codes=[] currency='USD' only_final_price=False
2026-08-17 16:15:00,943 - INFO - Request for compute_price successfully processed, result: items=[PriceResponseItem(product_id='4cc0770f-91bc-4c0d-a26f-7b872f02ca94', qty=1, unit_price=250.0, line_total=250.0, discounts=0.0)] subtotal=250.0 total_discount=0.0 total=250.0 currency='USD' total_input_tokens=0 total_output_tokens=0 total_llm_calls=0, request: items=[PriceRequestItem(product_id='4cc0770f-91bc-4c0d-a26f-7b872f02ca94', qty=1)] promo_codes=[] currency='USD' only_final_price=False
2026-08-17 16:15:00,963 - INFO - Request for compute_price, request: items=[PriceRequestItem(product_id='4cc0770f-91bc-4c0d-a26f-7b872f02ca94', qty=1)] promo_codes=[] currency='USD' only_final_price=False
2026-08-17 16:15:00,965 - INFO - Request for compute_price successfully processed, result: items=[PriceResponseItem(product_id='4cc0770f-91bc-4c0d-a26f-7b872f02ca94', qty=1, unit_price=250.0, line_total=250.0, discounts=0.0)] subtotal=250.0 total_discount=0.0 total=250.0 currency='USD' total_input_tokens=0 total_output_tokens=0 total_llm_calls=0, request: items=[PriceRequestItem(product_id='4cc0770f-91bc-4c0d-a26f-7b872f02ca94', qty=1)] promo_codes=[] currency='USD' only_final_price=False
2026-08-17 16:15:00,990 - INFO - Request for compute_price, request: items=[PriceRequestItem(product_id='4cc0770f-91bc-4c0d-a26f-7b872f02ca94', qty=1)] promo_codes=[] currency='USD' only_final_price=False
2026-08-17 16:15:00,992 - INFO - Request for compute_price successfully processed, result: items=[PriceResponseItem(product_id='4cc0770f-91bc-4c0d-a26f-7b872f02ca94', qty=1, unit_price=250.0, line_total=250.0, discounts=0.0)] subtotal=250.0 total_discount=0.0 total=250.0 currency='USD' total_input_tokens=0 total_output_tokens=0 total_llm_calls=0, request: items=[PriceRequestItem(product_id='4cc0770f-91bc-4c0d-a26f-7b872f02ca94', qty=1)] promo_codes=[] currency='USD' only_final_price=False
2026-08-17 16:15:01,029 - INFO - Request for compute_price, request: items=[PriceRequestItem(product_id='4cc0770f-91bc-4c0d-a26f-7b872f02ca94', qty=1)] promo_codes=[] currency='USD' only_final_price=False
2026-08-17 16:15:01,033 - INFO - Request for compute_price successfully processed, result: items=[PriceResponseItem(product_id='4cc0770f-91bc-4c0d-a26f-7b872f02ca94', qty=1, unit_price=250.0, line_total=250.0, discounts=0.0)] subtotal=250.0 total_discount=0.0 total=250.0 currency='USD' total_input_tokens=0 total_output_tokens=0 total_llm_calls=0, request: items=[PriceRequestItem(product_id='4cc0770f-91bc-4c0d-a26f-7b872f02ca94', qty=1)] promo_codes=[] currency='USD' only_final_price=False
2026-08-17 16:15:01,059 - INFO - Request for compute_price, request: items=[PriceRequestItem(product_id='4cc0770f-91bc-4c0d-a26f-7b872f02ca94', qty=1)] promo_codes=[] currency='USD' only_final_price=False
2026-08-17 16:15:01,063 - INFO - Request for compute_price successfully processed, result: items=[PriceResponseItem(product_id='4cc0770f-91bc-4c0d-a26f-7b872f02ca94', qty=1, unit_price=250.0, line_total=250.0, discounts=0.0)] subtotal=250.0 total_discount=0.0 total=250.0 currency='USD' total_input_tokens=0 total_output_tokens=0 total_llm_calls=0, request: items=[PriceRequestItem(product_id='4cc0770f-91bc-4c0d-a26f-7b872f02ca94', qty=1)] promo_codes=[] currency='USD' only_final_price=False
2026-08-17 16:15:01,088 - INFO - Request for compute_price, request: items=[PriceRequestItem(product_id='4cc0770f-91bc-4c0d-a26f-7b872f02ca94', qty=1)] promo_codes=[] currency='USD' only_final_price=False
2026-08-17 16:15:01,089 - INFO - Request for compute_price successfully processed, result: items=[PriceResponseItem(product_id='4cc0770f-91bc-4c0d-a26f-7b872f02ca94', qty=1, unit_price=250.0, line_total=250.0, discounts=0.0)] subtotal=250.0 total_discount=0.0 total=250.0 currency='USD' total_input_tokens=0 total_output_tokens=0 total_llm_calls=0, request: items=[PriceRequestItem(product_id='4cc0770f-91bc-4c0d-a26f-7b872f02ca94', qty=1)] promo_codes=[] currency='USD' only_final_price=False
2026-08-17 16:15:01,114 - INFO - Request for compute_price, request: items=[PriceRequestItem(product_id='4cc0770f-91bc-4c0d-a26f-7b872f02ca94', qty=1)] promo_codes=[] currency='USD' only_final_price=False
2026-08-17 16:15:01,115 - INFO - Request for compute_price successfully processed, result: items=[PriceResponseItem(product_id='4cc0770f-91bc-4c0d-a26f-7b872f02ca94', qty=1, unit_price=250.0, line_total=250.0, discounts=0.0)] subtotal=250.0 total_discount=0.0 total=250.0 currency='USD' total_input_tokens=0 total_output_tokens=0 total_llm_calls=0, request: items=[PriceRequestItem(product_id='4cc0770f-91bc-4c0d-a26f-7b872f02ca94', qty=1)] promo_codes=[] currency='USD' only_final_price=False
2026-08-17 16:15:01,137 - INFO - Request for compute_price, request: items=[PriceRequestItem(product_id='4cc0770f-91bc-4c0d-a26f-7b872f02ca94', qty=1)] promo_codes=[] currency='USD' only_final_price=False
2026-08-17 16:15:01,138 - INFO - Request for compute_price successfully processed, result: items=[PriceResponseItem(product_id='4cc0770f-91bc-4c0d-a26f-7b872f02ca94', qty=1, unit_price=250.0, line_total=250.0, discounts=0.0)] subtotal=250.0 total_discount=0.0 total=250.0 currency='USD' total_input_tokens=0 total_output_tokens=0 total_llm_calls=0, request: items=[PriceRequestItem(product_id='4cc0770f-91bc-4c0d-a26f-7b872f02ca94', qty=1)] promo_codes=[] currency='USD' only_final_price=False
2026-08-17 16:15:01,160 - INFO - Request for compute_price, request: items=[PriceRequestItem(product_id='4cc0770f-91bc-4c0d-a26f-7b872f02ca94', qty=1)] promo_codes=[] currency='USD' only_final_price=False
2026-08-17 16:15:01,161 - INFO - Request for compute_price successfully processed, result: items=[PriceResponseItem(product_id='4cc0770f-91bc-4c0d-a26f-7b872f02ca94', qty=1, unit_price=250.0, line_total=250.0, discounts=0.0)] subtotal=250.0 total_discount=0.0 total=250.0 currency='USD' total_input_tokens=0 total_output_tokens=0 total_llm_calls=0, request: items=[PriceRequestItem(product_id='4cc0770f-91bc-4c0d-a26f-7b872f02ca94', qty=1)] promo_codes=[] currency='USD' only_final_price=False
2026-08-17 16:15:01,182 - INFO - Request for compute_price, request: items=[PriceRequestItem(product_id='4cc0770f-91bc-4c0d-a26f-7b872f02ca94', qty=1)] promo_codes=[] currency='USD' only_final_price=False
2026-08-17 16:15:01,184 - INFO - Request for compute_price successfully processed, result: items=[PriceResponseItem(product_id='4cc0770f-91bc-4c0d-a26f-7b872f02ca94', qty=1, unit_price=250.0, line_total=250.0, discounts=0.0)] subtotal=250.0 total_discount=0.0 total=250.0 currency='USD' total_input_tokens=0 total_output_tokens=0 total_llm_calls=0, request: items=[PriceRequestItem(product_id='4cc0770f-91bc-4c0d-a26f-7b872f02ca94', qty=1)] promo_codes=[] currency='USD' only_final_price=False
2026-08-17 16:15:01,207 - INFO - Request for compute_price, request: items=[PriceRequestItem(product_id='4cc0770f-91bc-4c0d-a26f-7b872f02ca94', qty=1)] promo_codes=[] currency='USD' only_final_price=False
2026-08-17 16:15:01,208 - INFO - Request for compute_price successfully processed, result: items=[PriceResponseItem(product_id='4cc0770f-91bc-4c0d-a26f-7b872f02ca94', qty=1, unit_price=250.0, line_total=250.0, discounts=0.0)] subtotal=250.0 total_discount=0.0 total=250.0 currency='USD' total_input_tokens=0 total_output_tokens=0 total_llm_calls=0, request: items=[PriceRequestItem(product_id='4cc0770f-91bc-4c0d-a26f-7b872f02ca94', qty=1)] promo_codes=[] currency='USD' only_final_price=False
2026-08-17 16:15:01,230 - INFO - Request for compute_price, request: items=[PriceRequestItem(product_id='4cc0770f-91bc-4c0d-a26f-7b872f02ca94', qty=1)] promo_codes=[] currency='USD' only_final_price=False
2026-08-17 16:15:01,232 - INFO - Request for compute_price successfully processed, result: items=[PriceResponseItem(product_id='4cc0770f-91bc-4c0d-a26f-7b872f02ca94', qty=1, unit_price=250.0, line_total=250.0, discounts=0.0)] subtotal=250.0 total_discount=0.0 total=250.0 currency='USD' total_input_tokens=0 total_output_tokens=0 total_llm_calls=0, request: items=[PriceRequestItem(product_id='4cc0770f-91bc-4c0d-a26f-7b872f02ca94', qty=1)] promo_codes=[] currency='USD' only_final_price=False
2026-08-17 16:15:01,251 - INFO - Request for compute_price, request: items=[PriceRequestItem(product_id='4cc0770f-91bc-4c0d-a26f-7b872f02ca94', qty=1)] promo_codes=[] currency='USD' only_final_price=False
2026-08-17 16:15:01,253 - INFO - Request for compute_price successfully processed, result: items=[PriceResponseItem(product_id='4cc0770f-91bc-4c0d-a26f-7b872f02ca94', qty=1, unit_price=250.0, line_total=250.0, discounts=0.0)] subtotal=250.0 total_discount=0.0 total=250.0 currency='USD' total_input_tokens=0 total_output_tokens=0 total_llm_calls=0, request: items=[PriceRequestItem(product_id='4cc0770f-91bc-4c0d-a26f-7b872f02ca94', qty=1)] promo_codes=[] currency='USD' only_final_price=False
2026-08-17 16:15:01,273 - INFO - Request for compute_price, request: items=[PriceRequestItem(product_id='4cc0770f-91bc-4c0d-a26f-7b872f02ca94', qty=1)] promo_codes=[] currency='USD' only_final_price=False
2026-08-17 16:15:01,275 - INFO - Request for compute_price successfully processed, result: items=[PriceResponseItem(product_id='4cc0770f-91bc-4c0d-a26f-7b872f02ca94', qty=1, unit_price=250.0, line_total=250.0, discounts=0.0)] subtotal=250.0 total_discount=0.0 total=250.0 currency='USD' total_input_tokens=0 total_output_tokens=0 total_llm_calls=0, request: items=[PriceRequestItem(product_id='4cc0770f-91bc-4c0d-a26f-7b872f02ca94', qty=1)] promo_codes=[] currency='USD' only_final_price=False
2026-08-17 16:15:01,299 - INFO - Request for compute_price, request: items=[PriceRequestItem(product_id='4cc0770f-91bc-4c0d-a26f-7b872f02ca94', qty=1)] promo_codes=[] currency='USD' only_final_price=False
2026-08-17 16:15:01,301 - INFO - Request for compute_price successfully processed, result: items=[PriceResponseItem(product_id='4cc0770f-91bc-4c0d-a26f-7b872f02ca94', qty=1, unit_price=250.0, line_total=250.0, discounts=0.0)] subtotal=250.0 total_discount=0.0 total=250.0 currency='USD' total_input_tokens=0 total_output_tokens=0 total_llm_calls=0, request: items=[PriceRequestItem(product_id='4cc0770f-91bc-4c0d-a26f-7b872f02ca94', qty=1)] promo_codes=[] currency='USD' only_final_price=False
2026-08-17 16:15:01,320 - INFO - Request for compute_price, request: items=[PriceRequestItem(product_id='4cc0770f-91bc-4c0d-a26f-7b872f02ca94', qty=1)] promo_codes=[] currency='USD' only_final_price=False
2026-08-17 16:15:01,322 - INFO - Request for compute_price successfully processed, result: items=[PriceResponseItem(product_id='4cc0770f-91bc-4c0d-a26f-7b872f02ca94', qty=1, unit_price=250.0, line_total=250.0, discounts=0.0)] subtotal=250.0 total_discount=0.0 total=250.0 currency='USD' total_input_tokens=0 total_output_tokens=0 total_llm_calls=0, request: items=[PriceRequestItem(product_id='4cc0770f-91bc-4c0d-a26f-7b872f02ca94', qty=1)] promo_codes=[] currency='USD' only_final_price=False
2026-08-17 16:15:01,339 - INFO - Request for compute_price, request: items=[PriceRequestItem(product_id='4cc0770f-91bc-4c0d-a26f-7b872f02ca94', qty=1)] promo_codes=[] currency='USD' only_final_price=False
2026-08-17 16:15:01,340 - INFO - Request for compute_price successfully processed, result: items=[PriceResponseItem(product_id='4cc0770f-91bc-4c0d-a26f-7b872f02ca94', qty=1, unit_price=250.0, line_total=250.0, discounts=0.0)] subtotal=250.0 total_discount=0.0 total=250.0 currency='USD' total_input_tokens=0 total_output_tokens=0 total_llm_calls=0, request: items=[PriceRequestItem(product_id='4cc0770f-91bc-4c0d-a26f-7b872f02ca94', qty=1)] promo_codes=[] currency='USD' only_final_price=False
2026-08-17 16:15:01,358 - INFO - Request for compute_price, request: items=[PriceRequestItem(product_id='4cc0770f-91bc-4c0d-a26f-7b872f02ca94', qty=1)] promo_codes=[] currency='USD' only_final_price=False
2026-08-17 16:15:01,359 - INFO - Request for compute_price successfully processed, result: items=[PriceResponseItem(product_id='4cc0770f-91bc-4c0d-a26f-7b872f02ca94', qty=1, unit_price=250.0, line_total=250.0, discounts=0.0)] subtotal=250.0 total_discount=0.0 total=250.0 currency='USD' total_input_tokens=0 total_output_tokens=0 total_llm_calls=0, request: items=[PriceRequestItem(product_id='4cc0770f-91bc-4c0d-a26f-7b872f02ca94', qty=1)] promo_codes=[] currency='USD' only_final_price=False
2026-08-17 16:15:01,377 - INFO - Request for compute_price, request: items=[PriceRequestItem(product_id='4cc0770f-91bc-4c0d-a26f-7b872f02ca94', qty=1)] promo_codes=[] currency='USD' only_final_price=False
2026-08-17 16:15:01,378 - INFO - Request for compute_price successfully processed, result: items=[PriceResponseItem(product_id='4cc0770f-91bc-4c0d-a26f-7b872f02ca94', qty=1, unit_price=250.0, line_total=250.0, discounts=0.0)] subtotal=250.0 total_discount=0.0 total=250.0 currency='USD' total_input_tokens=0 total_output_tokens=0 total_llm_calls=0, request: items=[PriceRequestItem(product_id='4cc0770f-91bc-4c0d-a26f-7b872f02ca94', qty=1)] promo_codes=[] currency='USD' only_final_price=False
2026-08-17 16:15:01,397 - INFO - Request for compute_price, request: items=[PriceRequestItem(product_id='4cc0770f-91bc-4c0d-a26f-7b872f02ca94', qty=1)] promo_codes=[] currency='USD' only_final_price=False
2026-08-17 16:15:01,398 - INFO - Request for compute_price successfully processed, result: items=[PriceResponseItem(product_id='4cc0770f-91bc-4c0d-a26f-7b872f02ca94', qty=1, unit_price=250.0, line_total=250.0, discounts=0.0)] subtotal=250.0 total_discount=0.0 total=250.0 currency='USD' total_input_tokens=0 total_output_tokens=0 total_llm_calls=0, request: items=[PriceRequestItem(product_id='4cc0770f-91bc-4c0d-a26f-7b872f02ca94', qty=1)] promo_codes=[] currency='USD' only_final_price=False
2026-08-17 16:15:01,418 - INFO - Request for compute_price, request: items=[PriceRequestItem(product_id='4cc0770f-91bc-4c0d-a26f-7b872f02ca94', qty=1)] promo_codes=[] currency='USD' only_final_price=False
2026-08-17 16:15:01,419 - INFO - Request for compute_price successfully processed, result: items=[PriceResponseItem(product_id='4cc0770f-91bc-4c0d-a26f-7b872f02ca94', qty=1, unit_price=250.0, line_total=250.0, discounts=0.0)] subtotal=250.0 total_discount=0.0 total=250.0 currency='USD' total_input_tokens=0 total_output_tokens=0 total_llm_calls=0, request: items=[PriceRequestItem(product_id='4cc0770f-91bc-4c0d-a26f-7b872f02ca94', qty=1)] promo_codes=[] currency='USD' only_final_price=False
2026-08-17 16:15:01,437 - INFO - Request for compute_price, request: items=[PriceRequestItem(product_id='4cc0770f-91bc-4c0d-a26f-7b872f02ca94', qty=1)] promo_codes=[] currency='USD' only_final_price=False
2026-08-17 16:15:01,438 - INFO - Request for compute_price successfully processed, result: items=[PriceResponseItem(product_id='4cc0770f-91bc-4c0d-a26f-7b872f02ca94', qty=1, unit_price=250.0, line_total=250.0, discounts=0.0)] subtotal=250.0 total_discount=0.0 total=250.0 currency='USD' total_input_tokens=0 total_output_tokens=0 total_llm_calls=0, request: items=[PriceRequestItem(product_id='4cc0770f-91bc-4c0d-a26f-7b872f02ca94', qty=1)] promo_codes=[] currency='USD' only_final_price=False
2026-08-17 16:15:01,458 - INFO - Request for compute_price, request: items=[PriceRequestItem(product_id='4cc0770f-91bc-4c0d-a26f-7b872f02ca94', qty=1)] promo_codes=[] currency='USD' only_final_price=False
2026-08-17 16:15:01,460 - INFO - Request for compute_price successfully processed, result: items=[PriceResponseItem(product_id='4cc0770f-91bc-4c0d-a26f-7b872f02ca94', qty=1, unit_price=250.0, line_total=250.0, discounts=0.0)] subtotal=250.0 total_discount=0.0 total=250.0 currency='USD' total_input_tokens=0 total_output_tokens=0 total_llm_calls=0, request: items=[PriceRequestItem(product_id='4cc0770f-91bc-4c0d-a26f-7b872f02ca94', qty=1)] promo_codes=[] currency='USD' only_final_price=False
2026-08-17 16:15:01,480 - INFO - Request for compute_price, request: items=[PriceRequestItem(product_id='4cc0770f-91bc-4c0d-a26f-7b872f02ca94', qty=1)] promo_codes=[] currency='USD' only_final_price=False
2026-08-17 16:15:01,482 - INFO - Request for compute_price successfully processed, result: items=[PriceResponseItem(product_id='4cc0770f-91bc-4c0d-a26f-7b872f02ca94', qty=1, unit_price=250.0, line_total=250.0, discounts=0.0)] subtotal=250.0 total_discount=0.0 total=250.0 currency='USD' total_input_tokens=0 total_output_tokens=0 total_llm_calls=0, request: items=[PriceRequestItem(product_id='4cc0770f-91bc-4c0d-a26f-7b872f02ca94', qty=1)] promo_codes=[] currency='USD' only_final_price=False
2026-08-17 16:15:01,504 - INFO - Request for compute_price, request: items=[PriceRequestItem(product_id='4cc0770f-91bc-4c0d-a26f-7b872f02ca94', qty=1)] promo_codes=[] currency='USD' only_final_price=False
2026-08-17 16:15:01,506 - INFO - Request for compute_price successfully processed, result: items=[PriceResponseItem(product_id='4cc0770f-91bc-4c0d-a26f-7b872f02ca94', qty=1, unit_price=250.0, line_total=250.0, discounts=0.0)] subtotal=250.0 total_discount=0.0 total=250.0 currency='USD' total_input_tokens=0 total_output_tokens=0 total_llm_calls=0, request: items=[PriceRequestItem(product_id='4cc0770f-91bc-4c0d-a26f-7b872f02ca94', qty=1)] promo_codes=[] currency='USD' only_final_price=False
2026-08-17 16:15:01,530 - INFO - Request for compute_price, request: items=[PriceRequestItem(product_id='4cc0770f-91bc-4c0d-a26f-7b872f02ca94', qty=1)] promo_codes=[] currency='USD' only_final_price=False
2026-08-17 16:15:01,532 - INFO - Request for compute_price successfully processed, result: items=[PriceResponseItem(product_id='4cc0770f-91bc-4c0d-a26f-7b872f02ca94', qty=1, unit_price=250.0, line_total=250.0, discounts=0.0)] subtotal=250.0 total_discount=0.0 total=250.0 currency='USD' total_input_tokens=0 total_output_tokens=0 total_llm_calls=0, request: items=[PriceRequestItem(product_id='4cc0770f-91bc-4c0d-a26f-7b872f02ca94', qty=1)] promo_codes=[] currency='USD' only_final_price=False
2026-08-17 17:33:18,574 - INFO - Request for compute_price, request: items=[PriceRequestItem(product_id='4cc0770f-91bc-4c0d-a26f-7b872f02ca94', qty=2)] promo_codes=[] currency='USD' only_final_price=True
2026-08-17 17:33:18,577 - INFO - Request for compute_price successfully processed, result: items=[PriceResponseItem(product_id='4cc0770f-91bc-4c0d-a26f-7b872f02ca94', qty=2, unit_price=250.0, line_total=500.0, discounts=0.0)] subtotal=500.0 total_discount=0.0 total=500.0 currency='USD' total_input_tokens=0 total_output_tokens=0 total_llm_calls=0, request: items=[PriceRequestItem(product_id='4cc0770f-91bc-4c0d-a26f-7b872f02ca94', qty=2)] promo_codes=[] currency='USD' only_final_price=True
2026-08-17 17:33:19,176 - INFO - Request for compute_price, request: items=[PriceRequestItem(product_id='4cc0770f-91bc-4c0d-a26f-7b872f02ca94', qty=2)] promo_codes=[] currency='USD' only_final_price=True
2026-08-17 17:33:19,178 - INFO - Request for compute_price successfully processed, result: items=[PriceResponseItem(product_id='4cc0770f-91bc-4c0d-a26f-7b872f02ca94', qty=2, unit_price=250.0, line_total=500.0, discounts=0.0)] subtotal=500.0 total_discount=0.0 total=500.0 currency='USD' total_input_tokens=0 total_output_tokens=0 total_llm_calls=0, request: items=[PriceRequestItem(product_id='4cc0770f-91bc-4c0d-a26f-7b872f02ca94', qty=2)] promo_codes=[] currency='USD' only_final_price=True
2026-08-17 17:33:19,725 - INFO - Request for compute_price, request: items=[PriceRequestItem(product_id='4cc0770f-91bc-4c0d-a26f-7b872f02ca94', qty=2)] promo_codes=[] currency='USD' only_final_price=True
2026-08-17 17:33:19,727 - INFO - Request for compute_price successfully processed, result: items=[PriceResponseItem(product_id='4cc0770f-91bc-4c0d-a26f-7b872f02ca94', qty=2, unit_price=250.0, line_total=500.0, discounts=0.0)] subtotal=500.0 total_discount=0.0 total=500.0 currency='USD' total_input_tokens=0 total_output_tokens=0 total_llm_calls=0, request: items=[PriceRequestItem(product_id='4cc0770f-91bc-4c0d-a26f-7b872f02ca94', qty=2)] promo_codes=[] currency='USD' only_final_price=True
2026-08-17 17:33:20,277 - INFO - Request for compute_price, request: items=[PriceRequestItem(product_id='4cc0770f-91bc-4c0d-a26f-7b872f02ca94', qty=2)] promo_codes=[] currency='USD' only_final_price=True
2026-08-17 17:33:20,278 - INFO - Request for compute_price successfully processed, result: items=[PriceResponseItem(product_id='4cc0770f-91bc-4c0d-a26f-7b872f02ca94', qty=2, unit_price=250.0, line_total=500.0, discounts=0.0)] subtotal=500.0 total_discount=0.0 total=500.0 currency='USD' total_input_tokens=0 total_output_tokens=0 total_llm_calls=0, request: items=[PriceRequestItem(product_id='4cc0770f-91bc-4c0d-a26f-7b872f02ca94', qty=2)] promo_codes=[] currency='USD' only_final_price=True
2026-08-17 17:33:20,833 - INFO - Request for compute_price, request: items=[PriceRequestItem(product_id='4cc0770f-91bc-4c0d-a26f-7b872f02ca94', qty=2)] promo_codes=[] currency='USD' only_final_price=True
2026-08-17 17:33:20,835 - INFO - Request for compute_price successfully processed, result: items=[PriceResponseItem(product_id='4cc0770f-91bc-4c0d-a26f-7b872f02ca94', qty=2, unit_price=250.0, line_total=500.0, discounts=0.0)] subtotal=500.0 total_discount=0.0 total=500.0 currency='USD' total_input_tokens=0 total_output_tokens=0 total_llm_calls=0, request: items=[PriceRequestItem(product_id='4cc0770f-91bc-4c0d-a26f-7b872f02ca94', qty=2)] promo_codes=[] currency='USD' only_final_price=True
2026-08-17 17:33:21,398 - INFO - Request for compute_price, request: items=[PriceRequestItem(product_id='4cc0770f-91bc-4c0d-a26f-7b872f02ca94', qty=2)] promo_codes=[] currency='USD' only_final_price=True
2026-08-17 17:33:21,400 - INFO - Request for compute_price successfully processed, result: items=[PriceResponseItem(product_id='4cc0770f-91bc-4c0d-a26f-7b872f02ca94', qty=2, unit_price=250.0, line_total=500.0, discounts=0.0)] subtotal=500.0 total_discount=0.0 total=500.0 currency='USD' total_input_tokens=0 total_output_tokens=0 total_llm_calls=0, request: items=[PriceRequestItem(product_id='4cc0770f-91bc-4c0d-a26f-7b872f02ca94', qty=2)] promo_codes=[] currency='USD' only_final_price=True
2026-08-17 17:33:21,425 - INFO - Request for compute_price, request: items=[PriceRequestItem(product_id='4cc0770f-91bc-4c0d-a26f-7b872f02ca94', qty=2)] promo_codes=[] currency='USD' only_final_price=True
2026-08-17 17:33:21,426 - INFO - Request for compute_price successfully processed, result: items=[PriceResponseItem(product_id='4cc0770f-91bc-4c0d-a26f-7b872f02ca94', qty=2, unit_price=250.0, line_total=500.0, discounts=0.0)] subtotal=500.0 total_discount=0.0 total=500.0 currency='USD' total_input_tokens=0 total_output_tokens=0 total_llm_calls=0, request: items=[PriceRequestItem(product_id='4cc0770f-91bc-4c0d-a26f-7b872f02ca94', qty=2)] promo_codes=[] currency='USD' only_final_price=True
2026-08-17 17:33:21,453 - INFO - Request for compute_price, request: items=[PriceRequestItem(product_id='4cc0770f-91bc-4c0d-a26f-7b872f02ca94', qty=2)] promo_codes=[] currency='USD' only_final_price=True
2026-08-17 17:33:21,454 - INFO - Request for compute_price successfully processed, result: items=[PriceResponseItem(product_id='4cc0770f-91bc-4c0d-a26f-7b872f02ca94', qty=2, unit_price=250.0, line_total=500.0, discounts=0.0)] subtotal=500.0 total_discount=0.0 total=500.0 currency='USD' total_input_tokens=0 total_output_tokens=0 total_llm_calls=0, request: items=[PriceRequestItem(product_id='4cc0770f-91bc-4c0d-a26f-7b872f02ca94', qty=2)] promo_codes=[] currency='USD' only_final_price=True
2026-08-17 17:33:21,479 - INFO - Request for compute_price, request: items=[PriceRequestItem(product_id='4cc0770f-91bc-4c0d-a26f-7b872f02ca94', qty=2)] promo_codes=[] currency='USD' only_final_price=True
2026-08-17 17:33:21,481 - INFO - Request for compute_price successfully processed, result: items=[PriceResponseItem(product_id='4cc0770f-91bc-4c0d-a26f-7b872f02ca94', qty=2, unit_price=250.0, line_total=500.0, discounts=0.0)] subtotal=500.0 total_discount=0.0 total=500.0 currency='USD' total_input_tokens=0 total_output_tokens=0 total_llm_calls=0, request: items=[PriceRequestItem(product_id='4cc0770f-91bc-4c0d-a26f-7b872f02ca94', qty=2)] promo_codes=[] currency='USD' only_final_price=True
2026-08-17 17:33:21,507 - INFO - Request for compute_price, request: items=[PriceRequestItem(product_id='4cc0770f-91bc-4c0d-a26f-7b872f02ca94', qty=2)] promo_codes=[] currency='USD' only_final_price=True
2026-08-17 17:33:21,508 - INFO - Request for compute_price successfully processed, result: items=[PriceResponseItem(product_id='4cc0770f-91bc-4c0d-a26f-7b872f02ca94', qty=2, unit_price=250.0, line_total=500.0, discounts=0.0)] subtotal=500.0 total_discount=0.0 total=500.0 currency='USD' total_input_tokens=0 total_output_tokens=0 total_llm_calls=0, request: items=[PriceRequestItem(product_id='4cc0770f-91bc-4c0d-a26f-7b872f02ca94', qty=2)] promo_codes=[] currency='USD' only_final_price=True
2026-08-17 17:33:21,533 - INFO - Request for compute_price, request: items=[PriceRequestItem(product_id='4cc0770f-91bc-4c0d-a26f-7b872f02ca94', qty=2)] promo_codes=[] currency='USD' only_final_price=True
2026-08-17 17:33:21,535 - INFO - Request for compute_price successfully processed, result: items=[PriceResponseItem(product_id='4cc0770f-91bc-4c0d-a26f-7b872f02ca94', qty=2, unit_price=250.0, line_total=500.0, discounts=0.0)] subtotal=500.0 total_discount=0.0 total=500.0 currency='USD' total_input_tokens=0 total_output_tokens=0 total_llm_calls=0, request: items=[PriceRequestItem(product_id='4cc0770f-91bc-4c0d-a26f-7b872f02ca94', qty=2)] promo_codes=[] currency='USD' only_final_price=True
2026-08-17 17:33:21,562 - INFO - Request for compute_price, request: items=[PriceRequestItem(product_id='4cc0770f-91bc-4c0d-a26f-7b872f02ca94', qty=2)] promo_codes=[] currency='USD' only_final_price=True
2026-08-17 17:33:21,564 - INFO - Request for compute_price successfully processed, result: items=[PriceResponseItem(product_id='4cc0770f-91bc-4c0d-a26f-7b872f02ca94', qty=2, unit_price=250.0, line_total=500.0, discounts=0.0)] subtotal=500.0 total_discount=0.0 total=500.0 currency='USD' total_input_tokens=0 total_output_tokens=0 total_llm_calls=0, request: items=[PriceRequestItem(product_id='4cc0770f-91bc-4c0d-a26f-7b872f02ca94', qty=2)] promo_codes=[] currency='USD' only_final_price=True
2026-08-17 17:33:21,589 - INFO - Request for compute_price, request: items=[PriceRequestItem(product_id='4cc0770f-91bc-4c0d-a26f-7b872f02ca94', qty=2)] promo_codes=[] currency='USD' only_final_price=True
2026-08-17 17:33:21,590 - INFO - Request for compute_price successfully processed, result: items=[PriceResponseItem(product_id='4cc0770f-91bc-4c0d-a26f-7b872f02ca94', qty=2, unit_price=250.0, line_total=500.0, discounts=0.0)] subtotal=500.0 total_discount=0.0 total=500.0 currency='USD' total_input_tokens=0 total_output_tokens=0 total_llm_calls=0, request: items=[PriceRequestItem(product_id='4cc0770f-91bc-4c0d-a26f-7b872f02ca94', qty=2)] promo_codes=[] currency='USD' only_final_price=True
2026-08-17 17:33:21,618 - INFO - Request for compute_price, request: items=[PriceRequestItem(product_id='4cc0770f-91bc-4c0d-a26f-7b872f02ca94', qty=2)] promo_codes=[] currency='USD' only_final_price=True
2026-08-17 17:33:21,619 - INFO - Request for compute_price successfully processed, result: items=[PriceResponseItem(product_id='4cc0770f-91bc-4c0d-a26f-7b872f02ca94', qty=2, unit_price=250.0, line_total=500.0, discounts=0.0)] subtotal=500.0 total_discount=0.0 total=500.0 currency='USD' total_input_tokens=0 total_output_tokens=0 total_llm_calls=0, request: items=[PriceRequestItem(product_id='4cc0770f-91bc-4c0d-a26f-7b872f02ca94', qty=2)] promo_codes=[] currency='USD' only_final_price=True
2026-08-17 17:33:21,644 - INFO - Request for compute_price, request: items=[PriceRequestItem(product_id='4cc0770f-91bc-4c0d-a26f-7b872f02ca94', qty=2)] promo_codes=[] currency='USD' only_final_price=True
2026-08-17 17:33:21,645 - INFO - Request for compute_price successfully processed, result: items=[PriceResponseItem(product_id='4cc0770f-91bc-4c0d-a26f-7b872f02ca94', qty=2, unit_price=250.0, line_total=500.0, discounts=0.0)] subtotal=500.0 total_discount=0.0 total=500.0 currency='USD' total_input_tokens=0 total_output_tokens=0 total_llm_calls=0, request: items=[PriceRequestItem(product_id='4cc0770f-91bc-4c0d-a26f-7b872f02ca94', qty=2)] promo_codes=[] currency='USD' only_final_price=True
2026-08-17 17:33:21,673 - INFO - Request for compute_price, request: items=[PriceRequestItem(product_id='4cc0770f-91bc-4c0d-a26f-7b872f02ca94', qty=2)] promo_codes=[] currency='USD' only_final_price=True
2026-08-17 17:33:21,674 - INFO - Request for compute_price successfully processed, result: items=[PriceResponseItem(product_id='4cc0770f-91bc-4c0d-a26f-7b872f02ca94', qty=2, unit_price=250.0, line_total=500.0, discounts=0.0)] subtotal=500.0 total_discount=0.0 total=500.0 currency='USD' total_input_tokens=0 total_output_tokens=0 total_llm_calls=0, request: items=[PriceRequestItem(product_id='4cc0770f-91bc-4c0d-a26f-7b872f02ca94', qty=2)] promo_codes=[] currency='USD' only_final_price=True
2026-08-17 17:33:21,698 - INFO - Request for compute_price, request: items=[PriceRequestItem(product_id='4cc0770f-91bc-4c0d-a26f-7b872f02ca94', qty=2)] promo_codes=[] currency='USD' only_final_price=True
2026-08-17 17:33:21,699 - INFO - Request for compute_price successfully processed, result: items=[PriceResponseItem(product_id='4cc0770f-91bc-4c0d-a26f-7b872f02ca94', qty=2, unit_price=250.0, line_total=500.0, discounts=0.0)] subtotal=500.0 total_discount=0.0 total=500.0 currency='USD' total_input_tokens=0 total_output_tokens=0 total_llm_calls=0, request: items=[PriceRequestItem(product_id='4cc0770f-91bc-4c0d-a26f-7b872f02ca94', qty=2)] promo_codes=[] currency='USD' only_final_price=True
2026-08-17 17:33:21,725 - INFO - Request for compute_price, request: items=[PriceRequestItem(product_id='4cc0770f-91bc-4c0d-a26f-7b872f02ca94', qty=2)] promo_codes=[] currency='USD' only_final_price=True
2026-08-17 17:33:21,726 - INFO - Request for compute_price successfully processed, result: items=[PriceResponseItem(product_id='4cc0770f-91bc-4c0d-a26f-7b872f02ca94', qty=2, unit_price=250.0, line_total=500.0, discounts=0.0)] subtotal=500.0 total_discount=0.0 total=500.0 currency='USD' total_input_tokens=0 total_output_tokens=0 total_llm_calls=0, request: items=[PriceRequestItem(product_id='4cc0770f-91bc-4c0d-a26f-7b872f02ca94', qty=2)] promo_codes=[] currency='USD' only_final_price=True
2026-08-17 17:33:21,756 - INFO - Request for compute_price, request: items=[PriceRequestItem(product_id='4cc0770f-91bc-4c0d-a26f-7b872f02ca94', qty=2)] promo_codes=[] currency='USD' only_final_price=True
2026-08-17 17:33:21,757 - INFO - Request for compute_price successfully processed, result: items=[PriceResponseItem(product_id='4cc0770f-91bc-4c0d-a26f-7b872f02ca94', qty=2, unit_price=250.0, line_total=500.0, discounts=0.0)] subtotal=500.0 total_discount=0.0 total=500.0 currency='USD' total_input_tokens=0 total_output_tokens=0 total_llm_calls=0, request: items=[PriceRequestItem(product_id='4cc0770f-91bc-4c0d-a26f-7b872f02ca94', qty=2)] promo_codes=[] currency='USD' only_final_price=True
2026-08-17 17:33:21,786 - INFO - Request for compute_price, request: items=[PriceRequestItem(product_id='4cc0770f-91bc-4c0d-a26f-7b872f02ca94', qty=2)] promo_codes=[] currency='USD' only_final_price=True
2026-08-17 17:33:21,787 - INFO - Request for compute_price successfully processed, result: items=[PriceResponseItem(product_id='4cc0770f-91bc-4c0d-a26f-7b872f02ca94', qty=2, unit_price=250.0, line_total=500.0, discounts=0.0)] subtotal=500.0 total_discount=0.0 total=500.0 currency='USD' total_input_tokens=0 total_output_tokens=0 total_llm_calls=0, request: items=[PriceRequestItem(product_id='4cc0770f-91bc-4c0d-a26f-7b872f02ca94', qty=2)] promo_codes=[] currency='USD' only_final_price=True
2026-08-17 17:33:38,144 - INFO - Request for compute_price, request: items=[PriceRequestItem(product_id='4cc0770f-91bc-4c0d-a26f-7b872f02ca94', qty=2)] promo_codes=[] currency='USD' only_final_price=True
2026-08-17 17:33:38,147 - INFO - Request for compute_price successfully processed, result: items=[PriceResponseItem(product_id='4cc0770f-91bc-4c0d-a26f-7b872f02ca94', qty=2, unit_price=250.0, line_total=500.0, discounts=0.0)] subtotal=500.0 total_discount=0.0 total=500.0 currency='USD' total_input_tokens=0 total_output_tokens=0 total_llm_calls=0, request: items=[PriceRequestItem(product_id='4cc0770f-91bc-4c0d-a26f-7b872f02ca94', qty=2)] promo_codes=[] currency='USD' only_final_price=True
2026-08-17 17:33:38,182 - INFO - Request for compute_price, request: items=[PriceRequestItem(product_id='4cc0770f-91bc-4c0d-a26f-7b872f02ca94', qty=2)] promo_codes=[] currency='USD' only_final_price=True
2026-08-17 17:33:38,184 - INFO - Request for compute_price successfully processed, result: items=[PriceResponseItem(product_id='4cc0770f-91bc-4c0d-a26f-7b872f02ca94', qty=2, unit_price=250.0, line_total=500.0, discounts=0.0)] subtotal=500.0 total_discount=0.0 total=500.0 currency='USD' total_input_tokens=0 total_output_tokens=0 total_llm_calls=0, request: items=[PriceRequestItem(product_id='4cc0770f-91bc-4c0d-a26f-7b872f02ca94', qty=2)] promo_codes=[] currency='USD' only_final_price=True
2026-08-17 17:33:38,212 - INFO - Request for compute_price, request: items=[PriceRequestItem(product_id='4cc0770f-91bc-4c0d-a26f-7b872f02ca94', qty=2)] promo_codes=[] currency='USD' only_final_price=True
2026-08-17 17:33:38,214 - INFO - Request for compute_price successfully processed, result: items=[PriceResponseItem(product_id='4cc0770f-91bc-4c0d-a26f-7b872f02ca94', qty=2, unit_price=250.0, line_total=500.0, discounts=0.0)] subtotal=500.0 total_discount=0.0 total=500.0 currency='USD' total_input_tokens=0 total_output_tokens=0 total_llm_calls=0, request: items=[PriceRequestItem(product_id='4cc0770f-91bc-4c0d-a26f-7b872f02ca94', qty=2)] promo_codes=[] currency='USD' only_final_price=True
2026-08-17 17:33:38,239 - INFO - Request for compute_price, request: items=[PriceRequestItem(product_id='4cc0770f-91bc-4c0d-a26f-7b872f02ca94', qty=2)] promo_codes=[] currency='USD' only_final_price=True
2026-08-17 17:33:38,240 - INFO - Request for compute_price successfully processed, result: items=[PriceResponseItem(product_id='4cc0770f-91bc-4c0d-a26f-7b872f02ca94', qty=2, unit_price=250.0, line_total=500.0, discounts=0.0)] subtotal=500.0 total_discount=0.0 total=500.0 currency='USD' total_input_tokens=0 total_output_tokens=0 total_llm_calls=0, request: items=[PriceRequestItem(product_id='4cc0770f-91bc-4c0d-a26f-7b872f02ca94', qty=2)] promo_codes=[] currency='USD' only_final_price=True
2026-08-17 17:33:38,265 - INFO - Request for compute_price, request: items=[PriceRequestItem(product_id='4cc0770f-91bc-4c0d-a26f-7b872f02ca94', qty=2)] promo_codes=[] currency='USD' only_final_price=True
2026-08-17 17:33:38,267 - INFO - Request for compute_price successfully processed, result: items=[PriceResponseItem(product_id='4cc0770f-91bc-4c0d-a26f-7b872f02ca94', qty=2, unit_price=250.0, line_total=500.0, discounts=0.0)] subtotal=500.0 total_discount=0.0 total=500.0 currency='USD' total_input_tokens=0 total_output_tokens=0 total_llm_calls=0, request: items=[PriceRequestItem(product_id='4cc0770f-91bc-4c0d-a26f-7b872f02ca94', qty=2)] promo_codes=[] currency='USD' only_final_price=True
2026-08-17 17:33:38,293 - INFO - Request for compute_price, request: items=[PriceRequestItem(product_id='4cc0770f-91bc-4c0d-a26f-7b872f02ca94', qty=2)] promo_codes=[] currency='USD' only_final_price=True
2026-08-17 17:33:38,294 - INFO - Request for compute_price successfully processed, result: items=[PriceResponseItem(product_id='4cc0770f-91bc-4c0d-a26f-7b872f02ca94', qty=2, unit_price=250.0, line_total=500.0, discounts=0.0)] subtotal=500.0 total_discount=0.0 total=500.0 currency='USD' total_input_tokens=0 total_output_tokens=0 total_llm_calls=0, request: items=[PriceRequestItem(product_id='4cc0770f-91bc-4c0d-a26f-7b872f02ca94', qty=2)] promo_codes=[] currency='USD' only_final_price=True
2026-08-17 17:33:38,321 - INFO - Request for compute_price, request: items=[PriceRequestItem(product_id='4cc0770f-91bc-4c0d-a26f-7b872f02ca94', qty=2)] promo_codes=[] currency='USD' only_final_price=True
2026-08-17 17:33:38,323 - INFO - Request for compute_price successfully processed, result: items=[PriceResponseItem(product_id='4cc0770f-91bc-4c0d-a26f-7b872f02ca94', qty=2, unit_price=250.0, line_total=500.0, discounts=0.0)] subtotal=500.0 total_discount=0.0 total=500.0 currency='USD' total_input_tokens=0 total_output_tokens=0 total_llm_calls=0, request: items=[PriceRequestItem(product_id='4cc0770f-91bc-4c0d-a26f-7b872f02ca94', qty=2)] promo_codes=[] currency='USD' only_final_price=True
2026-08-17 17:33:38,354 - INFO - Request for compute_price, request: items=[PriceRequestItem(product_id='4cc0770f-91bc-4c0d-a26f-7b872f02ca94', qty=2)] promo_codes=[] currency='USD' only_final_price=True
2026-08-17 17:33:38,356 - INFO - Request for compute_price successfully processed, result: items=[PriceResponseItem(product_id='4cc0770f-91bc-4c0d-a26f-7b872f02ca94', qty=2, unit_price=250.0, line_total=500.0, discounts=0.0)] subtotal=500.0 total_discount=0.0 total=500.0 currency='USD' total_input_tokens=0 total_output_tokens=0 total_llm_calls=0, request: items=[PriceRequestItem(product_id='4cc0770f-91bc-4c0d-a26f-7b872f02ca94', qty=2)] promo_codes=[] currency='USD' only_final_price=True
2026-08-17 17:33:38,391 - INFO - Request for compute_price, request: items=[PriceRequestItem(product_id='4cc0770f-91bc-4c0d-a26f-7b872f02ca94', qty=2)] promo_codes=[] currency='USD' only_final_price=True
2026-08-17 17:33:38,392 - INFO - Request for compute_price successfully processed, result: items=[PriceResponseItem(product_id='4cc0770f-91bc-4c0d-a26f-7b872f02ca94', qty=2, unit_price=250.0, line_total=500.0, discounts=0.0)] subtotal=500.0 total_discount=0.0 total=500.0 currency='USD' total_input_tokens=0 total_output_tokens=0 total_llm_calls=0, request: items=[PriceRequestItem(product_id='4cc0770f-91bc-4c0d-a26f-7b872f02ca94', qty=2)] promo_codes=[] currency='USD' only_final_price=True
2026-08-17 17:33:38,418 - INFO - Request for compute_price, request: items=[PriceRequestItem(product_id='4cc0770f-91bc-4c0d-a26f-7b872f02ca94', qty=2)] promo_codes=[] currency='USD' only_final_price=True
2026-08-17 17:33:38,419 - INFO - Request for compute_price successfully processed, result: items=[PriceResponseItem(product_id='4cc0770f-91bc-4c0d-a26f-7b872f02ca94', qty=2, unit_price=250.0, line_total=500.0, discounts=0.0)] subtotal=500.0 total_discount=0.0 total=500.0 currency='USD' total_input_tokens=0 total_output_tokens=0 total_llm_calls=0, request: items=[PriceRequestItem(product_id='4cc0770f-91bc-4c0d-a26f-7b872f02ca94', qty=2)] promo_codes=[] currency='USD' only_final_price=True
2026-08-17 17:33:38,448 - INFO - Request for compute_price, request: items=[PriceRequestItem(product_id='4cc0770f-91bc-4c0d-a26f-7b872f02ca94', qty=2)] promo_codes=[] currency='USD' only_final_price=True
2026-08-17 17:33:38,449 - INFO - Request for compute_price successfully processed, result: items=[PriceResponseItem(product_id='4cc0770f-91bc-4c0d-a26f-7b872f02ca94', qty=2, unit_price=250.0, line_total=500.0, discounts=0.0)] subtotal=500.0 total_discount=0.0 total=500.0 currency='USD' total_input_tokens=0 total_output_tokens=0 total_llm_calls=0, request: items=[PriceRequestItem(product_id='4cc0770f-91bc-4c0d-a26f-7b872f02ca94', qty=2)] promo_codes=[] currency='USD' only_final_price=True
2026-08-17 17:33:38,481 - INFO - Request for compute_price, request: items=[PriceRequestItem(product_id='4cc0770f-91bc-4c0d-a26f-7b872f02ca94', qty=2)] promo_codes=[] currency='USD' only_final_price=True
2026-08-17 17:33:38,483 - INFO - Request for compute_price successfully processed, result: items=[PriceResponseItem(product_id='4cc0770f-91bc-4c0d-a26f-7b872f02ca94', qty=2, unit_price=250.0, line_total=500.0, discounts=0.0)] subtotal=500.0 total_discount=0.0 total=500.0 currency='USD' total_input_tokens=0 total_output_tokens=0 total_llm_calls=0, request: items=[PriceRequestItem(product_id='4cc0770f-91bc-4c0d-a26f-7b872f02ca94', qty=2)] promo_codes=[] currency='USD' only_final_price=True
2026-08-17 17:33:38,514 - INFO - Request for compute_price, request: items=[PriceRequestItem(product_id='4cc0770f-91bc-4c0d-a26f-7b872f02ca94', qty=2)] promo_codes=[] currency='USD' only_final_price=True
2026-08-17 17:33:38,516 - INFO - Request for compute_price successfully processed, result: items=[PriceResponseItem(product_id='4cc0770f-91bc-4c0d-a26f-7b872f02ca94', qty=2, unit_price=250.0, line_total=500.0, discounts=0.0)] subtotal=500.0 total_discount=0.0 total=500.0 currency='USD' total_input_tokens=0 total_output_tokens=0 total_llm_calls=0, request: items=[PriceRequestItem(product_id='4cc0770f-91bc-4c0d-a26f-7b872f02ca94', qty=2)] promo_codes=[] currency='USD' only_final_price=True
2026-08-17 17:33:38,542 - INFO - Request for compute_price, request: items=[PriceRequestItem(product_id='4cc0770f-91bc-4c0d-a26f-7b872f02ca94', qty=2)] promo_codes=[] currency='USD' only_final_price=True
2026-08-17 17:33:38,543 - INFO - Request for compute_price successfully processed, result: items=[PriceResponseItem(product_id='4cc0770f-91bc-4c0d-a26f-7b872f02ca94', qty=2, unit_price=250.0, line_total=500.0, discounts=0.0)] subtotal=500.0 total_discount=0.0 total=500.0 currency='USD' total_input_tokens=0 total_output_tokens=0 total_llm_calls=0, request: items=[PriceRequestItem(product_id='4cc0770f-91bc-4c0d-a26f-7b872f02ca94', qty=2)] promo_codes=[] currency='USD' only_final_price=True
2026-08-17 17:33:38,569 - INFO - Request for compute_price, request: items=[PriceRequestItem(product_id='4cc0770f-91bc-4c0d-a26f-7b872f02ca94', qty=2)] promo_codes=[] currency='USD' only_final_price=True
2026-08-17 17:33:38,570 - INFO - Request for compute_price successfully processed, result: items=[PriceResponseItem(product_id='4cc0770f-91bc-4c0d-a26f-7b872f02ca94', qty=2, unit_price=250.0, line_total=500.0, discounts=0.0)] subtotal=500.0 total_discount=0.0 total=500.0 currency='USD' total_input_tokens=0 total_output_tokens=0 total_llm_calls=0, request: items=[PriceRequestItem(product_id='4cc0770f-91bc-4c0d-a26f-7b872f02ca94', qty=2)] promo_codes=[] currency='USD' only_final_price=True
2026-08-17 17:33:38,597 - INFO - Request for compute_price, request: items=[PriceRequestItem(product_id='4cc0770f-91bc-4c0d-a26f-7b872f02ca94', qty=2)] promo_codes=[] currency='USD' only_final_price=True
2026-08-17 17:33:38,599 - INFO - Request for compute_price successfully processed, result: items=[PriceResponseItem(product_id='4cc0770f-91bc-4c0d-a26f-7b872f02ca94', qty=2, unit_price=250.0, line_total=500.0, discounts=0.0)] subtotal=500.0 total_discount=0.0 total=500.0 currency='USD' total_input_tokens=0 total_output_tokens=0 total_llm_calls=0, request: items=[PriceRequestItem(product_id='4cc0770f-91bc-4c0d-a26f-7b872f02ca94', qty=2)] promo_codes=[] currency='USD' only_final_price=True
2026-08-17 17:33:38,623 - INFO - Request for compute_price, request: items=[PriceRequestItem(product_id='4cc0770f-91bc-4c0d-a26f-7b872f02ca94', qty=2)] promo_codes=[] currency='USD' only_final_price=True
2026-08-17 17:33:38,624 - INFO - Request for compute_price successfully processed, result: items=[PriceResponseItem(product_id='4cc0770f-91bc-4c0d-a26f-7b872f02ca94', qty=2, unit_price=250.0, line_total=500.0, discounts=0.0)] subtotal=500.0 total_discount=0.0 total=500.0 currency='USD' total_input_tokens=0 total_output_tokens=0 total_llm_calls=0, request: items=[PriceRequestItem(product_id='4cc0770f-91bc-4c0d-a26f-7b872f02ca94', qty=2)] promo_codes=[] currency='USD' only_final_price=True
2026-08-17 17:33:38,649 - INFO - Request for compute_price, request: items=[PriceRequestItem(product_id='4cc0770f-91bc-4c0d-a26f-7b872f02ca94', qty=2)] promo_codes=[] currency='USD' only_final_price=True
2026-08-17 17:33:38,650 - INFO - Request for compute_price successfully processed, result: items=[PriceResponseItem(product_id='4cc0770f-91bc-4c0d-a26f-7b872f02ca94', qty=2, unit_price=250.0, line_total=500.0, discounts=0.0)] subtotal=500.0 total_discount=0.0 total=500.0 currency='USD' total_input_tokens=0 total_output_tokens=0 total_llm_calls=0, request: items=[PriceRequestItem(product_id='4cc0770f-91bc-4c0d-a26f-7b872f02ca94', qty=2)] promo_codes=[] currency='USD' only_final_price=True
2026-08-17 17:33:38,677 - INFO - Request for compute_price, request: items=[PriceRequestItem(product_id='4cc0770f-91bc-4c0d-a26f-7b872f02ca94', qty=2)] promo_codes=[] currency='USD' only_final_price=True
2026-08-17 17:33:38,678 - INFO - Request for compute_price successfully processed, result: items=[PriceResponseItem(product_id='4cc0770f-91bc-4c0d-a26f-7b872f02ca94', qty=2, unit_price=250.0, line_total=500.0, discounts=0.0)] subtotal=500.0 total_discount=0.0 total=500.0 currency='USD' total_input_tokens=0 total_output_tokens=0 total_llm_calls=0, request: items=[PriceRequestItem(product_id='4cc0770f-91bc-4c0d-a26f-7b872f02ca94', qty=2)] promo_codes=[] currency='USD' only_final_price=True
2026-08-17 17:33:38,704 - INFO - Request for compute_price, request: items=[PriceRequestItem(product_id='4cc0770f-91bc-4c0d-a26f-7b872f02ca94', qty=2)] promo_codes=[] currency='USD' only_final_price=True
2026-08-17 17:33:38,706 - INFO - Request for compute_price successfully processed, result: items=[PriceResponseItem(product_id='4cc0770f-91bc-4c0d-a26f-7b872f02ca94', qty=2, unit_price=250.0, line_total=500.0, discounts=0.0)] subtotal=500.0 total_discount=0.0 total=500.0 currency='USD' total_input_tokens=0 total_output_tokens=0 total_llm_calls=0, request: items=[PriceRequestItem(product_id='4cc0770f-91bc-4c0d-a26f-7b872f02ca94', qty=2)] promo_codes=[] currency='USD' only_final_price=True
2026-08-17 17:33:38,736 - INFO - Request for compute_price, request: items=[PriceRequestItem(product_id='4cc0770f-91bc-4c0d-a26f-7b872f02ca94', qty=2)] promo_codes=[] currency='USD' only_final_price=True
2026-08-17 17:33:38,737 - INFO - Request for compute_price successfully processed, result: items=[PriceResponseItem(product_id='4cc0770f-91bc-4c0d-a26f-7b872f02ca94', qty=2, unit_price=250.0, line_total=500.0, discounts=0.0)] subtotal=500.0 total_discount=0.0 total=500.0 currency='USD' total_input_tokens=0 total_output_tokens=0 total_llm_calls=0, request: items=[PriceRequestItem(product_id='4cc0770f-91bc-4c0d-a26f-7b872f02ca94', qty=2)] promo_codes=[] currency='USD' only_final_price=True
2026-08-17 17:33:38,762 - INFO - Request for compute_price, request: items=[PriceRequestItem(product_id='4cc0770f-91bc-4c0d-a26f-7b872f02ca94', qty=2)] promo_codes=[] currency='USD' only_final_price=True
2026-08-17 17:33:38,763 - INFO - Request for compute_price successfully processed, result: items=[PriceResponseItem(product_id='4cc0770f-91bc-4c0d-a26f-7b872f02ca94', qty=2, unit_price=250.0, line_total=500.0, discounts=0.0)] subtotal=500.0 total_discount=0.0 total=500.0 currency='USD' total_input_tokens=0 total_output_tokens=0 total_llm_calls=0, request: items=[PriceRequestItem(product_id='4cc0770f-91bc-4c0d-a26f-7b872f02ca94', qty=2)] promo_codes=[] currency='USD' only_final_price=True
2026-08-17 17:33:38,790 - INFO - Request for compute_price, request: items=[PriceRequestItem(product_id='4cc0770f-91bc-4c0d-a26f-7b872f02ca94', qty=2)] promo_codes=[] currency='USD' only_final_price=True
2026-08-17 17:33:38,792 - INFO - Request for compute_price successfully processed, result: items=[PriceResponseItem(product_id='4cc0770f-91bc-4c0d-a26f-7b872f02ca94', qty=2, unit_price=250.0, line_total=500.0, discounts=0.0)] subtotal=500.0 total_discount=0.0 total=500.0 currency='USD' total_input_tokens=0 total_output_tokens=0 total_llm_calls=0, request: items=[PriceRequestItem(product_id='4cc0770f-91bc-4c0d-a26f-7b872f02ca94', qty=2)] promo_codes=[] currency='USD' only_final_price=True
2026-08-17 17:33:38,818 - INFO - Request for compute_price, request: items=[PriceRequestItem(product_id='4cc0770f-91bc-4c0d-a26f-7b872f02ca94', qty=2)] promo_codes=[] currency='USD' only_final_price=True
2026-08-17 17:33:38,819 - INFO - Request for compute_price successfully processed, result: items=[PriceResponseItem(product_id='4cc0770f-91bc-4c0d-a26f-7b872f02ca94', qty=2, unit_price=250.0, line_total=500.0, discounts=0.0)] subtotal=500.0 total_discount=0.0 total=500.0 currency='USD' total_input_tokens=0 total_output_tokens=0 total_llm_calls=0, request: items=[PriceRequestItem(product_id='4cc0770f-91bc-4c0d-a26f-7b872f02ca94', qty=2)] promo_codes=[] currency='USD' only_final_price=True
2026-08-17 17:33:38,844 - INFO - Request for compute_price, request: items=[PriceRequestItem(product_id='4cc0770f-91bc-4c0d-a26f-7b872f02ca94', qty=2)] promo_codes=[] currency='USD' only_final_price=True
2026-08-17 17:33:38,845 - INFO - Request for compute_price successfully processed, result: items=[PriceResponseItem(product_id='4cc0770f-91bc-4c0d-a26f-7b872f02ca94', qty=2, unit_price=250.0, line_total=500.0, discounts=0.0)] subtotal=500.0 total_discount=0.0 total=500.0 currency='USD' total_input_tokens=0 total_output_tokens=0 total_llm_calls=0, request: items=[PriceRequestItem(product_id='4cc0770f-91bc-4c0d-a26f-7b872f02ca94', qty=2)] promo_codes=[] currency='USD' only_final_price=True
2026-08-17 17:33:38,871 - INFO - Request for compute_price, request: items=[PriceRequestItem(product_id='4cc0770f-91bc-4c0d-a26f-7b872f02ca94', qty=2)] promo_codes=[] currency='USD' only_final_price=True
2026-08-17 17:33:38,872 - INFO - Request for compute_price successfully processed, result: items=[PriceResponseItem(product_id='4cc0770f-91bc-4c0d-a26f-7b872f02ca94', qty=2, unit_price=250.0, line_total=500.0, discounts=0.0)] subtotal=500.0 total_discount=0.0 total=500.0 currency='USD' total_input_tokens=0 total_output_tokens=0 total_llm_calls=0, request: items=[PriceRequestItem(product_id='4cc0770f-91bc-4c0d-a26f-7b872f02ca94', qty=2)] promo_codes=[] currency='USD' only_final_price=True
2026-08-17 17:33:38,899 - INFO - Request for compute_price, request: items=[PriceRequestItem(product_id='4cc0770f-91bc-4c0d-a26f-7b872f02ca94', qty=2)] promo_codes=[] currency='USD' only_final_price=True
2026-08-17 17:33:38,900 - INFO - Request for compute_price successfully processed, result: items=[PriceResponseItem(product_id='4cc0770f-91bc-4c0d-a26f-7b872f02ca94', qty=2, unit_price=250.0, line_total=500.0, discounts=0.0)] subtotal=500.0 total_discount=0.0 total=500.0 currency='USD' total_input_tokens=0 total_output_tokens=0 total_llm_calls=0, request: items=[PriceRequestItem(product_id='4cc0770f-91bc-4c0d-a26f-7b872f02ca94', qty=2)] promo_codes=[] currency='USD' only_final_price=True
2026-08-17 17:33:38,926 - INFO - Request for compute_price, request: items=[PriceRequestItem(product_id='4cc0770f-91bc-4c0d-a26f-7b872f02ca94', qty=2)] promo_codes=[] currency='USD' only_final_price=True
2026-08-17 17:33:38,927 - INFO - Request for compute_price successfully processed, result: items=[PriceResponseItem(product_id='4cc0770f-91bc-4c0d-a26f-7b872f02ca94', qty=2, unit_price=250.0, line_total=500.0, discounts=0.0)] subtotal=500.0 total_discount=0.0 total=500.0 currency='USD' total_input_tokens=0 total_output_tokens=0 total_llm_calls=0, request: items=[PriceRequestItem(product_id='4cc0770f-91bc-4c0d-a26f-7b872f02ca94', qty=2)] promo_codes=[] currency='USD' only_final_price=True
2026-08-17 17:33:38,953 - INFO - Request for compute_price, request: items=[PriceRequestItem(product_id='4cc0770f-91bc-4c0d-a26f-7b872f02ca94', qty=2)] promo_codes=[] currency='USD' only_final_price=True
2026-08-17 17:33:38,955 - INFO - Request for compute_price successfully processed, result: items=[PriceResponseItem(product_id='4cc0770f-91bc-4c0d-a26f-7b872f02ca94', qty=2, unit_price=250.0, line_total=500.0, discounts=0.0)] subtotal=500.0 total_discount=0.0 total=500.0 currency='USD' total_input_tokens=0 total_output_tokens=0 total_llm_calls=0, request: items=[PriceRequestItem(product_id='4cc0770f-91bc-4c0d-a26f-7b872f02ca94', qty=2)] promo_codes=[] currency='USD' only_final_price=True
2026-08-17 17:33:38,985 - INFO - Request for compute_price, request: items=[PriceRequestItem(product_id='4cc0770f-91bc-4c0d-a26f-7b872f02ca94', qty=2)] promo_codes=[] currency='USD' only_final_price=True
2026-08-17 17:33:38,986 - INFO - Request for compute_price successfully processed, result: items=[PriceResponseItem(product_id='4cc0770f-91bc-4c0d-a26f-7b872f02ca94', qty=2, unit_price=250.0, line_total=500.0, discounts=0.0)] subtotal=500.0 total_discount=0.0 total=500.0 currency='USD' total_input_tokens=0 total_output_tokens=0 total_llm_calls=0, request: items=[PriceRequestItem(product_id='4cc0770f-91bc-4c0d-a26f-7b872f02ca94', qty=2)] promo_codes=[] currency='USD' only_final_price=True
2026-08-17 17:33:39,013 - INFO - Request for compute_price, request: items=[PriceRequestItem(product_id='4cc0770f-91bc-4c0d-a26f-7b872f02ca94', qty=2)] promo_codes=[] currency='USD' only_final_price=True
2026-08-17 17:33:39,014 - INFO - Request for compute_price successfully processed, result: items=[PriceResponseItem(product_id='4cc0770f-91bc-4c0d-a26f-7b872f02ca94', qty=2, unit_price=250.0, line_total=500.0, discounts=0.0)] subtotal=500.0 total_discount=0.0 total=500.0 currency='USD' total_input_tokens=0 total_output_tokens=0 total_llm_calls=0, request: items=[PriceRequestItem(product_id='4cc0770f-91bc-4c0d-a26f-7b872f02ca94', qty=2)] promo_codes=[] currency='USD' only_final_price=True
2026-08-17 17:33:39,040 - INFO - Request for compute_price, request: items=[PriceRequestItem(product_id='4cc0770f-91bc-4c0d-a26f-7b872f02ca94', qty=2)] promo_codes=[] currency='USD' only_final_price=True
2026-08-17 17:33:39,041 - INFO - Request for compute_price successfully processed, result: items=[PriceResponseItem(product_id='4cc0770f-91bc-4c0d-a26f-7b872f02ca94', qty=2, unit_price=250.0, line_total=500.0, discounts=0.0)] subtotal=500.0 total_discount=0.0 total=500.0 currency='USD' total_input_tokens=0 total_output_tokens=0 total_llm_calls=0, request: items=[PriceRequestItem(product_id='4cc0770f-91bc-4c0d-a26f-7b872f02ca94', qty=2)] promo_codes=[] currency='USD' only_final_price=True
2026-08-17 17:33:39,066 - INFO - Request for compute_price, request: items=[PriceRequestItem(product_id='4cc0770f-91bc-4c0d-a26f-7b872f02ca94', qty=2)] promo_codes=[] currency='USD' only_final_price=True
2026-08-17 17:33:39,067 - INFO - Request for compute_price successfully processed, result: items=[PriceResponseItem(product_id='4cc0770f-91bc-4c0d-a26f-7b872f02ca94', qty=2, unit_price=250.0, line_total=500.0, discounts=0.0)] subtotal=500.0 total_discount=0.0 total=500.0 currency='USD' total_input_tokens=0 total_output_tokens=0 total_llm_calls=0, request: items=[PriceRequestItem(product_id='4cc0770f-91bc-4c0d-a26f-7b872f02ca94', qty=2)] promo_codes=[] currency='USD' only_final_price=True
2026-08-17 17:33:39,095 - INFO - Request for compute_price, request: items=[PriceRequestItem(product_id='4cc0770f-91bc-4c0d-a26f-7b872f02ca94', qty=2)] promo_codes=[] currency='USD' only_final_price=True
2026-08-17 17:33:39,096 - INFO - Request for compute_price successfully processed, result: items=[PriceResponseItem(product_id='4cc0770f-91bc-4c0d-a26f-7b872f02ca94', qty=2, unit_price=250.0, line_total=500.0, discounts=0.0)] subtotal=500.0 total_discount=0.0 total=500.0 currency='USD' total_input_tokens=0 total_output_tokens=0 total_llm_calls=0, request: items=[PriceRequestItem(product_id='4cc0770f-91bc-4c0d-a26f-7b872f02ca94', qty=2)] promo_codes=[] currency='USD' only_final_price=True
2026-08-17 17:33:39,121 - INFO - Request for compute_price, request: items=[PriceRequestItem(product_id='4cc0770f-91bc-4c0d-a26f-7b872f02ca94', qty=2)] promo_codes=[] currency='USD' only_final_price=True
2026-08-17 17:33:39,122 - INFO - Request for compute_price successfully processed, result: items=[PriceResponseItem(product_id='4cc0770f-91bc-4c0d-a26f-7b872f02ca94', qty=2, unit_price=250.0, line_total=500.0, discounts=0.0)] subtotal=500.0 total_discount=0.0 total=500.0 currency='USD' total_input_tokens=0 total_output_tokens=0 total_llm_calls=0, request: items=[PriceRequestItem(product_id='4cc0770f-91bc-4c0d-a26f-7b872f02ca94', qty=2)] promo_codes=[] currency='USD' only_final_price=True
2026-08-17 17:33:39,148 - INFO - Request for compute_price, request: items=[PriceRequestItem(product_id='4cc0770f-91bc-4c0d-a26f-7b872f02ca94', qty=2)] promo_codes=[] currency='USD' only_final_price=True
2026-08-17 17:33:39,150 - INFO - Request for compute_price successfully processed, result: items=[PriceResponseItem(product_id='4cc0770f-91bc-4c0d-a26f-7b872f02ca94', qty=2, unit_price=250.0, line_total=500.0, discounts=0.0)] subtotal=500.0 total_discount=0.0 total=500.0 currency='USD' total_input_tokens=0 total_output_tokens=0 total_llm_calls=0, request: items=[PriceRequestItem(product_id='4cc0770f-91bc-4c0d-a26f-7b872f02ca94', qty=2)] promo_codes=[] currency='USD' only_final_price=True
2026-08-17 17:33:39,174 - INFO - Request for compute_price, request: items=[PriceRequestItem(product_id='4cc0770f-91bc-4c0d-a26f-7b872f02ca94', qty=2)] promo_codes=[] currency='USD' only_final_price=True
2026-08-17 17:33:39,175 - INFO - Request for compute_price successfully processed, result: items=[PriceResponseItem(product_id='4cc0770f-91bc-4c0d-a26f-7b872f02ca94', qty=2, unit_price=250.0, line_total=500.0, discounts=0.0)] subtotal=500.0 total_discount=0.0 total=500.0 currency='USD' total_input_tokens=0 total_output_tokens=0 total_llm_calls=0, request: items=[PriceRequestItem(product_id='4cc0770f-91bc-4c0d-a26f-7b872f02ca94', qty=2)] promo_codes=[] currency='USD' only_final_price=True
2026-08-17 17:33:39,203 - INFO - Request for compute_price, request: items=[PriceRequestItem(product_id='4cc0770f-91bc-4c0d-a26f-7b872f02ca94', qty=2)] promo_codes=[] currency='USD' only_final_price=True
2026-08-17 17:33:39,204 - INFO - Request for compute_price successfully processed, result: items=[PriceResponseItem(product_id='4cc0770f-91bc-4c0d-a26f-7b872f02ca94', qty=2, unit_price=250.0, line_total=500.0, discounts=0.0)] subtotal=500.0 total_discount=0.0 total=500.0 currency='USD' total_input_tokens=0 total_output_tokens=0 total_llm_calls=0, request: items=[PriceRequestItem(product_id='4cc0770f-91bc-4c0d-a26f-7b872f02ca94', qty=2)] promo_codes=[] currency='USD' only_final_price=True
2026-08-17 17:33:39,236 - INFO - Request for compute_price, request: items=[PriceRequestItem(product_id='4cc0770f-91bc-4c0d-a26f-7b872f02ca94', qty=2)] promo_codes=[] currency='USD' only_final_price=True
2026-08-17 17:33:39,238 - INFO - Request for compute_price successfully processed, result: items=[PriceResponseItem(product_id='4cc0770f-91bc-4c0d-a26f-7b872f02ca94', qty=2, unit_price=250.0, line_total=500.0, discounts=0.0)] subtotal=500.0 total_discount=0.0 total=500.0 currency='USD' total_input_tokens=0 total_output_tokens=0 total_llm_calls=0, request: items=[PriceRequestItem(product_id='4cc0770f-91bc-4c0d-a26f-7b872f02ca94', qty=2)] promo_codes=[] currency='USD' only_final_price=True
2026-08-17 17:33:39,264 - INFO - Request for compute_price, request: items=[PriceRequestItem(product_id='4cc0770f-91bc-4c0d-a26f-7b872f02ca94', qty=2)] promo_codes=[] currency='USD' only_final_price=True
2026-08-17 17:33:39,265 - INFO - Request for compute_price successfully processed, result: items=[PriceResponseItem(product_id='4cc0770f-91bc-4c0d-a26f-7b872f02ca94', qty=2, unit_price=250.0, line_total=500.0, discounts=0.0)] subtotal=500.0 total_discount=0.0 total=500.0 currency='USD' total_input_tokens=0 total_output_tokens=0 total_llm_calls=0, request: items=[PriceRequestItem(product_id='4cc0770f-91bc-4c0d-a26f-7b872f02ca94', qty=2)] promo_codes=[] currency='USD' only_final_price=True
2026-08-17 17:33:39,291 - INFO - Request for compute_price, request: items=[PriceRequestItem(product_id='4cc0770f-91bc-4c0d-a26f-7b872f02ca94', qty=2)] promo_codes=[] currency='USD' only_final_price=True
2026-08-17 17:33:39,293 - INFO - Request for compute_price successfully processed, result: items=[PriceResponseItem(product_id='4cc0770f-91bc-4c0d-a26f-7b872f02ca94', qty=2, unit_price=250.0, line_total=500.0, discounts=0.0)] subtotal=500.0 total_discount=0.0 total=500.0 currency='USD' total_input_tokens=0 total_output_tokens=0 total_llm_calls=0, request: items=[PriceRequestItem(product_id='4cc0770f-91bc-4c0d-a26f-7b872f02ca94', qty=2)] promo_codes=[] currency='USD' only_final_price=True
2026-08-17 17:33:39,319 - INFO - Request for compute_price, request: items=[PriceRequestItem(product_id='4cc0770f-91bc-4c0d-a26f-7b872f02ca94', qty=2)] promo_codes=[] currency='USD' only_final_price=True
2026-08-17 17:33:39,320 - INFO - Request for compute_price successfully processed, result: items=[PriceResponseItem(product_id='4cc0770f-91bc-4c0d-a26f-7b872f02ca94', qty=2, unit_price=250.0, line_total=500.0, discounts=0.0)] subtotal=500.0 total_discount=0.0 total=500.0 currency='USD' total_input_tokens=0 total_output_tokens=0 total_llm_calls=0, request: items=[PriceRequestItem(product_id='4cc0770f-91bc-4c0d-a26f-7b872f02ca94', qty=2)] promo_codes=[] currency='USD' only_final_price=True
2026-08-17 17:33:39,344 - INFO - Request for compute_price, request: items=[PriceRequestItem(product_id='4cc0770f-91bc-4c0d-a26f-7b872f02ca94', qty=2)] promo_codes=[] currency='USD' only_final_price=True
2026-08-17 17:33:39,346 - INFO - Request for compute_price successfully processed, result: items=[PriceResponseItem(product_id='4cc0770f-91bc-4c0d-a26f-7b872f02ca94', qty=2, unit_price=250.0, line_total=500.0, discounts=0.0)] subtotal=500.0 total_discount=0.0 total=500.0 currency='USD' total_input_tokens=0 total_output_tokens=0 total_llm_calls=0, request: items=[PriceRequestItem(product_id='4cc0770f-91bc-4c0d-a26f-7b872f02ca94', qty=2)] promo_codes=[] currency='USD' only_final_price=True
2026-08-17 17:33:39,371 - INFO - Request for compute_price, request: items=[PriceRequestItem(product_id='4cc0770f-91bc-4c0d-a26f-7b872f02ca94', qty=2)] promo_codes=[] currency='USD' only_final_price=True
2026-08-17 17:33:39,373 - INFO - Request for compute_price successfully processed, result: items=[PriceResponseItem(product_id='4cc0770f-91bc-4c0d-a26f-7b872f02ca94', qty=2, unit_price=250.0, line_total=500.0, discounts=0.0)] subtotal=500.0 total_discount=0.0 total=500.0 currency='USD' total_input_tokens=0 total_output_tokens=0 total_llm_calls=0, request: items=[PriceRequestItem(product_id='4cc0770f-91bc-4c0d-a26f-7b872f02ca94', qty=2)] promo_codes=[] currency='USD' only_final_price=True
2026-08-17 17:33:39,400 - INFO - Request for compute_price, request: items=[PriceRequestItem(product_id='4cc0770f-91bc-4c0d-a26f-7b872f02ca94', qty=2)] promo_codes=[] currency='USD' only_final_price=True
2026-08-17 17:33:39,401 - INFO - Request for compute_price successfully processed, result: items=[PriceResponseItem(product_id='4cc0770f-91bc-4c0d-a26f-7b872f02ca94', qty=2, unit_price=250.0, line_total=500.0, discounts=0.0)] subtotal=500.0 total_discount=0.0 total=500.0 currency='USD' total_input_tokens=0 total_output_tokens=0 total_llm_calls=0, request: items=[PriceRequestItem(product_id='4cc0770f-91bc-4c0d-a26f-7b872f02ca94', qty=2)] promo_codes=[] currency='USD' only_final_price=True
2026-08-17 17:33:39,428 - INFO - Request for compute_price, request: items=[PriceRequestItem(product_id='4cc0770f-91bc-4c0d-a26f-7b872f02ca94', qty=2)] promo_codes=[] currency='USD' only_final_price=True
2026-08-17 17:33:39,429 - INFO - Request for compute_price successfully processed, result: items=[PriceResponseItem(product_id='4cc0770f-91bc-4c0d-a26f-7b872f02ca94', qty=2, unit_price=250.0, line_total=500.0, discounts=0.0)] subtotal=500.0 total_discount=0.0 total=500.0 currency='USD' total_input_tokens=0 total_output_tokens=0 total_llm_calls=0, request: items=[PriceRequestItem(product_id='4cc0770f-91bc-4c0d-a26f-7b872f02ca94', qty=2)] promo_codes=[] currency='USD' only_final_price=True
2026-08-17 17:33:39,453 - INFO - Request for compute_price, request: items=[PriceRequestItem(product_id='4cc0770f-91bc-4c0d-a26f-7b872f02ca94', qty=2)] promo_codes=[] currency='USD' only_final_price=True
2026-08-17 17:33:39,455 - INFO - Request for compute_price successfully processed, result: items=[PriceResponseItem(product_id='4cc0770f-91bc-4c0d-a26f-7b872f02ca94', qty=2, unit_price=250.0, line_total=500.0, discounts=0.0)] subtotal=500.0 total_discount=0.0 total=500.0 currency='USD' total_input_tokens=0 total_output_tokens=0 total_llm_calls=0, request: items=[PriceRequestItem(product_id='4cc0770f-91bc-4c0d-a26f-7b872f02ca94', qty=2)] promo_codes=[] currency='USD' only_final_price=True
2026-08-17 17:33:39,483 - INFO - Request for compute_price, request: items=[PriceRequestItem(product_id='4cc0770f-91bc-4c0d-a26f-7b872f02ca94', qty=2)] promo_codes=[] currency='USD' only_final_price=True
2026-08-17 17:33:39,485 - INFO - Request for compute_price successfully processed, result: items=[PriceResponseItem(product_id='4cc0770f-91bc-4c0d-a26f-7b872f02ca94', qty=2, unit_price=250.0, line_total=500.0, discounts=0.0)] subtotal=500.0 total_discount=0.0 total=500.0 currency='USD' total_input_tokens=0 total_output_tokens=0 total_llm_calls=0, request: items=[PriceRequestItem(product_id='4cc0770f-91bc-4c0d-a26f-7b872f02ca94', qty=2)] promo_codes=[] currency='USD' only_final_price=True
2026-08-17 17:33:39,511 - INFO - Request for compute_price, request: items=[PriceRequestItem(product_id='4cc0770f-91bc-4c0d-a26f-7b872f02ca94', qty=2)] promo_codes=[] currency='USD' only_final_price=True
2026-08-17 17:33:39,513 - INFO - Request for compute_price successfully processed, result: items=[PriceResponseItem(product_id='4cc0770f-91bc-4c0d-a26f-7b872f02ca94', qty=2, unit_price=250.0, line_total=500.0, discounts=0.0)] subtotal=500.0 total_discount=0.0 total=500.0 currency='USD' total_input_tokens=0 total_output_tokens=0 total_llm_calls=0, request: items=[PriceRequestItem(product_id='4cc0770f-91bc-4c0d-a26f-7b872f02ca94', qty=2)] promo_codes=[] currency='USD' only_final_price=True
2026-08-17 17:33:39,541 - INFO - Request for compute_price, request: items=[PriceRequestItem(product_id='4cc0770f-91bc-4c0d-a26f-7b872f02ca94', qty=2)] promo_codes=[] currency='USD' only_final_price=True
2026-08-17 17:33:39,542 - INFO - Request for compute_price successfully processed, result: items=[PriceResponseItem(product_id='4cc0770f-91bc-4c0d-a26f-7b872f02ca94', qty=2, unit_price=250.0, line_total=500.0, discounts=0.0)] subtotal=500.0 total_discount=0.0 total=500.0 currency='USD' total_input_tokens=0 total_output_tokens=0 total_llm_calls=0, request: items=[PriceRequestItem(product_id='4cc0770f-91bc-4c0d-a26f-7b872f02ca94', qty=2)] promo_codes=[] currency='USD' only_final_price=True
2026-08-17 17:33:39,568 - INFO - Request for compute_price, request: items=[PriceRequestItem(product_id='4cc0770f-91bc-4c0d-a26f-7b872f02ca94', qty=2)] promo_codes=[] currency='USD' only_final_price=True
2026-08-17 17:33:39,569 - INFO - Request for compute_price successfully processed, result: items=[PriceResponseItem(product_id='4cc0770f-91bc-4c0d-a26f-7b872f02ca94', qty=2, unit_price=250.0, line_total=500.0, discounts=0.0)] subtotal=500.0 total_discount=0.0 total=500.0 currency='USD' total_input_tokens=0 total_output_tokens=0 total_llm_calls=0, request: items=[PriceRequestItem(product_id='4cc0770f-91bc-4c0d-a26f-7b872f02ca94', qty=2)] promo_codes=[] currency='USD' only_final_price=True
2026-08-17 17:33:39,598 - INFO - Request for compute_price, request: items=[PriceRequestItem(product_id='4cc0770f-91bc-4c0d-a26f-7b872f02ca94', qty=2)] promo_codes=[] currency='USD' only_final_price=True
2026-08-17 17:33:39,599 - INFO - Request for compute_price successfully processed, result: items=[PriceResponseItem(product_id='4cc0770f-91bc-4c0d-a26f-7b872f02ca94', qty=2, unit_price=250.0, line_total=500.0, discounts=0.0)] subtotal=500.0 total_discount=0.0 total=500.0 currency='USD' total_input_tokens=0 total_output_tokens=0 total_llm_calls=0, request: items=[PriceRequestItem(product_id='4cc0770f-91bc-4c0d-a26f-7b872f02ca94', qty=2)] promo_codes=[] currency='USD' only_final_price=True
2026-08-17 17:33:39,630 - INFO - Request for compute_price, request: items=[PriceRequestItem(product_id='4cc0770f-91bc-4c0d-a26f-7b872f02ca94', qty=2)] promo_codes=[] currency='USD' only_final_price=True
2026-08-17 17:33:39,633 - INFO - Request for compute_price successfully processed, result: items=[PriceResponseItem(product_id='4cc0770f-91bc-4c0d-a26f-7b872f02ca94', qty=2, unit_price=250.0, line_total=500.0, discounts=0.0)] subtotal=500.0 total_discount=0.0 total=500.0 currency='USD' total_input_tokens=0 total_output_tokens=0 total_llm_calls=0, request: items=[PriceRequestItem(product_id='4cc0770f-91bc-4c0d-a26f-7b872f02ca94', qty=2)] promo_codes=[] currency='USD' only_final_price=True
2026-08-17 17:33:39,662 - INFO - Request for compute_price, request: items=[PriceRequestItem(product_id='4cc0770f-91bc-4c0d-a26f-7b872f02ca94', qty=2)] promo_codes=[] currency='USD' only_final_price=True
2026-08-17 17:33:39,664 - INFO - Request for compute_price successfully processed, result: items=[PriceResponseItem(product_id='4cc0770f-91bc-4c0d-a26f-7b872f02ca94', qty=2, unit_price=250.0, line_total=500.0, discounts=0.0)] subtotal=500.0 total_discount=0.0 total=500.0 currency='USD' total_input_tokens=0 total_output_tokens=0 total_llm_calls=0, request: items=[PriceRequestItem(product_id='4cc0770f-91bc-4c0d-a26f-7b872f02ca94', qty=2)] promo_codes=[] currency='USD' only_final_price=True
2026-08-17 17:33:39,690 - INFO - Request for compute_price, request: items=[PriceRequestItem(product_id='4cc0770f-91bc-4c0d-a26f-7b872f02ca94', qty=2)] promo_codes=[] currency='USD' only_final_price=True
2026-08-17 17:33:39,691 - INFO - Request for compute_price successfully processed, result: items=[PriceResponseItem(product_id='4cc0770f-91bc-4c0d-a26f-7b872f02ca94', qty=2, unit_price=250.0, line_total=500.0, discounts=0.0)] subtotal=500.0 total_discount=0.0 total=500.0 currency='USD' total_input_tokens=0 total_output_tokens=0 total_llm_calls=0, request: items=[PriceRequestItem(product_id='4cc0770f-91bc-4c0d-a26f-7b872f02ca94', qty=2)] promo_codes=[] currency='USD' only_final_price=True
2026-08-17 17:33:39,719 - INFO - Request for compute_price, request: items=[PriceRequestItem(product_id='4cc0770f-91bc-4c0d-a26f-7b872f02ca94', qty=2)] promo_codes=[] currency='USD' only_final_price=True
2026-08-17 17:33:39,720 - INFO - Request for compute_price successfully processed, result: items=[PriceResponseItem(product_id='4cc0770f-91bc-4c0d-a26f-7b872f02ca94', qty=2, unit_price=250.0, line_total=500.0, discounts=0.0)] subtotal=500.0 total_discount=0.0 total=500.0 currency='USD' total_input_tokens=0 total_output_tokens=0 total_llm_calls=0, request: items=[PriceRequestItem(product_id='4cc0770f-91bc-4c0d-a26f-7b872f02ca94', qty=2)] promo_codes=[] currency='USD' only_final_price=True
2026-08-17 17:33:39,749 - INFO - Request for compute_price, request: items=[PriceRequestItem(product_id='4cc0770f-91bc-4c0d-a26f-7b872f02ca94', qty=2)] promo_codes=[] currency='USD' only_final_price=True
2026-08-17 17:33:39,750 - INFO - Request for compute_price successfully processed, result: items=[PriceResponseItem(product_id='4cc0770f-91bc-4c0d-a26f-7b872f02ca94', qty=2, unit_price=250.0, line_total=500.0, discounts=0.0)] subtotal=500.0 total_discount=0.0 total=500.0 currency='USD' total_input_tokens=0 total_output_tokens=0 total_llm_calls=0, request: items=[PriceRequestItem(product_id='4cc0770f-91bc-4c0d-a26f-7b872f02ca94', qty=2)] promo_codes=[] currency='USD' only_final_price=True
2026-08-17 17:33:39,780 - INFO - Request for compute_price, request: items=[PriceRequestItem(product_id='4cc0770f-91bc-4c0d-a26f-7b872f02ca94', qty=2)] promo_codes=[] currency='USD' only_final_price=True
2026-08-17 17:33:39,782 - INFO - Request for compute_price successfully processed, result: items=[PriceResponseItem(product_id='4cc0770f-91bc-4c0d-a26f-7b872f02ca94', qty=2, unit_price=250.0, line_total=500.0, discounts=0.0)] subtotal=500.0 total_discount=0.0 total=500.0 currency='USD' total_input_tokens=0 total_output_tokens=0 total_llm_calls=0, request: items=[PriceRequestItem(product_id='4cc0770f-91bc-4c0d-a26f-7b872f02ca94', qty=2)] promo_codes=[] currency='USD' only_final_price=True
2026-08-17 17:33:39,814 - INFO - Request for compute_price, request: items=[PriceRequestItem(product_id='4cc0770f-91bc-4c0d-a26f-7b872f02ca94', qty=2)] promo_codes=[] currency='USD' only_final_price=True
2026-08-17 17:33:39,815 - INFO - Request for compute_price successfully processed, result: items=[PriceResponseItem(product_id='4cc0770f-91bc-4c0d-a26f-7b872f02ca94', qty=2, unit_price=250.0, line_total=500.0, discounts=0.0)] subtotal=500.0 total_discount=0.0 total=500.0 currency='USD' total_input_tokens=0 total_output_tokens=0 total_llm_calls=0, request: items=[PriceRequestItem(product_id='4cc0770f-91bc-4c0d-a26f-7b872f02ca94', qty=2)] promo_codes=[] currency='USD' only_final_price=True
2026-08-17 17:33:39,844 - INFO - Request for compute_price, request: items=[PriceRequestItem(product_id='4cc0770f-91bc-4c0d-a26f-7b872f02ca94', qty=2)] promo_codes=[] currency='USD' only_final_price=True
2026-08-17 17:33:39,846 - INFO - Request for compute_price successfully processed, result: items=[PriceResponseItem(product_id='4cc0770f-91bc-4c0d-a26f-7b872f02ca94', qty=2, unit_price=250.0, line_total=500.0, discounts=0.0)] subtotal=500.0 total_discount=0.0 total=500.0 currency='USD' total_input_tokens=0 total_output_tokens=0 total_llm_calls=0, request: items=[PriceRequestItem(product_id='4cc0770f-91bc-4c0d-a26f-7b872f02ca94', qty=2)] promo_codes=[] currency='USD' only_final_price=True
2026-08-17 17:33:39,874 - INFO - Request for compute_price, request: items=[PriceRequestItem(product_id='4cc0770f-91bc-4c0d-a26f-7b872f02ca94', qty=2)] promo_codes=[] currency='USD' only_final_price=True
2026-08-17 17:33:39,876 - INFO - Request for compute_price successfully processed, result: items=[PriceResponseItem(product_id='4cc0770f-91bc-4c0d-a26f-7b872f02ca94', qty=2, unit_price=250.0, line_total=500.0, discounts=0.0)] subtotal=500.0 total_discount=0.0 total=500.0 currency='USD' total_input_tokens=0 total_output_tokens=0 total_llm_calls=0, request: items=[PriceRequestItem(product_id='4cc0770f-91bc-4c0d-a26f-7b872f02ca94', qty=2)] promo_codes=[] currency='USD' only_final_price=True
2026-08-17 17:33:39,906 - INFO - Request for compute_price, request: items=[PriceRequestItem(product_id='4cc0770f-91bc-4c0d-a26f-7b872f02ca94', qty=2)] promo_codes=[] currency='USD' only_final_price=True
2026-08-17 17:33:39,908 - INFO - Request for compute_price successfully processed, result: items=[PriceResponseItem(product_id='4cc0770f-91bc-4c0d-a26f-7b872f02ca94', qty=2, unit_price=250.0, line_total=500.0, discounts=0.0)] subtotal=500.0 total_discount=0.0 total=500.0 currency='USD' total_input_tokens=0 total_output_tokens=0 total_llm_calls=0, request: items=[PriceRequestItem(product_id='4cc0770f-91bc-4c0d-a26f-7b872f02ca94', qty=2)] promo_codes=[] currency='USD' only_final_price=True
2026-08-17 17:33:39,935 - INFO - Request for compute_price, request: items=[PriceRequestItem(product_id='4cc0770f-91bc-4c0d-a26f-7b872f02ca94', qty=2)] promo_codes=[] currency='USD' only_final_price=True
2026-08-17 17:33:39,936 - INFO - Request for compute_price successfully processed, result: items=[PriceResponseItem(product_id='4cc0770f-91bc-4c0d-a26f-7b872f02ca94', qty=2, unit_price=250.0, line_total=500.0, discounts=0.0)] subtotal=500.0 total_discount=0.0 total=500.0 currency='USD' total_input_tokens=0 total_output_tokens=0 total_llm_calls=0, request: items=[PriceRequestItem(product_id='4cc0770f-91bc-4c0d-a26f-7b872f02ca94', qty=2)] promo_codes=[] currency='USD' only_final_price=True
2026-08-17 17:33:39,966 - INFO - Request for compute_price, request: items=[PriceRequestItem(product_id='4cc0770f-91bc-4c0d-a26f-7b872f02ca94', qty=2)] promo_codes=[] currency='USD' only_final_price=True
2026-08-17 17:33:39,968 - INFO - Request for compute_price successfully processed, result: items=[PriceResponseItem(product_id='4cc0770f-91bc-4c0d-a26f-7b872f02ca94', qty=2, unit_price=250.0, line_total=500.0, discounts=0.0)] subtotal=500.0 total_discount=0.0 total=500.0 currency='USD' total_input_tokens=0 total_output_tokens=0 total_llm_calls=0, request: items=[PriceRequestItem(product_id='4cc0770f-91bc-4c0d-a26f-7b872f02ca94', qty=2)] promo_codes=[] currency='USD' only_final_price=True
2026-08-17 17:33:39,999 - INFO - Request for compute_price, request: items=[PriceRequestItem(product_id='4cc0770f-91bc-4c0d-a26f-7b872f02ca94', qty=2)] promo_codes=[] currency='USD' only_final_price=True
2026-08-17 17:33:40,002 - INFO - Request for compute_price successfully processed, result: items=[PriceResponseItem(product_id='4cc0770f-91bc-4c0d-a26f-7b872f02ca94', qty=2, unit_price=250.0, line_total=500.0, discounts=0.0)] subtotal=500.0 total_discount=0.0 total=500.0 currency='USD' total_input_tokens=0 total_output_tokens=0 total_llm_calls=0, request: items=[PriceRequestItem(product_id='4cc0770f-91bc-4c0d-a26f-7b872f02ca94', qty=2)] promo_codes=[] currency='USD' only_final_price=True
2026-08-17 17:33:40,033 - INFO - Request for compute_price, request: items=[PriceRequestItem(product_id='4cc0770f-91bc-4c0d-a26f-7b872f02ca94', qty=2)] promo_codes=[] currency='USD' only_final_price=True
2026-08-17 17:33:40,036 - INFO - Request for compute_price successfully processed, result: items=[PriceResponseItem(product_id='4cc0770f-91bc-4c0d-a26f-7b872f02ca94', qty=2, unit_price=250.0, line_total=500.0, discounts=0.0)] subtotal=500.0 total_discount=0.0 total=500.0 currency='USD' total_input_tokens=0 total_output_tokens=0 total_llm_calls=0, request: items=[PriceRequestItem(product_id='4cc0770f-91bc-4c0d-a26f-7b872f02ca94', qty=2)] promo_codes=[] currency='USD' only_final_price=True
2026-08-17 17:33:40,065 - INFO - Request for compute_price, request: items=[PriceRequestItem(product_id='4cc0770f-91bc-4c0d-a26f-7b872f02ca94', qty=2)] promo_codes=[] currency='USD' only_final_price=True
2026-08-17 17:33:40,067 - INFO - Request for compute_price successfully processed, result: items=[PriceResponseItem(product_id='4cc0770f-91bc-4c0d-a26f-7b872f02ca94', qty=2, unit_price=250.0, line_total=500.0, discounts=0.0)] subtotal=500.0 total_discount=0.0 total=500.0 currency='USD' total_input_tokens=0 total_output_tokens=0 total_llm_calls=0, request: items=[PriceRequestItem(product_id='4cc0770f-91bc-4c0d-a26f-7b872f02ca94', qty=2)] promo_codes=[] currency='USD' only_final_price=True
2026-08-17 17:33:40,093 - INFO - Request for compute_price, request: items=[PriceRequestItem(product_id='4cc0770f-91bc-4c0d-a26f-7b872f02ca94', qty=2)] promo_codes=[] currency='USD' only_final_price=True
2026-08-17 17:33:40,095 - INFO - Request for compute_price successfully processed, result: items=[PriceResponseItem(product_id='4cc0770f-91bc-4c0d-a26f-7b872f02ca94', qty=2, unit_price=250.0, line_total=500.0, discounts=0.0)] subtotal=500.0 total_discount=0.0 total=500.0 currency='USD' total_input_tokens=0 total_output_tokens=0 total_llm_calls=0, request: items=[PriceRequestItem(product_id='4cc0770f-91bc-4c0d-a26f-7b872f02ca94', qty=2)] promo_codes=[] currency='USD' only_final_price=True
2026-08-17 17:33:40,122 - INFO - Request for compute_price, request: items=[PriceRequestItem(product_id='4cc0770f-91bc-4c0d-a26f-7b872f02ca94', qty=2)] promo_codes=[] currency='USD' only_final_price=True
2026-08-17 17:33:40,123 - INFO - Request for compute_price successfully processed, result: items=[PriceResponseItem(product_id='4cc0770f-91bc-4c0d-a26f-7b872f02ca94', qty=2, unit_price=250.0, line_total=500.0, discounts=0.0)] subtotal=500.0 total_discount=0.0 total=500.0 currency='USD' total_input_tokens=0 total_output_tokens=0 total_llm_calls=0, request: items=[PriceRequestItem(product_id='4cc0770f-91bc-4c0d-a26f-7b872f02ca94', qty=2)] promo_codes=[] currency='USD' only_final_price=True
2026-08-17 17:33:40,151 - INFO - Request for compute_price, request: items=[PriceRequestItem(product_id='4cc0770f-91bc-4c0d-a26f-7b872f02ca94', qty=2)] promo_codes=[] currency='USD' only_final_price=True
2026-08-17 17:33:40,152 - INFO - Request for compute_price successfully processed, result: items=[PriceResponseItem(product_id='4cc0770f-91bc-4c0d-a26f-7b872f02ca94', qty=2, unit_price=250.0, line_total=500.0, discounts=0.0)] subtotal=500.0 total_discount=0.0 total=500.0 currency='USD' total_input_tokens=0 total_output_tokens=0 total_llm_calls=0, request: items=[PriceRequestItem(product_id='4cc0770f-91bc-4c0d-a26f-7b872f02ca94', qty=2)] promo_codes=[] currency='USD' only_final_price=True
2026-08-17 17:33:40,176 - INFO - Request for compute_price, request: items=[PriceRequestItem(product_id='4cc0770f-91bc-4c0d-a26f-7b872f02ca94', qty=2)] promo_codes=[] currency='USD' only_final_price=True
2026-08-17 17:33:40,178 - INFO - Request for compute_price successfully processed, result: items=[PriceResponseItem(product_id='4cc0770f-91bc-4c0d-a26f-7b872f02ca94', qty=2, unit_price=250.0, line_total=500.0, discounts=0.0)] subtotal=500.0 total_discount=0.0 total=500.0 currency='USD' total_input_tokens=0 total_output_tokens=0 total_llm_calls=0, request: items=[PriceRequestItem(product_id='4cc0770f-91bc-4c0d-a26f-7b872f02ca94', qty=2)] promo_codes=[] currency='USD' only_final_price=True
2026-08-17 17:33:40,206 - INFO - Request for compute_price, request: items=[PriceRequestItem(product_id='4cc0770f-91bc-4c0d-a26f-7b872f02ca94', qty=2)] promo_codes=[] currency='USD' only_final_price=True
2026-08-17 17:33:40,207 - INFO - Request for compute_price successfully processed, result: items=[PriceResponseItem(product_id='4cc0770f-91bc-4c0d-a26f-7b872f02ca94', qty=2, unit_price=250.0, line_total=500.0, discounts=0.0)] subtotal=500.0 total_discount=0.0 total=500.0 currency='USD' total_input_tokens=0 total_output_tokens=0 total_llm_calls=0, request: items=[PriceRequestItem(product_id='4cc0770f-91bc-4c0d-a26f-7b872f02ca94', qty=2)] promo_codes=[] currency='USD' only_final_price=True
2026-08-17 17:33:40,237 - INFO - Request for compute_price, request: items=[PriceRequestItem(product_id='4cc0770f-91bc-4c0d-a26f-7b872f02ca94', qty=2)] promo_codes=[] currency='USD' only_final_price=True
2026-08-17 17:33:40,238 - INFO - Request for compute_price successfully processed, result: items=[PriceResponseItem(product_id='4cc0770f-91bc-4c0d-a26f-7b872f02ca94', qty=2, unit_price=250.0, line_total=500.0, discounts=0.0)] subtotal=500.0 total_discount=0.0 total=500.0 currency='USD' total_input_tokens=0 total_output_tokens=0 total_llm_calls=0, request: items=[PriceRequestItem(product_id='4cc0770f-91bc-4c0d-a26f-7b872f02ca94', qty=2)] promo_codes=[] currency='USD' only_final_price=True
2026-08-17 17:33:40,269 - INFO - Request for compute_price, request: items=[PriceRequestItem(product_id='4cc0770f-91bc-4c0d-a26f-7b872f02ca94', qty=2)] promo_codes=[] currency='USD' only_final_price=True
2026-08-17 17:33:40,270 - INFO - Request for compute_price successfully processed, result: items=[PriceResponseItem(product_id='4cc0770f-91bc-4c0d-a26f-7b872f02ca94', qty=2, unit_price=250.0, line_total=500.0, discounts=0.0)] subtotal=500.0 total_discount=0.0 total=500.0 currency='USD' total_input_tokens=0 total_output_tokens=0 total_llm_calls=0, request: items=[PriceRequestItem(product_id='4cc0770f-91bc-4c0d-a26f-7b872f02ca94', qty=2)] promo_codes=[] currency='USD' only_final_price=True
2026-08-17 17:33:40,299 - INFO - Request for compute_price, request: items=[PriceRequestItem(product_id='4cc0770f-91bc-4c0d-a26f-7b872f02ca94', qty=2)] promo_codes=[] currency='USD' only_final_price=True
2026-08-17 17:33:40,304 - INFO - Request for compute_price successfully processed, result: items=[PriceResponseItem(product_id='4cc0770f-91bc-4c0d-a26f-7b872f02ca94', qty=2, unit_price=250.0, line_total=500.0, discounts=0.0)] subtotal=500.0 total_discount=0.0 total=500.0 currency='USD' total_input_tokens=0 total_output_tokens=0 total_llm_calls=0, request: items=[PriceRequestItem(product_id='4cc0770f-91bc-4c0d-a26f-7b872f02ca94', qty=2)] promo_codes=[] currency='USD' only_final_price=True
2026-08-17 17:33:40,351 - INFO - Request for compute_price, request: items=[PriceRequestItem(product_id='4cc0770f-91bc-4c0d-a26f-7b872f02ca94', qty=2)] promo_codes=[] currency='USD' only_final_price=True
2026-08-17 17:33:40,352 - INFO - Request for compute_price successfully processed, result: items=[PriceResponseItem(product_id='4cc0770f-91bc-4c0d-a26f-7b872f02ca94', qty=2, unit_price=250.0, line_total=500.0, discounts=0.0)] subtotal=500.0 total_discount=0.0 total=500.0 currency='USD' total_input_tokens=0 total_output_tokens=0 total_llm_calls=0, request: items=[PriceRequestItem(product_id='4cc0770f-91bc-4c0d-a26f-7b872f02ca94', qty=2)] promo_codes=[] currency='USD' only_final_price=True
2026-08-17 17:33:40,386 - INFO - Request for compute_price, request: items=[PriceRequestItem(product_id='4cc0770f-91bc-4c0d-a26f-7b872f02ca94', qty=2)] promo_codes=[] currency='USD' only_final_price=True
2026-08-17 17:33:40,387 - INFO - Request for compute_price successfully processed, result: items=[PriceResponseItem(product_id='4cc0770f-91bc-4c0d-a26f-7b872f02ca94', qty=2, unit_price=250.0, line_total=500.0, discounts=0.0)] subtotal=500.0 total_discount=0.0 total=500.0 currency='USD' total_input_tokens=0 total_output_tokens=0 total_llm_calls=0, request: items=[PriceRequestItem(product_id='4cc0770f-91bc-4c0d-a26f-7b872f02ca94', qty=2)] promo_codes=[] currency='USD' only_final_price=True
2026-08-17 17:33:40,416 - INFO - Request for compute_price, request: items=[PriceRequestItem(product_id='4cc0770f-91bc-4c0d-a26f-7b872f02ca94', qty=2)] promo_codes=[] currency='USD' only_final_price=True
2026-08-17 17:33:40,417 - INFO - Request for compute_price successfully processed, result: items=[PriceResponseItem(product_id='4cc0770f-91bc-4c0d-a26f-7b872f02ca94', qty=2, unit_price=250.0, line_total=500.0, discounts=0.0)] subtotal=500.0 total_discount=0.0 total=500.0 currency='USD' total_input_tokens=0 total_output_tokens=0 total_llm_calls=0, request: items=[PriceRequestItem(product_id='4cc0770f-91bc-4c0d-a26f-7b872f02ca94', qty=2)] promo_codes=[] currency='USD' only_final_price=True
2026-08-17 17:33:40,442 - INFO - Request for compute_price, request: items=[PriceRequestItem(product_id='4cc0770f-91bc-4c0d-a26f-7b872f02ca94', qty=2)] promo_codes=[] currency='USD' only_final_price=True
2026-08-17 17:33:40,444 - INFO - Request for compute_price successfully processed, result: items=[PriceResponseItem(product_id='4cc0770f-91bc-4c0d-a26f-7b872f02ca94', qty=2, unit_price=250.0, line_total=500.0, discounts=0.0)] subtotal=500.0 total_discount=0.0 total=500.0 currency='USD' total_input_tokens=0 total_output_tokens=0 total_llm_calls=0, request: items=[PriceRequestItem(product_id='4cc0770f-91bc-4c0d-a26f-7b872f02ca94', qty=2)] promo_codes=[] currency='USD' only_final_price=True
2026-08-17 17:33:40,470 - INFO - Request for compute_price, request: items=[PriceRequestItem(product_id='4cc0770f-91bc-4c0d-a26f-7b872f02ca94', qty=2)] promo_codes=[] currency='USD' only_final_price=True
2026-08-17 17:33:40,472 - INFO - Request for compute_price successfully processed, result: items=[PriceResponseItem(product_id='4cc0770f-91bc-4c0d-a26f-7b872f02ca94', qty=2, unit_price=250.0, line_total=500.0, discounts=0.0)] subtotal=500.0 total_discount=0.0 total=500.0 currency='USD' total_input_tokens=0 total_output_tokens=0 total_llm_calls=0, request: items=[PriceRequestItem(product_id='4cc0770f-91bc-4c0d-a26f-7b872f02ca94', qty=2)] promo_codes=[] currency='USD' only_final_price=True
2026-08-17 17:33:40,498 - INFO - Request for compute_price, request: items=[PriceRequestItem(product_id='4cc0770f-91bc-4c0d-a26f-7b872f02ca94', qty=2)] promo_codes=[] currency='USD' only_final_price=True
2026-08-17 17:33:40,500 - INFO - Request for compute_price successfully processed, result: items=[PriceResponseItem(product_id='4cc0770f-91bc-4c0d-a26f-7b872f02ca94', qty=2, unit_price=250.0, line_total=500.0, discounts=0.0)] subtotal=500.0 total_discount=0.0 total=500.0 currency='USD' total_input_tokens=0 total_output_tokens=0 total_llm_calls=0, request: items=[PriceRequestItem(product_id='4cc0770f-91bc-4c0d-a26f-7b872f02ca94', qty=2)] promo_codes=[] currency='USD' only_final_price=True
2026-08-17 17:33:40,526 - INFO - Request for compute_price, request: items=[PriceRequestItem(product_id='4cc0770f-91bc-4c0d-a26f-7b872f02ca94', qty=2)] promo_codes=[] currency='USD' only_final_price=True
2026-08-17 17:33:40,527 - INFO - Request for compute_price successfully processed, result: items=[PriceResponseItem(product_id='4cc0770f-91bc-4c0d-a26f-7b872f02ca94', qty=2, unit_price=250.0, line_total=500.0, discounts=0.0)] subtotal=500.0 total_discount=0.0 total=500.0 currency='USD' total_input_tokens=0 total_output_tokens=0 total_llm_calls=0, request: items=[PriceRequestItem(product_id='4cc0770f-91bc-4c0d-a26f-7b872f02ca94', qty=2)] promo_codes=[] currency='USD' only_final_price=True
2026-08-17 17:33:40,554 - INFO - Request for compute_price, request: items=[PriceRequestItem(product_id='4cc0770f-91bc-4c0d-a26f-7b872f02ca94', qty=2)] promo_codes=[] currency='USD' only_final_price=True
2026-08-17 17:33:40,555 - INFO - Request for compute_price successfully processed, result: items=[PriceResponseItem(product_id='4cc0770f-91bc-4c0d-a26f-7b872f02ca94', qty=2, unit_price=250.0, line_total=500.0, discounts=0.0)] subtotal=500.0 total_discount=0.0 total=500.0 currency='USD' total_input_tokens=0 total_output_tokens=0 total_llm_calls=0, request: items=[PriceRequestItem(product_id='4cc0770f-91bc-4c0d-a26f-7b872f02ca94', qty=2)] promo_codes=[] currency='USD' only_final_price=True
2026-08-17 17:33:40,581 - INFO - Request for compute_price, request: items=[PriceRequestItem(product_id='4cc0770f-91bc-4c0d-a26f-7b872f02ca94', qty=2)] promo_codes=[] currency='USD' only_final_price=True
2026-08-17 17:33:40,582 - INFO - Request for compute_price successfully processed, result: items=[PriceResponseItem(product_id='4cc0770f-91bc-4c0d-a26f-7b872f02ca94', qty=2, unit_price=250.0, line_total=500.0, discounts=0.0)] subtotal=500.0 total_discount=0.0 total=500.0 currency='USD' total_input_tokens=0 total_output_tokens=0 total_llm_calls=0, request: items=[PriceRequestItem(product_id='4cc0770f-91bc-4c0d-a26f-7b872f02ca94', qty=2)] promo_codes=[] currency='USD' only_final_price=True
2026-08-17 17:33:40,609 - INFO - Request for compute_price, request: items=[PriceRequestItem(product_id='4cc0770f-91bc-4c0d-a26f-7b872f02ca94', qty=2)] promo_codes=[] currency='USD' only_final_price=True
2026-08-17 17:33:40,610 - INFO - Request for compute_price successfully processed, result: items=[PriceResponseItem(product_id='4cc0770f-91bc-4c0d-a26f-7b872f02ca94', qty=2, unit_price=250.0, line_total=500.0, discounts=0.0)] subtotal=500.0 total_discount=0.0 total=500.0 currency='USD' total_input_tokens=0 total_output_tokens=0 total_llm_calls=0, request: items=[PriceRequestItem(product_id='4cc0770f-91bc-4c0d-a26f-7b872f02ca94', qty=2)] promo_codes=[] currency='USD' only_final_price=True
2026-08-17 17:33:40,638 - INFO - Request for compute_price, request: items=[PriceRequestItem(product_id='4cc0770f-91bc-4c0d-a26f-7b872f02ca94', qty=2)] promo_codes=[] currency='USD' only_final_price=True
2026-08-17 17:33:40,640 - INFO - Request for compute_price successfully processed, result: items=[PriceResponseItem(product_id='4cc0770f-91bc-4c0d-a26f-7b872f02ca94', qty=2, unit_price=250.0, line_total=500.0, discounts=0.0)] subtotal=500.0 total_discount=0.0 total=500.0 currency='USD' total_input_tokens=0 total_output_tokens=0 total_llm_calls=0, request: items=[PriceRequestItem(product_id='4cc0770f-91bc-4c0d-a26f-7b872f02ca94', qty=2)] promo_codes=[] currency='USD' only_final_price=True
2026-08-17 17:33:40,668 - INFO - Request for compute_price, request: items=[PriceRequestItem(product_id='4cc0770f-91bc-4c0d-a26f-7b872f02ca94', qty=2)] promo_codes=[] currency='USD' only_final_price=True
2026-08-17 17:33:40,670 - INFO - Request for compute_price successfully processed, result: items=[PriceResponseItem(product_id='4cc0770f-91bc-4c0d-a26f-7b872f02ca94', qty=2, unit_price=250.0, line_total=500.0, discounts=0.0)] subtotal=500.0 total_discount=0.0 total=500.0 currency='USD' total_input_tokens=0 total_output_tokens=0 total_llm_calls=0, request: items=[PriceRequestItem(product_id='4cc0770f-91bc-4c0d-a26f-7b872f02ca94', qty=2)] promo_codes=[] currency='USD' only_final_price=True
2026-08-17 17:33:40,697 - INFO - Request for compute_price, request: items=[PriceRequestItem(product_id='4cc0770f-91bc-4c0d-a26f-7b872f02ca94', qty=2)] promo_codes=[] currency='USD' only_final_price=True
2026-08-17 17:33:40,699 - INFO - Request for compute_price successfully processed, result: items=[PriceResponseItem(product_id='4cc0770f-91bc-4c0d-a26f-7b872f02ca94', qty=2, unit_price=250.0, line_total=500.0, discounts=0.0)] subtotal=500.0 total_discount=0.0 total=500.0 currency='USD' total_input_tokens=0 total_output_tokens=0 total_llm_calls=0, request: items=[PriceRequestItem(product_id='4cc0770f-91bc-4c0d-a26f-7b872f02ca94', qty=2)] promo_codes=[] currency='USD' only_final_price=True
2026-08-17 17:33:40,725 - INFO - Request for compute_price, request: items=[PriceRequestItem(product_id='4cc0770f-91bc-4c0d-a26f-7b872f02ca94', qty=2)] promo_codes=[] currency='USD' only_final_price=True
2026-08-17 17:33:40,726 - INFO - Request for compute_price successfully processed, result: items=[PriceResponseItem(product_id='4cc0770f-91bc-4c0d-a26f-7b872f02ca94', qty=2, unit_price=250.0, line_total=500.0, discounts=0.0)] subtotal=500.0 total_discount=0.0 total=500.0 currency='USD' total_input_tokens=0 total_output_tokens=0 total_llm_calls=0, request: items=[PriceRequestItem(product_id='4cc0770f-91bc-4c0d-a26f-7b872f02ca94', qty=2)] promo_codes=[] currency='USD' only_final_price=True
2026-08-17 17:33:40,751 - INFO - Request for compute_price, request: items=[PriceRequestItem(product_id='4cc0770f-91bc-4c0d-a26f-7b872f02ca94', qty=2)] promo_codes=[] currency='USD' only_final_price=True
2026-08-17 17:33:40,753 - INFO - Request for compute_price successfully processed, result: items=[PriceResponseItem(product_id='4cc0770f-91bc-4c0d-a26f-7b872f02ca94', qty=2, unit_price=250.0, line_total=500.0, discounts=0.0)] subtotal=500.0 total_discount=0.0 total=500.0 currency='USD' total_input_tokens=0 total_output_tokens=0 total_llm_calls=0, request: items=[PriceRequestItem(product_id='4cc0770f-91bc-4c0d-a26f-7b872f02ca94', qty=2)] promo_codes=[] currency='USD' only_final_price=True
2026-08-17 17:33:40,781 - INFO - Request for compute_price, request: items=[PriceRequestItem(product_id='4cc0770f-91bc-4c0d-a26f-7b872f02ca94', qty=2)] promo_codes=[] currency='USD' only_final_price=True
2026-08-17 17:33:40,783 - INFO - Request for compute_price successfully processed, result: items=[PriceResponseItem(product_id='4cc0770f-91bc-4c0d-a26f-7b872f02ca94', qty=2, unit_price=250.0, line_total=500.0, discounts=0.0)] subtotal=500.0 total_discount=0.0 total=500.0 currency='USD' total_input_tokens=0 total_output_tokens=0 total_llm_calls=0, request: items=[PriceRequestItem(product_id='4cc0770f-91bc-4c0d-a26f-7b872f02ca94', qty=2)] promo_codes=[] currency='USD' only_final_price=True
2026-08-17 17:33:40,810 - INFO - Request for compute_price, request: items=[PriceRequestItem(product_id='4cc0770f-91bc-4c0d-a26f-7b872f02ca94', qty=2)] promo_codes=[] currency='USD' only_final_price=True
2026-08-17 17:33:40,812 - INFO - Request for compute_price successfully processed, result: items=[PriceResponseItem(product_id='4cc0770f-91bc-4c0d-a26f-7b872f02ca94', qty=2, unit_price=250.0, line_total=500.0, discounts=0.0)] subtotal=500.0 total_discount=0.0 total=500.0 currency='USD' total_input_tokens=0 total_output_tokens=0 total_llm_calls=0, request: items=[PriceRequestItem(product_id='4cc0770f-91bc-4c0d-a26f-7b872f02ca94', qty=2)] promo_codes=[] currency='USD' only_final_price=True
2026-08-17 17:33:40,836 - INFO - Request for compute_price, request: items=[PriceRequestItem(product_id='4cc0770f-91bc-4c0d-a26f-7b872f02ca94', qty=2)] promo_codes=[] currency='USD' only_final_price=True
2026-08-17 17:33:40,837 - INFO - Request for compute_price successfully processed, result: items=[PriceResponseItem(product_id='4cc0770f-91bc-4c0d-a26f-7b872f02ca94', qty=2, unit_price=250.0, line_total=500.0, discounts=0.0)] subtotal=500.0 total_discount=0.0 total=500.0 currency='USD' total_input_tokens=0 total_output_tokens=0 total_llm_calls=0, request: items=[PriceRequestItem(product_id='4cc0770f-91bc-4c0d-a26f-7b872f02ca94', qty=2)] promo_codes=[] currency='USD' only_final_price=True
2026-08-17 17:33:40,863 - INFO - Request for compute_price, request: items=[PriceRequestItem(product_id='4cc0770f-91bc-4c0d-a26f-7b872f02ca94', qty=2)] promo_codes=[] currency='USD' only_final_price=True
2026-08-17 17:33:40,864 - INFO - Request for compute_price successfully processed, result: items=[PriceResponseItem(product_id='4cc0770f-91bc-4c0d-a26f-7b872f02ca94', qty=2, unit_price=250.0, line_total=500.0, discounts=0.0)] subtotal=500.0 total_discount=0.0 total=500.0 currency='USD' total_input_tokens=0 total_output_tokens=0 total_llm_calls=0, request: items=[PriceRequestItem(product_id='4cc0770f-91bc-4c0d-a26f-7b872f02ca94', qty=2)] promo_codes=[] currency='USD' only_final_price=True
2026-08-17 17:33:40,893 - INFO - Request for compute_price, request: items=[PriceRequestItem(product_id='4cc0770f-91bc-4c0d-a26f-7b872f02ca94', qty=2)] promo_codes=[] currency='USD' only_final_price=True
2026-08-17 17:33:40,896 - INFO - Request for compute_price successfully processed, result: items=[PriceResponseItem(product_id='4cc0770f-91bc-4c0d-a26f-7b872f02ca94', qty=2, unit_price=250.0, line_total=500.0, discounts=0.0)] subtotal=500.0 total_discount=0.0 total=500.0 currency='USD' total_input_tokens=0 total_output_tokens=0 total_llm_calls=0, request: items=[PriceRequestItem(product_id='4cc0770f-91bc-4c0d-a26f-7b872f02ca94', qty=2)] promo_codes=[] currency='USD' only_final_price=True
2026-08-17 17:33:40,924 - INFO - Request for compute_price, request: items=[PriceRequestItem(product_id='4cc0770f-91bc-4c0d-a26f-7b872f02ca94', qty=2)] promo_codes=[] currency='USD' only_final_price=True
2026-08-17 17:33:40,925 - INFO - Request for compute_price successfully processed, result: items=[PriceResponseItem(product_id='4cc0770f-91bc-4c0d-a26f-7b872f02ca94', qty=2, unit_price=250.0, line_total=500.0, discounts=0.0)] subtotal=500.0 total_discount=0.0 total=500.0 currency='USD' total_input_tokens=0 total_output_tokens=0 total_llm_calls=0, request: items=[PriceRequestItem(product_id='4cc0770f-91bc-4c0d-a26f-7b872f02ca94', qty=2)] promo_codes=[] currency='USD' only_final_price=True
2026-08-17 17:33:40,950 - INFO - Request for compute_price, request: items=[PriceRequestItem(product_id='4cc0770f-91bc-4c0d-a26f-7b872f02ca94', qty=2)] promo_codes=[] currency='USD' only_final_price=True
2026-08-17 17:33:40,951 - INFO - Request for compute_price successfully processed, result: items=[PriceResponseItem(product_id='4cc0770f-91bc-4c0d-a26f-7b872f02ca94', qty=2, unit_price=250.0, line_total=500.0, discounts=0.0)] subtotal=500.0 total_discount=0.0 total=500.0 currency='USD' total_input_tokens=0 total_output_tokens=0 total_llm_calls=0, request: items=[PriceRequestItem(product_id='4cc0770f-91bc-4c0d-a26f-7b872f02ca94', qty=2)] promo_codes=[] currency='USD' only_final_price=True
2026-08-17 17:33:40,977 - INFO - Request for compute_price, request: items=[PriceRequestItem(product_id='4cc0770f-91bc-4c0d-a26f-7b872f02ca94', qty=2)] promo_codes=[] currency='USD' only_final_price=True
2026-08-17 17:33:40,978 - INFO - Request for compute_price successfully processed, result: items=[PriceResponseItem(product_id='4cc0770f-91bc-4c0d-a26f-7b872f02ca94', qty=2, unit_price=250.0, line_total=500.0, discounts=0.0)] subtotal=500.0 total_discount=0.0 total=500.0 currency='USD' total_input_tokens=0 total_output_tokens=0 total_llm_calls=0, request: items=[PriceRequestItem(product_id='4cc0770f-91bc-4c0d-a26f-7b872f02ca94', qty=2)] promo_codes=[] currency='USD' only_final_price=True
2026-08-17 17:33:41,006 - INFO - Request for compute_price, request: items=[PriceRequestItem(product_id='4cc0770f-91bc-4c0d-a26f-7b872f02ca94', qty=2)] promo_codes=[] currency='USD' only_final_price=True
2026-08-17 17:33:41,007 - INFO - Request for compute_price successfully processed, result: items=[PriceResponseItem(product_id='4cc0770f-91bc-4c0d-a26f-7b872f02ca94', qty=2, unit_price=250.0, line_total=500.0, discounts=0.0)] subtotal=500.0 total_discount=0.0 total=500.0 currency='USD' total_input_tokens=0 total_output_tokens=0 total_llm_calls=0, request: items=[PriceRequestItem(product_id='4cc0770f-91bc-4c0d-a26f-7b872f02ca94', qty=2)] promo_codes=[] currency='USD' only_final_price=True
2026-08-17 17:33:41,033 - INFO - Request for compute_price, request: items=[PriceRequestItem(product_id='4cc0770f-91bc-4c0d-a26f-7b872f02ca94', qty=2)] promo_codes=[] currency='USD' only_final_price=True
2026-08-17 17:33:41,035 - INFO - Request for compute_price successfully processed, result: items=[PriceResponseItem(product_id='4cc0770f-91bc-4c0d-a26f-7b872f02ca94', qty=2, unit_price=250.0, line_total=500.0, discounts=0.0)] subtotal=500.0 total_discount=0.0 total=500.0 currency='USD' total_input_tokens=0 total_output_tokens=0 total_llm_calls=0, request: items=[PriceRequestItem(product_id='4cc0770f-91bc-4c0d-a26f-7b872f02ca94', qty=2)] promo_codes=[] currency='USD' only_final_price=True
2026-08-17 17:33:41,059 - INFO - Request for compute_price, request: items=[PriceRequestItem(product_id='4cc0770f-91bc-4c0d-a26f-7b872f02ca94', qty=2)] promo_codes=[] currency='USD' only_final_price=True
2026-08-17 17:33:41,060 - INFO - Request for compute_price successfully processed, result: items=[PriceResponseItem(product_id='4cc0770f-91bc-4c0d-a26f-7b872f02ca94', qty=2, unit_price=250.0, line_total=500.0, discounts=0.0)] subtotal=500.0 total_discount=0.0 total=500.0 currency='USD' total_input_tokens=0 total_output_tokens=0 total_llm_calls=0, request: items=[PriceRequestItem(product_id='4cc0770f-91bc-4c0d-a26f-7b872f02ca94', qty=2)] promo_codes=[] currency='USD' only_final_price=True
2026-08-17 17:33:41,085 - INFO - Request for compute_price, request: items=[PriceRequestItem(product_id='4cc0770f-91bc-4c0d-a26f-7b872f02ca94', qty=2)] promo_codes=[] currency='USD' only_final_price=True
2026-08-17 17:33:41,086 - INFO - Request for compute_price successfully processed, result: items=[PriceResponseItem(product_id='4cc0770f-91bc-4c0d-a26f-7b872f02ca94', qty=2, unit_price=250.0, line_total=500.0, discounts=0.0)] subtotal=500.0 total_discount=0.0 total=500.0 currency='USD' total_input_tokens=0 total_output_tokens=0 total_llm_calls=0, request: items=[PriceRequestItem(product_id='4cc0770f-91bc-4c0d-a26f-7b872f02ca94', qty=2)] promo_codes=[] currency='USD' only_final_price=True
2026-08-17 17:33:41,112 - INFO - Request for compute_price, request: items=[PriceRequestItem(product_id='4cc0770f-91bc-4c0d-a26f-7b872f02ca94', qty=2)] promo_codes=[] currency='USD' only_final_price=True
2026-08-17 17:33:41,114 - INFO - Request for compute_price successfully processed, result: items=[PriceResponseItem(product_id='4cc0770f-91bc-4c0d-a26f-7b872f02ca94', qty=2, unit_price=250.0, line_total=500.0, discounts=0.0)] subtotal=500.0 total_discount=0.0 total=500.0 currency='USD' total_input_tokens=0 total_output_tokens=0 total_llm_calls=0, request: items=[PriceRequestItem(product_id='4cc0770f-91bc-4c0d-a26f-7b872f02ca94', qty=2)] promo_codes=[] currency='USD' only_final_price=True
2026-08-17 17:33:41,140 - INFO - Request for compute_price, request: items=[PriceRequestItem(product_id='4cc0770f-91bc-4c0d-a26f-7b872f02ca94', qty=2)] promo_codes=[] currency='USD' only_final_price=True
2026-08-17 17:33:41,141 - INFO - Request for compute_price successfully processed, result: items=[PriceResponseItem(product_id='4cc0770f-91bc-4c0d-a26f-7b872f02ca94', qty=2, unit_price=250.0, line_total=500.0, discounts=0.0)] subtotal=500.0 total_discount=0.0 total=500.0 currency='USD' total_input_tokens=0 total_output_tokens=0 total_llm_calls=0, request: items=[PriceRequestItem(product_id='4cc0770f-91bc-4c0d-a26f-7b872f02ca94', qty=2)] promo_codes=[] currency='USD' only_final_price=True
2026-08-17 17:33:41,166 - INFO - Request for compute_price, request: items=[PriceRequestItem(product_id='4cc0770f-91bc-4c0d-a26f-7b872f02ca94', qty=2)] promo_codes=[] currency='USD' only_final_price=True
2026-08-17 17:33:41,167 - INFO - Request for compute_price successfully processed, result: items=[PriceResponseItem(product_id='4cc0770f-91bc-4c0d-a26f-7b872f02ca94', qty=2, unit_price=250.0, line_total=500.0, discounts=0.0)] subtotal=500.0 total_discount=0.0 total=500.0 currency='USD' total_input_tokens=0 total_output_tokens=0 total_llm_calls=0, request: items=[PriceRequestItem(product_id='4cc0770f-91bc-4c0d-a26f-7b872f02ca94', qty=2)] promo_codes=[] currency='USD' only_final_price=True
2026-08-17 17:33:41,192 - INFO - Request for compute_price, request: items=[PriceRequestItem(product_id='4cc0770f-91bc-4c0d-a26f-7b872f02ca94', qty=2)] promo_codes=[] currency='USD' only_final_price=True
2026-08-17 17:33:41,194 - INFO - Request for compute_price successfully processed, result: items=[PriceResponseItem(product_id='4cc0770f-91bc-4c0d-a26f-7b872f02ca94', qty=2, unit_price=250.0, line_total=500.0, discounts=0.0)] subtotal=500.0 total_discount=0.0 total=500.0 currency='USD' total_input_tokens=0 total_output_tokens=0 total_llm_calls=0, request: items=[PriceRequestItem(product_id='4cc0770f-91bc-4c0d-a26f-7b872f02ca94', qty=2)] promo_codes=[] currency='USD' only_final_price=True
2026-08-17 17:33:41,223 - INFO - Request for compute_price, request: items=[PriceRequestItem(product_id='4cc0770f-91bc-4c0d-a26f-7b872f02ca94', qty=2)] promo_codes=[] currency='USD' only_final_price=True
2026-08-17 17:33:41,224 - INFO - Request for compute_price successfully processed, result: items=[PriceResponseItem(product_id='4cc0770f-91bc-4c0d-a26f-7b872f02ca94', qty=2, unit_price=250.0, line_total=500.0, discounts=0.0)] subtotal=500.0 total_discount=0.0 total=500.0 currency='USD' total_input_tokens=0 total_output_tokens=0 total_llm_calls=0, request: items=[PriceRequestItem(product_id='4cc0770f-91bc-4c0d-a26f-7b872f02ca94', qty=2)] promo_codes=[] currency='USD' only_final_price=True
2026-08-17 17:33:41,251 - INFO - Request for compute_price, request: items=[PriceRequestItem(product_id='4cc0770f-91bc-4c0d-a26f-7b872f02ca94', qty=2)] promo_codes=[] currency='USD' only_final_price=True
2026-08-17 17:33:41,252 - INFO - Request for compute_price successfully processed, result: items=[PriceResponseItem(product_id='4cc0770f-91bc-4c0d-a26f-7b872f02ca94', qty=2, unit_price=250.0, line_total=500.0, discounts=0.0)] subtotal=500.0 total_discount=0.0 total=500.0 currency='USD' total_input_tokens=0 total_output_tokens=0 total_llm_calls=0, request: items=[PriceRequestItem(product_id='4cc0770f-91bc-4c0d-a26f-7b872f02ca94', qty=2)] promo_codes=[] currency='USD' only_final_price=True
2026-08-17 17:33:41,276 - INFO - Request for compute_price, request: items=[PriceRequestItem(product_id='4cc0770f-91bc-4c0d-a26f-7b872f02ca94', qty=2)] promo_codes=[] currency='USD' only_final_price=True
2026-08-17 17:33:41,278 - INFO - Request for compute_price successfully processed, result: items=[PriceResponseItem(product_id='4cc0770f-91bc-4c0d-a26f-7b872f02ca94', qty=2, unit_price=250.0, line_total=500.0, discounts=0.0)] subtotal=500.0 total_discount=0.0 total=500.0 currency='USD' total_input_tokens=0 total_output_tokens=0 total_llm_calls=0, request: items=[PriceRequestItem(product_id='4cc0770f-91bc-4c0d-a26f-7b872f02ca94', qty=2)] promo_codes=[] currency='USD' only_final_price=True
2026-08-17 17:33:41,305 - INFO - Request for compute_price, request: items=[PriceRequestItem(product_id='4cc0770f-91bc-4c0d-a26f-7b872f02ca94', qty=2)] promo_codes=[] currency='USD' only_final_price=True
2026-08-17 17:33:41,306 - INFO - Request for compute_price successfully processed, result: items=[PriceResponseItem(product_id='4cc0770f-91bc-4c0d-a26f-7b872f02ca94', qty=2, unit_price=250.0, line_total=500.0, discounts=0.0)] subtotal=500.0 total_discount=0.0 total=500.0 currency='USD' total_input_tokens=0 total_output_tokens=0 total_llm_calls=0, request: items=[PriceRequestItem(product_id='4cc0770f-91bc-4c0d-a26f-7b872f02ca94', qty=2)] promo_codes=[] currency='USD' only_final_price=True
2026-08-17 17:33:41,331 - INFO - Request for compute_price, request: items=[PriceRequestItem(product_id='4cc0770f-91bc-4c0d-a26f-7b872f02ca94', qty=2)] promo_codes=[] currency='USD' only_final_price=True
2026-08-17 17:33:41,332 - INFO - Request for compute_price successfully processed, result: items=[PriceResponseItem(product_id='4cc0770f-91bc-4c0d-a26f-7b872f02ca94', qty=2, unit_price=250.0, line_total=500.0, discounts=0.0)] subtotal=500.0 total_discount=0.0 total=500.0 currency='USD' total_input_tokens=0 total_output_tokens=0 total_llm_calls=0, request: items=[PriceRequestItem(product_id='4cc0770f-91bc-4c0d-a26f-7b872f02ca94', qty=2)] promo_codes=[] currency='USD' only_final_price=True
2026-08-17 17:33:41,358 - INFO - Request for compute_price, request: items=[PriceRequestItem(product_id='4cc0770f-91bc-4c0d-a26f-7b872f02ca94', qty=2)] promo_codes=[] currency='USD' only_final_price=True
2026-08-17 17:33:41,359 - INFO - Request for compute_price successfully processed, result: items=[PriceResponseItem(product_id='4cc0770f-91bc-4c0d-a26f-7b872f02ca94', qty=2, unit_price=250.0, line_total=500.0, discounts=0.0)] subtotal=500.0 total_discount=0.0 total=500.0 currency='USD' total_input_tokens=0 total_output_tokens=0 total_llm_calls=0, request: items=[PriceRequestItem(product_id='4cc0770f-91bc-4c0d-a26f-7b872f02ca94', qty=2)] promo_codes=[] currency='USD' only_final_price=True
2026-08-17 17:33:41,383 - INFO - Request for compute_price, request: items=[PriceRequestItem(product_id='4cc0770f-91bc-4c0d-a26f-7b872f02ca94', qty=2)] promo_codes=[] currency='USD' only_final_price=True
2026-08-17 17:33:41,385 - INFO - Request for compute_price successfully processed, result: items=[PriceResponseItem(product_id='4cc0770f-91bc-4c0d-a26f-7b872f02ca94', qty=2, unit_price=250.0, line_total=500.0, discounts=0.0)] subtotal=500.0 total_discount=0.0 total=500.0 currency='USD' total_input_tokens=0 total_output_tokens=0 total_llm_calls=0, request: items=[PriceRequestItem(product_id='4cc0770f-91bc-4c0d-a26f-7b872f02ca94', qty=2)] promo_codes=[] currency='USD' only_final_price=True
2026-08-17 17:33:41,412 - INFO - Request for compute_price, request: items=[PriceRequestItem(product_id='4cc0770f-91bc-4c0d-a26f-7b872f02ca94', qty=2)] promo_codes=[] currency='USD' only_final_price=True
2026-08-17 17:33:41,413 - INFO - Request for compute_price successfully processed, result: items=[PriceResponseItem(product_id='4cc0770f-91bc-4c0d-a26f-7b872f02ca94', qty=2, unit_price=250.0, line_total=500.0, discounts=0.0)] subtotal=500.0 total_discount=0.0 total=500.0 currency='USD' total_input_tokens=0 total_output_tokens=0 total_llm_calls=0, request: items=[PriceRequestItem(product_id='4cc0770f-91bc-4c0d-a26f-7b872f02ca94', qty=2)] promo_codes=[] currency='USD' only_final_price=True
2026-08-17 17:33:41,438 - INFO - Request for compute_price, request: items=[PriceRequestItem(product_id='4cc0770f-91bc-4c0d-a26f-7b872f02ca94', qty=2)] promo_codes=[] currency='USD' only_final_price=True
2026-08-17 17:33:41,439 - INFO - Request for compute_price successfully processed, result: items=[PriceResponseItem(product_id='4cc0770f-91bc-4c0d-a26f-7b872f02ca94', qty=2, unit_price=250.0, line_total=500.0, discounts=0.0)] subtotal=500.0 total_discount=0.0 total=500.0 currency='USD' total_input_tokens=0 total_output_tokens=0 total_llm_calls=0, request: items=[PriceRequestItem(product_id='4cc0770f-91bc-4c0d-a26f-7b872f02ca94', qty=2)] promo_codes=[] currency='USD' only_final_price=True
2026-08-17 17:33:41,466 - INFO - Request for compute_price, request: items=[PriceRequestItem(product_id='4cc0770f-91bc-4c0d-a26f-7b872f02ca94', qty=2)] promo_codes=[] currency='USD' only_final_price=True
2026-08-17 17:33:41,467 - INFO - Request for compute_price successfully processed, result: items=[PriceResponseItem(product_id='4cc0770f-91bc-4c0d-a26f-7b872f02ca94', qty=2, unit_price=250.0, line_total=500.0, discounts=0.0)] subtotal=500.0 total_discount=0.0 total=500.0 currency='USD' total_input_tokens=0 total_output_tokens=0 total_llm_calls=0, request: items=[PriceRequestItem(product_id='4cc0770f-91bc-4c0d-a26f-7b872f02ca94', qty=2)] promo_codes=[] currency='USD' only_final_price=True
2026-08-17 17:33:41,493 - INFO - Request for compute_price, request: items=[PriceRequestItem(product_id='4cc0770f-91bc-4c0d-a26f-7b872f02ca94', qty=2)] promo_codes=[] currency='USD' only_final_price=True
2026-08-17 17:33:41,495 - INFO - Request for compute_price successfully processed, result: items=[PriceResponseItem(product_id='4cc0770f-91bc-4c0d-a26f-7b872f02ca94', qty=2, unit_price=250.0, line_total=500.0, discounts=0.0)] subtotal=500.0 total_discount=0.0 total=500.0 currency='USD' total_input_tokens=0 total_output_tokens=0 total_llm_calls=0, request: items=[PriceRequestItem(product_id='4cc0770f-91bc-4c0d-a26f-7b872f02ca94', qty=2)] promo_codes=[] currency='USD' only_final_price=True
2026-08-17 17:33:41,522 - INFO - Request for compute_price, request: items=[PriceRequestItem(product_id='4cc0770f-91bc-4c0d-a26f-7b872f02ca94', qty=2)] promo_codes=[] currency='USD' only_final_price=True
2026-08-17 17:33:41,524 - INFO - Request for compute_price successfully processed, result: items=[PriceResponseItem(product_id='4cc0770f-91bc-4c0d-a26f-7b872f02ca94', qty=2, unit_price=250.0, line_total=500.0, discounts=0.0)] subtotal=500.0 total_discount=0.0 total=500.0 currency='USD' total_input_tokens=0 total_output_tokens=0 total_llm_calls=0, request: items=[PriceRequestItem(product_id='4cc0770f-91bc-4c0d-a26f-7b872f02ca94', qty=2)] promo_codes=[] currency='USD' only_final_price=True
2026-08-17 17:33:41,551 - INFO - Request for compute_price, request: items=[PriceRequestItem(product_id='4cc0770f-91bc-4c0d-a26f-7b872f02ca94', qty=2)] promo_codes=[] currency='USD' only_final_price=True
2026-08-17 17:33:41,552 - INFO - Request for compute_price successfully processed, result: items=[PriceResponseItem(product_id='4cc0770f-91bc-4c0d-a26f-7b872f02ca94', qty=2, unit_price=250.0, line_total=500.0, discounts=0.0)] subtotal=500.0 total_discount=0.0 total=500.0 currency='USD' total_input_tokens=0 total_output_tokens=0 total_llm_calls=0, request: items=[PriceRequestItem(product_id='4cc0770f-91bc-4c0d-a26f-7b872f02ca94', qty=2)] promo_codes=[] currency='USD' only_final_price=True
2026-08-17 17:33:41,577 - INFO - Request for compute_price, request: items=[PriceRequestItem(product_id='4cc0770f-91bc-4c0d-a26f-7b872f02ca94', qty=2)] promo_codes=[] currency='USD' only_final_price=True
2026-08-17 17:33:41,578 - INFO - Request for compute_price successfully processed, result: items=[PriceResponseItem(product_id='4cc0770f-91bc-4c0d-a26f-7b872f02ca94', qty=2, unit_price=250.0, line_total=500.0, discounts=0.0)] subtotal=500.0 total_discount=0.0 total=500.0 currency='USD' total_input_tokens=0 total_output_tokens=0 total_llm_calls=0, request: items=[PriceRequestItem(product_id='4cc0770f-91bc-4c0d-a26f-7b872f02ca94', qty=2)] promo_codes=[] currency='USD' only_final_price=True
2026-08-17 17:33:41,606 - INFO - Request for compute_price, request: items=[PriceRequestItem(product_id='4cc0770f-91bc-4c0d-a26f-7b872f02ca94', qty=2)] promo_codes=[] currency='USD' only_final_price=True
2026-08-17 17:33:41,607 - INFO - Request for compute_price successfully processed, result: items=[PriceResponseItem(product_id='4cc0770f-91bc-4c0d-a26f-7b872f02ca94', qty=2, unit_price=250.0, line_total=500.0, discounts=0.0)] subtotal=500.0 total_discount=0.0 total=500.0 currency='USD' total_input_tokens=0 total_output_tokens=0 total_llm_calls=0, request: items=[PriceRequestItem(product_id='4cc0770f-91bc-4c0d-a26f-7b872f02ca94', qty=2)] promo_codes=[] currency='USD' only_final_price=True
2026-08-17 17:33:41,633 - INFO - Request for compute_price, request: items=[PriceRequestItem(product_id='4cc0770f-91bc-4c0d-a26f-7b872f02ca94', qty=2)] promo_codes=[] currency='USD' only_final_price=True
2026-08-17 17:33:41,635 - INFO - Request for compute_price successfully processed, result: items=[PriceResponseItem(product_id='4cc0770f-91bc-4c0d-a26f-7b872f02ca94', qty=2, unit_price=250.0, line_total=500.0, discounts=0.0)] subtotal=500.0 total_discount=0.0 total=500.0 currency='USD' total_input_tokens=0 total_output_tokens=0 total_llm_calls=0, request: items=[PriceRequestItem(product_id='4cc0770f-91bc-4c0d-a26f-7b872f02ca94', qty=2)] promo_codes=[] currency='USD' only_final_price=True
2026-08-17 17:33:41,660 - INFO - Request for compute_price, request: items=[PriceRequestItem(product_id='4cc0770f-91bc-4c0d-a26f-7b872f02ca94', qty=2)] promo_codes=[] currency='USD' only_final_price=True
2026-08-17 17:33:41,661 - INFO - Request for compute_price successfully processed, result: items=[PriceResponseItem(product_id='4cc0770f-91bc-4c0d-a26f-7b872f02ca94', qty=2, unit_price=250.0, line_total=500.0, discounts=0.0)] subtotal=500.0 total_discount=0.0 total=500.0 currency='USD' total_input_tokens=0 total_output_tokens=0 total_llm_calls=0, request: items=[PriceRequestItem(product_id='4cc0770f-91bc-4c0d-a26f-7b872f02ca94', qty=2)] promo_codes=[] currency='USD' only_final_price=True
2026-08-17 17:33:41,686 - INFO - Request for compute_price, request: items=[PriceRequestItem(product_id='4cc0770f-91bc-4c0d-a26f-7b872f02ca94', qty=2)] promo_codes=[] currency='USD' only_final_price=True
2026-08-17 17:33:41,687 - INFO - Request for compute_price successfully processed, result: items=[PriceResponseItem(product_id='4cc0770f-91bc-4c0d-a26f-7b872f02ca94', qty=2, unit_price=250.0, line_total=500.0, discounts=0.0)] subtotal=500.0 total_discount=0.0 total=500.0 currency='USD' total_input_tokens=0 total_output_tokens=0 total_llm_calls=0, request: items=[PriceRequestItem(product_id='4cc0770f-91bc-4c0d-a26f-7b872f02ca94', qty=2)] promo_codes=[] currency='USD' only_final_price=True
2026-08-17 17:33:41,714 - INFO - Request for compute_price, request: items=[PriceRequestItem(product_id='4cc0770f-91bc-4c0d-a26f-7b872f02ca94', qty=2)] promo_codes=[] currency='USD' only_final_price=True
2026-08-17 17:33:41,716 - INFO - Request for compute_price successfully processed, result: items=[PriceResponseItem(product_id='4cc0770f-91bc-4c0d-a26f-7b872f02ca94', qty=2, unit_price=250.0, line_total=500.0, discounts=0.0)] subtotal=500.0 total_discount=0.0 total=500.0 currency='USD' total_input_tokens=0 total_output_tokens=0 total_llm_calls=0, request: items=[PriceRequestItem(product_id='4cc0770f-91bc-4c0d-a26f-7b872f02ca94', qty=2)] promo_codes=[] currency='USD' only_final_price=True
2026-08-17 17:33:41,748 - INFO - Request for compute_price, request: items=[PriceRequestItem(product_id='4cc0770f-91bc-4c0d-a26f-7b872f02ca94', qty=2)] promo_codes=[] currency='USD' only_final_price=True
2026-08-17 17:33:41,750 - INFO - Request for compute_price successfully processed, result: items=[PriceResponseItem(product_id='4cc0770f-91bc-4c0d-a26f-7b872f02ca94', qty=2, unit_price=250.0, line_total=500.0, discounts=0.0)] subtotal=500.0 total_discount=0.0 total=500.0 currency='USD' total_input_tokens=0 total_output_tokens=0 total_llm_calls=0, request: items=[PriceRequestItem(product_id='4cc0770f-91bc-4c0d-a26f-7b872f02ca94', qty=2)] promo_codes=[] currency='USD' only_final_price=True
2026-08-17 17:33:41,774 - INFO - Request for compute_price, request: items=[PriceRequestItem(product_id='4cc0770f-91bc-4c0d-a26f-7b872f02ca94', qty=2)] promo_codes=[] currency='USD' only_final_price=True
2026-08-17 17:33:41,775 - INFO - Request for compute_price successfully processed, result: items=[PriceResponseItem(product_id='4cc0770f-91bc-4c0d-a26f-7b872f02ca94', qty=2, unit_price=250.0, line_total=500.0, discounts=0.0)] subtotal=500.0 total_discount=0.0 total=500.0 currency='USD' total_input_tokens=0 total_output_tokens=0 total_llm_calls=0, request: items=[PriceRequestItem(product_id='4cc0770f-91bc-4c0d-a26f-7b872f02ca94', qty=2)] promo_codes=[] currency='USD' only_final_price=True
2026-08-17 17:33:41,802 - INFO - Request for compute_price, request: items=[PriceRequestItem(product_id='4cc0770f-91bc-4c0d-a26f-7b872f02ca94', qty=2)] promo_codes=[] currency='USD' only_final_price=True
2026-08-17 17:33:41,803 - INFO - Request for compute_price successfully processed, result: items=[PriceResponseItem(product_id='4cc0770f-91bc-4c0d-a26f-7b872f02ca94', qty=2, unit_price=250.0, line_total=500.0, discounts=0.0)] subtotal=500.0 total_discount=0.0 total=500.0 currency='USD' total_input_tokens=0 total_output_tokens=0 total_llm_calls=0, request: items=[PriceRequestItem(product_id='4cc0770f-91bc-4c0d-a26f-7b872f02ca94', qty=2)] promo_codes=[] currency='USD' only_final_price=True
2026-08-17 17:33:41,828 - INFO - Request for compute_price, request: items=[PriceRequestItem(product_id='4cc0770f-91bc-4c0d-a26f-7b872f02ca94', qty=2)] promo_codes=[] currency='USD' only_final_price=True
2026-08-17 17:33:41,830 - INFO - Request for compute_price successfully processed, result: items=[PriceResponseItem(product_id='4cc0770f-91bc-4c0d-a26f-7b872f02ca94', qty=2, unit_price=250.0, line_total=500.0, discounts=0.0)] subtotal=500.0 total_discount=0.0 total=500.0 currency='USD' total_input_tokens=0 total_output_tokens=0 total_llm_calls=0, request: items=[PriceRequestItem(product_id='4cc0770f-91bc-4c0d-a26f-7b872f02ca94', qty=2)] promo_codes=[] currency='USD' only_final_price=True
2026-08-17 17:33:41,856 - INFO - Request for compute_price, request: items=[PriceRequestItem(product_id='4cc0770f-91bc-4c0d-a26f-7b872f02ca94', qty=2)] promo_codes=[] currency='USD' only_final_price=True
2026-08-17 17:33:41,857 - INFO - Request for compute_price successfully processed, result: items=[PriceResponseItem(product_id='4cc0770f-91bc-4c0d-a26f-7b872f02ca94', qty=2, unit_price=250.0, line_total=500.0, discounts=0.0)] subtotal=500.0 total_discount=0.0 total=500.0 currency='USD' total_input_tokens=0 total_output_tokens=0 total_llm_calls=0, request: items=[PriceRequestItem(product_id='4cc0770f-91bc-4c0d-a26f-7b872f02ca94', qty=2)] promo_codes=[] currency='USD' only_final_price=True
2026-08-17 17:33:41,881 - INFO - Request for compute_price, request: items=[PriceRequestItem(product_id='4cc0770f-91bc-4c0d-a26f-7b872f02ca94', qty=2)] promo_codes=[] currency='USD' only_final_price=True
2026-08-17 17:33:41,883 - INFO - Request for compute_price successfully processed, result: items=[PriceResponseItem(product_id='4cc0770f-91bc-4c0d-a26f-7b872f02ca94', qty=2, unit_price=250.0, line_total=500.0, discounts=0.0)] subtotal=500.0 total_discount=0.0 total=500.0 currency='USD' total_input_tokens=0 total_output_tokens=0 total_llm_calls=0, request: items=[PriceRequestItem(product_id='4cc0770f-91bc-4c0d-a26f-7b872f02ca94', qty=2)] promo_codes=[] currency='USD' only_final_price=True
2026-08-17 17:33:41,911 - INFO - Request for compute_price, request: items=[PriceRequestItem(product_id='4cc0770f-91bc-4c0d-a26f-7b872f02ca94', qty=2)] promo_codes=[] currency='USD' only_final_price=True
2026-08-17 17:33:41,912 - INFO - Request for compute_price successfully processed, result: items=[PriceResponseItem(product_id='4cc0770f-91bc-4c0d-a26f-7b872f02ca94', qty=2, unit_price=250.0, line_total=500.0, discounts=0.0)] subtotal=500.0 total_discount=0.0 total=500.0 currency='USD' total_input_tokens=0 total_output_tokens=0 total_llm_calls=0, request: items=[PriceRequestItem(product_id='4cc0770f-91bc-4c0d-a26f-7b872f02ca94', qty=2)] promo_codes=[] currency='USD' only_final_price=True
2026-08-17 17:33:41,938 - INFO - Request for compute_price, request: items=[PriceRequestItem(product_id='4cc0770f-91bc-4c0d-a26f-7b872f02ca94', qty=2)] promo_codes=[] currency='USD' only_final_price=True
2026-08-17 17:33:41,940 - INFO - Request for compute_price successfully processed, result: items=[PriceResponseItem(product_id='4cc0770f-91bc-4c0d-a26f-7b872f02ca94', qty=2, unit_price=250.0, line_total=500.0, discounts=0.0)] subtotal=500.0 total_discount=0.0 total=500.0 currency='USD' total_input_tokens=0 total_output_tokens=0 total_llm_calls=0, request: items=[PriceRequestItem(product_id='4cc0770f-91bc-4c0d-a26f-7b872f02ca94', qty=2)] promo_codes=[] currency='USD' only_final_price=True
2026-08-17 17:33:41,965 - INFO - Request for compute_price, request: items=[PriceRequestItem(product_id='4cc0770f-91bc-4c0d-a26f-7b872f02ca94', qty=2)] promo_codes=[] currency='USD' only_final_price=True
2026-08-17 17:33:41,966 - INFO - Request for compute_price successfully processed, result: items=[PriceResponseItem(product_id='4cc0770f-91bc-4c0d-a26f-7b872f02ca94', qty=2, unit_price=250.0, line_total=500.0, discounts=0.0)] subtotal=500.0 total_discount=0.0 total=500.0 currency='USD' total_input_tokens=0 total_output_tokens=0 total_llm_calls=0, request: items=[PriceRequestItem(product_id='4cc0770f-91bc-4c0d-a26f-7b872f02ca94', qty=2)] promo_codes=[] currency='USD' only_final_price=True
2026-08-17 17:33:41,991 - INFO - Request for compute_price, request: items=[PriceRequestItem(product_id='4cc0770f-91bc-4c0d-a26f-7b872f02ca94', qty=2)] promo_codes=[] currency='USD' only_final_price=True
2026-08-17 17:33:41,992 - INFO - Request for compute_price successfully processed, result: items=[PriceResponseItem(product_id='4cc0770f-91bc-4c0d-a26f-7b872f02ca94', qty=2, unit_price=250.0, line_total=500.0, discounts=0.0)] subtotal=500.0 total_discount=0.0 total=500.0 currency='USD' total_input_tokens=0 total_output_tokens=0 total_llm_calls=0, request: items=[PriceRequestItem(product_id='4cc0770f-91bc-4c0d-a26f-7b872f02ca94', qty=2)] promo_codes=[] currency='USD' only_final_price=True
2026-08-17 17:33:42,023 - INFO - Request for compute_price, request: items=[PriceRequestItem(product_id='4cc0770f-91bc-4c0d-a26f-7b872f02ca94', qty=2)] promo_codes=[] currency='USD' only_final_price=True
2026-08-17 17:33:42,024 - INFO - Request for compute_price successfully processed, result: items=[PriceResponseItem(product_id='4cc0770f-91bc-4c0d-a26f-7b872f02ca94', qty=2, unit_price=250.0, line_total=500.0, discounts=0.0)] subtotal=500.0 total_discount=0.0 total=500.0 currency='USD' total_input_tokens=0 total_output_tokens=0 total_llm_calls=0, request: items=[PriceRequestItem(product_id='4cc0770f-91bc-4c0d-a26f-7b872f02ca94', qty=2)] promo_codes=[] currency='USD' only_final_price=True
2026-08-17 17:33:42,048 - INFO - Request for compute_price, request: items=[PriceRequestItem(product_id='4cc0770f-91bc-4c0d-a26f-7b872f02ca94', qty=2)] promo_codes=[] currency='USD' only_final_price=True
2026-08-17 17:33:42,050 - INFO - Request for compute_price successfully processed, result: items=[PriceResponseItem(product_id='4cc0770f-91bc-4c0d-a26f-7b872f02ca94', qty=2, unit_price=250.0, line_total=500.0, discounts=0.0)] subtotal=500.0 total_discount=0.0 total=500.0 currency='USD' total_input_tokens=0 total_output_tokens=0 total_llm_calls=0, request: items=[PriceRequestItem(product_id='4cc0770f-91bc-4c0d-a26f-7b872f02ca94', qty=2)] promo_codes=[] currency='USD' only_final_price=True
2026-08-17 17:33:42,075 - INFO - Request for compute_price, request: items=[PriceRequestItem(product_id='4cc0770f-91bc-4c0d-a26f-7b872f02ca94', qty=2)] promo_codes=[] currency='USD' only_final_price=True
2026-08-17 17:33:42,077 - INFO - Request for compute_price successfully processed, result: items=[PriceResponseItem(product_id='4cc0770f-91bc-4c0d-a26f-7b872f02ca94', qty=2, unit_price=250.0, line_total=500.0, discounts=0.0)] subtotal=500.0 total_discount=0.0 total=500.0 currency='USD' total_input_tokens=0 total_output_tokens=0 total_llm_calls=0, request: items=[PriceRequestItem(product_id='4cc0770f-91bc-4c0d-a26f-7b872f02ca94', qty=2)] promo_codes=[] currency='USD' only_final_price=True
2026-08-17 17:33:42,103 - INFO - Request for compute_price, request: items=[PriceRequestItem(product_id='4cc0770f-91bc-4c0d-a26f-7b872f02ca94', qty=2)] promo_codes=[] currency='USD' only_final_price=True
2026-08-17 17:33:42,105 - INFO - Request for compute_price successfully processed, result: items=[PriceResponseItem(product_id='4cc0770f-91bc-4c0d-a26f-7b872f02ca94', qty=2, unit_price=250.0, line_total=500.0, discounts=0.0)] subtotal=500.0 total_discount=0.0 total=500.0 currency='USD' total_input_tokens=0 total_output_tokens=0 total_llm_calls=0, request: items=[PriceRequestItem(product_id='4cc0770f-91bc-4c0d-a26f-7b872f02ca94', qty=2)] promo_codes=[] currency='USD' only_final_price=True
2026-08-17 17:33:42,130 - INFO - Request for compute_price, request: items=[PriceRequestItem(product_id='4cc0770f-91bc-4c0d-a26f-7b872f02ca94', qty=2)] promo_codes=[] currency='USD' only_final_price=True
2026-08-17 17:33:42,132 - INFO - Request for compute_price successfully processed, result: items=[PriceResponseItem(product_id='4cc0770f-91bc-4c0d-a26f-7b872f02ca94', qty=2, unit_price=250.0, line_total=500.0, discounts=0.0)] subtotal=500.0 total_discount=0.0 total=500.0 currency='USD' total_input_tokens=0 total_output_tokens=0 total_llm_calls=0, request: items=[PriceRequestItem(product_id='4cc0770f-91bc-4c0d-a26f-7b872f02ca94', qty=2)] promo_codes=[] currency='USD' only_final_price=True
2026-08-17 17:33:42,157 - INFO - Request for compute_price, request: items=[PriceRequestItem(product_id='4cc0770f-91bc-4c0d-a26f-7b872f02ca94', qty=2)] promo_codes=[] currency='USD' only_final_price=True
2026-08-17 17:33:42,158 - INFO - Request for compute_price successfully processed, result: items=[PriceResponseItem(product_id='4cc0770f-91bc-4c0d-a26f-7b872f02ca94', qty=2, unit_price=250.0, line_total=500.0, discounts=0.0)] subtotal=500.0 total_discount=0.0 total=500.0 currency='USD' total_input_tokens=0 total_output_tokens=0 total_llm_calls=0, request: items=[PriceRequestItem(product_id='4cc0770f-91bc-4c0d-a26f-7b872f02ca94', qty=2)] promo_codes=[] currency='USD' only_final_price=True
2026-08-17 17:33:42,183 - INFO - Request for compute_price, request: items=[PriceRequestItem(product_id='4cc0770f-91bc-4c0d-a26f-7b872f02ca94', qty=2)] promo_codes=[] currency='USD' only_final_price=True
2026-08-17 17:33:42,184 - INFO - Request for compute_price successfully processed, result: items=[PriceResponseItem(product_id='4cc0770f-91bc-4c0d-a26f-7b872f02ca94', qty=2, unit_price=250.0, line_total=500.0, discounts=0.0)] subtotal=500.0 total_discount=0.0 total=500.0 currency='USD' total_input_tokens=0 total_output_tokens=0 total_llm_calls=0, request: items=[PriceRequestItem(product_id='4cc0770f-91bc-4c0d-a26f-7b872f02ca94', qty=2)] promo_codes=[] currency='USD' only_final_price=True
2026-08-17 17:33:42,210 - INFO - Request for compute_price, request: items=[PriceRequestItem(product_id='4cc0770f-91bc-4c0d-a26f-7b872f02ca94', qty=2)] promo_codes=[] currency='USD' only_final_price=True
2026-08-17 17:33:42,212 - INFO - Request for compute_price successfully processed, result: items=[PriceResponseItem(product_id='4cc0770f-91bc-4c0d-a26f-7b872f02ca94', qty=2, unit_price=250.0, line_total=500.0, discounts=0.0)] subtotal=500.0 total_discount=0.0 total=500.0 currency='USD' total_input_tokens=0 total_output_tokens=0 total_llm_calls=0, request: items=[PriceRequestItem(product_id='4cc0770f-91bc-4c0d-a26f-7b872f02ca94', qty=2)] promo_codes=[] currency='USD' only_final_price=True
2026-08-17 17:33:42,239 - INFO - Request for compute_price, request: items=[PriceRequestItem(product_id='4cc0770f-91bc-4c0d-a26f-7b872f02ca94', qty=2)] promo_codes=[] currency='USD' only_final_price=True
2026-08-17 17:33:42,240 - INFO - Request for compute_price successfully processed, result: items=[PriceResponseItem(product_id='4cc0770f-91bc-4c0d-a26f-7b872f02ca94', qty=2, unit_price=250.0, line_total=500.0, discounts=0.0)] subtotal=500.0 total_discount=0.0 total=500.0 currency='USD' total_input_tokens=0 total_output_tokens=0 total_llm_calls=0, request: items=[PriceRequestItem(product_id='4cc0770f-91bc-4c0d-a26f-7b872f02ca94', qty=2)] promo_codes=[] currency='USD' only_final_price=True
2026-08-17 17:33:42,264 - INFO - Request for compute_price, request: items=[PriceRequestItem(product_id='4cc0770f-91bc-4c0d-a26f-7b872f02ca94', qty=2)] promo_codes=[] currency='USD' only_final_price=True
2026-08-17 17:33:42,266 - INFO - Request for compute_price successfully processed, result: items=[PriceResponseItem(product_id='4cc0770f-91bc-4c0d-a26f-7b872f02ca94', qty=2, unit_price=250.0, line_total=500.0, discounts=0.0)] subtotal=500.0 total_discount=0.0 total=500.0 currency='USD' total_input_tokens=0 total_output_tokens=0 total_llm_calls=0, request: items=[PriceRequestItem(product_id='4cc0770f-91bc-4c0d-a26f-7b872f02ca94', qty=2)] promo_codes=[] currency='USD' only_final_price=True
2026-08-17 17:33:42,291 - INFO - Request for compute_price, request: items=[PriceRequestItem(product_id='4cc0770f-91bc-4c0d-a26f-7b872f02ca94', qty=2)] promo_codes=[] currency='USD' only_final_price=True
2026-08-17 17:33:42,292 - INFO - Request for compute_price successfully processed, result: items=[PriceResponseItem(product_id='4cc0770f-91bc-4c0d-a26f-7b872f02ca94', qty=2, unit_price=250.0, line_total=500.0, discounts=0.0)] subtotal=500.0 total_discount=0.0 total=500.0 currency='USD' total_input_tokens=0 total_output_tokens=0 total_llm_calls=0, request: items=[PriceRequestItem(product_id='4cc0770f-91bc-4c0d-a26f-7b872f02ca94', qty=2)] promo_codes=[] currency='USD' only_final_price=True
2026-08-17 17:33:42,319 - INFO - Request for compute_price, request: items=[PriceRequestItem(product_id='4cc0770f-91bc-4c0d-a26f-7b872f02ca94', qty=2)] promo_codes=[] currency='USD' only_final_price=True
2026-08-17 17:33:42,320 - INFO - Request for compute_price successfully processed, result: items=[PriceResponseItem(product_id='4cc0770f-91bc-4c0d-a26f-7b872f02ca94', qty=2, unit_price=250.0, line_total=500.0, discounts=0.0)] subtotal=500.0 total_discount=0.0 total=500.0 currency='USD' total_input_tokens=0 total_output_tokens=0 total_llm_calls=0, request: items=[PriceRequestItem(product_id='4cc0770f-91bc-4c0d-a26f-7b872f02ca94', qty=2)] promo_codes=[] currency='USD' only_final_price=True
2026-08-17 17:33:42,345 - INFO - Request for compute_price, request: items=[PriceRequestItem(product_id='4cc0770f-91bc-4c0d-a26f-7b872f02ca94', qty=2)] promo_codes=[] currency='USD' only_final_price=True
2026-08-17 17:33:42,347 - INFO - Request for compute_price successfully processed, result: items=[PriceResponseItem(product_id='4cc0770f-91bc-4c0d-a26f-7b872f02ca94', qty=2, unit_price=250.0, line_total=500.0, discounts=0.0)] subtotal=500.0 total_discount=0.0 total=500.0 currency='USD' total_input_tokens=0 total_output_tokens=0 total_llm_calls=0, request: items=[PriceRequestItem(product_id='4cc0770f-91bc-4c0d-a26f-7b872f02ca94', qty=2)] promo_codes=[] currency='USD' only_final_price=True
2026-08-17 17:33:42,371 - INFO - Request for compute_price, request: items=[PriceRequestItem(product_id='4cc0770f-91bc-4c0d-a26f-7b872f02ca94', qty=2)] promo_codes=[] currency='USD' only_final_price=True
2026-08-17 17:33:42,373 - INFO - Request for compute_price successfully processed, result: items=[PriceResponseItem(product_id='4cc0770f-91bc-4c0d-a26f-7b872f02ca94', qty=2, unit_price=250.0, line_total=500.0, discounts=0.0)] subtotal=500.0 total_discount=0.0 total=500.0 currency='USD' total_input_tokens=0 total_output_tokens=0 total_llm_calls=0, request: items=[PriceRequestItem(product_id='4cc0770f-91bc-4c0d-a26f-7b872f02ca94', qty=2)] promo_codes=[] currency='USD' only_final_price=True
2026-08-17 17:33:42,399 - INFO - Request for compute_price, request: items=[PriceRequestItem(product_id='4cc0770f-91bc-4c0d-a26f-7b872f02ca94', qty=2)] promo_codes=[] currency='USD' only_final_price=True
2026-08-17 17:33:42,401 - INFO - Request for compute_price successfully processed, result: items=[PriceResponseItem(product_id='4cc0770f-91bc-4c0d-a26f-7b872f02ca94', qty=2, unit_price=250.0, line_total=500.0, discounts=0.0)] subtotal=500.0 total_discount=0.0 total=500.0 currency='USD' total_input_tokens=0 total_output_tokens=0 total_llm_calls=0, request: items=[PriceRequestItem(product_id='4cc0770f-91bc-4c0d-a26f-7b872f02ca94', qty=2)] promo_codes=[] currency='USD' only_final_price=True
2026-08-17 17:33:42,427 - INFO - Request for compute_price, request: items=[PriceRequestItem(product_id='4cc0770f-91bc-4c0d-a26f-7b872f02ca94', qty=2)] promo_codes=[] currency='USD' only_final_price=True
2026-08-17 17:33:42,429 - INFO - Request for compute_price successfully processed, result: items=[PriceResponseItem(product_id='4cc0770f-91bc-4c0d-a26f-7b872f02ca94', qty=2, unit_price=250.0, line_total=500.0, discounts=0.0)] subtotal=500.0 total_discount=0.0 total=500.0 currency='USD' total_input_tokens=0 total_output_tokens=0 total_llm_calls=0, request: items=[PriceRequestItem(product_id='4cc0770f-91bc-4c0d-a26f-7b872f02ca94', qty=2)] promo_codes=[] currency='USD' only_final_price=True
2026-08-17 17:33:42,455 - INFO - Request for compute_price, request: items=[PriceRequestItem(product_id='4cc0770f-91bc-4c0d-a26f-7b872f02ca94', qty=2)] promo_codes=[] currency='USD' only_final_price=True
2026-08-17 17:33:42,456 - INFO - Request for compute_price successfully processed, result: items=[PriceResponseItem(product_id='4cc0770f-91bc-4c0d-a26f-7b872f02ca94', qty=2, unit_price=250.0, line_total=500.0, discounts=0.0)] subtotal=500.0 total_discount=0.0 total=500.0 currency='USD' total_input_tokens=0 total_output_tokens=0 total_llm_calls=0, request: items=[PriceRequestItem(product_id='4cc0770f-91bc-4c0d-a26f-7b872f02ca94', qty=2)] promo_codes=[] currency='USD' only_final_price=True
2026-08-17 17:33:42,482 - INFO - Request for compute_price, request: items=[PriceRequestItem(product_id='4cc0770f-91bc-4c0d-a26f-7b872f02ca94', qty=2)] promo_codes=[] currency='USD' only_final_price=True
2026-08-17 17:33:42,483 - INFO - Request for compute_price successfully processed, result: items=[PriceResponseItem(product_id='4cc0770f-91bc-4c0d-a26f-7b872f02ca94', qty=2, unit_price=250.0, line_total=500.0, discounts=0.0)] subtotal=500.0 total_discount=0.0 total=500.0 currency='USD' total_input_tokens=0 total_output_tokens=0 total_llm_calls=0, request: items=[PriceRequestItem(product_id='4cc0770f-91bc-4c0d-a26f-7b872f02ca94', qty=2)] promo_codes=[] currency='USD' only_final_price=True
2026-08-17 17:33:42,510 - INFO - Request for compute_price, request: items=[PriceRequestItem(product_id='4cc0770f-91bc-4c0d-a26f-7b872f02ca94', qty=2)] promo_codes=[] currency='USD' only_final_price=True
2026-08-17 17:33:42,511 - INFO - Request for compute_price successfully processed, result: items=[PriceResponseItem(product_id='4cc0770f-91bc-4c0d-a26f-7b872f02ca94', qty=2, unit_price=250.0, line_total=500.0, discounts=0.0)] subtotal=500.0 total_discount=0.0 total=500.0 currency='USD' total_input_tokens=0 total_output_tokens=0 total_llm_calls=0, request: items=[PriceRequestItem(product_id='4cc0770f-91bc-4c0d-a26f-7b872f02ca94', qty=2)] promo_codes=[] currency='USD' only_final_price=True
2026-08-17 17:33:42,537 - INFO - Request for compute_price, request: items=[PriceRequestItem(product_id='4cc0770f-91bc-4c0d-a26f-7b872f02ca94', qty=2)] promo_codes=[] currency='USD' only_final_price=True
2026-08-17 17:33:42,539 - INFO - Request for compute_price successfully processed, result: items=[PriceResponseItem(product_id='4cc0770f-91bc-4c0d-a26f-7b872f02ca94', qty=2, unit_price=250.0, line_total=500.0, discounts=0.0)] subtotal=500.0 total_discount=0.0 total=500.0 currency='USD' total_input_tokens=0 total_output_tokens=0 total_llm_calls=0, request: items=[PriceRequestItem(product_id='4cc0770f-91bc-4c0d-a26f-7b872f02ca94', qty=2)] promo_codes=[] currency='USD' only_final_price=True
2026-08-17 17:33:42,564 - INFO - Request for compute_price, request: items=[PriceRequestItem(product_id='4cc0770f-91bc-4c0d-a26f-7b872f02ca94', qty=2)] promo_codes=[] currency='USD' only_final_price=True
2026-08-17 17:33:42,566 - INFO - Request for compute_price successfully processed, result: items=[PriceResponseItem(product_id='4cc0770f-91bc-4c0d-a26f-7b872f02ca94', qty=2, unit_price=250.0, line_total=500.0, discounts=0.0)] subtotal=500.0 total_discount=0.0 total=500.0 currency='USD' total_input_tokens=0 total_output_tokens=0 total_llm_calls=0, request: items=[PriceRequestItem(product_id='4cc0770f-91bc-4c0d-a26f-7b872f02ca94', qty=2)] promo_codes=[] currency='USD' only_final_price=True
2026-08-17 17:33:42,590 - INFO - Request for compute_price, request: items=[PriceRequestItem(product_id='4cc0770f-91bc-4c0d-a26f-7b872f02ca94', qty=2)] promo_codes=[] currency='USD' only_final_price=True
2026-08-17 17:33:42,591 - INFO - Request for compute_price successfully processed, result: items=[PriceResponseItem(product_id='4cc0770f-91bc-4c0d-a26f-7b872f02ca94', qty=2, unit_price=250.0, line_total=500.0, discounts=0.0)] subtotal=500.0 total_discount=0.0 total=500.0 currency='USD' total_input_tokens=0 total_output_tokens=0 total_llm_calls=0, request: items=[PriceRequestItem(product_id='4cc0770f-91bc-4c0d-a26f-7b872f02ca94', qty=2)] promo_codes=[] currency='USD' only_final_price=True
2026-08-17 17:33:42,618 - INFO - Request for compute_price, request: items=[PriceRequestItem(product_id='4cc0770f-91bc-4c0d-a26f-7b872f02ca94', qty=2)] promo_codes=[] currency='USD' only_final_price=True
2026-08-17 17:33:42,619 - INFO - Request for compute_price successfully processed, result: items=[PriceResponseItem(product_id='4cc0770f-91bc-4c0d-a26f-7b872f02ca94', qty=2, unit_price=250.0, line_total=500.0, discounts=0.0)] subtotal=500.0 total_discount=0.0 total=500.0 currency='USD' total_input_tokens=0 total_output_tokens=0 total_llm_calls=0, request: items=[PriceRequestItem(product_id='4cc0770f-91bc-4c0d-a26f-7b872f02ca94', qty=2)] promo_codes=[] currency='USD' only_final_price=True
2026-08-17 17:33:42,644 - INFO - Request for compute_price, request: items=[PriceRequestItem(product_id='4cc0770f-91bc-4c0d-a26f-7b872f02ca94', qty=2)] promo_codes=[] currency='USD' only_final_price=True
2026-08-17 17:33:42,645 - INFO - Request for compute_price successfully processed, result: items=[PriceResponseItem(product_id='4cc0770f-91bc-4c0d-a26f-7b872f02ca94', qty=2, unit_price=250.0, line_total=500.0, discounts=0.0)] subtotal=500.0 total_discount=0.0 total=500.0 currency='USD' total_input_tokens=0 total_output_tokens=0 total_llm_calls=0, request: items=[PriceRequestItem(product_id='4cc0770f-91bc-4c0d-a26f-7b872f02ca94', qty=2)] promo_codes=[] currency='USD' only_final_price=True
2026-08-17 17:33:42,671 - INFO - Request for compute_price, request: items=[PriceRequestItem(product_id='4cc0770f-91bc-4c0d-a26f-7b872f02ca94', qty=2)] promo_codes=[] currency='USD' only_final_price=True
2026-08-17 17:33:42,673 - INFO - Request for compute_price successfully processed, result: items=[PriceResponseItem(product_id='4cc0770f-91bc-4c0d-a26f-7b872f02ca94', qty=2, unit_price=250.0, line_total=500.0, discounts=0.0)] subtotal=500.0 total_discount=0.0 total=500.0 currency='USD' total_input_tokens=0 total_output_tokens=0 total_llm_calls=0, request: items=[PriceRequestItem(product_id='4cc0770f-91bc-4c0d-a26f-7b872f02ca94', qty=2)] promo_codes=[] currency='USD' only_final_price=True
2026-08-17 17:33:42,697 - INFO - Request for compute_price, request: items=[PriceRequestItem(product_id='4cc0770f-91bc-4c0d-a26f-7b872f02ca94', qty=2)] promo_codes=[] currency='USD' only_final_price=True
2026-08-17 17:33:42,698 - INFO - Request for compute_price successfully processed, result: items=[PriceResponseItem(product_id='4cc0770f-91bc-4c0d-a26f-7b872f02ca94', qty=2, unit_price=250.0, line_total=500.0, discounts=0.0)] subtotal=500.0 total_discount=0.0 total=500.0 currency='USD' total_input_tokens=0 total_output_tokens=0 total_llm_calls=0, request: items=[PriceRequestItem(product_id='4cc0770f-91bc-4c0d-a26f-7b872f02ca94', qty=2)] promo_codes=[] currency='USD' only_final_price=True
2026-08-17 17:33:42,725 - INFO - Request for compute_price, request: items=[PriceRequestItem(product_id='4cc0770f-91bc-4c0d-a26f-7b872f02ca94', qty=2)] promo_codes=[] currency='USD' only_final_price=True
2026-08-17 17:33:42,727 - INFO - Request for compute_price successfully processed, result: items=[PriceResponseItem(product_id='4cc0770f-91bc-4c0d-a26f-7b872f02ca94', qty=2, unit_price=250.0, line_total=500.0, discounts=0.0)] subtotal=500.0 total_discount=0.0 total=500.0 currency='USD' total_input_tokens=0 total_output_tokens=0 total_llm_calls=0, request: items=[PriceRequestItem(product_id='4cc0770f-91bc-4c0d-a26f-7b872f02ca94', qty=2)] promo_codes=[] currency='USD' only_final_price=True
2026-08-17 17:33:42,755 - INFO - Request for compute_price, request: items=[PriceRequestItem(product_id='4cc0770f-91bc-4c0d-a26f-7b872f02ca94', qty=2)] promo_codes=[] currency='USD' only_final_price=True
2026-08-17 17:33:42,757 - INFO - Request for compute_price successfully processed, result: items=[PriceResponseItem(product_id='4cc0770f-91bc-4c0d-a26f-7b872f02ca94', qty=2, unit_price=250.0, line_total=500.0, discounts=0.0)] subtotal=500.0 total_discount=0.0 total=500.0 currency='USD' total_input_tokens=0 total_output_tokens=0 total_llm_calls=0, request: items=[PriceRequestItem(product_id='4cc0770f-91bc-4c0d-a26f-7b872f02ca94', qty=2)] promo_codes=[] currency='USD' only_final_price=True
2026-08-17 17:33:42,782 - INFO - Request for compute_price, request: items=[PriceRequestItem(product_id='4cc0770f-91bc-4c0d-a26f-7b872f02ca94', qty=2)] promo_codes=[] currency='USD' only_final_price=True
2026-08-17 17:33:42,784 - INFO - Request for compute_price successfully processed, result: items=[PriceResponseItem(product_id='4cc0770f-91bc-4c0d-a26f-7b872f02ca94', qty=2, unit_price=250.0, line_total=500.0, discounts=0.0)] subtotal=500.0 total_discount=0.0 total=500.0 currency='USD' total_input_tokens=0 total_output_tokens=0 total_llm_calls=0, request: items=[PriceRequestItem(product_id='4cc0770f-91bc-4c0d-a26f-7b872f02ca94', qty=2)] promo_codes=[] currency='USD' only_final_price=True
2026-08-17 17:33:42,809 - INFO - Request for compute_price, request: items=[PriceRequestItem(product_id='4cc0770f-91bc-4c0d-a26f-7b872f02ca94', qty=2)] promo_codes=[] currency='USD' only_final_price=True
2026-08-17 17:33:42,811 - INFO - Request for compute_price successfully processed, result: items=[PriceResponseItem(product_id='4cc0770f-91bc-4c0d-a26f-7b872f02ca94', qty=2, unit_price=250.0, line_total=500.0, discounts=0.0)] subtotal=500.0 total_discount=0.0 total=500.0 currency='USD' total_input_tokens=0 total_output_tokens=0 total_llm_calls=0, request: items=[PriceRequestItem(product_id='4cc0770f-91bc-4c0d-a26f-7b872f02ca94', qty=2)] promo_codes=[] currency='USD' only_final_price=True
2026-08-17 17:33:42,836 - INFO - Request for compute_price, request: items=[PriceRequestItem(product_id='4cc0770f-91bc-4c0d-a26f-7b872f02ca94', qty=2)] promo_codes=[] currency='USD' only_final_price=True
2026-08-17 17:33:42,838 - INFO - Request for compute_price successfully processed, result: items=[PriceResponseItem(product_id='4cc0770f-91bc-4c0d-a26f-7b872f02ca94', qty=2, unit_price=250.0, line_total=500.0, discounts=0.0)] subtotal=500.0 total_discount=0.0 total=500.0 currency='USD' total_input_tokens=0 total_output_tokens=0 total_llm_calls=0, request: items=[PriceRequestItem(product_id='4cc0770f-91bc-4c0d-a26f-7b872f02ca94', qty=2)] promo_codes=[] currency='USD' only_final_price=True
2026-08-17 17:33:42,862 - INFO - Request for compute_price, request: items=[PriceRequestItem(product_id='4cc0770f-91bc-4c0d-a26f-7b872f02ca94', qty=2)] promo_codes=[] currency='USD' only_final_price=True
2026-08-17 17:33:42,864 - INFO - Request for compute_price successfully processed, result: items=[PriceResponseItem(product_id='4cc0770f-91bc-4c0d-a26f-7b872f02ca94', qty=2, unit_price=250.0, line_total=500.0, discounts=0.0)] subtotal=500.0 total_discount=0.0 total=500.0 currency='USD' total_input_tokens=0 total_output_tokens=0 total_llm_calls=0, request: items=[PriceRequestItem(product_id='4cc0770f-91bc-4c0d-a26f-7b872f02ca94', qty=2)] promo_codes=[] currency='USD' only_final_price=True
2026-08-17 17:33:42,889 - INFO - Request for compute_price, request: items=[PriceRequestItem(product_id='4cc0770f-91bc-4c0d-a26f-7b872f02ca94', qty=2)] promo_codes=[] currency='USD' only_final_price=True
2026-08-17 17:33:42,890 - INFO - Request for compute_price successfully processed, result: items=[PriceResponseItem(product_id='4cc0770f-91bc-4c0d-a26f-7b872f02ca94', qty=2, unit_price=250.0, line_total=500.0, discounts=0.0)] subtotal=500.0 total_discount=0.0 total=500.0 currency='USD' total_input_tokens=0 total_output_tokens=0 total_llm_calls=0, request: items=[PriceRequestItem(product_id='4cc0770f-91bc-4c0d-a26f-7b872f02ca94', qty=2)] promo_codes=[] currency='USD' only_final_price=True
2026-08-17 17:33:42,917 - INFO - Request for compute_price, request: items=[PriceRequestItem(product_id='4cc0770f-91bc-4c0d-a26f-7b872f02ca94', qty=2)] promo_codes=[] currency='USD' only_final_price=True
2026-08-17 17:33:42,918 - INFO - Request for compute_price successfully processed, result: items=[PriceResponseItem(product_id='4cc0770f-91bc-4c0d-a26f-7b872f02ca94', qty=2, unit_price=250.0, line_total=500.0, discounts=0.0)] subtotal=500.0 total_discount=0.0 total=500.0 currency='USD' total_input_tokens=0 total_output_tokens=0 total_llm_calls=0, request: items=[PriceRequestItem(product_id='4cc0770f-91bc-4c0d-a26f-7b872f02ca94', qty=2)] promo_codes=[] currency='USD' only_final_price=True
2026-08-17 17:33:42,943 - INFO - Request for compute_price, request: items=[PriceRequestItem(product_id='4cc0770f-91bc-4c0d-a26f-7b872f02ca94', qty=2)] promo_codes=[] currency='USD' only_final_price=True
2026-08-17 17:33:42,944 - INFO - Request for compute_price successfully processed, result: items=[PriceResponseItem(product_id='4cc0770f-91bc-4c0d-a26f-7b872f02ca94', qty=2, unit_price=250.0, line_total=500.0, discounts=0.0)] subtotal=500.0 total_discount=0.0 total=500.0 currency='USD' total_input_tokens=0 total_output_tokens=0 total_llm_calls=0, request: items=[PriceRequestItem(product_id='4cc0770f-91bc-4c0d-a26f-7b872f02ca94', qty=2)] promo_codes=[] currency='USD' only_final_price=True
2026-08-17 17:33:42,970 - INFO - Request for compute_price, request: items=[PriceRequestItem(product_id='4cc0770f-91bc-4c0d-a26f-7b872f02ca94', qty=2)] promo_codes=[] currency='USD' only_final_price=True
2026-08-17 17:33:42,971 - INFO - Request for compute_price successfully processed, result: items=[PriceResponseItem(product_id='4cc0770f-91bc-4c0d-a26f-7b872f02ca94', qty=2, unit_price=250.0, line_total=500.0, discounts=0.0)] subtotal=500.0 total_discount=0.0 total=500.0 currency='USD' total_input_tokens=0 total_output_tokens=0 total_llm_calls=0, request: items=[PriceRequestItem(product_id='4cc0770f-91bc-4c0d-a26f-7b872f02ca94', qty=2)] promo_codes=[] currency='USD' only_final_price=True
2026-08-17 17:33:43,001 - INFO - Request for compute_price, request: items=[PriceRequestItem(product_id='4cc0770f-91bc-4c0d-a26f-7b872f02ca94', qty=2)] promo_codes=[] currency='USD' only_final_price=True
2026-08-17 17:33:43,007 - INFO - Request for compute_price successfully processed, result: items=[PriceResponseItem(product_id='4cc0770f-91bc-4c0d-a26f-7b872f02ca94', qty=2, unit_price=250.0, line_total=500.0, discounts=0.0)] subtotal=500.0 total_discount=0.0 total=500.0 currency='USD' total_input_tokens=0 total_output_tokens=0 total_llm_calls=0, request: items=[PriceRequestItem(product_id='4cc0770f-91bc-4c0d-a26f-7b872f02ca94', qty=2)] promo_codes=[] currency='USD' only_final_price=True
2026-08-17 17:33:43,040 - INFO - Request for compute_price, request: items=[PriceRequestItem(product_id='4cc0770f-91bc-4c0d-a26f-7b872f02ca94', qty=2)] promo_codes=[] currency='USD' only_final_price=True
2026-08-17 17:33:43,041 - INFO - Request for compute_price successfully processed, result: items=[PriceResponseItem(product_id='4cc0770f-91bc-4c0d-a26f-7b872f02ca94', qty=2, unit_price=250.0, line_total=500.0, discounts=0.0)] subtotal=500.0 total_discount=0.0 total=500.0 currency='USD' total_input_tokens=0 total_output_tokens=0 total_llm_calls=0, request: items=[PriceRequestItem(product_id='4cc0770f-91bc-4c0d-a26f-7b872f02ca94', qty=2)] promo_codes=[] currency='USD' only_final_price=True
2026-08-17 17:33:43,067 - INFO - Request for compute_price, request: items=[PriceRequestItem(product_id='4cc0770f-91bc-4c0d-a26f-7b872f02ca94', qty=2)] promo_codes=[] currency='USD' only_final_price=True
2026-08-17 17:33:43,069 - INFO - Request for compute_price successfully processed, result: items=[PriceResponseItem(product_id='4cc0770f-91bc-4c0d-a26f-7b872f02ca94', qty=2, unit_price=250.0, line_total=500.0, discounts=0.0)] subtotal=500.0 total_discount=0.0 total=500.0 currency='USD' total_input_tokens=0 total_output_tokens=0 total_llm_calls=0, request: items=[PriceRequestItem(product_id='4cc0770f-91bc-4c0d-a26f-7b872f02ca94', qty=2)] promo_codes=[] currency='USD' only_final_price=True
2026-08-17 17:33:43,093 - INFO - Request for compute_price, request: items=[PriceRequestItem(product_id='4cc0770f-91bc-4c0d-a26f-7b872f02ca94', qty=2)] promo_codes=[] currency='USD' only_final_price=True
2026-08-17 17:33:43,095 - INFO - Request for compute_price successfully processed, result: items=[PriceResponseItem(product_id='4cc0770f-91bc-4c0d-a26f-7b872f02ca94', qty=2, unit_price=250.0, line_total=500.0, discounts=0.0)] subtotal=500.0 total_discount=0.0 total=500.0 currency='USD' total_input_tokens=0 total_output_tokens=0 total_llm_calls=0, request: items=[PriceRequestItem(product_id='4cc0770f-91bc-4c0d-a26f-7b872f02ca94', qty=2)] promo_codes=[] currency='USD' only_final_price=True
2026-08-17 17:33:43,123 - INFO - Request for compute_price, request: items=[PriceRequestItem(product_id='4cc0770f-91bc-4c0d-a26f-7b872f02ca94', qty=2)] promo_codes=[] currency='USD' only_final_price=True
2026-08-17 17:33:43,125 - INFO - Request for compute_price successfully processed, result: items=[PriceResponseItem(product_id='4cc0770f-91bc-4c0d-a26f-7b872f02ca94', qty=2, unit_price=250.0, line_total=500.0, discounts=0.0)] subtotal=500.0 total_discount=0.0 total=500.0 currency='USD' total_input_tokens=0 total_output_tokens=0 total_llm_calls=0, request: items=[PriceRequestItem(product_id='4cc0770f-91bc-4c0d-a26f-7b872f02ca94', qty=2)] promo_codes=[] currency='USD' only_final_price=True
2026-08-17 17:33:43,160 - INFO - Request for compute_price, request: items=[PriceRequestItem(product_id='4cc0770f-91bc-4c0d-a26f-7b872f02ca94', qty=2)] promo_codes=[] currency='USD' only_final_price=True
2026-08-17 17:33:43,164 - INFO - Request for compute_price successfully processed, result: items=[PriceResponseItem(product_id='4cc0770f-91bc-4c0d-a26f-7b872f02ca94', qty=2, unit_price=250.0, line_total=500.0, discounts=0.0)] subtotal=500.0 total_discount=0.0 total=500.0 currency='USD' total_input_tokens=0 total_output_tokens=0 total_llm_calls=0, request: items=[PriceRequestItem(product_id='4cc0770f-91bc-4c0d-a26f-7b872f02ca94', qty=2)] promo_codes=[] currency='USD' only_final_price=True
2026-08-17 17:33:43,203 - INFO - Request for compute_price, request: items=[PriceRequestItem(product_id='4cc0770f-91bc-4c0d-a26f-7b872f02ca94', qty=2)] promo_codes=[] currency='USD' only_final_price=True
2026-08-17 17:33:43,205 - INFO - Request for compute_price successfully processed, result: items=[PriceResponseItem(product_id='4cc0770f-91bc-4c0d-a26f-7b872f02ca94', qty=2, unit_price=250.0, line_total=500.0, discounts=0.0)] subtotal=500.0 total_discount=0.0 total=500.0 currency='USD' total_input_tokens=0 total_output_tokens=0 total_llm_calls=0, request: items=[PriceRequestItem(product_id='4cc0770f-91bc-4c0d-a26f-7b872f02ca94', qty=2)] promo_codes=[] currency='USD' only_final_price=True
2026-08-17 17:33:43,255 - INFO - Request for compute_price, request: items=[PriceRequestItem(product_id='4cc0770f-91bc-4c0d-a26f-7b872f02ca94', qty=2)] promo_codes=[] currency='USD' only_final_price=True
2026-08-17 17:33:43,257 - INFO - Request for compute_price successfully processed, result: items=[PriceResponseItem(product_id='4cc0770f-91bc-4c0d-a26f-7b872f02ca94', qty=2, unit_price=250.0, line_total=500.0, discounts=0.0)] subtotal=500.0 total_discount=0.0 total=500.0 currency='USD' total_input_tokens=0 total_output_tokens=0 total_llm_calls=0, request: items=[PriceRequestItem(product_id='4cc0770f-91bc-4c0d-a26f-7b872f02ca94', qty=2)] promo_codes=[] currency='USD' only_final_price=True
2026-08-17 17:33:43,294 - INFO - Request for compute_price, request: items=[PriceRequestItem(product_id='4cc0770f-91bc-4c0d-a26f-7b872f02ca94', qty=2)] promo_codes=[] currency='USD' only_final_price=True
2026-08-17 17:33:43,297 - INFO - Request for compute_price successfully processed, result: items=[PriceResponseItem(product_id='4cc0770f-91bc-4c0d-a26f-7b872f02ca94', qty=2, unit_price=250.0, line_total=500.0, discounts=0.0)] subtotal=500.0 total_discount=0.0 total=500.0 currency='USD' total_input_tokens=0 total_output_tokens=0 total_llm_calls=0, request: items=[PriceRequestItem(product_id='4cc0770f-91bc-4c0d-a26f-7b872f02ca94', qty=2)] promo_codes=[] currency='USD' only_final_price=True
2026-08-17 17:33:43,337 - INFO - Request for compute_price, request: items=[PriceRequestItem(product_id='4cc0770f-91bc-4c0d-a26f-7b872f02ca94', qty=2)] promo_codes=[] currency='USD' only_final_price=True
2026-08-17 17:33:43,339 - INFO - Request for compute_price successfully processed, result: items=[PriceResponseItem(product_id='4cc0770f-91bc-4c0d-a26f-7b872f02ca94', qty=2, unit_price=250.0, line_total=500.0, discounts=0.0)] subtotal=500.0 total_discount=0.0 total=500.0 currency='USD' total_input_tokens=0 total_output_tokens=0 total_llm_calls=0, request: items=[PriceRequestItem(product_id='4cc0770f-91bc-4c0d-a26f-7b872f02ca94', qty=2)] promo_codes=[] currency='USD' only_final_price=True
2026-08-17 17:33:43,376 - INFO - Request for compute_price, request: items=[PriceRequestItem(product_id='4cc0770f-91bc-4c0d-a26f-7b872f02ca94', qty=2)] promo_codes=[] currency='USD' only_final_price=True
2026-08-17 17:33:43,378 - INFO - Request for compute_price successfully processed, result: items=[PriceResponseItem(product_id='4cc0770f-91bc-4c0d-a26f-7b872f02ca94', qty=2, unit_price=250.0, line_total=500.0, discounts=0.0)] subtotal=500.0 total_discount=0.0 total=500.0 currency='USD' total_input_tokens=0 total_output_tokens=0 total_llm_calls=0, request: items=[PriceRequestItem(product_id='4cc0770f-91bc-4c0d-a26f-7b872f02ca94', qty=2)] promo_codes=[] currency='USD' only_final_price=True
2026-08-17 17:33:43,412 - INFO - Request for compute_price, request: items=[PriceRequestItem(product_id='4cc0770f-91bc-4c0d-a26f-7b872f02ca94', qty=2)] promo_codes=[] currency='USD' only_final_price=True
2026-08-17 17:33:43,417 - INFO - Request for compute_price successfully processed, result: items=[PriceResponseItem(product_id='4cc0770f-91bc-4c0d-a26f-7b872f02ca94', qty=2, unit_price=250.0, line_total=500.0, discounts=0.0)] subtotal=500.0 total_discount=0.0 total=500.0 currency='USD' total_input_tokens=0 total_output_tokens=0 total_llm_calls=0, request: items=[PriceRequestItem(product_id='4cc0770f-91bc-4c0d-a26f-7b872f02ca94', qty=2)] promo_codes=[] currency='USD' only_final_price=True
2026-08-17 17:33:43,452 - INFO - Request for compute_price, request: items=[PriceRequestItem(product_id='4cc0770f-91bc-4c0d-a26f-7b872f02ca94', qty=2)] promo_codes=[] currency='USD' only_final_price=True
2026-08-17 17:33:43,454 - INFO - Request for compute_price successfully processed, result: items=[PriceResponseItem(product_id='4cc0770f-91bc-4c0d-a26f-7b872f02ca94', qty=2, unit_price=250.0, line_total=500.0, discounts=0.0)] subtotal=500.0 total_discount=0.0 total=500.0 currency='USD' total_input_tokens=0 total_output_tokens=0 total_llm_calls=0, request: items=[PriceRequestItem(product_id='4cc0770f-91bc-4c0d-a26f-7b872f02ca94', qty=2)] promo_codes=[] currency='USD' only_final_price=True
2026-08-17 17:33:43,488 - INFO - Request for compute_price, request: items=[PriceRequestItem(product_id='4cc0770f-91bc-4c0d-a26f-7b872f02ca94', qty=2)] promo_codes=[] currency='USD' only_final_price=True
2026-08-17 17:33:43,489 - INFO - Request for compute_price successfully processed, result: items=[PriceResponseItem(product_id='4cc0770f-91bc-4c0d-a26f-7b872f02ca94', qty=2, unit_price=250.0, line_total=500.0, discounts=0.0)] subtotal=500.0 total_discount=0.0 total=500.0 currency='USD' total_input_tokens=0 total_output_tokens=0 total_llm_calls=0, request: items=[PriceRequestItem(product_id='4cc0770f-91bc-4c0d-a26f-7b872f02ca94', qty=2)] promo_codes=[] currency='USD' only_final_price=True
2026-08-17 17:33:43,525 - INFO - Request for compute_price, request: items=[PriceRequestItem(product_id='4cc0770f-91bc-4c0d-a26f-7b872f02ca94', qty=2)] promo_codes=[] currency='USD' only_final_price=True
2026-08-17 17:33:43,526 - INFO - Request for compute_price successfully processed, result: items=[PriceResponseItem(product_id='4cc0770f-91bc-4c0d-a26f-7b872f02ca94', qty=2, unit_price=250.0, line_total=500.0, discounts=0.0)] subtotal=500.0 total_discount=0.0 total=500.0 currency='USD' total_input_tokens=0 total_output_tokens=0 total_llm_calls=0, request: items=[PriceRequestItem(product_id='4cc0770f-91bc-4c0d-a26f-7b872f02ca94', qty=2)] promo_codes=[] currency='USD' only_final_price=True
2026-08-17 17:33:43,560 - INFO - Request for compute_price, request: items=[PriceRequestItem(product_id='4cc0770f-91bc-4c0d-a26f-7b872f02ca94', qty=2)] promo_codes=[] currency='USD' only_final_price=True
2026-08-17 17:33:43,563 - INFO - Request for compute_price successfully processed, result: items=[PriceResponseItem(product_id='4cc0770f-91bc-4c0d-a26f-7b872f02ca94', qty=2, unit_price=250.0, line_total=500.0, discounts=0.0)] subtotal=500.0 total_discount=0.0 total=500.0 currency='USD' total_input_tokens=0 total_output_tokens=0 total_llm_calls=0, request: items=[PriceRequestItem(product_id='4cc0770f-91bc-4c0d-a26f-7b872f02ca94', qty=2)] promo_codes=[] currency='USD' only_final_price=True
2026-08-17 17:33:43,597 - INFO - Request for compute_price, request: items=[PriceRequestItem(product_id='4cc0770f-91bc-4c0d-a26f-7b872f02ca94', qty=2)] promo_codes=[] currency='USD' only_final_price=True
2026-08-17 17:33:43,600 - INFO - Request for compute_price successfully processed, result: items=[PriceResponseItem(product_id='4cc0770f-91bc-4c0d-a26f-7b872f02ca94', qty=2, unit_price=250.0, line_total=500.0, discounts=0.0)] subtotal=500.0 total_discount=0.0 total=500.0 currency='USD' total_input_tokens=0 total_output_tokens=0 total_llm_calls=0, request: items=[PriceRequestItem(product_id='4cc0770f-91bc-4c0d-a26f-7b872f02ca94', qty=2)] promo_codes=[] currency='USD' only_final_price=True
2026-08-17 17:33:43,635 - INFO - Request for compute_price, request: items=[PriceRequestItem(product_id='4cc0770f-91bc-4c0d-a26f-7b872f02ca94', qty=2)] promo_codes=[] currency='USD' only_final_price=True
2026-08-17 17:33:43,636 - INFO - Request for compute_price successfully processed, result: items=[PriceResponseItem(product_id='4cc0770f-91bc-4c0d-a26f-7b872f02ca94', qty=2, unit_price=250.0, line_total=500.0, discounts=0.0)] subtotal=500.0 total_discount=0.0 total=500.0 currency='USD' total_input_tokens=0 total_output_tokens=0 total_llm_calls=0, request: items=[PriceRequestItem(product_id='4cc0770f-91bc-4c0d-a26f-7b872f02ca94', qty=2)] promo_codes=[] currency='USD' only_final_price=True
2026-08-17 17:33:43,671 - INFO - Request for compute_price, request: items=[PriceRequestItem(product_id='4cc0770f-91bc-4c0d-a26f-7b872f02ca94', qty=2)] promo_codes=[] currency='USD' only_final_price=True
2026-08-17 17:33:43,672 - INFO - Request for compute_price successfully processed, result: items=[PriceResponseItem(product_id='4cc0770f-91bc-4c0d-a26f-7b872f02ca94', qty=2, unit_price=250.0, line_total=500.0, discounts=0.0)] subtotal=500.0 total_discount=0.0 total=500.0 currency='USD' total_input_tokens=0 total_output_tokens=0 total_llm_calls=0, request: items=[PriceRequestItem(product_id='4cc0770f-91bc-4c0d-a26f-7b872f02ca94', qty=2)] promo_codes=[] currency='USD' only_final_price=True
2026-08-17 17:33:43,707 - INFO - Request for compute_price, request: items=[PriceRequestItem(product_id='4cc0770f-91bc-4c0d-a26f-7b872f02ca94', qty=2)] promo_codes=[] currency='USD' only_final_price=True
2026-08-17 17:33:43,709 - INFO - Request for compute_price successfully processed, result: items=[PriceResponseItem(product_id='4cc0770f-91bc-4c0d-a26f-7b872f02ca94', qty=2, unit_price=250.0, line_total=500.0, discounts=0.0)] subtotal=500.0 total_discount=0.0 total=500.0 currency='USD' total_input_tokens=0 total_output_tokens=0 total_llm_calls=0, request: items=[PriceRequestItem(product_id='4cc0770f-91bc-4c0d-a26f-7b872f02ca94', qty=2)] promo_codes=[] currency='USD' only_final_price=True
2026-08-17 17:33:43,754 - INFO - Request for compute_price, request: items=[PriceRequestItem(product_id='4cc0770f-91bc-4c0d-a26f-7b872f02ca94', qty=2)] promo_codes=[] currency='USD' only_final_price=True
2026-08-17 17:33:43,756 - INFO - Request for compute_price successfully processed, result: items=[PriceResponseItem(product_id='4cc0770f-91bc-4c0d-a26f-7b872f02ca94', qty=2, unit_price=250.0, line_total=500.0, discounts=0.0)] subtotal=500.0 total_discount=0.0 total=500.0 currency='USD' total_input_tokens=0 total_output_tokens=0 total_llm_calls=0, request: items=[PriceRequestItem(product_id='4cc0770f-91bc-4c0d-a26f-7b872f02ca94', qty=2)] promo_codes=[] currency='USD' only_final_price=True
2026-08-17 17:33:43,800 - INFO - Request for compute_price, request: items=[PriceRequestItem(product_id='4cc0770f-91bc-4c0d-a26f-7b872f02ca94', qty=2)] promo_codes=[] currency='USD' only_final_price=True
2026-08-17 17:33:43,802 - INFO - Request for compute_price successfully processed, result: items=[PriceResponseItem(product_id='4cc0770f-91bc-4c0d-a26f-7b872f02ca94', qty=2, unit_price=250.0, line_total=500.0, discounts=0.0)] subtotal=500.0 total_discount=0.0 total=500.0 currency='USD' total_input_tokens=0 total_output_tokens=0 total_llm_calls=0, request: items=[PriceRequestItem(product_id='4cc0770f-91bc-4c0d-a26f-7b872f02ca94', qty=2)] promo_codes=[] currency='USD' only_final_price=True
2026-08-17 17:33:43,840 - INFO - Request for compute_price, request: items=[PriceRequestItem(product_id='4cc0770f-91bc-4c0d-a26f-7b872f02ca94', qty=2)] promo_codes=[] currency='USD' only_final_price=True
2026-08-17 17:33:43,841 - INFO - Request for compute_price successfully processed, result: items=[PriceResponseItem(product_id='4cc0770f-91bc-4c0d-a26f-7b872f02ca94', qty=2, unit_price=250.0, line_total=500.0, discounts=0.0)] subtotal=500.0 total_discount=0.0 total=500.0 currency='USD' total_input_tokens=0 total_output_tokens=0 total_llm_calls=0, request: items=[PriceRequestItem(product_id='4cc0770f-91bc-4c0d-a26f-7b872f02ca94', qty=2)] promo_codes=[] currency='USD' only_final_price=True
2026-08-17 17:33:43,876 - INFO - Request for compute_price, request: items=[PriceRequestItem(product_id='4cc0770f-91bc-4c0d-a26f-7b872f02ca94', qty=2)] promo_codes=[] currency='USD' only_final_price=True
2026-08-17 17:33:43,879 - INFO - Request for compute_price successfully processed, result: items=[PriceResponseItem(product_id='4cc0770f-91bc-4c0d-a26f-7b872f02ca94', qty=2, unit_price=250.0, line_total=500.0, discounts=0.0)] subtotal=500.0 total_discount=0.0 total=500.0 currency='USD' total_input_tokens=0 total_output_tokens=0 total_llm_calls=0, request: items=[PriceRequestItem(product_id='4cc0770f-91bc-4c0d-a26f-7b872f02ca94', qty=2)] promo_codes=[] currency='USD' only_final_price=True
2026-08-17 17:33:43,919 - INFO - Request for compute_price, request: items=[PriceRequestItem(product_id='4cc0770f-91bc-4c0d-a26f-7b872f02ca94', qty=2)] promo_codes=[] currency='USD' only_final_price=True
2026-08-17 17:33:43,922 - INFO - Request for compute_price successfully processed, result: items=[PriceResponseItem(product_id='4cc0770f-91bc-4c0d-a26f-7b872f02ca94', qty=2, unit_price=250.0, line_total=500.0, discounts=0.0)] subtotal=500.0 total_discount=0.0 total=500.0 currency='USD' total_input_tokens=0 total_output_tokens=0 total_llm_calls=0, request: items=[PriceRequestItem(product_id='4cc0770f-91bc-4c0d-a26f-7b872f02ca94', qty=2)] promo_codes=[] currency='USD' only_final_price=True
2026-08-17 17:33:43,956 - INFO - Request for compute_price, request: items=[PriceRequestItem(product_id='4cc0770f-91bc-4c0d-a26f-7b872f02ca94', qty=2)] promo_codes=[] currency='USD' only_final_price=True
2026-08-17 17:33:43,957 - INFO - Request for compute_price successfully processed, result: items=[PriceResponseItem(product_id='4cc0770f-91bc-4c0d-a26f-7b872f02ca94', qty=2, unit_price=250.0, line_total=500.0, discounts=0.0)] subtotal=500.0 total_discount=0.0 total=500.0 currency='USD' total_input_tokens=0 total_output_tokens=0 total_llm_calls=0, request: items=[PriceRequestItem(product_id='4cc0770f-91bc-4c0d-a26f-7b872f02ca94', qty=2)] promo_codes=[] currency='USD' only_final_price=True
2026-08-17 17:33:43,993 - INFO - Request for compute_price, request: items=[PriceRequestItem(product_id='4cc0770f-91bc-4c0d-a26f-7b872f02ca94', qty=2)] promo_codes=[] currency='USD' only_final_price=True
2026-08-17 17:33:43,996 - INFO - Request for compute_price successfully processed, result: items=[PriceResponseItem(product_id='4cc0770f-91bc-4c0d-a26f-7b872f02ca94', qty=2, unit_price=250.0, line_total=500.0, discounts=0.0)] subtotal=500.0 total_discount=0.0 total=500.0 currency='USD' total_input_tokens=0 total_output_tokens=0 total_llm_calls=0, request: items=[PriceRequestItem(product_id='4cc0770f-91bc-4c0d-a26f-7b872f02ca94', qty=2)] promo_codes=[] currency='USD' only_final_price=True
2026-08-17 17:33:44,026 - INFO - Request for compute_price, request: items=[PriceRequestItem(product_id='4cc0770f-91bc-4c0d-a26f-7b872f02ca94', qty=2)] promo_codes=[] currency='USD' only_final_price=True
2026-08-17 17:33:44,028 - INFO - Request for compute_price successfully processed, result: items=[PriceResponseItem(product_id='4cc0770f-91bc-4c0d-a26f-7b872f02ca94', qty=2, unit_price=250.0, line_total=500.0, discounts=0.0)] subtotal=500.0 total_discount=0.0 total=500.0 currency='USD' total_input_tokens=0 total_output_tokens=0 total_llm_calls=0, request: items=[PriceRequestItem(product_id='4cc0770f-91bc-4c0d-a26f-7b872f02ca94', qty=2)] promo_codes=[] currency='USD' only_final_price=True
2026-08-17 17:33:44,055 - INFO - Request for compute_price, request: items=[PriceRequestItem(product_id='4cc0770f-91bc-4c0d-a26f-7b872f02ca94', qty=2)] promo_codes=[] currency='USD' only_final_price=True
2026-08-17 17:33:44,056 - INFO - Request for compute_price successfully processed, result: items=[PriceResponseItem(product_id='4cc0770f-91bc-4c0d-a26f-7b872f02ca94', qty=2, unit_price=250.0, line_total=500.0, discounts=0.0)] subtotal=500.0 total_discount=0.0 total=500.0 currency='USD' total_input_tokens=0 total_output_tokens=0 total_llm_calls=0, request: items=[PriceRequestItem(product_id='4cc0770f-91bc-4c0d-a26f-7b872f02ca94', qty=2)] promo_codes=[] currency='USD' only_final_price=True
