2026-05-17 17:35:14,489 - INFO - ProductSearch connected to mongo mongodb://localhost:27017/
2026-05-17 17:35:15,577 - INFO - Request for search_products, query: looking for headphone with noise cancelling
2026-05-17 17:35:15,580 - INFO - Request for search_products, query: looking for headphone with noise cancelling
2026-05-17 17:35:15,582 - INFO - Request for search_products, query: looking for headphone with noise cancelling
2026-05-17 17:35:15,584 - INFO - Request for search_products, query: looking for headphone with noise cancelling
2026-05-17 17:35:15,590 - INFO - Request for search_products, query: looking for headphone with noise cancelling
2026-05-17 17:35:15,593 - INFO - Request for search_products, query: looking for headphone with noise cancelling
2026-05-17 17:35:15,597 - INFO - Request for search_products, query: looking for headphone with noise cancelling
2026-05-17 17:35:15,599 - INFO - Request for search_products, query: looking for headphone with noise cancelling
2026-05-17 17:35:15,599 - INFO - Calling inventory_service for stock check, skus: ['b2926dc2-cc6d-4c3e-ae40-7a127c173b16']
2026-05-17 17:35:15,607 - INFO - Request for search_products, query: looking for headphone with noise cancelling
2026-05-17 17:35:15,609 - INFO - Calling inventory_service for stock check, skus: ['b2926dc2-cc6d-4c3e-ae40-7a127c173b16']
2026-05-17 17:35:15,610 - INFO - Calling inventory_service for stock check, skus: ['b2926dc2-cc6d-4c3e-ae40-7a127c173b16']
2026-05-17 17:35:15,612 - INFO - Calling inventory_service for stock check, skus: ['b2926dc2-cc6d-4c3e-ae40-7a127c173b16']
2026-05-17 17:35:15,613 - INFO - Request for search_products, query: looking for headphone with noise cancelling
2026-05-17 17:35:15,614 - INFO - Calling inventory_service for stock check, skus: ['b2926dc2-cc6d-4c3e-ae40-7a127c173b16']
2026-05-17 17:35:15,615 - INFO - Calling inventory_service for stock check, skus: ['b2926dc2-cc6d-4c3e-ae40-7a127c173b16']
2026-05-17 17:35:15,617 - INFO - Calling inventory_service for stock check, skus: ['b2926dc2-cc6d-4c3e-ae40-7a127c173b16']
2026-05-17 17:35:15,617 - INFO - Calling inventory_service for stock check, skus: ['b2926dc2-cc6d-4c3e-ae40-7a127c173b16']
2026-05-17 17:35:15,619 - INFO - Calling inventory_service for stock check, skus: ['b2926dc2-cc6d-4c3e-ae40-7a127c173b16']
2026-05-17 17:35:15,620 - INFO - Calling inventory_service for stock check, skus: ['b2926dc2-cc6d-4c3e-ae40-7a127c173b16']
2026-05-17 17:35:15,637 - INFO - HTTP Request: GET http://localhost:8001/stock?skus=b2926dc2-cc6d-4c3e-ae40-7a127c173b16 "HTTP/1.1 200 OK"
2026-05-17 17:35:15,638 - INFO - Called inventory_service, response: {'stocks': {'b2926dc2-cc6d-4c3e-ae40-7a127c173b16': 10}, 'total_input_tokens': 0, 'total_output_tokens': 0, 'total_llm_calls': 0}
2026-05-17 17:35:15,638 - INFO - Calling pricing_service, req: {'items': [{'product_id': 'b2926dc2-cc6d-4c3e-ae40-7a127c173b16', 'qty': 1}], 'promo_codes': []}
2026-05-17 17:35:15,645 - INFO - HTTP Request: POST http://localhost:8002/price "HTTP/1.1 200 OK"
2026-05-17 17:35:15,646 - INFO - Called pricing_service, req: {'items': [{'product_id': 'b2926dc2-cc6d-4c3e-ae40-7a127c173b16', 'qty': 1}], 'promo_codes': []}, response: {'items': [{'product_id': 'b2926dc2-cc6d-4c3e-ae40-7a127c173b16', 'qty': 1, 'unit_price': 200.0, 'line_total': 200.0, 'discounts': 0.0}], 'subtotal': 200.0, 'total_discount': 0.0, 'total': 200.0, 'currency': 'USD', 'total_input_tokens': 0, 'total_output_tokens': 0, 'total_llm_calls': 0}
2026-05-17 17:35:15,646 - INFO - Request for search_products successfully processed, query: looking for headphone with noise cancelling, result: query='looking for headphone with noise cancelling' results=[ProductSearchResultItem(sku='b2926dc2-cc6d-4c3e-ae40-7a127c173b16', name='Airpod', description='Noise cancelling headphone Airpod', price=200.0, score=1.875)] total_input_tokens=0 total_output_tokens=0 total_llm_calls=0
2026-05-17 17:35:15,649 - INFO - HTTP Request: GET http://localhost:8001/stock?skus=b2926dc2-cc6d-4c3e-ae40-7a127c173b16 "HTTP/1.1 200 OK"
2026-05-17 17:35:15,650 - INFO - HTTP Request: GET http://localhost:8001/stock?skus=b2926dc2-cc6d-4c3e-ae40-7a127c173b16 "HTTP/1.1 200 OK"
2026-05-17 17:35:15,651 - INFO - HTTP Request: GET http://localhost:8001/stock?skus=b2926dc2-cc6d-4c3e-ae40-7a127c173b16 "HTTP/1.1 200 OK"
2026-05-17 17:35:15,653 - INFO - Called inventory_service, response: {'stocks': {'b2926dc2-cc6d-4c3e-ae40-7a127c173b16': 10}, 'total_input_tokens': 0, 'total_output_tokens': 0, 'total_llm_calls': 0}
2026-05-17 17:35:15,653 - INFO - Calling pricing_service, req: {'items': [{'product_id': 'b2926dc2-cc6d-4c3e-ae40-7a127c173b16', 'qty': 1}], 'promo_codes': []}
2026-05-17 17:35:15,654 - INFO - Called inventory_service, response: {'stocks': {'b2926dc2-cc6d-4c3e-ae40-7a127c173b16': 10}, 'total_input_tokens': 0, 'total_output_tokens': 0, 'total_llm_calls': 0}
2026-05-17 17:35:15,654 - INFO - Calling pricing_service, req: {'items': [{'product_id': 'b2926dc2-cc6d-4c3e-ae40-7a127c173b16', 'qty': 1}], 'promo_codes': []}
2026-05-17 17:35:15,656 - INFO - Called inventory_service, response: {'stocks': {'b2926dc2-cc6d-4c3e-ae40-7a127c173b16': 10}, 'total_input_tokens': 0, 'total_output_tokens': 0, 'total_llm_calls': 0}
2026-05-17 17:35:15,656 - INFO - Calling pricing_service, req: {'items': [{'product_id': 'b2926dc2-cc6d-4c3e-ae40-7a127c173b16', 'qty': 1}], 'promo_codes': []}
2026-05-17 17:35:15,657 - INFO - HTTP Request: GET http://localhost:8001/stock?skus=b2926dc2-cc6d-4c3e-ae40-7a127c173b16 "HTTP/1.1 200 OK"
2026-05-17 17:35:15,658 - INFO - HTTP Request: GET http://localhost:8001/stock?skus=b2926dc2-cc6d-4c3e-ae40-7a127c173b16 "HTTP/1.1 200 OK"
2026-05-17 17:35:15,659 - INFO - HTTP Request: GET http://localhost:8001/stock?skus=b2926dc2-cc6d-4c3e-ae40-7a127c173b16 "HTTP/1.1 200 OK"
2026-05-17 17:35:15,660 - INFO - HTTP Request: GET http://localhost:8001/stock?skus=b2926dc2-cc6d-4c3e-ae40-7a127c173b16 "HTTP/1.1 200 OK"
2026-05-17 17:35:15,661 - INFO - HTTP Request: GET http://localhost:8001/stock?skus=b2926dc2-cc6d-4c3e-ae40-7a127c173b16 "HTTP/1.1 200 OK"
2026-05-17 17:35:15,661 - INFO - HTTP Request: GET http://localhost:8001/stock?skus=b2926dc2-cc6d-4c3e-ae40-7a127c173b16 "HTTP/1.1 200 OK"
2026-05-17 17:35:15,663 - INFO - Called inventory_service, response: {'stocks': {'b2926dc2-cc6d-4c3e-ae40-7a127c173b16': 10}, 'total_input_tokens': 0, 'total_output_tokens': 0, 'total_llm_calls': 0}
2026-05-17 17:35:15,663 - INFO - Calling pricing_service, req: {'items': [{'product_id': 'b2926dc2-cc6d-4c3e-ae40-7a127c173b16', 'qty': 1}], 'promo_codes': []}
2026-05-17 17:35:15,664 - INFO - Called inventory_service, response: {'stocks': {'b2926dc2-cc6d-4c3e-ae40-7a127c173b16': 10}, 'total_input_tokens': 0, 'total_output_tokens': 0, 'total_llm_calls': 0}
2026-05-17 17:35:15,665 - INFO - Calling pricing_service, req: {'items': [{'product_id': 'b2926dc2-cc6d-4c3e-ae40-7a127c173b16', 'qty': 1}], 'promo_codes': []}
2026-05-17 17:35:15,666 - INFO - Called inventory_service, response: {'stocks': {'b2926dc2-cc6d-4c3e-ae40-7a127c173b16': 10}, 'total_input_tokens': 0, 'total_output_tokens': 0, 'total_llm_calls': 0}
2026-05-17 17:35:15,666 - INFO - Calling pricing_service, req: {'items': [{'product_id': 'b2926dc2-cc6d-4c3e-ae40-7a127c173b16', 'qty': 1}], 'promo_codes': []}
2026-05-17 17:35:15,668 - INFO - Called inventory_service, response: {'stocks': {'b2926dc2-cc6d-4c3e-ae40-7a127c173b16': 10}, 'total_input_tokens': 0, 'total_output_tokens': 0, 'total_llm_calls': 0}
2026-05-17 17:35:15,668 - INFO - Calling pricing_service, req: {'items': [{'product_id': 'b2926dc2-cc6d-4c3e-ae40-7a127c173b16', 'qty': 1}], 'promo_codes': []}
2026-05-17 17:35:15,670 - INFO - Called inventory_service, response: {'stocks': {'b2926dc2-cc6d-4c3e-ae40-7a127c173b16': 10}, 'total_input_tokens': 0, 'total_output_tokens': 0, 'total_llm_calls': 0}
2026-05-17 17:35:15,670 - INFO - Calling pricing_service, req: {'items': [{'product_id': 'b2926dc2-cc6d-4c3e-ae40-7a127c173b16', 'qty': 1}], 'promo_codes': []}
2026-05-17 17:35:15,672 - INFO - Called inventory_service, response: {'stocks': {'b2926dc2-cc6d-4c3e-ae40-7a127c173b16': 10}, 'total_input_tokens': 0, 'total_output_tokens': 0, 'total_llm_calls': 0}
2026-05-17 17:35:15,672 - INFO - Calling pricing_service, req: {'items': [{'product_id': 'b2926dc2-cc6d-4c3e-ae40-7a127c173b16', 'qty': 1}], 'promo_codes': []}
2026-05-17 17:35:15,684 - INFO - HTTP Request: POST http://localhost:8002/price "HTTP/1.1 200 OK"
2026-05-17 17:35:15,686 - INFO - Called pricing_service, req: {'items': [{'product_id': 'b2926dc2-cc6d-4c3e-ae40-7a127c173b16', 'qty': 1}], 'promo_codes': []}, response: {'items': [{'product_id': 'b2926dc2-cc6d-4c3e-ae40-7a127c173b16', 'qty': 1, 'unit_price': 200.0, 'line_total': 200.0, 'discounts': 0.0}], 'subtotal': 200.0, 'total_discount': 0.0, 'total': 200.0, 'currency': 'USD', 'total_input_tokens': 0, 'total_output_tokens': 0, 'total_llm_calls': 0}
2026-05-17 17:35:15,687 - INFO - Request for search_products successfully processed, query: looking for headphone with noise cancelling, result: query='looking for headphone with noise cancelling' results=[ProductSearchResultItem(sku='b2926dc2-cc6d-4c3e-ae40-7a127c173b16', name='Airpod', description='Noise cancelling headphone Airpod', price=200.0, score=1.875)] total_input_tokens=0 total_output_tokens=0 total_llm_calls=0
2026-05-17 17:35:15,704 - INFO - HTTP Request: POST http://localhost:8002/price "HTTP/1.1 200 OK"
2026-05-17 17:35:15,705 - INFO - Called pricing_service, req: {'items': [{'product_id': 'b2926dc2-cc6d-4c3e-ae40-7a127c173b16', 'qty': 1}], 'promo_codes': []}, response: {'items': [{'product_id': 'b2926dc2-cc6d-4c3e-ae40-7a127c173b16', 'qty': 1, 'unit_price': 200.0, 'line_total': 200.0, 'discounts': 0.0}], 'subtotal': 200.0, 'total_discount': 0.0, 'total': 200.0, 'currency': 'USD', 'total_input_tokens': 0, 'total_output_tokens': 0, 'total_llm_calls': 0}
2026-05-17 17:35:15,705 - INFO - Request for search_products successfully processed, query: looking for headphone with noise cancelling, result: query='looking for headphone with noise cancelling' results=[ProductSearchResultItem(sku='b2926dc2-cc6d-4c3e-ae40-7a127c173b16', name='Airpod', description='Noise cancelling headphone Airpod', price=200.0, score=1.875)] total_input_tokens=0 total_output_tokens=0 total_llm_calls=0
2026-05-17 17:35:15,706 - INFO - HTTP Request: POST http://localhost:8002/price "HTTP/1.1 200 OK"
2026-05-17 17:35:15,707 - INFO - HTTP Request: POST http://localhost:8002/price "HTTP/1.1 200 OK"
2026-05-17 17:35:15,707 - INFO - HTTP Request: POST http://localhost:8002/price "HTTP/1.1 200 OK"
2026-05-17 17:35:15,708 - INFO - Called pricing_service, req: {'items': [{'product_id': 'b2926dc2-cc6d-4c3e-ae40-7a127c173b16', 'qty': 1}], 'promo_codes': []}, response: {'items': [{'product_id': 'b2926dc2-cc6d-4c3e-ae40-7a127c173b16', 'qty': 1, 'unit_price': 200.0, 'line_total': 200.0, 'discounts': 0.0}], 'subtotal': 200.0, 'total_discount': 0.0, 'total': 200.0, 'currency': 'USD', 'total_input_tokens': 0, 'total_output_tokens': 0, 'total_llm_calls': 0}
2026-05-17 17:35:15,708 - INFO - Request for search_products successfully processed, query: looking for headphone with noise cancelling, result: query='looking for headphone with noise cancelling' results=[ProductSearchResultItem(sku='b2926dc2-cc6d-4c3e-ae40-7a127c173b16', name='Airpod', description='Noise cancelling headphone Airpod', price=200.0, score=1.875)] total_input_tokens=0 total_output_tokens=0 total_llm_calls=0
2026-05-17 17:35:15,709 - INFO - Called pricing_service, req: {'items': [{'product_id': 'b2926dc2-cc6d-4c3e-ae40-7a127c173b16', 'qty': 1}], 'promo_codes': []}, response: {'items': [{'product_id': 'b2926dc2-cc6d-4c3e-ae40-7a127c173b16', 'qty': 1, 'unit_price': 200.0, 'line_total': 200.0, 'discounts': 0.0}], 'subtotal': 200.0, 'total_discount': 0.0, 'total': 200.0, 'currency': 'USD', 'total_input_tokens': 0, 'total_output_tokens': 0, 'total_llm_calls': 0}
2026-05-17 17:35:15,710 - INFO - Request for search_products successfully processed, query: looking for headphone with noise cancelling, result: query='looking for headphone with noise cancelling' results=[ProductSearchResultItem(sku='b2926dc2-cc6d-4c3e-ae40-7a127c173b16', name='Airpod', description='Noise cancelling headphone Airpod', price=200.0, score=1.875)] total_input_tokens=0 total_output_tokens=0 total_llm_calls=0
2026-05-17 17:35:15,711 - INFO - Called pricing_service, req: {'items': [{'product_id': 'b2926dc2-cc6d-4c3e-ae40-7a127c173b16', 'qty': 1}], 'promo_codes': []}, response: {'items': [{'product_id': 'b2926dc2-cc6d-4c3e-ae40-7a127c173b16', 'qty': 1, 'unit_price': 200.0, 'line_total': 200.0, 'discounts': 0.0}], 'subtotal': 200.0, 'total_discount': 0.0, 'total': 200.0, 'currency': 'USD', 'total_input_tokens': 0, 'total_output_tokens': 0, 'total_llm_calls': 0}
2026-05-17 17:35:15,712 - INFO - Request for search_products successfully processed, query: looking for headphone with noise cancelling, result: query='looking for headphone with noise cancelling' results=[ProductSearchResultItem(sku='b2926dc2-cc6d-4c3e-ae40-7a127c173b16', name='Airpod', description='Noise cancelling headphone Airpod', price=200.0, score=1.875)] total_input_tokens=0 total_output_tokens=0 total_llm_calls=0
2026-05-17 17:35:15,713 - INFO - HTTP Request: POST http://localhost:8002/price "HTTP/1.1 200 OK"
2026-05-17 17:35:15,713 - INFO - HTTP Request: POST http://localhost:8002/price "HTTP/1.1 200 OK"
2026-05-17 17:35:15,714 - INFO - HTTP Request: POST http://localhost:8002/price "HTTP/1.1 200 OK"
2026-05-17 17:35:15,715 - INFO - HTTP Request: POST http://localhost:8002/price "HTTP/1.1 200 OK"
2026-05-17 17:35:15,716 - INFO - Called pricing_service, req: {'items': [{'product_id': 'b2926dc2-cc6d-4c3e-ae40-7a127c173b16', 'qty': 1}], 'promo_codes': []}, response: {'items': [{'product_id': 'b2926dc2-cc6d-4c3e-ae40-7a127c173b16', 'qty': 1, 'unit_price': 200.0, 'line_total': 200.0, 'discounts': 0.0}], 'subtotal': 200.0, 'total_discount': 0.0, 'total': 200.0, 'currency': 'USD', 'total_input_tokens': 0, 'total_output_tokens': 0, 'total_llm_calls': 0}
2026-05-17 17:35:15,716 - INFO - Request for search_products successfully processed, query: looking for headphone with noise cancelling, result: query='looking for headphone with noise cancelling' results=[ProductSearchResultItem(sku='b2926dc2-cc6d-4c3e-ae40-7a127c173b16', name='Airpod', description='Noise cancelling headphone Airpod', price=200.0, score=1.875)] total_input_tokens=0 total_output_tokens=0 total_llm_calls=0
2026-05-17 17:35:15,718 - INFO - Called pricing_service, req: {'items': [{'product_id': 'b2926dc2-cc6d-4c3e-ae40-7a127c173b16', 'qty': 1}], 'promo_codes': []}, response: {'items': [{'product_id': 'b2926dc2-cc6d-4c3e-ae40-7a127c173b16', 'qty': 1, 'unit_price': 200.0, 'line_total': 200.0, 'discounts': 0.0}], 'subtotal': 200.0, 'total_discount': 0.0, 'total': 200.0, 'currency': 'USD', 'total_input_tokens': 0, 'total_output_tokens': 0, 'total_llm_calls': 0}
2026-05-17 17:35:15,718 - INFO - Request for search_products successfully processed, query: looking for headphone with noise cancelling, result: query='looking for headphone with noise cancelling' results=[ProductSearchResultItem(sku='b2926dc2-cc6d-4c3e-ae40-7a127c173b16', name='Airpod', description='Noise cancelling headphone Airpod', price=200.0, score=1.875)] total_input_tokens=0 total_output_tokens=0 total_llm_calls=0
2026-05-17 17:35:15,720 - INFO - Called pricing_service, req: {'items': [{'product_id': 'b2926dc2-cc6d-4c3e-ae40-7a127c173b16', 'qty': 1}], 'promo_codes': []}, response: {'items': [{'product_id': 'b2926dc2-cc6d-4c3e-ae40-7a127c173b16', 'qty': 1, 'unit_price': 200.0, 'line_total': 200.0, 'discounts': 0.0}], 'subtotal': 200.0, 'total_discount': 0.0, 'total': 200.0, 'currency': 'USD', 'total_input_tokens': 0, 'total_output_tokens': 0, 'total_llm_calls': 0}
2026-05-17 17:35:15,720 - INFO - Request for search_products successfully processed, query: looking for headphone with noise cancelling, result: query='looking for headphone with noise cancelling' results=[ProductSearchResultItem(sku='b2926dc2-cc6d-4c3e-ae40-7a127c173b16', name='Airpod', description='Noise cancelling headphone Airpod', price=200.0, score=1.875)] total_input_tokens=0 total_output_tokens=0 total_llm_calls=0
2026-05-17 17:35:15,721 - INFO - Called pricing_service, req: {'items': [{'product_id': 'b2926dc2-cc6d-4c3e-ae40-7a127c173b16', 'qty': 1}], 'promo_codes': []}, response: {'items': [{'product_id': 'b2926dc2-cc6d-4c3e-ae40-7a127c173b16', 'qty': 1, 'unit_price': 200.0, 'line_total': 200.0, 'discounts': 0.0}], 'subtotal': 200.0, 'total_discount': 0.0, 'total': 200.0, 'currency': 'USD', 'total_input_tokens': 0, 'total_output_tokens': 0, 'total_llm_calls': 0}
2026-05-17 17:35:15,722 - INFO - Request for search_products successfully processed, query: looking for headphone with noise cancelling, result: query='looking for headphone with noise cancelling' results=[ProductSearchResultItem(sku='b2926dc2-cc6d-4c3e-ae40-7a127c173b16', name='Airpod', description='Noise cancelling headphone Airpod', price=200.0, score=1.875)] total_input_tokens=0 total_output_tokens=0 total_llm_calls=0
2026-05-17 17:35:16,224 - INFO - Request for search_products, query: looking for headphone with noise cancelling
2026-05-17 17:35:16,231 - INFO - Calling inventory_service for stock check, skus: ['b2926dc2-cc6d-4c3e-ae40-7a127c173b16']
2026-05-17 17:35:16,251 - INFO - HTTP Request: GET http://localhost:8001/stock?skus=b2926dc2-cc6d-4c3e-ae40-7a127c173b16 "HTTP/1.1 200 OK"
2026-05-17 17:35:16,256 - INFO - Called inventory_service, response: {'stocks': {'b2926dc2-cc6d-4c3e-ae40-7a127c173b16': 8}, 'total_input_tokens': 0, 'total_output_tokens': 0, 'total_llm_calls': 0}
2026-05-17 17:35:16,257 - INFO - Calling pricing_service, req: {'items': [{'product_id': 'b2926dc2-cc6d-4c3e-ae40-7a127c173b16', 'qty': 1}], 'promo_codes': []}
2026-05-17 17:35:16,271 - INFO - HTTP Request: POST http://localhost:8002/price "HTTP/1.1 200 OK"
2026-05-17 17:35:16,276 - INFO - Called pricing_service, req: {'items': [{'product_id': 'b2926dc2-cc6d-4c3e-ae40-7a127c173b16', 'qty': 1}], 'promo_codes': []}, response: {'items': [{'product_id': 'b2926dc2-cc6d-4c3e-ae40-7a127c173b16', 'qty': 1, 'unit_price': 200.0, 'line_total': 200.0, 'discounts': 0.0}], 'subtotal': 200.0, 'total_discount': 0.0, 'total': 200.0, 'currency': 'USD', 'total_input_tokens': 0, 'total_output_tokens': 0, 'total_llm_calls': 0}
2026-05-17 17:35:16,277 - INFO - Request for search_products successfully processed, query: looking for headphone with noise cancelling, result: query='looking for headphone with noise cancelling' results=[ProductSearchResultItem(sku='b2926dc2-cc6d-4c3e-ae40-7a127c173b16', name='Airpod', description='Noise cancelling headphone Airpod', price=200.0, score=1.875)] total_input_tokens=0 total_output_tokens=0 total_llm_calls=0
2026-05-17 17:35:16,928 - INFO - Request for search_products, query: looking for headphone with noise cancelling
2026-05-17 17:35:16,935 - INFO - Calling inventory_service for stock check, skus: ['b2926dc2-cc6d-4c3e-ae40-7a127c173b16']
2026-05-17 17:35:16,952 - INFO - HTTP Request: GET http://localhost:8001/stock?skus=b2926dc2-cc6d-4c3e-ae40-7a127c173b16 "HTTP/1.1 200 OK"
2026-05-17 17:35:16,955 - INFO - Called inventory_service, response: {'stocks': {'b2926dc2-cc6d-4c3e-ae40-7a127c173b16': 6}, 'total_input_tokens': 0, 'total_output_tokens': 0, 'total_llm_calls': 0}
2026-05-17 17:35:16,956 - INFO - Calling pricing_service, req: {'items': [{'product_id': 'b2926dc2-cc6d-4c3e-ae40-7a127c173b16', 'qty': 1}], 'promo_codes': []}
2026-05-17 17:35:16,979 - INFO - HTTP Request: POST http://localhost:8002/price "HTTP/1.1 200 OK"
2026-05-17 17:35:16,981 - INFO - Called pricing_service, req: {'items': [{'product_id': 'b2926dc2-cc6d-4c3e-ae40-7a127c173b16', 'qty': 1}], 'promo_codes': []}, response: {'items': [{'product_id': 'b2926dc2-cc6d-4c3e-ae40-7a127c173b16', 'qty': 1, 'unit_price': 200.0, 'line_total': 200.0, 'discounts': 0.0}], 'subtotal': 200.0, 'total_discount': 0.0, 'total': 200.0, 'currency': 'USD', 'total_input_tokens': 0, 'total_output_tokens': 0, 'total_llm_calls': 0}
2026-05-17 17:35:16,982 - INFO - Request for search_products successfully processed, query: looking for headphone with noise cancelling, result: query='looking for headphone with noise cancelling' results=[ProductSearchResultItem(sku='b2926dc2-cc6d-4c3e-ae40-7a127c173b16', name='Airpod', description='Noise cancelling headphone Airpod', price=200.0, score=1.875)] total_input_tokens=0 total_output_tokens=0 total_llm_calls=0
2026-05-17 17:35:17,527 - INFO - Request for search_products, query: looking for headphone with noise cancelling
2026-05-17 17:35:17,537 - INFO - Calling inventory_service for stock check, skus: ['b2926dc2-cc6d-4c3e-ae40-7a127c173b16']
2026-05-17 17:35:17,559 - INFO - HTTP Request: GET http://localhost:8001/stock?skus=b2926dc2-cc6d-4c3e-ae40-7a127c173b16 "HTTP/1.1 200 OK"
2026-05-17 17:35:17,565 - INFO - Called inventory_service, response: {'stocks': {'b2926dc2-cc6d-4c3e-ae40-7a127c173b16': 4}, 'total_input_tokens': 0, 'total_output_tokens': 0, 'total_llm_calls': 0}
2026-05-17 17:35:17,566 - INFO - Calling pricing_service, req: {'items': [{'product_id': 'b2926dc2-cc6d-4c3e-ae40-7a127c173b16', 'qty': 1}], 'promo_codes': []}
2026-05-17 17:35:17,587 - INFO - HTTP Request: POST http://localhost:8002/price "HTTP/1.1 200 OK"
2026-05-17 17:35:17,593 - INFO - Called pricing_service, req: {'items': [{'product_id': 'b2926dc2-cc6d-4c3e-ae40-7a127c173b16', 'qty': 1}], 'promo_codes': []}, response: {'items': [{'product_id': 'b2926dc2-cc6d-4c3e-ae40-7a127c173b16', 'qty': 1, 'unit_price': 200.0, 'line_total': 200.0, 'discounts': 0.0}], 'subtotal': 200.0, 'total_discount': 0.0, 'total': 200.0, 'currency': 'USD', 'total_input_tokens': 0, 'total_output_tokens': 0, 'total_llm_calls': 0}
2026-05-17 17:35:17,594 - INFO - Request for search_products successfully processed, query: looking for headphone with noise cancelling, result: query='looking for headphone with noise cancelling' results=[ProductSearchResultItem(sku='b2926dc2-cc6d-4c3e-ae40-7a127c173b16', name='Airpod', description='Noise cancelling headphone Airpod', price=200.0, score=1.875)] total_input_tokens=0 total_output_tokens=0 total_llm_calls=0
2026-05-17 17:35:18,777 - INFO - Request for search_products, query: looking for headphone with noise cancelling
2026-05-17 17:35:18,780 - INFO - Request for search_products, query: looking for headphone with noise cancelling
2026-05-17 17:35:18,782 - INFO - Request for search_products, query: looking for headphone with noise cancelling
2026-05-17 17:35:18,782 - INFO - Calling inventory_service for stock check, skus: ['b2926dc2-cc6d-4c3e-ae40-7a127c173b16']
2026-05-17 17:35:18,786 - INFO - Request for search_products, query: looking for headphone with noise cancelling
2026-05-17 17:35:18,790 - INFO - Calling inventory_service for stock check, skus: ['b2926dc2-cc6d-4c3e-ae40-7a127c173b16']
2026-05-17 17:35:18,797 - INFO - HTTP Request: GET http://localhost:8001/stock?skus=b2926dc2-cc6d-4c3e-ae40-7a127c173b16 "HTTP/1.1 200 OK"
2026-05-17 17:35:18,801 - INFO - Called inventory_service, response: {'stocks': {'b2926dc2-cc6d-4c3e-ae40-7a127c173b16': 0}, 'total_input_tokens': 0, 'total_output_tokens': 0, 'total_llm_calls': 0}
2026-05-17 17:35:18,801 - INFO - Calling pricing_service, req: {'items': [], 'promo_codes': []}
2026-05-17 17:35:18,805 - INFO - Request for search_products, query: looking for headphone with noise cancelling
2026-05-17 17:35:18,808 - INFO - Calling inventory_service for stock check, skus: ['b2926dc2-cc6d-4c3e-ae40-7a127c173b16']
2026-05-17 17:35:18,812 - INFO - Calling inventory_service for stock check, skus: ['b2926dc2-cc6d-4c3e-ae40-7a127c173b16']
2026-05-17 17:35:18,816 - INFO - HTTP Request: GET http://localhost:8001/stock?skus=b2926dc2-cc6d-4c3e-ae40-7a127c173b16 "HTTP/1.1 200 OK"
2026-05-17 17:35:18,822 - INFO - Called inventory_service, response: {'stocks': {'b2926dc2-cc6d-4c3e-ae40-7a127c173b16': 0}, 'total_input_tokens': 0, 'total_output_tokens': 0, 'total_llm_calls': 0}
2026-05-17 17:35:18,822 - INFO - Calling pricing_service, req: {'items': [], 'promo_codes': []}
2026-05-17 17:35:18,827 - INFO - HTTP Request: POST http://localhost:8002/price "HTTP/1.1 200 OK"
2026-05-17 17:35:18,831 - INFO - Called pricing_service, req: {'items': [], 'promo_codes': []}, response: {'items': [], 'subtotal': 0.0, 'total_discount': 0.0, 'total': 0.0, 'currency': 'USD', 'total_input_tokens': 0, 'total_output_tokens': 0, 'total_llm_calls': 0}
2026-05-17 17:35:18,831 - INFO - Request for search_products successfully processed, query: looking for headphone with noise cancelling, result: query='looking for headphone with noise cancelling' results=[] total_input_tokens=0 total_output_tokens=0 total_llm_calls=0
2026-05-17 17:35:18,832 - INFO - Calling inventory_service for stock check, skus: ['b2926dc2-cc6d-4c3e-ae40-7a127c173b16']
2026-05-17 17:35:18,836 - INFO - HTTP Request: GET http://localhost:8001/stock?skus=b2926dc2-cc6d-4c3e-ae40-7a127c173b16 "HTTP/1.1 200 OK"
2026-05-17 17:35:18,842 - INFO - Called inventory_service, response: {'stocks': {'b2926dc2-cc6d-4c3e-ae40-7a127c173b16': 0}, 'total_input_tokens': 0, 'total_output_tokens': 0, 'total_llm_calls': 0}
2026-05-17 17:35:18,843 - INFO - Calling pricing_service, req: {'items': [], 'promo_codes': []}
2026-05-17 17:35:18,853 - INFO - HTTP Request: GET http://localhost:8001/stock?skus=b2926dc2-cc6d-4c3e-ae40-7a127c173b16 "HTTP/1.1 200 OK"
2026-05-17 17:35:18,859 - INFO - Called inventory_service, response: {'stocks': {'b2926dc2-cc6d-4c3e-ae40-7a127c173b16': 0}, 'total_input_tokens': 0, 'total_output_tokens': 0, 'total_llm_calls': 0}
2026-05-17 17:35:18,859 - INFO - Calling pricing_service, req: {'items': [], 'promo_codes': []}
2026-05-17 17:35:18,863 - INFO - HTTP Request: GET http://localhost:8001/stock?skus=b2926dc2-cc6d-4c3e-ae40-7a127c173b16 "HTTP/1.1 200 OK"
2026-05-17 17:35:18,865 - INFO - Called inventory_service, response: {'stocks': {'b2926dc2-cc6d-4c3e-ae40-7a127c173b16': 0}, 'total_input_tokens': 0, 'total_output_tokens': 0, 'total_llm_calls': 0}
2026-05-17 17:35:18,866 - INFO - Calling pricing_service, req: {'items': [], 'promo_codes': []}
2026-05-17 17:35:18,868 - INFO - Request for search_products, query: looking for headphone with noise cancelling
2026-05-17 17:35:18,871 - INFO - HTTP Request: POST http://localhost:8002/price "HTTP/1.1 200 OK"
2026-05-17 17:35:18,873 - INFO - HTTP Request: POST http://localhost:8002/price "HTTP/1.1 200 OK"
2026-05-17 17:35:18,875 - INFO - Called pricing_service, req: {'items': [], 'promo_codes': []}, response: {'items': [], 'subtotal': 0.0, 'total_discount': 0.0, 'total': 0.0, 'currency': 'USD', 'total_input_tokens': 0, 'total_output_tokens': 0, 'total_llm_calls': 0}
2026-05-17 17:35:18,875 - INFO - Request for search_products successfully processed, query: looking for headphone with noise cancelling, result: query='looking for headphone with noise cancelling' results=[] total_input_tokens=0 total_output_tokens=0 total_llm_calls=0
2026-05-17 17:35:18,877 - INFO - Called pricing_service, req: {'items': [], 'promo_codes': []}, response: {'items': [], 'subtotal': 0.0, 'total_discount': 0.0, 'total': 0.0, 'currency': 'USD', 'total_input_tokens': 0, 'total_output_tokens': 0, 'total_llm_calls': 0}
2026-05-17 17:35:18,877 - INFO - Request for search_products successfully processed, query: looking for headphone with noise cancelling, result: query='looking for headphone with noise cancelling' results=[] total_input_tokens=0 total_output_tokens=0 total_llm_calls=0
2026-05-17 17:35:18,880 - INFO - Request for search_products, query: looking for headphone with noise cancelling
2026-05-17 17:35:18,882 - INFO - Calling inventory_service for stock check, skus: ['b2926dc2-cc6d-4c3e-ae40-7a127c173b16']
2026-05-17 17:35:18,889 - INFO - HTTP Request: POST http://localhost:8002/price "HTTP/1.1 200 OK"
2026-05-17 17:35:18,895 - INFO - Called pricing_service, req: {'items': [], 'promo_codes': []}, response: {'items': [], 'subtotal': 0.0, 'total_discount': 0.0, 'total': 0.0, 'currency': 'USD', 'total_input_tokens': 0, 'total_output_tokens': 0, 'total_llm_calls': 0}
2026-05-17 17:35:18,897 - INFO - Request for search_products successfully processed, query: looking for headphone with noise cancelling, result: query='looking for headphone with noise cancelling' results=[] total_input_tokens=0 total_output_tokens=0 total_llm_calls=0
2026-05-17 17:35:18,900 - INFO - HTTP Request: POST http://localhost:8002/price "HTTP/1.1 200 OK"
2026-05-17 17:35:18,902 - INFO - Called pricing_service, req: {'items': [], 'promo_codes': []}, response: {'items': [], 'subtotal': 0.0, 'total_discount': 0.0, 'total': 0.0, 'currency': 'USD', 'total_input_tokens': 0, 'total_output_tokens': 0, 'total_llm_calls': 0}
2026-05-17 17:35:18,903 - INFO - Request for search_products successfully processed, query: looking for headphone with noise cancelling, result: query='looking for headphone with noise cancelling' results=[] total_input_tokens=0 total_output_tokens=0 total_llm_calls=0
2026-05-17 17:35:18,904 - INFO - HTTP Request: GET http://localhost:8001/stock?skus=b2926dc2-cc6d-4c3e-ae40-7a127c173b16 "HTTP/1.1 200 OK"
2026-05-17 17:35:18,907 - INFO - Called inventory_service, response: {'stocks': {'b2926dc2-cc6d-4c3e-ae40-7a127c173b16': 0}, 'total_input_tokens': 0, 'total_output_tokens': 0, 'total_llm_calls': 0}
2026-05-17 17:35:18,907 - INFO - Calling pricing_service, req: {'items': [], 'promo_codes': []}
2026-05-17 17:35:18,909 - INFO - Calling inventory_service for stock check, skus: ['b2926dc2-cc6d-4c3e-ae40-7a127c173b16']
2026-05-17 17:35:18,921 - INFO - HTTP Request: GET http://localhost:8001/stock?skus=b2926dc2-cc6d-4c3e-ae40-7a127c173b16 "HTTP/1.1 200 OK"
2026-05-17 17:35:18,925 - INFO - Called inventory_service, response: {'stocks': {'b2926dc2-cc6d-4c3e-ae40-7a127c173b16': 0}, 'total_input_tokens': 0, 'total_output_tokens': 0, 'total_llm_calls': 0}
2026-05-17 17:35:18,925 - INFO - Calling pricing_service, req: {'items': [], 'promo_codes': []}
2026-05-17 17:35:18,928 - INFO - HTTP Request: POST http://localhost:8002/price "HTTP/1.1 200 OK"
2026-05-17 17:35:18,931 - INFO - Called pricing_service, req: {'items': [], 'promo_codes': []}, response: {'items': [], 'subtotal': 0.0, 'total_discount': 0.0, 'total': 0.0, 'currency': 'USD', 'total_input_tokens': 0, 'total_output_tokens': 0, 'total_llm_calls': 0}
2026-05-17 17:35:18,931 - INFO - Request for search_products successfully processed, query: looking for headphone with noise cancelling, result: query='looking for headphone with noise cancelling' results=[] total_input_tokens=0 total_output_tokens=0 total_llm_calls=0
2026-05-17 17:35:18,937 - INFO - HTTP Request: POST http://localhost:8002/price "HTTP/1.1 200 OK"
2026-05-17 17:35:18,939 - INFO - Called pricing_service, req: {'items': [], 'promo_codes': []}, response: {'items': [], 'subtotal': 0.0, 'total_discount': 0.0, 'total': 0.0, 'currency': 'USD', 'total_input_tokens': 0, 'total_output_tokens': 0, 'total_llm_calls': 0}
2026-05-17 17:35:18,941 - INFO - Request for search_products successfully processed, query: looking for headphone with noise cancelling, result: query='looking for headphone with noise cancelling' results=[] total_input_tokens=0 total_output_tokens=0 total_llm_calls=0
2026-08-17 16:12:35,299 - INFO - ProductSearch connected to mongo mongodb://localhost:27017/
2026-08-17 16:14:52,213 - INFO - Request for search_products, query: looking for headphone with noise cancelling under 300$
2026-08-17 16:14:52,221 - INFO - Calling inventory_service for stock check, skus: ['4cc0770f-91bc-4c0d-a26f-7b872f02ca94', 'b2926dc2-cc6d-4c3e-ae40-7a127c173b16']
2026-08-17 16:14:52,238 - INFO - HTTP Request: GET http://localhost:8001/stock?skus=4cc0770f-91bc-4c0d-a26f-7b872f02ca94,b2926dc2-cc6d-4c3e-ae40-7a127c173b16 "HTTP/1.1 200 OK"
2026-08-17 16:14:52,239 - INFO - Called inventory_service, response: {'stocks': {'4cc0770f-91bc-4c0d-a26f-7b872f02ca94': 10, 'b2926dc2-cc6d-4c3e-ae40-7a127c173b16': 0}, 'total_input_tokens': 0, 'total_output_tokens': 0, 'total_llm_calls': 0}
2026-08-17 16:14:52,239 - INFO - Calling pricing_service, req: {'items': [{'product_id': '4cc0770f-91bc-4c0d-a26f-7b872f02ca94', 'qty': 1}], 'promo_codes': []}
2026-08-17 16:14:52,248 - INFO - HTTP Request: POST http://localhost:8002/price "HTTP/1.1 200 OK"
2026-08-17 16:14:52,250 - INFO - Called pricing_service, req: {'items': [{'product_id': '4cc0770f-91bc-4c0d-a26f-7b872f02ca94', 'qty': 1}], 'promo_codes': []}, response: {'items': [{'product_id': '4cc0770f-91bc-4c0d-a26f-7b872f02ca94', 'qty': 1, 'unit_price': 250.0, 'line_total': 250.0, 'discounts': 0.0}], 'subtotal': 250.0, 'total_discount': 0.0, 'total': 250.0, 'currency': 'USD', 'total_input_tokens': 0, 'total_output_tokens': 0, 'total_llm_calls': 0}
2026-08-17 16:14:52,251 - INFO - Request for search_products successfully processed, query: looking for headphone with noise cancelling under 300$, result: query='looking for headphone with noise cancelling under 300$' results=[ProductSearchResultItem(sku='4cc0770f-91bc-4c0d-a26f-7b872f02ca94', name='Noise Cancelling Headphones', description='Premium wireless headphones with active noise cancelling under 300$', price=250.0, score=4.285714285714286)] total_input_tokens=0 total_output_tokens=0 total_llm_calls=0
2026-08-17 16:14:52,261 - INFO - Request for search_products, query: looking for headphone with noise cancelling under 300$
2026-08-17 16:14:52,265 - INFO - Calling inventory_service for stock check, skus: ['4cc0770f-91bc-4c0d-a26f-7b872f02ca94', 'b2926dc2-cc6d-4c3e-ae40-7a127c173b16']
2026-08-17 16:14:52,270 - INFO - HTTP Request: GET http://localhost:8001/stock?skus=4cc0770f-91bc-4c0d-a26f-7b872f02ca94,b2926dc2-cc6d-4c3e-ae40-7a127c173b16 "HTTP/1.1 200 OK"
2026-08-17 16:14:52,271 - INFO - Called inventory_service, response: {'stocks': {'4cc0770f-91bc-4c0d-a26f-7b872f02ca94': 10, 'b2926dc2-cc6d-4c3e-ae40-7a127c173b16': 0}, 'total_input_tokens': 0, 'total_output_tokens': 0, 'total_llm_calls': 0}
2026-08-17 16:14:52,271 - INFO - Calling pricing_service, req: {'items': [{'product_id': '4cc0770f-91bc-4c0d-a26f-7b872f02ca94', 'qty': 1}], 'promo_codes': []}
2026-08-17 16:14:52,274 - INFO - HTTP Request: POST http://localhost:8002/price "HTTP/1.1 200 OK"
2026-08-17 16:14:52,275 - INFO - Called pricing_service, req: {'items': [{'product_id': '4cc0770f-91bc-4c0d-a26f-7b872f02ca94', 'qty': 1}], 'promo_codes': []}, response: {'items': [{'product_id': '4cc0770f-91bc-4c0d-a26f-7b872f02ca94', 'qty': 1, 'unit_price': 250.0, 'line_total': 250.0, 'discounts': 0.0}], 'subtotal': 250.0, 'total_discount': 0.0, 'total': 250.0, 'currency': 'USD', 'total_input_tokens': 0, 'total_output_tokens': 0, 'total_llm_calls': 0}
2026-08-17 16:14:52,275 - INFO - Request for search_products successfully processed, query: looking for headphone with noise cancelling under 300$, result: query='looking for headphone with noise cancelling under 300$' results=[ProductSearchResultItem(sku='4cc0770f-91bc-4c0d-a26f-7b872f02ca94', name='Noise Cancelling Headphones', description='Premium wireless headphones with active noise cancelling under 300$', price=250.0, score=4.285714285714286)] total_input_tokens=0 total_output_tokens=0 total_llm_calls=0
2026-08-17 16:14:52,287 - INFO - Request for search_products, query: looking for headphone with noise cancelling under 300$
2026-08-17 16:14:52,289 - INFO - Calling inventory_service for stock check, skus: ['4cc0770f-91bc-4c0d-a26f-7b872f02ca94', 'b2926dc2-cc6d-4c3e-ae40-7a127c173b16']
2026-08-17 16:14:52,298 - INFO - HTTP Request: GET http://localhost:8001/stock?skus=4cc0770f-91bc-4c0d-a26f-7b872f02ca94,b2926dc2-cc6d-4c3e-ae40-7a127c173b16 "HTTP/1.1 200 OK"
2026-08-17 16:14:52,299 - INFO - Called inventory_service, response: {'stocks': {'4cc0770f-91bc-4c0d-a26f-7b872f02ca94': 10, 'b2926dc2-cc6d-4c3e-ae40-7a127c173b16': 0}, 'total_input_tokens': 0, 'total_output_tokens': 0, 'total_llm_calls': 0}
2026-08-17 16:14:52,299 - INFO - Calling pricing_service, req: {'items': [{'product_id': '4cc0770f-91bc-4c0d-a26f-7b872f02ca94', 'qty': 1}], 'promo_codes': []}
2026-08-17 16:14:52,303 - INFO - HTTP Request: POST http://localhost:8002/price "HTTP/1.1 200 OK"
2026-08-17 16:14:52,303 - INFO - Called pricing_service, req: {'items': [{'product_id': '4cc0770f-91bc-4c0d-a26f-7b872f02ca94', 'qty': 1}], 'promo_codes': []}, response: {'items': [{'product_id': '4cc0770f-91bc-4c0d-a26f-7b872f02ca94', 'qty': 1, 'unit_price': 250.0, 'line_total': 250.0, 'discounts': 0.0}], 'subtotal': 250.0, 'total_discount': 0.0, 'total': 250.0, 'currency': 'USD', 'total_input_tokens': 0, 'total_output_tokens': 0, 'total_llm_calls': 0}
2026-08-17 16:14:52,303 - INFO - Request for search_products successfully processed, query: looking for headphone with noise cancelling under 300$, result: query='looking for headphone with noise cancelling under 300$' results=[ProductSearchResultItem(sku='4cc0770f-91bc-4c0d-a26f-7b872f02ca94', name='Noise Cancelling Headphones', description='Premium wireless headphones with active noise cancelling under 300$', price=250.0, score=4.285714285714286)] total_input_tokens=0 total_output_tokens=0 total_llm_calls=0
2026-08-17 16:14:52,314 - INFO - Request for search_products, query: looking for headphone with noise cancelling under 300$
2026-08-17 16:14:52,318 - INFO - Calling inventory_service for stock check, skus: ['4cc0770f-91bc-4c0d-a26f-7b872f02ca94', 'b2926dc2-cc6d-4c3e-ae40-7a127c173b16']
2026-08-17 16:14:52,324 - INFO - HTTP Request: GET http://localhost:8001/stock?skus=4cc0770f-91bc-4c0d-a26f-7b872f02ca94,b2926dc2-cc6d-4c3e-ae40-7a127c173b16 "HTTP/1.1 200 OK"
2026-08-17 16:14:52,324 - INFO - Called inventory_service, response: {'stocks': {'4cc0770f-91bc-4c0d-a26f-7b872f02ca94': 10, 'b2926dc2-cc6d-4c3e-ae40-7a127c173b16': 0}, 'total_input_tokens': 0, 'total_output_tokens': 0, 'total_llm_calls': 0}
2026-08-17 16:14:52,325 - INFO - Calling pricing_service, req: {'items': [{'product_id': '4cc0770f-91bc-4c0d-a26f-7b872f02ca94', 'qty': 1}], 'promo_codes': []}
2026-08-17 16:14:52,329 - INFO - HTTP Request: POST http://localhost:8002/price "HTTP/1.1 200 OK"
2026-08-17 16:14:52,330 - INFO - Called pricing_service, req: {'items': [{'product_id': '4cc0770f-91bc-4c0d-a26f-7b872f02ca94', 'qty': 1}], 'promo_codes': []}, response: {'items': [{'product_id': '4cc0770f-91bc-4c0d-a26f-7b872f02ca94', 'qty': 1, 'unit_price': 250.0, 'line_total': 250.0, 'discounts': 0.0}], 'subtotal': 250.0, 'total_discount': 0.0, 'total': 250.0, 'currency': 'USD', 'total_input_tokens': 0, 'total_output_tokens': 0, 'total_llm_calls': 0}
2026-08-17 16:14:52,331 - INFO - Request for search_products successfully processed, query: looking for headphone with noise cancelling under 300$, result: query='looking for headphone with noise cancelling under 300$' results=[ProductSearchResultItem(sku='4cc0770f-91bc-4c0d-a26f-7b872f02ca94', name='Noise Cancelling Headphones', description='Premium wireless headphones with active noise cancelling under 300$', price=250.0, score=4.285714285714286)] total_input_tokens=0 total_output_tokens=0 total_llm_calls=0
2026-08-17 16:14:52,340 - INFO - Request for search_products, query: looking for headphone with noise cancelling under 300$
2026-08-17 16:14:52,343 - INFO - Calling inventory_service for stock check, skus: ['4cc0770f-91bc-4c0d-a26f-7b872f02ca94', 'b2926dc2-cc6d-4c3e-ae40-7a127c173b16']
2026-08-17 16:14:52,349 - INFO - HTTP Request: GET http://localhost:8001/stock?skus=4cc0770f-91bc-4c0d-a26f-7b872f02ca94,b2926dc2-cc6d-4c3e-ae40-7a127c173b16 "HTTP/1.1 200 OK"
2026-08-17 16:14:52,350 - INFO - Called inventory_service, response: {'stocks': {'4cc0770f-91bc-4c0d-a26f-7b872f02ca94': 10, 'b2926dc2-cc6d-4c3e-ae40-7a127c173b16': 0}, 'total_input_tokens': 0, 'total_output_tokens': 0, 'total_llm_calls': 0}
2026-08-17 16:14:52,350 - INFO - Calling pricing_service, req: {'items': [{'product_id': '4cc0770f-91bc-4c0d-a26f-7b872f02ca94', 'qty': 1}], 'promo_codes': []}
2026-08-17 16:14:52,354 - INFO - HTTP Request: POST http://localhost:8002/price "HTTP/1.1 200 OK"
2026-08-17 16:14:52,355 - INFO - Called pricing_service, req: {'items': [{'product_id': '4cc0770f-91bc-4c0d-a26f-7b872f02ca94', 'qty': 1}], 'promo_codes': []}, response: {'items': [{'product_id': '4cc0770f-91bc-4c0d-a26f-7b872f02ca94', 'qty': 1, 'unit_price': 250.0, 'line_total': 250.0, 'discounts': 0.0}], 'subtotal': 250.0, 'total_discount': 0.0, 'total': 250.0, 'currency': 'USD', 'total_input_tokens': 0, 'total_output_tokens': 0, 'total_llm_calls': 0}
2026-08-17 16:14:52,355 - INFO - Request for search_products successfully processed, query: looking for headphone with noise cancelling under 300$, result: query='looking for headphone with noise cancelling under 300$' results=[ProductSearchResultItem(sku='4cc0770f-91bc-4c0d-a26f-7b872f02ca94', name='Noise Cancelling Headphones', description='Premium wireless headphones with active noise cancelling under 300$', price=250.0, score=4.285714285714286)] total_input_tokens=0 total_output_tokens=0 total_llm_calls=0
2026-08-17 16:14:52,363 - INFO - Request for search_products, query: looking for headphone with noise cancelling under 300$
2026-08-17 16:14:52,365 - INFO - Calling inventory_service for stock check, skus: ['4cc0770f-91bc-4c0d-a26f-7b872f02ca94', 'b2926dc2-cc6d-4c3e-ae40-7a127c173b16']
2026-08-17 16:14:52,369 - INFO - HTTP Request: GET http://localhost:8001/stock?skus=4cc0770f-91bc-4c0d-a26f-7b872f02ca94,b2926dc2-cc6d-4c3e-ae40-7a127c173b16 "HTTP/1.1 200 OK"
2026-08-17 16:14:52,370 - INFO - Called inventory_service, response: {'stocks': {'4cc0770f-91bc-4c0d-a26f-7b872f02ca94': 10, 'b2926dc2-cc6d-4c3e-ae40-7a127c173b16': 0}, 'total_input_tokens': 0, 'total_output_tokens': 0, 'total_llm_calls': 0}
2026-08-17 16:14:52,370 - INFO - Calling pricing_service, req: {'items': [{'product_id': '4cc0770f-91bc-4c0d-a26f-7b872f02ca94', 'qty': 1}], 'promo_codes': []}
2026-08-17 16:14:52,374 - INFO - HTTP Request: POST http://localhost:8002/price "HTTP/1.1 200 OK"
2026-08-17 16:14:52,374 - INFO - Called pricing_service, req: {'items': [{'product_id': '4cc0770f-91bc-4c0d-a26f-7b872f02ca94', 'qty': 1}], 'promo_codes': []}, response: {'items': [{'product_id': '4cc0770f-91bc-4c0d-a26f-7b872f02ca94', 'qty': 1, 'unit_price': 250.0, 'line_total': 250.0, 'discounts': 0.0}], 'subtotal': 250.0, 'total_discount': 0.0, 'total': 250.0, 'currency': 'USD', 'total_input_tokens': 0, 'total_output_tokens': 0, 'total_llm_calls': 0}
2026-08-17 16:14:52,374 - INFO - Request for search_products successfully processed, query: looking for headphone with noise cancelling under 300$, result: query='looking for headphone with noise cancelling under 300$' results=[ProductSearchResultItem(sku='4cc0770f-91bc-4c0d-a26f-7b872f02ca94', name='Noise Cancelling Headphones', description='Premium wireless headphones with active noise cancelling under 300$', price=250.0, score=4.285714285714286)] total_input_tokens=0 total_output_tokens=0 total_llm_calls=0
2026-08-17 16:14:52,382 - INFO - Request for search_products, query: looking for headphone with noise cancelling under 300$
2026-08-17 16:14:52,384 - INFO - Calling inventory_service for stock check, skus: ['4cc0770f-91bc-4c0d-a26f-7b872f02ca94', 'b2926dc2-cc6d-4c3e-ae40-7a127c173b16']
2026-08-17 16:14:52,388 - INFO - HTTP Request: GET http://localhost:8001/stock?skus=4cc0770f-91bc-4c0d-a26f-7b872f02ca94,b2926dc2-cc6d-4c3e-ae40-7a127c173b16 "HTTP/1.1 200 OK"
2026-08-17 16:14:52,389 - INFO - Called inventory_service, response: {'stocks': {'4cc0770f-91bc-4c0d-a26f-7b872f02ca94': 10, 'b2926dc2-cc6d-4c3e-ae40-7a127c173b16': 0}, 'total_input_tokens': 0, 'total_output_tokens': 0, 'total_llm_calls': 0}
2026-08-17 16:14:52,389 - INFO - Calling pricing_service, req: {'items': [{'product_id': '4cc0770f-91bc-4c0d-a26f-7b872f02ca94', 'qty': 1}], 'promo_codes': []}
2026-08-17 16:14:52,393 - INFO - HTTP Request: POST http://localhost:8002/price "HTTP/1.1 200 OK"
2026-08-17 16:14:52,393 - INFO - Called pricing_service, req: {'items': [{'product_id': '4cc0770f-91bc-4c0d-a26f-7b872f02ca94', 'qty': 1}], 'promo_codes': []}, response: {'items': [{'product_id': '4cc0770f-91bc-4c0d-a26f-7b872f02ca94', 'qty': 1, 'unit_price': 250.0, 'line_total': 250.0, 'discounts': 0.0}], 'subtotal': 250.0, 'total_discount': 0.0, 'total': 250.0, 'currency': 'USD', 'total_input_tokens': 0, 'total_output_tokens': 0, 'total_llm_calls': 0}
2026-08-17 16:14:52,394 - INFO - Request for search_products successfully processed, query: looking for headphone with noise cancelling under 300$, result: query='looking for headphone with noise cancelling under 300$' results=[ProductSearchResultItem(sku='4cc0770f-91bc-4c0d-a26f-7b872f02ca94', name='Noise Cancelling Headphones', description='Premium wireless headphones with active noise cancelling under 300$', price=250.0, score=4.285714285714286)] total_input_tokens=0 total_output_tokens=0 total_llm_calls=0
2026-08-17 16:14:52,402 - INFO - Request for search_products, query: looking for headphone with noise cancelling under 300$
2026-08-17 16:14:52,403 - INFO - Calling inventory_service for stock check, skus: ['4cc0770f-91bc-4c0d-a26f-7b872f02ca94', 'b2926dc2-cc6d-4c3e-ae40-7a127c173b16']
2026-08-17 16:14:52,407 - INFO - HTTP Request: GET http://localhost:8001/stock?skus=4cc0770f-91bc-4c0d-a26f-7b872f02ca94,b2926dc2-cc6d-4c3e-ae40-7a127c173b16 "HTTP/1.1 200 OK"
2026-08-17 16:14:52,408 - INFO - Called inventory_service, response: {'stocks': {'4cc0770f-91bc-4c0d-a26f-7b872f02ca94': 10, 'b2926dc2-cc6d-4c3e-ae40-7a127c173b16': 0}, 'total_input_tokens': 0, 'total_output_tokens': 0, 'total_llm_calls': 0}
2026-08-17 16:14:52,408 - INFO - Calling pricing_service, req: {'items': [{'product_id': '4cc0770f-91bc-4c0d-a26f-7b872f02ca94', 'qty': 1}], 'promo_codes': []}
2026-08-17 16:14:52,412 - INFO - HTTP Request: POST http://localhost:8002/price "HTTP/1.1 200 OK"
2026-08-17 16:14:52,413 - INFO - Called pricing_service, req: {'items': [{'product_id': '4cc0770f-91bc-4c0d-a26f-7b872f02ca94', 'qty': 1}], 'promo_codes': []}, response: {'items': [{'product_id': '4cc0770f-91bc-4c0d-a26f-7b872f02ca94', 'qty': 1, 'unit_price': 250.0, 'line_total': 250.0, 'discounts': 0.0}], 'subtotal': 250.0, 'total_discount': 0.0, 'total': 250.0, 'currency': 'USD', 'total_input_tokens': 0, 'total_output_tokens': 0, 'total_llm_calls': 0}
2026-08-17 16:14:52,413 - INFO - Request for search_products successfully processed, query: looking for headphone with noise cancelling under 300$, result: query='looking for headphone with noise cancelling under 300$' results=[ProductSearchResultItem(sku='4cc0770f-91bc-4c0d-a26f-7b872f02ca94', name='Noise Cancelling Headphones', description='Premium wireless headphones with active noise cancelling under 300$', price=250.0, score=4.285714285714286)] total_input_tokens=0 total_output_tokens=0 total_llm_calls=0
2026-08-17 16:14:52,421 - INFO - Request for search_products, query: looking for headphone with noise cancelling under 300$
2026-08-17 16:14:52,422 - INFO - Calling inventory_service for stock check, skus: ['4cc0770f-91bc-4c0d-a26f-7b872f02ca94', 'b2926dc2-cc6d-4c3e-ae40-7a127c173b16']
2026-08-17 16:14:52,430 - INFO - HTTP Request: GET http://localhost:8001/stock?skus=4cc0770f-91bc-4c0d-a26f-7b872f02ca94,b2926dc2-cc6d-4c3e-ae40-7a127c173b16 "HTTP/1.1 200 OK"
2026-08-17 16:14:52,431 - INFO - Called inventory_service, response: {'stocks': {'4cc0770f-91bc-4c0d-a26f-7b872f02ca94': 10, 'b2926dc2-cc6d-4c3e-ae40-7a127c173b16': 0}, 'total_input_tokens': 0, 'total_output_tokens': 0, 'total_llm_calls': 0}
2026-08-17 16:14:52,432 - INFO - Calling pricing_service, req: {'items': [{'product_id': '4cc0770f-91bc-4c0d-a26f-7b872f02ca94', 'qty': 1}], 'promo_codes': []}
2026-08-17 16:14:52,436 - INFO - HTTP Request: POST http://localhost:8002/price "HTTP/1.1 200 OK"
2026-08-17 16:14:52,437 - INFO - Called pricing_service, req: {'items': [{'product_id': '4cc0770f-91bc-4c0d-a26f-7b872f02ca94', 'qty': 1}], 'promo_codes': []}, response: {'items': [{'product_id': '4cc0770f-91bc-4c0d-a26f-7b872f02ca94', 'qty': 1, 'unit_price': 250.0, 'line_total': 250.0, 'discounts': 0.0}], 'subtotal': 250.0, 'total_discount': 0.0, 'total': 250.0, 'currency': 'USD', 'total_input_tokens': 0, 'total_output_tokens': 0, 'total_llm_calls': 0}
2026-08-17 16:14:52,437 - INFO - Request for search_products successfully processed, query: looking for headphone with noise cancelling under 300$, result: query='looking for headphone with noise cancelling under 300$' results=[ProductSearchResultItem(sku='4cc0770f-91bc-4c0d-a26f-7b872f02ca94', name='Noise Cancelling Headphones', description='Premium wireless headphones with active noise cancelling under 300$', price=250.0, score=4.285714285714286)] total_input_tokens=0 total_output_tokens=0 total_llm_calls=0
2026-08-17 16:14:52,448 - INFO - Request for search_products, query: looking for headphone with noise cancelling under 300$
2026-08-17 16:14:52,449 - INFO - Calling inventory_service for stock check, skus: ['4cc0770f-91bc-4c0d-a26f-7b872f02ca94', 'b2926dc2-cc6d-4c3e-ae40-7a127c173b16']
2026-08-17 16:14:52,455 - INFO - HTTP Request: GET http://localhost:8001/stock?skus=4cc0770f-91bc-4c0d-a26f-7b872f02ca94,b2926dc2-cc6d-4c3e-ae40-7a127c173b16 "HTTP/1.1 200 OK"
2026-08-17 16:14:52,456 - INFO - Called inventory_service, response: {'stocks': {'4cc0770f-91bc-4c0d-a26f-7b872f02ca94': 10, 'b2926dc2-cc6d-4c3e-ae40-7a127c173b16': 0}, 'total_input_tokens': 0, 'total_output_tokens': 0, 'total_llm_calls': 0}
2026-08-17 16:14:52,456 - INFO - Calling pricing_service, req: {'items': [{'product_id': '4cc0770f-91bc-4c0d-a26f-7b872f02ca94', 'qty': 1}], 'promo_codes': []}
2026-08-17 16:14:52,461 - INFO - HTTP Request: POST http://localhost:8002/price "HTTP/1.1 200 OK"
2026-08-17 16:14:52,462 - INFO - Called pricing_service, req: {'items': [{'product_id': '4cc0770f-91bc-4c0d-a26f-7b872f02ca94', 'qty': 1}], 'promo_codes': []}, response: {'items': [{'product_id': '4cc0770f-91bc-4c0d-a26f-7b872f02ca94', 'qty': 1, 'unit_price': 250.0, 'line_total': 250.0, 'discounts': 0.0}], 'subtotal': 250.0, 'total_discount': 0.0, 'total': 250.0, 'currency': 'USD', 'total_input_tokens': 0, 'total_output_tokens': 0, 'total_llm_calls': 0}
2026-08-17 16:14:52,462 - INFO - Request for search_products successfully processed, query: looking for headphone with noise cancelling under 300$, result: query='looking for headphone with noise cancelling under 300$' results=[ProductSearchResultItem(sku='4cc0770f-91bc-4c0d-a26f-7b872f02ca94', name='Noise Cancelling Headphones', description='Premium wireless headphones with active noise cancelling under 300$', price=250.0, score=4.285714285714286)] total_input_tokens=0 total_output_tokens=0 total_llm_calls=0
2026-08-17 16:14:59,439 - INFO - Request for search_products, query: looking for headphone with noise cancelling under 300$
2026-08-17 16:14:59,442 - INFO - Calling inventory_service for stock check, skus: ['4cc0770f-91bc-4c0d-a26f-7b872f02ca94', 'b2926dc2-cc6d-4c3e-ae40-7a127c173b16']
2026-08-17 16:14:59,452 - INFO - HTTP Request: GET http://localhost:8001/stock?skus=4cc0770f-91bc-4c0d-a26f-7b872f02ca94,b2926dc2-cc6d-4c3e-ae40-7a127c173b16 "HTTP/1.1 200 OK"
2026-08-17 16:14:59,453 - INFO - Called inventory_service, response: {'stocks': {'4cc0770f-91bc-4c0d-a26f-7b872f02ca94': 10, 'b2926dc2-cc6d-4c3e-ae40-7a127c173b16': 0}, 'total_input_tokens': 0, 'total_output_tokens': 0, 'total_llm_calls': 0}
2026-08-17 16:14:59,453 - INFO - Calling pricing_service, req: {'items': [{'product_id': '4cc0770f-91bc-4c0d-a26f-7b872f02ca94', 'qty': 1}], 'promo_codes': []}
2026-08-17 16:14:59,458 - INFO - HTTP Request: POST http://localhost:8002/price "HTTP/1.1 200 OK"
2026-08-17 16:14:59,461 - INFO - Called pricing_service, req: {'items': [{'product_id': '4cc0770f-91bc-4c0d-a26f-7b872f02ca94', 'qty': 1}], 'promo_codes': []}, response: {'items': [{'product_id': '4cc0770f-91bc-4c0d-a26f-7b872f02ca94', 'qty': 1, 'unit_price': 250.0, 'line_total': 250.0, 'discounts': 0.0}], 'subtotal': 250.0, 'total_discount': 0.0, 'total': 250.0, 'currency': 'USD', 'total_input_tokens': 0, 'total_output_tokens': 0, 'total_llm_calls': 0}
2026-08-17 16:14:59,461 - INFO - Request for search_products successfully processed, query: looking for headphone with noise cancelling under 300$, result: query='looking for headphone with noise cancelling under 300$' results=[ProductSearchResultItem(sku='4cc0770f-91bc-4c0d-a26f-7b872f02ca94', name='Noise Cancelling Headphones', description='Premium wireless headphones with active noise cancelling under 300$', price=250.0, score=4.285714285714286)] total_input_tokens=0 total_output_tokens=0 total_llm_calls=0
2026-08-17 16:14:59,470 - INFO - Request for search_products, query: looking for headphone with noise cancelling under 300$
2026-08-17 16:14:59,472 - INFO - Calling inventory_service for stock check, skus: ['4cc0770f-91bc-4c0d-a26f-7b872f02ca94', 'b2926dc2-cc6d-4c3e-ae40-7a127c173b16']
2026-08-17 16:14:59,478 - INFO - HTTP Request: GET http://localhost:8001/stock?skus=4cc0770f-91bc-4c0d-a26f-7b872f02ca94,b2926dc2-cc6d-4c3e-ae40-7a127c173b16 "HTTP/1.1 200 OK"
2026-08-17 16:14:59,479 - INFO - Called inventory_service, response: {'stocks': {'4cc0770f-91bc-4c0d-a26f-7b872f02ca94': 10, 'b2926dc2-cc6d-4c3e-ae40-7a127c173b16': 0}, 'total_input_tokens': 0, 'total_output_tokens': 0, 'total_llm_calls': 0}
2026-08-17 16:14:59,479 - INFO - Calling pricing_service, req: {'items': [{'product_id': '4cc0770f-91bc-4c0d-a26f-7b872f02ca94', 'qty': 1}], 'promo_codes': []}
2026-08-17 16:14:59,483 - INFO - HTTP Request: POST http://localhost:8002/price "HTTP/1.1 200 OK"
2026-08-17 16:14:59,483 - INFO - Called pricing_service, req: {'items': [{'product_id': '4cc0770f-91bc-4c0d-a26f-7b872f02ca94', 'qty': 1}], 'promo_codes': []}, response: {'items': [{'product_id': '4cc0770f-91bc-4c0d-a26f-7b872f02ca94', 'qty': 1, 'unit_price': 250.0, 'line_total': 250.0, 'discounts': 0.0}], 'subtotal': 250.0, 'total_discount': 0.0, 'total': 250.0, 'currency': 'USD', 'total_input_tokens': 0, 'total_output_tokens': 0, 'total_llm_calls': 0}
2026-08-17 16:14:59,483 - INFO - Request for search_products successfully processed, query: looking for headphone with noise cancelling under 300$, result: query='looking for headphone with noise cancelling under 300$' results=[ProductSearchResultItem(sku='4cc0770f-91bc-4c0d-a26f-7b872f02ca94', name='Noise Cancelling Headphones', description='Premium wireless headphones with active noise cancelling under 300$', price=250.0, score=4.285714285714286)] total_input_tokens=0 total_output_tokens=0 total_llm_calls=0
2026-08-17 16:14:59,491 - INFO - Request for search_products, query: looking for headphone with noise cancelling under 300$
2026-08-17 16:14:59,493 - INFO - Calling inventory_service for stock check, skus: ['4cc0770f-91bc-4c0d-a26f-7b872f02ca94', 'b2926dc2-cc6d-4c3e-ae40-7a127c173b16']
2026-08-17 16:14:59,499 - INFO - HTTP Request: GET http://localhost:8001/stock?skus=4cc0770f-91bc-4c0d-a26f-7b872f02ca94,b2926dc2-cc6d-4c3e-ae40-7a127c173b16 "HTTP/1.1 200 OK"
2026-08-17 16:14:59,500 - INFO - Called inventory_service, response: {'stocks': {'4cc0770f-91bc-4c0d-a26f-7b872f02ca94': 10, 'b2926dc2-cc6d-4c3e-ae40-7a127c173b16': 0}, 'total_input_tokens': 0, 'total_output_tokens': 0, 'total_llm_calls': 0}
2026-08-17 16:14:59,500 - INFO - Calling pricing_service, req: {'items': [{'product_id': '4cc0770f-91bc-4c0d-a26f-7b872f02ca94', 'qty': 1}], 'promo_codes': []}
2026-08-17 16:14:59,504 - INFO - HTTP Request: POST http://localhost:8002/price "HTTP/1.1 200 OK"
2026-08-17 16:14:59,505 - INFO - Called pricing_service, req: {'items': [{'product_id': '4cc0770f-91bc-4c0d-a26f-7b872f02ca94', 'qty': 1}], 'promo_codes': []}, response: {'items': [{'product_id': '4cc0770f-91bc-4c0d-a26f-7b872f02ca94', 'qty': 1, 'unit_price': 250.0, 'line_total': 250.0, 'discounts': 0.0}], 'subtotal': 250.0, 'total_discount': 0.0, 'total': 250.0, 'currency': 'USD', 'total_input_tokens': 0, 'total_output_tokens': 0, 'total_llm_calls': 0}
2026-08-17 16:14:59,505 - INFO - Request for search_products successfully processed, query: looking for headphone with noise cancelling under 300$, result: query='looking for headphone with noise cancelling under 300$' results=[ProductSearchResultItem(sku='4cc0770f-91bc-4c0d-a26f-7b872f02ca94', name='Noise Cancelling Headphones', description='Premium wireless headphones with active noise cancelling under 300$', price=250.0, score=4.285714285714286)] total_input_tokens=0 total_output_tokens=0 total_llm_calls=0
2026-08-17 16:14:59,513 - INFO - Request for search_products, query: looking for headphone with noise cancelling under 300$
2026-08-17 16:14:59,515 - INFO - Calling inventory_service for stock check, skus: ['4cc0770f-91bc-4c0d-a26f-7b872f02ca94', 'b2926dc2-cc6d-4c3e-ae40-7a127c173b16']
2026-08-17 16:14:59,519 - INFO - HTTP Request: GET http://localhost:8001/stock?skus=4cc0770f-91bc-4c0d-a26f-7b872f02ca94,b2926dc2-cc6d-4c3e-ae40-7a127c173b16 "HTTP/1.1 200 OK"
2026-08-17 16:14:59,519 - INFO - Called inventory_service, response: {'stocks': {'4cc0770f-91bc-4c0d-a26f-7b872f02ca94': 10, 'b2926dc2-cc6d-4c3e-ae40-7a127c173b16': 0}, 'total_input_tokens': 0, 'total_output_tokens': 0, 'total_llm_calls': 0}
2026-08-17 16:14:59,519 - INFO - Calling pricing_service, req: {'items': [{'product_id': '4cc0770f-91bc-4c0d-a26f-7b872f02ca94', 'qty': 1}], 'promo_codes': []}
2026-08-17 16:14:59,523 - INFO - HTTP Request: POST http://localhost:8002/price "HTTP/1.1 200 OK"
2026-08-17 16:14:59,524 - INFO - Called pricing_service, req: {'items': [{'product_id': '4cc0770f-91bc-4c0d-a26f-7b872f02ca94', 'qty': 1}], 'promo_codes': []}, response: {'items': [{'product_id': '4cc0770f-91bc-4c0d-a26f-7b872f02ca94', 'qty': 1, 'unit_price': 250.0, 'line_total': 250.0, 'discounts': 0.0}], 'subtotal': 250.0, 'total_discount': 0.0, 'total': 250.0, 'currency': 'USD', 'total_input_tokens': 0, 'total_output_tokens': 0, 'total_llm_calls': 0}
2026-08-17 16:14:59,524 - INFO - Request for search_products successfully processed, query: looking for headphone with noise cancelling under 300$, result: query='looking for headphone with noise cancelling under 300$' results=[ProductSearchResultItem(sku='4cc0770f-91bc-4c0d-a26f-7b872f02ca94', name='Noise Cancelling Headphones', description='Premium wireless headphones with active noise cancelling under 300$', price=250.0, score=4.285714285714286)] total_input_tokens=0 total_output_tokens=0 total_llm_calls=0
2026-08-17 16:14:59,532 - INFO - Request for search_products, query: looking for headphone with noise cancelling under 300$
2026-08-17 16:14:59,533 - INFO - Calling inventory_service for stock check, skus: ['4cc0770f-91bc-4c0d-a26f-7b872f02ca94', 'b2926dc2-cc6d-4c3e-ae40-7a127c173b16']
2026-08-17 16:14:59,537 - INFO - HTTP Request: GET http://localhost:8001/stock?skus=4cc0770f-91bc-4c0d-a26f-7b872f02ca94,b2926dc2-cc6d-4c3e-ae40-7a127c173b16 "HTTP/1.1 200 OK"
2026-08-17 16:14:59,538 - INFO - Called inventory_service, response: {'stocks': {'4cc0770f-91bc-4c0d-a26f-7b872f02ca94': 10, 'b2926dc2-cc6d-4c3e-ae40-7a127c173b16': 0}, 'total_input_tokens': 0, 'total_output_tokens': 0, 'total_llm_calls': 0}
2026-08-17 16:14:59,538 - INFO - Calling pricing_service, req: {'items': [{'product_id': '4cc0770f-91bc-4c0d-a26f-7b872f02ca94', 'qty': 1}], 'promo_codes': []}
2026-08-17 16:14:59,542 - INFO - HTTP Request: POST http://localhost:8002/price "HTTP/1.1 200 OK"
2026-08-17 16:14:59,543 - INFO - Called pricing_service, req: {'items': [{'product_id': '4cc0770f-91bc-4c0d-a26f-7b872f02ca94', 'qty': 1}], 'promo_codes': []}, response: {'items': [{'product_id': '4cc0770f-91bc-4c0d-a26f-7b872f02ca94', 'qty': 1, 'unit_price': 250.0, 'line_total': 250.0, 'discounts': 0.0}], 'subtotal': 250.0, 'total_discount': 0.0, 'total': 250.0, 'currency': 'USD', 'total_input_tokens': 0, 'total_output_tokens': 0, 'total_llm_calls': 0}
2026-08-17 16:14:59,543 - INFO - Request for search_products successfully processed, query: looking for headphone with noise cancelling under 300$, result: query='looking for headphone with noise cancelling under 300$' results=[ProductSearchResultItem(sku='4cc0770f-91bc-4c0d-a26f-7b872f02ca94', name='Noise Cancelling Headphones', description='Premium wireless headphones with active noise cancelling under 300$', price=250.0, score=4.285714285714286)] total_input_tokens=0 total_output_tokens=0 total_llm_calls=0
2026-08-17 16:14:59,552 - INFO - Request for search_products, query: looking for headphone with noise cancelling under 300$
2026-08-17 16:14:59,554 - INFO - Calling inventory_service for stock check, skus: ['4cc0770f-91bc-4c0d-a26f-7b872f02ca94', 'b2926dc2-cc6d-4c3e-ae40-7a127c173b16']
2026-08-17 16:14:59,559 - INFO - HTTP Request: GET http://localhost:8001/stock?skus=4cc0770f-91bc-4c0d-a26f-7b872f02ca94,b2926dc2-cc6d-4c3e-ae40-7a127c173b16 "HTTP/1.1 200 OK"
2026-08-17 16:14:59,559 - INFO - Called inventory_service, response: {'stocks': {'4cc0770f-91bc-4c0d-a26f-7b872f02ca94': 10, 'b2926dc2-cc6d-4c3e-ae40-7a127c173b16': 0}, 'total_input_tokens': 0, 'total_output_tokens': 0, 'total_llm_calls': 0}
2026-08-17 16:14:59,559 - INFO - Calling pricing_service, req: {'items': [{'product_id': '4cc0770f-91bc-4c0d-a26f-7b872f02ca94', 'qty': 1}], 'promo_codes': []}
2026-08-17 16:14:59,563 - INFO - HTTP Request: POST http://localhost:8002/price "HTTP/1.1 200 OK"
2026-08-17 16:14:59,564 - INFO - Called pricing_service, req: {'items': [{'product_id': '4cc0770f-91bc-4c0d-a26f-7b872f02ca94', 'qty': 1}], 'promo_codes': []}, response: {'items': [{'product_id': '4cc0770f-91bc-4c0d-a26f-7b872f02ca94', 'qty': 1, 'unit_price': 250.0, 'line_total': 250.0, 'discounts': 0.0}], 'subtotal': 250.0, 'total_discount': 0.0, 'total': 250.0, 'currency': 'USD', 'total_input_tokens': 0, 'total_output_tokens': 0, 'total_llm_calls': 0}
2026-08-17 16:14:59,564 - INFO - Request for search_products successfully processed, query: looking for headphone with noise cancelling under 300$, result: query='looking for headphone with noise cancelling under 300$' results=[ProductSearchResultItem(sku='4cc0770f-91bc-4c0d-a26f-7b872f02ca94', name='Noise Cancelling Headphones', description='Premium wireless headphones with active noise cancelling under 300$', price=250.0, score=4.285714285714286)] total_input_tokens=0 total_output_tokens=0 total_llm_calls=0
2026-08-17 16:14:59,571 - INFO - Request for search_products, query: looking for headphone with noise cancelling under 300$
2026-08-17 16:14:59,573 - INFO - Calling inventory_service for stock check, skus: ['4cc0770f-91bc-4c0d-a26f-7b872f02ca94', 'b2926dc2-cc6d-4c3e-ae40-7a127c173b16']
2026-08-17 16:14:59,578 - INFO - HTTP Request: GET http://localhost:8001/stock?skus=4cc0770f-91bc-4c0d-a26f-7b872f02ca94,b2926dc2-cc6d-4c3e-ae40-7a127c173b16 "HTTP/1.1 200 OK"
2026-08-17 16:14:59,579 - INFO - Called inventory_service, response: {'stocks': {'4cc0770f-91bc-4c0d-a26f-7b872f02ca94': 10, 'b2926dc2-cc6d-4c3e-ae40-7a127c173b16': 0}, 'total_input_tokens': 0, 'total_output_tokens': 0, 'total_llm_calls': 0}
2026-08-17 16:14:59,579 - INFO - Calling pricing_service, req: {'items': [{'product_id': '4cc0770f-91bc-4c0d-a26f-7b872f02ca94', 'qty': 1}], 'promo_codes': []}
2026-08-17 16:14:59,583 - INFO - HTTP Request: POST http://localhost:8002/price "HTTP/1.1 200 OK"
2026-08-17 16:14:59,583 - INFO - Called pricing_service, req: {'items': [{'product_id': '4cc0770f-91bc-4c0d-a26f-7b872f02ca94', 'qty': 1}], 'promo_codes': []}, response: {'items': [{'product_id': '4cc0770f-91bc-4c0d-a26f-7b872f02ca94', 'qty': 1, 'unit_price': 250.0, 'line_total': 250.0, 'discounts': 0.0}], 'subtotal': 250.0, 'total_discount': 0.0, 'total': 250.0, 'currency': 'USD', 'total_input_tokens': 0, 'total_output_tokens': 0, 'total_llm_calls': 0}
2026-08-17 16:14:59,583 - INFO - Request for search_products successfully processed, query: looking for headphone with noise cancelling under 300$, result: query='looking for headphone with noise cancelling under 300$' results=[ProductSearchResultItem(sku='4cc0770f-91bc-4c0d-a26f-7b872f02ca94', name='Noise Cancelling Headphones', description='Premium wireless headphones with active noise cancelling under 300$', price=250.0, score=4.285714285714286)] total_input_tokens=0 total_output_tokens=0 total_llm_calls=0
2026-08-17 16:14:59,591 - INFO - Request for search_products, query: looking for headphone with noise cancelling under 300$
2026-08-17 16:14:59,593 - INFO - Calling inventory_service for stock check, skus: ['4cc0770f-91bc-4c0d-a26f-7b872f02ca94', 'b2926dc2-cc6d-4c3e-ae40-7a127c173b16']
2026-08-17 16:14:59,598 - INFO - HTTP Request: GET http://localhost:8001/stock?skus=4cc0770f-91bc-4c0d-a26f-7b872f02ca94,b2926dc2-cc6d-4c3e-ae40-7a127c173b16 "HTTP/1.1 200 OK"
2026-08-17 16:14:59,598 - INFO - Called inventory_service, response: {'stocks': {'4cc0770f-91bc-4c0d-a26f-7b872f02ca94': 10, 'b2926dc2-cc6d-4c3e-ae40-7a127c173b16': 0}, 'total_input_tokens': 0, 'total_output_tokens': 0, 'total_llm_calls': 0}
2026-08-17 16:14:59,599 - INFO - Calling pricing_service, req: {'items': [{'product_id': '4cc0770f-91bc-4c0d-a26f-7b872f02ca94', 'qty': 1}], 'promo_codes': []}
2026-08-17 16:14:59,602 - INFO - HTTP Request: POST http://localhost:8002/price "HTTP/1.1 200 OK"
2026-08-17 16:14:59,603 - INFO - Called pricing_service, req: {'items': [{'product_id': '4cc0770f-91bc-4c0d-a26f-7b872f02ca94', 'qty': 1}], 'promo_codes': []}, response: {'items': [{'product_id': '4cc0770f-91bc-4c0d-a26f-7b872f02ca94', 'qty': 1, 'unit_price': 250.0, 'line_total': 250.0, 'discounts': 0.0}], 'subtotal': 250.0, 'total_discount': 0.0, 'total': 250.0, 'currency': 'USD', 'total_input_tokens': 0, 'total_output_tokens': 0, 'total_llm_calls': 0}
2026-08-17 16:14:59,603 - INFO - Request for search_products successfully processed, query: looking for headphone with noise cancelling under 300$, result: query='looking for headphone with noise cancelling under 300$' results=[ProductSearchResultItem(sku='4cc0770f-91bc-4c0d-a26f-7b872f02ca94', name='Noise Cancelling Headphones', description='Premium wireless headphones with active noise cancelling under 300$', price=250.0, score=4.285714285714286)] total_input_tokens=0 total_output_tokens=0 total_llm_calls=0
2026-08-17 16:14:59,611 - INFO - Request for search_products, query: looking for headphone with noise cancelling under 300$
2026-08-17 16:14:59,612 - INFO - Calling inventory_service for stock check, skus: ['4cc0770f-91bc-4c0d-a26f-7b872f02ca94', 'b2926dc2-cc6d-4c3e-ae40-7a127c173b16']
2026-08-17 16:14:59,617 - INFO - HTTP Request: GET http://localhost:8001/stock?skus=4cc0770f-91bc-4c0d-a26f-7b872f02ca94,b2926dc2-cc6d-4c3e-ae40-7a127c173b16 "HTTP/1.1 200 OK"
2026-08-17 16:14:59,617 - INFO - Called inventory_service, response: {'stocks': {'4cc0770f-91bc-4c0d-a26f-7b872f02ca94': 10, 'b2926dc2-cc6d-4c3e-ae40-7a127c173b16': 0}, 'total_input_tokens': 0, 'total_output_tokens': 0, 'total_llm_calls': 0}
2026-08-17 16:14:59,617 - INFO - Calling pricing_service, req: {'items': [{'product_id': '4cc0770f-91bc-4c0d-a26f-7b872f02ca94', 'qty': 1}], 'promo_codes': []}
2026-08-17 16:14:59,621 - INFO - HTTP Request: POST http://localhost:8002/price "HTTP/1.1 200 OK"
2026-08-17 16:14:59,622 - INFO - Called pricing_service, req: {'items': [{'product_id': '4cc0770f-91bc-4c0d-a26f-7b872f02ca94', 'qty': 1}], 'promo_codes': []}, response: {'items': [{'product_id': '4cc0770f-91bc-4c0d-a26f-7b872f02ca94', 'qty': 1, 'unit_price': 250.0, 'line_total': 250.0, 'discounts': 0.0}], 'subtotal': 250.0, 'total_discount': 0.0, 'total': 250.0, 'currency': 'USD', 'total_input_tokens': 0, 'total_output_tokens': 0, 'total_llm_calls': 0}
2026-08-17 16:14:59,622 - INFO - Request for search_products successfully processed, query: looking for headphone with noise cancelling under 300$, result: query='looking for headphone with noise cancelling under 300$' results=[ProductSearchResultItem(sku='4cc0770f-91bc-4c0d-a26f-7b872f02ca94', name='Noise Cancelling Headphones', description='Premium wireless headphones with active noise cancelling under 300$', price=250.0, score=4.285714285714286)] total_input_tokens=0 total_output_tokens=0 total_llm_calls=0
2026-08-17 16:14:59,630 - INFO - Request for search_products, query: looking for headphone with noise cancelling under 300$
2026-08-17 16:14:59,632 - INFO - Calling inventory_service for stock check, skus: ['4cc0770f-91bc-4c0d-a26f-7b872f02ca94', 'b2926dc2-cc6d-4c3e-ae40-7a127c173b16']
2026-08-17 16:14:59,636 - INFO - HTTP Request: GET http://localhost:8001/stock?skus=4cc0770f-91bc-4c0d-a26f-7b872f02ca94,b2926dc2-cc6d-4c3e-ae40-7a127c173b16 "HTTP/1.1 200 OK"
2026-08-17 16:14:59,636 - INFO - Called inventory_service, response: {'stocks': {'4cc0770f-91bc-4c0d-a26f-7b872f02ca94': 10, 'b2926dc2-cc6d-4c3e-ae40-7a127c173b16': 0}, 'total_input_tokens': 0, 'total_output_tokens': 0, 'total_llm_calls': 0}
2026-08-17 16:14:59,636 - INFO - Calling pricing_service, req: {'items': [{'product_id': '4cc0770f-91bc-4c0d-a26f-7b872f02ca94', 'qty': 1}], 'promo_codes': []}
2026-08-17 16:14:59,640 - INFO - HTTP Request: POST http://localhost:8002/price "HTTP/1.1 200 OK"
2026-08-17 16:14:59,641 - INFO - Called pricing_service, req: {'items': [{'product_id': '4cc0770f-91bc-4c0d-a26f-7b872f02ca94', 'qty': 1}], 'promo_codes': []}, response: {'items': [{'product_id': '4cc0770f-91bc-4c0d-a26f-7b872f02ca94', 'qty': 1, 'unit_price': 250.0, 'line_total': 250.0, 'discounts': 0.0}], 'subtotal': 250.0, 'total_discount': 0.0, 'total': 250.0, 'currency': 'USD', 'total_input_tokens': 0, 'total_output_tokens': 0, 'total_llm_calls': 0}
2026-08-17 16:14:59,641 - INFO - Request for search_products successfully processed, query: looking for headphone with noise cancelling under 300$, result: query='looking for headphone with noise cancelling under 300$' results=[ProductSearchResultItem(sku='4cc0770f-91bc-4c0d-a26f-7b872f02ca94', name='Noise Cancelling Headphones', description='Premium wireless headphones with active noise cancelling under 300$', price=250.0, score=4.285714285714286)] total_input_tokens=0 total_output_tokens=0 total_llm_calls=0
2026-08-17 16:14:59,649 - INFO - Request for search_products, query: looking for headphone with noise cancelling under 300$
2026-08-17 16:14:59,650 - INFO - Calling inventory_service for stock check, skus: ['4cc0770f-91bc-4c0d-a26f-7b872f02ca94', 'b2926dc2-cc6d-4c3e-ae40-7a127c173b16']
2026-08-17 16:14:59,655 - INFO - HTTP Request: GET http://localhost:8001/stock?skus=4cc0770f-91bc-4c0d-a26f-7b872f02ca94,b2926dc2-cc6d-4c3e-ae40-7a127c173b16 "HTTP/1.1 200 OK"
2026-08-17 16:14:59,655 - INFO - Called inventory_service, response: {'stocks': {'4cc0770f-91bc-4c0d-a26f-7b872f02ca94': 10, 'b2926dc2-cc6d-4c3e-ae40-7a127c173b16': 0}, 'total_input_tokens': 0, 'total_output_tokens': 0, 'total_llm_calls': 0}
2026-08-17 16:14:59,655 - INFO - Calling pricing_service, req: {'items': [{'product_id': '4cc0770f-91bc-4c0d-a26f-7b872f02ca94', 'qty': 1}], 'promo_codes': []}
2026-08-17 16:14:59,659 - INFO - HTTP Request: POST http://localhost:8002/price "HTTP/1.1 200 OK"
2026-08-17 16:14:59,660 - INFO - Called pricing_service, req: {'items': [{'product_id': '4cc0770f-91bc-4c0d-a26f-7b872f02ca94', 'qty': 1}], 'promo_codes': []}, response: {'items': [{'product_id': '4cc0770f-91bc-4c0d-a26f-7b872f02ca94', 'qty': 1, 'unit_price': 250.0, 'line_total': 250.0, 'discounts': 0.0}], 'subtotal': 250.0, 'total_discount': 0.0, 'total': 250.0, 'currency': 'USD', 'total_input_tokens': 0, 'total_output_tokens': 0, 'total_llm_calls': 0}
2026-08-17 16:14:59,660 - INFO - Request for search_products successfully processed, query: looking for headphone with noise cancelling under 300$, result: query='looking for headphone with noise cancelling under 300$' results=[ProductSearchResultItem(sku='4cc0770f-91bc-4c0d-a26f-7b872f02ca94', name='Noise Cancelling Headphones', description='Premium wireless headphones with active noise cancelling under 300$', price=250.0, score=4.285714285714286)] total_input_tokens=0 total_output_tokens=0 total_llm_calls=0
2026-08-17 16:14:59,668 - INFO - Request for search_products, query: looking for headphone with noise cancelling under 300$
2026-08-17 16:14:59,670 - INFO - Calling inventory_service for stock check, skus: ['4cc0770f-91bc-4c0d-a26f-7b872f02ca94', 'b2926dc2-cc6d-4c3e-ae40-7a127c173b16']
2026-08-17 16:14:59,674 - INFO - HTTP Request: GET http://localhost:8001/stock?skus=4cc0770f-91bc-4c0d-a26f-7b872f02ca94,b2926dc2-cc6d-4c3e-ae40-7a127c173b16 "HTTP/1.1 200 OK"
2026-08-17 16:14:59,675 - INFO - Called inventory_service, response: {'stocks': {'4cc0770f-91bc-4c0d-a26f-7b872f02ca94': 10, 'b2926dc2-cc6d-4c3e-ae40-7a127c173b16': 0}, 'total_input_tokens': 0, 'total_output_tokens': 0, 'total_llm_calls': 0}
2026-08-17 16:14:59,675 - INFO - Calling pricing_service, req: {'items': [{'product_id': '4cc0770f-91bc-4c0d-a26f-7b872f02ca94', 'qty': 1}], 'promo_codes': []}
2026-08-17 16:14:59,679 - INFO - HTTP Request: POST http://localhost:8002/price "HTTP/1.1 200 OK"
2026-08-17 16:14:59,680 - INFO - Called pricing_service, req: {'items': [{'product_id': '4cc0770f-91bc-4c0d-a26f-7b872f02ca94', 'qty': 1}], 'promo_codes': []}, response: {'items': [{'product_id': '4cc0770f-91bc-4c0d-a26f-7b872f02ca94', 'qty': 1, 'unit_price': 250.0, 'line_total': 250.0, 'discounts': 0.0}], 'subtotal': 250.0, 'total_discount': 0.0, 'total': 250.0, 'currency': 'USD', 'total_input_tokens': 0, 'total_output_tokens': 0, 'total_llm_calls': 0}
2026-08-17 16:14:59,680 - INFO - Request for search_products successfully processed, query: looking for headphone with noise cancelling under 300$, result: query='looking for headphone with noise cancelling under 300$' results=[ProductSearchResultItem(sku='4cc0770f-91bc-4c0d-a26f-7b872f02ca94', name='Noise Cancelling Headphones', description='Premium wireless headphones with active noise cancelling under 300$', price=250.0, score=4.285714285714286)] total_input_tokens=0 total_output_tokens=0 total_llm_calls=0
2026-08-17 16:14:59,688 - INFO - Request for search_products, query: looking for headphone with noise cancelling under 300$
2026-08-17 16:14:59,690 - INFO - Calling inventory_service for stock check, skus: ['4cc0770f-91bc-4c0d-a26f-7b872f02ca94', 'b2926dc2-cc6d-4c3e-ae40-7a127c173b16']
2026-08-17 16:14:59,694 - INFO - HTTP Request: GET http://localhost:8001/stock?skus=4cc0770f-91bc-4c0d-a26f-7b872f02ca94,b2926dc2-cc6d-4c3e-ae40-7a127c173b16 "HTTP/1.1 200 OK"
2026-08-17 16:14:59,695 - INFO - Called inventory_service, response: {'stocks': {'4cc0770f-91bc-4c0d-a26f-7b872f02ca94': 10, 'b2926dc2-cc6d-4c3e-ae40-7a127c173b16': 0}, 'total_input_tokens': 0, 'total_output_tokens': 0, 'total_llm_calls': 0}
2026-08-17 16:14:59,695 - INFO - Calling pricing_service, req: {'items': [{'product_id': '4cc0770f-91bc-4c0d-a26f-7b872f02ca94', 'qty': 1}], 'promo_codes': []}
2026-08-17 16:14:59,699 - INFO - HTTP Request: POST http://localhost:8002/price "HTTP/1.1 200 OK"
2026-08-17 16:14:59,700 - INFO - Called pricing_service, req: {'items': [{'product_id': '4cc0770f-91bc-4c0d-a26f-7b872f02ca94', 'qty': 1}], 'promo_codes': []}, response: {'items': [{'product_id': '4cc0770f-91bc-4c0d-a26f-7b872f02ca94', 'qty': 1, 'unit_price': 250.0, 'line_total': 250.0, 'discounts': 0.0}], 'subtotal': 250.0, 'total_discount': 0.0, 'total': 250.0, 'currency': 'USD', 'total_input_tokens': 0, 'total_output_tokens': 0, 'total_llm_calls': 0}
2026-08-17 16:14:59,700 - INFO - Request for search_products successfully processed, query: looking for headphone with noise cancelling under 300$, result: query='looking for headphone with noise cancelling under 300$' results=[ProductSearchResultItem(sku='4cc0770f-91bc-4c0d-a26f-7b872f02ca94', name='Noise Cancelling Headphones', description='Premium wireless headphones with active noise cancelling under 300$', price=250.0, score=4.285714285714286)] total_input_tokens=0 total_output_tokens=0 total_llm_calls=0
2026-08-17 16:14:59,708 - INFO - Request for search_products, query: looking for headphone with noise cancelling under 300$
2026-08-17 16:14:59,709 - INFO - Calling inventory_service for stock check, skus: ['4cc0770f-91bc-4c0d-a26f-7b872f02ca94', 'b2926dc2-cc6d-4c3e-ae40-7a127c173b16']
2026-08-17 16:14:59,714 - INFO - HTTP Request: GET http://localhost:8001/stock?skus=4cc0770f-91bc-4c0d-a26f-7b872f02ca94,b2926dc2-cc6d-4c3e-ae40-7a127c173b16 "HTTP/1.1 200 OK"
2026-08-17 16:14:59,714 - INFO - Called inventory_service, response: {'stocks': {'4cc0770f-91bc-4c0d-a26f-7b872f02ca94': 10, 'b2926dc2-cc6d-4c3e-ae40-7a127c173b16': 0}, 'total_input_tokens': 0, 'total_output_tokens': 0, 'total_llm_calls': 0}
2026-08-17 16:14:59,715 - INFO - Calling pricing_service, req: {'items': [{'product_id': '4cc0770f-91bc-4c0d-a26f-7b872f02ca94', 'qty': 1}], 'promo_codes': []}
2026-08-17 16:14:59,718 - INFO - HTTP Request: POST http://localhost:8002/price "HTTP/1.1 200 OK"
2026-08-17 16:14:59,719 - INFO - Called pricing_service, req: {'items': [{'product_id': '4cc0770f-91bc-4c0d-a26f-7b872f02ca94', 'qty': 1}], 'promo_codes': []}, response: {'items': [{'product_id': '4cc0770f-91bc-4c0d-a26f-7b872f02ca94', 'qty': 1, 'unit_price': 250.0, 'line_total': 250.0, 'discounts': 0.0}], 'subtotal': 250.0, 'total_discount': 0.0, 'total': 250.0, 'currency': 'USD', 'total_input_tokens': 0, 'total_output_tokens': 0, 'total_llm_calls': 0}
2026-08-17 16:14:59,719 - INFO - Request for search_products successfully processed, query: looking for headphone with noise cancelling under 300$, result: query='looking for headphone with noise cancelling under 300$' results=[ProductSearchResultItem(sku='4cc0770f-91bc-4c0d-a26f-7b872f02ca94', name='Noise Cancelling Headphones', description='Premium wireless headphones with active noise cancelling under 300$', price=250.0, score=4.285714285714286)] total_input_tokens=0 total_output_tokens=0 total_llm_calls=0
2026-08-17 16:14:59,728 - INFO - Request for search_products, query: looking for headphone with noise cancelling under 300$
2026-08-17 16:14:59,730 - INFO - Calling inventory_service for stock check, skus: ['4cc0770f-91bc-4c0d-a26f-7b872f02ca94', 'b2926dc2-cc6d-4c3e-ae40-7a127c173b16']
2026-08-17 16:14:59,734 - INFO - HTTP Request: GET http://localhost:8001/stock?skus=4cc0770f-91bc-4c0d-a26f-7b872f02ca94,b2926dc2-cc6d-4c3e-ae40-7a127c173b16 "HTTP/1.1 200 OK"
2026-08-17 16:14:59,735 - INFO - Called inventory_service, response: {'stocks': {'4cc0770f-91bc-4c0d-a26f-7b872f02ca94': 10, 'b2926dc2-cc6d-4c3e-ae40-7a127c173b16': 0}, 'total_input_tokens': 0, 'total_output_tokens': 0, 'total_llm_calls': 0}
2026-08-17 16:14:59,735 - INFO - Calling pricing_service, req: {'items': [{'product_id': '4cc0770f-91bc-4c0d-a26f-7b872f02ca94', 'qty': 1}], 'promo_codes': []}
2026-08-17 16:14:59,740 - INFO - HTTP Request: POST http://localhost:8002/price "HTTP/1.1 200 OK"
2026-08-17 16:14:59,741 - INFO - Called pricing_service, req: {'items': [{'product_id': '4cc0770f-91bc-4c0d-a26f-7b872f02ca94', 'qty': 1}], 'promo_codes': []}, response: {'items': [{'product_id': '4cc0770f-91bc-4c0d-a26f-7b872f02ca94', 'qty': 1, 'unit_price': 250.0, 'line_total': 250.0, 'discounts': 0.0}], 'subtotal': 250.0, 'total_discount': 0.0, 'total': 250.0, 'currency': 'USD', 'total_input_tokens': 0, 'total_output_tokens': 0, 'total_llm_calls': 0}
2026-08-17 16:14:59,741 - INFO - Request for search_products successfully processed, query: looking for headphone with noise cancelling under 300$, result: query='looking for headphone with noise cancelling under 300$' results=[ProductSearchResultItem(sku='4cc0770f-91bc-4c0d-a26f-7b872f02ca94', name='Noise Cancelling Headphones', description='Premium wireless headphones with active noise cancelling under 300$', price=250.0, score=4.285714285714286)] total_input_tokens=0 total_output_tokens=0 total_llm_calls=0
2026-08-17 16:14:59,751 - INFO - Request for search_products, query: looking for headphone with noise cancelling under 300$
2026-08-17 16:14:59,755 - INFO - Calling inventory_service for stock check, skus: ['4cc0770f-91bc-4c0d-a26f-7b872f02ca94', 'b2926dc2-cc6d-4c3e-ae40-7a127c173b16']
2026-08-17 16:14:59,763 - INFO - HTTP Request: GET http://localhost:8001/stock?skus=4cc0770f-91bc-4c0d-a26f-7b872f02ca94,b2926dc2-cc6d-4c3e-ae40-7a127c173b16 "HTTP/1.1 200 OK"
2026-08-17 16:14:59,765 - INFO - Called inventory_service, response: {'stocks': {'4cc0770f-91bc-4c0d-a26f-7b872f02ca94': 10, 'b2926dc2-cc6d-4c3e-ae40-7a127c173b16': 0}, 'total_input_tokens': 0, 'total_output_tokens': 0, 'total_llm_calls': 0}
2026-08-17 16:14:59,765 - INFO - Calling pricing_service, req: {'items': [{'product_id': '4cc0770f-91bc-4c0d-a26f-7b872f02ca94', 'qty': 1}], 'promo_codes': []}
2026-08-17 16:14:59,770 - INFO - HTTP Request: POST http://localhost:8002/price "HTTP/1.1 200 OK"
2026-08-17 16:14:59,771 - INFO - Called pricing_service, req: {'items': [{'product_id': '4cc0770f-91bc-4c0d-a26f-7b872f02ca94', 'qty': 1}], 'promo_codes': []}, response: {'items': [{'product_id': '4cc0770f-91bc-4c0d-a26f-7b872f02ca94', 'qty': 1, 'unit_price': 250.0, 'line_total': 250.0, 'discounts': 0.0}], 'subtotal': 250.0, 'total_discount': 0.0, 'total': 250.0, 'currency': 'USD', 'total_input_tokens': 0, 'total_output_tokens': 0, 'total_llm_calls': 0}
2026-08-17 16:14:59,771 - INFO - Request for search_products successfully processed, query: looking for headphone with noise cancelling under 300$, result: query='looking for headphone with noise cancelling under 300$' results=[ProductSearchResultItem(sku='4cc0770f-91bc-4c0d-a26f-7b872f02ca94', name='Noise Cancelling Headphones', description='Premium wireless headphones with active noise cancelling under 300$', price=250.0, score=4.285714285714286)] total_input_tokens=0 total_output_tokens=0 total_llm_calls=0
2026-08-17 16:14:59,780 - INFO - Request for search_products, query: looking for headphone with noise cancelling under 300$
2026-08-17 16:14:59,782 - INFO - Calling inventory_service for stock check, skus: ['4cc0770f-91bc-4c0d-a26f-7b872f02ca94', 'b2926dc2-cc6d-4c3e-ae40-7a127c173b16']
2026-08-17 16:14:59,787 - INFO - HTTP Request: GET http://localhost:8001/stock?skus=4cc0770f-91bc-4c0d-a26f-7b872f02ca94,b2926dc2-cc6d-4c3e-ae40-7a127c173b16 "HTTP/1.1 200 OK"
2026-08-17 16:14:59,788 - INFO - Called inventory_service, response: {'stocks': {'4cc0770f-91bc-4c0d-a26f-7b872f02ca94': 10, 'b2926dc2-cc6d-4c3e-ae40-7a127c173b16': 0}, 'total_input_tokens': 0, 'total_output_tokens': 0, 'total_llm_calls': 0}
2026-08-17 16:14:59,788 - INFO - Calling pricing_service, req: {'items': [{'product_id': '4cc0770f-91bc-4c0d-a26f-7b872f02ca94', 'qty': 1}], 'promo_codes': []}
2026-08-17 16:14:59,796 - INFO - HTTP Request: POST http://localhost:8002/price "HTTP/1.1 200 OK"
2026-08-17 16:14:59,797 - INFO - Called pricing_service, req: {'items': [{'product_id': '4cc0770f-91bc-4c0d-a26f-7b872f02ca94', 'qty': 1}], 'promo_codes': []}, response: {'items': [{'product_id': '4cc0770f-91bc-4c0d-a26f-7b872f02ca94', 'qty': 1, 'unit_price': 250.0, 'line_total': 250.0, 'discounts': 0.0}], 'subtotal': 250.0, 'total_discount': 0.0, 'total': 250.0, 'currency': 'USD', 'total_input_tokens': 0, 'total_output_tokens': 0, 'total_llm_calls': 0}
2026-08-17 16:14:59,798 - INFO - Request for search_products successfully processed, query: looking for headphone with noise cancelling under 300$, result: query='looking for headphone with noise cancelling under 300$' results=[ProductSearchResultItem(sku='4cc0770f-91bc-4c0d-a26f-7b872f02ca94', name='Noise Cancelling Headphones', description='Premium wireless headphones with active noise cancelling under 300$', price=250.0, score=4.285714285714286)] total_input_tokens=0 total_output_tokens=0 total_llm_calls=0
2026-08-17 16:14:59,807 - INFO - Request for search_products, query: looking for headphone with noise cancelling under 300$
2026-08-17 16:14:59,810 - INFO - Calling inventory_service for stock check, skus: ['4cc0770f-91bc-4c0d-a26f-7b872f02ca94', 'b2926dc2-cc6d-4c3e-ae40-7a127c173b16']
2026-08-17 16:14:59,814 - INFO - HTTP Request: GET http://localhost:8001/stock?skus=4cc0770f-91bc-4c0d-a26f-7b872f02ca94,b2926dc2-cc6d-4c3e-ae40-7a127c173b16 "HTTP/1.1 200 OK"
2026-08-17 16:14:59,815 - INFO - Called inventory_service, response: {'stocks': {'4cc0770f-91bc-4c0d-a26f-7b872f02ca94': 10, 'b2926dc2-cc6d-4c3e-ae40-7a127c173b16': 0}, 'total_input_tokens': 0, 'total_output_tokens': 0, 'total_llm_calls': 0}
2026-08-17 16:14:59,815 - INFO - Calling pricing_service, req: {'items': [{'product_id': '4cc0770f-91bc-4c0d-a26f-7b872f02ca94', 'qty': 1}], 'promo_codes': []}
2026-08-17 16:14:59,819 - INFO - HTTP Request: POST http://localhost:8002/price "HTTP/1.1 200 OK"
2026-08-17 16:14:59,819 - INFO - Called pricing_service, req: {'items': [{'product_id': '4cc0770f-91bc-4c0d-a26f-7b872f02ca94', 'qty': 1}], 'promo_codes': []}, response: {'items': [{'product_id': '4cc0770f-91bc-4c0d-a26f-7b872f02ca94', 'qty': 1, 'unit_price': 250.0, 'line_total': 250.0, 'discounts': 0.0}], 'subtotal': 250.0, 'total_discount': 0.0, 'total': 250.0, 'currency': 'USD', 'total_input_tokens': 0, 'total_output_tokens': 0, 'total_llm_calls': 0}
2026-08-17 16:14:59,819 - INFO - Request for search_products successfully processed, query: looking for headphone with noise cancelling under 300$, result: query='looking for headphone with noise cancelling under 300$' results=[ProductSearchResultItem(sku='4cc0770f-91bc-4c0d-a26f-7b872f02ca94', name='Noise Cancelling Headphones', description='Premium wireless headphones with active noise cancelling under 300$', price=250.0, score=4.285714285714286)] total_input_tokens=0 total_output_tokens=0 total_llm_calls=0
2026-08-17 16:14:59,828 - INFO - Request for search_products, query: looking for headphone with noise cancelling under 300$
2026-08-17 16:14:59,829 - INFO - Calling inventory_service for stock check, skus: ['4cc0770f-91bc-4c0d-a26f-7b872f02ca94', 'b2926dc2-cc6d-4c3e-ae40-7a127c173b16']
2026-08-17 16:14:59,835 - INFO - HTTP Request: GET http://localhost:8001/stock?skus=4cc0770f-91bc-4c0d-a26f-7b872f02ca94,b2926dc2-cc6d-4c3e-ae40-7a127c173b16 "HTTP/1.1 200 OK"
2026-08-17 16:14:59,835 - INFO - Called inventory_service, response: {'stocks': {'4cc0770f-91bc-4c0d-a26f-7b872f02ca94': 10, 'b2926dc2-cc6d-4c3e-ae40-7a127c173b16': 0}, 'total_input_tokens': 0, 'total_output_tokens': 0, 'total_llm_calls': 0}
2026-08-17 16:14:59,835 - INFO - Calling pricing_service, req: {'items': [{'product_id': '4cc0770f-91bc-4c0d-a26f-7b872f02ca94', 'qty': 1}], 'promo_codes': []}
2026-08-17 16:14:59,840 - INFO - HTTP Request: POST http://localhost:8002/price "HTTP/1.1 200 OK"
2026-08-17 16:14:59,840 - INFO - Called pricing_service, req: {'items': [{'product_id': '4cc0770f-91bc-4c0d-a26f-7b872f02ca94', 'qty': 1}], 'promo_codes': []}, response: {'items': [{'product_id': '4cc0770f-91bc-4c0d-a26f-7b872f02ca94', 'qty': 1, 'unit_price': 250.0, 'line_total': 250.0, 'discounts': 0.0}], 'subtotal': 250.0, 'total_discount': 0.0, 'total': 250.0, 'currency': 'USD', 'total_input_tokens': 0, 'total_output_tokens': 0, 'total_llm_calls': 0}
2026-08-17 16:14:59,841 - INFO - Request for search_products successfully processed, query: looking for headphone with noise cancelling under 300$, result: query='looking for headphone with noise cancelling under 300$' results=[ProductSearchResultItem(sku='4cc0770f-91bc-4c0d-a26f-7b872f02ca94', name='Noise Cancelling Headphones', description='Premium wireless headphones with active noise cancelling under 300$', price=250.0, score=4.285714285714286)] total_input_tokens=0 total_output_tokens=0 total_llm_calls=0
2026-08-17 16:14:59,850 - INFO - Request for search_products, query: looking for headphone with noise cancelling under 300$
2026-08-17 16:14:59,851 - INFO - Calling inventory_service for stock check, skus: ['4cc0770f-91bc-4c0d-a26f-7b872f02ca94', 'b2926dc2-cc6d-4c3e-ae40-7a127c173b16']
2026-08-17 16:14:59,855 - INFO - HTTP Request: GET http://localhost:8001/stock?skus=4cc0770f-91bc-4c0d-a26f-7b872f02ca94,b2926dc2-cc6d-4c3e-ae40-7a127c173b16 "HTTP/1.1 200 OK"
2026-08-17 16:14:59,856 - INFO - Called inventory_service, response: {'stocks': {'4cc0770f-91bc-4c0d-a26f-7b872f02ca94': 10, 'b2926dc2-cc6d-4c3e-ae40-7a127c173b16': 0}, 'total_input_tokens': 0, 'total_output_tokens': 0, 'total_llm_calls': 0}
2026-08-17 16:14:59,856 - INFO - Calling pricing_service, req: {'items': [{'product_id': '4cc0770f-91bc-4c0d-a26f-7b872f02ca94', 'qty': 1}], 'promo_codes': []}
2026-08-17 16:14:59,860 - INFO - HTTP Request: POST http://localhost:8002/price "HTTP/1.1 200 OK"
2026-08-17 16:14:59,860 - INFO - Called pricing_service, req: {'items': [{'product_id': '4cc0770f-91bc-4c0d-a26f-7b872f02ca94', 'qty': 1}], 'promo_codes': []}, response: {'items': [{'product_id': '4cc0770f-91bc-4c0d-a26f-7b872f02ca94', 'qty': 1, 'unit_price': 250.0, 'line_total': 250.0, 'discounts': 0.0}], 'subtotal': 250.0, 'total_discount': 0.0, 'total': 250.0, 'currency': 'USD', 'total_input_tokens': 0, 'total_output_tokens': 0, 'total_llm_calls': 0}
2026-08-17 16:14:59,861 - INFO - Request for search_products successfully processed, query: looking for headphone with noise cancelling under 300$, result: query='looking for headphone with noise cancelling under 300$' results=[ProductSearchResultItem(sku='4cc0770f-91bc-4c0d-a26f-7b872f02ca94', name='Noise Cancelling Headphones', description='Premium wireless headphones with active noise cancelling under 300$', price=250.0, score=4.285714285714286)] total_input_tokens=0 total_output_tokens=0 total_llm_calls=0
2026-08-17 16:14:59,868 - INFO - Request for search_products, query: looking for headphone with noise cancelling under 300$
2026-08-17 16:14:59,870 - INFO - Calling inventory_service for stock check, skus: ['4cc0770f-91bc-4c0d-a26f-7b872f02ca94', 'b2926dc2-cc6d-4c3e-ae40-7a127c173b16']
2026-08-17 16:14:59,874 - INFO - HTTP Request: GET http://localhost:8001/stock?skus=4cc0770f-91bc-4c0d-a26f-7b872f02ca94,b2926dc2-cc6d-4c3e-ae40-7a127c173b16 "HTTP/1.1 200 OK"
2026-08-17 16:14:59,875 - INFO - Called inventory_service, response: {'stocks': {'4cc0770f-91bc-4c0d-a26f-7b872f02ca94': 10, 'b2926dc2-cc6d-4c3e-ae40-7a127c173b16': 0}, 'total_input_tokens': 0, 'total_output_tokens': 0, 'total_llm_calls': 0}
2026-08-17 16:14:59,875 - INFO - Calling pricing_service, req: {'items': [{'product_id': '4cc0770f-91bc-4c0d-a26f-7b872f02ca94', 'qty': 1}], 'promo_codes': []}
2026-08-17 16:14:59,879 - INFO - HTTP Request: POST http://localhost:8002/price "HTTP/1.1 200 OK"
2026-08-17 16:14:59,879 - INFO - Called pricing_service, req: {'items': [{'product_id': '4cc0770f-91bc-4c0d-a26f-7b872f02ca94', 'qty': 1}], 'promo_codes': []}, response: {'items': [{'product_id': '4cc0770f-91bc-4c0d-a26f-7b872f02ca94', 'qty': 1, 'unit_price': 250.0, 'line_total': 250.0, 'discounts': 0.0}], 'subtotal': 250.0, 'total_discount': 0.0, 'total': 250.0, 'currency': 'USD', 'total_input_tokens': 0, 'total_output_tokens': 0, 'total_llm_calls': 0}
2026-08-17 16:14:59,880 - INFO - Request for search_products successfully processed, query: looking for headphone with noise cancelling under 300$, result: query='looking for headphone with noise cancelling under 300$' results=[ProductSearchResultItem(sku='4cc0770f-91bc-4c0d-a26f-7b872f02ca94', name='Noise Cancelling Headphones', description='Premium wireless headphones with active noise cancelling under 300$', price=250.0, score=4.285714285714286)] total_input_tokens=0 total_output_tokens=0 total_llm_calls=0
2026-08-17 16:14:59,887 - INFO - Request for search_products, query: looking for headphone with noise cancelling under 300$
2026-08-17 16:14:59,889 - INFO - Calling inventory_service for stock check, skus: ['4cc0770f-91bc-4c0d-a26f-7b872f02ca94', 'b2926dc2-cc6d-4c3e-ae40-7a127c173b16']
2026-08-17 16:14:59,893 - INFO - HTTP Request: GET http://localhost:8001/stock?skus=4cc0770f-91bc-4c0d-a26f-7b872f02ca94,b2926dc2-cc6d-4c3e-ae40-7a127c173b16 "HTTP/1.1 200 OK"
2026-08-17 16:14:59,894 - INFO - Called inventory_service, response: {'stocks': {'4cc0770f-91bc-4c0d-a26f-7b872f02ca94': 10, 'b2926dc2-cc6d-4c3e-ae40-7a127c173b16': 0}, 'total_input_tokens': 0, 'total_output_tokens': 0, 'total_llm_calls': 0}
2026-08-17 16:14:59,894 - INFO - Calling pricing_service, req: {'items': [{'product_id': '4cc0770f-91bc-4c0d-a26f-7b872f02ca94', 'qty': 1}], 'promo_codes': []}
2026-08-17 16:14:59,899 - INFO - HTTP Request: POST http://localhost:8002/price "HTTP/1.1 200 OK"
2026-08-17 16:14:59,899 - INFO - Called pricing_service, req: {'items': [{'product_id': '4cc0770f-91bc-4c0d-a26f-7b872f02ca94', 'qty': 1}], 'promo_codes': []}, response: {'items': [{'product_id': '4cc0770f-91bc-4c0d-a26f-7b872f02ca94', 'qty': 1, 'unit_price': 250.0, 'line_total': 250.0, 'discounts': 0.0}], 'subtotal': 250.0, 'total_discount': 0.0, 'total': 250.0, 'currency': 'USD', 'total_input_tokens': 0, 'total_output_tokens': 0, 'total_llm_calls': 0}
2026-08-17 16:14:59,900 - INFO - Request for search_products successfully processed, query: looking for headphone with noise cancelling under 300$, result: query='looking for headphone with noise cancelling under 300$' results=[ProductSearchResultItem(sku='4cc0770f-91bc-4c0d-a26f-7b872f02ca94', name='Noise Cancelling Headphones', description='Premium wireless headphones with active noise cancelling under 300$', price=250.0, score=4.285714285714286)] total_input_tokens=0 total_output_tokens=0 total_llm_calls=0
2026-08-17 16:14:59,907 - INFO - Request for search_products, query: looking for headphone with noise cancelling under 300$
2026-08-17 16:14:59,909 - INFO - Calling inventory_service for stock check, skus: ['4cc0770f-91bc-4c0d-a26f-7b872f02ca94', 'b2926dc2-cc6d-4c3e-ae40-7a127c173b16']
2026-08-17 16:14:59,914 - INFO - HTTP Request: GET http://localhost:8001/stock?skus=4cc0770f-91bc-4c0d-a26f-7b872f02ca94,b2926dc2-cc6d-4c3e-ae40-7a127c173b16 "HTTP/1.1 200 OK"
2026-08-17 16:14:59,915 - INFO - Called inventory_service, response: {'stocks': {'4cc0770f-91bc-4c0d-a26f-7b872f02ca94': 10, 'b2926dc2-cc6d-4c3e-ae40-7a127c173b16': 0}, 'total_input_tokens': 0, 'total_output_tokens': 0, 'total_llm_calls': 0}
2026-08-17 16:14:59,915 - INFO - Calling pricing_service, req: {'items': [{'product_id': '4cc0770f-91bc-4c0d-a26f-7b872f02ca94', 'qty': 1}], 'promo_codes': []}
2026-08-17 16:14:59,918 - INFO - HTTP Request: POST http://localhost:8002/price "HTTP/1.1 200 OK"
2026-08-17 16:14:59,919 - INFO - Called pricing_service, req: {'items': [{'product_id': '4cc0770f-91bc-4c0d-a26f-7b872f02ca94', 'qty': 1}], 'promo_codes': []}, response: {'items': [{'product_id': '4cc0770f-91bc-4c0d-a26f-7b872f02ca94', 'qty': 1, 'unit_price': 250.0, 'line_total': 250.0, 'discounts': 0.0}], 'subtotal': 250.0, 'total_discount': 0.0, 'total': 250.0, 'currency': 'USD', 'total_input_tokens': 0, 'total_output_tokens': 0, 'total_llm_calls': 0}
2026-08-17 16:14:59,919 - INFO - Request for search_products successfully processed, query: looking for headphone with noise cancelling under 300$, result: query='looking for headphone with noise cancelling under 300$' results=[ProductSearchResultItem(sku='4cc0770f-91bc-4c0d-a26f-7b872f02ca94', name='Noise Cancelling Headphones', description='Premium wireless headphones with active noise cancelling under 300$', price=250.0, score=4.285714285714286)] total_input_tokens=0 total_output_tokens=0 total_llm_calls=0
2026-08-17 16:14:59,929 - INFO - Request for search_products, query: looking for headphone with noise cancelling under 300$
2026-08-17 16:14:59,931 - INFO - Calling inventory_service for stock check, skus: ['4cc0770f-91bc-4c0d-a26f-7b872f02ca94', 'b2926dc2-cc6d-4c3e-ae40-7a127c173b16']
2026-08-17 16:14:59,936 - INFO - HTTP Request: GET http://localhost:8001/stock?skus=4cc0770f-91bc-4c0d-a26f-7b872f02ca94,b2926dc2-cc6d-4c3e-ae40-7a127c173b16 "HTTP/1.1 200 OK"
2026-08-17 16:14:59,937 - INFO - Called inventory_service, response: {'stocks': {'4cc0770f-91bc-4c0d-a26f-7b872f02ca94': 10, 'b2926dc2-cc6d-4c3e-ae40-7a127c173b16': 0}, 'total_input_tokens': 0, 'total_output_tokens': 0, 'total_llm_calls': 0}
2026-08-17 16:14:59,937 - INFO - Calling pricing_service, req: {'items': [{'product_id': '4cc0770f-91bc-4c0d-a26f-7b872f02ca94', 'qty': 1}], 'promo_codes': []}
2026-08-17 16:14:59,942 - INFO - HTTP Request: POST http://localhost:8002/price "HTTP/1.1 200 OK"
2026-08-17 16:14:59,942 - INFO - Called pricing_service, req: {'items': [{'product_id': '4cc0770f-91bc-4c0d-a26f-7b872f02ca94', 'qty': 1}], 'promo_codes': []}, response: {'items': [{'product_id': '4cc0770f-91bc-4c0d-a26f-7b872f02ca94', 'qty': 1, 'unit_price': 250.0, 'line_total': 250.0, 'discounts': 0.0}], 'subtotal': 250.0, 'total_discount': 0.0, 'total': 250.0, 'currency': 'USD', 'total_input_tokens': 0, 'total_output_tokens': 0, 'total_llm_calls': 0}
2026-08-17 16:14:59,943 - INFO - Request for search_products successfully processed, query: looking for headphone with noise cancelling under 300$, result: query='looking for headphone with noise cancelling under 300$' results=[ProductSearchResultItem(sku='4cc0770f-91bc-4c0d-a26f-7b872f02ca94', name='Noise Cancelling Headphones', description='Premium wireless headphones with active noise cancelling under 300$', price=250.0, score=4.285714285714286)] total_input_tokens=0 total_output_tokens=0 total_llm_calls=0
2026-08-17 16:14:59,953 - INFO - Request for search_products, query: looking for headphone with noise cancelling under 300$
2026-08-17 16:14:59,955 - INFO - Calling inventory_service for stock check, skus: ['4cc0770f-91bc-4c0d-a26f-7b872f02ca94', 'b2926dc2-cc6d-4c3e-ae40-7a127c173b16']
2026-08-17 16:14:59,961 - INFO - HTTP Request: GET http://localhost:8001/stock?skus=4cc0770f-91bc-4c0d-a26f-7b872f02ca94,b2926dc2-cc6d-4c3e-ae40-7a127c173b16 "HTTP/1.1 200 OK"
2026-08-17 16:14:59,962 - INFO - Called inventory_service, response: {'stocks': {'4cc0770f-91bc-4c0d-a26f-7b872f02ca94': 10, 'b2926dc2-cc6d-4c3e-ae40-7a127c173b16': 0}, 'total_input_tokens': 0, 'total_output_tokens': 0, 'total_llm_calls': 0}
2026-08-17 16:14:59,962 - INFO - Calling pricing_service, req: {'items': [{'product_id': '4cc0770f-91bc-4c0d-a26f-7b872f02ca94', 'qty': 1}], 'promo_codes': []}
2026-08-17 16:14:59,966 - INFO - HTTP Request: POST http://localhost:8002/price "HTTP/1.1 200 OK"
2026-08-17 16:14:59,967 - INFO - Called pricing_service, req: {'items': [{'product_id': '4cc0770f-91bc-4c0d-a26f-7b872f02ca94', 'qty': 1}], 'promo_codes': []}, response: {'items': [{'product_id': '4cc0770f-91bc-4c0d-a26f-7b872f02ca94', 'qty': 1, 'unit_price': 250.0, 'line_total': 250.0, 'discounts': 0.0}], 'subtotal': 250.0, 'total_discount': 0.0, 'total': 250.0, 'currency': 'USD', 'total_input_tokens': 0, 'total_output_tokens': 0, 'total_llm_calls': 0}
2026-08-17 16:14:59,967 - INFO - Request for search_products successfully processed, query: looking for headphone with noise cancelling under 300$, result: query='looking for headphone with noise cancelling under 300$' results=[ProductSearchResultItem(sku='4cc0770f-91bc-4c0d-a26f-7b872f02ca94', name='Noise Cancelling Headphones', description='Premium wireless headphones with active noise cancelling under 300$', price=250.0, score=4.285714285714286)] total_input_tokens=0 total_output_tokens=0 total_llm_calls=0
2026-08-17 16:14:59,975 - INFO - Request for search_products, query: looking for headphone with noise cancelling under 300$
2026-08-17 16:14:59,977 - INFO - Calling inventory_service for stock check, skus: ['4cc0770f-91bc-4c0d-a26f-7b872f02ca94', 'b2926dc2-cc6d-4c3e-ae40-7a127c173b16']
2026-08-17 16:14:59,982 - INFO - HTTP Request: GET http://localhost:8001/stock?skus=4cc0770f-91bc-4c0d-a26f-7b872f02ca94,b2926dc2-cc6d-4c3e-ae40-7a127c173b16 "HTTP/1.1 200 OK"
2026-08-17 16:14:59,982 - INFO - Called inventory_service, response: {'stocks': {'4cc0770f-91bc-4c0d-a26f-7b872f02ca94': 10, 'b2926dc2-cc6d-4c3e-ae40-7a127c173b16': 0}, 'total_input_tokens': 0, 'total_output_tokens': 0, 'total_llm_calls': 0}
2026-08-17 16:14:59,982 - INFO - Calling pricing_service, req: {'items': [{'product_id': '4cc0770f-91bc-4c0d-a26f-7b872f02ca94', 'qty': 1}], 'promo_codes': []}
2026-08-17 16:14:59,986 - INFO - HTTP Request: POST http://localhost:8002/price "HTTP/1.1 200 OK"
2026-08-17 16:14:59,986 - INFO - Called pricing_service, req: {'items': [{'product_id': '4cc0770f-91bc-4c0d-a26f-7b872f02ca94', 'qty': 1}], 'promo_codes': []}, response: {'items': [{'product_id': '4cc0770f-91bc-4c0d-a26f-7b872f02ca94', 'qty': 1, 'unit_price': 250.0, 'line_total': 250.0, 'discounts': 0.0}], 'subtotal': 250.0, 'total_discount': 0.0, 'total': 250.0, 'currency': 'USD', 'total_input_tokens': 0, 'total_output_tokens': 0, 'total_llm_calls': 0}
2026-08-17 16:14:59,987 - INFO - Request for search_products successfully processed, query: looking for headphone with noise cancelling under 300$, result: query='looking for headphone with noise cancelling under 300$' results=[ProductSearchResultItem(sku='4cc0770f-91bc-4c0d-a26f-7b872f02ca94', name='Noise Cancelling Headphones', description='Premium wireless headphones with active noise cancelling under 300$', price=250.0, score=4.285714285714286)] total_input_tokens=0 total_output_tokens=0 total_llm_calls=0
2026-08-17 16:14:59,994 - INFO - Request for search_products, query: looking for headphone with noise cancelling under 300$
2026-08-17 16:14:59,996 - INFO - Calling inventory_service for stock check, skus: ['4cc0770f-91bc-4c0d-a26f-7b872f02ca94', 'b2926dc2-cc6d-4c3e-ae40-7a127c173b16']
2026-08-17 16:15:00,001 - INFO - HTTP Request: GET http://localhost:8001/stock?skus=4cc0770f-91bc-4c0d-a26f-7b872f02ca94,b2926dc2-cc6d-4c3e-ae40-7a127c173b16 "HTTP/1.1 200 OK"
2026-08-17 16:15:00,001 - INFO - Called inventory_service, response: {'stocks': {'4cc0770f-91bc-4c0d-a26f-7b872f02ca94': 10, 'b2926dc2-cc6d-4c3e-ae40-7a127c173b16': 0}, 'total_input_tokens': 0, 'total_output_tokens': 0, 'total_llm_calls': 0}
2026-08-17 16:15:00,002 - INFO - Calling pricing_service, req: {'items': [{'product_id': '4cc0770f-91bc-4c0d-a26f-7b872f02ca94', 'qty': 1}], 'promo_codes': []}
2026-08-17 16:15:00,006 - INFO - HTTP Request: POST http://localhost:8002/price "HTTP/1.1 200 OK"
2026-08-17 16:15:00,007 - INFO - Called pricing_service, req: {'items': [{'product_id': '4cc0770f-91bc-4c0d-a26f-7b872f02ca94', 'qty': 1}], 'promo_codes': []}, response: {'items': [{'product_id': '4cc0770f-91bc-4c0d-a26f-7b872f02ca94', 'qty': 1, 'unit_price': 250.0, 'line_total': 250.0, 'discounts': 0.0}], 'subtotal': 250.0, 'total_discount': 0.0, 'total': 250.0, 'currency': 'USD', 'total_input_tokens': 0, 'total_output_tokens': 0, 'total_llm_calls': 0}
2026-08-17 16:15:00,007 - INFO - Request for search_products successfully processed, query: looking for headphone with noise cancelling under 300$, result: query='looking for headphone with noise cancelling under 300$' results=[ProductSearchResultItem(sku='4cc0770f-91bc-4c0d-a26f-7b872f02ca94', name='Noise Cancelling Headphones', description='Premium wireless headphones with active noise cancelling under 300$', price=250.0, score=4.285714285714286)] total_input_tokens=0 total_output_tokens=0 total_llm_calls=0
2026-08-17 16:15:00,017 - INFO - Request for search_products, query: looking for headphone with noise cancelling under 300$
2026-08-17 16:15:00,020 - INFO - Calling inventory_service for stock check, skus: ['4cc0770f-91bc-4c0d-a26f-7b872f02ca94', 'b2926dc2-cc6d-4c3e-ae40-7a127c173b16']
2026-08-17 16:15:00,024 - INFO - HTTP Request: GET http://localhost:8001/stock?skus=4cc0770f-91bc-4c0d-a26f-7b872f02ca94,b2926dc2-cc6d-4c3e-ae40-7a127c173b16 "HTTP/1.1 200 OK"
2026-08-17 16:15:00,025 - INFO - Called inventory_service, response: {'stocks': {'4cc0770f-91bc-4c0d-a26f-7b872f02ca94': 10, 'b2926dc2-cc6d-4c3e-ae40-7a127c173b16': 0}, 'total_input_tokens': 0, 'total_output_tokens': 0, 'total_llm_calls': 0}
2026-08-17 16:15:00,025 - INFO - Calling pricing_service, req: {'items': [{'product_id': '4cc0770f-91bc-4c0d-a26f-7b872f02ca94', 'qty': 1}], 'promo_codes': []}
2026-08-17 16:15:00,029 - INFO - HTTP Request: POST http://localhost:8002/price "HTTP/1.1 200 OK"
2026-08-17 16:15:00,030 - INFO - Called pricing_service, req: {'items': [{'product_id': '4cc0770f-91bc-4c0d-a26f-7b872f02ca94', 'qty': 1}], 'promo_codes': []}, response: {'items': [{'product_id': '4cc0770f-91bc-4c0d-a26f-7b872f02ca94', 'qty': 1, 'unit_price': 250.0, 'line_total': 250.0, 'discounts': 0.0}], 'subtotal': 250.0, 'total_discount': 0.0, 'total': 250.0, 'currency': 'USD', 'total_input_tokens': 0, 'total_output_tokens': 0, 'total_llm_calls': 0}
2026-08-17 16:15:00,030 - INFO - Request for search_products successfully processed, query: looking for headphone with noise cancelling under 300$, result: query='looking for headphone with noise cancelling under 300$' results=[ProductSearchResultItem(sku='4cc0770f-91bc-4c0d-a26f-7b872f02ca94', name='Noise Cancelling Headphones', description='Premium wireless headphones with active noise cancelling under 300$', price=250.0, score=4.285714285714286)] total_input_tokens=0 total_output_tokens=0 total_llm_calls=0
2026-08-17 16:15:00,037 - INFO - Request for search_products, query: looking for headphone with noise cancelling under 300$
2026-08-17 16:15:00,039 - INFO - Calling inventory_service for stock check, skus: ['4cc0770f-91bc-4c0d-a26f-7b872f02ca94', 'b2926dc2-cc6d-4c3e-ae40-7a127c173b16']
2026-08-17 16:15:00,043 - INFO - HTTP Request: GET http://localhost:8001/stock?skus=4cc0770f-91bc-4c0d-a26f-7b872f02ca94,b2926dc2-cc6d-4c3e-ae40-7a127c173b16 "HTTP/1.1 200 OK"
2026-08-17 16:15:00,044 - INFO - Called inventory_service, response: {'stocks': {'4cc0770f-91bc-4c0d-a26f-7b872f02ca94': 10, 'b2926dc2-cc6d-4c3e-ae40-7a127c173b16': 0}, 'total_input_tokens': 0, 'total_output_tokens': 0, 'total_llm_calls': 0}
2026-08-17 16:15:00,045 - INFO - Calling pricing_service, req: {'items': [{'product_id': '4cc0770f-91bc-4c0d-a26f-7b872f02ca94', 'qty': 1}], 'promo_codes': []}
2026-08-17 16:15:00,048 - INFO - HTTP Request: POST http://localhost:8002/price "HTTP/1.1 200 OK"
2026-08-17 16:15:00,049 - INFO - Called pricing_service, req: {'items': [{'product_id': '4cc0770f-91bc-4c0d-a26f-7b872f02ca94', 'qty': 1}], 'promo_codes': []}, response: {'items': [{'product_id': '4cc0770f-91bc-4c0d-a26f-7b872f02ca94', 'qty': 1, 'unit_price': 250.0, 'line_total': 250.0, 'discounts': 0.0}], 'subtotal': 250.0, 'total_discount': 0.0, 'total': 250.0, 'currency': 'USD', 'total_input_tokens': 0, 'total_output_tokens': 0, 'total_llm_calls': 0}
2026-08-17 16:15:00,049 - INFO - Request for search_products successfully processed, query: looking for headphone with noise cancelling under 300$, result: query='looking for headphone with noise cancelling under 300$' results=[ProductSearchResultItem(sku='4cc0770f-91bc-4c0d-a26f-7b872f02ca94', name='Noise Cancelling Headphones', description='Premium wireless headphones with active noise cancelling under 300$', price=250.0, score=4.285714285714286)] total_input_tokens=0 total_output_tokens=0 total_llm_calls=0
2026-08-17 16:15:00,057 - INFO - Request for search_products, query: looking for headphone with noise cancelling under 300$
2026-08-17 16:15:00,058 - INFO - Calling inventory_service for stock check, skus: ['4cc0770f-91bc-4c0d-a26f-7b872f02ca94', 'b2926dc2-cc6d-4c3e-ae40-7a127c173b16']
2026-08-17 16:15:00,063 - INFO - HTTP Request: GET http://localhost:8001/stock?skus=4cc0770f-91bc-4c0d-a26f-7b872f02ca94,b2926dc2-cc6d-4c3e-ae40-7a127c173b16 "HTTP/1.1 200 OK"
2026-08-17 16:15:00,064 - INFO - Called inventory_service, response: {'stocks': {'4cc0770f-91bc-4c0d-a26f-7b872f02ca94': 10, 'b2926dc2-cc6d-4c3e-ae40-7a127c173b16': 0}, 'total_input_tokens': 0, 'total_output_tokens': 0, 'total_llm_calls': 0}
2026-08-17 16:15:00,064 - INFO - Calling pricing_service, req: {'items': [{'product_id': '4cc0770f-91bc-4c0d-a26f-7b872f02ca94', 'qty': 1}], 'promo_codes': []}
2026-08-17 16:15:00,068 - INFO - HTTP Request: POST http://localhost:8002/price "HTTP/1.1 200 OK"
2026-08-17 16:15:00,068 - INFO - Called pricing_service, req: {'items': [{'product_id': '4cc0770f-91bc-4c0d-a26f-7b872f02ca94', 'qty': 1}], 'promo_codes': []}, response: {'items': [{'product_id': '4cc0770f-91bc-4c0d-a26f-7b872f02ca94', 'qty': 1, 'unit_price': 250.0, 'line_total': 250.0, 'discounts': 0.0}], 'subtotal': 250.0, 'total_discount': 0.0, 'total': 250.0, 'currency': 'USD', 'total_input_tokens': 0, 'total_output_tokens': 0, 'total_llm_calls': 0}
2026-08-17 16:15:00,069 - INFO - Request for search_products successfully processed, query: looking for headphone with noise cancelling under 300$, result: query='looking for headphone with noise cancelling under 300$' results=[ProductSearchResultItem(sku='4cc0770f-91bc-4c0d-a26f-7b872f02ca94', name='Noise Cancelling Headphones', description='Premium wireless headphones with active noise cancelling under 300$', price=250.0, score=4.285714285714286)] total_input_tokens=0 total_output_tokens=0 total_llm_calls=0
2026-08-17 16:15:00,077 - INFO - Request for search_products, query: looking for headphone with noise cancelling under 300$
2026-08-17 16:15:00,078 - INFO - Calling inventory_service for stock check, skus: ['4cc0770f-91bc-4c0d-a26f-7b872f02ca94', 'b2926dc2-cc6d-4c3e-ae40-7a127c173b16']
2026-08-17 16:15:00,083 - INFO - HTTP Request: GET http://localhost:8001/stock?skus=4cc0770f-91bc-4c0d-a26f-7b872f02ca94,b2926dc2-cc6d-4c3e-ae40-7a127c173b16 "HTTP/1.1 200 OK"
2026-08-17 16:15:00,083 - INFO - Called inventory_service, response: {'stocks': {'4cc0770f-91bc-4c0d-a26f-7b872f02ca94': 10, 'b2926dc2-cc6d-4c3e-ae40-7a127c173b16': 0}, 'total_input_tokens': 0, 'total_output_tokens': 0, 'total_llm_calls': 0}
2026-08-17 16:15:00,084 - INFO - Calling pricing_service, req: {'items': [{'product_id': '4cc0770f-91bc-4c0d-a26f-7b872f02ca94', 'qty': 1}], 'promo_codes': []}
2026-08-17 16:15:00,087 - INFO - HTTP Request: POST http://localhost:8002/price "HTTP/1.1 200 OK"
2026-08-17 16:15:00,088 - INFO - Called pricing_service, req: {'items': [{'product_id': '4cc0770f-91bc-4c0d-a26f-7b872f02ca94', 'qty': 1}], 'promo_codes': []}, response: {'items': [{'product_id': '4cc0770f-91bc-4c0d-a26f-7b872f02ca94', 'qty': 1, 'unit_price': 250.0, 'line_total': 250.0, 'discounts': 0.0}], 'subtotal': 250.0, 'total_discount': 0.0, 'total': 250.0, 'currency': 'USD', 'total_input_tokens': 0, 'total_output_tokens': 0, 'total_llm_calls': 0}
2026-08-17 16:15:00,088 - INFO - Request for search_products successfully processed, query: looking for headphone with noise cancelling under 300$, result: query='looking for headphone with noise cancelling under 300$' results=[ProductSearchResultItem(sku='4cc0770f-91bc-4c0d-a26f-7b872f02ca94', name='Noise Cancelling Headphones', description='Premium wireless headphones with active noise cancelling under 300$', price=250.0, score=4.285714285714286)] total_input_tokens=0 total_output_tokens=0 total_llm_calls=0
2026-08-17 16:15:00,096 - INFO - Request for search_products, query: looking for headphone with noise cancelling under 300$
2026-08-17 16:15:00,098 - INFO - Calling inventory_service for stock check, skus: ['4cc0770f-91bc-4c0d-a26f-7b872f02ca94', 'b2926dc2-cc6d-4c3e-ae40-7a127c173b16']
2026-08-17 16:15:00,102 - INFO - HTTP Request: GET http://localhost:8001/stock?skus=4cc0770f-91bc-4c0d-a26f-7b872f02ca94,b2926dc2-cc6d-4c3e-ae40-7a127c173b16 "HTTP/1.1 200 OK"
2026-08-17 16:15:00,102 - INFO - Called inventory_service, response: {'stocks': {'4cc0770f-91bc-4c0d-a26f-7b872f02ca94': 10, 'b2926dc2-cc6d-4c3e-ae40-7a127c173b16': 0}, 'total_input_tokens': 0, 'total_output_tokens': 0, 'total_llm_calls': 0}
2026-08-17 16:15:00,103 - INFO - Calling pricing_service, req: {'items': [{'product_id': '4cc0770f-91bc-4c0d-a26f-7b872f02ca94', 'qty': 1}], 'promo_codes': []}
2026-08-17 16:15:00,106 - INFO - HTTP Request: POST http://localhost:8002/price "HTTP/1.1 200 OK"
2026-08-17 16:15:00,107 - INFO - Called pricing_service, req: {'items': [{'product_id': '4cc0770f-91bc-4c0d-a26f-7b872f02ca94', 'qty': 1}], 'promo_codes': []}, response: {'items': [{'product_id': '4cc0770f-91bc-4c0d-a26f-7b872f02ca94', 'qty': 1, 'unit_price': 250.0, 'line_total': 250.0, 'discounts': 0.0}], 'subtotal': 250.0, 'total_discount': 0.0, 'total': 250.0, 'currency': 'USD', 'total_input_tokens': 0, 'total_output_tokens': 0, 'total_llm_calls': 0}
2026-08-17 16:15:00,107 - INFO - Request for search_products successfully processed, query: looking for headphone with noise cancelling under 300$, result: query='looking for headphone with noise cancelling under 300$' results=[ProductSearchResultItem(sku='4cc0770f-91bc-4c0d-a26f-7b872f02ca94', name='Noise Cancelling Headphones', description='Premium wireless headphones with active noise cancelling under 300$', price=250.0, score=4.285714285714286)] total_input_tokens=0 total_output_tokens=0 total_llm_calls=0
2026-08-17 16:15:00,115 - INFO - Request for search_products, query: looking for headphone with noise cancelling under 300$
2026-08-17 16:15:00,116 - INFO - Calling inventory_service for stock check, skus: ['4cc0770f-91bc-4c0d-a26f-7b872f02ca94', 'b2926dc2-cc6d-4c3e-ae40-7a127c173b16']
2026-08-17 16:15:00,120 - INFO - HTTP Request: GET http://localhost:8001/stock?skus=4cc0770f-91bc-4c0d-a26f-7b872f02ca94,b2926dc2-cc6d-4c3e-ae40-7a127c173b16 "HTTP/1.1 200 OK"
2026-08-17 16:15:00,121 - INFO - Called inventory_service, response: {'stocks': {'4cc0770f-91bc-4c0d-a26f-7b872f02ca94': 10, 'b2926dc2-cc6d-4c3e-ae40-7a127c173b16': 0}, 'total_input_tokens': 0, 'total_output_tokens': 0, 'total_llm_calls': 0}
2026-08-17 16:15:00,121 - INFO - Calling pricing_service, req: {'items': [{'product_id': '4cc0770f-91bc-4c0d-a26f-7b872f02ca94', 'qty': 1}], 'promo_codes': []}
2026-08-17 16:15:00,125 - INFO - HTTP Request: POST http://localhost:8002/price "HTTP/1.1 200 OK"
2026-08-17 16:15:00,125 - INFO - Called pricing_service, req: {'items': [{'product_id': '4cc0770f-91bc-4c0d-a26f-7b872f02ca94', 'qty': 1}], 'promo_codes': []}, response: {'items': [{'product_id': '4cc0770f-91bc-4c0d-a26f-7b872f02ca94', 'qty': 1, 'unit_price': 250.0, 'line_total': 250.0, 'discounts': 0.0}], 'subtotal': 250.0, 'total_discount': 0.0, 'total': 250.0, 'currency': 'USD', 'total_input_tokens': 0, 'total_output_tokens': 0, 'total_llm_calls': 0}
2026-08-17 16:15:00,126 - INFO - Request for search_products successfully processed, query: looking for headphone with noise cancelling under 300$, result: query='looking for headphone with noise cancelling under 300$' results=[ProductSearchResultItem(sku='4cc0770f-91bc-4c0d-a26f-7b872f02ca94', name='Noise Cancelling Headphones', description='Premium wireless headphones with active noise cancelling under 300$', price=250.0, score=4.285714285714286)] total_input_tokens=0 total_output_tokens=0 total_llm_calls=0
2026-08-17 16:15:00,134 - INFO - Request for search_products, query: looking for headphone with noise cancelling under 300$
2026-08-17 16:15:00,135 - INFO - Calling inventory_service for stock check, skus: ['4cc0770f-91bc-4c0d-a26f-7b872f02ca94', 'b2926dc2-cc6d-4c3e-ae40-7a127c173b16']
2026-08-17 16:15:00,139 - INFO - HTTP Request: GET http://localhost:8001/stock?skus=4cc0770f-91bc-4c0d-a26f-7b872f02ca94,b2926dc2-cc6d-4c3e-ae40-7a127c173b16 "HTTP/1.1 200 OK"
2026-08-17 16:15:00,140 - INFO - Called inventory_service, response: {'stocks': {'4cc0770f-91bc-4c0d-a26f-7b872f02ca94': 10, 'b2926dc2-cc6d-4c3e-ae40-7a127c173b16': 0}, 'total_input_tokens': 0, 'total_output_tokens': 0, 'total_llm_calls': 0}
2026-08-17 16:15:00,140 - INFO - Calling pricing_service, req: {'items': [{'product_id': '4cc0770f-91bc-4c0d-a26f-7b872f02ca94', 'qty': 1}], 'promo_codes': []}
2026-08-17 16:15:00,144 - INFO - HTTP Request: POST http://localhost:8002/price "HTTP/1.1 200 OK"
2026-08-17 16:15:00,144 - INFO - Called pricing_service, req: {'items': [{'product_id': '4cc0770f-91bc-4c0d-a26f-7b872f02ca94', 'qty': 1}], 'promo_codes': []}, response: {'items': [{'product_id': '4cc0770f-91bc-4c0d-a26f-7b872f02ca94', 'qty': 1, 'unit_price': 250.0, 'line_total': 250.0, 'discounts': 0.0}], 'subtotal': 250.0, 'total_discount': 0.0, 'total': 250.0, 'currency': 'USD', 'total_input_tokens': 0, 'total_output_tokens': 0, 'total_llm_calls': 0}
2026-08-17 16:15:00,145 - INFO - Request for search_products successfully processed, query: looking for headphone with noise cancelling under 300$, result: query='looking for headphone with noise cancelling under 300$' results=[ProductSearchResultItem(sku='4cc0770f-91bc-4c0d-a26f-7b872f02ca94', name='Noise Cancelling Headphones', description='Premium wireless headphones with active noise cancelling under 300$', price=250.0, score=4.285714285714286)] total_input_tokens=0 total_output_tokens=0 total_llm_calls=0
2026-08-17 16:15:00,152 - INFO - Request for search_products, query: looking for headphone with noise cancelling under 300$
2026-08-17 16:15:00,154 - INFO - Calling inventory_service for stock check, skus: ['4cc0770f-91bc-4c0d-a26f-7b872f02ca94', 'b2926dc2-cc6d-4c3e-ae40-7a127c173b16']
2026-08-17 16:15:00,158 - INFO - HTTP Request: GET http://localhost:8001/stock?skus=4cc0770f-91bc-4c0d-a26f-7b872f02ca94,b2926dc2-cc6d-4c3e-ae40-7a127c173b16 "HTTP/1.1 200 OK"
2026-08-17 16:15:00,159 - INFO - Called inventory_service, response: {'stocks': {'4cc0770f-91bc-4c0d-a26f-7b872f02ca94': 10, 'b2926dc2-cc6d-4c3e-ae40-7a127c173b16': 0}, 'total_input_tokens': 0, 'total_output_tokens': 0, 'total_llm_calls': 0}
2026-08-17 16:15:00,159 - INFO - Calling pricing_service, req: {'items': [{'product_id': '4cc0770f-91bc-4c0d-a26f-7b872f02ca94', 'qty': 1}], 'promo_codes': []}
2026-08-17 16:15:00,163 - INFO - HTTP Request: POST http://localhost:8002/price "HTTP/1.1 200 OK"
2026-08-17 16:15:00,163 - INFO - Called pricing_service, req: {'items': [{'product_id': '4cc0770f-91bc-4c0d-a26f-7b872f02ca94', 'qty': 1}], 'promo_codes': []}, response: {'items': [{'product_id': '4cc0770f-91bc-4c0d-a26f-7b872f02ca94', 'qty': 1, 'unit_price': 250.0, 'line_total': 250.0, 'discounts': 0.0}], 'subtotal': 250.0, 'total_discount': 0.0, 'total': 250.0, 'currency': 'USD', 'total_input_tokens': 0, 'total_output_tokens': 0, 'total_llm_calls': 0}
2026-08-17 16:15:00,164 - INFO - Request for search_products successfully processed, query: looking for headphone with noise cancelling under 300$, result: query='looking for headphone with noise cancelling under 300$' results=[ProductSearchResultItem(sku='4cc0770f-91bc-4c0d-a26f-7b872f02ca94', name='Noise Cancelling Headphones', description='Premium wireless headphones with active noise cancelling under 300$', price=250.0, score=4.285714285714286)] total_input_tokens=0 total_output_tokens=0 total_llm_calls=0
2026-08-17 16:15:00,171 - INFO - Request for search_products, query: looking for headphone with noise cancelling under 300$
2026-08-17 16:15:00,173 - INFO - Calling inventory_service for stock check, skus: ['4cc0770f-91bc-4c0d-a26f-7b872f02ca94', 'b2926dc2-cc6d-4c3e-ae40-7a127c173b16']
2026-08-17 16:15:00,178 - INFO - HTTP Request: GET http://localhost:8001/stock?skus=4cc0770f-91bc-4c0d-a26f-7b872f02ca94,b2926dc2-cc6d-4c3e-ae40-7a127c173b16 "HTTP/1.1 200 OK"
2026-08-17 16:15:00,178 - INFO - Called inventory_service, response: {'stocks': {'4cc0770f-91bc-4c0d-a26f-7b872f02ca94': 10, 'b2926dc2-cc6d-4c3e-ae40-7a127c173b16': 0}, 'total_input_tokens': 0, 'total_output_tokens': 0, 'total_llm_calls': 0}
2026-08-17 16:15:00,178 - INFO - Calling pricing_service, req: {'items': [{'product_id': '4cc0770f-91bc-4c0d-a26f-7b872f02ca94', 'qty': 1}], 'promo_codes': []}
2026-08-17 16:15:00,182 - INFO - HTTP Request: POST http://localhost:8002/price "HTTP/1.1 200 OK"
2026-08-17 16:15:00,183 - INFO - Called pricing_service, req: {'items': [{'product_id': '4cc0770f-91bc-4c0d-a26f-7b872f02ca94', 'qty': 1}], 'promo_codes': []}, response: {'items': [{'product_id': '4cc0770f-91bc-4c0d-a26f-7b872f02ca94', 'qty': 1, 'unit_price': 250.0, 'line_total': 250.0, 'discounts': 0.0}], 'subtotal': 250.0, 'total_discount': 0.0, 'total': 250.0, 'currency': 'USD', 'total_input_tokens': 0, 'total_output_tokens': 0, 'total_llm_calls': 0}
2026-08-17 16:15:00,183 - INFO - Request for search_products successfully processed, query: looking for headphone with noise cancelling under 300$, result: query='looking for headphone with noise cancelling under 300$' results=[ProductSearchResultItem(sku='4cc0770f-91bc-4c0d-a26f-7b872f02ca94', name='Noise Cancelling Headphones', description='Premium wireless headphones with active noise cancelling under 300$', price=250.0, score=4.285714285714286)] total_input_tokens=0 total_output_tokens=0 total_llm_calls=0
2026-08-17 16:15:00,191 - INFO - Request for search_products, query: looking for headphone with noise cancelling under 300$
2026-08-17 16:15:00,193 - INFO - Calling inventory_service for stock check, skus: ['4cc0770f-91bc-4c0d-a26f-7b872f02ca94', 'b2926dc2-cc6d-4c3e-ae40-7a127c173b16']
2026-08-17 16:15:00,197 - INFO - HTTP Request: GET http://localhost:8001/stock?skus=4cc0770f-91bc-4c0d-a26f-7b872f02ca94,b2926dc2-cc6d-4c3e-ae40-7a127c173b16 "HTTP/1.1 200 OK"
2026-08-17 16:15:00,198 - INFO - Called inventory_service, response: {'stocks': {'4cc0770f-91bc-4c0d-a26f-7b872f02ca94': 10, 'b2926dc2-cc6d-4c3e-ae40-7a127c173b16': 0}, 'total_input_tokens': 0, 'total_output_tokens': 0, 'total_llm_calls': 0}
2026-08-17 16:15:00,198 - INFO - Calling pricing_service, req: {'items': [{'product_id': '4cc0770f-91bc-4c0d-a26f-7b872f02ca94', 'qty': 1}], 'promo_codes': []}
2026-08-17 16:15:00,202 - INFO - HTTP Request: POST http://localhost:8002/price "HTTP/1.1 200 OK"
2026-08-17 16:15:00,203 - INFO - Called pricing_service, req: {'items': [{'product_id': '4cc0770f-91bc-4c0d-a26f-7b872f02ca94', 'qty': 1}], 'promo_codes': []}, response: {'items': [{'product_id': '4cc0770f-91bc-4c0d-a26f-7b872f02ca94', 'qty': 1, 'unit_price': 250.0, 'line_total': 250.0, 'discounts': 0.0}], 'subtotal': 250.0, 'total_discount': 0.0, 'total': 250.0, 'currency': 'USD', 'total_input_tokens': 0, 'total_output_tokens': 0, 'total_llm_calls': 0}
2026-08-17 16:15:00,203 - INFO - Request for search_products successfully processed, query: looking for headphone with noise cancelling under 300$, result: query='looking for headphone with noise cancelling under 300$' results=[ProductSearchResultItem(sku='4cc0770f-91bc-4c0d-a26f-7b872f02ca94', name='Noise Cancelling Headphones', description='Premium wireless headphones with active noise cancelling under 300$', price=250.0, score=4.285714285714286)] total_input_tokens=0 total_output_tokens=0 total_llm_calls=0
2026-08-17 16:15:00,211 - INFO - Request for search_products, query: looking for headphone with noise cancelling under 300$
2026-08-17 16:15:00,213 - INFO - Calling inventory_service for stock check, skus: ['4cc0770f-91bc-4c0d-a26f-7b872f02ca94', 'b2926dc2-cc6d-4c3e-ae40-7a127c173b16']
2026-08-17 16:15:00,217 - INFO - HTTP Request: GET http://localhost:8001/stock?skus=4cc0770f-91bc-4c0d-a26f-7b872f02ca94,b2926dc2-cc6d-4c3e-ae40-7a127c173b16 "HTTP/1.1 200 OK"
2026-08-17 16:15:00,218 - INFO - Called inventory_service, response: {'stocks': {'4cc0770f-91bc-4c0d-a26f-7b872f02ca94': 10, 'b2926dc2-cc6d-4c3e-ae40-7a127c173b16': 0}, 'total_input_tokens': 0, 'total_output_tokens': 0, 'total_llm_calls': 0}
2026-08-17 16:15:00,218 - INFO - Calling pricing_service, req: {'items': [{'product_id': '4cc0770f-91bc-4c0d-a26f-7b872f02ca94', 'qty': 1}], 'promo_codes': []}
2026-08-17 16:15:00,221 - INFO - HTTP Request: POST http://localhost:8002/price "HTTP/1.1 200 OK"
2026-08-17 16:15:00,222 - INFO - Called pricing_service, req: {'items': [{'product_id': '4cc0770f-91bc-4c0d-a26f-7b872f02ca94', 'qty': 1}], 'promo_codes': []}, response: {'items': [{'product_id': '4cc0770f-91bc-4c0d-a26f-7b872f02ca94', 'qty': 1, 'unit_price': 250.0, 'line_total': 250.0, 'discounts': 0.0}], 'subtotal': 250.0, 'total_discount': 0.0, 'total': 250.0, 'currency': 'USD', 'total_input_tokens': 0, 'total_output_tokens': 0, 'total_llm_calls': 0}
2026-08-17 16:15:00,222 - INFO - Request for search_products successfully processed, query: looking for headphone with noise cancelling under 300$, result: query='looking for headphone with noise cancelling under 300$' results=[ProductSearchResultItem(sku='4cc0770f-91bc-4c0d-a26f-7b872f02ca94', name='Noise Cancelling Headphones', description='Premium wireless headphones with active noise cancelling under 300$', price=250.0, score=4.285714285714286)] total_input_tokens=0 total_output_tokens=0 total_llm_calls=0
2026-08-17 16:15:00,230 - INFO - Request for search_products, query: looking for headphone with noise cancelling under 300$
2026-08-17 16:15:00,232 - INFO - Calling inventory_service for stock check, skus: ['4cc0770f-91bc-4c0d-a26f-7b872f02ca94', 'b2926dc2-cc6d-4c3e-ae40-7a127c173b16']
2026-08-17 16:15:00,236 - INFO - HTTP Request: GET http://localhost:8001/stock?skus=4cc0770f-91bc-4c0d-a26f-7b872f02ca94,b2926dc2-cc6d-4c3e-ae40-7a127c173b16 "HTTP/1.1 200 OK"
2026-08-17 16:15:00,236 - INFO - Called inventory_service, response: {'stocks': {'4cc0770f-91bc-4c0d-a26f-7b872f02ca94': 10, 'b2926dc2-cc6d-4c3e-ae40-7a127c173b16': 0}, 'total_input_tokens': 0, 'total_output_tokens': 0, 'total_llm_calls': 0}
2026-08-17 16:15:00,236 - INFO - Calling pricing_service, req: {'items': [{'product_id': '4cc0770f-91bc-4c0d-a26f-7b872f02ca94', 'qty': 1}], 'promo_codes': []}
2026-08-17 16:15:00,240 - INFO - HTTP Request: POST http://localhost:8002/price "HTTP/1.1 200 OK"
2026-08-17 16:15:00,241 - INFO - Called pricing_service, req: {'items': [{'product_id': '4cc0770f-91bc-4c0d-a26f-7b872f02ca94', 'qty': 1}], 'promo_codes': []}, response: {'items': [{'product_id': '4cc0770f-91bc-4c0d-a26f-7b872f02ca94', 'qty': 1, 'unit_price': 250.0, 'line_total': 250.0, 'discounts': 0.0}], 'subtotal': 250.0, 'total_discount': 0.0, 'total': 250.0, 'currency': 'USD', 'total_input_tokens': 0, 'total_output_tokens': 0, 'total_llm_calls': 0}
2026-08-17 16:15:00,241 - INFO - Request for search_products successfully processed, query: looking for headphone with noise cancelling under 300$, result: query='looking for headphone with noise cancelling under 300$' results=[ProductSearchResultItem(sku='4cc0770f-91bc-4c0d-a26f-7b872f02ca94', name='Noise Cancelling Headphones', description='Premium wireless headphones with active noise cancelling under 300$', price=250.0, score=4.285714285714286)] total_input_tokens=0 total_output_tokens=0 total_llm_calls=0
2026-08-17 16:15:00,249 - INFO - Request for search_products, query: looking for headphone with noise cancelling under 300$
2026-08-17 16:15:00,251 - INFO - Calling inventory_service for stock check, skus: ['4cc0770f-91bc-4c0d-a26f-7b872f02ca94', 'b2926dc2-cc6d-4c3e-ae40-7a127c173b16']
2026-08-17 16:15:00,255 - INFO - HTTP Request: GET http://localhost:8001/stock?skus=4cc0770f-91bc-4c0d-a26f-7b872f02ca94,b2926dc2-cc6d-4c3e-ae40-7a127c173b16 "HTTP/1.1 200 OK"
2026-08-17 16:15:00,256 - INFO - Called inventory_service, response: {'stocks': {'4cc0770f-91bc-4c0d-a26f-7b872f02ca94': 10, 'b2926dc2-cc6d-4c3e-ae40-7a127c173b16': 0}, 'total_input_tokens': 0, 'total_output_tokens': 0, 'total_llm_calls': 0}
2026-08-17 16:15:00,256 - INFO - Calling pricing_service, req: {'items': [{'product_id': '4cc0770f-91bc-4c0d-a26f-7b872f02ca94', 'qty': 1}], 'promo_codes': []}
2026-08-17 16:15:00,263 - INFO - HTTP Request: POST http://localhost:8002/price "HTTP/1.1 200 OK"
2026-08-17 16:15:00,264 - INFO - Called pricing_service, req: {'items': [{'product_id': '4cc0770f-91bc-4c0d-a26f-7b872f02ca94', 'qty': 1}], 'promo_codes': []}, response: {'items': [{'product_id': '4cc0770f-91bc-4c0d-a26f-7b872f02ca94', 'qty': 1, 'unit_price': 250.0, 'line_total': 250.0, 'discounts': 0.0}], 'subtotal': 250.0, 'total_discount': 0.0, 'total': 250.0, 'currency': 'USD', 'total_input_tokens': 0, 'total_output_tokens': 0, 'total_llm_calls': 0}
2026-08-17 16:15:00,264 - INFO - Request for search_products successfully processed, query: looking for headphone with noise cancelling under 300$, result: query='looking for headphone with noise cancelling under 300$' results=[ProductSearchResultItem(sku='4cc0770f-91bc-4c0d-a26f-7b872f02ca94', name='Noise Cancelling Headphones', description='Premium wireless headphones with active noise cancelling under 300$', price=250.0, score=4.285714285714286)] total_input_tokens=0 total_output_tokens=0 total_llm_calls=0
2026-08-17 16:15:00,271 - INFO - Request for search_products, query: looking for headphone with noise cancelling under 300$
2026-08-17 16:15:00,273 - INFO - Calling inventory_service for stock check, skus: ['4cc0770f-91bc-4c0d-a26f-7b872f02ca94', 'b2926dc2-cc6d-4c3e-ae40-7a127c173b16']
2026-08-17 16:15:00,277 - INFO - HTTP Request: GET http://localhost:8001/stock?skus=4cc0770f-91bc-4c0d-a26f-7b872f02ca94,b2926dc2-cc6d-4c3e-ae40-7a127c173b16 "HTTP/1.1 200 OK"
2026-08-17 16:15:00,278 - INFO - Called inventory_service, response: {'stocks': {'4cc0770f-91bc-4c0d-a26f-7b872f02ca94': 10, 'b2926dc2-cc6d-4c3e-ae40-7a127c173b16': 0}, 'total_input_tokens': 0, 'total_output_tokens': 0, 'total_llm_calls': 0}
2026-08-17 16:15:00,278 - INFO - Calling pricing_service, req: {'items': [{'product_id': '4cc0770f-91bc-4c0d-a26f-7b872f02ca94', 'qty': 1}], 'promo_codes': []}
2026-08-17 16:15:00,282 - INFO - HTTP Request: POST http://localhost:8002/price "HTTP/1.1 200 OK"
2026-08-17 16:15:00,283 - INFO - Called pricing_service, req: {'items': [{'product_id': '4cc0770f-91bc-4c0d-a26f-7b872f02ca94', 'qty': 1}], 'promo_codes': []}, response: {'items': [{'product_id': '4cc0770f-91bc-4c0d-a26f-7b872f02ca94', 'qty': 1, 'unit_price': 250.0, 'line_total': 250.0, 'discounts': 0.0}], 'subtotal': 250.0, 'total_discount': 0.0, 'total': 250.0, 'currency': 'USD', 'total_input_tokens': 0, 'total_output_tokens': 0, 'total_llm_calls': 0}
2026-08-17 16:15:00,283 - INFO - Request for search_products successfully processed, query: looking for headphone with noise cancelling under 300$, result: query='looking for headphone with noise cancelling under 300$' results=[ProductSearchResultItem(sku='4cc0770f-91bc-4c0d-a26f-7b872f02ca94', name='Noise Cancelling Headphones', description='Premium wireless headphones with active noise cancelling under 300$', price=250.0, score=4.285714285714286)] total_input_tokens=0 total_output_tokens=0 total_llm_calls=0
2026-08-17 16:15:00,290 - INFO - Request for search_products, query: looking for headphone with noise cancelling under 300$
2026-08-17 16:15:00,292 - INFO - Calling inventory_service for stock check, skus: ['4cc0770f-91bc-4c0d-a26f-7b872f02ca94', 'b2926dc2-cc6d-4c3e-ae40-7a127c173b16']
2026-08-17 16:15:00,297 - INFO - HTTP Request: GET http://localhost:8001/stock?skus=4cc0770f-91bc-4c0d-a26f-7b872f02ca94,b2926dc2-cc6d-4c3e-ae40-7a127c173b16 "HTTP/1.1 200 OK"
2026-08-17 16:15:00,298 - INFO - Called inventory_service, response: {'stocks': {'4cc0770f-91bc-4c0d-a26f-7b872f02ca94': 10, 'b2926dc2-cc6d-4c3e-ae40-7a127c173b16': 0}, 'total_input_tokens': 0, 'total_output_tokens': 0, 'total_llm_calls': 0}
2026-08-17 16:15:00,298 - INFO - Calling pricing_service, req: {'items': [{'product_id': '4cc0770f-91bc-4c0d-a26f-7b872f02ca94', 'qty': 1}], 'promo_codes': []}
2026-08-17 16:15:00,301 - INFO - HTTP Request: POST http://localhost:8002/price "HTTP/1.1 200 OK"
2026-08-17 16:15:00,302 - INFO - Called pricing_service, req: {'items': [{'product_id': '4cc0770f-91bc-4c0d-a26f-7b872f02ca94', 'qty': 1}], 'promo_codes': []}, response: {'items': [{'product_id': '4cc0770f-91bc-4c0d-a26f-7b872f02ca94', 'qty': 1, 'unit_price': 250.0, 'line_total': 250.0, 'discounts': 0.0}], 'subtotal': 250.0, 'total_discount': 0.0, 'total': 250.0, 'currency': 'USD', 'total_input_tokens': 0, 'total_output_tokens': 0, 'total_llm_calls': 0}
2026-08-17 16:15:00,302 - INFO - Request for search_products successfully processed, query: looking for headphone with noise cancelling under 300$, result: query='looking for headphone with noise cancelling under 300$' results=[ProductSearchResultItem(sku='4cc0770f-91bc-4c0d-a26f-7b872f02ca94', name='Noise Cancelling Headphones', description='Premium wireless headphones with active noise cancelling under 300$', price=250.0, score=4.285714285714286)] total_input_tokens=0 total_output_tokens=0 total_llm_calls=0
2026-08-17 16:15:00,310 - INFO - Request for search_products, query: looking for headphone with noise cancelling under 300$
2026-08-17 16:15:00,312 - INFO - Calling inventory_service for stock check, skus: ['4cc0770f-91bc-4c0d-a26f-7b872f02ca94', 'b2926dc2-cc6d-4c3e-ae40-7a127c173b16']
2026-08-17 16:15:00,316 - INFO - HTTP Request: GET http://localhost:8001/stock?skus=4cc0770f-91bc-4c0d-a26f-7b872f02ca94,b2926dc2-cc6d-4c3e-ae40-7a127c173b16 "HTTP/1.1 200 OK"
2026-08-17 16:15:00,316 - INFO - Called inventory_service, response: {'stocks': {'4cc0770f-91bc-4c0d-a26f-7b872f02ca94': 10, 'b2926dc2-cc6d-4c3e-ae40-7a127c173b16': 0}, 'total_input_tokens': 0, 'total_output_tokens': 0, 'total_llm_calls': 0}
2026-08-17 16:15:00,317 - INFO - Calling pricing_service, req: {'items': [{'product_id': '4cc0770f-91bc-4c0d-a26f-7b872f02ca94', 'qty': 1}], 'promo_codes': []}
2026-08-17 16:15:00,320 - INFO - HTTP Request: POST http://localhost:8002/price "HTTP/1.1 200 OK"
2026-08-17 16:15:00,321 - INFO - Called pricing_service, req: {'items': [{'product_id': '4cc0770f-91bc-4c0d-a26f-7b872f02ca94', 'qty': 1}], 'promo_codes': []}, response: {'items': [{'product_id': '4cc0770f-91bc-4c0d-a26f-7b872f02ca94', 'qty': 1, 'unit_price': 250.0, 'line_total': 250.0, 'discounts': 0.0}], 'subtotal': 250.0, 'total_discount': 0.0, 'total': 250.0, 'currency': 'USD', 'total_input_tokens': 0, 'total_output_tokens': 0, 'total_llm_calls': 0}
2026-08-17 16:15:00,321 - INFO - Request for search_products successfully processed, query: looking for headphone with noise cancelling under 300$, result: query='looking for headphone with noise cancelling under 300$' results=[ProductSearchResultItem(sku='4cc0770f-91bc-4c0d-a26f-7b872f02ca94', name='Noise Cancelling Headphones', description='Premium wireless headphones with active noise cancelling under 300$', price=250.0, score=4.285714285714286)] total_input_tokens=0 total_output_tokens=0 total_llm_calls=0
2026-08-17 16:15:00,329 - INFO - Request for search_products, query: looking for headphone with noise cancelling under 300$
2026-08-17 16:15:00,331 - INFO - Calling inventory_service for stock check, skus: ['4cc0770f-91bc-4c0d-a26f-7b872f02ca94', 'b2926dc2-cc6d-4c3e-ae40-7a127c173b16']
2026-08-17 16:15:00,335 - INFO - HTTP Request: GET http://localhost:8001/stock?skus=4cc0770f-91bc-4c0d-a26f-7b872f02ca94,b2926dc2-cc6d-4c3e-ae40-7a127c173b16 "HTTP/1.1 200 OK"
2026-08-17 16:15:00,335 - INFO - Called inventory_service, response: {'stocks': {'4cc0770f-91bc-4c0d-a26f-7b872f02ca94': 10, 'b2926dc2-cc6d-4c3e-ae40-7a127c173b16': 0}, 'total_input_tokens': 0, 'total_output_tokens': 0, 'total_llm_calls': 0}
2026-08-17 16:15:00,336 - INFO - Calling pricing_service, req: {'items': [{'product_id': '4cc0770f-91bc-4c0d-a26f-7b872f02ca94', 'qty': 1}], 'promo_codes': []}
2026-08-17 16:15:00,339 - INFO - HTTP Request: POST http://localhost:8002/price "HTTP/1.1 200 OK"
2026-08-17 16:15:00,340 - INFO - Called pricing_service, req: {'items': [{'product_id': '4cc0770f-91bc-4c0d-a26f-7b872f02ca94', 'qty': 1}], 'promo_codes': []}, response: {'items': [{'product_id': '4cc0770f-91bc-4c0d-a26f-7b872f02ca94', 'qty': 1, 'unit_price': 250.0, 'line_total': 250.0, 'discounts': 0.0}], 'subtotal': 250.0, 'total_discount': 0.0, 'total': 250.0, 'currency': 'USD', 'total_input_tokens': 0, 'total_output_tokens': 0, 'total_llm_calls': 0}
2026-08-17 16:15:00,340 - INFO - Request for search_products successfully processed, query: looking for headphone with noise cancelling under 300$, result: query='looking for headphone with noise cancelling under 300$' results=[ProductSearchResultItem(sku='4cc0770f-91bc-4c0d-a26f-7b872f02ca94', name='Noise Cancelling Headphones', description='Premium wireless headphones with active noise cancelling under 300$', price=250.0, score=4.285714285714286)] total_input_tokens=0 total_output_tokens=0 total_llm_calls=0
2026-08-17 16:15:00,348 - INFO - Request for search_products, query: looking for headphone with noise cancelling under 300$
2026-08-17 16:15:00,350 - INFO - Calling inventory_service for stock check, skus: ['4cc0770f-91bc-4c0d-a26f-7b872f02ca94', 'b2926dc2-cc6d-4c3e-ae40-7a127c173b16']
2026-08-17 16:15:00,354 - INFO - HTTP Request: GET http://localhost:8001/stock?skus=4cc0770f-91bc-4c0d-a26f-7b872f02ca94,b2926dc2-cc6d-4c3e-ae40-7a127c173b16 "HTTP/1.1 200 OK"
2026-08-17 16:15:00,354 - INFO - Called inventory_service, response: {'stocks': {'4cc0770f-91bc-4c0d-a26f-7b872f02ca94': 10, 'b2926dc2-cc6d-4c3e-ae40-7a127c173b16': 0}, 'total_input_tokens': 0, 'total_output_tokens': 0, 'total_llm_calls': 0}
2026-08-17 16:15:00,354 - INFO - Calling pricing_service, req: {'items': [{'product_id': '4cc0770f-91bc-4c0d-a26f-7b872f02ca94', 'qty': 1}], 'promo_codes': []}
2026-08-17 16:15:00,358 - INFO - HTTP Request: POST http://localhost:8002/price "HTTP/1.1 200 OK"
2026-08-17 16:15:00,359 - INFO - Called pricing_service, req: {'items': [{'product_id': '4cc0770f-91bc-4c0d-a26f-7b872f02ca94', 'qty': 1}], 'promo_codes': []}, response: {'items': [{'product_id': '4cc0770f-91bc-4c0d-a26f-7b872f02ca94', 'qty': 1, 'unit_price': 250.0, 'line_total': 250.0, 'discounts': 0.0}], 'subtotal': 250.0, 'total_discount': 0.0, 'total': 250.0, 'currency': 'USD', 'total_input_tokens': 0, 'total_output_tokens': 0, 'total_llm_calls': 0}
2026-08-17 16:15:00,359 - INFO - Request for search_products successfully processed, query: looking for headphone with noise cancelling under 300$, result: query='looking for headphone with noise cancelling under 300$' results=[ProductSearchResultItem(sku='4cc0770f-91bc-4c0d-a26f-7b872f02ca94', name='Noise Cancelling Headphones', description='Premium wireless headphones with active noise cancelling under 300$', price=250.0, score=4.285714285714286)] total_input_tokens=0 total_output_tokens=0 total_llm_calls=0
2026-08-17 16:15:00,367 - INFO - Request for search_products, query: looking for headphone with noise cancelling under 300$
2026-08-17 16:15:00,369 - INFO - Calling inventory_service for stock check, skus: ['4cc0770f-91bc-4c0d-a26f-7b872f02ca94', 'b2926dc2-cc6d-4c3e-ae40-7a127c173b16']
2026-08-17 16:15:00,373 - INFO - HTTP Request: GET http://localhost:8001/stock?skus=4cc0770f-91bc-4c0d-a26f-7b872f02ca94,b2926dc2-cc6d-4c3e-ae40-7a127c173b16 "HTTP/1.1 200 OK"
2026-08-17 16:15:00,373 - INFO - Called inventory_service, response: {'stocks': {'4cc0770f-91bc-4c0d-a26f-7b872f02ca94': 10, 'b2926dc2-cc6d-4c3e-ae40-7a127c173b16': 0}, 'total_input_tokens': 0, 'total_output_tokens': 0, 'total_llm_calls': 0}
2026-08-17 16:15:00,373 - INFO - Calling pricing_service, req: {'items': [{'product_id': '4cc0770f-91bc-4c0d-a26f-7b872f02ca94', 'qty': 1}], 'promo_codes': []}
2026-08-17 16:15:00,377 - INFO - HTTP Request: POST http://localhost:8002/price "HTTP/1.1 200 OK"
2026-08-17 16:15:00,378 - INFO - Called pricing_service, req: {'items': [{'product_id': '4cc0770f-91bc-4c0d-a26f-7b872f02ca94', 'qty': 1}], 'promo_codes': []}, response: {'items': [{'product_id': '4cc0770f-91bc-4c0d-a26f-7b872f02ca94', 'qty': 1, 'unit_price': 250.0, 'line_total': 250.0, 'discounts': 0.0}], 'subtotal': 250.0, 'total_discount': 0.0, 'total': 250.0, 'currency': 'USD', 'total_input_tokens': 0, 'total_output_tokens': 0, 'total_llm_calls': 0}
2026-08-17 16:15:00,379 - INFO - Request for search_products successfully processed, query: looking for headphone with noise cancelling under 300$, result: query='looking for headphone with noise cancelling under 300$' results=[ProductSearchResultItem(sku='4cc0770f-91bc-4c0d-a26f-7b872f02ca94', name='Noise Cancelling Headphones', description='Premium wireless headphones with active noise cancelling under 300$', price=250.0, score=4.285714285714286)] total_input_tokens=0 total_output_tokens=0 total_llm_calls=0
2026-08-17 16:15:00,386 - INFO - Request for search_products, query: looking for headphone with noise cancelling under 300$
2026-08-17 16:15:00,388 - INFO - Calling inventory_service for stock check, skus: ['4cc0770f-91bc-4c0d-a26f-7b872f02ca94', 'b2926dc2-cc6d-4c3e-ae40-7a127c173b16']
2026-08-17 16:15:00,392 - INFO - HTTP Request: GET http://localhost:8001/stock?skus=4cc0770f-91bc-4c0d-a26f-7b872f02ca94,b2926dc2-cc6d-4c3e-ae40-7a127c173b16 "HTTP/1.1 200 OK"
2026-08-17 16:15:00,393 - INFO - Called inventory_service, response: {'stocks': {'4cc0770f-91bc-4c0d-a26f-7b872f02ca94': 10, 'b2926dc2-cc6d-4c3e-ae40-7a127c173b16': 0}, 'total_input_tokens': 0, 'total_output_tokens': 0, 'total_llm_calls': 0}
2026-08-17 16:15:00,393 - INFO - Calling pricing_service, req: {'items': [{'product_id': '4cc0770f-91bc-4c0d-a26f-7b872f02ca94', 'qty': 1}], 'promo_codes': []}
2026-08-17 16:15:00,397 - INFO - HTTP Request: POST http://localhost:8002/price "HTTP/1.1 200 OK"
2026-08-17 16:15:00,398 - INFO - Called pricing_service, req: {'items': [{'product_id': '4cc0770f-91bc-4c0d-a26f-7b872f02ca94', 'qty': 1}], 'promo_codes': []}, response: {'items': [{'product_id': '4cc0770f-91bc-4c0d-a26f-7b872f02ca94', 'qty': 1, 'unit_price': 250.0, 'line_total': 250.0, 'discounts': 0.0}], 'subtotal': 250.0, 'total_discount': 0.0, 'total': 250.0, 'currency': 'USD', 'total_input_tokens': 0, 'total_output_tokens': 0, 'total_llm_calls': 0}
2026-08-17 16:15:00,398 - INFO - Request for search_products successfully processed, query: looking for headphone with noise cancelling under 300$, result: query='looking for headphone with noise cancelling under 300$' results=[ProductSearchResultItem(sku='4cc0770f-91bc-4c0d-a26f-7b872f02ca94', name='Noise Cancelling Headphones', description='Premium wireless headphones with active noise cancelling under 300$', price=250.0, score=4.285714285714286)] total_input_tokens=0 total_output_tokens=0 total_llm_calls=0
2026-08-17 16:15:00,405 - INFO - Request for search_products, query: looking for headphone with noise cancelling under 300$
2026-08-17 16:15:00,407 - INFO - Calling inventory_service for stock check, skus: ['4cc0770f-91bc-4c0d-a26f-7b872f02ca94', 'b2926dc2-cc6d-4c3e-ae40-7a127c173b16']
2026-08-17 16:15:00,411 - INFO - HTTP Request: GET http://localhost:8001/stock?skus=4cc0770f-91bc-4c0d-a26f-7b872f02ca94,b2926dc2-cc6d-4c3e-ae40-7a127c173b16 "HTTP/1.1 200 OK"
2026-08-17 16:15:00,412 - INFO - Called inventory_service, response: {'stocks': {'4cc0770f-91bc-4c0d-a26f-7b872f02ca94': 10, 'b2926dc2-cc6d-4c3e-ae40-7a127c173b16': 0}, 'total_input_tokens': 0, 'total_output_tokens': 0, 'total_llm_calls': 0}
2026-08-17 16:15:00,412 - INFO - Calling pricing_service, req: {'items': [{'product_id': '4cc0770f-91bc-4c0d-a26f-7b872f02ca94', 'qty': 1}], 'promo_codes': []}
2026-08-17 16:15:00,416 - INFO - HTTP Request: POST http://localhost:8002/price "HTTP/1.1 200 OK"
2026-08-17 16:15:00,417 - INFO - Called pricing_service, req: {'items': [{'product_id': '4cc0770f-91bc-4c0d-a26f-7b872f02ca94', 'qty': 1}], 'promo_codes': []}, response: {'items': [{'product_id': '4cc0770f-91bc-4c0d-a26f-7b872f02ca94', 'qty': 1, 'unit_price': 250.0, 'line_total': 250.0, 'discounts': 0.0}], 'subtotal': 250.0, 'total_discount': 0.0, 'total': 250.0, 'currency': 'USD', 'total_input_tokens': 0, 'total_output_tokens': 0, 'total_llm_calls': 0}
2026-08-17 16:15:00,417 - INFO - Request for search_products successfully processed, query: looking for headphone with noise cancelling under 300$, result: query='looking for headphone with noise cancelling under 300$' results=[ProductSearchResultItem(sku='4cc0770f-91bc-4c0d-a26f-7b872f02ca94', name='Noise Cancelling Headphones', description='Premium wireless headphones with active noise cancelling under 300$', price=250.0, score=4.285714285714286)] total_input_tokens=0 total_output_tokens=0 total_llm_calls=0
2026-08-17 16:15:00,424 - INFO - Request for search_products, query: looking for headphone with noise cancelling under 300$
2026-08-17 16:15:00,426 - INFO - Calling inventory_service for stock check, skus: ['4cc0770f-91bc-4c0d-a26f-7b872f02ca94', 'b2926dc2-cc6d-4c3e-ae40-7a127c173b16']
2026-08-17 16:15:00,431 - INFO - HTTP Request: GET http://localhost:8001/stock?skus=4cc0770f-91bc-4c0d-a26f-7b872f02ca94,b2926dc2-cc6d-4c3e-ae40-7a127c173b16 "HTTP/1.1 200 OK"
2026-08-17 16:15:00,431 - INFO - Called inventory_service, response: {'stocks': {'4cc0770f-91bc-4c0d-a26f-7b872f02ca94': 10, 'b2926dc2-cc6d-4c3e-ae40-7a127c173b16': 0}, 'total_input_tokens': 0, 'total_output_tokens': 0, 'total_llm_calls': 0}
2026-08-17 16:15:00,431 - INFO - Calling pricing_service, req: {'items': [{'product_id': '4cc0770f-91bc-4c0d-a26f-7b872f02ca94', 'qty': 1}], 'promo_codes': []}
2026-08-17 16:15:00,435 - INFO - HTTP Request: POST http://localhost:8002/price "HTTP/1.1 200 OK"
2026-08-17 16:15:00,436 - INFO - Called pricing_service, req: {'items': [{'product_id': '4cc0770f-91bc-4c0d-a26f-7b872f02ca94', 'qty': 1}], 'promo_codes': []}, response: {'items': [{'product_id': '4cc0770f-91bc-4c0d-a26f-7b872f02ca94', 'qty': 1, 'unit_price': 250.0, 'line_total': 250.0, 'discounts': 0.0}], 'subtotal': 250.0, 'total_discount': 0.0, 'total': 250.0, 'currency': 'USD', 'total_input_tokens': 0, 'total_output_tokens': 0, 'total_llm_calls': 0}
2026-08-17 16:15:00,436 - INFO - Request for search_products successfully processed, query: looking for headphone with noise cancelling under 300$, result: query='looking for headphone with noise cancelling under 300$' results=[ProductSearchResultItem(sku='4cc0770f-91bc-4c0d-a26f-7b872f02ca94', name='Noise Cancelling Headphones', description='Premium wireless headphones with active noise cancelling under 300$', price=250.0, score=4.285714285714286)] total_input_tokens=0 total_output_tokens=0 total_llm_calls=0
2026-08-17 16:15:00,445 - INFO - Request for search_products, query: looking for headphone with noise cancelling under 300$
2026-08-17 16:15:00,447 - INFO - Calling inventory_service for stock check, skus: ['4cc0770f-91bc-4c0d-a26f-7b872f02ca94', 'b2926dc2-cc6d-4c3e-ae40-7a127c173b16']
2026-08-17 16:15:00,451 - INFO - HTTP Request: GET http://localhost:8001/stock?skus=4cc0770f-91bc-4c0d-a26f-7b872f02ca94,b2926dc2-cc6d-4c3e-ae40-7a127c173b16 "HTTP/1.1 200 OK"
2026-08-17 16:15:00,452 - INFO - Called inventory_service, response: {'stocks': {'4cc0770f-91bc-4c0d-a26f-7b872f02ca94': 10, 'b2926dc2-cc6d-4c3e-ae40-7a127c173b16': 0}, 'total_input_tokens': 0, 'total_output_tokens': 0, 'total_llm_calls': 0}
2026-08-17 16:15:00,452 - INFO - Calling pricing_service, req: {'items': [{'product_id': '4cc0770f-91bc-4c0d-a26f-7b872f02ca94', 'qty': 1}], 'promo_codes': []}
2026-08-17 16:15:00,456 - INFO - HTTP Request: POST http://localhost:8002/price "HTTP/1.1 200 OK"
2026-08-17 16:15:00,456 - INFO - Called pricing_service, req: {'items': [{'product_id': '4cc0770f-91bc-4c0d-a26f-7b872f02ca94', 'qty': 1}], 'promo_codes': []}, response: {'items': [{'product_id': '4cc0770f-91bc-4c0d-a26f-7b872f02ca94', 'qty': 1, 'unit_price': 250.0, 'line_total': 250.0, 'discounts': 0.0}], 'subtotal': 250.0, 'total_discount': 0.0, 'total': 250.0, 'currency': 'USD', 'total_input_tokens': 0, 'total_output_tokens': 0, 'total_llm_calls': 0}
2026-08-17 16:15:00,457 - INFO - Request for search_products successfully processed, query: looking for headphone with noise cancelling under 300$, result: query='looking for headphone with noise cancelling under 300$' results=[ProductSearchResultItem(sku='4cc0770f-91bc-4c0d-a26f-7b872f02ca94', name='Noise Cancelling Headphones', description='Premium wireless headphones with active noise cancelling under 300$', price=250.0, score=4.285714285714286)] total_input_tokens=0 total_output_tokens=0 total_llm_calls=0
2026-08-17 16:15:00,466 - INFO - Request for search_products, query: looking for headphone with noise cancelling under 300$
2026-08-17 16:15:00,467 - INFO - Calling inventory_service for stock check, skus: ['4cc0770f-91bc-4c0d-a26f-7b872f02ca94', 'b2926dc2-cc6d-4c3e-ae40-7a127c173b16']
2026-08-17 16:15:00,471 - INFO - HTTP Request: GET http://localhost:8001/stock?skus=4cc0770f-91bc-4c0d-a26f-7b872f02ca94,b2926dc2-cc6d-4c3e-ae40-7a127c173b16 "HTTP/1.1 200 OK"
2026-08-17 16:15:00,472 - INFO - Called inventory_service, response: {'stocks': {'4cc0770f-91bc-4c0d-a26f-7b872f02ca94': 10, 'b2926dc2-cc6d-4c3e-ae40-7a127c173b16': 0}, 'total_input_tokens': 0, 'total_output_tokens': 0, 'total_llm_calls': 0}
2026-08-17 16:15:00,472 - INFO - Calling pricing_service, req: {'items': [{'product_id': '4cc0770f-91bc-4c0d-a26f-7b872f02ca94', 'qty': 1}], 'promo_codes': []}
2026-08-17 16:15:00,476 - INFO - HTTP Request: POST http://localhost:8002/price "HTTP/1.1 200 OK"
2026-08-17 16:15:00,477 - INFO - Called pricing_service, req: {'items': [{'product_id': '4cc0770f-91bc-4c0d-a26f-7b872f02ca94', 'qty': 1}], 'promo_codes': []}, response: {'items': [{'product_id': '4cc0770f-91bc-4c0d-a26f-7b872f02ca94', 'qty': 1, 'unit_price': 250.0, 'line_total': 250.0, 'discounts': 0.0}], 'subtotal': 250.0, 'total_discount': 0.0, 'total': 250.0, 'currency': 'USD', 'total_input_tokens': 0, 'total_output_tokens': 0, 'total_llm_calls': 0}
2026-08-17 16:15:00,477 - INFO - Request for search_products successfully processed, query: looking for headphone with noise cancelling under 300$, result: query='looking for headphone with noise cancelling under 300$' results=[ProductSearchResultItem(sku='4cc0770f-91bc-4c0d-a26f-7b872f02ca94', name='Noise Cancelling Headphones', description='Premium wireless headphones with active noise cancelling under 300$', price=250.0, score=4.285714285714286)] total_input_tokens=0 total_output_tokens=0 total_llm_calls=0
2026-08-17 16:15:00,485 - INFO - Request for search_products, query: looking for headphone with noise cancelling under 300$
2026-08-17 16:15:00,486 - INFO - Calling inventory_service for stock check, skus: ['4cc0770f-91bc-4c0d-a26f-7b872f02ca94', 'b2926dc2-cc6d-4c3e-ae40-7a127c173b16']
2026-08-17 16:15:00,490 - INFO - HTTP Request: GET http://localhost:8001/stock?skus=4cc0770f-91bc-4c0d-a26f-7b872f02ca94,b2926dc2-cc6d-4c3e-ae40-7a127c173b16 "HTTP/1.1 200 OK"
2026-08-17 16:15:00,491 - INFO - Called inventory_service, response: {'stocks': {'4cc0770f-91bc-4c0d-a26f-7b872f02ca94': 10, 'b2926dc2-cc6d-4c3e-ae40-7a127c173b16': 0}, 'total_input_tokens': 0, 'total_output_tokens': 0, 'total_llm_calls': 0}
2026-08-17 16:15:00,491 - INFO - Calling pricing_service, req: {'items': [{'product_id': '4cc0770f-91bc-4c0d-a26f-7b872f02ca94', 'qty': 1}], 'promo_codes': []}
2026-08-17 16:15:00,495 - INFO - HTTP Request: POST http://localhost:8002/price "HTTP/1.1 200 OK"
2026-08-17 16:15:00,496 - INFO - Called pricing_service, req: {'items': [{'product_id': '4cc0770f-91bc-4c0d-a26f-7b872f02ca94', 'qty': 1}], 'promo_codes': []}, response: {'items': [{'product_id': '4cc0770f-91bc-4c0d-a26f-7b872f02ca94', 'qty': 1, 'unit_price': 250.0, 'line_total': 250.0, 'discounts': 0.0}], 'subtotal': 250.0, 'total_discount': 0.0, 'total': 250.0, 'currency': 'USD', 'total_input_tokens': 0, 'total_output_tokens': 0, 'total_llm_calls': 0}
2026-08-17 16:15:00,496 - INFO - Request for search_products successfully processed, query: looking for headphone with noise cancelling under 300$, result: query='looking for headphone with noise cancelling under 300$' results=[ProductSearchResultItem(sku='4cc0770f-91bc-4c0d-a26f-7b872f02ca94', name='Noise Cancelling Headphones', description='Premium wireless headphones with active noise cancelling under 300$', price=250.0, score=4.285714285714286)] total_input_tokens=0 total_output_tokens=0 total_llm_calls=0
2026-08-17 16:15:00,503 - INFO - Request for search_products, query: looking for headphone with noise cancelling under 300$
2026-08-17 16:15:00,505 - INFO - Calling inventory_service for stock check, skus: ['4cc0770f-91bc-4c0d-a26f-7b872f02ca94', 'b2926dc2-cc6d-4c3e-ae40-7a127c173b16']
2026-08-17 16:15:00,510 - INFO - HTTP Request: GET http://localhost:8001/stock?skus=4cc0770f-91bc-4c0d-a26f-7b872f02ca94,b2926dc2-cc6d-4c3e-ae40-7a127c173b16 "HTTP/1.1 200 OK"
2026-08-17 16:15:00,511 - INFO - Called inventory_service, response: {'stocks': {'4cc0770f-91bc-4c0d-a26f-7b872f02ca94': 10, 'b2926dc2-cc6d-4c3e-ae40-7a127c173b16': 0}, 'total_input_tokens': 0, 'total_output_tokens': 0, 'total_llm_calls': 0}
2026-08-17 16:15:00,511 - INFO - Calling pricing_service, req: {'items': [{'product_id': '4cc0770f-91bc-4c0d-a26f-7b872f02ca94', 'qty': 1}], 'promo_codes': []}
2026-08-17 16:15:00,515 - INFO - HTTP Request: POST http://localhost:8002/price "HTTP/1.1 200 OK"
2026-08-17 16:15:00,516 - INFO - Called pricing_service, req: {'items': [{'product_id': '4cc0770f-91bc-4c0d-a26f-7b872f02ca94', 'qty': 1}], 'promo_codes': []}, response: {'items': [{'product_id': '4cc0770f-91bc-4c0d-a26f-7b872f02ca94', 'qty': 1, 'unit_price': 250.0, 'line_total': 250.0, 'discounts': 0.0}], 'subtotal': 250.0, 'total_discount': 0.0, 'total': 250.0, 'currency': 'USD', 'total_input_tokens': 0, 'total_output_tokens': 0, 'total_llm_calls': 0}
2026-08-17 16:15:00,516 - INFO - Request for search_products successfully processed, query: looking for headphone with noise cancelling under 300$, result: query='looking for headphone with noise cancelling under 300$' results=[ProductSearchResultItem(sku='4cc0770f-91bc-4c0d-a26f-7b872f02ca94', name='Noise Cancelling Headphones', description='Premium wireless headphones with active noise cancelling under 300$', price=250.0, score=4.285714285714286)] total_input_tokens=0 total_output_tokens=0 total_llm_calls=0
2026-08-17 16:15:00,527 - INFO - Request for search_products, query: looking for headphone with noise cancelling under 300$
2026-08-17 16:15:00,529 - INFO - Calling inventory_service for stock check, skus: ['4cc0770f-91bc-4c0d-a26f-7b872f02ca94', 'b2926dc2-cc6d-4c3e-ae40-7a127c173b16']
2026-08-17 16:15:00,534 - INFO - HTTP Request: GET http://localhost:8001/stock?skus=4cc0770f-91bc-4c0d-a26f-7b872f02ca94,b2926dc2-cc6d-4c3e-ae40-7a127c173b16 "HTTP/1.1 200 OK"
2026-08-17 16:15:00,534 - INFO - Called inventory_service, response: {'stocks': {'4cc0770f-91bc-4c0d-a26f-7b872f02ca94': 10, 'b2926dc2-cc6d-4c3e-ae40-7a127c173b16': 0}, 'total_input_tokens': 0, 'total_output_tokens': 0, 'total_llm_calls': 0}
2026-08-17 16:15:00,534 - INFO - Calling pricing_service, req: {'items': [{'product_id': '4cc0770f-91bc-4c0d-a26f-7b872f02ca94', 'qty': 1}], 'promo_codes': []}
2026-08-17 16:15:00,538 - INFO - HTTP Request: POST http://localhost:8002/price "HTTP/1.1 200 OK"
2026-08-17 16:15:00,538 - INFO - Called pricing_service, req: {'items': [{'product_id': '4cc0770f-91bc-4c0d-a26f-7b872f02ca94', 'qty': 1}], 'promo_codes': []}, response: {'items': [{'product_id': '4cc0770f-91bc-4c0d-a26f-7b872f02ca94', 'qty': 1, 'unit_price': 250.0, 'line_total': 250.0, 'discounts': 0.0}], 'subtotal': 250.0, 'total_discount': 0.0, 'total': 250.0, 'currency': 'USD', 'total_input_tokens': 0, 'total_output_tokens': 0, 'total_llm_calls': 0}
2026-08-17 16:15:00,539 - INFO - Request for search_products successfully processed, query: looking for headphone with noise cancelling under 300$, result: query='looking for headphone with noise cancelling under 300$' results=[ProductSearchResultItem(sku='4cc0770f-91bc-4c0d-a26f-7b872f02ca94', name='Noise Cancelling Headphones', description='Premium wireless headphones with active noise cancelling under 300$', price=250.0, score=4.285714285714286)] total_input_tokens=0 total_output_tokens=0 total_llm_calls=0
2026-08-17 16:15:00,547 - INFO - Request for search_products, query: looking for headphone with noise cancelling under 300$
2026-08-17 16:15:00,548 - INFO - Calling inventory_service for stock check, skus: ['4cc0770f-91bc-4c0d-a26f-7b872f02ca94', 'b2926dc2-cc6d-4c3e-ae40-7a127c173b16']
2026-08-17 16:15:00,552 - INFO - HTTP Request: GET http://localhost:8001/stock?skus=4cc0770f-91bc-4c0d-a26f-7b872f02ca94,b2926dc2-cc6d-4c3e-ae40-7a127c173b16 "HTTP/1.1 200 OK"
2026-08-17 16:15:00,553 - INFO - Called inventory_service, response: {'stocks': {'4cc0770f-91bc-4c0d-a26f-7b872f02ca94': 10, 'b2926dc2-cc6d-4c3e-ae40-7a127c173b16': 0}, 'total_input_tokens': 0, 'total_output_tokens': 0, 'total_llm_calls': 0}
2026-08-17 16:15:00,553 - INFO - Calling pricing_service, req: {'items': [{'product_id': '4cc0770f-91bc-4c0d-a26f-7b872f02ca94', 'qty': 1}], 'promo_codes': []}
2026-08-17 16:15:00,556 - INFO - HTTP Request: POST http://localhost:8002/price "HTTP/1.1 200 OK"
2026-08-17 16:15:00,557 - INFO - Called pricing_service, req: {'items': [{'product_id': '4cc0770f-91bc-4c0d-a26f-7b872f02ca94', 'qty': 1}], 'promo_codes': []}, response: {'items': [{'product_id': '4cc0770f-91bc-4c0d-a26f-7b872f02ca94', 'qty': 1, 'unit_price': 250.0, 'line_total': 250.0, 'discounts': 0.0}], 'subtotal': 250.0, 'total_discount': 0.0, 'total': 250.0, 'currency': 'USD', 'total_input_tokens': 0, 'total_output_tokens': 0, 'total_llm_calls': 0}
2026-08-17 16:15:00,557 - INFO - Request for search_products successfully processed, query: looking for headphone with noise cancelling under 300$, result: query='looking for headphone with noise cancelling under 300$' results=[ProductSearchResultItem(sku='4cc0770f-91bc-4c0d-a26f-7b872f02ca94', name='Noise Cancelling Headphones', description='Premium wireless headphones with active noise cancelling under 300$', price=250.0, score=4.285714285714286)] total_input_tokens=0 total_output_tokens=0 total_llm_calls=0
2026-08-17 16:15:00,566 - INFO - Request for search_products, query: looking for headphone with noise cancelling under 300$
2026-08-17 16:15:00,568 - INFO - Calling inventory_service for stock check, skus: ['4cc0770f-91bc-4c0d-a26f-7b872f02ca94', 'b2926dc2-cc6d-4c3e-ae40-7a127c173b16']
2026-08-17 16:15:00,572 - INFO - HTTP Request: GET http://localhost:8001/stock?skus=4cc0770f-91bc-4c0d-a26f-7b872f02ca94,b2926dc2-cc6d-4c3e-ae40-7a127c173b16 "HTTP/1.1 200 OK"
2026-08-17 16:15:00,572 - INFO - Called inventory_service, response: {'stocks': {'4cc0770f-91bc-4c0d-a26f-7b872f02ca94': 10, 'b2926dc2-cc6d-4c3e-ae40-7a127c173b16': 0}, 'total_input_tokens': 0, 'total_output_tokens': 0, 'total_llm_calls': 0}
2026-08-17 16:15:00,573 - INFO - Calling pricing_service, req: {'items': [{'product_id': '4cc0770f-91bc-4c0d-a26f-7b872f02ca94', 'qty': 1}], 'promo_codes': []}
2026-08-17 16:15:00,576 - INFO - HTTP Request: POST http://localhost:8002/price "HTTP/1.1 200 OK"
2026-08-17 16:15:00,577 - INFO - Called pricing_service, req: {'items': [{'product_id': '4cc0770f-91bc-4c0d-a26f-7b872f02ca94', 'qty': 1}], 'promo_codes': []}, response: {'items': [{'product_id': '4cc0770f-91bc-4c0d-a26f-7b872f02ca94', 'qty': 1, 'unit_price': 250.0, 'line_total': 250.0, 'discounts': 0.0}], 'subtotal': 250.0, 'total_discount': 0.0, 'total': 250.0, 'currency': 'USD', 'total_input_tokens': 0, 'total_output_tokens': 0, 'total_llm_calls': 0}
2026-08-17 16:15:00,577 - INFO - Request for search_products successfully processed, query: looking for headphone with noise cancelling under 300$, result: query='looking for headphone with noise cancelling under 300$' results=[ProductSearchResultItem(sku='4cc0770f-91bc-4c0d-a26f-7b872f02ca94', name='Noise Cancelling Headphones', description='Premium wireless headphones with active noise cancelling under 300$', price=250.0, score=4.285714285714286)] total_input_tokens=0 total_output_tokens=0 total_llm_calls=0
2026-08-17 16:15:00,585 - INFO - Request for search_products, query: looking for headphone with noise cancelling under 300$
2026-08-17 16:15:00,587 - INFO - Calling inventory_service for stock check, skus: ['4cc0770f-91bc-4c0d-a26f-7b872f02ca94', 'b2926dc2-cc6d-4c3e-ae40-7a127c173b16']
2026-08-17 16:15:00,591 - INFO - HTTP Request: GET http://localhost:8001/stock?skus=4cc0770f-91bc-4c0d-a26f-7b872f02ca94,b2926dc2-cc6d-4c3e-ae40-7a127c173b16 "HTTP/1.1 200 OK"
2026-08-17 16:15:00,592 - INFO - Called inventory_service, response: {'stocks': {'4cc0770f-91bc-4c0d-a26f-7b872f02ca94': 10, 'b2926dc2-cc6d-4c3e-ae40-7a127c173b16': 0}, 'total_input_tokens': 0, 'total_output_tokens': 0, 'total_llm_calls': 0}
2026-08-17 16:15:00,592 - INFO - Calling pricing_service, req: {'items': [{'product_id': '4cc0770f-91bc-4c0d-a26f-7b872f02ca94', 'qty': 1}], 'promo_codes': []}
2026-08-17 16:15:00,597 - INFO - HTTP Request: POST http://localhost:8002/price "HTTP/1.1 200 OK"
2026-08-17 16:15:00,597 - INFO - Called pricing_service, req: {'items': [{'product_id': '4cc0770f-91bc-4c0d-a26f-7b872f02ca94', 'qty': 1}], 'promo_codes': []}, response: {'items': [{'product_id': '4cc0770f-91bc-4c0d-a26f-7b872f02ca94', 'qty': 1, 'unit_price': 250.0, 'line_total': 250.0, 'discounts': 0.0}], 'subtotal': 250.0, 'total_discount': 0.0, 'total': 250.0, 'currency': 'USD', 'total_input_tokens': 0, 'total_output_tokens': 0, 'total_llm_calls': 0}
2026-08-17 16:15:00,598 - INFO - Request for search_products successfully processed, query: looking for headphone with noise cancelling under 300$, result: query='looking for headphone with noise cancelling under 300$' results=[ProductSearchResultItem(sku='4cc0770f-91bc-4c0d-a26f-7b872f02ca94', name='Noise Cancelling Headphones', description='Premium wireless headphones with active noise cancelling under 300$', price=250.0, score=4.285714285714286)] total_input_tokens=0 total_output_tokens=0 total_llm_calls=0
2026-08-17 16:15:00,605 - INFO - Request for search_products, query: looking for headphone with noise cancelling under 300$
2026-08-17 16:15:00,607 - INFO - Calling inventory_service for stock check, skus: ['4cc0770f-91bc-4c0d-a26f-7b872f02ca94', 'b2926dc2-cc6d-4c3e-ae40-7a127c173b16']
2026-08-17 16:15:00,612 - INFO - HTTP Request: GET http://localhost:8001/stock?skus=4cc0770f-91bc-4c0d-a26f-7b872f02ca94,b2926dc2-cc6d-4c3e-ae40-7a127c173b16 "HTTP/1.1 200 OK"
2026-08-17 16:15:00,613 - INFO - Called inventory_service, response: {'stocks': {'4cc0770f-91bc-4c0d-a26f-7b872f02ca94': 10, 'b2926dc2-cc6d-4c3e-ae40-7a127c173b16': 0}, 'total_input_tokens': 0, 'total_output_tokens': 0, 'total_llm_calls': 0}
2026-08-17 16:15:00,613 - INFO - Calling pricing_service, req: {'items': [{'product_id': '4cc0770f-91bc-4c0d-a26f-7b872f02ca94', 'qty': 1}], 'promo_codes': []}
2026-08-17 16:15:00,617 - INFO - HTTP Request: POST http://localhost:8002/price "HTTP/1.1 200 OK"
2026-08-17 16:15:00,617 - INFO - Called pricing_service, req: {'items': [{'product_id': '4cc0770f-91bc-4c0d-a26f-7b872f02ca94', 'qty': 1}], 'promo_codes': []}, response: {'items': [{'product_id': '4cc0770f-91bc-4c0d-a26f-7b872f02ca94', 'qty': 1, 'unit_price': 250.0, 'line_total': 250.0, 'discounts': 0.0}], 'subtotal': 250.0, 'total_discount': 0.0, 'total': 250.0, 'currency': 'USD', 'total_input_tokens': 0, 'total_output_tokens': 0, 'total_llm_calls': 0}
2026-08-17 16:15:00,617 - INFO - Request for search_products successfully processed, query: looking for headphone with noise cancelling under 300$, result: query='looking for headphone with noise cancelling under 300$' results=[ProductSearchResultItem(sku='4cc0770f-91bc-4c0d-a26f-7b872f02ca94', name='Noise Cancelling Headphones', description='Premium wireless headphones with active noise cancelling under 300$', price=250.0, score=4.285714285714286)] total_input_tokens=0 total_output_tokens=0 total_llm_calls=0
2026-08-17 16:15:00,625 - INFO - Request for search_products, query: looking for headphone with noise cancelling under 300$
2026-08-17 16:15:00,627 - INFO - Calling inventory_service for stock check, skus: ['4cc0770f-91bc-4c0d-a26f-7b872f02ca94', 'b2926dc2-cc6d-4c3e-ae40-7a127c173b16']
2026-08-17 16:15:00,631 - INFO - HTTP Request: GET http://localhost:8001/stock?skus=4cc0770f-91bc-4c0d-a26f-7b872f02ca94,b2926dc2-cc6d-4c3e-ae40-7a127c173b16 "HTTP/1.1 200 OK"
2026-08-17 16:15:00,632 - INFO - Called inventory_service, response: {'stocks': {'4cc0770f-91bc-4c0d-a26f-7b872f02ca94': 10, 'b2926dc2-cc6d-4c3e-ae40-7a127c173b16': 0}, 'total_input_tokens': 0, 'total_output_tokens': 0, 'total_llm_calls': 0}
2026-08-17 16:15:00,632 - INFO - Calling pricing_service, req: {'items': [{'product_id': '4cc0770f-91bc-4c0d-a26f-7b872f02ca94', 'qty': 1}], 'promo_codes': []}
2026-08-17 16:15:00,635 - INFO - HTTP Request: POST http://localhost:8002/price "HTTP/1.1 200 OK"
2026-08-17 16:15:00,636 - INFO - Called pricing_service, req: {'items': [{'product_id': '4cc0770f-91bc-4c0d-a26f-7b872f02ca94', 'qty': 1}], 'promo_codes': []}, response: {'items': [{'product_id': '4cc0770f-91bc-4c0d-a26f-7b872f02ca94', 'qty': 1, 'unit_price': 250.0, 'line_total': 250.0, 'discounts': 0.0}], 'subtotal': 250.0, 'total_discount': 0.0, 'total': 250.0, 'currency': 'USD', 'total_input_tokens': 0, 'total_output_tokens': 0, 'total_llm_calls': 0}
2026-08-17 16:15:00,636 - INFO - Request for search_products successfully processed, query: looking for headphone with noise cancelling under 300$, result: query='looking for headphone with noise cancelling under 300$' results=[ProductSearchResultItem(sku='4cc0770f-91bc-4c0d-a26f-7b872f02ca94', name='Noise Cancelling Headphones', description='Premium wireless headphones with active noise cancelling under 300$', price=250.0, score=4.285714285714286)] total_input_tokens=0 total_output_tokens=0 total_llm_calls=0
2026-08-17 16:15:00,644 - INFO - Request for search_products, query: looking for headphone with noise cancelling under 300$
2026-08-17 16:15:00,645 - INFO - Calling inventory_service for stock check, skus: ['4cc0770f-91bc-4c0d-a26f-7b872f02ca94', 'b2926dc2-cc6d-4c3e-ae40-7a127c173b16']
2026-08-17 16:15:00,650 - INFO - HTTP Request: GET http://localhost:8001/stock?skus=4cc0770f-91bc-4c0d-a26f-7b872f02ca94,b2926dc2-cc6d-4c3e-ae40-7a127c173b16 "HTTP/1.1 200 OK"
2026-08-17 16:15:00,650 - INFO - Called inventory_service, response: {'stocks': {'4cc0770f-91bc-4c0d-a26f-7b872f02ca94': 10, 'b2926dc2-cc6d-4c3e-ae40-7a127c173b16': 0}, 'total_input_tokens': 0, 'total_output_tokens': 0, 'total_llm_calls': 0}
2026-08-17 16:15:00,650 - INFO - Calling pricing_service, req: {'items': [{'product_id': '4cc0770f-91bc-4c0d-a26f-7b872f02ca94', 'qty': 1}], 'promo_codes': []}
2026-08-17 16:15:00,654 - INFO - HTTP Request: POST http://localhost:8002/price "HTTP/1.1 200 OK"
2026-08-17 16:15:00,654 - INFO - Called pricing_service, req: {'items': [{'product_id': '4cc0770f-91bc-4c0d-a26f-7b872f02ca94', 'qty': 1}], 'promo_codes': []}, response: {'items': [{'product_id': '4cc0770f-91bc-4c0d-a26f-7b872f02ca94', 'qty': 1, 'unit_price': 250.0, 'line_total': 250.0, 'discounts': 0.0}], 'subtotal': 250.0, 'total_discount': 0.0, 'total': 250.0, 'currency': 'USD', 'total_input_tokens': 0, 'total_output_tokens': 0, 'total_llm_calls': 0}
2026-08-17 16:15:00,655 - INFO - Request for search_products successfully processed, query: looking for headphone with noise cancelling under 300$, result: query='looking for headphone with noise cancelling under 300$' results=[ProductSearchResultItem(sku='4cc0770f-91bc-4c0d-a26f-7b872f02ca94', name='Noise Cancelling Headphones', description='Premium wireless headphones with active noise cancelling under 300$', price=250.0, score=4.285714285714286)] total_input_tokens=0 total_output_tokens=0 total_llm_calls=0
2026-08-17 16:15:00,663 - INFO - Request for search_products, query: looking for headphone with noise cancelling under 300$
2026-08-17 16:15:00,665 - INFO - Calling inventory_service for stock check, skus: ['4cc0770f-91bc-4c0d-a26f-7b872f02ca94', 'b2926dc2-cc6d-4c3e-ae40-7a127c173b16']
2026-08-17 16:15:00,669 - INFO - HTTP Request: GET http://localhost:8001/stock?skus=4cc0770f-91bc-4c0d-a26f-7b872f02ca94,b2926dc2-cc6d-4c3e-ae40-7a127c173b16 "HTTP/1.1 200 OK"
2026-08-17 16:15:00,670 - INFO - Called inventory_service, response: {'stocks': {'4cc0770f-91bc-4c0d-a26f-7b872f02ca94': 10, 'b2926dc2-cc6d-4c3e-ae40-7a127c173b16': 0}, 'total_input_tokens': 0, 'total_output_tokens': 0, 'total_llm_calls': 0}
2026-08-17 16:15:00,670 - INFO - Calling pricing_service, req: {'items': [{'product_id': '4cc0770f-91bc-4c0d-a26f-7b872f02ca94', 'qty': 1}], 'promo_codes': []}
2026-08-17 16:15:00,673 - INFO - HTTP Request: POST http://localhost:8002/price "HTTP/1.1 200 OK"
2026-08-17 16:15:00,674 - INFO - Called pricing_service, req: {'items': [{'product_id': '4cc0770f-91bc-4c0d-a26f-7b872f02ca94', 'qty': 1}], 'promo_codes': []}, response: {'items': [{'product_id': '4cc0770f-91bc-4c0d-a26f-7b872f02ca94', 'qty': 1, 'unit_price': 250.0, 'line_total': 250.0, 'discounts': 0.0}], 'subtotal': 250.0, 'total_discount': 0.0, 'total': 250.0, 'currency': 'USD', 'total_input_tokens': 0, 'total_output_tokens': 0, 'total_llm_calls': 0}
2026-08-17 16:15:00,674 - INFO - Request for search_products successfully processed, query: looking for headphone with noise cancelling under 300$, result: query='looking for headphone with noise cancelling under 300$' results=[ProductSearchResultItem(sku='4cc0770f-91bc-4c0d-a26f-7b872f02ca94', name='Noise Cancelling Headphones', description='Premium wireless headphones with active noise cancelling under 300$', price=250.0, score=4.285714285714286)] total_input_tokens=0 total_output_tokens=0 total_llm_calls=0
2026-08-17 16:15:00,683 - INFO - Request for search_products, query: looking for headphone with noise cancelling under 300$
2026-08-17 16:15:00,684 - INFO - Calling inventory_service for stock check, skus: ['4cc0770f-91bc-4c0d-a26f-7b872f02ca94', 'b2926dc2-cc6d-4c3e-ae40-7a127c173b16']
2026-08-17 16:15:00,688 - INFO - HTTP Request: GET http://localhost:8001/stock?skus=4cc0770f-91bc-4c0d-a26f-7b872f02ca94,b2926dc2-cc6d-4c3e-ae40-7a127c173b16 "HTTP/1.1 200 OK"
2026-08-17 16:15:00,689 - INFO - Called inventory_service, response: {'stocks': {'4cc0770f-91bc-4c0d-a26f-7b872f02ca94': 10, 'b2926dc2-cc6d-4c3e-ae40-7a127c173b16': 0}, 'total_input_tokens': 0, 'total_output_tokens': 0, 'total_llm_calls': 0}
2026-08-17 16:15:00,689 - INFO - Calling pricing_service, req: {'items': [{'product_id': '4cc0770f-91bc-4c0d-a26f-7b872f02ca94', 'qty': 1}], 'promo_codes': []}
2026-08-17 16:15:00,693 - INFO - HTTP Request: POST http://localhost:8002/price "HTTP/1.1 200 OK"
2026-08-17 16:15:00,694 - INFO - Called pricing_service, req: {'items': [{'product_id': '4cc0770f-91bc-4c0d-a26f-7b872f02ca94', 'qty': 1}], 'promo_codes': []}, response: {'items': [{'product_id': '4cc0770f-91bc-4c0d-a26f-7b872f02ca94', 'qty': 1, 'unit_price': 250.0, 'line_total': 250.0, 'discounts': 0.0}], 'subtotal': 250.0, 'total_discount': 0.0, 'total': 250.0, 'currency': 'USD', 'total_input_tokens': 0, 'total_output_tokens': 0, 'total_llm_calls': 0}
2026-08-17 16:15:00,694 - INFO - Request for search_products successfully processed, query: looking for headphone with noise cancelling under 300$, result: query='looking for headphone with noise cancelling under 300$' results=[ProductSearchResultItem(sku='4cc0770f-91bc-4c0d-a26f-7b872f02ca94', name='Noise Cancelling Headphones', description='Premium wireless headphones with active noise cancelling under 300$', price=250.0, score=4.285714285714286)] total_input_tokens=0 total_output_tokens=0 total_llm_calls=0
2026-08-17 16:15:00,703 - INFO - Request for search_products, query: looking for headphone with noise cancelling under 300$
2026-08-17 16:15:00,704 - INFO - Calling inventory_service for stock check, skus: ['4cc0770f-91bc-4c0d-a26f-7b872f02ca94', 'b2926dc2-cc6d-4c3e-ae40-7a127c173b16']
2026-08-17 16:15:00,709 - INFO - HTTP Request: GET http://localhost:8001/stock?skus=4cc0770f-91bc-4c0d-a26f-7b872f02ca94,b2926dc2-cc6d-4c3e-ae40-7a127c173b16 "HTTP/1.1 200 OK"
2026-08-17 16:15:00,709 - INFO - Called inventory_service, response: {'stocks': {'4cc0770f-91bc-4c0d-a26f-7b872f02ca94': 10, 'b2926dc2-cc6d-4c3e-ae40-7a127c173b16': 0}, 'total_input_tokens': 0, 'total_output_tokens': 0, 'total_llm_calls': 0}
2026-08-17 16:15:00,710 - INFO - Calling pricing_service, req: {'items': [{'product_id': '4cc0770f-91bc-4c0d-a26f-7b872f02ca94', 'qty': 1}], 'promo_codes': []}
2026-08-17 16:15:00,714 - INFO - HTTP Request: POST http://localhost:8002/price "HTTP/1.1 200 OK"
2026-08-17 16:15:00,714 - INFO - Called pricing_service, req: {'items': [{'product_id': '4cc0770f-91bc-4c0d-a26f-7b872f02ca94', 'qty': 1}], 'promo_codes': []}, response: {'items': [{'product_id': '4cc0770f-91bc-4c0d-a26f-7b872f02ca94', 'qty': 1, 'unit_price': 250.0, 'line_total': 250.0, 'discounts': 0.0}], 'subtotal': 250.0, 'total_discount': 0.0, 'total': 250.0, 'currency': 'USD', 'total_input_tokens': 0, 'total_output_tokens': 0, 'total_llm_calls': 0}
2026-08-17 16:15:00,715 - INFO - Request for search_products successfully processed, query: looking for headphone with noise cancelling under 300$, result: query='looking for headphone with noise cancelling under 300$' results=[ProductSearchResultItem(sku='4cc0770f-91bc-4c0d-a26f-7b872f02ca94', name='Noise Cancelling Headphones', description='Premium wireless headphones with active noise cancelling under 300$', price=250.0, score=4.285714285714286)] total_input_tokens=0 total_output_tokens=0 total_llm_calls=0
2026-08-17 16:15:00,722 - INFO - Request for search_products, query: looking for headphone with noise cancelling under 300$
2026-08-17 16:15:00,724 - INFO - Calling inventory_service for stock check, skus: ['4cc0770f-91bc-4c0d-a26f-7b872f02ca94', 'b2926dc2-cc6d-4c3e-ae40-7a127c173b16']
2026-08-17 16:15:00,729 - INFO - HTTP Request: GET http://localhost:8001/stock?skus=4cc0770f-91bc-4c0d-a26f-7b872f02ca94,b2926dc2-cc6d-4c3e-ae40-7a127c173b16 "HTTP/1.1 200 OK"
2026-08-17 16:15:00,729 - INFO - Called inventory_service, response: {'stocks': {'4cc0770f-91bc-4c0d-a26f-7b872f02ca94': 10, 'b2926dc2-cc6d-4c3e-ae40-7a127c173b16': 0}, 'total_input_tokens': 0, 'total_output_tokens': 0, 'total_llm_calls': 0}
2026-08-17 16:15:00,730 - INFO - Calling pricing_service, req: {'items': [{'product_id': '4cc0770f-91bc-4c0d-a26f-7b872f02ca94', 'qty': 1}], 'promo_codes': []}
2026-08-17 16:15:00,733 - INFO - HTTP Request: POST http://localhost:8002/price "HTTP/1.1 200 OK"
2026-08-17 16:15:00,734 - INFO - Called pricing_service, req: {'items': [{'product_id': '4cc0770f-91bc-4c0d-a26f-7b872f02ca94', 'qty': 1}], 'promo_codes': []}, response: {'items': [{'product_id': '4cc0770f-91bc-4c0d-a26f-7b872f02ca94', 'qty': 1, 'unit_price': 250.0, 'line_total': 250.0, 'discounts': 0.0}], 'subtotal': 250.0, 'total_discount': 0.0, 'total': 250.0, 'currency': 'USD', 'total_input_tokens': 0, 'total_output_tokens': 0, 'total_llm_calls': 0}
2026-08-17 16:15:00,734 - INFO - Request for search_products successfully processed, query: looking for headphone with noise cancelling under 300$, result: query='looking for headphone with noise cancelling under 300$' results=[ProductSearchResultItem(sku='4cc0770f-91bc-4c0d-a26f-7b872f02ca94', name='Noise Cancelling Headphones', description='Premium wireless headphones with active noise cancelling under 300$', price=250.0, score=4.285714285714286)] total_input_tokens=0 total_output_tokens=0 total_llm_calls=0
2026-08-17 16:15:00,742 - INFO - Request for search_products, query: looking for headphone with noise cancelling under 300$
2026-08-17 16:15:00,744 - INFO - Calling inventory_service for stock check, skus: ['4cc0770f-91bc-4c0d-a26f-7b872f02ca94', 'b2926dc2-cc6d-4c3e-ae40-7a127c173b16']
2026-08-17 16:15:00,748 - INFO - HTTP Request: GET http://localhost:8001/stock?skus=4cc0770f-91bc-4c0d-a26f-7b872f02ca94,b2926dc2-cc6d-4c3e-ae40-7a127c173b16 "HTTP/1.1 200 OK"
2026-08-17 16:15:00,749 - INFO - Called inventory_service, response: {'stocks': {'4cc0770f-91bc-4c0d-a26f-7b872f02ca94': 10, 'b2926dc2-cc6d-4c3e-ae40-7a127c173b16': 0}, 'total_input_tokens': 0, 'total_output_tokens': 0, 'total_llm_calls': 0}
2026-08-17 16:15:00,749 - INFO - Calling pricing_service, req: {'items': [{'product_id': '4cc0770f-91bc-4c0d-a26f-7b872f02ca94', 'qty': 1}], 'promo_codes': []}
2026-08-17 16:15:00,753 - INFO - HTTP Request: POST http://localhost:8002/price "HTTP/1.1 200 OK"
2026-08-17 16:15:00,753 - INFO - Called pricing_service, req: {'items': [{'product_id': '4cc0770f-91bc-4c0d-a26f-7b872f02ca94', 'qty': 1}], 'promo_codes': []}, response: {'items': [{'product_id': '4cc0770f-91bc-4c0d-a26f-7b872f02ca94', 'qty': 1, 'unit_price': 250.0, 'line_total': 250.0, 'discounts': 0.0}], 'subtotal': 250.0, 'total_discount': 0.0, 'total': 250.0, 'currency': 'USD', 'total_input_tokens': 0, 'total_output_tokens': 0, 'total_llm_calls': 0}
2026-08-17 16:15:00,753 - INFO - Request for search_products successfully processed, query: looking for headphone with noise cancelling under 300$, result: query='looking for headphone with noise cancelling under 300$' results=[ProductSearchResultItem(sku='4cc0770f-91bc-4c0d-a26f-7b872f02ca94', name='Noise Cancelling Headphones', description='Premium wireless headphones with active noise cancelling under 300$', price=250.0, score=4.285714285714286)] total_input_tokens=0 total_output_tokens=0 total_llm_calls=0
2026-08-17 16:15:00,762 - INFO - Request for search_products, query: looking for headphone with noise cancelling under 300$
2026-08-17 16:15:00,764 - INFO - Calling inventory_service for stock check, skus: ['4cc0770f-91bc-4c0d-a26f-7b872f02ca94', 'b2926dc2-cc6d-4c3e-ae40-7a127c173b16']
2026-08-17 16:15:00,768 - INFO - HTTP Request: GET http://localhost:8001/stock?skus=4cc0770f-91bc-4c0d-a26f-7b872f02ca94,b2926dc2-cc6d-4c3e-ae40-7a127c173b16 "HTTP/1.1 200 OK"
2026-08-17 16:15:00,768 - INFO - Called inventory_service, response: {'stocks': {'4cc0770f-91bc-4c0d-a26f-7b872f02ca94': 10, 'b2926dc2-cc6d-4c3e-ae40-7a127c173b16': 0}, 'total_input_tokens': 0, 'total_output_tokens': 0, 'total_llm_calls': 0}
2026-08-17 16:15:00,768 - INFO - Calling pricing_service, req: {'items': [{'product_id': '4cc0770f-91bc-4c0d-a26f-7b872f02ca94', 'qty': 1}], 'promo_codes': []}
2026-08-17 16:15:00,772 - INFO - HTTP Request: POST http://localhost:8002/price "HTTP/1.1 200 OK"
2026-08-17 16:15:00,773 - INFO - Called pricing_service, req: {'items': [{'product_id': '4cc0770f-91bc-4c0d-a26f-7b872f02ca94', 'qty': 1}], 'promo_codes': []}, response: {'items': [{'product_id': '4cc0770f-91bc-4c0d-a26f-7b872f02ca94', 'qty': 1, 'unit_price': 250.0, 'line_total': 250.0, 'discounts': 0.0}], 'subtotal': 250.0, 'total_discount': 0.0, 'total': 250.0, 'currency': 'USD', 'total_input_tokens': 0, 'total_output_tokens': 0, 'total_llm_calls': 0}
2026-08-17 16:15:00,773 - INFO - Request for search_products successfully processed, query: looking for headphone with noise cancelling under 300$, result: query='looking for headphone with noise cancelling under 300$' results=[ProductSearchResultItem(sku='4cc0770f-91bc-4c0d-a26f-7b872f02ca94', name='Noise Cancelling Headphones', description='Premium wireless headphones with active noise cancelling under 300$', price=250.0, score=4.285714285714286)] total_input_tokens=0 total_output_tokens=0 total_llm_calls=0
2026-08-17 16:15:00,782 - INFO - Request for search_products, query: looking for headphone with noise cancelling under 300$
2026-08-17 16:15:00,784 - INFO - Calling inventory_service for stock check, skus: ['4cc0770f-91bc-4c0d-a26f-7b872f02ca94', 'b2926dc2-cc6d-4c3e-ae40-7a127c173b16']
2026-08-17 16:15:00,788 - INFO - HTTP Request: GET http://localhost:8001/stock?skus=4cc0770f-91bc-4c0d-a26f-7b872f02ca94,b2926dc2-cc6d-4c3e-ae40-7a127c173b16 "HTTP/1.1 200 OK"
2026-08-17 16:15:00,788 - INFO - Called inventory_service, response: {'stocks': {'4cc0770f-91bc-4c0d-a26f-7b872f02ca94': 10, 'b2926dc2-cc6d-4c3e-ae40-7a127c173b16': 0}, 'total_input_tokens': 0, 'total_output_tokens': 0, 'total_llm_calls': 0}
2026-08-17 16:15:00,789 - INFO - Calling pricing_service, req: {'items': [{'product_id': '4cc0770f-91bc-4c0d-a26f-7b872f02ca94', 'qty': 1}], 'promo_codes': []}
2026-08-17 16:15:00,792 - INFO - HTTP Request: POST http://localhost:8002/price "HTTP/1.1 200 OK"
2026-08-17 16:15:00,793 - INFO - Called pricing_service, req: {'items': [{'product_id': '4cc0770f-91bc-4c0d-a26f-7b872f02ca94', 'qty': 1}], 'promo_codes': []}, response: {'items': [{'product_id': '4cc0770f-91bc-4c0d-a26f-7b872f02ca94', 'qty': 1, 'unit_price': 250.0, 'line_total': 250.0, 'discounts': 0.0}], 'subtotal': 250.0, 'total_discount': 0.0, 'total': 250.0, 'currency': 'USD', 'total_input_tokens': 0, 'total_output_tokens': 0, 'total_llm_calls': 0}
2026-08-17 16:15:00,793 - INFO - Request for search_products successfully processed, query: looking for headphone with noise cancelling under 300$, result: query='looking for headphone with noise cancelling under 300$' results=[ProductSearchResultItem(sku='4cc0770f-91bc-4c0d-a26f-7b872f02ca94', name='Noise Cancelling Headphones', description='Premium wireless headphones with active noise cancelling under 300$', price=250.0, score=4.285714285714286)] total_input_tokens=0 total_output_tokens=0 total_llm_calls=0
2026-08-17 16:15:00,801 - INFO - Request for search_products, query: looking for headphone with noise cancelling under 300$
2026-08-17 16:15:00,803 - INFO - Calling inventory_service for stock check, skus: ['4cc0770f-91bc-4c0d-a26f-7b872f02ca94', 'b2926dc2-cc6d-4c3e-ae40-7a127c173b16']
2026-08-17 16:15:00,807 - INFO - HTTP Request: GET http://localhost:8001/stock?skus=4cc0770f-91bc-4c0d-a26f-7b872f02ca94,b2926dc2-cc6d-4c3e-ae40-7a127c173b16 "HTTP/1.1 200 OK"
2026-08-17 16:15:00,808 - INFO - Called inventory_service, response: {'stocks': {'4cc0770f-91bc-4c0d-a26f-7b872f02ca94': 10, 'b2926dc2-cc6d-4c3e-ae40-7a127c173b16': 0}, 'total_input_tokens': 0, 'total_output_tokens': 0, 'total_llm_calls': 0}
2026-08-17 16:15:00,808 - INFO - Calling pricing_service, req: {'items': [{'product_id': '4cc0770f-91bc-4c0d-a26f-7b872f02ca94', 'qty': 1}], 'promo_codes': []}
2026-08-17 16:15:00,812 - INFO - HTTP Request: POST http://localhost:8002/price "HTTP/1.1 200 OK"
2026-08-17 16:15:00,812 - INFO - Called pricing_service, req: {'items': [{'product_id': '4cc0770f-91bc-4c0d-a26f-7b872f02ca94', 'qty': 1}], 'promo_codes': []}, response: {'items': [{'product_id': '4cc0770f-91bc-4c0d-a26f-7b872f02ca94', 'qty': 1, 'unit_price': 250.0, 'line_total': 250.0, 'discounts': 0.0}], 'subtotal': 250.0, 'total_discount': 0.0, 'total': 250.0, 'currency': 'USD', 'total_input_tokens': 0, 'total_output_tokens': 0, 'total_llm_calls': 0}
2026-08-17 16:15:00,813 - INFO - Request for search_products successfully processed, query: looking for headphone with noise cancelling under 300$, result: query='looking for headphone with noise cancelling under 300$' results=[ProductSearchResultItem(sku='4cc0770f-91bc-4c0d-a26f-7b872f02ca94', name='Noise Cancelling Headphones', description='Premium wireless headphones with active noise cancelling under 300$', price=250.0, score=4.285714285714286)] total_input_tokens=0 total_output_tokens=0 total_llm_calls=0
2026-08-17 16:15:00,820 - INFO - Request for search_products, query: looking for headphone with noise cancelling under 300$
2026-08-17 16:15:00,821 - INFO - Calling inventory_service for stock check, skus: ['4cc0770f-91bc-4c0d-a26f-7b872f02ca94', 'b2926dc2-cc6d-4c3e-ae40-7a127c173b16']
2026-08-17 16:15:00,826 - INFO - HTTP Request: GET http://localhost:8001/stock?skus=4cc0770f-91bc-4c0d-a26f-7b872f02ca94,b2926dc2-cc6d-4c3e-ae40-7a127c173b16 "HTTP/1.1 200 OK"
2026-08-17 16:15:00,826 - INFO - Called inventory_service, response: {'stocks': {'4cc0770f-91bc-4c0d-a26f-7b872f02ca94': 10, 'b2926dc2-cc6d-4c3e-ae40-7a127c173b16': 0}, 'total_input_tokens': 0, 'total_output_tokens': 0, 'total_llm_calls': 0}
2026-08-17 16:15:00,826 - INFO - Calling pricing_service, req: {'items': [{'product_id': '4cc0770f-91bc-4c0d-a26f-7b872f02ca94', 'qty': 1}], 'promo_codes': []}
2026-08-17 16:15:00,830 - INFO - HTTP Request: POST http://localhost:8002/price "HTTP/1.1 200 OK"
2026-08-17 16:15:00,831 - INFO - Called pricing_service, req: {'items': [{'product_id': '4cc0770f-91bc-4c0d-a26f-7b872f02ca94', 'qty': 1}], 'promo_codes': []}, response: {'items': [{'product_id': '4cc0770f-91bc-4c0d-a26f-7b872f02ca94', 'qty': 1, 'unit_price': 250.0, 'line_total': 250.0, 'discounts': 0.0}], 'subtotal': 250.0, 'total_discount': 0.0, 'total': 250.0, 'currency': 'USD', 'total_input_tokens': 0, 'total_output_tokens': 0, 'total_llm_calls': 0}
2026-08-17 16:15:00,831 - INFO - Request for search_products successfully processed, query: looking for headphone with noise cancelling under 300$, result: query='looking for headphone with noise cancelling under 300$' results=[ProductSearchResultItem(sku='4cc0770f-91bc-4c0d-a26f-7b872f02ca94', name='Noise Cancelling Headphones', description='Premium wireless headphones with active noise cancelling under 300$', price=250.0, score=4.285714285714286)] total_input_tokens=0 total_output_tokens=0 total_llm_calls=0
2026-08-17 16:15:00,838 - INFO - Request for search_products, query: looking for headphone with noise cancelling under 300$
2026-08-17 16:15:00,840 - INFO - Calling inventory_service for stock check, skus: ['4cc0770f-91bc-4c0d-a26f-7b872f02ca94', 'b2926dc2-cc6d-4c3e-ae40-7a127c173b16']
2026-08-17 16:15:00,845 - INFO - HTTP Request: GET http://localhost:8001/stock?skus=4cc0770f-91bc-4c0d-a26f-7b872f02ca94,b2926dc2-cc6d-4c3e-ae40-7a127c173b16 "HTTP/1.1 200 OK"
2026-08-17 16:15:00,845 - INFO - Called inventory_service, response: {'stocks': {'4cc0770f-91bc-4c0d-a26f-7b872f02ca94': 10, 'b2926dc2-cc6d-4c3e-ae40-7a127c173b16': 0}, 'total_input_tokens': 0, 'total_output_tokens': 0, 'total_llm_calls': 0}
2026-08-17 16:15:00,846 - INFO - Calling pricing_service, req: {'items': [{'product_id': '4cc0770f-91bc-4c0d-a26f-7b872f02ca94', 'qty': 1}], 'promo_codes': []}
2026-08-17 16:15:00,849 - INFO - HTTP Request: POST http://localhost:8002/price "HTTP/1.1 200 OK"
2026-08-17 16:15:00,850 - INFO - Called pricing_service, req: {'items': [{'product_id': '4cc0770f-91bc-4c0d-a26f-7b872f02ca94', 'qty': 1}], 'promo_codes': []}, response: {'items': [{'product_id': '4cc0770f-91bc-4c0d-a26f-7b872f02ca94', 'qty': 1, 'unit_price': 250.0, 'line_total': 250.0, 'discounts': 0.0}], 'subtotal': 250.0, 'total_discount': 0.0, 'total': 250.0, 'currency': 'USD', 'total_input_tokens': 0, 'total_output_tokens': 0, 'total_llm_calls': 0}
2026-08-17 16:15:00,850 - INFO - Request for search_products successfully processed, query: looking for headphone with noise cancelling under 300$, result: query='looking for headphone with noise cancelling under 300$' results=[ProductSearchResultItem(sku='4cc0770f-91bc-4c0d-a26f-7b872f02ca94', name='Noise Cancelling Headphones', description='Premium wireless headphones with active noise cancelling under 300$', price=250.0, score=4.285714285714286)] total_input_tokens=0 total_output_tokens=0 total_llm_calls=0
2026-08-17 16:15:00,857 - INFO - Request for search_products, query: looking for headphone with noise cancelling under 300$
2026-08-17 16:15:00,859 - INFO - Calling inventory_service for stock check, skus: ['4cc0770f-91bc-4c0d-a26f-7b872f02ca94', 'b2926dc2-cc6d-4c3e-ae40-7a127c173b16']
2026-08-17 16:15:00,863 - INFO - HTTP Request: GET http://localhost:8001/stock?skus=4cc0770f-91bc-4c0d-a26f-7b872f02ca94,b2926dc2-cc6d-4c3e-ae40-7a127c173b16 "HTTP/1.1 200 OK"
2026-08-17 16:15:00,864 - INFO - Called inventory_service, response: {'stocks': {'4cc0770f-91bc-4c0d-a26f-7b872f02ca94': 10, 'b2926dc2-cc6d-4c3e-ae40-7a127c173b16': 0}, 'total_input_tokens': 0, 'total_output_tokens': 0, 'total_llm_calls': 0}
2026-08-17 16:15:00,864 - INFO - Calling pricing_service, req: {'items': [{'product_id': '4cc0770f-91bc-4c0d-a26f-7b872f02ca94', 'qty': 1}], 'promo_codes': []}
2026-08-17 16:15:00,868 - INFO - HTTP Request: POST http://localhost:8002/price "HTTP/1.1 200 OK"
2026-08-17 16:15:00,868 - INFO - Called pricing_service, req: {'items': [{'product_id': '4cc0770f-91bc-4c0d-a26f-7b872f02ca94', 'qty': 1}], 'promo_codes': []}, response: {'items': [{'product_id': '4cc0770f-91bc-4c0d-a26f-7b872f02ca94', 'qty': 1, 'unit_price': 250.0, 'line_total': 250.0, 'discounts': 0.0}], 'subtotal': 250.0, 'total_discount': 0.0, 'total': 250.0, 'currency': 'USD', 'total_input_tokens': 0, 'total_output_tokens': 0, 'total_llm_calls': 0}
2026-08-17 16:15:00,868 - INFO - Request for search_products successfully processed, query: looking for headphone with noise cancelling under 300$, result: query='looking for headphone with noise cancelling under 300$' results=[ProductSearchResultItem(sku='4cc0770f-91bc-4c0d-a26f-7b872f02ca94', name='Noise Cancelling Headphones', description='Premium wireless headphones with active noise cancelling under 300$', price=250.0, score=4.285714285714286)] total_input_tokens=0 total_output_tokens=0 total_llm_calls=0
2026-08-17 16:15:00,877 - INFO - Request for search_products, query: looking for headphone with noise cancelling under 300$
2026-08-17 16:15:00,878 - INFO - Calling inventory_service for stock check, skus: ['4cc0770f-91bc-4c0d-a26f-7b872f02ca94', 'b2926dc2-cc6d-4c3e-ae40-7a127c173b16']
2026-08-17 16:15:00,883 - INFO - HTTP Request: GET http://localhost:8001/stock?skus=4cc0770f-91bc-4c0d-a26f-7b872f02ca94,b2926dc2-cc6d-4c3e-ae40-7a127c173b16 "HTTP/1.1 200 OK"
2026-08-17 16:15:00,883 - INFO - Called inventory_service, response: {'stocks': {'4cc0770f-91bc-4c0d-a26f-7b872f02ca94': 10, 'b2926dc2-cc6d-4c3e-ae40-7a127c173b16': 0}, 'total_input_tokens': 0, 'total_output_tokens': 0, 'total_llm_calls': 0}
2026-08-17 16:15:00,883 - INFO - Calling pricing_service, req: {'items': [{'product_id': '4cc0770f-91bc-4c0d-a26f-7b872f02ca94', 'qty': 1}], 'promo_codes': []}
2026-08-17 16:15:00,887 - INFO - HTTP Request: POST http://localhost:8002/price "HTTP/1.1 200 OK"
2026-08-17 16:15:00,888 - INFO - Called pricing_service, req: {'items': [{'product_id': '4cc0770f-91bc-4c0d-a26f-7b872f02ca94', 'qty': 1}], 'promo_codes': []}, response: {'items': [{'product_id': '4cc0770f-91bc-4c0d-a26f-7b872f02ca94', 'qty': 1, 'unit_price': 250.0, 'line_total': 250.0, 'discounts': 0.0}], 'subtotal': 250.0, 'total_discount': 0.0, 'total': 250.0, 'currency': 'USD', 'total_input_tokens': 0, 'total_output_tokens': 0, 'total_llm_calls': 0}
2026-08-17 16:15:00,888 - INFO - Request for search_products successfully processed, query: looking for headphone with noise cancelling under 300$, result: query='looking for headphone with noise cancelling under 300$' results=[ProductSearchResultItem(sku='4cc0770f-91bc-4c0d-a26f-7b872f02ca94', name='Noise Cancelling Headphones', description='Premium wireless headphones with active noise cancelling under 300$', price=250.0, score=4.285714285714286)] total_input_tokens=0 total_output_tokens=0 total_llm_calls=0
2026-08-17 16:15:00,897 - INFO - Request for search_products, query: looking for headphone with noise cancelling under 300$
2026-08-17 16:15:00,898 - INFO - Calling inventory_service for stock check, skus: ['4cc0770f-91bc-4c0d-a26f-7b872f02ca94', 'b2926dc2-cc6d-4c3e-ae40-7a127c173b16']
2026-08-17 16:15:00,902 - INFO - HTTP Request: GET http://localhost:8001/stock?skus=4cc0770f-91bc-4c0d-a26f-7b872f02ca94,b2926dc2-cc6d-4c3e-ae40-7a127c173b16 "HTTP/1.1 200 OK"
2026-08-17 16:15:00,903 - INFO - Called inventory_service, response: {'stocks': {'4cc0770f-91bc-4c0d-a26f-7b872f02ca94': 10, 'b2926dc2-cc6d-4c3e-ae40-7a127c173b16': 0}, 'total_input_tokens': 0, 'total_output_tokens': 0, 'total_llm_calls': 0}
2026-08-17 16:15:00,903 - INFO - Calling pricing_service, req: {'items': [{'product_id': '4cc0770f-91bc-4c0d-a26f-7b872f02ca94', 'qty': 1}], 'promo_codes': []}
2026-08-17 16:15:00,906 - INFO - HTTP Request: POST http://localhost:8002/price "HTTP/1.1 200 OK"
2026-08-17 16:15:00,907 - INFO - Called pricing_service, req: {'items': [{'product_id': '4cc0770f-91bc-4c0d-a26f-7b872f02ca94', 'qty': 1}], 'promo_codes': []}, response: {'items': [{'product_id': '4cc0770f-91bc-4c0d-a26f-7b872f02ca94', 'qty': 1, 'unit_price': 250.0, 'line_total': 250.0, 'discounts': 0.0}], 'subtotal': 250.0, 'total_discount': 0.0, 'total': 250.0, 'currency': 'USD', 'total_input_tokens': 0, 'total_output_tokens': 0, 'total_llm_calls': 0}
2026-08-17 16:15:00,907 - INFO - Request for search_products successfully processed, query: looking for headphone with noise cancelling under 300$, result: query='looking for headphone with noise cancelling under 300$' results=[ProductSearchResultItem(sku='4cc0770f-91bc-4c0d-a26f-7b872f02ca94', name='Noise Cancelling Headphones', description='Premium wireless headphones with active noise cancelling under 300$', price=250.0, score=4.285714285714286)] total_input_tokens=0 total_output_tokens=0 total_llm_calls=0
2026-08-17 16:15:00,915 - INFO - Request for search_products, query: looking for headphone with noise cancelling under 300$
2026-08-17 16:15:00,917 - INFO - Calling inventory_service for stock check, skus: ['4cc0770f-91bc-4c0d-a26f-7b872f02ca94', 'b2926dc2-cc6d-4c3e-ae40-7a127c173b16']
2026-08-17 16:15:00,921 - INFO - HTTP Request: GET http://localhost:8001/stock?skus=4cc0770f-91bc-4c0d-a26f-7b872f02ca94,b2926dc2-cc6d-4c3e-ae40-7a127c173b16 "HTTP/1.1 200 OK"
2026-08-17 16:15:00,921 - INFO - Called inventory_service, response: {'stocks': {'4cc0770f-91bc-4c0d-a26f-7b872f02ca94': 10, 'b2926dc2-cc6d-4c3e-ae40-7a127c173b16': 0}, 'total_input_tokens': 0, 'total_output_tokens': 0, 'total_llm_calls': 0}
2026-08-17 16:15:00,922 - INFO - Calling pricing_service, req: {'items': [{'product_id': '4cc0770f-91bc-4c0d-a26f-7b872f02ca94', 'qty': 1}], 'promo_codes': []}
2026-08-17 16:15:00,925 - INFO - HTTP Request: POST http://localhost:8002/price "HTTP/1.1 200 OK"
2026-08-17 16:15:00,926 - INFO - Called pricing_service, req: {'items': [{'product_id': '4cc0770f-91bc-4c0d-a26f-7b872f02ca94', 'qty': 1}], 'promo_codes': []}, response: {'items': [{'product_id': '4cc0770f-91bc-4c0d-a26f-7b872f02ca94', 'qty': 1, 'unit_price': 250.0, 'line_total': 250.0, 'discounts': 0.0}], 'subtotal': 250.0, 'total_discount': 0.0, 'total': 250.0, 'currency': 'USD', 'total_input_tokens': 0, 'total_output_tokens': 0, 'total_llm_calls': 0}
2026-08-17 16:15:00,926 - INFO - Request for search_products successfully processed, query: looking for headphone with noise cancelling under 300$, result: query='looking for headphone with noise cancelling under 300$' results=[ProductSearchResultItem(sku='4cc0770f-91bc-4c0d-a26f-7b872f02ca94', name='Noise Cancelling Headphones', description='Premium wireless headphones with active noise cancelling under 300$', price=250.0, score=4.285714285714286)] total_input_tokens=0 total_output_tokens=0 total_llm_calls=0
2026-08-17 16:15:00,934 - INFO - Request for search_products, query: looking for headphone with noise cancelling under 300$
2026-08-17 16:15:00,936 - INFO - Calling inventory_service for stock check, skus: ['4cc0770f-91bc-4c0d-a26f-7b872f02ca94', 'b2926dc2-cc6d-4c3e-ae40-7a127c173b16']
2026-08-17 16:15:00,940 - INFO - HTTP Request: GET http://localhost:8001/stock?skus=4cc0770f-91bc-4c0d-a26f-7b872f02ca94,b2926dc2-cc6d-4c3e-ae40-7a127c173b16 "HTTP/1.1 200 OK"
2026-08-17 16:15:00,940 - INFO - Called inventory_service, response: {'stocks': {'4cc0770f-91bc-4c0d-a26f-7b872f02ca94': 10, 'b2926dc2-cc6d-4c3e-ae40-7a127c173b16': 0}, 'total_input_tokens': 0, 'total_output_tokens': 0, 'total_llm_calls': 0}
2026-08-17 16:15:00,940 - INFO - Calling pricing_service, req: {'items': [{'product_id': '4cc0770f-91bc-4c0d-a26f-7b872f02ca94', 'qty': 1}], 'promo_codes': []}
2026-08-17 16:15:00,945 - INFO - HTTP Request: POST http://localhost:8002/price "HTTP/1.1 200 OK"
2026-08-17 16:15:00,945 - INFO - Called pricing_service, req: {'items': [{'product_id': '4cc0770f-91bc-4c0d-a26f-7b872f02ca94', 'qty': 1}], 'promo_codes': []}, response: {'items': [{'product_id': '4cc0770f-91bc-4c0d-a26f-7b872f02ca94', 'qty': 1, 'unit_price': 250.0, 'line_total': 250.0, 'discounts': 0.0}], 'subtotal': 250.0, 'total_discount': 0.0, 'total': 250.0, 'currency': 'USD', 'total_input_tokens': 0, 'total_output_tokens': 0, 'total_llm_calls': 0}
2026-08-17 16:15:00,946 - INFO - Request for search_products successfully processed, query: looking for headphone with noise cancelling under 300$, result: query='looking for headphone with noise cancelling under 300$' results=[ProductSearchResultItem(sku='4cc0770f-91bc-4c0d-a26f-7b872f02ca94', name='Noise Cancelling Headphones', description='Premium wireless headphones with active noise cancelling under 300$', price=250.0, score=4.285714285714286)] total_input_tokens=0 total_output_tokens=0 total_llm_calls=0
2026-08-17 16:15:00,953 - INFO - Request for search_products, query: looking for headphone with noise cancelling under 300$
2026-08-17 16:15:00,955 - INFO - Calling inventory_service for stock check, skus: ['4cc0770f-91bc-4c0d-a26f-7b872f02ca94', 'b2926dc2-cc6d-4c3e-ae40-7a127c173b16']
2026-08-17 16:15:00,960 - INFO - HTTP Request: GET http://localhost:8001/stock?skus=4cc0770f-91bc-4c0d-a26f-7b872f02ca94,b2926dc2-cc6d-4c3e-ae40-7a127c173b16 "HTTP/1.1 200 OK"
2026-08-17 16:15:00,961 - INFO - Called inventory_service, response: {'stocks': {'4cc0770f-91bc-4c0d-a26f-7b872f02ca94': 10, 'b2926dc2-cc6d-4c3e-ae40-7a127c173b16': 0}, 'total_input_tokens': 0, 'total_output_tokens': 0, 'total_llm_calls': 0}
2026-08-17 16:15:00,961 - INFO - Calling pricing_service, req: {'items': [{'product_id': '4cc0770f-91bc-4c0d-a26f-7b872f02ca94', 'qty': 1}], 'promo_codes': []}
2026-08-17 16:15:00,966 - INFO - HTTP Request: POST http://localhost:8002/price "HTTP/1.1 200 OK"
2026-08-17 16:15:00,967 - INFO - Called pricing_service, req: {'items': [{'product_id': '4cc0770f-91bc-4c0d-a26f-7b872f02ca94', 'qty': 1}], 'promo_codes': []}, response: {'items': [{'product_id': '4cc0770f-91bc-4c0d-a26f-7b872f02ca94', 'qty': 1, 'unit_price': 250.0, 'line_total': 250.0, 'discounts': 0.0}], 'subtotal': 250.0, 'total_discount': 0.0, 'total': 250.0, 'currency': 'USD', 'total_input_tokens': 0, 'total_output_tokens': 0, 'total_llm_calls': 0}
2026-08-17 16:15:00,968 - INFO - Request for search_products successfully processed, query: looking for headphone with noise cancelling under 300$, result: query='looking for headphone with noise cancelling under 300$' results=[ProductSearchResultItem(sku='4cc0770f-91bc-4c0d-a26f-7b872f02ca94', name='Noise Cancelling Headphones', description='Premium wireless headphones with active noise cancelling under 300$', price=250.0, score=4.285714285714286)] total_input_tokens=0 total_output_tokens=0 total_llm_calls=0
2026-08-17 16:15:00,980 - INFO - Request for search_products, query: looking for headphone with noise cancelling under 300$
2026-08-17 16:15:00,983 - INFO - Calling inventory_service for stock check, skus: ['4cc0770f-91bc-4c0d-a26f-7b872f02ca94', 'b2926dc2-cc6d-4c3e-ae40-7a127c173b16']
2026-08-17 16:15:00,988 - INFO - HTTP Request: GET http://localhost:8001/stock?skus=4cc0770f-91bc-4c0d-a26f-7b872f02ca94,b2926dc2-cc6d-4c3e-ae40-7a127c173b16 "HTTP/1.1 200 OK"
2026-08-17 16:15:00,988 - INFO - Called inventory_service, response: {'stocks': {'4cc0770f-91bc-4c0d-a26f-7b872f02ca94': 10, 'b2926dc2-cc6d-4c3e-ae40-7a127c173b16': 0}, 'total_input_tokens': 0, 'total_output_tokens': 0, 'total_llm_calls': 0}
2026-08-17 16:15:00,988 - INFO - Calling pricing_service, req: {'items': [{'product_id': '4cc0770f-91bc-4c0d-a26f-7b872f02ca94', 'qty': 1}], 'promo_codes': []}
2026-08-17 16:15:00,993 - INFO - HTTP Request: POST http://localhost:8002/price "HTTP/1.1 200 OK"
2026-08-17 16:15:00,993 - INFO - Called pricing_service, req: {'items': [{'product_id': '4cc0770f-91bc-4c0d-a26f-7b872f02ca94', 'qty': 1}], 'promo_codes': []}, response: {'items': [{'product_id': '4cc0770f-91bc-4c0d-a26f-7b872f02ca94', 'qty': 1, 'unit_price': 250.0, 'line_total': 250.0, 'discounts': 0.0}], 'subtotal': 250.0, 'total_discount': 0.0, 'total': 250.0, 'currency': 'USD', 'total_input_tokens': 0, 'total_output_tokens': 0, 'total_llm_calls': 0}
2026-08-17 16:15:00,994 - INFO - Request for search_products successfully processed, query: looking for headphone with noise cancelling under 300$, result: query='looking for headphone with noise cancelling under 300$' results=[ProductSearchResultItem(sku='4cc0770f-91bc-4c0d-a26f-7b872f02ca94', name='Noise Cancelling Headphones', description='Premium wireless headphones with active noise cancelling under 300$', price=250.0, score=4.285714285714286)] total_input_tokens=0 total_output_tokens=0 total_llm_calls=0
2026-08-17 16:15:01,006 - INFO - Request for search_products, query: looking for headphone with noise cancelling under 300$
2026-08-17 16:15:01,009 - INFO - Calling inventory_service for stock check, skus: ['4cc0770f-91bc-4c0d-a26f-7b872f02ca94', 'b2926dc2-cc6d-4c3e-ae40-7a127c173b16']
2026-08-17 16:15:01,024 - INFO - HTTP Request: GET http://localhost:8001/stock?skus=4cc0770f-91bc-4c0d-a26f-7b872f02ca94,b2926dc2-cc6d-4c3e-ae40-7a127c173b16 "HTTP/1.1 200 OK"
2026-08-17 16:15:01,025 - INFO - Called inventory_service, response: {'stocks': {'4cc0770f-91bc-4c0d-a26f-7b872f02ca94': 10, 'b2926dc2-cc6d-4c3e-ae40-7a127c173b16': 0}, 'total_input_tokens': 0, 'total_output_tokens': 0, 'total_llm_calls': 0}
2026-08-17 16:15:01,025 - INFO - Calling pricing_service, req: {'items': [{'product_id': '4cc0770f-91bc-4c0d-a26f-7b872f02ca94', 'qty': 1}], 'promo_codes': []}
2026-08-17 16:15:01,034 - INFO - HTTP Request: POST http://localhost:8002/price "HTTP/1.1 200 OK"
2026-08-17 16:15:01,036 - INFO - Called pricing_service, req: {'items': [{'product_id': '4cc0770f-91bc-4c0d-a26f-7b872f02ca94', 'qty': 1}], 'promo_codes': []}, response: {'items': [{'product_id': '4cc0770f-91bc-4c0d-a26f-7b872f02ca94', 'qty': 1, 'unit_price': 250.0, 'line_total': 250.0, 'discounts': 0.0}], 'subtotal': 250.0, 'total_discount': 0.0, 'total': 250.0, 'currency': 'USD', 'total_input_tokens': 0, 'total_output_tokens': 0, 'total_llm_calls': 0}
2026-08-17 16:15:01,036 - INFO - Request for search_products successfully processed, query: looking for headphone with noise cancelling under 300$, result: query='looking for headphone with noise cancelling under 300$' results=[ProductSearchResultItem(sku='4cc0770f-91bc-4c0d-a26f-7b872f02ca94', name='Noise Cancelling Headphones', description='Premium wireless headphones with active noise cancelling under 300$', price=250.0, score=4.285714285714286)] total_input_tokens=0 total_output_tokens=0 total_llm_calls=0
2026-08-17 16:15:01,049 - INFO - Request for search_products, query: looking for headphone with noise cancelling under 300$
2026-08-17 16:15:01,050 - INFO - Calling inventory_service for stock check, skus: ['4cc0770f-91bc-4c0d-a26f-7b872f02ca94', 'b2926dc2-cc6d-4c3e-ae40-7a127c173b16']
2026-08-17 16:15:01,055 - INFO - HTTP Request: GET http://localhost:8001/stock?skus=4cc0770f-91bc-4c0d-a26f-7b872f02ca94,b2926dc2-cc6d-4c3e-ae40-7a127c173b16 "HTTP/1.1 200 OK"
2026-08-17 16:15:01,056 - INFO - Called inventory_service, response: {'stocks': {'4cc0770f-91bc-4c0d-a26f-7b872f02ca94': 10, 'b2926dc2-cc6d-4c3e-ae40-7a127c173b16': 0}, 'total_input_tokens': 0, 'total_output_tokens': 0, 'total_llm_calls': 0}
2026-08-17 16:15:01,057 - INFO - Calling pricing_service, req: {'items': [{'product_id': '4cc0770f-91bc-4c0d-a26f-7b872f02ca94', 'qty': 1}], 'promo_codes': []}
2026-08-17 16:15:01,064 - INFO - HTTP Request: POST http://localhost:8002/price "HTTP/1.1 200 OK"
2026-08-17 16:15:01,065 - INFO - Called pricing_service, req: {'items': [{'product_id': '4cc0770f-91bc-4c0d-a26f-7b872f02ca94', 'qty': 1}], 'promo_codes': []}, response: {'items': [{'product_id': '4cc0770f-91bc-4c0d-a26f-7b872f02ca94', 'qty': 1, 'unit_price': 250.0, 'line_total': 250.0, 'discounts': 0.0}], 'subtotal': 250.0, 'total_discount': 0.0, 'total': 250.0, 'currency': 'USD', 'total_input_tokens': 0, 'total_output_tokens': 0, 'total_llm_calls': 0}
2026-08-17 16:15:01,066 - INFO - Request for search_products successfully processed, query: looking for headphone with noise cancelling under 300$, result: query='looking for headphone with noise cancelling under 300$' results=[ProductSearchResultItem(sku='4cc0770f-91bc-4c0d-a26f-7b872f02ca94', name='Noise Cancelling Headphones', description='Premium wireless headphones with active noise cancelling under 300$', price=250.0, score=4.285714285714286)] total_input_tokens=0 total_output_tokens=0 total_llm_calls=0
2026-08-17 16:15:01,077 - INFO - Request for search_products, query: looking for headphone with noise cancelling under 300$
2026-08-17 16:15:01,081 - INFO - Calling inventory_service for stock check, skus: ['4cc0770f-91bc-4c0d-a26f-7b872f02ca94', 'b2926dc2-cc6d-4c3e-ae40-7a127c173b16']
2026-08-17 16:15:01,085 - INFO - HTTP Request: GET http://localhost:8001/stock?skus=4cc0770f-91bc-4c0d-a26f-7b872f02ca94,b2926dc2-cc6d-4c3e-ae40-7a127c173b16 "HTTP/1.1 200 OK"
2026-08-17 16:15:01,086 - INFO - Called inventory_service, response: {'stocks': {'4cc0770f-91bc-4c0d-a26f-7b872f02ca94': 10, 'b2926dc2-cc6d-4c3e-ae40-7a127c173b16': 0}, 'total_input_tokens': 0, 'total_output_tokens': 0, 'total_llm_calls': 0}
2026-08-17 16:15:01,086 - INFO - Calling pricing_service, req: {'items': [{'product_id': '4cc0770f-91bc-4c0d-a26f-7b872f02ca94', 'qty': 1}], 'promo_codes': []}
2026-08-17 16:15:01,090 - INFO - HTTP Request: POST http://localhost:8002/price "HTTP/1.1 200 OK"
2026-08-17 16:15:01,091 - INFO - Called pricing_service, req: {'items': [{'product_id': '4cc0770f-91bc-4c0d-a26f-7b872f02ca94', 'qty': 1}], 'promo_codes': []}, response: {'items': [{'product_id': '4cc0770f-91bc-4c0d-a26f-7b872f02ca94', 'qty': 1, 'unit_price': 250.0, 'line_total': 250.0, 'discounts': 0.0}], 'subtotal': 250.0, 'total_discount': 0.0, 'total': 250.0, 'currency': 'USD', 'total_input_tokens': 0, 'total_output_tokens': 0, 'total_llm_calls': 0}
2026-08-17 16:15:01,093 - INFO - Request for search_products successfully processed, query: looking for headphone with noise cancelling under 300$, result: query='looking for headphone with noise cancelling under 300$' results=[ProductSearchResultItem(sku='4cc0770f-91bc-4c0d-a26f-7b872f02ca94', name='Noise Cancelling Headphones', description='Premium wireless headphones with active noise cancelling under 300$', price=250.0, score=4.285714285714286)] total_input_tokens=0 total_output_tokens=0 total_llm_calls=0
2026-08-17 16:15:01,104 - INFO - Request for search_products, query: looking for headphone with noise cancelling under 300$
2026-08-17 16:15:01,106 - INFO - Calling inventory_service for stock check, skus: ['4cc0770f-91bc-4c0d-a26f-7b872f02ca94', 'b2926dc2-cc6d-4c3e-ae40-7a127c173b16']
2026-08-17 16:15:01,111 - INFO - HTTP Request: GET http://localhost:8001/stock?skus=4cc0770f-91bc-4c0d-a26f-7b872f02ca94,b2926dc2-cc6d-4c3e-ae40-7a127c173b16 "HTTP/1.1 200 OK"
2026-08-17 16:15:01,112 - INFO - Called inventory_service, response: {'stocks': {'4cc0770f-91bc-4c0d-a26f-7b872f02ca94': 10, 'b2926dc2-cc6d-4c3e-ae40-7a127c173b16': 0}, 'total_input_tokens': 0, 'total_output_tokens': 0, 'total_llm_calls': 0}
2026-08-17 16:15:01,112 - INFO - Calling pricing_service, req: {'items': [{'product_id': '4cc0770f-91bc-4c0d-a26f-7b872f02ca94', 'qty': 1}], 'promo_codes': []}
2026-08-17 16:15:01,116 - INFO - HTTP Request: POST http://localhost:8002/price "HTTP/1.1 200 OK"
2026-08-17 16:15:01,117 - INFO - Called pricing_service, req: {'items': [{'product_id': '4cc0770f-91bc-4c0d-a26f-7b872f02ca94', 'qty': 1}], 'promo_codes': []}, response: {'items': [{'product_id': '4cc0770f-91bc-4c0d-a26f-7b872f02ca94', 'qty': 1, 'unit_price': 250.0, 'line_total': 250.0, 'discounts': 0.0}], 'subtotal': 250.0, 'total_discount': 0.0, 'total': 250.0, 'currency': 'USD', 'total_input_tokens': 0, 'total_output_tokens': 0, 'total_llm_calls': 0}
2026-08-17 16:15:01,117 - INFO - Request for search_products successfully processed, query: looking for headphone with noise cancelling under 300$, result: query='looking for headphone with noise cancelling under 300$' results=[ProductSearchResultItem(sku='4cc0770f-91bc-4c0d-a26f-7b872f02ca94', name='Noise Cancelling Headphones', description='Premium wireless headphones with active noise cancelling under 300$', price=250.0, score=4.285714285714286)] total_input_tokens=0 total_output_tokens=0 total_llm_calls=0
2026-08-17 16:15:01,128 - INFO - Request for search_products, query: looking for headphone with noise cancelling under 300$
2026-08-17 16:15:01,130 - INFO - Calling inventory_service for stock check, skus: ['4cc0770f-91bc-4c0d-a26f-7b872f02ca94', 'b2926dc2-cc6d-4c3e-ae40-7a127c173b16']
2026-08-17 16:15:01,134 - INFO - HTTP Request: GET http://localhost:8001/stock?skus=4cc0770f-91bc-4c0d-a26f-7b872f02ca94,b2926dc2-cc6d-4c3e-ae40-7a127c173b16 "HTTP/1.1 200 OK"
2026-08-17 16:15:01,135 - INFO - Called inventory_service, response: {'stocks': {'4cc0770f-91bc-4c0d-a26f-7b872f02ca94': 10, 'b2926dc2-cc6d-4c3e-ae40-7a127c173b16': 0}, 'total_input_tokens': 0, 'total_output_tokens': 0, 'total_llm_calls': 0}
2026-08-17 16:15:01,135 - INFO - Calling pricing_service, req: {'items': [{'product_id': '4cc0770f-91bc-4c0d-a26f-7b872f02ca94', 'qty': 1}], 'promo_codes': []}
2026-08-17 16:15:01,139 - INFO - HTTP Request: POST http://localhost:8002/price "HTTP/1.1 200 OK"
2026-08-17 16:15:01,140 - INFO - Called pricing_service, req: {'items': [{'product_id': '4cc0770f-91bc-4c0d-a26f-7b872f02ca94', 'qty': 1}], 'promo_codes': []}, response: {'items': [{'product_id': '4cc0770f-91bc-4c0d-a26f-7b872f02ca94', 'qty': 1, 'unit_price': 250.0, 'line_total': 250.0, 'discounts': 0.0}], 'subtotal': 250.0, 'total_discount': 0.0, 'total': 250.0, 'currency': 'USD', 'total_input_tokens': 0, 'total_output_tokens': 0, 'total_llm_calls': 0}
2026-08-17 16:15:01,140 - INFO - Request for search_products successfully processed, query: looking for headphone with noise cancelling under 300$, result: query='looking for headphone with noise cancelling under 300$' results=[ProductSearchResultItem(sku='4cc0770f-91bc-4c0d-a26f-7b872f02ca94', name='Noise Cancelling Headphones', description='Premium wireless headphones with active noise cancelling under 300$', price=250.0, score=4.285714285714286)] total_input_tokens=0 total_output_tokens=0 total_llm_calls=0
2026-08-17 16:15:01,149 - INFO - Request for search_products, query: looking for headphone with noise cancelling under 300$
2026-08-17 16:15:01,151 - INFO - Calling inventory_service for stock check, skus: ['4cc0770f-91bc-4c0d-a26f-7b872f02ca94', 'b2926dc2-cc6d-4c3e-ae40-7a127c173b16']
2026-08-17 16:15:01,155 - INFO - HTTP Request: GET http://localhost:8001/stock?skus=4cc0770f-91bc-4c0d-a26f-7b872f02ca94,b2926dc2-cc6d-4c3e-ae40-7a127c173b16 "HTTP/1.1 200 OK"
2026-08-17 16:15:01,156 - INFO - Called inventory_service, response: {'stocks': {'4cc0770f-91bc-4c0d-a26f-7b872f02ca94': 10, 'b2926dc2-cc6d-4c3e-ae40-7a127c173b16': 0}, 'total_input_tokens': 0, 'total_output_tokens': 0, 'total_llm_calls': 0}
2026-08-17 16:15:01,156 - INFO - Calling pricing_service, req: {'items': [{'product_id': '4cc0770f-91bc-4c0d-a26f-7b872f02ca94', 'qty': 1}], 'promo_codes': []}
2026-08-17 16:15:01,163 - INFO - HTTP Request: POST http://localhost:8002/price "HTTP/1.1 200 OK"
2026-08-17 16:15:01,164 - INFO - Called pricing_service, req: {'items': [{'product_id': '4cc0770f-91bc-4c0d-a26f-7b872f02ca94', 'qty': 1}], 'promo_codes': []}, response: {'items': [{'product_id': '4cc0770f-91bc-4c0d-a26f-7b872f02ca94', 'qty': 1, 'unit_price': 250.0, 'line_total': 250.0, 'discounts': 0.0}], 'subtotal': 250.0, 'total_discount': 0.0, 'total': 250.0, 'currency': 'USD', 'total_input_tokens': 0, 'total_output_tokens': 0, 'total_llm_calls': 0}
2026-08-17 16:15:01,164 - INFO - Request for search_products successfully processed, query: looking for headphone with noise cancelling under 300$, result: query='looking for headphone with noise cancelling under 300$' results=[ProductSearchResultItem(sku='4cc0770f-91bc-4c0d-a26f-7b872f02ca94', name='Noise Cancelling Headphones', description='Premium wireless headphones with active noise cancelling under 300$', price=250.0, score=4.285714285714286)] total_input_tokens=0 total_output_tokens=0 total_llm_calls=0
2026-08-17 16:15:01,172 - INFO - Request for search_products, query: looking for headphone with noise cancelling under 300$
2026-08-17 16:15:01,174 - INFO - Calling inventory_service for stock check, skus: ['4cc0770f-91bc-4c0d-a26f-7b872f02ca94', 'b2926dc2-cc6d-4c3e-ae40-7a127c173b16']
2026-08-17 16:15:01,179 - INFO - HTTP Request: GET http://localhost:8001/stock?skus=4cc0770f-91bc-4c0d-a26f-7b872f02ca94,b2926dc2-cc6d-4c3e-ae40-7a127c173b16 "HTTP/1.1 200 OK"
2026-08-17 16:15:01,180 - INFO - Called inventory_service, response: {'stocks': {'4cc0770f-91bc-4c0d-a26f-7b872f02ca94': 10, 'b2926dc2-cc6d-4c3e-ae40-7a127c173b16': 0}, 'total_input_tokens': 0, 'total_output_tokens': 0, 'total_llm_calls': 0}
2026-08-17 16:15:01,181 - INFO - Calling pricing_service, req: {'items': [{'product_id': '4cc0770f-91bc-4c0d-a26f-7b872f02ca94', 'qty': 1}], 'promo_codes': []}
2026-08-17 16:15:01,185 - INFO - HTTP Request: POST http://localhost:8002/price "HTTP/1.1 200 OK"
2026-08-17 16:15:01,186 - INFO - Called pricing_service, req: {'items': [{'product_id': '4cc0770f-91bc-4c0d-a26f-7b872f02ca94', 'qty': 1}], 'promo_codes': []}, response: {'items': [{'product_id': '4cc0770f-91bc-4c0d-a26f-7b872f02ca94', 'qty': 1, 'unit_price': 250.0, 'line_total': 250.0, 'discounts': 0.0}], 'subtotal': 250.0, 'total_discount': 0.0, 'total': 250.0, 'currency': 'USD', 'total_input_tokens': 0, 'total_output_tokens': 0, 'total_llm_calls': 0}
2026-08-17 16:15:01,186 - INFO - Request for search_products successfully processed, query: looking for headphone with noise cancelling under 300$, result: query='looking for headphone with noise cancelling under 300$' results=[ProductSearchResultItem(sku='4cc0770f-91bc-4c0d-a26f-7b872f02ca94', name='Noise Cancelling Headphones', description='Premium wireless headphones with active noise cancelling under 300$', price=250.0, score=4.285714285714286)] total_input_tokens=0 total_output_tokens=0 total_llm_calls=0
2026-08-17 16:15:01,197 - INFO - Request for search_products, query: looking for headphone with noise cancelling under 300$
2026-08-17 16:15:01,199 - INFO - Calling inventory_service for stock check, skus: ['4cc0770f-91bc-4c0d-a26f-7b872f02ca94', 'b2926dc2-cc6d-4c3e-ae40-7a127c173b16']
2026-08-17 16:15:01,204 - INFO - HTTP Request: GET http://localhost:8001/stock?skus=4cc0770f-91bc-4c0d-a26f-7b872f02ca94,b2926dc2-cc6d-4c3e-ae40-7a127c173b16 "HTTP/1.1 200 OK"
2026-08-17 16:15:01,205 - INFO - Called inventory_service, response: {'stocks': {'4cc0770f-91bc-4c0d-a26f-7b872f02ca94': 10, 'b2926dc2-cc6d-4c3e-ae40-7a127c173b16': 0}, 'total_input_tokens': 0, 'total_output_tokens': 0, 'total_llm_calls': 0}
2026-08-17 16:15:01,205 - INFO - Calling pricing_service, req: {'items': [{'product_id': '4cc0770f-91bc-4c0d-a26f-7b872f02ca94', 'qty': 1}], 'promo_codes': []}
2026-08-17 16:15:01,210 - INFO - HTTP Request: POST http://localhost:8002/price "HTTP/1.1 200 OK"
2026-08-17 16:15:01,211 - INFO - Called pricing_service, req: {'items': [{'product_id': '4cc0770f-91bc-4c0d-a26f-7b872f02ca94', 'qty': 1}], 'promo_codes': []}, response: {'items': [{'product_id': '4cc0770f-91bc-4c0d-a26f-7b872f02ca94', 'qty': 1, 'unit_price': 250.0, 'line_total': 250.0, 'discounts': 0.0}], 'subtotal': 250.0, 'total_discount': 0.0, 'total': 250.0, 'currency': 'USD', 'total_input_tokens': 0, 'total_output_tokens': 0, 'total_llm_calls': 0}
2026-08-17 16:15:01,211 - INFO - Request for search_products successfully processed, query: looking for headphone with noise cancelling under 300$, result: query='looking for headphone with noise cancelling under 300$' results=[ProductSearchResultItem(sku='4cc0770f-91bc-4c0d-a26f-7b872f02ca94', name='Noise Cancelling Headphones', description='Premium wireless headphones with active noise cancelling under 300$', price=250.0, score=4.285714285714286)] total_input_tokens=0 total_output_tokens=0 total_llm_calls=0
2026-08-17 16:15:01,219 - INFO - Request for search_products, query: looking for headphone with noise cancelling under 300$
2026-08-17 16:15:01,221 - INFO - Calling inventory_service for stock check, skus: ['4cc0770f-91bc-4c0d-a26f-7b872f02ca94', 'b2926dc2-cc6d-4c3e-ae40-7a127c173b16']
2026-08-17 16:15:01,227 - INFO - HTTP Request: GET http://localhost:8001/stock?skus=4cc0770f-91bc-4c0d-a26f-7b872f02ca94,b2926dc2-cc6d-4c3e-ae40-7a127c173b16 "HTTP/1.1 200 OK"
2026-08-17 16:15:01,228 - INFO - Called inventory_service, response: {'stocks': {'4cc0770f-91bc-4c0d-a26f-7b872f02ca94': 10, 'b2926dc2-cc6d-4c3e-ae40-7a127c173b16': 0}, 'total_input_tokens': 0, 'total_output_tokens': 0, 'total_llm_calls': 0}
2026-08-17 16:15:01,228 - INFO - Calling pricing_service, req: {'items': [{'product_id': '4cc0770f-91bc-4c0d-a26f-7b872f02ca94', 'qty': 1}], 'promo_codes': []}
2026-08-17 16:15:01,233 - INFO - HTTP Request: POST http://localhost:8002/price "HTTP/1.1 200 OK"
2026-08-17 16:15:01,233 - INFO - Called pricing_service, req: {'items': [{'product_id': '4cc0770f-91bc-4c0d-a26f-7b872f02ca94', 'qty': 1}], 'promo_codes': []}, response: {'items': [{'product_id': '4cc0770f-91bc-4c0d-a26f-7b872f02ca94', 'qty': 1, 'unit_price': 250.0, 'line_total': 250.0, 'discounts': 0.0}], 'subtotal': 250.0, 'total_discount': 0.0, 'total': 250.0, 'currency': 'USD', 'total_input_tokens': 0, 'total_output_tokens': 0, 'total_llm_calls': 0}
2026-08-17 16:15:01,234 - INFO - Request for search_products successfully processed, query: looking for headphone with noise cancelling under 300$, result: query='looking for headphone with noise cancelling under 300$' results=[ProductSearchResultItem(sku='4cc0770f-91bc-4c0d-a26f-7b872f02ca94', name='Noise Cancelling Headphones', description='Premium wireless headphones with active noise cancelling under 300$', price=250.0, score=4.285714285714286)] total_input_tokens=0 total_output_tokens=0 total_llm_calls=0
2026-08-17 16:15:01,242 - INFO - Request for search_products, query: looking for headphone with noise cancelling under 300$
2026-08-17 16:15:01,244 - INFO - Calling inventory_service for stock check, skus: ['4cc0770f-91bc-4c0d-a26f-7b872f02ca94', 'b2926dc2-cc6d-4c3e-ae40-7a127c173b16']
2026-08-17 16:15:01,249 - INFO - HTTP Request: GET http://localhost:8001/stock?skus=4cc0770f-91bc-4c0d-a26f-7b872f02ca94,b2926dc2-cc6d-4c3e-ae40-7a127c173b16 "HTTP/1.1 200 OK"
2026-08-17 16:15:01,250 - INFO - Called inventory_service, response: {'stocks': {'4cc0770f-91bc-4c0d-a26f-7b872f02ca94': 10, 'b2926dc2-cc6d-4c3e-ae40-7a127c173b16': 0}, 'total_input_tokens': 0, 'total_output_tokens': 0, 'total_llm_calls': 0}
2026-08-17 16:15:01,250 - INFO - Calling pricing_service, req: {'items': [{'product_id': '4cc0770f-91bc-4c0d-a26f-7b872f02ca94', 'qty': 1}], 'promo_codes': []}
2026-08-17 16:15:01,254 - INFO - HTTP Request: POST http://localhost:8002/price "HTTP/1.1 200 OK"
2026-08-17 16:15:01,255 - INFO - Called pricing_service, req: {'items': [{'product_id': '4cc0770f-91bc-4c0d-a26f-7b872f02ca94', 'qty': 1}], 'promo_codes': []}, response: {'items': [{'product_id': '4cc0770f-91bc-4c0d-a26f-7b872f02ca94', 'qty': 1, 'unit_price': 250.0, 'line_total': 250.0, 'discounts': 0.0}], 'subtotal': 250.0, 'total_discount': 0.0, 'total': 250.0, 'currency': 'USD', 'total_input_tokens': 0, 'total_output_tokens': 0, 'total_llm_calls': 0}
2026-08-17 16:15:01,255 - INFO - Request for search_products successfully processed, query: looking for headphone with noise cancelling under 300$, result: query='looking for headphone with noise cancelling under 300$' results=[ProductSearchResultItem(sku='4cc0770f-91bc-4c0d-a26f-7b872f02ca94', name='Noise Cancelling Headphones', description='Premium wireless headphones with active noise cancelling under 300$', price=250.0, score=4.285714285714286)] total_input_tokens=0 total_output_tokens=0 total_llm_calls=0
2026-08-17 16:15:01,265 - INFO - Request for search_products, query: looking for headphone with noise cancelling under 300$
2026-08-17 16:15:01,267 - INFO - Calling inventory_service for stock check, skus: ['4cc0770f-91bc-4c0d-a26f-7b872f02ca94', 'b2926dc2-cc6d-4c3e-ae40-7a127c173b16']
2026-08-17 16:15:01,271 - INFO - HTTP Request: GET http://localhost:8001/stock?skus=4cc0770f-91bc-4c0d-a26f-7b872f02ca94,b2926dc2-cc6d-4c3e-ae40-7a127c173b16 "HTTP/1.1 200 OK"
2026-08-17 16:15:01,272 - INFO - Called inventory_service, response: {'stocks': {'4cc0770f-91bc-4c0d-a26f-7b872f02ca94': 10, 'b2926dc2-cc6d-4c3e-ae40-7a127c173b16': 0}, 'total_input_tokens': 0, 'total_output_tokens': 0, 'total_llm_calls': 0}
2026-08-17 16:15:01,272 - INFO - Calling pricing_service, req: {'items': [{'product_id': '4cc0770f-91bc-4c0d-a26f-7b872f02ca94', 'qty': 1}], 'promo_codes': []}
2026-08-17 16:15:01,276 - INFO - HTTP Request: POST http://localhost:8002/price "HTTP/1.1 200 OK"
2026-08-17 16:15:01,277 - INFO - Called pricing_service, req: {'items': [{'product_id': '4cc0770f-91bc-4c0d-a26f-7b872f02ca94', 'qty': 1}], 'promo_codes': []}, response: {'items': [{'product_id': '4cc0770f-91bc-4c0d-a26f-7b872f02ca94', 'qty': 1, 'unit_price': 250.0, 'line_total': 250.0, 'discounts': 0.0}], 'subtotal': 250.0, 'total_discount': 0.0, 'total': 250.0, 'currency': 'USD', 'total_input_tokens': 0, 'total_output_tokens': 0, 'total_llm_calls': 0}
2026-08-17 16:15:01,277 - INFO - Request for search_products successfully processed, query: looking for headphone with noise cancelling under 300$, result: query='looking for headphone with noise cancelling under 300$' results=[ProductSearchResultItem(sku='4cc0770f-91bc-4c0d-a26f-7b872f02ca94', name='Noise Cancelling Headphones', description='Premium wireless headphones with active noise cancelling under 300$', price=250.0, score=4.285714285714286)] total_input_tokens=0 total_output_tokens=0 total_llm_calls=0
2026-08-17 16:15:01,288 - INFO - Request for search_products, query: looking for headphone with noise cancelling under 300$
2026-08-17 16:15:01,290 - INFO - Calling inventory_service for stock check, skus: ['4cc0770f-91bc-4c0d-a26f-7b872f02ca94', 'b2926dc2-cc6d-4c3e-ae40-7a127c173b16']
2026-08-17 16:15:01,297 - INFO - HTTP Request: GET http://localhost:8001/stock?skus=4cc0770f-91bc-4c0d-a26f-7b872f02ca94,b2926dc2-cc6d-4c3e-ae40-7a127c173b16 "HTTP/1.1 200 OK"
2026-08-17 16:15:01,298 - INFO - Called inventory_service, response: {'stocks': {'4cc0770f-91bc-4c0d-a26f-7b872f02ca94': 10, 'b2926dc2-cc6d-4c3e-ae40-7a127c173b16': 0}, 'total_input_tokens': 0, 'total_output_tokens': 0, 'total_llm_calls': 0}
2026-08-17 16:15:01,298 - INFO - Calling pricing_service, req: {'items': [{'product_id': '4cc0770f-91bc-4c0d-a26f-7b872f02ca94', 'qty': 1}], 'promo_codes': []}
2026-08-17 16:15:01,302 - INFO - HTTP Request: POST http://localhost:8002/price "HTTP/1.1 200 OK"
2026-08-17 16:15:01,302 - INFO - Called pricing_service, req: {'items': [{'product_id': '4cc0770f-91bc-4c0d-a26f-7b872f02ca94', 'qty': 1}], 'promo_codes': []}, response: {'items': [{'product_id': '4cc0770f-91bc-4c0d-a26f-7b872f02ca94', 'qty': 1, 'unit_price': 250.0, 'line_total': 250.0, 'discounts': 0.0}], 'subtotal': 250.0, 'total_discount': 0.0, 'total': 250.0, 'currency': 'USD', 'total_input_tokens': 0, 'total_output_tokens': 0, 'total_llm_calls': 0}
2026-08-17 16:15:01,303 - INFO - Request for search_products successfully processed, query: looking for headphone with noise cancelling under 300$, result: query='looking for headphone with noise cancelling under 300$' results=[ProductSearchResultItem(sku='4cc0770f-91bc-4c0d-a26f-7b872f02ca94', name='Noise Cancelling Headphones', description='Premium wireless headphones with active noise cancelling under 300$', price=250.0, score=4.285714285714286)] total_input_tokens=0 total_output_tokens=0 total_llm_calls=0
2026-08-17 16:15:01,312 - INFO - Request for search_products, query: looking for headphone with noise cancelling under 300$
2026-08-17 16:15:01,314 - INFO - Calling inventory_service for stock check, skus: ['4cc0770f-91bc-4c0d-a26f-7b872f02ca94', 'b2926dc2-cc6d-4c3e-ae40-7a127c173b16']
2026-08-17 16:15:01,318 - INFO - HTTP Request: GET http://localhost:8001/stock?skus=4cc0770f-91bc-4c0d-a26f-7b872f02ca94,b2926dc2-cc6d-4c3e-ae40-7a127c173b16 "HTTP/1.1 200 OK"
2026-08-17 16:15:01,319 - INFO - Called inventory_service, response: {'stocks': {'4cc0770f-91bc-4c0d-a26f-7b872f02ca94': 10, 'b2926dc2-cc6d-4c3e-ae40-7a127c173b16': 0}, 'total_input_tokens': 0, 'total_output_tokens': 0, 'total_llm_calls': 0}
2026-08-17 16:15:01,319 - INFO - Calling pricing_service, req: {'items': [{'product_id': '4cc0770f-91bc-4c0d-a26f-7b872f02ca94', 'qty': 1}], 'promo_codes': []}
2026-08-17 16:15:01,323 - INFO - HTTP Request: POST http://localhost:8002/price "HTTP/1.1 200 OK"
2026-08-17 16:15:01,323 - INFO - Called pricing_service, req: {'items': [{'product_id': '4cc0770f-91bc-4c0d-a26f-7b872f02ca94', 'qty': 1}], 'promo_codes': []}, response: {'items': [{'product_id': '4cc0770f-91bc-4c0d-a26f-7b872f02ca94', 'qty': 1, 'unit_price': 250.0, 'line_total': 250.0, 'discounts': 0.0}], 'subtotal': 250.0, 'total_discount': 0.0, 'total': 250.0, 'currency': 'USD', 'total_input_tokens': 0, 'total_output_tokens': 0, 'total_llm_calls': 0}
2026-08-17 16:15:01,324 - INFO - Request for search_products successfully processed, query: looking for headphone with noise cancelling under 300$, result: query='looking for headphone with noise cancelling under 300$' results=[ProductSearchResultItem(sku='4cc0770f-91bc-4c0d-a26f-7b872f02ca94', name='Noise Cancelling Headphones', description='Premium wireless headphones with active noise cancelling under 300$', price=250.0, score=4.285714285714286)] total_input_tokens=0 total_output_tokens=0 total_llm_calls=0
2026-08-17 16:15:01,332 - INFO - Request for search_products, query: looking for headphone with noise cancelling under 300$
2026-08-17 16:15:01,333 - INFO - Calling inventory_service for stock check, skus: ['4cc0770f-91bc-4c0d-a26f-7b872f02ca94', 'b2926dc2-cc6d-4c3e-ae40-7a127c173b16']
2026-08-17 16:15:01,337 - INFO - HTTP Request: GET http://localhost:8001/stock?skus=4cc0770f-91bc-4c0d-a26f-7b872f02ca94,b2926dc2-cc6d-4c3e-ae40-7a127c173b16 "HTTP/1.1 200 OK"
2026-08-17 16:15:01,338 - INFO - Called inventory_service, response: {'stocks': {'4cc0770f-91bc-4c0d-a26f-7b872f02ca94': 10, 'b2926dc2-cc6d-4c3e-ae40-7a127c173b16': 0}, 'total_input_tokens': 0, 'total_output_tokens': 0, 'total_llm_calls': 0}
2026-08-17 16:15:01,338 - INFO - Calling pricing_service, req: {'items': [{'product_id': '4cc0770f-91bc-4c0d-a26f-7b872f02ca94', 'qty': 1}], 'promo_codes': []}
2026-08-17 16:15:01,341 - INFO - HTTP Request: POST http://localhost:8002/price "HTTP/1.1 200 OK"
2026-08-17 16:15:01,342 - INFO - Called pricing_service, req: {'items': [{'product_id': '4cc0770f-91bc-4c0d-a26f-7b872f02ca94', 'qty': 1}], 'promo_codes': []}, response: {'items': [{'product_id': '4cc0770f-91bc-4c0d-a26f-7b872f02ca94', 'qty': 1, 'unit_price': 250.0, 'line_total': 250.0, 'discounts': 0.0}], 'subtotal': 250.0, 'total_discount': 0.0, 'total': 250.0, 'currency': 'USD', 'total_input_tokens': 0, 'total_output_tokens': 0, 'total_llm_calls': 0}
2026-08-17 16:15:01,342 - INFO - Request for search_products successfully processed, query: looking for headphone with noise cancelling under 300$, result: query='looking for headphone with noise cancelling under 300$' results=[ProductSearchResultItem(sku='4cc0770f-91bc-4c0d-a26f-7b872f02ca94', name='Noise Cancelling Headphones', description='Premium wireless headphones with active noise cancelling under 300$', price=250.0, score=4.285714285714286)] total_input_tokens=0 total_output_tokens=0 total_llm_calls=0
2026-08-17 16:15:01,350 - INFO - Request for search_products, query: looking for headphone with noise cancelling under 300$
2026-08-17 16:15:01,351 - INFO - Calling inventory_service for stock check, skus: ['4cc0770f-91bc-4c0d-a26f-7b872f02ca94', 'b2926dc2-cc6d-4c3e-ae40-7a127c173b16']
2026-08-17 16:15:01,355 - INFO - HTTP Request: GET http://localhost:8001/stock?skus=4cc0770f-91bc-4c0d-a26f-7b872f02ca94,b2926dc2-cc6d-4c3e-ae40-7a127c173b16 "HTTP/1.1 200 OK"
2026-08-17 16:15:01,356 - INFO - Called inventory_service, response: {'stocks': {'4cc0770f-91bc-4c0d-a26f-7b872f02ca94': 10, 'b2926dc2-cc6d-4c3e-ae40-7a127c173b16': 0}, 'total_input_tokens': 0, 'total_output_tokens': 0, 'total_llm_calls': 0}
2026-08-17 16:15:01,356 - INFO - Calling pricing_service, req: {'items': [{'product_id': '4cc0770f-91bc-4c0d-a26f-7b872f02ca94', 'qty': 1}], 'promo_codes': []}
2026-08-17 16:15:01,360 - INFO - HTTP Request: POST http://localhost:8002/price "HTTP/1.1 200 OK"
2026-08-17 16:15:01,360 - INFO - Called pricing_service, req: {'items': [{'product_id': '4cc0770f-91bc-4c0d-a26f-7b872f02ca94', 'qty': 1}], 'promo_codes': []}, response: {'items': [{'product_id': '4cc0770f-91bc-4c0d-a26f-7b872f02ca94', 'qty': 1, 'unit_price': 250.0, 'line_total': 250.0, 'discounts': 0.0}], 'subtotal': 250.0, 'total_discount': 0.0, 'total': 250.0, 'currency': 'USD', 'total_input_tokens': 0, 'total_output_tokens': 0, 'total_llm_calls': 0}
2026-08-17 16:15:01,361 - INFO - Request for search_products successfully processed, query: looking for headphone with noise cancelling under 300$, result: query='looking for headphone with noise cancelling under 300$' results=[ProductSearchResultItem(sku='4cc0770f-91bc-4c0d-a26f-7b872f02ca94', name='Noise Cancelling Headphones', description='Premium wireless headphones with active noise cancelling under 300$', price=250.0, score=4.285714285714286)] total_input_tokens=0 total_output_tokens=0 total_llm_calls=0
2026-08-17 16:15:01,369 - INFO - Request for search_products, query: looking for headphone with noise cancelling under 300$
2026-08-17 16:15:01,370 - INFO - Calling inventory_service for stock check, skus: ['4cc0770f-91bc-4c0d-a26f-7b872f02ca94', 'b2926dc2-cc6d-4c3e-ae40-7a127c173b16']
2026-08-17 16:15:01,374 - INFO - HTTP Request: GET http://localhost:8001/stock?skus=4cc0770f-91bc-4c0d-a26f-7b872f02ca94,b2926dc2-cc6d-4c3e-ae40-7a127c173b16 "HTTP/1.1 200 OK"
2026-08-17 16:15:01,375 - INFO - Called inventory_service, response: {'stocks': {'4cc0770f-91bc-4c0d-a26f-7b872f02ca94': 10, 'b2926dc2-cc6d-4c3e-ae40-7a127c173b16': 0}, 'total_input_tokens': 0, 'total_output_tokens': 0, 'total_llm_calls': 0}
2026-08-17 16:15:01,375 - INFO - Calling pricing_service, req: {'items': [{'product_id': '4cc0770f-91bc-4c0d-a26f-7b872f02ca94', 'qty': 1}], 'promo_codes': []}
2026-08-17 16:15:01,379 - INFO - HTTP Request: POST http://localhost:8002/price "HTTP/1.1 200 OK"
2026-08-17 16:15:01,380 - INFO - Called pricing_service, req: {'items': [{'product_id': '4cc0770f-91bc-4c0d-a26f-7b872f02ca94', 'qty': 1}], 'promo_codes': []}, response: {'items': [{'product_id': '4cc0770f-91bc-4c0d-a26f-7b872f02ca94', 'qty': 1, 'unit_price': 250.0, 'line_total': 250.0, 'discounts': 0.0}], 'subtotal': 250.0, 'total_discount': 0.0, 'total': 250.0, 'currency': 'USD', 'total_input_tokens': 0, 'total_output_tokens': 0, 'total_llm_calls': 0}
2026-08-17 16:15:01,380 - INFO - Request for search_products successfully processed, query: looking for headphone with noise cancelling under 300$, result: query='looking for headphone with noise cancelling under 300$' results=[ProductSearchResultItem(sku='4cc0770f-91bc-4c0d-a26f-7b872f02ca94', name='Noise Cancelling Headphones', description='Premium wireless headphones with active noise cancelling under 300$', price=250.0, score=4.285714285714286)] total_input_tokens=0 total_output_tokens=0 total_llm_calls=0
2026-08-17 16:15:01,387 - INFO - Request for search_products, query: looking for headphone with noise cancelling under 300$
2026-08-17 16:15:01,389 - INFO - Calling inventory_service for stock check, skus: ['4cc0770f-91bc-4c0d-a26f-7b872f02ca94', 'b2926dc2-cc6d-4c3e-ae40-7a127c173b16']
2026-08-17 16:15:01,395 - INFO - HTTP Request: GET http://localhost:8001/stock?skus=4cc0770f-91bc-4c0d-a26f-7b872f02ca94,b2926dc2-cc6d-4c3e-ae40-7a127c173b16 "HTTP/1.1 200 OK"
2026-08-17 16:15:01,395 - INFO - Called inventory_service, response: {'stocks': {'4cc0770f-91bc-4c0d-a26f-7b872f02ca94': 10, 'b2926dc2-cc6d-4c3e-ae40-7a127c173b16': 0}, 'total_input_tokens': 0, 'total_output_tokens': 0, 'total_llm_calls': 0}
2026-08-17 16:15:01,396 - INFO - Calling pricing_service, req: {'items': [{'product_id': '4cc0770f-91bc-4c0d-a26f-7b872f02ca94', 'qty': 1}], 'promo_codes': []}
2026-08-17 16:15:01,399 - INFO - HTTP Request: POST http://localhost:8002/price "HTTP/1.1 200 OK"
2026-08-17 16:15:01,400 - INFO - Called pricing_service, req: {'items': [{'product_id': '4cc0770f-91bc-4c0d-a26f-7b872f02ca94', 'qty': 1}], 'promo_codes': []}, response: {'items': [{'product_id': '4cc0770f-91bc-4c0d-a26f-7b872f02ca94', 'qty': 1, 'unit_price': 250.0, 'line_total': 250.0, 'discounts': 0.0}], 'subtotal': 250.0, 'total_discount': 0.0, 'total': 250.0, 'currency': 'USD', 'total_input_tokens': 0, 'total_output_tokens': 0, 'total_llm_calls': 0}
2026-08-17 16:15:01,400 - INFO - Request for search_products successfully processed, query: looking for headphone with noise cancelling under 300$, result: query='looking for headphone with noise cancelling under 300$' results=[ProductSearchResultItem(sku='4cc0770f-91bc-4c0d-a26f-7b872f02ca94', name='Noise Cancelling Headphones', description='Premium wireless headphones with active noise cancelling under 300$', price=250.0, score=4.285714285714286)] total_input_tokens=0 total_output_tokens=0 total_llm_calls=0
2026-08-17 16:15:01,409 - INFO - Request for search_products, query: looking for headphone with noise cancelling under 300$
2026-08-17 16:15:01,411 - INFO - Calling inventory_service for stock check, skus: ['4cc0770f-91bc-4c0d-a26f-7b872f02ca94', 'b2926dc2-cc6d-4c3e-ae40-7a127c173b16']
2026-08-17 16:15:01,415 - INFO - HTTP Request: GET http://localhost:8001/stock?skus=4cc0770f-91bc-4c0d-a26f-7b872f02ca94,b2926dc2-cc6d-4c3e-ae40-7a127c173b16 "HTTP/1.1 200 OK"
2026-08-17 16:15:01,416 - INFO - Called inventory_service, response: {'stocks': {'4cc0770f-91bc-4c0d-a26f-7b872f02ca94': 10, 'b2926dc2-cc6d-4c3e-ae40-7a127c173b16': 0}, 'total_input_tokens': 0, 'total_output_tokens': 0, 'total_llm_calls': 0}
2026-08-17 16:15:01,416 - INFO - Calling pricing_service, req: {'items': [{'product_id': '4cc0770f-91bc-4c0d-a26f-7b872f02ca94', 'qty': 1}], 'promo_codes': []}
2026-08-17 16:15:01,420 - INFO - HTTP Request: POST http://localhost:8002/price "HTTP/1.1 200 OK"
2026-08-17 16:15:01,421 - INFO - Called pricing_service, req: {'items': [{'product_id': '4cc0770f-91bc-4c0d-a26f-7b872f02ca94', 'qty': 1}], 'promo_codes': []}, response: {'items': [{'product_id': '4cc0770f-91bc-4c0d-a26f-7b872f02ca94', 'qty': 1, 'unit_price': 250.0, 'line_total': 250.0, 'discounts': 0.0}], 'subtotal': 250.0, 'total_discount': 0.0, 'total': 250.0, 'currency': 'USD', 'total_input_tokens': 0, 'total_output_tokens': 0, 'total_llm_calls': 0}
2026-08-17 16:15:01,421 - INFO - Request for search_products successfully processed, query: looking for headphone with noise cancelling under 300$, result: query='looking for headphone with noise cancelling under 300$' results=[ProductSearchResultItem(sku='4cc0770f-91bc-4c0d-a26f-7b872f02ca94', name='Noise Cancelling Headphones', description='Premium wireless headphones with active noise cancelling under 300$', price=250.0, score=4.285714285714286)] total_input_tokens=0 total_output_tokens=0 total_llm_calls=0
2026-08-17 16:15:01,429 - INFO - Request for search_products, query: looking for headphone with noise cancelling under 300$
2026-08-17 16:15:01,431 - INFO - Calling inventory_service for stock check, skus: ['4cc0770f-91bc-4c0d-a26f-7b872f02ca94', 'b2926dc2-cc6d-4c3e-ae40-7a127c173b16']
2026-08-17 16:15:01,435 - INFO - HTTP Request: GET http://localhost:8001/stock?skus=4cc0770f-91bc-4c0d-a26f-7b872f02ca94,b2926dc2-cc6d-4c3e-ae40-7a127c173b16 "HTTP/1.1 200 OK"
2026-08-17 16:15:01,435 - INFO - Called inventory_service, response: {'stocks': {'4cc0770f-91bc-4c0d-a26f-7b872f02ca94': 10, 'b2926dc2-cc6d-4c3e-ae40-7a127c173b16': 0}, 'total_input_tokens': 0, 'total_output_tokens': 0, 'total_llm_calls': 0}
2026-08-17 16:15:01,436 - INFO - Calling pricing_service, req: {'items': [{'product_id': '4cc0770f-91bc-4c0d-a26f-7b872f02ca94', 'qty': 1}], 'promo_codes': []}
2026-08-17 16:15:01,439 - INFO - HTTP Request: POST http://localhost:8002/price "HTTP/1.1 200 OK"
2026-08-17 16:15:01,440 - INFO - Called pricing_service, req: {'items': [{'product_id': '4cc0770f-91bc-4c0d-a26f-7b872f02ca94', 'qty': 1}], 'promo_codes': []}, response: {'items': [{'product_id': '4cc0770f-91bc-4c0d-a26f-7b872f02ca94', 'qty': 1, 'unit_price': 250.0, 'line_total': 250.0, 'discounts': 0.0}], 'subtotal': 250.0, 'total_discount': 0.0, 'total': 250.0, 'currency': 'USD', 'total_input_tokens': 0, 'total_output_tokens': 0, 'total_llm_calls': 0}
2026-08-17 16:15:01,440 - INFO - Request for search_products successfully processed, query: looking for headphone with noise cancelling under 300$, result: query='looking for headphone with noise cancelling under 300$' results=[ProductSearchResultItem(sku='4cc0770f-91bc-4c0d-a26f-7b872f02ca94', name='Noise Cancelling Headphones', description='Premium wireless headphones with active noise cancelling under 300$', price=250.0, score=4.285714285714286)] total_input_tokens=0 total_output_tokens=0 total_llm_calls=0
2026-08-17 16:15:01,449 - INFO - Request for search_products, query: looking for headphone with noise cancelling under 300$
2026-08-17 16:15:01,451 - INFO - Calling inventory_service for stock check, skus: ['4cc0770f-91bc-4c0d-a26f-7b872f02ca94', 'b2926dc2-cc6d-4c3e-ae40-7a127c173b16']
2026-08-17 16:15:01,456 - INFO - HTTP Request: GET http://localhost:8001/stock?skus=4cc0770f-91bc-4c0d-a26f-7b872f02ca94,b2926dc2-cc6d-4c3e-ae40-7a127c173b16 "HTTP/1.1 200 OK"
2026-08-17 16:15:01,456 - INFO - Called inventory_service, response: {'stocks': {'4cc0770f-91bc-4c0d-a26f-7b872f02ca94': 10, 'b2926dc2-cc6d-4c3e-ae40-7a127c173b16': 0}, 'total_input_tokens': 0, 'total_output_tokens': 0, 'total_llm_calls': 0}
2026-08-17 16:15:01,456 - INFO - Calling pricing_service, req: {'items': [{'product_id': '4cc0770f-91bc-4c0d-a26f-7b872f02ca94', 'qty': 1}], 'promo_codes': []}
2026-08-17 16:15:01,461 - INFO - HTTP Request: POST http://localhost:8002/price "HTTP/1.1 200 OK"
2026-08-17 16:15:01,462 - INFO - Called pricing_service, req: {'items': [{'product_id': '4cc0770f-91bc-4c0d-a26f-7b872f02ca94', 'qty': 1}], 'promo_codes': []}, response: {'items': [{'product_id': '4cc0770f-91bc-4c0d-a26f-7b872f02ca94', 'qty': 1, 'unit_price': 250.0, 'line_total': 250.0, 'discounts': 0.0}], 'subtotal': 250.0, 'total_discount': 0.0, 'total': 250.0, 'currency': 'USD', 'total_input_tokens': 0, 'total_output_tokens': 0, 'total_llm_calls': 0}
2026-08-17 16:15:01,462 - INFO - Request for search_products successfully processed, query: looking for headphone with noise cancelling under 300$, result: query='looking for headphone with noise cancelling under 300$' results=[ProductSearchResultItem(sku='4cc0770f-91bc-4c0d-a26f-7b872f02ca94', name='Noise Cancelling Headphones', description='Premium wireless headphones with active noise cancelling under 300$', price=250.0, score=4.285714285714286)] total_input_tokens=0 total_output_tokens=0 total_llm_calls=0
2026-08-17 16:15:01,471 - INFO - Request for search_products, query: looking for headphone with noise cancelling under 300$
2026-08-17 16:15:01,473 - INFO - Calling inventory_service for stock check, skus: ['4cc0770f-91bc-4c0d-a26f-7b872f02ca94', 'b2926dc2-cc6d-4c3e-ae40-7a127c173b16']
2026-08-17 16:15:01,478 - INFO - HTTP Request: GET http://localhost:8001/stock?skus=4cc0770f-91bc-4c0d-a26f-7b872f02ca94,b2926dc2-cc6d-4c3e-ae40-7a127c173b16 "HTTP/1.1 200 OK"
2026-08-17 16:15:01,479 - INFO - Called inventory_service, response: {'stocks': {'4cc0770f-91bc-4c0d-a26f-7b872f02ca94': 10, 'b2926dc2-cc6d-4c3e-ae40-7a127c173b16': 0}, 'total_input_tokens': 0, 'total_output_tokens': 0, 'total_llm_calls': 0}
2026-08-17 16:15:01,479 - INFO - Calling pricing_service, req: {'items': [{'product_id': '4cc0770f-91bc-4c0d-a26f-7b872f02ca94', 'qty': 1}], 'promo_codes': []}
2026-08-17 16:15:01,483 - INFO - HTTP Request: POST http://localhost:8002/price "HTTP/1.1 200 OK"
2026-08-17 16:15:01,483 - INFO - Called pricing_service, req: {'items': [{'product_id': '4cc0770f-91bc-4c0d-a26f-7b872f02ca94', 'qty': 1}], 'promo_codes': []}, response: {'items': [{'product_id': '4cc0770f-91bc-4c0d-a26f-7b872f02ca94', 'qty': 1, 'unit_price': 250.0, 'line_total': 250.0, 'discounts': 0.0}], 'subtotal': 250.0, 'total_discount': 0.0, 'total': 250.0, 'currency': 'USD', 'total_input_tokens': 0, 'total_output_tokens': 0, 'total_llm_calls': 0}
2026-08-17 16:15:01,483 - INFO - Request for search_products successfully processed, query: looking for headphone with noise cancelling under 300$, result: query='looking for headphone with noise cancelling under 300$' results=[ProductSearchResultItem(sku='4cc0770f-91bc-4c0d-a26f-7b872f02ca94', name='Noise Cancelling Headphones', description='Premium wireless headphones with active noise cancelling under 300$', price=250.0, score=4.285714285714286)] total_input_tokens=0 total_output_tokens=0 total_llm_calls=0
2026-08-17 16:15:01,491 - INFO - Request for search_products, query: looking for headphone with noise cancelling under 300$
2026-08-17 16:15:01,495 - INFO - Calling inventory_service for stock check, skus: ['4cc0770f-91bc-4c0d-a26f-7b872f02ca94', 'b2926dc2-cc6d-4c3e-ae40-7a127c173b16']
2026-08-17 16:15:01,502 - INFO - HTTP Request: GET http://localhost:8001/stock?skus=4cc0770f-91bc-4c0d-a26f-7b872f02ca94,b2926dc2-cc6d-4c3e-ae40-7a127c173b16 "HTTP/1.1 200 OK"
2026-08-17 16:15:01,502 - INFO - Called inventory_service, response: {'stocks': {'4cc0770f-91bc-4c0d-a26f-7b872f02ca94': 10, 'b2926dc2-cc6d-4c3e-ae40-7a127c173b16': 0}, 'total_input_tokens': 0, 'total_output_tokens': 0, 'total_llm_calls': 0}
2026-08-17 16:15:01,502 - INFO - Calling pricing_service, req: {'items': [{'product_id': '4cc0770f-91bc-4c0d-a26f-7b872f02ca94', 'qty': 1}], 'promo_codes': []}
2026-08-17 16:15:01,507 - INFO - HTTP Request: POST http://localhost:8002/price "HTTP/1.1 200 OK"
2026-08-17 16:15:01,507 - INFO - Called pricing_service, req: {'items': [{'product_id': '4cc0770f-91bc-4c0d-a26f-7b872f02ca94', 'qty': 1}], 'promo_codes': []}, response: {'items': [{'product_id': '4cc0770f-91bc-4c0d-a26f-7b872f02ca94', 'qty': 1, 'unit_price': 250.0, 'line_total': 250.0, 'discounts': 0.0}], 'subtotal': 250.0, 'total_discount': 0.0, 'total': 250.0, 'currency': 'USD', 'total_input_tokens': 0, 'total_output_tokens': 0, 'total_llm_calls': 0}
2026-08-17 16:15:01,508 - INFO - Request for search_products successfully processed, query: looking for headphone with noise cancelling under 300$, result: query='looking for headphone with noise cancelling under 300$' results=[ProductSearchResultItem(sku='4cc0770f-91bc-4c0d-a26f-7b872f02ca94', name='Noise Cancelling Headphones', description='Premium wireless headphones with active noise cancelling under 300$', price=250.0, score=4.285714285714286)] total_input_tokens=0 total_output_tokens=0 total_llm_calls=0
2026-08-17 16:15:01,519 - INFO - Request for search_products, query: looking for headphone with noise cancelling under 300$
2026-08-17 16:15:01,520 - INFO - Calling inventory_service for stock check, skus: ['4cc0770f-91bc-4c0d-a26f-7b872f02ca94', 'b2926dc2-cc6d-4c3e-ae40-7a127c173b16']
2026-08-17 16:15:01,526 - INFO - HTTP Request: GET http://localhost:8001/stock?skus=4cc0770f-91bc-4c0d-a26f-7b872f02ca94,b2926dc2-cc6d-4c3e-ae40-7a127c173b16 "HTTP/1.1 200 OK"
2026-08-17 16:15:01,527 - INFO - Called inventory_service, response: {'stocks': {'4cc0770f-91bc-4c0d-a26f-7b872f02ca94': 10, 'b2926dc2-cc6d-4c3e-ae40-7a127c173b16': 0}, 'total_input_tokens': 0, 'total_output_tokens': 0, 'total_llm_calls': 0}
2026-08-17 16:15:01,527 - INFO - Calling pricing_service, req: {'items': [{'product_id': '4cc0770f-91bc-4c0d-a26f-7b872f02ca94', 'qty': 1}], 'promo_codes': []}
2026-08-17 16:15:01,533 - INFO - HTTP Request: POST http://localhost:8002/price "HTTP/1.1 200 OK"
2026-08-17 16:15:01,534 - INFO - Called pricing_service, req: {'items': [{'product_id': '4cc0770f-91bc-4c0d-a26f-7b872f02ca94', 'qty': 1}], 'promo_codes': []}, response: {'items': [{'product_id': '4cc0770f-91bc-4c0d-a26f-7b872f02ca94', 'qty': 1, 'unit_price': 250.0, 'line_total': 250.0, 'discounts': 0.0}], 'subtotal': 250.0, 'total_discount': 0.0, 'total': 250.0, 'currency': 'USD', 'total_input_tokens': 0, 'total_output_tokens': 0, 'total_llm_calls': 0}
2026-08-17 16:15:01,534 - INFO - Request for search_products successfully processed, query: looking for headphone with noise cancelling under 300$, result: query='looking for headphone with noise cancelling under 300$' results=[ProductSearchResultItem(sku='4cc0770f-91bc-4c0d-a26f-7b872f02ca94', name='Noise Cancelling Headphones', description='Premium wireless headphones with active noise cancelling under 300$', price=250.0, score=4.285714285714286)] total_input_tokens=0 total_output_tokens=0 total_llm_calls=0
2026-08-18 20:41:18,659 - INFO - ProductSearch connected to mongo mongodb://localhost:27017/
2026-08-18 20:47:26,989 - INFO - Request for search_products, query: looking for headphone with noise cancelling
2026-08-18 20:47:27,025 - INFO - Calling inventory_service for stock check, skus: ['4cc0770f-91bc-4c0d-a26f-7b872f02ca94', 'b2926dc2-cc6d-4c3e-ae40-7a127c173b16']
2026-08-18 20:47:27,065 - INFO - HTTP Request: GET http://localhost:8001/stock?skus=4cc0770f-91bc-4c0d-a26f-7b872f02ca94,b2926dc2-cc6d-4c3e-ae40-7a127c173b16 "HTTP/1.1 200 OK"
2026-08-18 20:47:27,069 - INFO - Called inventory_service, response: {'stocks': {'4cc0770f-91bc-4c0d-a26f-7b872f02ca94': 0, 'b2926dc2-cc6d-4c3e-ae40-7a127c173b16': 10}, 'total_input_tokens': 0, 'total_output_tokens': 0, 'total_llm_calls': 0}
2026-08-18 20:47:27,070 - INFO - Calling pricing_service, req: {'items': [{'product_id': 'b2926dc2-cc6d-4c3e-ae40-7a127c173b16', 'qty': 1}], 'promo_codes': []}
2026-08-18 20:47:27,084 - INFO - HTTP Request: POST http://localhost:8002/price "HTTP/1.1 200 OK"
2026-08-18 20:47:27,086 - INFO - Called pricing_service, req: {'items': [{'product_id': 'b2926dc2-cc6d-4c3e-ae40-7a127c173b16', 'qty': 1}], 'promo_codes': []}, response: {'items': [{'product_id': 'b2926dc2-cc6d-4c3e-ae40-7a127c173b16', 'qty': 1, 'unit_price': 150.0, 'line_total': 150.0, 'discounts': 0.0}], 'subtotal': 150.0, 'total_discount': 0.0, 'total': 150.0, 'currency': 'USD', 'total_input_tokens': 0, 'total_output_tokens': 0, 'total_llm_calls': 0}
2026-08-18 20:47:27,086 - INFO - Request for search_products successfully processed, query: looking for headphone with noise cancelling, result: query='looking for headphone with noise cancelling' results=[ProductSearchResultItem(sku='b2926dc2-cc6d-4c3e-ae40-7a127c173b16', name='Wireless Earbuds', description='In-ear noise cancelling wireless earbuds', price=150.0, score=1.2)] total_input_tokens=0 total_output_tokens=0 total_llm_calls=0
2026-08-18 20:47:27,682 - INFO - Request for search_products, query: looking for headphone with noise cancelling
2026-08-18 20:47:27,684 - INFO - Calling inventory_service for stock check, skus: ['4cc0770f-91bc-4c0d-a26f-7b872f02ca94', 'b2926dc2-cc6d-4c3e-ae40-7a127c173b16']
2026-08-18 20:47:27,690 - INFO - HTTP Request: GET http://localhost:8001/stock?skus=4cc0770f-91bc-4c0d-a26f-7b872f02ca94,b2926dc2-cc6d-4c3e-ae40-7a127c173b16 "HTTP/1.1 200 OK"
2026-08-18 20:47:27,691 - INFO - Called inventory_service, response: {'stocks': {'4cc0770f-91bc-4c0d-a26f-7b872f02ca94': 0, 'b2926dc2-cc6d-4c3e-ae40-7a127c173b16': 8}, 'total_input_tokens': 0, 'total_output_tokens': 0, 'total_llm_calls': 0}
2026-08-18 20:47:27,691 - INFO - Calling pricing_service, req: {'items': [{'product_id': 'b2926dc2-cc6d-4c3e-ae40-7a127c173b16', 'qty': 1}], 'promo_codes': []}
2026-08-18 20:47:27,697 - INFO - HTTP Request: POST http://localhost:8002/price "HTTP/1.1 200 OK"
2026-08-18 20:47:27,698 - INFO - Called pricing_service, req: {'items': [{'product_id': 'b2926dc2-cc6d-4c3e-ae40-7a127c173b16', 'qty': 1}], 'promo_codes': []}, response: {'items': [{'product_id': 'b2926dc2-cc6d-4c3e-ae40-7a127c173b16', 'qty': 1, 'unit_price': 150.0, 'line_total': 150.0, 'discounts': 0.0}], 'subtotal': 150.0, 'total_discount': 0.0, 'total': 150.0, 'currency': 'USD', 'total_input_tokens': 0, 'total_output_tokens': 0, 'total_llm_calls': 0}
2026-08-18 20:47:27,698 - INFO - Request for search_products successfully processed, query: looking for headphone with noise cancelling, result: query='looking for headphone with noise cancelling' results=[ProductSearchResultItem(sku='b2926dc2-cc6d-4c3e-ae40-7a127c173b16', name='Wireless Earbuds', description='In-ear noise cancelling wireless earbuds', price=150.0, score=1.2)] total_input_tokens=0 total_output_tokens=0 total_llm_calls=0
2026-08-18 20:47:28,289 - INFO - Request for search_products, query: looking for headphone with noise cancelling
2026-08-18 20:47:28,295 - INFO - Calling inventory_service for stock check, skus: ['4cc0770f-91bc-4c0d-a26f-7b872f02ca94', 'b2926dc2-cc6d-4c3e-ae40-7a127c173b16']
2026-08-18 20:47:28,312 - INFO - HTTP Request: GET http://localhost:8001/stock?skus=4cc0770f-91bc-4c0d-a26f-7b872f02ca94,b2926dc2-cc6d-4c3e-ae40-7a127c173b16 "HTTP/1.1 200 OK"
2026-08-18 20:47:28,315 - INFO - Called inventory_service, response: {'stocks': {'4cc0770f-91bc-4c0d-a26f-7b872f02ca94': 0, 'b2926dc2-cc6d-4c3e-ae40-7a127c173b16': 6}, 'total_input_tokens': 0, 'total_output_tokens': 0, 'total_llm_calls': 0}
2026-08-18 20:47:28,316 - INFO - Calling pricing_service, req: {'items': [{'product_id': 'b2926dc2-cc6d-4c3e-ae40-7a127c173b16', 'qty': 1}], 'promo_codes': []}
2026-08-18 20:47:28,329 - INFO - HTTP Request: POST http://localhost:8002/price "HTTP/1.1 200 OK"
2026-08-18 20:47:28,331 - INFO - Called pricing_service, req: {'items': [{'product_id': 'b2926dc2-cc6d-4c3e-ae40-7a127c173b16', 'qty': 1}], 'promo_codes': []}, response: {'items': [{'product_id': 'b2926dc2-cc6d-4c3e-ae40-7a127c173b16', 'qty': 1, 'unit_price': 150.0, 'line_total': 150.0, 'discounts': 0.0}], 'subtotal': 150.0, 'total_discount': 0.0, 'total': 150.0, 'currency': 'USD', 'total_input_tokens': 0, 'total_output_tokens': 0, 'total_llm_calls': 0}
2026-08-18 20:47:28,332 - INFO - Request for search_products successfully processed, query: looking for headphone with noise cancelling, result: query='looking for headphone with noise cancelling' results=[ProductSearchResultItem(sku='b2926dc2-cc6d-4c3e-ae40-7a127c173b16', name='Wireless Earbuds', description='In-ear noise cancelling wireless earbuds', price=150.0, score=1.2)] total_input_tokens=0 total_output_tokens=0 total_llm_calls=0
2026-08-18 20:47:28,929 - INFO - Request for search_products, query: looking for headphone with noise cancelling
2026-08-18 20:47:28,930 - INFO - Calling inventory_service for stock check, skus: ['4cc0770f-91bc-4c0d-a26f-7b872f02ca94', 'b2926dc2-cc6d-4c3e-ae40-7a127c173b16']
2026-08-18 20:47:28,935 - INFO - HTTP Request: GET http://localhost:8001/stock?skus=4cc0770f-91bc-4c0d-a26f-7b872f02ca94,b2926dc2-cc6d-4c3e-ae40-7a127c173b16 "HTTP/1.1 200 OK"
2026-08-18 20:47:28,936 - INFO - Called inventory_service, response: {'stocks': {'4cc0770f-91bc-4c0d-a26f-7b872f02ca94': 0, 'b2926dc2-cc6d-4c3e-ae40-7a127c173b16': 4}, 'total_input_tokens': 0, 'total_output_tokens': 0, 'total_llm_calls': 0}
2026-08-18 20:47:28,936 - INFO - Calling pricing_service, req: {'items': [{'product_id': 'b2926dc2-cc6d-4c3e-ae40-7a127c173b16', 'qty': 1}], 'promo_codes': []}
2026-08-18 20:47:28,940 - INFO - HTTP Request: POST http://localhost:8002/price "HTTP/1.1 200 OK"
2026-08-18 20:47:28,941 - INFO - Called pricing_service, req: {'items': [{'product_id': 'b2926dc2-cc6d-4c3e-ae40-7a127c173b16', 'qty': 1}], 'promo_codes': []}, response: {'items': [{'product_id': 'b2926dc2-cc6d-4c3e-ae40-7a127c173b16', 'qty': 1, 'unit_price': 150.0, 'line_total': 150.0, 'discounts': 0.0}], 'subtotal': 150.0, 'total_discount': 0.0, 'total': 150.0, 'currency': 'USD', 'total_input_tokens': 0, 'total_output_tokens': 0, 'total_llm_calls': 0}
2026-08-18 20:47:28,941 - INFO - Request for search_products successfully processed, query: looking for headphone with noise cancelling, result: query='looking for headphone with noise cancelling' results=[ProductSearchResultItem(sku='b2926dc2-cc6d-4c3e-ae40-7a127c173b16', name='Wireless Earbuds', description='In-ear noise cancelling wireless earbuds', price=150.0, score=1.2)] total_input_tokens=0 total_output_tokens=0 total_llm_calls=0
2026-08-18 20:47:29,509 - INFO - Request for search_products, query: looking for headphone with noise cancelling
2026-08-18 20:47:29,516 - INFO - Calling inventory_service for stock check, skus: ['4cc0770f-91bc-4c0d-a26f-7b872f02ca94', 'b2926dc2-cc6d-4c3e-ae40-7a127c173b16']
2026-08-18 20:47:29,529 - INFO - HTTP Request: GET http://localhost:8001/stock?skus=4cc0770f-91bc-4c0d-a26f-7b872f02ca94,b2926dc2-cc6d-4c3e-ae40-7a127c173b16 "HTTP/1.1 200 OK"
2026-08-18 20:47:29,531 - INFO - Called inventory_service, response: {'stocks': {'4cc0770f-91bc-4c0d-a26f-7b872f02ca94': 0, 'b2926dc2-cc6d-4c3e-ae40-7a127c173b16': 2}, 'total_input_tokens': 0, 'total_output_tokens': 0, 'total_llm_calls': 0}
2026-08-18 20:47:29,531 - INFO - Calling pricing_service, req: {'items': [{'product_id': 'b2926dc2-cc6d-4c3e-ae40-7a127c173b16', 'qty': 1}], 'promo_codes': []}
2026-08-18 20:47:29,538 - INFO - HTTP Request: POST http://localhost:8002/price "HTTP/1.1 200 OK"
2026-08-18 20:47:29,539 - INFO - Called pricing_service, req: {'items': [{'product_id': 'b2926dc2-cc6d-4c3e-ae40-7a127c173b16', 'qty': 1}], 'promo_codes': []}, response: {'items': [{'product_id': 'b2926dc2-cc6d-4c3e-ae40-7a127c173b16', 'qty': 1, 'unit_price': 150.0, 'line_total': 150.0, 'discounts': 0.0}], 'subtotal': 150.0, 'total_discount': 0.0, 'total': 150.0, 'currency': 'USD', 'total_input_tokens': 0, 'total_output_tokens': 0, 'total_llm_calls': 0}
2026-08-18 20:47:29,540 - INFO - Request for search_products successfully processed, query: looking for headphone with noise cancelling, result: query='looking for headphone with noise cancelling' results=[ProductSearchResultItem(sku='b2926dc2-cc6d-4c3e-ae40-7a127c173b16', name='Wireless Earbuds', description='In-ear noise cancelling wireless earbuds', price=150.0, score=1.2)] total_input_tokens=0 total_output_tokens=0 total_llm_calls=0
2026-08-18 20:47:30,108 - INFO - Request for search_products, query: looking for headphone with noise cancelling
2026-08-18 20:47:30,114 - INFO - Calling inventory_service for stock check, skus: ['4cc0770f-91bc-4c0d-a26f-7b872f02ca94', 'b2926dc2-cc6d-4c3e-ae40-7a127c173b16']
2026-08-18 20:47:30,127 - INFO - HTTP Request: GET http://localhost:8001/stock?skus=4cc0770f-91bc-4c0d-a26f-7b872f02ca94,b2926dc2-cc6d-4c3e-ae40-7a127c173b16 "HTTP/1.1 200 OK"
2026-08-18 20:47:30,128 - INFO - Called inventory_service, response: {'stocks': {'4cc0770f-91bc-4c0d-a26f-7b872f02ca94': 0, 'b2926dc2-cc6d-4c3e-ae40-7a127c173b16': 0}, 'total_input_tokens': 0, 'total_output_tokens': 0, 'total_llm_calls': 0}
2026-08-18 20:47:30,128 - INFO - Calling pricing_service, req: {'items': [], 'promo_codes': []}
2026-08-18 20:47:30,135 - INFO - HTTP Request: POST http://localhost:8002/price "HTTP/1.1 200 OK"
2026-08-18 20:47:30,135 - INFO - Called pricing_service, req: {'items': [], 'promo_codes': []}, response: {'items': [], 'subtotal': 0.0, 'total_discount': 0.0, 'total': 0.0, 'currency': 'USD', 'total_input_tokens': 0, 'total_output_tokens': 0, 'total_llm_calls': 0}
2026-08-18 20:47:30,136 - INFO - Request for search_products successfully processed, query: looking for headphone with noise cancelling, result: query='looking for headphone with noise cancelling' results=[] total_input_tokens=0 total_output_tokens=0 total_llm_calls=0
2026-08-18 20:47:30,142 - INFO - Request for search_products, query: looking for headphone with noise cancelling
2026-08-18 20:47:30,144 - INFO - Calling inventory_service for stock check, skus: ['4cc0770f-91bc-4c0d-a26f-7b872f02ca94', 'b2926dc2-cc6d-4c3e-ae40-7a127c173b16']
2026-08-18 20:47:30,150 - INFO - HTTP Request: GET http://localhost:8001/stock?skus=4cc0770f-91bc-4c0d-a26f-7b872f02ca94,b2926dc2-cc6d-4c3e-ae40-7a127c173b16 "HTTP/1.1 200 OK"
2026-08-18 20:47:30,150 - INFO - Called inventory_service, response: {'stocks': {'4cc0770f-91bc-4c0d-a26f-7b872f02ca94': 0, 'b2926dc2-cc6d-4c3e-ae40-7a127c173b16': 0}, 'total_input_tokens': 0, 'total_output_tokens': 0, 'total_llm_calls': 0}
2026-08-18 20:47:30,151 - INFO - Calling pricing_service, req: {'items': [], 'promo_codes': []}
2026-08-18 20:47:30,154 - INFO - HTTP Request: POST http://localhost:8002/price "HTTP/1.1 200 OK"
2026-08-18 20:47:30,155 - INFO - Called pricing_service, req: {'items': [], 'promo_codes': []}, response: {'items': [], 'subtotal': 0.0, 'total_discount': 0.0, 'total': 0.0, 'currency': 'USD', 'total_input_tokens': 0, 'total_output_tokens': 0, 'total_llm_calls': 0}
2026-08-18 20:47:30,155 - INFO - Request for search_products successfully processed, query: looking for headphone with noise cancelling, result: query='looking for headphone with noise cancelling' results=[] total_input_tokens=0 total_output_tokens=0 total_llm_calls=0
2026-08-18 20:47:30,158 - INFO - Request for search_products, query: looking for headphone with noise cancelling
2026-08-18 20:47:30,161 - INFO - Calling inventory_service for stock check, skus: ['4cc0770f-91bc-4c0d-a26f-7b872f02ca94', 'b2926dc2-cc6d-4c3e-ae40-7a127c173b16']
2026-08-18 20:47:30,168 - INFO - HTTP Request: GET http://localhost:8001/stock?skus=4cc0770f-91bc-4c0d-a26f-7b872f02ca94,b2926dc2-cc6d-4c3e-ae40-7a127c173b16 "HTTP/1.1 200 OK"
2026-08-18 20:47:30,168 - INFO - Called inventory_service, response: {'stocks': {'4cc0770f-91bc-4c0d-a26f-7b872f02ca94': 0, 'b2926dc2-cc6d-4c3e-ae40-7a127c173b16': 0}, 'total_input_tokens': 0, 'total_output_tokens': 0, 'total_llm_calls': 0}
2026-08-18 20:47:30,169 - INFO - Calling pricing_service, req: {'items': [], 'promo_codes': []}
2026-08-18 20:47:30,172 - INFO - HTTP Request: POST http://localhost:8002/price "HTTP/1.1 200 OK"
2026-08-18 20:47:30,173 - INFO - Called pricing_service, req: {'items': [], 'promo_codes': []}, response: {'items': [], 'subtotal': 0.0, 'total_discount': 0.0, 'total': 0.0, 'currency': 'USD', 'total_input_tokens': 0, 'total_output_tokens': 0, 'total_llm_calls': 0}
2026-08-18 20:47:30,173 - INFO - Request for search_products successfully processed, query: looking for headphone with noise cancelling, result: query='looking for headphone with noise cancelling' results=[] total_input_tokens=0 total_output_tokens=0 total_llm_calls=0
2026-08-18 20:47:30,177 - INFO - Request for search_products, query: looking for headphone with noise cancelling
2026-08-18 20:47:30,180 - INFO - Calling inventory_service for stock check, skus: ['4cc0770f-91bc-4c0d-a26f-7b872f02ca94', 'b2926dc2-cc6d-4c3e-ae40-7a127c173b16']
2026-08-18 20:47:30,185 - INFO - HTTP Request: GET http://localhost:8001/stock?skus=4cc0770f-91bc-4c0d-a26f-7b872f02ca94,b2926dc2-cc6d-4c3e-ae40-7a127c173b16 "HTTP/1.1 200 OK"
2026-08-18 20:47:30,185 - INFO - Called inventory_service, response: {'stocks': {'4cc0770f-91bc-4c0d-a26f-7b872f02ca94': 0, 'b2926dc2-cc6d-4c3e-ae40-7a127c173b16': 0}, 'total_input_tokens': 0, 'total_output_tokens': 0, 'total_llm_calls': 0}
2026-08-18 20:47:30,185 - INFO - Calling pricing_service, req: {'items': [], 'promo_codes': []}
2026-08-18 20:47:30,191 - INFO - HTTP Request: POST http://localhost:8002/price "HTTP/1.1 200 OK"
2026-08-18 20:47:30,192 - INFO - Called pricing_service, req: {'items': [], 'promo_codes': []}, response: {'items': [], 'subtotal': 0.0, 'total_discount': 0.0, 'total': 0.0, 'currency': 'USD', 'total_input_tokens': 0, 'total_output_tokens': 0, 'total_llm_calls': 0}
2026-08-18 20:47:30,192 - INFO - Request for search_products successfully processed, query: looking for headphone with noise cancelling, result: query='looking for headphone with noise cancelling' results=[] total_input_tokens=0 total_output_tokens=0 total_llm_calls=0
2026-08-18 20:47:30,198 - INFO - Request for search_products, query: looking for headphone with noise cancelling
2026-08-18 20:47:30,201 - INFO - Calling inventory_service for stock check, skus: ['4cc0770f-91bc-4c0d-a26f-7b872f02ca94', 'b2926dc2-cc6d-4c3e-ae40-7a127c173b16']
2026-08-18 20:47:30,205 - INFO - HTTP Request: GET http://localhost:8001/stock?skus=4cc0770f-91bc-4c0d-a26f-7b872f02ca94,b2926dc2-cc6d-4c3e-ae40-7a127c173b16 "HTTP/1.1 200 OK"
2026-08-18 20:47:30,206 - INFO - Called inventory_service, response: {'stocks': {'4cc0770f-91bc-4c0d-a26f-7b872f02ca94': 0, 'b2926dc2-cc6d-4c3e-ae40-7a127c173b16': 0}, 'total_input_tokens': 0, 'total_output_tokens': 0, 'total_llm_calls': 0}
2026-08-18 20:47:30,206 - INFO - Calling pricing_service, req: {'items': [], 'promo_codes': []}
2026-08-18 20:47:30,212 - INFO - HTTP Request: POST http://localhost:8002/price "HTTP/1.1 200 OK"
2026-08-18 20:47:30,213 - INFO - Called pricing_service, req: {'items': [], 'promo_codes': []}, response: {'items': [], 'subtotal': 0.0, 'total_discount': 0.0, 'total': 0.0, 'currency': 'USD', 'total_input_tokens': 0, 'total_output_tokens': 0, 'total_llm_calls': 0}
2026-08-18 20:47:30,213 - INFO - Request for search_products successfully processed, query: looking for headphone with noise cancelling, result: query='looking for headphone with noise cancelling' results=[] total_input_tokens=0 total_output_tokens=0 total_llm_calls=0
2026-08-18 20:49:58,329 - INFO - Request for search_products, query: looking for headphone with noise cancelling
2026-08-18 20:49:58,339 - INFO - Calling inventory_service for stock check, skus: ['4cc0770f-91bc-4c0d-a26f-7b872f02ca94', 'b2926dc2-cc6d-4c3e-ae40-7a127c173b16']
2026-08-18 20:49:58,352 - INFO - HTTP Request: GET http://localhost:8001/stock?skus=4cc0770f-91bc-4c0d-a26f-7b872f02ca94,b2926dc2-cc6d-4c3e-ae40-7a127c173b16 "HTTP/1.1 200 OK"
2026-08-18 20:49:58,352 - INFO - Called inventory_service, response: {'stocks': {'4cc0770f-91bc-4c0d-a26f-7b872f02ca94': 0, 'b2926dc2-cc6d-4c3e-ae40-7a127c173b16': 10}, 'total_input_tokens': 0, 'total_output_tokens': 0, 'total_llm_calls': 0}
2026-08-18 20:49:58,353 - INFO - Calling pricing_service, req: {'items': [{'product_id': 'b2926dc2-cc6d-4c3e-ae40-7a127c173b16', 'qty': 1}], 'promo_codes': []}
2026-08-18 20:49:58,366 - INFO - HTTP Request: POST http://localhost:8002/price "HTTP/1.1 200 OK"
2026-08-18 20:49:58,367 - INFO - Called pricing_service, req: {'items': [{'product_id': 'b2926dc2-cc6d-4c3e-ae40-7a127c173b16', 'qty': 1}], 'promo_codes': []}, response: {'items': [{'product_id': 'b2926dc2-cc6d-4c3e-ae40-7a127c173b16', 'qty': 1, 'unit_price': 150.0, 'line_total': 150.0, 'discounts': 0.0}], 'subtotal': 150.0, 'total_discount': 0.0, 'total': 150.0, 'currency': 'USD', 'total_input_tokens': 0, 'total_output_tokens': 0, 'total_llm_calls': 0}
2026-08-18 20:49:58,367 - INFO - Request for search_products successfully processed, query: looking for headphone with noise cancelling, result: query='looking for headphone with noise cancelling' results=[ProductSearchResultItem(sku='b2926dc2-cc6d-4c3e-ae40-7a127c173b16', name='Wireless Earbuds', description='In-ear noise cancelling wireless earbuds', price=150.0, score=1.2)] total_input_tokens=0 total_output_tokens=0 total_llm_calls=0
2026-08-18 20:49:58,937 - INFO - Request for search_products, query: looking for headphone with noise cancelling
2026-08-18 20:49:58,939 - INFO - Calling inventory_service for stock check, skus: ['4cc0770f-91bc-4c0d-a26f-7b872f02ca94', 'b2926dc2-cc6d-4c3e-ae40-7a127c173b16']
2026-08-18 20:49:58,945 - INFO - HTTP Request: GET http://localhost:8001/stock?skus=4cc0770f-91bc-4c0d-a26f-7b872f02ca94,b2926dc2-cc6d-4c3e-ae40-7a127c173b16 "HTTP/1.1 200 OK"
2026-08-18 20:49:58,945 - INFO - Called inventory_service, response: {'stocks': {'4cc0770f-91bc-4c0d-a26f-7b872f02ca94': 0, 'b2926dc2-cc6d-4c3e-ae40-7a127c173b16': 8}, 'total_input_tokens': 0, 'total_output_tokens': 0, 'total_llm_calls': 0}
2026-08-18 20:49:58,945 - INFO - Calling pricing_service, req: {'items': [{'product_id': 'b2926dc2-cc6d-4c3e-ae40-7a127c173b16', 'qty': 1}], 'promo_codes': []}
2026-08-18 20:49:58,949 - INFO - HTTP Request: POST http://localhost:8002/price "HTTP/1.1 200 OK"
2026-08-18 20:49:58,950 - INFO - Called pricing_service, req: {'items': [{'product_id': 'b2926dc2-cc6d-4c3e-ae40-7a127c173b16', 'qty': 1}], 'promo_codes': []}, response: {'items': [{'product_id': 'b2926dc2-cc6d-4c3e-ae40-7a127c173b16', 'qty': 1, 'unit_price': 150.0, 'line_total': 150.0, 'discounts': 0.0}], 'subtotal': 150.0, 'total_discount': 0.0, 'total': 150.0, 'currency': 'USD', 'total_input_tokens': 0, 'total_output_tokens': 0, 'total_llm_calls': 0}
2026-08-18 20:49:58,950 - INFO - Request for search_products successfully processed, query: looking for headphone with noise cancelling, result: query='looking for headphone with noise cancelling' results=[ProductSearchResultItem(sku='b2926dc2-cc6d-4c3e-ae40-7a127c173b16', name='Wireless Earbuds', description='In-ear noise cancelling wireless earbuds', price=150.0, score=1.2)] total_input_tokens=0 total_output_tokens=0 total_llm_calls=0
2026-08-18 20:49:59,495 - INFO - Request for search_products, query: looking for headphone with noise cancelling
2026-08-18 20:49:59,497 - INFO - Calling inventory_service for stock check, skus: ['4cc0770f-91bc-4c0d-a26f-7b872f02ca94', 'b2926dc2-cc6d-4c3e-ae40-7a127c173b16']
2026-08-18 20:49:59,502 - INFO - HTTP Request: GET http://localhost:8001/stock?skus=4cc0770f-91bc-4c0d-a26f-7b872f02ca94,b2926dc2-cc6d-4c3e-ae40-7a127c173b16 "HTTP/1.1 200 OK"
2026-08-18 20:49:59,503 - INFO - Called inventory_service, response: {'stocks': {'4cc0770f-91bc-4c0d-a26f-7b872f02ca94': 0, 'b2926dc2-cc6d-4c3e-ae40-7a127c173b16': 6}, 'total_input_tokens': 0, 'total_output_tokens': 0, 'total_llm_calls': 0}
2026-08-18 20:49:59,503 - INFO - Calling pricing_service, req: {'items': [{'product_id': 'b2926dc2-cc6d-4c3e-ae40-7a127c173b16', 'qty': 1}], 'promo_codes': []}
2026-08-18 20:49:59,507 - INFO - HTTP Request: POST http://localhost:8002/price "HTTP/1.1 200 OK"
2026-08-18 20:49:59,508 - INFO - Called pricing_service, req: {'items': [{'product_id': 'b2926dc2-cc6d-4c3e-ae40-7a127c173b16', 'qty': 1}], 'promo_codes': []}, response: {'items': [{'product_id': 'b2926dc2-cc6d-4c3e-ae40-7a127c173b16', 'qty': 1, 'unit_price': 150.0, 'line_total': 150.0, 'discounts': 0.0}], 'subtotal': 150.0, 'total_discount': 0.0, 'total': 150.0, 'currency': 'USD', 'total_input_tokens': 0, 'total_output_tokens': 0, 'total_llm_calls': 0}
2026-08-18 20:49:59,508 - INFO - Request for search_products successfully processed, query: looking for headphone with noise cancelling, result: query='looking for headphone with noise cancelling' results=[ProductSearchResultItem(sku='b2926dc2-cc6d-4c3e-ae40-7a127c173b16', name='Wireless Earbuds', description='In-ear noise cancelling wireless earbuds', price=150.0, score=1.2)] total_input_tokens=0 total_output_tokens=0 total_llm_calls=0
2026-08-18 20:50:00,051 - INFO - Request for search_products, query: looking for headphone with noise cancelling
2026-08-18 20:50:00,053 - INFO - Calling inventory_service for stock check, skus: ['4cc0770f-91bc-4c0d-a26f-7b872f02ca94', 'b2926dc2-cc6d-4c3e-ae40-7a127c173b16']
2026-08-18 20:50:00,062 - INFO - HTTP Request: GET http://localhost:8001/stock?skus=4cc0770f-91bc-4c0d-a26f-7b872f02ca94,b2926dc2-cc6d-4c3e-ae40-7a127c173b16 "HTTP/1.1 200 OK"
2026-08-18 20:50:00,062 - INFO - Called inventory_service, response: {'stocks': {'4cc0770f-91bc-4c0d-a26f-7b872f02ca94': 0, 'b2926dc2-cc6d-4c3e-ae40-7a127c173b16': 4}, 'total_input_tokens': 0, 'total_output_tokens': 0, 'total_llm_calls': 0}
2026-08-18 20:50:00,063 - INFO - Calling pricing_service, req: {'items': [{'product_id': 'b2926dc2-cc6d-4c3e-ae40-7a127c173b16', 'qty': 1}], 'promo_codes': []}
2026-08-18 20:50:00,068 - INFO - HTTP Request: POST http://localhost:8002/price "HTTP/1.1 200 OK"
2026-08-18 20:50:00,069 - INFO - Called pricing_service, req: {'items': [{'product_id': 'b2926dc2-cc6d-4c3e-ae40-7a127c173b16', 'qty': 1}], 'promo_codes': []}, response: {'items': [{'product_id': 'b2926dc2-cc6d-4c3e-ae40-7a127c173b16', 'qty': 1, 'unit_price': 150.0, 'line_total': 150.0, 'discounts': 0.0}], 'subtotal': 150.0, 'total_discount': 0.0, 'total': 150.0, 'currency': 'USD', 'total_input_tokens': 0, 'total_output_tokens': 0, 'total_llm_calls': 0}
2026-08-18 20:50:00,069 - INFO - Request for search_products successfully processed, query: looking for headphone with noise cancelling, result: query='looking for headphone with noise cancelling' results=[ProductSearchResultItem(sku='b2926dc2-cc6d-4c3e-ae40-7a127c173b16', name='Wireless Earbuds', description='In-ear noise cancelling wireless earbuds', price=150.0, score=1.2)] total_input_tokens=0 total_output_tokens=0 total_llm_calls=0
2026-08-18 20:50:00,635 - INFO - Request for search_products, query: looking for headphone with noise cancelling
2026-08-18 20:50:00,642 - INFO - Calling inventory_service for stock check, skus: ['4cc0770f-91bc-4c0d-a26f-7b872f02ca94', 'b2926dc2-cc6d-4c3e-ae40-7a127c173b16']
2026-08-18 20:50:00,658 - INFO - HTTP Request: GET http://localhost:8001/stock?skus=4cc0770f-91bc-4c0d-a26f-7b872f02ca94,b2926dc2-cc6d-4c3e-ae40-7a127c173b16 "HTTP/1.1 200 OK"
2026-08-18 20:50:00,662 - INFO - Called inventory_service, response: {'stocks': {'4cc0770f-91bc-4c0d-a26f-7b872f02ca94': 0, 'b2926dc2-cc6d-4c3e-ae40-7a127c173b16': 2}, 'total_input_tokens': 0, 'total_output_tokens': 0, 'total_llm_calls': 0}
2026-08-18 20:50:00,663 - INFO - Calling pricing_service, req: {'items': [{'product_id': 'b2926dc2-cc6d-4c3e-ae40-7a127c173b16', 'qty': 1}], 'promo_codes': []}
2026-08-18 20:50:00,683 - INFO - HTTP Request: POST http://localhost:8002/price "HTTP/1.1 200 OK"
2026-08-18 20:50:00,687 - INFO - Called pricing_service, req: {'items': [{'product_id': 'b2926dc2-cc6d-4c3e-ae40-7a127c173b16', 'qty': 1}], 'promo_codes': []}, response: {'items': [{'product_id': 'b2926dc2-cc6d-4c3e-ae40-7a127c173b16', 'qty': 1, 'unit_price': 150.0, 'line_total': 150.0, 'discounts': 0.0}], 'subtotal': 150.0, 'total_discount': 0.0, 'total': 150.0, 'currency': 'USD', 'total_input_tokens': 0, 'total_output_tokens': 0, 'total_llm_calls': 0}
2026-08-18 20:50:00,688 - INFO - Request for search_products successfully processed, query: looking for headphone with noise cancelling, result: query='looking for headphone with noise cancelling' results=[ProductSearchResultItem(sku='b2926dc2-cc6d-4c3e-ae40-7a127c173b16', name='Wireless Earbuds', description='In-ear noise cancelling wireless earbuds', price=150.0, score=1.2)] total_input_tokens=0 total_output_tokens=0 total_llm_calls=0
2026-08-18 20:50:01,294 - INFO - Request for search_products, query: looking for headphone with noise cancelling
2026-08-18 20:50:01,300 - INFO - Calling inventory_service for stock check, skus: ['4cc0770f-91bc-4c0d-a26f-7b872f02ca94', 'b2926dc2-cc6d-4c3e-ae40-7a127c173b16']
2026-08-18 20:50:01,316 - INFO - HTTP Request: GET http://localhost:8001/stock?skus=4cc0770f-91bc-4c0d-a26f-7b872f02ca94,b2926dc2-cc6d-4c3e-ae40-7a127c173b16 "HTTP/1.1 200 OK"
2026-08-18 20:50:01,317 - INFO - Called inventory_service, response: {'stocks': {'4cc0770f-91bc-4c0d-a26f-7b872f02ca94': 0, 'b2926dc2-cc6d-4c3e-ae40-7a127c173b16': 0}, 'total_input_tokens': 0, 'total_output_tokens': 0, 'total_llm_calls': 0}
2026-08-18 20:50:01,318 - INFO - Calling pricing_service, req: {'items': [], 'promo_codes': []}
2026-08-18 20:50:01,324 - INFO - HTTP Request: POST http://localhost:8002/price "HTTP/1.1 200 OK"
2026-08-18 20:50:01,325 - INFO - Called pricing_service, req: {'items': [], 'promo_codes': []}, response: {'items': [], 'subtotal': 0.0, 'total_discount': 0.0, 'total': 0.0, 'currency': 'USD', 'total_input_tokens': 0, 'total_output_tokens': 0, 'total_llm_calls': 0}
2026-08-18 20:50:01,326 - INFO - Request for search_products successfully processed, query: looking for headphone with noise cancelling, result: query='looking for headphone with noise cancelling' results=[] total_input_tokens=0 total_output_tokens=0 total_llm_calls=0
2026-08-18 20:50:01,331 - INFO - Request for search_products, query: looking for headphone with noise cancelling
2026-08-18 20:50:01,333 - INFO - Calling inventory_service for stock check, skus: ['4cc0770f-91bc-4c0d-a26f-7b872f02ca94', 'b2926dc2-cc6d-4c3e-ae40-7a127c173b16']
2026-08-18 20:50:01,339 - INFO - HTTP Request: GET http://localhost:8001/stock?skus=4cc0770f-91bc-4c0d-a26f-7b872f02ca94,b2926dc2-cc6d-4c3e-ae40-7a127c173b16 "HTTP/1.1 200 OK"
2026-08-18 20:50:01,340 - INFO - Called inventory_service, response: {'stocks': {'4cc0770f-91bc-4c0d-a26f-7b872f02ca94': 0, 'b2926dc2-cc6d-4c3e-ae40-7a127c173b16': 0}, 'total_input_tokens': 0, 'total_output_tokens': 0, 'total_llm_calls': 0}
2026-08-18 20:50:01,340 - INFO - Calling pricing_service, req: {'items': [], 'promo_codes': []}
2026-08-18 20:50:01,348 - INFO - HTTP Request: POST http://localhost:8002/price "HTTP/1.1 200 OK"
2026-08-18 20:50:01,348 - INFO - Called pricing_service, req: {'items': [], 'promo_codes': []}, response: {'items': [], 'subtotal': 0.0, 'total_discount': 0.0, 'total': 0.0, 'currency': 'USD', 'total_input_tokens': 0, 'total_output_tokens': 0, 'total_llm_calls': 0}
2026-08-18 20:50:01,348 - INFO - Request for search_products successfully processed, query: looking for headphone with noise cancelling, result: query='looking for headphone with noise cancelling' results=[] total_input_tokens=0 total_output_tokens=0 total_llm_calls=0
2026-08-18 20:50:01,351 - INFO - Request for search_products, query: looking for headphone with noise cancelling
2026-08-18 20:50:01,353 - INFO - Calling inventory_service for stock check, skus: ['4cc0770f-91bc-4c0d-a26f-7b872f02ca94', 'b2926dc2-cc6d-4c3e-ae40-7a127c173b16']
2026-08-18 20:50:01,359 - INFO - HTTP Request: GET http://localhost:8001/stock?skus=4cc0770f-91bc-4c0d-a26f-7b872f02ca94,b2926dc2-cc6d-4c3e-ae40-7a127c173b16 "HTTP/1.1 200 OK"
2026-08-18 20:50:01,360 - INFO - Called inventory_service, response: {'stocks': {'4cc0770f-91bc-4c0d-a26f-7b872f02ca94': 0, 'b2926dc2-cc6d-4c3e-ae40-7a127c173b16': 0}, 'total_input_tokens': 0, 'total_output_tokens': 0, 'total_llm_calls': 0}
2026-08-18 20:50:01,360 - INFO - Calling pricing_service, req: {'items': [], 'promo_codes': []}
2026-08-18 20:50:01,366 - INFO - HTTP Request: POST http://localhost:8002/price "HTTP/1.1 200 OK"
2026-08-18 20:50:01,367 - INFO - Called pricing_service, req: {'items': [], 'promo_codes': []}, response: {'items': [], 'subtotal': 0.0, 'total_discount': 0.0, 'total': 0.0, 'currency': 'USD', 'total_input_tokens': 0, 'total_output_tokens': 0, 'total_llm_calls': 0}
2026-08-18 20:50:01,367 - INFO - Request for search_products successfully processed, query: looking for headphone with noise cancelling, result: query='looking for headphone with noise cancelling' results=[] total_input_tokens=0 total_output_tokens=0 total_llm_calls=0
2026-08-18 20:50:01,370 - INFO - Request for search_products, query: looking for headphone with noise cancelling
2026-08-18 20:50:01,372 - INFO - Calling inventory_service for stock check, skus: ['4cc0770f-91bc-4c0d-a26f-7b872f02ca94', 'b2926dc2-cc6d-4c3e-ae40-7a127c173b16']
2026-08-18 20:50:01,381 - INFO - HTTP Request: GET http://localhost:8001/stock?skus=4cc0770f-91bc-4c0d-a26f-7b872f02ca94,b2926dc2-cc6d-4c3e-ae40-7a127c173b16 "HTTP/1.1 200 OK"
2026-08-18 20:50:01,381 - INFO - Called inventory_service, response: {'stocks': {'4cc0770f-91bc-4c0d-a26f-7b872f02ca94': 0, 'b2926dc2-cc6d-4c3e-ae40-7a127c173b16': 0}, 'total_input_tokens': 0, 'total_output_tokens': 0, 'total_llm_calls': 0}
2026-08-18 20:50:01,382 - INFO - Calling pricing_service, req: {'items': [], 'promo_codes': []}
2026-08-18 20:50:01,385 - INFO - HTTP Request: POST http://localhost:8002/price "HTTP/1.1 200 OK"
2026-08-18 20:50:01,386 - INFO - Called pricing_service, req: {'items': [], 'promo_codes': []}, response: {'items': [], 'subtotal': 0.0, 'total_discount': 0.0, 'total': 0.0, 'currency': 'USD', 'total_input_tokens': 0, 'total_output_tokens': 0, 'total_llm_calls': 0}
2026-08-18 20:50:01,386 - INFO - Request for search_products successfully processed, query: looking for headphone with noise cancelling, result: query='looking for headphone with noise cancelling' results=[] total_input_tokens=0 total_output_tokens=0 total_llm_calls=0
2026-08-18 20:50:01,390 - INFO - Request for search_products, query: looking for headphone with noise cancelling
2026-08-18 20:50:01,394 - INFO - Calling inventory_service for stock check, skus: ['4cc0770f-91bc-4c0d-a26f-7b872f02ca94', 'b2926dc2-cc6d-4c3e-ae40-7a127c173b16']
2026-08-18 20:50:01,400 - INFO - HTTP Request: GET http://localhost:8001/stock?skus=4cc0770f-91bc-4c0d-a26f-7b872f02ca94,b2926dc2-cc6d-4c3e-ae40-7a127c173b16 "HTTP/1.1 200 OK"
2026-08-18 20:50:01,401 - INFO - Called inventory_service, response: {'stocks': {'4cc0770f-91bc-4c0d-a26f-7b872f02ca94': 0, 'b2926dc2-cc6d-4c3e-ae40-7a127c173b16': 0}, 'total_input_tokens': 0, 'total_output_tokens': 0, 'total_llm_calls': 0}
2026-08-18 20:50:01,401 - INFO - Calling pricing_service, req: {'items': [], 'promo_codes': []}
2026-08-18 20:50:01,404 - INFO - HTTP Request: POST http://localhost:8002/price "HTTP/1.1 200 OK"
2026-08-18 20:50:01,405 - INFO - Called pricing_service, req: {'items': [], 'promo_codes': []}, response: {'items': [], 'subtotal': 0.0, 'total_discount': 0.0, 'total': 0.0, 'currency': 'USD', 'total_input_tokens': 0, 'total_output_tokens': 0, 'total_llm_calls': 0}
2026-08-18 20:50:01,405 - INFO - Request for search_products successfully processed, query: looking for headphone with noise cancelling, result: query='looking for headphone with noise cancelling' results=[] total_input_tokens=0 total_output_tokens=0 total_llm_calls=0
2026-08-18 20:51:32,736 - INFO - Request for search_products, query: looking for headphone with noise cancelling
2026-08-18 20:51:32,738 - INFO - Calling inventory_service for stock check, skus: ['4cc0770f-91bc-4c0d-a26f-7b872f02ca94', 'b2926dc2-cc6d-4c3e-ae40-7a127c173b16', 'b2926dc2-cc6d-4c3e-ae40-7a127c173b16']
2026-08-18 20:51:32,747 - INFO - HTTP Request: GET http://localhost:8001/stock?skus=4cc0770f-91bc-4c0d-a26f-7b872f02ca94,b2926dc2-cc6d-4c3e-ae40-7a127c173b16,b2926dc2-cc6d-4c3e-ae40-7a127c173b16 "HTTP/1.1 200 OK"
2026-08-18 20:51:32,748 - INFO - Called inventory_service, response: {'stocks': {'4cc0770f-91bc-4c0d-a26f-7b872f02ca94': 0, 'b2926dc2-cc6d-4c3e-ae40-7a127c173b16': 10}, 'total_input_tokens': 0, 'total_output_tokens': 0, 'total_llm_calls': 0}
2026-08-18 20:51:32,748 - INFO - Calling pricing_service, req: {'items': [{'product_id': 'b2926dc2-cc6d-4c3e-ae40-7a127c173b16', 'qty': 1}, {'product_id': 'b2926dc2-cc6d-4c3e-ae40-7a127c173b16', 'qty': 1}], 'promo_codes': []}
2026-08-18 20:51:32,754 - INFO - HTTP Request: POST http://localhost:8002/price "HTTP/1.1 200 OK"
2026-08-18 20:51:32,755 - INFO - Called pricing_service, req: {'items': [{'product_id': 'b2926dc2-cc6d-4c3e-ae40-7a127c173b16', 'qty': 1}, {'product_id': 'b2926dc2-cc6d-4c3e-ae40-7a127c173b16', 'qty': 1}], 'promo_codes': []}, response: {'items': [{'product_id': 'b2926dc2-cc6d-4c3e-ae40-7a127c173b16', 'qty': 1, 'unit_price': 150.0, 'line_total': 150.0, 'discounts': 0.0}, {'product_id': 'b2926dc2-cc6d-4c3e-ae40-7a127c173b16', 'qty': 1, 'unit_price': 150.0, 'line_total': 150.0, 'discounts': 0.0}], 'subtotal': 300.0, 'total_discount': 0.0, 'total': 300.0, 'currency': 'USD', 'total_input_tokens': 0, 'total_output_tokens': 0, 'total_llm_calls': 0}
2026-08-18 20:51:32,756 - INFO - Request for search_products successfully processed, query: looking for headphone with noise cancelling, result: query='looking for headphone with noise cancelling' results=[ProductSearchResultItem(sku='b2926dc2-cc6d-4c3e-ae40-7a127c173b16', name='Airpod', description='Noise cancelling headphone Airpod', price=150.0, score=1.875), ProductSearchResultItem(sku='b2926dc2-cc6d-4c3e-ae40-7a127c173b16', name='Wireless Earbuds', description='In-ear noise cancelling wireless earbuds', price=150.0, score=1.2)] total_input_tokens=0 total_output_tokens=0 total_llm_calls=0
2026-08-18 20:51:33,311 - INFO - Request for search_products, query: looking for headphone with noise cancelling
2026-08-18 20:51:33,312 - INFO - Calling inventory_service for stock check, skus: ['4cc0770f-91bc-4c0d-a26f-7b872f02ca94', 'b2926dc2-cc6d-4c3e-ae40-7a127c173b16', 'b2926dc2-cc6d-4c3e-ae40-7a127c173b16']
2026-08-18 20:51:33,318 - INFO - HTTP Request: GET http://localhost:8001/stock?skus=4cc0770f-91bc-4c0d-a26f-7b872f02ca94,b2926dc2-cc6d-4c3e-ae40-7a127c173b16,b2926dc2-cc6d-4c3e-ae40-7a127c173b16 "HTTP/1.1 200 OK"
2026-08-18 20:51:33,319 - INFO - Called inventory_service, response: {'stocks': {'4cc0770f-91bc-4c0d-a26f-7b872f02ca94': 0, 'b2926dc2-cc6d-4c3e-ae40-7a127c173b16': 8}, 'total_input_tokens': 0, 'total_output_tokens': 0, 'total_llm_calls': 0}
2026-08-18 20:51:33,319 - INFO - Calling pricing_service, req: {'items': [{'product_id': 'b2926dc2-cc6d-4c3e-ae40-7a127c173b16', 'qty': 1}, {'product_id': 'b2926dc2-cc6d-4c3e-ae40-7a127c173b16', 'qty': 1}], 'promo_codes': []}
2026-08-18 20:51:33,323 - INFO - HTTP Request: POST http://localhost:8002/price "HTTP/1.1 200 OK"
2026-08-18 20:51:33,324 - INFO - Called pricing_service, req: {'items': [{'product_id': 'b2926dc2-cc6d-4c3e-ae40-7a127c173b16', 'qty': 1}, {'product_id': 'b2926dc2-cc6d-4c3e-ae40-7a127c173b16', 'qty': 1}], 'promo_codes': []}, response: {'items': [{'product_id': 'b2926dc2-cc6d-4c3e-ae40-7a127c173b16', 'qty': 1, 'unit_price': 150.0, 'line_total': 150.0, 'discounts': 0.0}, {'product_id': 'b2926dc2-cc6d-4c3e-ae40-7a127c173b16', 'qty': 1, 'unit_price': 150.0, 'line_total': 150.0, 'discounts': 0.0}], 'subtotal': 300.0, 'total_discount': 0.0, 'total': 300.0, 'currency': 'USD', 'total_input_tokens': 0, 'total_output_tokens': 0, 'total_llm_calls': 0}
2026-08-18 20:51:33,324 - INFO - Request for search_products successfully processed, query: looking for headphone with noise cancelling, result: query='looking for headphone with noise cancelling' results=[ProductSearchResultItem(sku='b2926dc2-cc6d-4c3e-ae40-7a127c173b16', name='Airpod', description='Noise cancelling headphone Airpod', price=150.0, score=1.875), ProductSearchResultItem(sku='b2926dc2-cc6d-4c3e-ae40-7a127c173b16', name='Wireless Earbuds', description='In-ear noise cancelling wireless earbuds', price=150.0, score=1.2)] total_input_tokens=0 total_output_tokens=0 total_llm_calls=0
2026-08-18 20:51:33,874 - INFO - Request for search_products, query: looking for headphone with noise cancelling
2026-08-18 20:51:33,876 - INFO - Calling inventory_service for stock check, skus: ['4cc0770f-91bc-4c0d-a26f-7b872f02ca94', 'b2926dc2-cc6d-4c3e-ae40-7a127c173b16', 'b2926dc2-cc6d-4c3e-ae40-7a127c173b16']
2026-08-18 20:51:33,883 - INFO - HTTP Request: GET http://localhost:8001/stock?skus=4cc0770f-91bc-4c0d-a26f-7b872f02ca94,b2926dc2-cc6d-4c3e-ae40-7a127c173b16,b2926dc2-cc6d-4c3e-ae40-7a127c173b16 "HTTP/1.1 200 OK"
2026-08-18 20:51:33,884 - INFO - Called inventory_service, response: {'stocks': {'4cc0770f-91bc-4c0d-a26f-7b872f02ca94': 0, 'b2926dc2-cc6d-4c3e-ae40-7a127c173b16': 6}, 'total_input_tokens': 0, 'total_output_tokens': 0, 'total_llm_calls': 0}
2026-08-18 20:51:33,884 - INFO - Calling pricing_service, req: {'items': [{'product_id': 'b2926dc2-cc6d-4c3e-ae40-7a127c173b16', 'qty': 1}, {'product_id': 'b2926dc2-cc6d-4c3e-ae40-7a127c173b16', 'qty': 1}], 'promo_codes': []}
2026-08-18 20:51:33,889 - INFO - HTTP Request: POST http://localhost:8002/price "HTTP/1.1 200 OK"
2026-08-18 20:51:33,890 - INFO - Called pricing_service, req: {'items': [{'product_id': 'b2926dc2-cc6d-4c3e-ae40-7a127c173b16', 'qty': 1}, {'product_id': 'b2926dc2-cc6d-4c3e-ae40-7a127c173b16', 'qty': 1}], 'promo_codes': []}, response: {'items': [{'product_id': 'b2926dc2-cc6d-4c3e-ae40-7a127c173b16', 'qty': 1, 'unit_price': 150.0, 'line_total': 150.0, 'discounts': 0.0}, {'product_id': 'b2926dc2-cc6d-4c3e-ae40-7a127c173b16', 'qty': 1, 'unit_price': 150.0, 'line_total': 150.0, 'discounts': 0.0}], 'subtotal': 300.0, 'total_discount': 0.0, 'total': 300.0, 'currency': 'USD', 'total_input_tokens': 0, 'total_output_tokens': 0, 'total_llm_calls': 0}
2026-08-18 20:51:33,890 - INFO - Request for search_products successfully processed, query: looking for headphone with noise cancelling, result: query='looking for headphone with noise cancelling' results=[ProductSearchResultItem(sku='b2926dc2-cc6d-4c3e-ae40-7a127c173b16', name='Airpod', description='Noise cancelling headphone Airpod', price=150.0, score=1.875), ProductSearchResultItem(sku='b2926dc2-cc6d-4c3e-ae40-7a127c173b16', name='Wireless Earbuds', description='In-ear noise cancelling wireless earbuds', price=150.0, score=1.2)] total_input_tokens=0 total_output_tokens=0 total_llm_calls=0
2026-08-18 20:51:34,449 - INFO - Request for search_products, query: looking for headphone with noise cancelling
2026-08-18 20:51:34,450 - INFO - Calling inventory_service for stock check, skus: ['4cc0770f-91bc-4c0d-a26f-7b872f02ca94', 'b2926dc2-cc6d-4c3e-ae40-7a127c173b16', 'b2926dc2-cc6d-4c3e-ae40-7a127c173b16']
2026-08-18 20:51:34,457 - INFO - HTTP Request: GET http://localhost:8001/stock?skus=4cc0770f-91bc-4c0d-a26f-7b872f02ca94,b2926dc2-cc6d-4c3e-ae40-7a127c173b16,b2926dc2-cc6d-4c3e-ae40-7a127c173b16 "HTTP/1.1 200 OK"
2026-08-18 20:51:34,458 - INFO - Called inventory_service, response: {'stocks': {'4cc0770f-91bc-4c0d-a26f-7b872f02ca94': 0, 'b2926dc2-cc6d-4c3e-ae40-7a127c173b16': 4}, 'total_input_tokens': 0, 'total_output_tokens': 0, 'total_llm_calls': 0}
2026-08-18 20:51:34,458 - INFO - Calling pricing_service, req: {'items': [{'product_id': 'b2926dc2-cc6d-4c3e-ae40-7a127c173b16', 'qty': 1}, {'product_id': 'b2926dc2-cc6d-4c3e-ae40-7a127c173b16', 'qty': 1}], 'promo_codes': []}
2026-08-18 20:51:34,462 - INFO - HTTP Request: POST http://localhost:8002/price "HTTP/1.1 200 OK"
2026-08-18 20:51:34,463 - INFO - Called pricing_service, req: {'items': [{'product_id': 'b2926dc2-cc6d-4c3e-ae40-7a127c173b16', 'qty': 1}, {'product_id': 'b2926dc2-cc6d-4c3e-ae40-7a127c173b16', 'qty': 1}], 'promo_codes': []}, response: {'items': [{'product_id': 'b2926dc2-cc6d-4c3e-ae40-7a127c173b16', 'qty': 1, 'unit_price': 150.0, 'line_total': 150.0, 'discounts': 0.0}, {'product_id': 'b2926dc2-cc6d-4c3e-ae40-7a127c173b16', 'qty': 1, 'unit_price': 150.0, 'line_total': 150.0, 'discounts': 0.0}], 'subtotal': 300.0, 'total_discount': 0.0, 'total': 300.0, 'currency': 'USD', 'total_input_tokens': 0, 'total_output_tokens': 0, 'total_llm_calls': 0}
2026-08-18 20:51:34,463 - INFO - Request for search_products successfully processed, query: looking for headphone with noise cancelling, result: query='looking for headphone with noise cancelling' results=[ProductSearchResultItem(sku='b2926dc2-cc6d-4c3e-ae40-7a127c173b16', name='Airpod', description='Noise cancelling headphone Airpod', price=150.0, score=1.875), ProductSearchResultItem(sku='b2926dc2-cc6d-4c3e-ae40-7a127c173b16', name='Wireless Earbuds', description='In-ear noise cancelling wireless earbuds', price=150.0, score=1.2)] total_input_tokens=0 total_output_tokens=0 total_llm_calls=0
2026-08-18 20:51:35,037 - INFO - Request for search_products, query: looking for headphone with noise cancelling
2026-08-18 20:51:35,041 - INFO - Calling inventory_service for stock check, skus: ['4cc0770f-91bc-4c0d-a26f-7b872f02ca94', 'b2926dc2-cc6d-4c3e-ae40-7a127c173b16', 'b2926dc2-cc6d-4c3e-ae40-7a127c173b16']
2026-08-18 20:51:35,052 - INFO - HTTP Request: GET http://localhost:8001/stock?skus=4cc0770f-91bc-4c0d-a26f-7b872f02ca94,b2926dc2-cc6d-4c3e-ae40-7a127c173b16,b2926dc2-cc6d-4c3e-ae40-7a127c173b16 "HTTP/1.1 200 OK"
2026-08-18 20:51:35,053 - INFO - Called inventory_service, response: {'stocks': {'4cc0770f-91bc-4c0d-a26f-7b872f02ca94': 0, 'b2926dc2-cc6d-4c3e-ae40-7a127c173b16': 2}, 'total_input_tokens': 0, 'total_output_tokens': 0, 'total_llm_calls': 0}
2026-08-18 20:51:35,054 - INFO - Calling pricing_service, req: {'items': [{'product_id': 'b2926dc2-cc6d-4c3e-ae40-7a127c173b16', 'qty': 1}, {'product_id': 'b2926dc2-cc6d-4c3e-ae40-7a127c173b16', 'qty': 1}], 'promo_codes': []}
2026-08-18 20:51:35,058 - INFO - HTTP Request: POST http://localhost:8002/price "HTTP/1.1 200 OK"
2026-08-18 20:51:35,059 - INFO - Called pricing_service, req: {'items': [{'product_id': 'b2926dc2-cc6d-4c3e-ae40-7a127c173b16', 'qty': 1}, {'product_id': 'b2926dc2-cc6d-4c3e-ae40-7a127c173b16', 'qty': 1}], 'promo_codes': []}, response: {'items': [{'product_id': 'b2926dc2-cc6d-4c3e-ae40-7a127c173b16', 'qty': 1, 'unit_price': 150.0, 'line_total': 150.0, 'discounts': 0.0}, {'product_id': 'b2926dc2-cc6d-4c3e-ae40-7a127c173b16', 'qty': 1, 'unit_price': 150.0, 'line_total': 150.0, 'discounts': 0.0}], 'subtotal': 300.0, 'total_discount': 0.0, 'total': 300.0, 'currency': 'USD', 'total_input_tokens': 0, 'total_output_tokens': 0, 'total_llm_calls': 0}
2026-08-18 20:51:35,059 - INFO - Request for search_products successfully processed, query: looking for headphone with noise cancelling, result: query='looking for headphone with noise cancelling' results=[ProductSearchResultItem(sku='b2926dc2-cc6d-4c3e-ae40-7a127c173b16', name='Airpod', description='Noise cancelling headphone Airpod', price=150.0, score=1.875), ProductSearchResultItem(sku='b2926dc2-cc6d-4c3e-ae40-7a127c173b16', name='Wireless Earbuds', description='In-ear noise cancelling wireless earbuds', price=150.0, score=1.2)] total_input_tokens=0 total_output_tokens=0 total_llm_calls=0
2026-08-18 20:51:35,623 - INFO - Request for search_products, query: looking for headphone with noise cancelling
2026-08-18 20:51:35,626 - INFO - Calling inventory_service for stock check, skus: ['4cc0770f-91bc-4c0d-a26f-7b872f02ca94', 'b2926dc2-cc6d-4c3e-ae40-7a127c173b16', 'b2926dc2-cc6d-4c3e-ae40-7a127c173b16']
2026-08-18 20:51:35,634 - INFO - HTTP Request: GET http://localhost:8001/stock?skus=4cc0770f-91bc-4c0d-a26f-7b872f02ca94,b2926dc2-cc6d-4c3e-ae40-7a127c173b16,b2926dc2-cc6d-4c3e-ae40-7a127c173b16 "HTTP/1.1 200 OK"
2026-08-18 20:51:35,635 - INFO - Called inventory_service, response: {'stocks': {'4cc0770f-91bc-4c0d-a26f-7b872f02ca94': 0, 'b2926dc2-cc6d-4c3e-ae40-7a127c173b16': 0}, 'total_input_tokens': 0, 'total_output_tokens': 0, 'total_llm_calls': 0}
2026-08-18 20:51:35,635 - INFO - Calling pricing_service, req: {'items': [], 'promo_codes': []}
2026-08-18 20:51:35,640 - INFO - HTTP Request: POST http://localhost:8002/price "HTTP/1.1 200 OK"
2026-08-18 20:51:35,641 - INFO - Called pricing_service, req: {'items': [], 'promo_codes': []}, response: {'items': [], 'subtotal': 0.0, 'total_discount': 0.0, 'total': 0.0, 'currency': 'USD', 'total_input_tokens': 0, 'total_output_tokens': 0, 'total_llm_calls': 0}
2026-08-18 20:51:35,641 - INFO - Request for search_products successfully processed, query: looking for headphone with noise cancelling, result: query='looking for headphone with noise cancelling' results=[] total_input_tokens=0 total_output_tokens=0 total_llm_calls=0
2026-08-18 20:51:35,644 - INFO - Request for search_products, query: looking for headphone with noise cancelling
2026-08-18 20:51:35,647 - INFO - Calling inventory_service for stock check, skus: ['4cc0770f-91bc-4c0d-a26f-7b872f02ca94', 'b2926dc2-cc6d-4c3e-ae40-7a127c173b16', 'b2926dc2-cc6d-4c3e-ae40-7a127c173b16']
2026-08-18 20:51:35,654 - INFO - HTTP Request: GET http://localhost:8001/stock?skus=4cc0770f-91bc-4c0d-a26f-7b872f02ca94,b2926dc2-cc6d-4c3e-ae40-7a127c173b16,b2926dc2-cc6d-4c3e-ae40-7a127c173b16 "HTTP/1.1 200 OK"
2026-08-18 20:51:35,655 - INFO - Called inventory_service, response: {'stocks': {'4cc0770f-91bc-4c0d-a26f-7b872f02ca94': 0, 'b2926dc2-cc6d-4c3e-ae40-7a127c173b16': 0}, 'total_input_tokens': 0, 'total_output_tokens': 0, 'total_llm_calls': 0}
2026-08-18 20:51:35,655 - INFO - Calling pricing_service, req: {'items': [], 'promo_codes': []}
2026-08-18 20:51:35,658 - INFO - HTTP Request: POST http://localhost:8002/price "HTTP/1.1 200 OK"
2026-08-18 20:51:35,659 - INFO - Called pricing_service, req: {'items': [], 'promo_codes': []}, response: {'items': [], 'subtotal': 0.0, 'total_discount': 0.0, 'total': 0.0, 'currency': 'USD', 'total_input_tokens': 0, 'total_output_tokens': 0, 'total_llm_calls': 0}
2026-08-18 20:51:35,659 - INFO - Request for search_products successfully processed, query: looking for headphone with noise cancelling, result: query='looking for headphone with noise cancelling' results=[] total_input_tokens=0 total_output_tokens=0 total_llm_calls=0
2026-08-18 20:51:35,663 - INFO - Request for search_products, query: looking for headphone with noise cancelling
2026-08-18 20:51:35,666 - INFO - Calling inventory_service for stock check, skus: ['4cc0770f-91bc-4c0d-a26f-7b872f02ca94', 'b2926dc2-cc6d-4c3e-ae40-7a127c173b16', 'b2926dc2-cc6d-4c3e-ae40-7a127c173b16']
2026-08-18 20:51:35,672 - INFO - HTTP Request: GET http://localhost:8001/stock?skus=4cc0770f-91bc-4c0d-a26f-7b872f02ca94,b2926dc2-cc6d-4c3e-ae40-7a127c173b16,b2926dc2-cc6d-4c3e-ae40-7a127c173b16 "HTTP/1.1 200 OK"
2026-08-18 20:51:35,673 - INFO - Called inventory_service, response: {'stocks': {'4cc0770f-91bc-4c0d-a26f-7b872f02ca94': 0, 'b2926dc2-cc6d-4c3e-ae40-7a127c173b16': 0}, 'total_input_tokens': 0, 'total_output_tokens': 0, 'total_llm_calls': 0}
2026-08-18 20:51:35,673 - INFO - Calling pricing_service, req: {'items': [], 'promo_codes': []}
2026-08-18 20:51:35,677 - INFO - HTTP Request: POST http://localhost:8002/price "HTTP/1.1 200 OK"
2026-08-18 20:51:35,678 - INFO - Called pricing_service, req: {'items': [], 'promo_codes': []}, response: {'items': [], 'subtotal': 0.0, 'total_discount': 0.0, 'total': 0.0, 'currency': 'USD', 'total_input_tokens': 0, 'total_output_tokens': 0, 'total_llm_calls': 0}
2026-08-18 20:51:35,678 - INFO - Request for search_products successfully processed, query: looking for headphone with noise cancelling, result: query='looking for headphone with noise cancelling' results=[] total_input_tokens=0 total_output_tokens=0 total_llm_calls=0
2026-08-18 20:51:35,685 - INFO - Request for search_products, query: looking for headphone with noise cancelling
2026-08-18 20:51:35,687 - INFO - Calling inventory_service for stock check, skus: ['4cc0770f-91bc-4c0d-a26f-7b872f02ca94', 'b2926dc2-cc6d-4c3e-ae40-7a127c173b16', 'b2926dc2-cc6d-4c3e-ae40-7a127c173b16']
2026-08-18 20:51:35,693 - INFO - HTTP Request: GET http://localhost:8001/stock?skus=4cc0770f-91bc-4c0d-a26f-7b872f02ca94,b2926dc2-cc6d-4c3e-ae40-7a127c173b16,b2926dc2-cc6d-4c3e-ae40-7a127c173b16 "HTTP/1.1 200 OK"
2026-08-18 20:51:35,694 - INFO - Called inventory_service, response: {'stocks': {'4cc0770f-91bc-4c0d-a26f-7b872f02ca94': 0, 'b2926dc2-cc6d-4c3e-ae40-7a127c173b16': 0}, 'total_input_tokens': 0, 'total_output_tokens': 0, 'total_llm_calls': 0}
2026-08-18 20:51:35,694 - INFO - Calling pricing_service, req: {'items': [], 'promo_codes': []}
2026-08-18 20:51:35,701 - INFO - HTTP Request: POST http://localhost:8002/price "HTTP/1.1 200 OK"
2026-08-18 20:51:35,701 - INFO - Called pricing_service, req: {'items': [], 'promo_codes': []}, response: {'items': [], 'subtotal': 0.0, 'total_discount': 0.0, 'total': 0.0, 'currency': 'USD', 'total_input_tokens': 0, 'total_output_tokens': 0, 'total_llm_calls': 0}
2026-08-18 20:51:35,702 - INFO - Request for search_products successfully processed, query: looking for headphone with noise cancelling, result: query='looking for headphone with noise cancelling' results=[] total_input_tokens=0 total_output_tokens=0 total_llm_calls=0
2026-08-18 20:51:35,706 - INFO - Request for search_products, query: looking for headphone with noise cancelling
2026-08-18 20:51:35,707 - INFO - Calling inventory_service for stock check, skus: ['4cc0770f-91bc-4c0d-a26f-7b872f02ca94', 'b2926dc2-cc6d-4c3e-ae40-7a127c173b16', 'b2926dc2-cc6d-4c3e-ae40-7a127c173b16']
2026-08-18 20:51:35,714 - INFO - HTTP Request: GET http://localhost:8001/stock?skus=4cc0770f-91bc-4c0d-a26f-7b872f02ca94,b2926dc2-cc6d-4c3e-ae40-7a127c173b16,b2926dc2-cc6d-4c3e-ae40-7a127c173b16 "HTTP/1.1 200 OK"
2026-08-18 20:51:35,715 - INFO - Called inventory_service, response: {'stocks': {'4cc0770f-91bc-4c0d-a26f-7b872f02ca94': 0, 'b2926dc2-cc6d-4c3e-ae40-7a127c173b16': 0}, 'total_input_tokens': 0, 'total_output_tokens': 0, 'total_llm_calls': 0}
2026-08-18 20:51:35,716 - INFO - Calling pricing_service, req: {'items': [], 'promo_codes': []}
2026-08-18 20:51:35,721 - INFO - HTTP Request: POST http://localhost:8002/price "HTTP/1.1 200 OK"
2026-08-18 20:51:35,722 - INFO - Called pricing_service, req: {'items': [], 'promo_codes': []}, response: {'items': [], 'subtotal': 0.0, 'total_discount': 0.0, 'total': 0.0, 'currency': 'USD', 'total_input_tokens': 0, 'total_output_tokens': 0, 'total_llm_calls': 0}
2026-08-18 20:51:35,722 - INFO - Request for search_products successfully processed, query: looking for headphone with noise cancelling, result: query='looking for headphone with noise cancelling' results=[] total_input_tokens=0 total_output_tokens=0 total_llm_calls=0
2026-08-18 20:52:59,000 - INFO - Request for search_products, query: looking for headphone with noise cancelling
2026-08-18 20:52:59,006 - INFO - Calling inventory_service for stock check, skus: ['4cc0770f-91bc-4c0d-a26f-7b872f02ca94', 'b2926dc2-cc6d-4c3e-ae40-7a127c173b16', 'b2926dc2-cc6d-4c3e-ae40-7a127c173b16']
2026-08-18 20:52:59,026 - INFO - HTTP Request: GET http://localhost:8001/stock?skus=4cc0770f-91bc-4c0d-a26f-7b872f02ca94,b2926dc2-cc6d-4c3e-ae40-7a127c173b16,b2926dc2-cc6d-4c3e-ae40-7a127c173b16 "HTTP/1.1 200 OK"
2026-08-18 20:52:59,029 - INFO - Called inventory_service, response: {'stocks': {'4cc0770f-91bc-4c0d-a26f-7b872f02ca94': 0, 'b2926dc2-cc6d-4c3e-ae40-7a127c173b16': 10}, 'total_input_tokens': 0, 'total_output_tokens': 0, 'total_llm_calls': 0}
2026-08-18 20:52:59,031 - INFO - Calling pricing_service, req: {'items': [{'product_id': 'b2926dc2-cc6d-4c3e-ae40-7a127c173b16', 'qty': 1}, {'product_id': 'b2926dc2-cc6d-4c3e-ae40-7a127c173b16', 'qty': 1}], 'promo_codes': []}
2026-08-18 20:52:59,045 - INFO - HTTP Request: POST http://localhost:8002/price "HTTP/1.1 200 OK"
2026-08-18 20:52:59,046 - INFO - Called pricing_service, req: {'items': [{'product_id': 'b2926dc2-cc6d-4c3e-ae40-7a127c173b16', 'qty': 1}, {'product_id': 'b2926dc2-cc6d-4c3e-ae40-7a127c173b16', 'qty': 1}], 'promo_codes': []}, response: {'items': [{'product_id': 'b2926dc2-cc6d-4c3e-ae40-7a127c173b16', 'qty': 1, 'unit_price': 150.0, 'line_total': 150.0, 'discounts': 0.0}, {'product_id': 'b2926dc2-cc6d-4c3e-ae40-7a127c173b16', 'qty': 1, 'unit_price': 150.0, 'line_total': 150.0, 'discounts': 0.0}], 'subtotal': 300.0, 'total_discount': 0.0, 'total': 300.0, 'currency': 'USD', 'total_input_tokens': 0, 'total_output_tokens': 0, 'total_llm_calls': 0}
2026-08-18 20:52:59,047 - INFO - Request for search_products successfully processed, query: looking for headphone with noise cancelling, result: query='looking for headphone with noise cancelling' results=[ProductSearchResultItem(sku='b2926dc2-cc6d-4c3e-ae40-7a127c173b16', name='Airpod', description='Noise cancelling headphone Airpod', price=150.0, score=1.875), ProductSearchResultItem(sku='b2926dc2-cc6d-4c3e-ae40-7a127c173b16', name='Wireless Earbuds', description='In-ear noise cancelling wireless earbuds', price=150.0, score=1.2)] total_input_tokens=0 total_output_tokens=0 total_llm_calls=0
2026-08-18 20:52:59,646 - INFO - Request for search_products, query: looking for headphone with noise cancelling
2026-08-18 20:52:59,651 - INFO - Calling inventory_service for stock check, skus: ['4cc0770f-91bc-4c0d-a26f-7b872f02ca94', 'b2926dc2-cc6d-4c3e-ae40-7a127c173b16', 'b2926dc2-cc6d-4c3e-ae40-7a127c173b16']
2026-08-18 20:52:59,664 - INFO - HTTP Request: GET http://localhost:8001/stock?skus=4cc0770f-91bc-4c0d-a26f-7b872f02ca94,b2926dc2-cc6d-4c3e-ae40-7a127c173b16,b2926dc2-cc6d-4c3e-ae40-7a127c173b16 "HTTP/1.1 200 OK"
2026-08-18 20:52:59,666 - INFO - Called inventory_service, response: {'stocks': {'4cc0770f-91bc-4c0d-a26f-7b872f02ca94': 0, 'b2926dc2-cc6d-4c3e-ae40-7a127c173b16': 8}, 'total_input_tokens': 0, 'total_output_tokens': 0, 'total_llm_calls': 0}
2026-08-18 20:52:59,666 - INFO - Calling pricing_service, req: {'items': [{'product_id': 'b2926dc2-cc6d-4c3e-ae40-7a127c173b16', 'qty': 1}, {'product_id': 'b2926dc2-cc6d-4c3e-ae40-7a127c173b16', 'qty': 1}], 'promo_codes': []}
2026-08-18 20:52:59,673 - INFO - HTTP Request: POST http://localhost:8002/price "HTTP/1.1 200 OK"
2026-08-18 20:52:59,674 - INFO - Called pricing_service, req: {'items': [{'product_id': 'b2926dc2-cc6d-4c3e-ae40-7a127c173b16', 'qty': 1}, {'product_id': 'b2926dc2-cc6d-4c3e-ae40-7a127c173b16', 'qty': 1}], 'promo_codes': []}, response: {'items': [{'product_id': 'b2926dc2-cc6d-4c3e-ae40-7a127c173b16', 'qty': 1, 'unit_price': 150.0, 'line_total': 150.0, 'discounts': 0.0}, {'product_id': 'b2926dc2-cc6d-4c3e-ae40-7a127c173b16', 'qty': 1, 'unit_price': 150.0, 'line_total': 150.0, 'discounts': 0.0}], 'subtotal': 300.0, 'total_discount': 0.0, 'total': 300.0, 'currency': 'USD', 'total_input_tokens': 0, 'total_output_tokens': 0, 'total_llm_calls': 0}
2026-08-18 20:52:59,674 - INFO - Request for search_products successfully processed, query: looking for headphone with noise cancelling, result: query='looking for headphone with noise cancelling' results=[ProductSearchResultItem(sku='b2926dc2-cc6d-4c3e-ae40-7a127c173b16', name='Airpod', description='Noise cancelling headphone Airpod', price=150.0, score=1.875), ProductSearchResultItem(sku='b2926dc2-cc6d-4c3e-ae40-7a127c173b16', name='Wireless Earbuds', description='In-ear noise cancelling wireless earbuds', price=150.0, score=1.2)] total_input_tokens=0 total_output_tokens=0 total_llm_calls=0
2026-08-18 20:53:00,257 - INFO - Request for search_products, query: looking for headphone with noise cancelling
2026-08-18 20:53:00,264 - INFO - Calling inventory_service for stock check, skus: ['4cc0770f-91bc-4c0d-a26f-7b872f02ca94', 'b2926dc2-cc6d-4c3e-ae40-7a127c173b16', 'b2926dc2-cc6d-4c3e-ae40-7a127c173b16']
2026-08-18 20:53:00,281 - INFO - HTTP Request: GET http://localhost:8001/stock?skus=4cc0770f-91bc-4c0d-a26f-7b872f02ca94,b2926dc2-cc6d-4c3e-ae40-7a127c173b16,b2926dc2-cc6d-4c3e-ae40-7a127c173b16 "HTTP/1.1 200 OK"
2026-08-18 20:53:00,284 - INFO - Called inventory_service, response: {'stocks': {'4cc0770f-91bc-4c0d-a26f-7b872f02ca94': 0, 'b2926dc2-cc6d-4c3e-ae40-7a127c173b16': 6}, 'total_input_tokens': 0, 'total_output_tokens': 0, 'total_llm_calls': 0}
2026-08-18 20:53:00,284 - INFO - Calling pricing_service, req: {'items': [{'product_id': 'b2926dc2-cc6d-4c3e-ae40-7a127c173b16', 'qty': 1}, {'product_id': 'b2926dc2-cc6d-4c3e-ae40-7a127c173b16', 'qty': 1}], 'promo_codes': []}
2026-08-18 20:53:00,296 - INFO - HTTP Request: POST http://localhost:8002/price "HTTP/1.1 200 OK"
2026-08-18 20:53:00,299 - INFO - Called pricing_service, req: {'items': [{'product_id': 'b2926dc2-cc6d-4c3e-ae40-7a127c173b16', 'qty': 1}, {'product_id': 'b2926dc2-cc6d-4c3e-ae40-7a127c173b16', 'qty': 1}], 'promo_codes': []}, response: {'items': [{'product_id': 'b2926dc2-cc6d-4c3e-ae40-7a127c173b16', 'qty': 1, 'unit_price': 150.0, 'line_total': 150.0, 'discounts': 0.0}, {'product_id': 'b2926dc2-cc6d-4c3e-ae40-7a127c173b16', 'qty': 1, 'unit_price': 150.0, 'line_total': 150.0, 'discounts': 0.0}], 'subtotal': 300.0, 'total_discount': 0.0, 'total': 300.0, 'currency': 'USD', 'total_input_tokens': 0, 'total_output_tokens': 0, 'total_llm_calls': 0}
2026-08-18 20:53:00,300 - INFO - Request for search_products successfully processed, query: looking for headphone with noise cancelling, result: query='looking for headphone with noise cancelling' results=[ProductSearchResultItem(sku='b2926dc2-cc6d-4c3e-ae40-7a127c173b16', name='Airpod', description='Noise cancelling headphone Airpod', price=150.0, score=1.875), ProductSearchResultItem(sku='b2926dc2-cc6d-4c3e-ae40-7a127c173b16', name='Wireless Earbuds', description='In-ear noise cancelling wireless earbuds', price=150.0, score=1.2)] total_input_tokens=0 total_output_tokens=0 total_llm_calls=0
2026-08-18 20:53:00,861 - INFO - Request for search_products, query: looking for headphone with noise cancelling
2026-08-18 20:53:00,863 - INFO - Calling inventory_service for stock check, skus: ['4cc0770f-91bc-4c0d-a26f-7b872f02ca94', 'b2926dc2-cc6d-4c3e-ae40-7a127c173b16', 'b2926dc2-cc6d-4c3e-ae40-7a127c173b16']
2026-08-18 20:53:00,870 - INFO - HTTP Request: GET http://localhost:8001/stock?skus=4cc0770f-91bc-4c0d-a26f-7b872f02ca94,b2926dc2-cc6d-4c3e-ae40-7a127c173b16,b2926dc2-cc6d-4c3e-ae40-7a127c173b16 "HTTP/1.1 200 OK"
2026-08-18 20:53:00,871 - INFO - Called inventory_service, response: {'stocks': {'4cc0770f-91bc-4c0d-a26f-7b872f02ca94': 0, 'b2926dc2-cc6d-4c3e-ae40-7a127c173b16': 4}, 'total_input_tokens': 0, 'total_output_tokens': 0, 'total_llm_calls': 0}
2026-08-18 20:53:00,871 - INFO - Calling pricing_service, req: {'items': [{'product_id': 'b2926dc2-cc6d-4c3e-ae40-7a127c173b16', 'qty': 1}, {'product_id': 'b2926dc2-cc6d-4c3e-ae40-7a127c173b16', 'qty': 1}], 'promo_codes': []}
2026-08-18 20:53:00,875 - INFO - HTTP Request: POST http://localhost:8002/price "HTTP/1.1 200 OK"
2026-08-18 20:53:00,876 - INFO - Called pricing_service, req: {'items': [{'product_id': 'b2926dc2-cc6d-4c3e-ae40-7a127c173b16', 'qty': 1}, {'product_id': 'b2926dc2-cc6d-4c3e-ae40-7a127c173b16', 'qty': 1}], 'promo_codes': []}, response: {'items': [{'product_id': 'b2926dc2-cc6d-4c3e-ae40-7a127c173b16', 'qty': 1, 'unit_price': 150.0, 'line_total': 150.0, 'discounts': 0.0}, {'product_id': 'b2926dc2-cc6d-4c3e-ae40-7a127c173b16', 'qty': 1, 'unit_price': 150.0, 'line_total': 150.0, 'discounts': 0.0}], 'subtotal': 300.0, 'total_discount': 0.0, 'total': 300.0, 'currency': 'USD', 'total_input_tokens': 0, 'total_output_tokens': 0, 'total_llm_calls': 0}
2026-08-18 20:53:00,876 - INFO - Request for search_products successfully processed, query: looking for headphone with noise cancelling, result: query='looking for headphone with noise cancelling' results=[ProductSearchResultItem(sku='b2926dc2-cc6d-4c3e-ae40-7a127c173b16', name='Airpod', description='Noise cancelling headphone Airpod', price=150.0, score=1.875), ProductSearchResultItem(sku='b2926dc2-cc6d-4c3e-ae40-7a127c173b16', name='Wireless Earbuds', description='In-ear noise cancelling wireless earbuds', price=150.0, score=1.2)] total_input_tokens=0 total_output_tokens=0 total_llm_calls=0
2026-08-18 20:53:01,446 - INFO - Request for search_products, query: looking for headphone with noise cancelling
2026-08-18 20:53:01,450 - INFO - Calling inventory_service for stock check, skus: ['4cc0770f-91bc-4c0d-a26f-7b872f02ca94', 'b2926dc2-cc6d-4c3e-ae40-7a127c173b16', 'b2926dc2-cc6d-4c3e-ae40-7a127c173b16']
2026-08-18 20:53:01,460 - INFO - HTTP Request: GET http://localhost:8001/stock?skus=4cc0770f-91bc-4c0d-a26f-7b872f02ca94,b2926dc2-cc6d-4c3e-ae40-7a127c173b16,b2926dc2-cc6d-4c3e-ae40-7a127c173b16 "HTTP/1.1 200 OK"
2026-08-18 20:53:01,461 - INFO - Called inventory_service, response: {'stocks': {'4cc0770f-91bc-4c0d-a26f-7b872f02ca94': 0, 'b2926dc2-cc6d-4c3e-ae40-7a127c173b16': 2}, 'total_input_tokens': 0, 'total_output_tokens': 0, 'total_llm_calls': 0}
2026-08-18 20:53:01,461 - INFO - Calling pricing_service, req: {'items': [{'product_id': 'b2926dc2-cc6d-4c3e-ae40-7a127c173b16', 'qty': 1}, {'product_id': 'b2926dc2-cc6d-4c3e-ae40-7a127c173b16', 'qty': 1}], 'promo_codes': []}
2026-08-18 20:53:01,465 - INFO - HTTP Request: POST http://localhost:8002/price "HTTP/1.1 200 OK"
2026-08-18 20:53:01,465 - INFO - Called pricing_service, req: {'items': [{'product_id': 'b2926dc2-cc6d-4c3e-ae40-7a127c173b16', 'qty': 1}, {'product_id': 'b2926dc2-cc6d-4c3e-ae40-7a127c173b16', 'qty': 1}], 'promo_codes': []}, response: {'items': [{'product_id': 'b2926dc2-cc6d-4c3e-ae40-7a127c173b16', 'qty': 1, 'unit_price': 150.0, 'line_total': 150.0, 'discounts': 0.0}, {'product_id': 'b2926dc2-cc6d-4c3e-ae40-7a127c173b16', 'qty': 1, 'unit_price': 150.0, 'line_total': 150.0, 'discounts': 0.0}], 'subtotal': 300.0, 'total_discount': 0.0, 'total': 300.0, 'currency': 'USD', 'total_input_tokens': 0, 'total_output_tokens': 0, 'total_llm_calls': 0}
2026-08-18 20:53:01,466 - INFO - Request for search_products successfully processed, query: looking for headphone with noise cancelling, result: query='looking for headphone with noise cancelling' results=[ProductSearchResultItem(sku='b2926dc2-cc6d-4c3e-ae40-7a127c173b16', name='Airpod', description='Noise cancelling headphone Airpod', price=150.0, score=1.875), ProductSearchResultItem(sku='b2926dc2-cc6d-4c3e-ae40-7a127c173b16', name='Wireless Earbuds', description='In-ear noise cancelling wireless earbuds', price=150.0, score=1.2)] total_input_tokens=0 total_output_tokens=0 total_llm_calls=0
2026-08-18 20:53:02,017 - INFO - Request for search_products, query: looking for headphone with noise cancelling
2026-08-18 20:53:02,019 - INFO - Calling inventory_service for stock check, skus: ['4cc0770f-91bc-4c0d-a26f-7b872f02ca94', 'b2926dc2-cc6d-4c3e-ae40-7a127c173b16', 'b2926dc2-cc6d-4c3e-ae40-7a127c173b16']
2026-08-18 20:53:02,026 - INFO - HTTP Request: GET http://localhost:8001/stock?skus=4cc0770f-91bc-4c0d-a26f-7b872f02ca94,b2926dc2-cc6d-4c3e-ae40-7a127c173b16,b2926dc2-cc6d-4c3e-ae40-7a127c173b16 "HTTP/1.1 200 OK"
2026-08-18 20:53:02,028 - INFO - Called inventory_service, response: {'stocks': {'4cc0770f-91bc-4c0d-a26f-7b872f02ca94': 0, 'b2926dc2-cc6d-4c3e-ae40-7a127c173b16': 0}, 'total_input_tokens': 0, 'total_output_tokens': 0, 'total_llm_calls': 0}
2026-08-18 20:53:02,028 - INFO - Calling pricing_service, req: {'items': [], 'promo_codes': []}
2026-08-18 20:53:02,033 - INFO - HTTP Request: POST http://localhost:8002/price "HTTP/1.1 200 OK"
2026-08-18 20:53:02,034 - INFO - Called pricing_service, req: {'items': [], 'promo_codes': []}, response: {'items': [], 'subtotal': 0.0, 'total_discount': 0.0, 'total': 0.0, 'currency': 'USD', 'total_input_tokens': 0, 'total_output_tokens': 0, 'total_llm_calls': 0}
2026-08-18 20:53:02,034 - INFO - Request for search_products successfully processed, query: looking for headphone with noise cancelling, result: query='looking for headphone with noise cancelling' results=[] total_input_tokens=0 total_output_tokens=0 total_llm_calls=0
2026-08-18 20:53:02,039 - INFO - Request for search_products, query: looking for headphone with noise cancelling
2026-08-18 20:53:02,042 - INFO - Calling inventory_service for stock check, skus: ['4cc0770f-91bc-4c0d-a26f-7b872f02ca94', 'b2926dc2-cc6d-4c3e-ae40-7a127c173b16', 'b2926dc2-cc6d-4c3e-ae40-7a127c173b16']
2026-08-18 20:53:02,049 - INFO - HTTP Request: GET http://localhost:8001/stock?skus=4cc0770f-91bc-4c0d-a26f-7b872f02ca94,b2926dc2-cc6d-4c3e-ae40-7a127c173b16,b2926dc2-cc6d-4c3e-ae40-7a127c173b16 "HTTP/1.1 200 OK"
2026-08-18 20:53:02,050 - INFO - Called inventory_service, response: {'stocks': {'4cc0770f-91bc-4c0d-a26f-7b872f02ca94': 0, 'b2926dc2-cc6d-4c3e-ae40-7a127c173b16': 0}, 'total_input_tokens': 0, 'total_output_tokens': 0, 'total_llm_calls': 0}
2026-08-18 20:53:02,050 - INFO - Calling pricing_service, req: {'items': [], 'promo_codes': []}
2026-08-18 20:53:02,056 - INFO - HTTP Request: POST http://localhost:8002/price "HTTP/1.1 200 OK"
2026-08-18 20:53:02,058 - INFO - Called pricing_service, req: {'items': [], 'promo_codes': []}, response: {'items': [], 'subtotal': 0.0, 'total_discount': 0.0, 'total': 0.0, 'currency': 'USD', 'total_input_tokens': 0, 'total_output_tokens': 0, 'total_llm_calls': 0}
2026-08-18 20:53:02,058 - INFO - Request for search_products successfully processed, query: looking for headphone with noise cancelling, result: query='looking for headphone with noise cancelling' results=[] total_input_tokens=0 total_output_tokens=0 total_llm_calls=0
2026-08-18 20:53:02,062 - INFO - Request for search_products, query: looking for headphone with noise cancelling
2026-08-18 20:53:02,064 - INFO - Calling inventory_service for stock check, skus: ['4cc0770f-91bc-4c0d-a26f-7b872f02ca94', 'b2926dc2-cc6d-4c3e-ae40-7a127c173b16', 'b2926dc2-cc6d-4c3e-ae40-7a127c173b16']
2026-08-18 20:53:02,071 - INFO - HTTP Request: GET http://localhost:8001/stock?skus=4cc0770f-91bc-4c0d-a26f-7b872f02ca94,b2926dc2-cc6d-4c3e-ae40-7a127c173b16,b2926dc2-cc6d-4c3e-ae40-7a127c173b16 "HTTP/1.1 200 OK"
2026-08-18 20:53:02,072 - INFO - Called inventory_service, response: {'stocks': {'4cc0770f-91bc-4c0d-a26f-7b872f02ca94': 0, 'b2926dc2-cc6d-4c3e-ae40-7a127c173b16': 0}, 'total_input_tokens': 0, 'total_output_tokens': 0, 'total_llm_calls': 0}
2026-08-18 20:53:02,073 - INFO - Calling pricing_service, req: {'items': [], 'promo_codes': []}
2026-08-18 20:53:02,078 - INFO - HTTP Request: POST http://localhost:8002/price "HTTP/1.1 200 OK"
2026-08-18 20:53:02,079 - INFO - Called pricing_service, req: {'items': [], 'promo_codes': []}, response: {'items': [], 'subtotal': 0.0, 'total_discount': 0.0, 'total': 0.0, 'currency': 'USD', 'total_input_tokens': 0, 'total_output_tokens': 0, 'total_llm_calls': 0}
2026-08-18 20:53:02,079 - INFO - Request for search_products successfully processed, query: looking for headphone with noise cancelling, result: query='looking for headphone with noise cancelling' results=[] total_input_tokens=0 total_output_tokens=0 total_llm_calls=0
2026-08-18 20:53:02,082 - INFO - Request for search_products, query: looking for headphone with noise cancelling
2026-08-18 20:53:02,083 - INFO - Calling inventory_service for stock check, skus: ['4cc0770f-91bc-4c0d-a26f-7b872f02ca94', 'b2926dc2-cc6d-4c3e-ae40-7a127c173b16', 'b2926dc2-cc6d-4c3e-ae40-7a127c173b16']
2026-08-18 20:53:02,093 - INFO - HTTP Request: GET http://localhost:8001/stock?skus=4cc0770f-91bc-4c0d-a26f-7b872f02ca94,b2926dc2-cc6d-4c3e-ae40-7a127c173b16,b2926dc2-cc6d-4c3e-ae40-7a127c173b16 "HTTP/1.1 200 OK"
2026-08-18 20:53:02,094 - INFO - Called inventory_service, response: {'stocks': {'4cc0770f-91bc-4c0d-a26f-7b872f02ca94': 0, 'b2926dc2-cc6d-4c3e-ae40-7a127c173b16': 0}, 'total_input_tokens': 0, 'total_output_tokens': 0, 'total_llm_calls': 0}
2026-08-18 20:53:02,094 - INFO - Calling pricing_service, req: {'items': [], 'promo_codes': []}
2026-08-18 20:53:02,098 - INFO - HTTP Request: POST http://localhost:8002/price "HTTP/1.1 200 OK"
2026-08-18 20:53:02,098 - INFO - Called pricing_service, req: {'items': [], 'promo_codes': []}, response: {'items': [], 'subtotal': 0.0, 'total_discount': 0.0, 'total': 0.0, 'currency': 'USD', 'total_input_tokens': 0, 'total_output_tokens': 0, 'total_llm_calls': 0}
2026-08-18 20:53:02,098 - INFO - Request for search_products successfully processed, query: looking for headphone with noise cancelling, result: query='looking for headphone with noise cancelling' results=[] total_input_tokens=0 total_output_tokens=0 total_llm_calls=0
2026-08-18 20:53:02,101 - INFO - Request for search_products, query: looking for headphone with noise cancelling
2026-08-18 20:53:02,104 - INFO - Calling inventory_service for stock check, skus: ['4cc0770f-91bc-4c0d-a26f-7b872f02ca94', 'b2926dc2-cc6d-4c3e-ae40-7a127c173b16', 'b2926dc2-cc6d-4c3e-ae40-7a127c173b16']
2026-08-18 20:53:02,112 - INFO - HTTP Request: GET http://localhost:8001/stock?skus=4cc0770f-91bc-4c0d-a26f-7b872f02ca94,b2926dc2-cc6d-4c3e-ae40-7a127c173b16,b2926dc2-cc6d-4c3e-ae40-7a127c173b16 "HTTP/1.1 200 OK"
2026-08-18 20:53:02,112 - INFO - Called inventory_service, response: {'stocks': {'4cc0770f-91bc-4c0d-a26f-7b872f02ca94': 0, 'b2926dc2-cc6d-4c3e-ae40-7a127c173b16': 0}, 'total_input_tokens': 0, 'total_output_tokens': 0, 'total_llm_calls': 0}
2026-08-18 20:53:02,112 - INFO - Calling pricing_service, req: {'items': [], 'promo_codes': []}
2026-08-18 20:53:02,116 - INFO - HTTP Request: POST http://localhost:8002/price "HTTP/1.1 200 OK"
2026-08-18 20:53:02,116 - INFO - Called pricing_service, req: {'items': [], 'promo_codes': []}, response: {'items': [], 'subtotal': 0.0, 'total_discount': 0.0, 'total': 0.0, 'currency': 'USD', 'total_input_tokens': 0, 'total_output_tokens': 0, 'total_llm_calls': 0}
2026-08-18 20:53:02,117 - INFO - Request for search_products successfully processed, query: looking for headphone with noise cancelling, result: query='looking for headphone with noise cancelling' results=[] total_input_tokens=0 total_output_tokens=0 total_llm_calls=0
2026-08-18 20:54:36,244 - INFO - Request for search_products, query: looking for headphone with noise cancelling
2026-08-18 20:54:36,246 - INFO - Calling inventory_service for stock check, skus: ['b2926dc2-cc6d-4c3e-ae40-7a127c173b16']
2026-08-18 20:54:36,252 - INFO - HTTP Request: GET http://localhost:8001/stock?skus=b2926dc2-cc6d-4c3e-ae40-7a127c173b16 "HTTP/1.1 200 OK"
2026-08-18 20:54:36,252 - INFO - Called inventory_service, response: {'stocks': {'b2926dc2-cc6d-4c3e-ae40-7a127c173b16': 10}, 'total_input_tokens': 0, 'total_output_tokens': 0, 'total_llm_calls': 0}
2026-08-18 20:54:36,252 - INFO - Calling pricing_service, req: {'items': [{'product_id': 'b2926dc2-cc6d-4c3e-ae40-7a127c173b16', 'qty': 1}], 'promo_codes': []}
2026-08-18 20:54:36,265 - INFO - HTTP Request: POST http://localhost:8002/price "HTTP/1.1 200 OK"
2026-08-18 20:54:36,266 - INFO - Called pricing_service, req: {'items': [{'product_id': 'b2926dc2-cc6d-4c3e-ae40-7a127c173b16', 'qty': 1}], 'promo_codes': []}, response: {'items': [{'product_id': 'b2926dc2-cc6d-4c3e-ae40-7a127c173b16', 'qty': 1, 'unit_price': 150.0, 'line_total': 150.0, 'discounts': 0.0}], 'subtotal': 150.0, 'total_discount': 0.0, 'total': 150.0, 'currency': 'USD', 'total_input_tokens': 0, 'total_output_tokens': 0, 'total_llm_calls': 0}
2026-08-18 20:54:36,266 - INFO - Request for search_products successfully processed, query: looking for headphone with noise cancelling, result: query='looking for headphone with noise cancelling' results=[ProductSearchResultItem(sku='b2926dc2-cc6d-4c3e-ae40-7a127c173b16', name='Airpod', description='Noise cancelling headphone Airpod', price=150.0, score=1.875)] total_input_tokens=0 total_output_tokens=0 total_llm_calls=0
2026-08-18 20:54:36,815 - INFO - Request for search_products, query: looking for headphone with noise cancelling
2026-08-18 20:54:36,817 - INFO - Calling inventory_service for stock check, skus: ['b2926dc2-cc6d-4c3e-ae40-7a127c173b16']
2026-08-18 20:54:36,822 - INFO - HTTP Request: GET http://localhost:8001/stock?skus=b2926dc2-cc6d-4c3e-ae40-7a127c173b16 "HTTP/1.1 200 OK"
2026-08-18 20:54:36,823 - INFO - Called inventory_service, response: {'stocks': {'b2926dc2-cc6d-4c3e-ae40-7a127c173b16': 8}, 'total_input_tokens': 0, 'total_output_tokens': 0, 'total_llm_calls': 0}
2026-08-18 20:54:36,823 - INFO - Calling pricing_service, req: {'items': [{'product_id': 'b2926dc2-cc6d-4c3e-ae40-7a127c173b16', 'qty': 1}], 'promo_codes': []}
2026-08-18 20:54:36,828 - INFO - HTTP Request: POST http://localhost:8002/price "HTTP/1.1 200 OK"
2026-08-18 20:54:36,829 - INFO - Called pricing_service, req: {'items': [{'product_id': 'b2926dc2-cc6d-4c3e-ae40-7a127c173b16', 'qty': 1}], 'promo_codes': []}, response: {'items': [{'product_id': 'b2926dc2-cc6d-4c3e-ae40-7a127c173b16', 'qty': 1, 'unit_price': 150.0, 'line_total': 150.0, 'discounts': 0.0}], 'subtotal': 150.0, 'total_discount': 0.0, 'total': 150.0, 'currency': 'USD', 'total_input_tokens': 0, 'total_output_tokens': 0, 'total_llm_calls': 0}
2026-08-18 20:54:36,829 - INFO - Request for search_products successfully processed, query: looking for headphone with noise cancelling, result: query='looking for headphone with noise cancelling' results=[ProductSearchResultItem(sku='b2926dc2-cc6d-4c3e-ae40-7a127c173b16', name='Airpod', description='Noise cancelling headphone Airpod', price=150.0, score=1.875)] total_input_tokens=0 total_output_tokens=0 total_llm_calls=0
2026-08-18 20:54:37,391 - INFO - Request for search_products, query: looking for headphone with noise cancelling
2026-08-18 20:54:37,396 - INFO - Calling inventory_service for stock check, skus: ['b2926dc2-cc6d-4c3e-ae40-7a127c173b16']
2026-08-18 20:54:37,404 - INFO - HTTP Request: GET http://localhost:8001/stock?skus=b2926dc2-cc6d-4c3e-ae40-7a127c173b16 "HTTP/1.1 200 OK"
2026-08-18 20:54:37,405 - INFO - Called inventory_service, response: {'stocks': {'b2926dc2-cc6d-4c3e-ae40-7a127c173b16': 6}, 'total_input_tokens': 0, 'total_output_tokens': 0, 'total_llm_calls': 0}
2026-08-18 20:54:37,405 - INFO - Calling pricing_service, req: {'items': [{'product_id': 'b2926dc2-cc6d-4c3e-ae40-7a127c173b16', 'qty': 1}], 'promo_codes': []}
2026-08-18 20:54:37,417 - INFO - HTTP Request: POST http://localhost:8002/price "HTTP/1.1 200 OK"
2026-08-18 20:54:37,419 - INFO - Called pricing_service, req: {'items': [{'product_id': 'b2926dc2-cc6d-4c3e-ae40-7a127c173b16', 'qty': 1}], 'promo_codes': []}, response: {'items': [{'product_id': 'b2926dc2-cc6d-4c3e-ae40-7a127c173b16', 'qty': 1, 'unit_price': 150.0, 'line_total': 150.0, 'discounts': 0.0}], 'subtotal': 150.0, 'total_discount': 0.0, 'total': 150.0, 'currency': 'USD', 'total_input_tokens': 0, 'total_output_tokens': 0, 'total_llm_calls': 0}
2026-08-18 20:54:37,419 - INFO - Request for search_products successfully processed, query: looking for headphone with noise cancelling, result: query='looking for headphone with noise cancelling' results=[ProductSearchResultItem(sku='b2926dc2-cc6d-4c3e-ae40-7a127c173b16', name='Airpod', description='Noise cancelling headphone Airpod', price=150.0, score=1.875)] total_input_tokens=0 total_output_tokens=0 total_llm_calls=0
2026-08-18 20:54:38,021 - INFO - Request for search_products, query: looking for headphone with noise cancelling
2026-08-18 20:54:38,025 - INFO - Calling inventory_service for stock check, skus: ['b2926dc2-cc6d-4c3e-ae40-7a127c173b16']
2026-08-18 20:54:38,033 - INFO - HTTP Request: GET http://localhost:8001/stock?skus=b2926dc2-cc6d-4c3e-ae40-7a127c173b16 "HTTP/1.1 200 OK"
2026-08-18 20:54:38,034 - INFO - Called inventory_service, response: {'stocks': {'b2926dc2-cc6d-4c3e-ae40-7a127c173b16': 4}, 'total_input_tokens': 0, 'total_output_tokens': 0, 'total_llm_calls': 0}
2026-08-18 20:54:38,034 - INFO - Calling pricing_service, req: {'items': [{'product_id': 'b2926dc2-cc6d-4c3e-ae40-7a127c173b16', 'qty': 1}], 'promo_codes': []}
2026-08-18 20:54:38,042 - INFO - HTTP Request: POST http://localhost:8002/price "HTTP/1.1 200 OK"
2026-08-18 20:54:38,044 - INFO - Called pricing_service, req: {'items': [{'product_id': 'b2926dc2-cc6d-4c3e-ae40-7a127c173b16', 'qty': 1}], 'promo_codes': []}, response: {'items': [{'product_id': 'b2926dc2-cc6d-4c3e-ae40-7a127c173b16', 'qty': 1, 'unit_price': 150.0, 'line_total': 150.0, 'discounts': 0.0}], 'subtotal': 150.0, 'total_discount': 0.0, 'total': 150.0, 'currency': 'USD', 'total_input_tokens': 0, 'total_output_tokens': 0, 'total_llm_calls': 0}
2026-08-18 20:54:38,045 - INFO - Request for search_products successfully processed, query: looking for headphone with noise cancelling, result: query='looking for headphone with noise cancelling' results=[ProductSearchResultItem(sku='b2926dc2-cc6d-4c3e-ae40-7a127c173b16', name='Airpod', description='Noise cancelling headphone Airpod', price=150.0, score=1.875)] total_input_tokens=0 total_output_tokens=0 total_llm_calls=0
2026-08-18 20:54:38,604 - INFO - Request for search_products, query: looking for headphone with noise cancelling
2026-08-18 20:54:38,606 - INFO - Calling inventory_service for stock check, skus: ['b2926dc2-cc6d-4c3e-ae40-7a127c173b16']
2026-08-18 20:54:38,615 - INFO - HTTP Request: GET http://localhost:8001/stock?skus=b2926dc2-cc6d-4c3e-ae40-7a127c173b16 "HTTP/1.1 200 OK"
2026-08-18 20:54:38,616 - INFO - Called inventory_service, response: {'stocks': {'b2926dc2-cc6d-4c3e-ae40-7a127c173b16': 2}, 'total_input_tokens': 0, 'total_output_tokens': 0, 'total_llm_calls': 0}
2026-08-18 20:54:38,616 - INFO - Calling pricing_service, req: {'items': [{'product_id': 'b2926dc2-cc6d-4c3e-ae40-7a127c173b16', 'qty': 1}], 'promo_codes': []}
2026-08-18 20:54:38,623 - INFO - HTTP Request: POST http://localhost:8002/price "HTTP/1.1 200 OK"
2026-08-18 20:54:38,624 - INFO - Called pricing_service, req: {'items': [{'product_id': 'b2926dc2-cc6d-4c3e-ae40-7a127c173b16', 'qty': 1}], 'promo_codes': []}, response: {'items': [{'product_id': 'b2926dc2-cc6d-4c3e-ae40-7a127c173b16', 'qty': 1, 'unit_price': 150.0, 'line_total': 150.0, 'discounts': 0.0}], 'subtotal': 150.0, 'total_discount': 0.0, 'total': 150.0, 'currency': 'USD', 'total_input_tokens': 0, 'total_output_tokens': 0, 'total_llm_calls': 0}
2026-08-18 20:54:38,625 - INFO - Request for search_products successfully processed, query: looking for headphone with noise cancelling, result: query='looking for headphone with noise cancelling' results=[ProductSearchResultItem(sku='b2926dc2-cc6d-4c3e-ae40-7a127c173b16', name='Airpod', description='Noise cancelling headphone Airpod', price=150.0, score=1.875)] total_input_tokens=0 total_output_tokens=0 total_llm_calls=0
2026-08-18 20:54:39,204 - INFO - Request for search_products, query: looking for headphone with noise cancelling
2026-08-18 20:54:39,206 - INFO - Calling inventory_service for stock check, skus: ['b2926dc2-cc6d-4c3e-ae40-7a127c173b16']
2026-08-18 20:54:39,216 - INFO - HTTP Request: GET http://localhost:8001/stock?skus=b2926dc2-cc6d-4c3e-ae40-7a127c173b16 "HTTP/1.1 200 OK"
2026-08-18 20:54:39,217 - INFO - Called inventory_service, response: {'stocks': {'b2926dc2-cc6d-4c3e-ae40-7a127c173b16': 0}, 'total_input_tokens': 0, 'total_output_tokens': 0, 'total_llm_calls': 0}
2026-08-18 20:54:39,218 - INFO - Calling pricing_service, req: {'items': [], 'promo_codes': []}
2026-08-18 20:54:39,226 - INFO - HTTP Request: POST http://localhost:8002/price "HTTP/1.1 200 OK"
2026-08-18 20:54:39,228 - INFO - Called pricing_service, req: {'items': [], 'promo_codes': []}, response: {'items': [], 'subtotal': 0.0, 'total_discount': 0.0, 'total': 0.0, 'currency': 'USD', 'total_input_tokens': 0, 'total_output_tokens': 0, 'total_llm_calls': 0}
2026-08-18 20:54:39,229 - INFO - Request for search_products successfully processed, query: looking for headphone with noise cancelling, result: query='looking for headphone with noise cancelling' results=[] total_input_tokens=0 total_output_tokens=0 total_llm_calls=0
2026-08-18 20:54:39,236 - INFO - Request for search_products, query: looking for headphone with noise cancelling
2026-08-18 20:54:39,238 - INFO - Calling inventory_service for stock check, skus: ['b2926dc2-cc6d-4c3e-ae40-7a127c173b16']
2026-08-18 20:54:39,250 - INFO - HTTP Request: GET http://localhost:8001/stock?skus=b2926dc2-cc6d-4c3e-ae40-7a127c173b16 "HTTP/1.1 200 OK"
2026-08-18 20:54:39,251 - INFO - Called inventory_service, response: {'stocks': {'b2926dc2-cc6d-4c3e-ae40-7a127c173b16': 0}, 'total_input_tokens': 0, 'total_output_tokens': 0, 'total_llm_calls': 0}
2026-08-18 20:54:39,252 - INFO - Calling pricing_service, req: {'items': [], 'promo_codes': []}
2026-08-18 20:54:39,260 - INFO - HTTP Request: POST http://localhost:8002/price "HTTP/1.1 200 OK"
2026-08-18 20:54:39,265 - INFO - Called pricing_service, req: {'items': [], 'promo_codes': []}, response: {'items': [], 'subtotal': 0.0, 'total_discount': 0.0, 'total': 0.0, 'currency': 'USD', 'total_input_tokens': 0, 'total_output_tokens': 0, 'total_llm_calls': 0}
2026-08-18 20:54:39,267 - INFO - Request for search_products successfully processed, query: looking for headphone with noise cancelling, result: query='looking for headphone with noise cancelling' results=[] total_input_tokens=0 total_output_tokens=0 total_llm_calls=0
2026-08-18 20:54:39,275 - INFO - Request for search_products, query: looking for headphone with noise cancelling
2026-08-18 20:54:39,281 - INFO - Calling inventory_service for stock check, skus: ['b2926dc2-cc6d-4c3e-ae40-7a127c173b16']
2026-08-18 20:54:39,291 - INFO - HTTP Request: GET http://localhost:8001/stock?skus=b2926dc2-cc6d-4c3e-ae40-7a127c173b16 "HTTP/1.1 200 OK"
2026-08-18 20:54:39,296 - INFO - Called inventory_service, response: {'stocks': {'b2926dc2-cc6d-4c3e-ae40-7a127c173b16': 0}, 'total_input_tokens': 0, 'total_output_tokens': 0, 'total_llm_calls': 0}
2026-08-18 20:54:39,297 - INFO - Calling pricing_service, req: {'items': [], 'promo_codes': []}
2026-08-18 20:54:39,305 - INFO - HTTP Request: POST http://localhost:8002/price "HTTP/1.1 200 OK"
2026-08-18 20:54:39,305 - INFO - Called pricing_service, req: {'items': [], 'promo_codes': []}, response: {'items': [], 'subtotal': 0.0, 'total_discount': 0.0, 'total': 0.0, 'currency': 'USD', 'total_input_tokens': 0, 'total_output_tokens': 0, 'total_llm_calls': 0}
2026-08-18 20:54:39,306 - INFO - Request for search_products successfully processed, query: looking for headphone with noise cancelling, result: query='looking for headphone with noise cancelling' results=[] total_input_tokens=0 total_output_tokens=0 total_llm_calls=0
2026-08-18 20:54:39,314 - INFO - Request for search_products, query: looking for headphone with noise cancelling
2026-08-18 20:54:39,318 - INFO - Calling inventory_service for stock check, skus: ['b2926dc2-cc6d-4c3e-ae40-7a127c173b16']
2026-08-18 20:54:39,321 - INFO - HTTP Request: GET http://localhost:8001/stock?skus=b2926dc2-cc6d-4c3e-ae40-7a127c173b16 "HTTP/1.1 200 OK"
2026-08-18 20:54:39,322 - INFO - Called inventory_service, response: {'stocks': {'b2926dc2-cc6d-4c3e-ae40-7a127c173b16': 0}, 'total_input_tokens': 0, 'total_output_tokens': 0, 'total_llm_calls': 0}
2026-08-18 20:54:39,322 - INFO - Calling pricing_service, req: {'items': [], 'promo_codes': []}
2026-08-18 20:54:39,329 - INFO - HTTP Request: POST http://localhost:8002/price "HTTP/1.1 200 OK"
2026-08-18 20:54:39,331 - INFO - Called pricing_service, req: {'items': [], 'promo_codes': []}, response: {'items': [], 'subtotal': 0.0, 'total_discount': 0.0, 'total': 0.0, 'currency': 'USD', 'total_input_tokens': 0, 'total_output_tokens': 0, 'total_llm_calls': 0}
2026-08-18 20:54:39,331 - INFO - Request for search_products successfully processed, query: looking for headphone with noise cancelling, result: query='looking for headphone with noise cancelling' results=[] total_input_tokens=0 total_output_tokens=0 total_llm_calls=0
2026-08-18 20:54:39,334 - INFO - Request for search_products, query: looking for headphone with noise cancelling
2026-08-18 20:54:39,336 - INFO - Calling inventory_service for stock check, skus: ['b2926dc2-cc6d-4c3e-ae40-7a127c173b16']
2026-08-18 20:54:39,341 - INFO - HTTP Request: GET http://localhost:8001/stock?skus=b2926dc2-cc6d-4c3e-ae40-7a127c173b16 "HTTP/1.1 200 OK"
2026-08-18 20:54:39,342 - INFO - Called inventory_service, response: {'stocks': {'b2926dc2-cc6d-4c3e-ae40-7a127c173b16': 0}, 'total_input_tokens': 0, 'total_output_tokens': 0, 'total_llm_calls': 0}
2026-08-18 20:54:39,342 - INFO - Calling pricing_service, req: {'items': [], 'promo_codes': []}
2026-08-18 20:54:39,349 - INFO - HTTP Request: POST http://localhost:8002/price "HTTP/1.1 200 OK"
2026-08-18 20:54:39,350 - INFO - Called pricing_service, req: {'items': [], 'promo_codes': []}, response: {'items': [], 'subtotal': 0.0, 'total_discount': 0.0, 'total': 0.0, 'currency': 'USD', 'total_input_tokens': 0, 'total_output_tokens': 0, 'total_llm_calls': 0}
2026-08-18 20:54:39,350 - INFO - Request for search_products successfully processed, query: looking for headphone with noise cancelling, result: query='looking for headphone with noise cancelling' results=[] total_input_tokens=0 total_output_tokens=0 total_llm_calls=0
2026-08-18 20:56:35,464 - INFO - Request for search_products, query: looking for headphone with noise cancelling
2026-08-18 20:56:35,466 - INFO - Calling inventory_service for stock check, skus: ['b2926dc2-cc6d-4c3e-ae40-7a127c173b16']
2026-08-18 20:56:35,471 - INFO - HTTP Request: GET http://localhost:8001/stock?skus=b2926dc2-cc6d-4c3e-ae40-7a127c173b16 "HTTP/1.1 200 OK"
2026-08-18 20:56:35,472 - INFO - Called inventory_service, response: {'stocks': {'b2926dc2-cc6d-4c3e-ae40-7a127c173b16': 10}, 'total_input_tokens': 0, 'total_output_tokens': 0, 'total_llm_calls': 0}
2026-08-18 20:56:35,472 - INFO - Calling pricing_service, req: {'items': [{'product_id': 'b2926dc2-cc6d-4c3e-ae40-7a127c173b16', 'qty': 1}], 'promo_codes': []}
2026-08-18 20:56:35,477 - INFO - HTTP Request: POST http://localhost:8002/price "HTTP/1.1 200 OK"
2026-08-18 20:56:35,478 - INFO - Called pricing_service, req: {'items': [{'product_id': 'b2926dc2-cc6d-4c3e-ae40-7a127c173b16', 'qty': 1}], 'promo_codes': []}, response: {'items': [{'product_id': 'b2926dc2-cc6d-4c3e-ae40-7a127c173b16', 'qty': 1, 'unit_price': 150.0, 'line_total': 150.0, 'discounts': 0.0}], 'subtotal': 150.0, 'total_discount': 0.0, 'total': 150.0, 'currency': 'USD', 'total_input_tokens': 0, 'total_output_tokens': 0, 'total_llm_calls': 0}
2026-08-18 20:56:35,478 - INFO - Request for search_products successfully processed, query: looking for headphone with noise cancelling, result: query='looking for headphone with noise cancelling' results=[ProductSearchResultItem(sku='b2926dc2-cc6d-4c3e-ae40-7a127c173b16', name='Airpod', description='Noise cancelling headphone Airpod', price=150.0, score=1.875)] total_input_tokens=0 total_output_tokens=0 total_llm_calls=0
2026-08-18 20:56:36,019 - INFO - Request for search_products, query: looking for headphone with noise cancelling
2026-08-18 20:56:36,021 - INFO - Calling inventory_service for stock check, skus: ['b2926dc2-cc6d-4c3e-ae40-7a127c173b16']
2026-08-18 20:56:36,026 - INFO - HTTP Request: GET http://localhost:8001/stock?skus=b2926dc2-cc6d-4c3e-ae40-7a127c173b16 "HTTP/1.1 200 OK"
2026-08-18 20:56:36,027 - INFO - Called inventory_service, response: {'stocks': {'b2926dc2-cc6d-4c3e-ae40-7a127c173b16': 8}, 'total_input_tokens': 0, 'total_output_tokens': 0, 'total_llm_calls': 0}
2026-08-18 20:56:36,027 - INFO - Calling pricing_service, req: {'items': [{'product_id': 'b2926dc2-cc6d-4c3e-ae40-7a127c173b16', 'qty': 1}], 'promo_codes': []}
2026-08-18 20:56:36,031 - INFO - HTTP Request: POST http://localhost:8002/price "HTTP/1.1 200 OK"
2026-08-18 20:56:36,032 - INFO - Called pricing_service, req: {'items': [{'product_id': 'b2926dc2-cc6d-4c3e-ae40-7a127c173b16', 'qty': 1}], 'promo_codes': []}, response: {'items': [{'product_id': 'b2926dc2-cc6d-4c3e-ae40-7a127c173b16', 'qty': 1, 'unit_price': 150.0, 'line_total': 150.0, 'discounts': 0.0}], 'subtotal': 150.0, 'total_discount': 0.0, 'total': 150.0, 'currency': 'USD', 'total_input_tokens': 0, 'total_output_tokens': 0, 'total_llm_calls': 0}
2026-08-18 20:56:36,033 - INFO - Request for search_products successfully processed, query: looking for headphone with noise cancelling, result: query='looking for headphone with noise cancelling' results=[ProductSearchResultItem(sku='b2926dc2-cc6d-4c3e-ae40-7a127c173b16', name='Airpod', description='Noise cancelling headphone Airpod', price=150.0, score=1.875)] total_input_tokens=0 total_output_tokens=0 total_llm_calls=0
2026-08-18 20:56:36,604 - INFO - Request for search_products, query: looking for headphone with noise cancelling
2026-08-18 20:56:36,613 - INFO - Calling inventory_service for stock check, skus: ['b2926dc2-cc6d-4c3e-ae40-7a127c173b16']
2026-08-18 20:56:36,622 - INFO - HTTP Request: GET http://localhost:8001/stock?skus=b2926dc2-cc6d-4c3e-ae40-7a127c173b16 "HTTP/1.1 200 OK"
2026-08-18 20:56:36,623 - INFO - Called inventory_service, response: {'stocks': {'b2926dc2-cc6d-4c3e-ae40-7a127c173b16': 6}, 'total_input_tokens': 0, 'total_output_tokens': 0, 'total_llm_calls': 0}
2026-08-18 20:56:36,623 - INFO - Calling pricing_service, req: {'items': [{'product_id': 'b2926dc2-cc6d-4c3e-ae40-7a127c173b16', 'qty': 1}], 'promo_codes': []}
2026-08-18 20:56:36,631 - INFO - HTTP Request: POST http://localhost:8002/price "HTTP/1.1 200 OK"
2026-08-18 20:56:36,633 - INFO - Called pricing_service, req: {'items': [{'product_id': 'b2926dc2-cc6d-4c3e-ae40-7a127c173b16', 'qty': 1}], 'promo_codes': []}, response: {'items': [{'product_id': 'b2926dc2-cc6d-4c3e-ae40-7a127c173b16', 'qty': 1, 'unit_price': 150.0, 'line_total': 150.0, 'discounts': 0.0}], 'subtotal': 150.0, 'total_discount': 0.0, 'total': 150.0, 'currency': 'USD', 'total_input_tokens': 0, 'total_output_tokens': 0, 'total_llm_calls': 0}
2026-08-18 20:56:36,633 - INFO - Request for search_products successfully processed, query: looking for headphone with noise cancelling, result: query='looking for headphone with noise cancelling' results=[ProductSearchResultItem(sku='b2926dc2-cc6d-4c3e-ae40-7a127c173b16', name='Airpod', description='Noise cancelling headphone Airpod', price=150.0, score=1.875)] total_input_tokens=0 total_output_tokens=0 total_llm_calls=0
2026-08-18 20:56:37,207 - INFO - Request for search_products, query: looking for headphone with noise cancelling
2026-08-18 20:56:37,211 - INFO - Calling inventory_service for stock check, skus: ['b2926dc2-cc6d-4c3e-ae40-7a127c173b16']
2026-08-18 20:56:37,218 - INFO - HTTP Request: GET http://localhost:8001/stock?skus=b2926dc2-cc6d-4c3e-ae40-7a127c173b16 "HTTP/1.1 200 OK"
2026-08-18 20:56:37,219 - INFO - Called inventory_service, response: {'stocks': {'b2926dc2-cc6d-4c3e-ae40-7a127c173b16': 4}, 'total_input_tokens': 0, 'total_output_tokens': 0, 'total_llm_calls': 0}
2026-08-18 20:56:37,219 - INFO - Calling pricing_service, req: {'items': [{'product_id': 'b2926dc2-cc6d-4c3e-ae40-7a127c173b16', 'qty': 1}], 'promo_codes': []}
2026-08-18 20:56:37,225 - INFO - HTTP Request: POST http://localhost:8002/price "HTTP/1.1 200 OK"
2026-08-18 20:56:37,226 - INFO - Called pricing_service, req: {'items': [{'product_id': 'b2926dc2-cc6d-4c3e-ae40-7a127c173b16', 'qty': 1}], 'promo_codes': []}, response: {'items': [{'product_id': 'b2926dc2-cc6d-4c3e-ae40-7a127c173b16', 'qty': 1, 'unit_price': 150.0, 'line_total': 150.0, 'discounts': 0.0}], 'subtotal': 150.0, 'total_discount': 0.0, 'total': 150.0, 'currency': 'USD', 'total_input_tokens': 0, 'total_output_tokens': 0, 'total_llm_calls': 0}
2026-08-18 20:56:37,226 - INFO - Request for search_products successfully processed, query: looking for headphone with noise cancelling, result: query='looking for headphone with noise cancelling' results=[ProductSearchResultItem(sku='b2926dc2-cc6d-4c3e-ae40-7a127c173b16', name='Airpod', description='Noise cancelling headphone Airpod', price=150.0, score=1.875)] total_input_tokens=0 total_output_tokens=0 total_llm_calls=0
2026-08-18 20:56:37,789 - INFO - Request for search_products, query: looking for headphone with noise cancelling
2026-08-18 20:56:37,796 - INFO - Calling inventory_service for stock check, skus: ['b2926dc2-cc6d-4c3e-ae40-7a127c173b16']
2026-08-18 20:56:37,807 - INFO - HTTP Request: GET http://localhost:8001/stock?skus=b2926dc2-cc6d-4c3e-ae40-7a127c173b16 "HTTP/1.1 200 OK"
2026-08-18 20:56:37,809 - INFO - Called inventory_service, response: {'stocks': {'b2926dc2-cc6d-4c3e-ae40-7a127c173b16': 2}, 'total_input_tokens': 0, 'total_output_tokens': 0, 'total_llm_calls': 0}
2026-08-18 20:56:37,810 - INFO - Calling pricing_service, req: {'items': [{'product_id': 'b2926dc2-cc6d-4c3e-ae40-7a127c173b16', 'qty': 1}], 'promo_codes': []}
2026-08-18 20:56:37,818 - INFO - HTTP Request: POST http://localhost:8002/price "HTTP/1.1 200 OK"
2026-08-18 20:56:37,819 - INFO - Called pricing_service, req: {'items': [{'product_id': 'b2926dc2-cc6d-4c3e-ae40-7a127c173b16', 'qty': 1}], 'promo_codes': []}, response: {'items': [{'product_id': 'b2926dc2-cc6d-4c3e-ae40-7a127c173b16', 'qty': 1, 'unit_price': 150.0, 'line_total': 150.0, 'discounts': 0.0}], 'subtotal': 150.0, 'total_discount': 0.0, 'total': 150.0, 'currency': 'USD', 'total_input_tokens': 0, 'total_output_tokens': 0, 'total_llm_calls': 0}
2026-08-18 20:56:37,819 - INFO - Request for search_products successfully processed, query: looking for headphone with noise cancelling, result: query='looking for headphone with noise cancelling' results=[ProductSearchResultItem(sku='b2926dc2-cc6d-4c3e-ae40-7a127c173b16', name='Airpod', description='Noise cancelling headphone Airpod', price=150.0, score=1.875)] total_input_tokens=0 total_output_tokens=0 total_llm_calls=0
2026-08-18 20:56:38,383 - INFO - Request for search_products, query: looking for headphone with noise cancelling
2026-08-18 20:56:38,390 - INFO - Calling inventory_service for stock check, skus: ['b2926dc2-cc6d-4c3e-ae40-7a127c173b16']
2026-08-18 20:56:38,408 - INFO - HTTP Request: GET http://localhost:8001/stock?skus=b2926dc2-cc6d-4c3e-ae40-7a127c173b16 "HTTP/1.1 200 OK"
2026-08-18 20:56:38,411 - INFO - Called inventory_service, response: {'stocks': {'b2926dc2-cc6d-4c3e-ae40-7a127c173b16': 0}, 'total_input_tokens': 0, 'total_output_tokens': 0, 'total_llm_calls': 0}
2026-08-18 20:56:38,412 - INFO - Calling pricing_service, req: {'items': [], 'promo_codes': []}
2026-08-18 20:56:38,434 - INFO - HTTP Request: POST http://localhost:8002/price "HTTP/1.1 200 OK"
2026-08-18 20:56:38,437 - INFO - Called pricing_service, req: {'items': [], 'promo_codes': []}, response: {'items': [], 'subtotal': 0.0, 'total_discount': 0.0, 'total': 0.0, 'currency': 'USD', 'total_input_tokens': 0, 'total_output_tokens': 0, 'total_llm_calls': 0}
2026-08-18 20:56:38,438 - INFO - Request for search_products successfully processed, query: looking for headphone with noise cancelling, result: query='looking for headphone with noise cancelling' results=[] total_input_tokens=0 total_output_tokens=0 total_llm_calls=0
2026-08-18 20:56:38,485 - INFO - Request for search_products, query: looking for headphone with noise cancelling
2026-08-18 20:56:38,488 - INFO - Calling inventory_service for stock check, skus: ['b2926dc2-cc6d-4c3e-ae40-7a127c173b16']
2026-08-18 20:56:38,496 - INFO - HTTP Request: GET http://localhost:8001/stock?skus=b2926dc2-cc6d-4c3e-ae40-7a127c173b16 "HTTP/1.1 200 OK"
2026-08-18 20:56:38,498 - INFO - Called inventory_service, response: {'stocks': {'b2926dc2-cc6d-4c3e-ae40-7a127c173b16': 0}, 'total_input_tokens': 0, 'total_output_tokens': 0, 'total_llm_calls': 0}
2026-08-18 20:56:38,498 - INFO - Calling pricing_service, req: {'items': [], 'promo_codes': []}
2026-08-18 20:56:38,506 - INFO - HTTP Request: POST http://localhost:8002/price "HTTP/1.1 200 OK"
2026-08-18 20:56:38,507 - INFO - Called pricing_service, req: {'items': [], 'promo_codes': []}, response: {'items': [], 'subtotal': 0.0, 'total_discount': 0.0, 'total': 0.0, 'currency': 'USD', 'total_input_tokens': 0, 'total_output_tokens': 0, 'total_llm_calls': 0}
2026-08-18 20:56:38,507 - INFO - Request for search_products successfully processed, query: looking for headphone with noise cancelling, result: query='looking for headphone with noise cancelling' results=[] total_input_tokens=0 total_output_tokens=0 total_llm_calls=0
2026-08-18 20:56:38,554 - INFO - Request for search_products, query: looking for headphone with noise cancelling
2026-08-18 20:56:38,557 - INFO - Calling inventory_service for stock check, skus: ['b2926dc2-cc6d-4c3e-ae40-7a127c173b16']
2026-08-18 20:56:38,564 - INFO - HTTP Request: GET http://localhost:8001/stock?skus=b2926dc2-cc6d-4c3e-ae40-7a127c173b16 "HTTP/1.1 200 OK"
2026-08-18 20:56:38,566 - INFO - Called inventory_service, response: {'stocks': {'b2926dc2-cc6d-4c3e-ae40-7a127c173b16': 0}, 'total_input_tokens': 0, 'total_output_tokens': 0, 'total_llm_calls': 0}
2026-08-18 20:56:38,567 - INFO - Calling pricing_service, req: {'items': [], 'promo_codes': []}
2026-08-18 20:56:38,575 - INFO - HTTP Request: POST http://localhost:8002/price "HTTP/1.1 200 OK"
2026-08-18 20:56:38,576 - INFO - Called pricing_service, req: {'items': [], 'promo_codes': []}, response: {'items': [], 'subtotal': 0.0, 'total_discount': 0.0, 'total': 0.0, 'currency': 'USD', 'total_input_tokens': 0, 'total_output_tokens': 0, 'total_llm_calls': 0}
2026-08-18 20:56:38,577 - INFO - Request for search_products successfully processed, query: looking for headphone with noise cancelling, result: query='looking for headphone with noise cancelling' results=[] total_input_tokens=0 total_output_tokens=0 total_llm_calls=0
2026-08-18 20:56:38,617 - INFO - Request for search_products, query: looking for headphone with noise cancelling
2026-08-18 20:56:38,619 - INFO - Calling inventory_service for stock check, skus: ['b2926dc2-cc6d-4c3e-ae40-7a127c173b16']
2026-08-18 20:56:38,625 - INFO - HTTP Request: GET http://localhost:8001/stock?skus=b2926dc2-cc6d-4c3e-ae40-7a127c173b16 "HTTP/1.1 200 OK"
2026-08-18 20:56:38,626 - INFO - Called inventory_service, response: {'stocks': {'b2926dc2-cc6d-4c3e-ae40-7a127c173b16': 0}, 'total_input_tokens': 0, 'total_output_tokens': 0, 'total_llm_calls': 0}
2026-08-18 20:56:38,626 - INFO - Calling pricing_service, req: {'items': [], 'promo_codes': []}
2026-08-18 20:56:38,632 - INFO - HTTP Request: POST http://localhost:8002/price "HTTP/1.1 200 OK"
2026-08-18 20:56:38,633 - INFO - Called pricing_service, req: {'items': [], 'promo_codes': []}, response: {'items': [], 'subtotal': 0.0, 'total_discount': 0.0, 'total': 0.0, 'currency': 'USD', 'total_input_tokens': 0, 'total_output_tokens': 0, 'total_llm_calls': 0}
2026-08-18 20:56:38,633 - INFO - Request for search_products successfully processed, query: looking for headphone with noise cancelling, result: query='looking for headphone with noise cancelling' results=[] total_input_tokens=0 total_output_tokens=0 total_llm_calls=0
2026-08-18 20:56:38,664 - INFO - Request for search_products, query: looking for headphone with noise cancelling
2026-08-18 20:56:38,666 - INFO - Calling inventory_service for stock check, skus: ['b2926dc2-cc6d-4c3e-ae40-7a127c173b16']
2026-08-18 20:56:38,670 - INFO - HTTP Request: GET http://localhost:8001/stock?skus=b2926dc2-cc6d-4c3e-ae40-7a127c173b16 "HTTP/1.1 200 OK"
2026-08-18 20:56:38,671 - INFO - Called inventory_service, response: {'stocks': {'b2926dc2-cc6d-4c3e-ae40-7a127c173b16': 0}, 'total_input_tokens': 0, 'total_output_tokens': 0, 'total_llm_calls': 0}
2026-08-18 20:56:38,671 - INFO - Calling pricing_service, req: {'items': [], 'promo_codes': []}
2026-08-18 20:56:38,679 - INFO - HTTP Request: POST http://localhost:8002/price "HTTP/1.1 200 OK"
2026-08-18 20:56:38,681 - INFO - Called pricing_service, req: {'items': [], 'promo_codes': []}, response: {'items': [], 'subtotal': 0.0, 'total_discount': 0.0, 'total': 0.0, 'currency': 'USD', 'total_input_tokens': 0, 'total_output_tokens': 0, 'total_llm_calls': 0}
2026-08-18 20:56:38,681 - INFO - Request for search_products successfully processed, query: looking for headphone with noise cancelling, result: query='looking for headphone with noise cancelling' results=[] total_input_tokens=0 total_output_tokens=0 total_llm_calls=0
2026-08-18 20:57:18,874 - INFO - Request for search_products, query: looking for headphone with noise cancelling
2026-08-18 20:57:18,876 - INFO - Calling inventory_service for stock check, skus: ['b2926dc2-cc6d-4c3e-ae40-7a127c173b16']
2026-08-18 20:57:18,881 - INFO - HTTP Request: GET http://localhost:8001/stock?skus=b2926dc2-cc6d-4c3e-ae40-7a127c173b16 "HTTP/1.1 200 OK"
2026-08-18 20:57:18,881 - INFO - Called inventory_service, response: {'stocks': {'b2926dc2-cc6d-4c3e-ae40-7a127c173b16': 10}, 'total_input_tokens': 0, 'total_output_tokens': 0, 'total_llm_calls': 0}
2026-08-18 20:57:18,881 - INFO - Calling pricing_service, req: {'items': [{'product_id': 'b2926dc2-cc6d-4c3e-ae40-7a127c173b16', 'qty': 1}], 'promo_codes': []}
2026-08-18 20:57:18,887 - INFO - HTTP Request: POST http://localhost:8002/price "HTTP/1.1 200 OK"
2026-08-18 20:57:18,888 - INFO - Called pricing_service, req: {'items': [{'product_id': 'b2926dc2-cc6d-4c3e-ae40-7a127c173b16', 'qty': 1}], 'promo_codes': []}, response: {'items': [{'product_id': 'b2926dc2-cc6d-4c3e-ae40-7a127c173b16', 'qty': 1, 'unit_price': 150.0, 'line_total': 150.0, 'discounts': 0.0}], 'subtotal': 150.0, 'total_discount': 0.0, 'total': 150.0, 'currency': 'USD', 'total_input_tokens': 0, 'total_output_tokens': 0, 'total_llm_calls': 0}
2026-08-18 20:57:18,888 - INFO - Request for search_products successfully processed, query: looking for headphone with noise cancelling, result: query='looking for headphone with noise cancelling' results=[ProductSearchResultItem(sku='b2926dc2-cc6d-4c3e-ae40-7a127c173b16', name='Airpod', description='Noise cancelling headphone Airpod', price=150.0, score=1.875)] total_input_tokens=0 total_output_tokens=0 total_llm_calls=0
2026-08-18 20:57:19,435 - INFO - Request for search_products, query: looking for headphone with noise cancelling
2026-08-18 20:57:19,437 - INFO - Calling inventory_service for stock check, skus: ['b2926dc2-cc6d-4c3e-ae40-7a127c173b16']
2026-08-18 20:57:19,445 - INFO - HTTP Request: GET http://localhost:8001/stock?skus=b2926dc2-cc6d-4c3e-ae40-7a127c173b16 "HTTP/1.1 200 OK"
2026-08-18 20:57:19,446 - INFO - Called inventory_service, response: {'stocks': {'b2926dc2-cc6d-4c3e-ae40-7a127c173b16': 8}, 'total_input_tokens': 0, 'total_output_tokens': 0, 'total_llm_calls': 0}
2026-08-18 20:57:19,446 - INFO - Calling pricing_service, req: {'items': [{'product_id': 'b2926dc2-cc6d-4c3e-ae40-7a127c173b16', 'qty': 1}], 'promo_codes': []}
2026-08-18 20:57:19,451 - INFO - HTTP Request: POST http://localhost:8002/price "HTTP/1.1 200 OK"
2026-08-18 20:57:19,452 - INFO - Called pricing_service, req: {'items': [{'product_id': 'b2926dc2-cc6d-4c3e-ae40-7a127c173b16', 'qty': 1}], 'promo_codes': []}, response: {'items': [{'product_id': 'b2926dc2-cc6d-4c3e-ae40-7a127c173b16', 'qty': 1, 'unit_price': 150.0, 'line_total': 150.0, 'discounts': 0.0}], 'subtotal': 150.0, 'total_discount': 0.0, 'total': 150.0, 'currency': 'USD', 'total_input_tokens': 0, 'total_output_tokens': 0, 'total_llm_calls': 0}
2026-08-18 20:57:19,452 - INFO - Request for search_products successfully processed, query: looking for headphone with noise cancelling, result: query='looking for headphone with noise cancelling' results=[ProductSearchResultItem(sku='b2926dc2-cc6d-4c3e-ae40-7a127c173b16', name='Airpod', description='Noise cancelling headphone Airpod', price=150.0, score=1.875)] total_input_tokens=0 total_output_tokens=0 total_llm_calls=0
2026-08-18 20:57:20,034 - INFO - Request for search_products, query: looking for headphone with noise cancelling
2026-08-18 20:57:20,036 - INFO - Calling inventory_service for stock check, skus: ['b2926dc2-cc6d-4c3e-ae40-7a127c173b16']
2026-08-18 20:57:20,044 - INFO - HTTP Request: GET http://localhost:8001/stock?skus=b2926dc2-cc6d-4c3e-ae40-7a127c173b16 "HTTP/1.1 200 OK"
2026-08-18 20:57:20,046 - INFO - Called inventory_service, response: {'stocks': {'b2926dc2-cc6d-4c3e-ae40-7a127c173b16': 6}, 'total_input_tokens': 0, 'total_output_tokens': 0, 'total_llm_calls': 0}
2026-08-18 20:57:20,046 - INFO - Calling pricing_service, req: {'items': [{'product_id': 'b2926dc2-cc6d-4c3e-ae40-7a127c173b16', 'qty': 1}], 'promo_codes': []}
2026-08-18 20:57:20,051 - INFO - HTTP Request: POST http://localhost:8002/price "HTTP/1.1 200 OK"
2026-08-18 20:57:20,052 - INFO - Called pricing_service, req: {'items': [{'product_id': 'b2926dc2-cc6d-4c3e-ae40-7a127c173b16', 'qty': 1}], 'promo_codes': []}, response: {'items': [{'product_id': 'b2926dc2-cc6d-4c3e-ae40-7a127c173b16', 'qty': 1, 'unit_price': 150.0, 'line_total': 150.0, 'discounts': 0.0}], 'subtotal': 150.0, 'total_discount': 0.0, 'total': 150.0, 'currency': 'USD', 'total_input_tokens': 0, 'total_output_tokens': 0, 'total_llm_calls': 0}
2026-08-18 20:57:20,052 - INFO - Request for search_products successfully processed, query: looking for headphone with noise cancelling, result: query='looking for headphone with noise cancelling' results=[ProductSearchResultItem(sku='b2926dc2-cc6d-4c3e-ae40-7a127c173b16', name='Airpod', description='Noise cancelling headphone Airpod', price=150.0, score=1.875)] total_input_tokens=0 total_output_tokens=0 total_llm_calls=0
2026-08-18 20:57:20,656 - INFO - Request for search_products, query: looking for headphone with noise cancelling
2026-08-18 20:57:20,662 - INFO - Calling inventory_service for stock check, skus: ['b2926dc2-cc6d-4c3e-ae40-7a127c173b16']
2026-08-18 20:57:20,673 - INFO - HTTP Request: GET http://localhost:8001/stock?skus=b2926dc2-cc6d-4c3e-ae40-7a127c173b16 "HTTP/1.1 200 OK"
2026-08-18 20:57:20,675 - INFO - Called inventory_service, response: {'stocks': {'b2926dc2-cc6d-4c3e-ae40-7a127c173b16': 4}, 'total_input_tokens': 0, 'total_output_tokens': 0, 'total_llm_calls': 0}
2026-08-18 20:57:20,676 - INFO - Calling pricing_service, req: {'items': [{'product_id': 'b2926dc2-cc6d-4c3e-ae40-7a127c173b16', 'qty': 1}], 'promo_codes': []}
2026-08-18 20:57:20,682 - INFO - HTTP Request: POST http://localhost:8002/price "HTTP/1.1 200 OK"
2026-08-18 20:57:20,683 - INFO - Called pricing_service, req: {'items': [{'product_id': 'b2926dc2-cc6d-4c3e-ae40-7a127c173b16', 'qty': 1}], 'promo_codes': []}, response: {'items': [{'product_id': 'b2926dc2-cc6d-4c3e-ae40-7a127c173b16', 'qty': 1, 'unit_price': 150.0, 'line_total': 150.0, 'discounts': 0.0}], 'subtotal': 150.0, 'total_discount': 0.0, 'total': 150.0, 'currency': 'USD', 'total_input_tokens': 0, 'total_output_tokens': 0, 'total_llm_calls': 0}
2026-08-18 20:57:20,685 - INFO - Request for search_products successfully processed, query: looking for headphone with noise cancelling, result: query='looking for headphone with noise cancelling' results=[ProductSearchResultItem(sku='b2926dc2-cc6d-4c3e-ae40-7a127c173b16', name='Airpod', description='Noise cancelling headphone Airpod', price=150.0, score=1.875)] total_input_tokens=0 total_output_tokens=0 total_llm_calls=0
2026-08-18 20:57:21,276 - INFO - Request for search_products, query: looking for headphone with noise cancelling
2026-08-18 20:57:21,287 - INFO - Calling inventory_service for stock check, skus: ['b2926dc2-cc6d-4c3e-ae40-7a127c173b16']
2026-08-18 20:57:21,300 - INFO - HTTP Request: GET http://localhost:8001/stock?skus=b2926dc2-cc6d-4c3e-ae40-7a127c173b16 "HTTP/1.1 200 OK"
2026-08-18 20:57:21,302 - INFO - Called inventory_service, response: {'stocks': {'b2926dc2-cc6d-4c3e-ae40-7a127c173b16': 2}, 'total_input_tokens': 0, 'total_output_tokens': 0, 'total_llm_calls': 0}
2026-08-18 20:57:21,303 - INFO - Calling pricing_service, req: {'items': [{'product_id': 'b2926dc2-cc6d-4c3e-ae40-7a127c173b16', 'qty': 1}], 'promo_codes': []}
2026-08-18 20:57:21,314 - INFO - HTTP Request: POST http://localhost:8002/price "HTTP/1.1 200 OK"
2026-08-18 20:57:21,316 - INFO - Called pricing_service, req: {'items': [{'product_id': 'b2926dc2-cc6d-4c3e-ae40-7a127c173b16', 'qty': 1}], 'promo_codes': []}, response: {'items': [{'product_id': 'b2926dc2-cc6d-4c3e-ae40-7a127c173b16', 'qty': 1, 'unit_price': 150.0, 'line_total': 150.0, 'discounts': 0.0}], 'subtotal': 150.0, 'total_discount': 0.0, 'total': 150.0, 'currency': 'USD', 'total_input_tokens': 0, 'total_output_tokens': 0, 'total_llm_calls': 0}
2026-08-18 20:57:21,317 - INFO - Request for search_products successfully processed, query: looking for headphone with noise cancelling, result: query='looking for headphone with noise cancelling' results=[ProductSearchResultItem(sku='b2926dc2-cc6d-4c3e-ae40-7a127c173b16', name='Airpod', description='Noise cancelling headphone Airpod', price=150.0, score=1.875)] total_input_tokens=0 total_output_tokens=0 total_llm_calls=0
2026-08-18 20:57:21,897 - INFO - Request for search_products, query: looking for headphone with noise cancelling
2026-08-18 20:57:21,909 - INFO - Calling inventory_service for stock check, skus: ['b2926dc2-cc6d-4c3e-ae40-7a127c173b16']
2026-08-18 20:57:21,929 - INFO - HTTP Request: GET http://localhost:8001/stock?skus=b2926dc2-cc6d-4c3e-ae40-7a127c173b16 "HTTP/1.1 200 OK"
2026-08-18 20:57:21,933 - INFO - Called inventory_service, response: {'stocks': {'b2926dc2-cc6d-4c3e-ae40-7a127c173b16': 0}, 'total_input_tokens': 0, 'total_output_tokens': 0, 'total_llm_calls': 0}
2026-08-18 20:57:21,934 - INFO - Calling pricing_service, req: {'items': [], 'promo_codes': []}
2026-08-18 20:57:21,954 - INFO - HTTP Request: POST http://localhost:8002/price "HTTP/1.1 200 OK"
2026-08-18 20:57:21,959 - INFO - Called pricing_service, req: {'items': [], 'promo_codes': []}, response: {'items': [], 'subtotal': 0.0, 'total_discount': 0.0, 'total': 0.0, 'currency': 'USD', 'total_input_tokens': 0, 'total_output_tokens': 0, 'total_llm_calls': 0}
2026-08-18 20:57:21,959 - INFO - Request for search_products successfully processed, query: looking for headphone with noise cancelling, result: query='looking for headphone with noise cancelling' results=[] total_input_tokens=0 total_output_tokens=0 total_llm_calls=0
2026-08-18 20:57:22,002 - INFO - Request for search_products, query: looking for headphone with noise cancelling
2026-08-18 20:57:22,006 - INFO - Calling inventory_service for stock check, skus: ['b2926dc2-cc6d-4c3e-ae40-7a127c173b16']
2026-08-18 20:57:22,013 - INFO - HTTP Request: GET http://localhost:8001/stock?skus=b2926dc2-cc6d-4c3e-ae40-7a127c173b16 "HTTP/1.1 200 OK"
2026-08-18 20:57:22,014 - INFO - Called inventory_service, response: {'stocks': {'b2926dc2-cc6d-4c3e-ae40-7a127c173b16': 0}, 'total_input_tokens': 0, 'total_output_tokens': 0, 'total_llm_calls': 0}
2026-08-18 20:57:22,014 - INFO - Calling pricing_service, req: {'items': [], 'promo_codes': []}
2026-08-18 20:57:22,019 - INFO - HTTP Request: POST http://localhost:8002/price "HTTP/1.1 200 OK"
2026-08-18 20:57:22,020 - INFO - Called pricing_service, req: {'items': [], 'promo_codes': []}, response: {'items': [], 'subtotal': 0.0, 'total_discount': 0.0, 'total': 0.0, 'currency': 'USD', 'total_input_tokens': 0, 'total_output_tokens': 0, 'total_llm_calls': 0}
2026-08-18 20:57:22,020 - INFO - Request for search_products successfully processed, query: looking for headphone with noise cancelling, result: query='looking for headphone with noise cancelling' results=[] total_input_tokens=0 total_output_tokens=0 total_llm_calls=0
2026-08-18 20:57:22,052 - INFO - Request for search_products, query: looking for headphone with noise cancelling
2026-08-18 20:57:22,053 - INFO - Calling inventory_service for stock check, skus: ['b2926dc2-cc6d-4c3e-ae40-7a127c173b16']
2026-08-18 20:57:22,061 - INFO - HTTP Request: GET http://localhost:8001/stock?skus=b2926dc2-cc6d-4c3e-ae40-7a127c173b16 "HTTP/1.1 200 OK"
2026-08-18 20:57:22,063 - INFO - Called inventory_service, response: {'stocks': {'b2926dc2-cc6d-4c3e-ae40-7a127c173b16': 0}, 'total_input_tokens': 0, 'total_output_tokens': 0, 'total_llm_calls': 0}
2026-08-18 20:57:22,065 - INFO - Calling pricing_service, req: {'items': [], 'promo_codes': []}
2026-08-18 20:57:22,070 - INFO - HTTP Request: POST http://localhost:8002/price "HTTP/1.1 200 OK"
2026-08-18 20:57:22,072 - INFO - Called pricing_service, req: {'items': [], 'promo_codes': []}, response: {'items': [], 'subtotal': 0.0, 'total_discount': 0.0, 'total': 0.0, 'currency': 'USD', 'total_input_tokens': 0, 'total_output_tokens': 0, 'total_llm_calls': 0}
2026-08-18 20:57:22,073 - INFO - Request for search_products successfully processed, query: looking for headphone with noise cancelling, result: query='looking for headphone with noise cancelling' results=[] total_input_tokens=0 total_output_tokens=0 total_llm_calls=0
2026-08-18 20:57:22,101 - INFO - Request for search_products, query: looking for headphone with noise cancelling
2026-08-18 20:57:22,102 - INFO - Calling inventory_service for stock check, skus: ['b2926dc2-cc6d-4c3e-ae40-7a127c173b16']
2026-08-18 20:57:22,107 - INFO - HTTP Request: GET http://localhost:8001/stock?skus=b2926dc2-cc6d-4c3e-ae40-7a127c173b16 "HTTP/1.1 200 OK"
2026-08-18 20:57:22,107 - INFO - Called inventory_service, response: {'stocks': {'b2926dc2-cc6d-4c3e-ae40-7a127c173b16': 0}, 'total_input_tokens': 0, 'total_output_tokens': 0, 'total_llm_calls': 0}
2026-08-18 20:57:22,107 - INFO - Calling pricing_service, req: {'items': [], 'promo_codes': []}
2026-08-18 20:57:22,113 - INFO - HTTP Request: POST http://localhost:8002/price "HTTP/1.1 200 OK"
2026-08-18 20:57:22,113 - INFO - Called pricing_service, req: {'items': [], 'promo_codes': []}, response: {'items': [], 'subtotal': 0.0, 'total_discount': 0.0, 'total': 0.0, 'currency': 'USD', 'total_input_tokens': 0, 'total_output_tokens': 0, 'total_llm_calls': 0}
2026-08-18 20:57:22,114 - INFO - Request for search_products successfully processed, query: looking for headphone with noise cancelling, result: query='looking for headphone with noise cancelling' results=[] total_input_tokens=0 total_output_tokens=0 total_llm_calls=0
2026-08-18 20:57:22,142 - INFO - Request for search_products, query: looking for headphone with noise cancelling
2026-08-18 20:57:22,144 - INFO - Calling inventory_service for stock check, skus: ['b2926dc2-cc6d-4c3e-ae40-7a127c173b16']
2026-08-18 20:57:22,155 - INFO - HTTP Request: GET http://localhost:8001/stock?skus=b2926dc2-cc6d-4c3e-ae40-7a127c173b16 "HTTP/1.1 200 OK"
2026-08-18 20:57:22,159 - INFO - Called inventory_service, response: {'stocks': {'b2926dc2-cc6d-4c3e-ae40-7a127c173b16': 0}, 'total_input_tokens': 0, 'total_output_tokens': 0, 'total_llm_calls': 0}
2026-08-18 20:57:22,160 - INFO - Calling pricing_service, req: {'items': [], 'promo_codes': []}
2026-08-18 20:57:22,166 - INFO - HTTP Request: POST http://localhost:8002/price "HTTP/1.1 200 OK"
2026-08-18 20:57:22,167 - INFO - Called pricing_service, req: {'items': [], 'promo_codes': []}, response: {'items': [], 'subtotal': 0.0, 'total_discount': 0.0, 'total': 0.0, 'currency': 'USD', 'total_input_tokens': 0, 'total_output_tokens': 0, 'total_llm_calls': 0}
2026-08-18 20:57:22,168 - INFO - Request for search_products successfully processed, query: looking for headphone with noise cancelling, result: query='looking for headphone with noise cancelling' results=[] total_input_tokens=0 total_output_tokens=0 total_llm_calls=0
2026-08-18 20:58:14,169 - INFO - Request for search_products, query: looking for headphone with noise cancelling
2026-08-18 20:58:14,169 - INFO - Request for search_products, query: looking for headphone with noise cancelling
2026-08-18 20:58:14,172 - INFO - Request for search_products, query: looking for headphone with noise cancelling
2026-08-18 20:58:14,175 - INFO - Request for search_products, query: looking for headphone with noise cancelling
2026-08-18 20:58:14,178 - INFO - Request for search_products, query: looking for headphone with noise cancelling
2026-08-18 20:58:14,180 - INFO - Calling inventory_service for stock check, skus: ['b2926dc2-cc6d-4c3e-ae40-7a127c173b16']
2026-08-18 20:58:14,182 - INFO - Calling inventory_service for stock check, skus: ['b2926dc2-cc6d-4c3e-ae40-7a127c173b16']
2026-08-18 20:58:14,183 - INFO - Calling inventory_service for stock check, skus: ['b2926dc2-cc6d-4c3e-ae40-7a127c173b16']
2026-08-18 20:58:14,185 - INFO - Request for search_products, query: looking for headphone with noise cancelling
2026-08-18 20:58:14,187 - INFO - Request for search_products, query: looking for headphone with noise cancelling
2026-08-18 20:58:14,189 - INFO - Request for search_products, query: looking for headphone with noise cancelling
2026-08-18 20:58:14,190 - INFO - Calling inventory_service for stock check, skus: ['b2926dc2-cc6d-4c3e-ae40-7a127c173b16']
2026-08-18 20:58:14,192 - INFO - Request for search_products, query: looking for headphone with noise cancelling
2026-08-18 20:58:14,193 - INFO - Calling inventory_service for stock check, skus: ['b2926dc2-cc6d-4c3e-ae40-7a127c173b16']
2026-08-18 20:58:14,194 - INFO - Request for search_products, query: looking for headphone with noise cancelling
2026-08-18 20:58:14,195 - INFO - Calling inventory_service for stock check, skus: ['b2926dc2-cc6d-4c3e-ae40-7a127c173b16']
2026-08-18 20:58:14,196 - INFO - Calling inventory_service for stock check, skus: ['b2926dc2-cc6d-4c3e-ae40-7a127c173b16']
2026-08-18 20:58:14,197 - INFO - Calling inventory_service for stock check, skus: ['b2926dc2-cc6d-4c3e-ae40-7a127c173b16']
2026-08-18 20:58:14,200 - INFO - Calling inventory_service for stock check, skus: ['b2926dc2-cc6d-4c3e-ae40-7a127c173b16']
2026-08-18 20:58:14,203 - INFO - Calling inventory_service for stock check, skus: ['b2926dc2-cc6d-4c3e-ae40-7a127c173b16']
2026-08-18 20:58:14,210 - INFO - HTTP Request: GET http://localhost:8001/stock?skus=b2926dc2-cc6d-4c3e-ae40-7a127c173b16 "HTTP/1.1 200 OK"
2026-08-18 20:58:14,213 - INFO - Called inventory_service, response: {'stocks': {'b2926dc2-cc6d-4c3e-ae40-7a127c173b16': 10}, 'total_input_tokens': 0, 'total_output_tokens': 0, 'total_llm_calls': 0}
2026-08-18 20:58:14,213 - INFO - Calling pricing_service, req: {'items': [{'product_id': 'b2926dc2-cc6d-4c3e-ae40-7a127c173b16', 'qty': 1}], 'promo_codes': []}
2026-08-18 20:58:14,216 - INFO - HTTP Request: GET http://localhost:8001/stock?skus=b2926dc2-cc6d-4c3e-ae40-7a127c173b16 "HTTP/1.1 200 OK"
2026-08-18 20:58:14,218 - INFO - Called inventory_service, response: {'stocks': {'b2926dc2-cc6d-4c3e-ae40-7a127c173b16': 10}, 'total_input_tokens': 0, 'total_output_tokens': 0, 'total_llm_calls': 0}
2026-08-18 20:58:14,219 - INFO - Calling pricing_service, req: {'items': [{'product_id': 'b2926dc2-cc6d-4c3e-ae40-7a127c173b16', 'qty': 1}], 'promo_codes': []}
2026-08-18 20:58:14,220 - INFO - HTTP Request: GET http://localhost:8001/stock?skus=b2926dc2-cc6d-4c3e-ae40-7a127c173b16 "HTTP/1.1 200 OK"
2026-08-18 20:58:14,222 - INFO - HTTP Request: GET http://localhost:8001/stock?skus=b2926dc2-cc6d-4c3e-ae40-7a127c173b16 "HTTP/1.1 200 OK"
2026-08-18 20:58:14,224 - INFO - Called inventory_service, response: {'stocks': {'b2926dc2-cc6d-4c3e-ae40-7a127c173b16': 10}, 'total_input_tokens': 0, 'total_output_tokens': 0, 'total_llm_calls': 0}
2026-08-18 20:58:14,224 - INFO - Calling pricing_service, req: {'items': [{'product_id': 'b2926dc2-cc6d-4c3e-ae40-7a127c173b16', 'qty': 1}], 'promo_codes': []}
2026-08-18 20:58:14,226 - INFO - Called inventory_service, response: {'stocks': {'b2926dc2-cc6d-4c3e-ae40-7a127c173b16': 10}, 'total_input_tokens': 0, 'total_output_tokens': 0, 'total_llm_calls': 0}
2026-08-18 20:58:14,226 - INFO - Calling pricing_service, req: {'items': [{'product_id': 'b2926dc2-cc6d-4c3e-ae40-7a127c173b16', 'qty': 1}], 'promo_codes': []}
2026-08-18 20:58:14,227 - INFO - HTTP Request: GET http://localhost:8001/stock?skus=b2926dc2-cc6d-4c3e-ae40-7a127c173b16 "HTTP/1.1 200 OK"
2026-08-18 20:58:14,228 - INFO - HTTP Request: GET http://localhost:8001/stock?skus=b2926dc2-cc6d-4c3e-ae40-7a127c173b16 "HTTP/1.1 200 OK"
2026-08-18 20:58:14,229 - INFO - HTTP Request: GET http://localhost:8001/stock?skus=b2926dc2-cc6d-4c3e-ae40-7a127c173b16 "HTTP/1.1 200 OK"
2026-08-18 20:58:14,230 - INFO - Called inventory_service, response: {'stocks': {'b2926dc2-cc6d-4c3e-ae40-7a127c173b16': 10}, 'total_input_tokens': 0, 'total_output_tokens': 0, 'total_llm_calls': 0}
2026-08-18 20:58:14,230 - INFO - Calling pricing_service, req: {'items': [{'product_id': 'b2926dc2-cc6d-4c3e-ae40-7a127c173b16', 'qty': 1}], 'promo_codes': []}
2026-08-18 20:58:14,232 - INFO - Called inventory_service, response: {'stocks': {'b2926dc2-cc6d-4c3e-ae40-7a127c173b16': 10}, 'total_input_tokens': 0, 'total_output_tokens': 0, 'total_llm_calls': 0}
2026-08-18 20:58:14,232 - INFO - Calling pricing_service, req: {'items': [{'product_id': 'b2926dc2-cc6d-4c3e-ae40-7a127c173b16', 'qty': 1}], 'promo_codes': []}
2026-08-18 20:58:14,233 - INFO - Called inventory_service, response: {'stocks': {'b2926dc2-cc6d-4c3e-ae40-7a127c173b16': 10}, 'total_input_tokens': 0, 'total_output_tokens': 0, 'total_llm_calls': 0}
2026-08-18 20:58:14,233 - INFO - Calling pricing_service, req: {'items': [{'product_id': 'b2926dc2-cc6d-4c3e-ae40-7a127c173b16', 'qty': 1}], 'promo_codes': []}
2026-08-18 20:58:14,234 - INFO - HTTP Request: GET http://localhost:8001/stock?skus=b2926dc2-cc6d-4c3e-ae40-7a127c173b16 "HTTP/1.1 200 OK"
2026-08-18 20:58:14,236 - INFO - Called inventory_service, response: {'stocks': {'b2926dc2-cc6d-4c3e-ae40-7a127c173b16': 10}, 'total_input_tokens': 0, 'total_output_tokens': 0, 'total_llm_calls': 0}
2026-08-18 20:58:14,236 - INFO - Calling pricing_service, req: {'items': [{'product_id': 'b2926dc2-cc6d-4c3e-ae40-7a127c173b16', 'qty': 1}], 'promo_codes': []}
2026-08-18 20:58:14,237 - INFO - HTTP Request: GET http://localhost:8001/stock?skus=b2926dc2-cc6d-4c3e-ae40-7a127c173b16 "HTTP/1.1 200 OK"
2026-08-18 20:58:14,240 - INFO - Called inventory_service, response: {'stocks': {'b2926dc2-cc6d-4c3e-ae40-7a127c173b16': 10}, 'total_input_tokens': 0, 'total_output_tokens': 0, 'total_llm_calls': 0}
2026-08-18 20:58:14,241 - INFO - Calling pricing_service, req: {'items': [{'product_id': 'b2926dc2-cc6d-4c3e-ae40-7a127c173b16', 'qty': 1}], 'promo_codes': []}
2026-08-18 20:58:14,244 - INFO - HTTP Request: GET http://localhost:8001/stock?skus=b2926dc2-cc6d-4c3e-ae40-7a127c173b16 "HTTP/1.1 200 OK"
2026-08-18 20:58:14,245 - INFO - Called inventory_service, response: {'stocks': {'b2926dc2-cc6d-4c3e-ae40-7a127c173b16': 10}, 'total_input_tokens': 0, 'total_output_tokens': 0, 'total_llm_calls': 0}
2026-08-18 20:58:14,246 - INFO - Calling pricing_service, req: {'items': [{'product_id': 'b2926dc2-cc6d-4c3e-ae40-7a127c173b16', 'qty': 1}], 'promo_codes': []}
2026-08-18 20:58:14,268 - INFO - HTTP Request: POST http://localhost:8002/price "HTTP/1.1 200 OK"
2026-08-18 20:58:14,269 - INFO - Called pricing_service, req: {'items': [{'product_id': 'b2926dc2-cc6d-4c3e-ae40-7a127c173b16', 'qty': 1}], 'promo_codes': []}, response: {'items': [{'product_id': 'b2926dc2-cc6d-4c3e-ae40-7a127c173b16', 'qty': 1, 'unit_price': 150.0, 'line_total': 150.0, 'discounts': 0.0}], 'subtotal': 150.0, 'total_discount': 0.0, 'total': 150.0, 'currency': 'USD', 'total_input_tokens': 0, 'total_output_tokens': 0, 'total_llm_calls': 0}
2026-08-18 20:58:14,269 - INFO - Request for search_products successfully processed, query: looking for headphone with noise cancelling, result: query='looking for headphone with noise cancelling' results=[ProductSearchResultItem(sku='b2926dc2-cc6d-4c3e-ae40-7a127c173b16', name='Airpod', description='Noise cancelling headphone Airpod', price=150.0, score=1.875)] total_input_tokens=0 total_output_tokens=0 total_llm_calls=0
2026-08-18 20:58:14,270 - INFO - HTTP Request: POST http://localhost:8002/price "HTTP/1.1 200 OK"
2026-08-18 20:58:14,272 - INFO - Called pricing_service, req: {'items': [{'product_id': 'b2926dc2-cc6d-4c3e-ae40-7a127c173b16', 'qty': 1}], 'promo_codes': []}, response: {'items': [{'product_id': 'b2926dc2-cc6d-4c3e-ae40-7a127c173b16', 'qty': 1, 'unit_price': 150.0, 'line_total': 150.0, 'discounts': 0.0}], 'subtotal': 150.0, 'total_discount': 0.0, 'total': 150.0, 'currency': 'USD', 'total_input_tokens': 0, 'total_output_tokens': 0, 'total_llm_calls': 0}
2026-08-18 20:58:14,272 - INFO - Request for search_products successfully processed, query: looking for headphone with noise cancelling, result: query='looking for headphone with noise cancelling' results=[ProductSearchResultItem(sku='b2926dc2-cc6d-4c3e-ae40-7a127c173b16', name='Airpod', description='Noise cancelling headphone Airpod', price=150.0, score=1.875)] total_input_tokens=0 total_output_tokens=0 total_llm_calls=0
2026-08-18 20:58:14,274 - INFO - HTTP Request: POST http://localhost:8002/price "HTTP/1.1 200 OK"
2026-08-18 20:58:14,276 - INFO - Called pricing_service, req: {'items': [{'product_id': 'b2926dc2-cc6d-4c3e-ae40-7a127c173b16', 'qty': 1}], 'promo_codes': []}, response: {'items': [{'product_id': 'b2926dc2-cc6d-4c3e-ae40-7a127c173b16', 'qty': 1, 'unit_price': 150.0, 'line_total': 150.0, 'discounts': 0.0}], 'subtotal': 150.0, 'total_discount': 0.0, 'total': 150.0, 'currency': 'USD', 'total_input_tokens': 0, 'total_output_tokens': 0, 'total_llm_calls': 0}
2026-08-18 20:58:14,276 - INFO - Request for search_products successfully processed, query: looking for headphone with noise cancelling, result: query='looking for headphone with noise cancelling' results=[ProductSearchResultItem(sku='b2926dc2-cc6d-4c3e-ae40-7a127c173b16', name='Airpod', description='Noise cancelling headphone Airpod', price=150.0, score=1.875)] total_input_tokens=0 total_output_tokens=0 total_llm_calls=0
2026-08-18 20:58:14,277 - INFO - HTTP Request: POST http://localhost:8002/price "HTTP/1.1 200 OK"
2026-08-18 20:58:14,278 - INFO - HTTP Request: POST http://localhost:8002/price "HTTP/1.1 200 OK"
2026-08-18 20:58:14,279 - INFO - HTTP Request: POST http://localhost:8002/price "HTTP/1.1 200 OK"
2026-08-18 20:58:14,282 - INFO - Called pricing_service, req: {'items': [{'product_id': 'b2926dc2-cc6d-4c3e-ae40-7a127c173b16', 'qty': 1}], 'promo_codes': []}, response: {'items': [{'product_id': 'b2926dc2-cc6d-4c3e-ae40-7a127c173b16', 'qty': 1, 'unit_price': 150.0, 'line_total': 150.0, 'discounts': 0.0}], 'subtotal': 150.0, 'total_discount': 0.0, 'total': 150.0, 'currency': 'USD', 'total_input_tokens': 0, 'total_output_tokens': 0, 'total_llm_calls': 0}
2026-08-18 20:58:14,284 - INFO - Request for search_products successfully processed, query: looking for headphone with noise cancelling, result: query='looking for headphone with noise cancelling' results=[ProductSearchResultItem(sku='b2926dc2-cc6d-4c3e-ae40-7a127c173b16', name='Airpod', description='Noise cancelling headphone Airpod', price=150.0, score=1.875)] total_input_tokens=0 total_output_tokens=0 total_llm_calls=0
2026-08-18 20:58:14,285 - INFO - Called pricing_service, req: {'items': [{'product_id': 'b2926dc2-cc6d-4c3e-ae40-7a127c173b16', 'qty': 1}], 'promo_codes': []}, response: {'items': [{'product_id': 'b2926dc2-cc6d-4c3e-ae40-7a127c173b16', 'qty': 1, 'unit_price': 150.0, 'line_total': 150.0, 'discounts': 0.0}], 'subtotal': 150.0, 'total_discount': 0.0, 'total': 150.0, 'currency': 'USD', 'total_input_tokens': 0, 'total_output_tokens': 0, 'total_llm_calls': 0}
2026-08-18 20:58:14,285 - INFO - Request for search_products successfully processed, query: looking for headphone with noise cancelling, result: query='looking for headphone with noise cancelling' results=[ProductSearchResultItem(sku='b2926dc2-cc6d-4c3e-ae40-7a127c173b16', name='Airpod', description='Noise cancelling headphone Airpod', price=150.0, score=1.875)] total_input_tokens=0 total_output_tokens=0 total_llm_calls=0
2026-08-18 20:58:14,287 - INFO - Called pricing_service, req: {'items': [{'product_id': 'b2926dc2-cc6d-4c3e-ae40-7a127c173b16', 'qty': 1}], 'promo_codes': []}, response: {'items': [{'product_id': 'b2926dc2-cc6d-4c3e-ae40-7a127c173b16', 'qty': 1, 'unit_price': 150.0, 'line_total': 150.0, 'discounts': 0.0}], 'subtotal': 150.0, 'total_discount': 0.0, 'total': 150.0, 'currency': 'USD', 'total_input_tokens': 0, 'total_output_tokens': 0, 'total_llm_calls': 0}
2026-08-18 20:58:14,287 - INFO - Request for search_products successfully processed, query: looking for headphone with noise cancelling, result: query='looking for headphone with noise cancelling' results=[ProductSearchResultItem(sku='b2926dc2-cc6d-4c3e-ae40-7a127c173b16', name='Airpod', description='Noise cancelling headphone Airpod', price=150.0, score=1.875)] total_input_tokens=0 total_output_tokens=0 total_llm_calls=0
2026-08-18 20:58:14,288 - INFO - HTTP Request: POST http://localhost:8002/price "HTTP/1.1 200 OK"
2026-08-18 20:58:14,290 - INFO - HTTP Request: POST http://localhost:8002/price "HTTP/1.1 200 OK"
2026-08-18 20:58:14,291 - INFO - HTTP Request: POST http://localhost:8002/price "HTTP/1.1 200 OK"
2026-08-18 20:58:14,293 - INFO - HTTP Request: POST http://localhost:8002/price "HTTP/1.1 200 OK"
2026-08-18 20:58:14,295 - INFO - Called pricing_service, req: {'items': [{'product_id': 'b2926dc2-cc6d-4c3e-ae40-7a127c173b16', 'qty': 1}], 'promo_codes': []}, response: {'items': [{'product_id': 'b2926dc2-cc6d-4c3e-ae40-7a127c173b16', 'qty': 1, 'unit_price': 150.0, 'line_total': 150.0, 'discounts': 0.0}], 'subtotal': 150.0, 'total_discount': 0.0, 'total': 150.0, 'currency': 'USD', 'total_input_tokens': 0, 'total_output_tokens': 0, 'total_llm_calls': 0}
2026-08-18 20:58:14,296 - INFO - Request for search_products successfully processed, query: looking for headphone with noise cancelling, result: query='looking for headphone with noise cancelling' results=[ProductSearchResultItem(sku='b2926dc2-cc6d-4c3e-ae40-7a127c173b16', name='Airpod', description='Noise cancelling headphone Airpod', price=150.0, score=1.875)] total_input_tokens=0 total_output_tokens=0 total_llm_calls=0
2026-08-18 20:58:14,298 - INFO - Called pricing_service, req: {'items': [{'product_id': 'b2926dc2-cc6d-4c3e-ae40-7a127c173b16', 'qty': 1}], 'promo_codes': []}, response: {'items': [{'product_id': 'b2926dc2-cc6d-4c3e-ae40-7a127c173b16', 'qty': 1, 'unit_price': 150.0, 'line_total': 150.0, 'discounts': 0.0}], 'subtotal': 150.0, 'total_discount': 0.0, 'total': 150.0, 'currency': 'USD', 'total_input_tokens': 0, 'total_output_tokens': 0, 'total_llm_calls': 0}
2026-08-18 20:58:14,298 - INFO - Request for search_products successfully processed, query: looking for headphone with noise cancelling, result: query='looking for headphone with noise cancelling' results=[ProductSearchResultItem(sku='b2926dc2-cc6d-4c3e-ae40-7a127c173b16', name='Airpod', description='Noise cancelling headphone Airpod', price=150.0, score=1.875)] total_input_tokens=0 total_output_tokens=0 total_llm_calls=0
2026-08-18 20:58:14,300 - INFO - Called pricing_service, req: {'items': [{'product_id': 'b2926dc2-cc6d-4c3e-ae40-7a127c173b16', 'qty': 1}], 'promo_codes': []}, response: {'items': [{'product_id': 'b2926dc2-cc6d-4c3e-ae40-7a127c173b16', 'qty': 1, 'unit_price': 150.0, 'line_total': 150.0, 'discounts': 0.0}], 'subtotal': 150.0, 'total_discount': 0.0, 'total': 150.0, 'currency': 'USD', 'total_input_tokens': 0, 'total_output_tokens': 0, 'total_llm_calls': 0}
2026-08-18 20:58:14,300 - INFO - Request for search_products successfully processed, query: looking for headphone with noise cancelling, result: query='looking for headphone with noise cancelling' results=[ProductSearchResultItem(sku='b2926dc2-cc6d-4c3e-ae40-7a127c173b16', name='Airpod', description='Noise cancelling headphone Airpod', price=150.0, score=1.875)] total_input_tokens=0 total_output_tokens=0 total_llm_calls=0
2026-08-18 20:58:14,303 - INFO - Called pricing_service, req: {'items': [{'product_id': 'b2926dc2-cc6d-4c3e-ae40-7a127c173b16', 'qty': 1}], 'promo_codes': []}, response: {'items': [{'product_id': 'b2926dc2-cc6d-4c3e-ae40-7a127c173b16', 'qty': 1, 'unit_price': 150.0, 'line_total': 150.0, 'discounts': 0.0}], 'subtotal': 150.0, 'total_discount': 0.0, 'total': 150.0, 'currency': 'USD', 'total_input_tokens': 0, 'total_output_tokens': 0, 'total_llm_calls': 0}
2026-08-18 20:58:14,303 - INFO - Request for search_products successfully processed, query: looking for headphone with noise cancelling, result: query='looking for headphone with noise cancelling' results=[ProductSearchResultItem(sku='b2926dc2-cc6d-4c3e-ae40-7a127c173b16', name='Airpod', description='Noise cancelling headphone Airpod', price=150.0, score=1.875)] total_input_tokens=0 total_output_tokens=0 total_llm_calls=0
2026-08-18 20:58:14,996 - INFO - Request for search_products, query: looking for headphone with noise cancelling
2026-08-18 20:58:15,011 - INFO - Calling inventory_service for stock check, skus: ['b2926dc2-cc6d-4c3e-ae40-7a127c173b16']
2026-08-18 20:58:15,035 - INFO - HTTP Request: GET http://localhost:8001/stock?skus=b2926dc2-cc6d-4c3e-ae40-7a127c173b16 "HTTP/1.1 200 OK"
2026-08-18 20:58:15,043 - INFO - Called inventory_service, response: {'stocks': {'b2926dc2-cc6d-4c3e-ae40-7a127c173b16': 8}, 'total_input_tokens': 0, 'total_output_tokens': 0, 'total_llm_calls': 0}
2026-08-18 20:58:15,045 - INFO - Calling pricing_service, req: {'items': [{'product_id': 'b2926dc2-cc6d-4c3e-ae40-7a127c173b16', 'qty': 1}], 'promo_codes': []}
2026-08-18 20:58:15,075 - INFO - HTTP Request: POST http://localhost:8002/price "HTTP/1.1 200 OK"
2026-08-18 20:58:15,078 - INFO - Called pricing_service, req: {'items': [{'product_id': 'b2926dc2-cc6d-4c3e-ae40-7a127c173b16', 'qty': 1}], 'promo_codes': []}, response: {'items': [{'product_id': 'b2926dc2-cc6d-4c3e-ae40-7a127c173b16', 'qty': 1, 'unit_price': 150.0, 'line_total': 150.0, 'discounts': 0.0}], 'subtotal': 150.0, 'total_discount': 0.0, 'total': 150.0, 'currency': 'USD', 'total_input_tokens': 0, 'total_output_tokens': 0, 'total_llm_calls': 0}
2026-08-18 20:58:15,079 - INFO - Request for search_products successfully processed, query: looking for headphone with noise cancelling, result: query='looking for headphone with noise cancelling' results=[ProductSearchResultItem(sku='b2926dc2-cc6d-4c3e-ae40-7a127c173b16', name='Airpod', description='Noise cancelling headphone Airpod', price=150.0, score=1.875)] total_input_tokens=0 total_output_tokens=0 total_llm_calls=0
2026-08-18 20:58:17,272 - INFO - Request for search_products, query: looking for headphone with noise cancelling
2026-08-18 20:58:17,274 - INFO - Request for search_products, query: looking for headphone with noise cancelling
2026-08-18 20:58:17,276 - INFO - Calling inventory_service for stock check, skus: ['b2926dc2-cc6d-4c3e-ae40-7a127c173b16']
2026-08-18 20:58:17,282 - INFO - Request for search_products, query: looking for headphone with noise cancelling
2026-08-18 20:58:17,288 - INFO - Request for search_products, query: looking for headphone with noise cancelling
2026-08-18 20:58:17,290 - INFO - Request for search_products, query: looking for headphone with noise cancelling
2026-08-18 20:58:17,292 - INFO - Calling inventory_service for stock check, skus: ['b2926dc2-cc6d-4c3e-ae40-7a127c173b16']
2026-08-18 20:58:17,296 - INFO - HTTP Request: GET http://localhost:8001/stock?skus=b2926dc2-cc6d-4c3e-ae40-7a127c173b16 "HTTP/1.1 200 OK"
2026-08-18 20:58:17,300 - INFO - Called inventory_service, response: {'stocks': {'b2926dc2-cc6d-4c3e-ae40-7a127c173b16': 0}, 'total_input_tokens': 0, 'total_output_tokens': 0, 'total_llm_calls': 0}
2026-08-18 20:58:17,300 - INFO - Calling pricing_service, req: {'items': [], 'promo_codes': []}
2026-08-18 20:58:17,304 - INFO - Request for search_products, query: looking for headphone with noise cancelling
2026-08-18 20:58:17,306 - INFO - Request for search_products, query: looking for headphone with noise cancelling
2026-08-18 20:58:17,309 - INFO - Request for search_products, query: looking for headphone with noise cancelling
2026-08-18 20:58:17,310 - INFO - Calling inventory_service for stock check, skus: ['b2926dc2-cc6d-4c3e-ae40-7a127c173b16']
2026-08-18 20:58:17,312 - INFO - Calling inventory_service for stock check, skus: ['b2926dc2-cc6d-4c3e-ae40-7a127c173b16']
2026-08-18 20:58:17,313 - INFO - Calling inventory_service for stock check, skus: ['b2926dc2-cc6d-4c3e-ae40-7a127c173b16']
2026-08-18 20:58:17,317 - INFO - Request for search_products, query: looking for headphone with noise cancelling
2026-08-18 20:58:17,319 - INFO - HTTP Request: GET http://localhost:8001/stock?skus=b2926dc2-cc6d-4c3e-ae40-7a127c173b16 "HTTP/1.1 200 OK"
2026-08-18 20:58:17,322 - INFO - Calling inventory_service for stock check, skus: ['b2926dc2-cc6d-4c3e-ae40-7a127c173b16']
2026-08-18 20:58:17,325 - INFO - Called inventory_service, response: {'stocks': {'b2926dc2-cc6d-4c3e-ae40-7a127c173b16': 0}, 'total_input_tokens': 0, 'total_output_tokens': 0, 'total_llm_calls': 0}
2026-08-18 20:58:17,325 - INFO - Calling pricing_service, req: {'items': [], 'promo_codes': []}
2026-08-18 20:58:17,327 - INFO - Calling inventory_service for stock check, skus: ['b2926dc2-cc6d-4c3e-ae40-7a127c173b16']
2026-08-18 20:58:17,329 - INFO - HTTP Request: POST http://localhost:8002/price "HTTP/1.1 200 OK"
2026-08-18 20:58:17,330 - INFO - Calling inventory_service for stock check, skus: ['b2926dc2-cc6d-4c3e-ae40-7a127c173b16']
2026-08-18 20:58:17,334 - INFO - Called pricing_service, req: {'items': [], 'promo_codes': []}, response: {'items': [], 'subtotal': 0.0, 'total_discount': 0.0, 'total': 0.0, 'currency': 'USD', 'total_input_tokens': 0, 'total_output_tokens': 0, 'total_llm_calls': 0}
2026-08-18 20:58:17,335 - INFO - Request for search_products successfully processed, query: looking for headphone with noise cancelling, result: query='looking for headphone with noise cancelling' results=[] total_input_tokens=0 total_output_tokens=0 total_llm_calls=0
2026-08-18 20:58:17,338 - INFO - HTTP Request: GET http://localhost:8001/stock?skus=b2926dc2-cc6d-4c3e-ae40-7a127c173b16 "HTTP/1.1 200 OK"
2026-08-18 20:58:17,340 - INFO - Calling inventory_service for stock check, skus: ['b2926dc2-cc6d-4c3e-ae40-7a127c173b16']
2026-08-18 20:58:17,344 - INFO - HTTP Request: GET http://localhost:8001/stock?skus=b2926dc2-cc6d-4c3e-ae40-7a127c173b16 "HTTP/1.1 200 OK"
2026-08-18 20:58:17,345 - INFO - Called inventory_service, response: {'stocks': {'b2926dc2-cc6d-4c3e-ae40-7a127c173b16': 0}, 'total_input_tokens': 0, 'total_output_tokens': 0, 'total_llm_calls': 0}
2026-08-18 20:58:17,345 - INFO - Calling pricing_service, req: {'items': [], 'promo_codes': []}
2026-08-18 20:58:17,349 - INFO - Called inventory_service, response: {'stocks': {'b2926dc2-cc6d-4c3e-ae40-7a127c173b16': 0}, 'total_input_tokens': 0, 'total_output_tokens': 0, 'total_llm_calls': 0}
2026-08-18 20:58:17,350 - INFO - Calling pricing_service, req: {'items': [], 'promo_codes': []}
2026-08-18 20:58:17,354 - INFO - HTTP Request: GET http://localhost:8001/stock?skus=b2926dc2-cc6d-4c3e-ae40-7a127c173b16 "HTTP/1.1 200 OK"
2026-08-18 20:58:17,356 - INFO - HTTP Request: POST http://localhost:8002/price "HTTP/1.1 200 OK"
2026-08-18 20:58:17,358 - INFO - Called inventory_service, response: {'stocks': {'b2926dc2-cc6d-4c3e-ae40-7a127c173b16': 0}, 'total_input_tokens': 0, 'total_output_tokens': 0, 'total_llm_calls': 0}
2026-08-18 20:58:17,359 - INFO - Calling pricing_service, req: {'items': [], 'promo_codes': []}
2026-08-18 20:58:17,361 - INFO - Called pricing_service, req: {'items': [], 'promo_codes': []}, response: {'items': [], 'subtotal': 0.0, 'total_discount': 0.0, 'total': 0.0, 'currency': 'USD', 'total_input_tokens': 0, 'total_output_tokens': 0, 'total_llm_calls': 0}
2026-08-18 20:58:17,361 - INFO - Request for search_products successfully processed, query: looking for headphone with noise cancelling, result: query='looking for headphone with noise cancelling' results=[] total_input_tokens=0 total_output_tokens=0 total_llm_calls=0
2026-08-18 20:58:17,363 - INFO - HTTP Request: GET http://localhost:8001/stock?skus=b2926dc2-cc6d-4c3e-ae40-7a127c173b16 "HTTP/1.1 200 OK"
2026-08-18 20:58:17,372 - INFO - Called inventory_service, response: {'stocks': {'b2926dc2-cc6d-4c3e-ae40-7a127c173b16': 0}, 'total_input_tokens': 0, 'total_output_tokens': 0, 'total_llm_calls': 0}
2026-08-18 20:58:17,372 - INFO - Calling pricing_service, req: {'items': [], 'promo_codes': []}
2026-08-18 20:58:17,376 - INFO - HTTP Request: POST http://localhost:8002/price "HTTP/1.1 200 OK"
2026-08-18 20:58:17,378 - INFO - HTTP Request: GET http://localhost:8001/stock?skus=b2926dc2-cc6d-4c3e-ae40-7a127c173b16 "HTTP/1.1 200 OK"
2026-08-18 20:58:17,380 - INFO - Called pricing_service, req: {'items': [], 'promo_codes': []}, response: {'items': [], 'subtotal': 0.0, 'total_discount': 0.0, 'total': 0.0, 'currency': 'USD', 'total_input_tokens': 0, 'total_output_tokens': 0, 'total_llm_calls': 0}
2026-08-18 20:58:17,380 - INFO - Request for search_products successfully processed, query: looking for headphone with noise cancelling, result: query='looking for headphone with noise cancelling' results=[] total_input_tokens=0 total_output_tokens=0 total_llm_calls=0
2026-08-18 20:58:17,382 - INFO - Called inventory_service, response: {'stocks': {'b2926dc2-cc6d-4c3e-ae40-7a127c173b16': 0}, 'total_input_tokens': 0, 'total_output_tokens': 0, 'total_llm_calls': 0}
2026-08-18 20:58:17,383 - INFO - Calling pricing_service, req: {'items': [], 'promo_codes': []}
2026-08-18 20:58:17,384 - INFO - HTTP Request: POST http://localhost:8002/price "HTTP/1.1 200 OK"
2026-08-18 20:58:17,387 - INFO - Called pricing_service, req: {'items': [], 'promo_codes': []}, response: {'items': [], 'subtotal': 0.0, 'total_discount': 0.0, 'total': 0.0, 'currency': 'USD', 'total_input_tokens': 0, 'total_output_tokens': 0, 'total_llm_calls': 0}
2026-08-18 20:58:17,387 - INFO - Request for search_products successfully processed, query: looking for headphone with noise cancelling, result: query='looking for headphone with noise cancelling' results=[] total_input_tokens=0 total_output_tokens=0 total_llm_calls=0
2026-08-18 20:58:17,388 - INFO - HTTP Request: GET http://localhost:8001/stock?skus=b2926dc2-cc6d-4c3e-ae40-7a127c173b16 "HTTP/1.1 200 OK"
2026-08-18 20:58:17,390 - INFO - Called inventory_service, response: {'stocks': {'b2926dc2-cc6d-4c3e-ae40-7a127c173b16': 0}, 'total_input_tokens': 0, 'total_output_tokens': 0, 'total_llm_calls': 0}
2026-08-18 20:58:17,391 - INFO - Calling pricing_service, req: {'items': [], 'promo_codes': []}
2026-08-18 20:58:17,393 - INFO - HTTP Request: POST http://localhost:8002/price "HTTP/1.1 200 OK"
2026-08-18 20:58:17,395 - INFO - Called pricing_service, req: {'items': [], 'promo_codes': []}, response: {'items': [], 'subtotal': 0.0, 'total_discount': 0.0, 'total': 0.0, 'currency': 'USD', 'total_input_tokens': 0, 'total_output_tokens': 0, 'total_llm_calls': 0}
2026-08-18 20:58:17,396 - INFO - Request for search_products successfully processed, query: looking for headphone with noise cancelling, result: query='looking for headphone with noise cancelling' results=[] total_input_tokens=0 total_output_tokens=0 total_llm_calls=0
2026-08-18 20:58:17,399 - INFO - HTTP Request: GET http://localhost:8001/stock?skus=b2926dc2-cc6d-4c3e-ae40-7a127c173b16 "HTTP/1.1 200 OK"
2026-08-18 20:58:17,401 - INFO - HTTP Request: POST http://localhost:8002/price "HTTP/1.1 200 OK"
2026-08-18 20:58:17,404 - INFO - Called inventory_service, response: {'stocks': {'b2926dc2-cc6d-4c3e-ae40-7a127c173b16': 0}, 'total_input_tokens': 0, 'total_output_tokens': 0, 'total_llm_calls': 0}
2026-08-18 20:58:17,404 - INFO - Calling pricing_service, req: {'items': [], 'promo_codes': []}
2026-08-18 20:58:17,406 - INFO - Called pricing_service, req: {'items': [], 'promo_codes': []}, response: {'items': [], 'subtotal': 0.0, 'total_discount': 0.0, 'total': 0.0, 'currency': 'USD', 'total_input_tokens': 0, 'total_output_tokens': 0, 'total_llm_calls': 0}
2026-08-18 20:58:17,407 - INFO - Request for search_products successfully processed, query: looking for headphone with noise cancelling, result: query='looking for headphone with noise cancelling' results=[] total_input_tokens=0 total_output_tokens=0 total_llm_calls=0
2026-08-18 20:58:17,410 - INFO - HTTP Request: POST http://localhost:8002/price "HTTP/1.1 200 OK"
2026-08-18 20:58:17,412 - INFO - Called pricing_service, req: {'items': [], 'promo_codes': []}, response: {'items': [], 'subtotal': 0.0, 'total_discount': 0.0, 'total': 0.0, 'currency': 'USD', 'total_input_tokens': 0, 'total_output_tokens': 0, 'total_llm_calls': 0}
2026-08-18 20:58:17,413 - INFO - Request for search_products successfully processed, query: looking for headphone with noise cancelling, result: query='looking for headphone with noise cancelling' results=[] total_input_tokens=0 total_output_tokens=0 total_llm_calls=0
2026-08-18 20:58:17,417 - INFO - HTTP Request: POST http://localhost:8002/price "HTTP/1.1 200 OK"
2026-08-18 20:58:17,421 - INFO - Called pricing_service, req: {'items': [], 'promo_codes': []}, response: {'items': [], 'subtotal': 0.0, 'total_discount': 0.0, 'total': 0.0, 'currency': 'USD', 'total_input_tokens': 0, 'total_output_tokens': 0, 'total_llm_calls': 0}
2026-08-18 20:58:17,421 - INFO - Request for search_products successfully processed, query: looking for headphone with noise cancelling, result: query='looking for headphone with noise cancelling' results=[] total_input_tokens=0 total_output_tokens=0 total_llm_calls=0
2026-08-18 20:58:17,425 - INFO - HTTP Request: POST http://localhost:8002/price "HTTP/1.1 200 OK"
2026-08-18 20:58:17,427 - INFO - Called pricing_service, req: {'items': [], 'promo_codes': []}, response: {'items': [], 'subtotal': 0.0, 'total_discount': 0.0, 'total': 0.0, 'currency': 'USD', 'total_input_tokens': 0, 'total_output_tokens': 0, 'total_llm_calls': 0}
2026-08-18 20:58:17,427 - INFO - Request for search_products successfully processed, query: looking for headphone with noise cancelling, result: query='looking for headphone with noise cancelling' results=[] total_input_tokens=0 total_output_tokens=0 total_llm_calls=0
2026-08-18 20:59:27,638 - INFO - Request for search_products, query: looking for headphone with noise cancelling
2026-08-18 20:59:27,639 - INFO - Request for search_products, query: looking for headphone with noise cancelling
2026-08-18 20:59:27,643 - INFO - Request for search_products, query: looking for headphone with noise cancelling
2026-08-18 20:59:27,645 - INFO - Request for search_products, query: looking for headphone with noise cancelling
2026-08-18 20:59:27,647 - INFO - Calling inventory_service for stock check, skus: ['b2926dc2-cc6d-4c3e-ae40-7a127c173b16']
2026-08-18 20:59:27,648 - INFO - Request for search_products, query: looking for headphone with noise cancelling
2026-08-18 20:59:27,650 - INFO - Calling inventory_service for stock check, skus: ['b2926dc2-cc6d-4c3e-ae40-7a127c173b16']
2026-08-18 20:59:27,652 - INFO - Request for search_products, query: looking for headphone with noise cancelling
2026-08-18 20:59:27,654 - INFO - Calling inventory_service for stock check, skus: ['b2926dc2-cc6d-4c3e-ae40-7a127c173b16']
2026-08-18 20:59:27,655 - INFO - Request for search_products, query: looking for headphone with noise cancelling
2026-08-18 20:59:27,657 - INFO - Request for search_products, query: looking for headphone with noise cancelling
2026-08-18 20:59:27,659 - INFO - Calling inventory_service for stock check, skus: ['b2926dc2-cc6d-4c3e-ae40-7a127c173b16']
2026-08-18 20:59:27,660 - INFO - Request for search_products, query: looking for headphone with noise cancelling
2026-08-18 20:59:27,662 - INFO - Calling inventory_service for stock check, skus: ['b2926dc2-cc6d-4c3e-ae40-7a127c173b16']
2026-08-18 20:59:27,664 - INFO - Request for search_products, query: looking for headphone with noise cancelling
2026-08-18 20:59:27,665 - INFO - Calling inventory_service for stock check, skus: ['b2926dc2-cc6d-4c3e-ae40-7a127c173b16']
2026-08-18 20:59:27,667 - INFO - Calling inventory_service for stock check, skus: ['b2926dc2-cc6d-4c3e-ae40-7a127c173b16']
2026-08-18 20:59:27,667 - INFO - Calling inventory_service for stock check, skus: ['b2926dc2-cc6d-4c3e-ae40-7a127c173b16']
2026-08-18 20:59:27,669 - INFO - Calling inventory_service for stock check, skus: ['b2926dc2-cc6d-4c3e-ae40-7a127c173b16']
2026-08-18 20:59:27,670 - INFO - Calling inventory_service for stock check, skus: ['b2926dc2-cc6d-4c3e-ae40-7a127c173b16']
2026-08-18 20:59:27,681 - INFO - HTTP Request: GET http://localhost:8001/stock?skus=b2926dc2-cc6d-4c3e-ae40-7a127c173b16 "HTTP/1.1 200 OK"
2026-08-18 20:59:27,682 - INFO - Called inventory_service, response: {'stocks': {'b2926dc2-cc6d-4c3e-ae40-7a127c173b16': 10}, 'total_input_tokens': 0, 'total_output_tokens': 0, 'total_llm_calls': 0}
2026-08-18 20:59:27,682 - INFO - Calling pricing_service, req: {'items': [{'product_id': 'b2926dc2-cc6d-4c3e-ae40-7a127c173b16', 'qty': 1}], 'promo_codes': []}
2026-08-18 20:59:27,687 - INFO - HTTP Request: GET http://localhost:8001/stock?skus=b2926dc2-cc6d-4c3e-ae40-7a127c173b16 "HTTP/1.1 200 OK"
2026-08-18 20:59:27,688 - INFO - Called inventory_service, response: {'stocks': {'b2926dc2-cc6d-4c3e-ae40-7a127c173b16': 10}, 'total_input_tokens': 0, 'total_output_tokens': 0, 'total_llm_calls': 0}
2026-08-18 20:59:27,689 - INFO - Calling pricing_service, req: {'items': [{'product_id': 'b2926dc2-cc6d-4c3e-ae40-7a127c173b16', 'qty': 1}], 'promo_codes': []}
2026-08-18 20:59:27,691 - INFO - HTTP Request: POST http://localhost:8002/price "HTTP/1.1 200 OK"
2026-08-18 20:59:27,692 - INFO - Called pricing_service, req: {'items': [{'product_id': 'b2926dc2-cc6d-4c3e-ae40-7a127c173b16', 'qty': 1}], 'promo_codes': []}, response: {'items': [{'product_id': 'b2926dc2-cc6d-4c3e-ae40-7a127c173b16', 'qty': 1, 'unit_price': 150.0, 'line_total': 150.0, 'discounts': 0.0}], 'subtotal': 150.0, 'total_discount': 0.0, 'total': 150.0, 'currency': 'USD', 'total_input_tokens': 0, 'total_output_tokens': 0, 'total_llm_calls': 0}
2026-08-18 20:59:27,693 - INFO - Request for search_products successfully processed, query: looking for headphone with noise cancelling, result: query='looking for headphone with noise cancelling' results=[ProductSearchResultItem(sku='b2926dc2-cc6d-4c3e-ae40-7a127c173b16', name='Airpod', description='Noise cancelling headphone Airpod', price=150.0, score=1.875)] total_input_tokens=0 total_output_tokens=0 total_llm_calls=0
2026-08-18 20:59:27,694 - INFO - HTTP Request: GET http://localhost:8001/stock?skus=b2926dc2-cc6d-4c3e-ae40-7a127c173b16 "HTTP/1.1 200 OK"
2026-08-18 20:59:27,695 - INFO - HTTP Request: GET http://localhost:8001/stock?skus=b2926dc2-cc6d-4c3e-ae40-7a127c173b16 "HTTP/1.1 200 OK"
2026-08-18 20:59:27,696 - INFO - Called inventory_service, response: {'stocks': {'b2926dc2-cc6d-4c3e-ae40-7a127c173b16': 10}, 'total_input_tokens': 0, 'total_output_tokens': 0, 'total_llm_calls': 0}
2026-08-18 20:59:27,697 - INFO - Calling pricing_service, req: {'items': [{'product_id': 'b2926dc2-cc6d-4c3e-ae40-7a127c173b16', 'qty': 1}], 'promo_codes': []}
2026-08-18 20:59:27,699 - INFO - Called inventory_service, response: {'stocks': {'b2926dc2-cc6d-4c3e-ae40-7a127c173b16': 10}, 'total_input_tokens': 0, 'total_output_tokens': 0, 'total_llm_calls': 0}
2026-08-18 20:59:27,699 - INFO - Calling pricing_service, req: {'items': [{'product_id': 'b2926dc2-cc6d-4c3e-ae40-7a127c173b16', 'qty': 1}], 'promo_codes': []}
2026-08-18 20:59:27,702 - INFO - HTTP Request: GET http://localhost:8001/stock?skus=b2926dc2-cc6d-4c3e-ae40-7a127c173b16 "HTTP/1.1 200 OK"
2026-08-18 20:59:27,704 - INFO - Called inventory_service, response: {'stocks': {'b2926dc2-cc6d-4c3e-ae40-7a127c173b16': 10}, 'total_input_tokens': 0, 'total_output_tokens': 0, 'total_llm_calls': 0}
2026-08-18 20:59:27,704 - INFO - Calling pricing_service, req: {'items': [{'product_id': 'b2926dc2-cc6d-4c3e-ae40-7a127c173b16', 'qty': 1}], 'promo_codes': []}
2026-08-18 20:59:27,706 - INFO - HTTP Request: GET http://localhost:8001/stock?skus=b2926dc2-cc6d-4c3e-ae40-7a127c173b16 "HTTP/1.1 200 OK"
2026-08-18 20:59:27,707 - INFO - HTTP Request: GET http://localhost:8001/stock?skus=b2926dc2-cc6d-4c3e-ae40-7a127c173b16 "HTTP/1.1 200 OK"
2026-08-18 20:59:27,708 - INFO - HTTP Request: GET http://localhost:8001/stock?skus=b2926dc2-cc6d-4c3e-ae40-7a127c173b16 "HTTP/1.1 200 OK"
2026-08-18 20:59:27,709 - INFO - HTTP Request: GET http://localhost:8001/stock?skus=b2926dc2-cc6d-4c3e-ae40-7a127c173b16 "HTTP/1.1 200 OK"
2026-08-18 20:59:27,711 - INFO - HTTP Request: GET http://localhost:8001/stock?skus=b2926dc2-cc6d-4c3e-ae40-7a127c173b16 "HTTP/1.1 200 OK"
2026-08-18 20:59:27,714 - INFO - Called inventory_service, response: {'stocks': {'b2926dc2-cc6d-4c3e-ae40-7a127c173b16': 10}, 'total_input_tokens': 0, 'total_output_tokens': 0, 'total_llm_calls': 0}
2026-08-18 20:59:27,714 - INFO - Calling pricing_service, req: {'items': [{'product_id': 'b2926dc2-cc6d-4c3e-ae40-7a127c173b16', 'qty': 1}], 'promo_codes': []}
2026-08-18 20:59:27,715 - INFO - Called inventory_service, response: {'stocks': {'b2926dc2-cc6d-4c3e-ae40-7a127c173b16': 10}, 'total_input_tokens': 0, 'total_output_tokens': 0, 'total_llm_calls': 0}
2026-08-18 20:59:27,716 - INFO - Calling pricing_service, req: {'items': [{'product_id': 'b2926dc2-cc6d-4c3e-ae40-7a127c173b16', 'qty': 1}], 'promo_codes': []}
2026-08-18 20:59:27,717 - INFO - Called inventory_service, response: {'stocks': {'b2926dc2-cc6d-4c3e-ae40-7a127c173b16': 10}, 'total_input_tokens': 0, 'total_output_tokens': 0, 'total_llm_calls': 0}
2026-08-18 20:59:27,717 - INFO - Calling pricing_service, req: {'items': [{'product_id': 'b2926dc2-cc6d-4c3e-ae40-7a127c173b16', 'qty': 1}], 'promo_codes': []}
2026-08-18 20:59:27,719 - INFO - Called inventory_service, response: {'stocks': {'b2926dc2-cc6d-4c3e-ae40-7a127c173b16': 10}, 'total_input_tokens': 0, 'total_output_tokens': 0, 'total_llm_calls': 0}
2026-08-18 20:59:27,719 - INFO - Calling pricing_service, req: {'items': [{'product_id': 'b2926dc2-cc6d-4c3e-ae40-7a127c173b16', 'qty': 1}], 'promo_codes': []}
2026-08-18 20:59:27,721 - INFO - Called inventory_service, response: {'stocks': {'b2926dc2-cc6d-4c3e-ae40-7a127c173b16': 10}, 'total_input_tokens': 0, 'total_output_tokens': 0, 'total_llm_calls': 0}
2026-08-18 20:59:27,721 - INFO - Calling pricing_service, req: {'items': [{'product_id': 'b2926dc2-cc6d-4c3e-ae40-7a127c173b16', 'qty': 1}], 'promo_codes': []}
2026-08-18 20:59:27,741 - INFO - HTTP Request: POST http://localhost:8002/price "HTTP/1.1 200 OK"
2026-08-18 20:59:27,742 - INFO - Called pricing_service, req: {'items': [{'product_id': 'b2926dc2-cc6d-4c3e-ae40-7a127c173b16', 'qty': 1}], 'promo_codes': []}, response: {'items': [{'product_id': 'b2926dc2-cc6d-4c3e-ae40-7a127c173b16', 'qty': 1, 'unit_price': 150.0, 'line_total': 150.0, 'discounts': 0.0}], 'subtotal': 150.0, 'total_discount': 0.0, 'total': 150.0, 'currency': 'USD', 'total_input_tokens': 0, 'total_output_tokens': 0, 'total_llm_calls': 0}
2026-08-18 20:59:27,743 - INFO - Request for search_products successfully processed, query: looking for headphone with noise cancelling, result: query='looking for headphone with noise cancelling' results=[ProductSearchResultItem(sku='b2926dc2-cc6d-4c3e-ae40-7a127c173b16', name='Airpod', description='Noise cancelling headphone Airpod', price=150.0, score=1.875)] total_input_tokens=0 total_output_tokens=0 total_llm_calls=0
2026-08-18 20:59:27,756 - INFO - HTTP Request: POST http://localhost:8002/price "HTTP/1.1 200 OK"
2026-08-18 20:59:27,757 - INFO - HTTP Request: POST http://localhost:8002/price "HTTP/1.1 200 OK"
2026-08-18 20:59:27,758 - INFO - HTTP Request: POST http://localhost:8002/price "HTTP/1.1 200 OK"
2026-08-18 20:59:27,759 - INFO - Called pricing_service, req: {'items': [{'product_id': 'b2926dc2-cc6d-4c3e-ae40-7a127c173b16', 'qty': 1}], 'promo_codes': []}, response: {'items': [{'product_id': 'b2926dc2-cc6d-4c3e-ae40-7a127c173b16', 'qty': 1, 'unit_price': 150.0, 'line_total': 150.0, 'discounts': 0.0}], 'subtotal': 150.0, 'total_discount': 0.0, 'total': 150.0, 'currency': 'USD', 'total_input_tokens': 0, 'total_output_tokens': 0, 'total_llm_calls': 0}
2026-08-18 20:59:27,759 - INFO - Request for search_products successfully processed, query: looking for headphone with noise cancelling, result: query='looking for headphone with noise cancelling' results=[ProductSearchResultItem(sku='b2926dc2-cc6d-4c3e-ae40-7a127c173b16', name='Airpod', description='Noise cancelling headphone Airpod', price=150.0, score=1.875)] total_input_tokens=0 total_output_tokens=0 total_llm_calls=0
2026-08-18 20:59:27,760 - INFO - Called pricing_service, req: {'items': [{'product_id': 'b2926dc2-cc6d-4c3e-ae40-7a127c173b16', 'qty': 1}], 'promo_codes': []}, response: {'items': [{'product_id': 'b2926dc2-cc6d-4c3e-ae40-7a127c173b16', 'qty': 1, 'unit_price': 150.0, 'line_total': 150.0, 'discounts': 0.0}], 'subtotal': 150.0, 'total_discount': 0.0, 'total': 150.0, 'currency': 'USD', 'total_input_tokens': 0, 'total_output_tokens': 0, 'total_llm_calls': 0}
2026-08-18 20:59:27,761 - INFO - Request for search_products successfully processed, query: looking for headphone with noise cancelling, result: query='looking for headphone with noise cancelling' results=[ProductSearchResultItem(sku='b2926dc2-cc6d-4c3e-ae40-7a127c173b16', name='Airpod', description='Noise cancelling headphone Airpod', price=150.0, score=1.875)] total_input_tokens=0 total_output_tokens=0 total_llm_calls=0
2026-08-18 20:59:27,762 - INFO - Called pricing_service, req: {'items': [{'product_id': 'b2926dc2-cc6d-4c3e-ae40-7a127c173b16', 'qty': 1}], 'promo_codes': []}, response: {'items': [{'product_id': 'b2926dc2-cc6d-4c3e-ae40-7a127c173b16', 'qty': 1, 'unit_price': 150.0, 'line_total': 150.0, 'discounts': 0.0}], 'subtotal': 150.0, 'total_discount': 0.0, 'total': 150.0, 'currency': 'USD', 'total_input_tokens': 0, 'total_output_tokens': 0, 'total_llm_calls': 0}
2026-08-18 20:59:27,762 - INFO - Request for search_products successfully processed, query: looking for headphone with noise cancelling, result: query='looking for headphone with noise cancelling' results=[ProductSearchResultItem(sku='b2926dc2-cc6d-4c3e-ae40-7a127c173b16', name='Airpod', description='Noise cancelling headphone Airpod', price=150.0, score=1.875)] total_input_tokens=0 total_output_tokens=0 total_llm_calls=0
2026-08-18 20:59:27,763 - INFO - HTTP Request: POST http://localhost:8002/price "HTTP/1.1 200 OK"
2026-08-18 20:59:27,764 - INFO - Called pricing_service, req: {'items': [{'product_id': 'b2926dc2-cc6d-4c3e-ae40-7a127c173b16', 'qty': 1}], 'promo_codes': []}, response: {'items': [{'product_id': 'b2926dc2-cc6d-4c3e-ae40-7a127c173b16', 'qty': 1, 'unit_price': 150.0, 'line_total': 150.0, 'discounts': 0.0}], 'subtotal': 150.0, 'total_discount': 0.0, 'total': 150.0, 'currency': 'USD', 'total_input_tokens': 0, 'total_output_tokens': 0, 'total_llm_calls': 0}
2026-08-18 20:59:27,764 - INFO - Request for search_products successfully processed, query: looking for headphone with noise cancelling, result: query='looking for headphone with noise cancelling' results=[ProductSearchResultItem(sku='b2926dc2-cc6d-4c3e-ae40-7a127c173b16', name='Airpod', description='Noise cancelling headphone Airpod', price=150.0, score=1.875)] total_input_tokens=0 total_output_tokens=0 total_llm_calls=0
2026-08-18 20:59:27,765 - INFO - HTTP Request: POST http://localhost:8002/price "HTTP/1.1 200 OK"
2026-08-18 20:59:27,766 - INFO - HTTP Request: POST http://localhost:8002/price "HTTP/1.1 200 OK"
2026-08-18 20:59:27,767 - INFO - HTTP Request: POST http://localhost:8002/price "HTTP/1.1 200 OK"
2026-08-18 20:59:27,768 - INFO - HTTP Request: POST http://localhost:8002/price "HTTP/1.1 200 OK"
2026-08-18 20:59:27,769 - INFO - Called pricing_service, req: {'items': [{'product_id': 'b2926dc2-cc6d-4c3e-ae40-7a127c173b16', 'qty': 1}], 'promo_codes': []}, response: {'items': [{'product_id': 'b2926dc2-cc6d-4c3e-ae40-7a127c173b16', 'qty': 1, 'unit_price': 150.0, 'line_total': 150.0, 'discounts': 0.0}], 'subtotal': 150.0, 'total_discount': 0.0, 'total': 150.0, 'currency': 'USD', 'total_input_tokens': 0, 'total_output_tokens': 0, 'total_llm_calls': 0}
2026-08-18 20:59:27,770 - INFO - Request for search_products successfully processed, query: looking for headphone with noise cancelling, result: query='looking for headphone with noise cancelling' results=[ProductSearchResultItem(sku='b2926dc2-cc6d-4c3e-ae40-7a127c173b16', name='Airpod', description='Noise cancelling headphone Airpod', price=150.0, score=1.875)] total_input_tokens=0 total_output_tokens=0 total_llm_calls=0
2026-08-18 20:59:27,771 - INFO - Called pricing_service, req: {'items': [{'product_id': 'b2926dc2-cc6d-4c3e-ae40-7a127c173b16', 'qty': 1}], 'promo_codes': []}, response: {'items': [{'product_id': 'b2926dc2-cc6d-4c3e-ae40-7a127c173b16', 'qty': 1, 'unit_price': 150.0, 'line_total': 150.0, 'discounts': 0.0}], 'subtotal': 150.0, 'total_discount': 0.0, 'total': 150.0, 'currency': 'USD', 'total_input_tokens': 0, 'total_output_tokens': 0, 'total_llm_calls': 0}
2026-08-18 20:59:27,772 - INFO - Request for search_products successfully processed, query: looking for headphone with noise cancelling, result: query='looking for headphone with noise cancelling' results=[ProductSearchResultItem(sku='b2926dc2-cc6d-4c3e-ae40-7a127c173b16', name='Airpod', description='Noise cancelling headphone Airpod', price=150.0, score=1.875)] total_input_tokens=0 total_output_tokens=0 total_llm_calls=0
2026-08-18 20:59:27,774 - INFO - Called pricing_service, req: {'items': [{'product_id': 'b2926dc2-cc6d-4c3e-ae40-7a127c173b16', 'qty': 1}], 'promo_codes': []}, response: {'items': [{'product_id': 'b2926dc2-cc6d-4c3e-ae40-7a127c173b16', 'qty': 1, 'unit_price': 150.0, 'line_total': 150.0, 'discounts': 0.0}], 'subtotal': 150.0, 'total_discount': 0.0, 'total': 150.0, 'currency': 'USD', 'total_input_tokens': 0, 'total_output_tokens': 0, 'total_llm_calls': 0}
2026-08-18 20:59:27,774 - INFO - Request for search_products successfully processed, query: looking for headphone with noise cancelling, result: query='looking for headphone with noise cancelling' results=[ProductSearchResultItem(sku='b2926dc2-cc6d-4c3e-ae40-7a127c173b16', name='Airpod', description='Noise cancelling headphone Airpod', price=150.0, score=1.875)] total_input_tokens=0 total_output_tokens=0 total_llm_calls=0
2026-08-18 20:59:27,775 - INFO - Called pricing_service, req: {'items': [{'product_id': 'b2926dc2-cc6d-4c3e-ae40-7a127c173b16', 'qty': 1}], 'promo_codes': []}, response: {'items': [{'product_id': 'b2926dc2-cc6d-4c3e-ae40-7a127c173b16', 'qty': 1, 'unit_price': 150.0, 'line_total': 150.0, 'discounts': 0.0}], 'subtotal': 150.0, 'total_discount': 0.0, 'total': 150.0, 'currency': 'USD', 'total_input_tokens': 0, 'total_output_tokens': 0, 'total_llm_calls': 0}
2026-08-18 20:59:27,776 - INFO - Request for search_products successfully processed, query: looking for headphone with noise cancelling, result: query='looking for headphone with noise cancelling' results=[ProductSearchResultItem(sku='b2926dc2-cc6d-4c3e-ae40-7a127c173b16', name='Airpod', description='Noise cancelling headphone Airpod', price=150.0, score=1.875)] total_input_tokens=0 total_output_tokens=0 total_llm_calls=0
2026-08-18 20:59:28,263 - INFO - Request for search_products, query: looking for headphone with noise cancelling
2026-08-18 20:59:28,265 - INFO - Calling inventory_service for stock check, skus: ['b2926dc2-cc6d-4c3e-ae40-7a127c173b16']
2026-08-18 20:59:28,271 - INFO - HTTP Request: GET http://localhost:8001/stock?skus=b2926dc2-cc6d-4c3e-ae40-7a127c173b16 "HTTP/1.1 200 OK"
2026-08-18 20:59:28,273 - INFO - Called inventory_service, response: {'stocks': {'b2926dc2-cc6d-4c3e-ae40-7a127c173b16': 8}, 'total_input_tokens': 0, 'total_output_tokens': 0, 'total_llm_calls': 0}
2026-08-18 20:59:28,273 - INFO - Calling pricing_service, req: {'items': [{'product_id': 'b2926dc2-cc6d-4c3e-ae40-7a127c173b16', 'qty': 1}], 'promo_codes': []}
2026-08-18 20:59:28,280 - INFO - HTTP Request: POST http://localhost:8002/price "HTTP/1.1 200 OK"
2026-08-18 20:59:28,282 - INFO - Called pricing_service, req: {'items': [{'product_id': 'b2926dc2-cc6d-4c3e-ae40-7a127c173b16', 'qty': 1}], 'promo_codes': []}, response: {'items': [{'product_id': 'b2926dc2-cc6d-4c3e-ae40-7a127c173b16', 'qty': 1, 'unit_price': 150.0, 'line_total': 150.0, 'discounts': 0.0}], 'subtotal': 150.0, 'total_discount': 0.0, 'total': 150.0, 'currency': 'USD', 'total_input_tokens': 0, 'total_output_tokens': 0, 'total_llm_calls': 0}
2026-08-18 20:59:28,283 - INFO - Request for search_products successfully processed, query: looking for headphone with noise cancelling, result: query='looking for headphone with noise cancelling' results=[ProductSearchResultItem(sku='b2926dc2-cc6d-4c3e-ae40-7a127c173b16', name='Airpod', description='Noise cancelling headphone Airpod', price=150.0, score=1.875)] total_input_tokens=0 total_output_tokens=0 total_llm_calls=0
2026-08-18 20:59:28,909 - INFO - Request for search_products, query: looking for headphone with noise cancelling
2026-08-18 20:59:28,928 - INFO - Calling inventory_service for stock check, skus: ['b2926dc2-cc6d-4c3e-ae40-7a127c173b16']
2026-08-18 20:59:28,959 - INFO - HTTP Request: GET http://localhost:8001/stock?skus=b2926dc2-cc6d-4c3e-ae40-7a127c173b16 "HTTP/1.1 200 OK"
2026-08-18 20:59:28,963 - INFO - Called inventory_service, response: {'stocks': {'b2926dc2-cc6d-4c3e-ae40-7a127c173b16': 6}, 'total_input_tokens': 0, 'total_output_tokens': 0, 'total_llm_calls': 0}
2026-08-18 20:59:28,964 - INFO - Calling pricing_service, req: {'items': [{'product_id': 'b2926dc2-cc6d-4c3e-ae40-7a127c173b16', 'qty': 1}], 'promo_codes': []}
2026-08-18 20:59:29,002 - INFO - HTTP Request: POST http://localhost:8002/price "HTTP/1.1 200 OK"
2026-08-18 20:59:29,004 - INFO - Called pricing_service, req: {'items': [{'product_id': 'b2926dc2-cc6d-4c3e-ae40-7a127c173b16', 'qty': 1}], 'promo_codes': []}, response: {'items': [{'product_id': 'b2926dc2-cc6d-4c3e-ae40-7a127c173b16', 'qty': 1, 'unit_price': 150.0, 'line_total': 150.0, 'discounts': 0.0}], 'subtotal': 150.0, 'total_discount': 0.0, 'total': 150.0, 'currency': 'USD', 'total_input_tokens': 0, 'total_output_tokens': 0, 'total_llm_calls': 0}
2026-08-18 20:59:29,005 - INFO - Request for search_products successfully processed, query: looking for headphone with noise cancelling, result: query='looking for headphone with noise cancelling' results=[ProductSearchResultItem(sku='b2926dc2-cc6d-4c3e-ae40-7a127c173b16', name='Airpod', description='Noise cancelling headphone Airpod', price=150.0, score=1.875)] total_input_tokens=0 total_output_tokens=0 total_llm_calls=0
2026-08-18 20:59:29,545 - INFO - Request for search_products, query: looking for headphone with noise cancelling
2026-08-18 20:59:29,548 - INFO - Calling inventory_service for stock check, skus: ['b2926dc2-cc6d-4c3e-ae40-7a127c173b16']
2026-08-18 20:59:29,555 - INFO - HTTP Request: GET http://localhost:8001/stock?skus=b2926dc2-cc6d-4c3e-ae40-7a127c173b16 "HTTP/1.1 200 OK"
2026-08-18 20:59:29,557 - INFO - Called inventory_service, response: {'stocks': {'b2926dc2-cc6d-4c3e-ae40-7a127c173b16': 4}, 'total_input_tokens': 0, 'total_output_tokens': 0, 'total_llm_calls': 0}
2026-08-18 20:59:29,557 - INFO - Calling pricing_service, req: {'items': [{'product_id': 'b2926dc2-cc6d-4c3e-ae40-7a127c173b16', 'qty': 1}], 'promo_codes': []}
2026-08-18 20:59:29,564 - INFO - HTTP Request: POST http://localhost:8002/price "HTTP/1.1 200 OK"
2026-08-18 20:59:29,565 - INFO - Called pricing_service, req: {'items': [{'product_id': 'b2926dc2-cc6d-4c3e-ae40-7a127c173b16', 'qty': 1}], 'promo_codes': []}, response: {'items': [{'product_id': 'b2926dc2-cc6d-4c3e-ae40-7a127c173b16', 'qty': 1, 'unit_price': 150.0, 'line_total': 150.0, 'discounts': 0.0}], 'subtotal': 150.0, 'total_discount': 0.0, 'total': 150.0, 'currency': 'USD', 'total_input_tokens': 0, 'total_output_tokens': 0, 'total_llm_calls': 0}
2026-08-18 20:59:29,567 - INFO - Request for search_products successfully processed, query: looking for headphone with noise cancelling, result: query='looking for headphone with noise cancelling' results=[ProductSearchResultItem(sku='b2926dc2-cc6d-4c3e-ae40-7a127c173b16', name='Airpod', description='Noise cancelling headphone Airpod', price=150.0, score=1.875)] total_input_tokens=0 total_output_tokens=0 total_llm_calls=0
2026-08-18 20:59:30,765 - INFO - Request for search_products, query: looking for headphone with noise cancelling
2026-08-18 20:59:30,772 - INFO - Request for search_products, query: looking for headphone with noise cancelling
2026-08-18 20:59:30,777 - INFO - Calling inventory_service for stock check, skus: ['b2926dc2-cc6d-4c3e-ae40-7a127c173b16']
2026-08-18 20:59:30,779 - INFO - Request for search_products, query: looking for headphone with noise cancelling
2026-08-18 20:59:30,782 - INFO - Request for search_products, query: looking for headphone with noise cancelling
2026-08-18 20:59:30,785 - INFO - Request for search_products, query: looking for headphone with noise cancelling
2026-08-18 20:59:30,787 - INFO - Request for search_products, query: looking for headphone with noise cancelling
2026-08-18 20:59:30,791 - INFO - Calling inventory_service for stock check, skus: ['b2926dc2-cc6d-4c3e-ae40-7a127c173b16']
2026-08-18 20:59:30,793 - INFO - Request for search_products, query: looking for headphone with noise cancelling
2026-08-18 20:59:30,795 - INFO - Calling inventory_service for stock check, skus: ['b2926dc2-cc6d-4c3e-ae40-7a127c173b16']
2026-08-18 20:59:30,798 - INFO - HTTP Request: GET http://localhost:8001/stock?skus=b2926dc2-cc6d-4c3e-ae40-7a127c173b16 "HTTP/1.1 200 OK"
2026-08-18 20:59:30,801 - INFO - Calling inventory_service for stock check, skus: ['b2926dc2-cc6d-4c3e-ae40-7a127c173b16']
2026-08-18 20:59:30,804 - INFO - Calling inventory_service for stock check, skus: ['b2926dc2-cc6d-4c3e-ae40-7a127c173b16']
2026-08-18 20:59:30,809 - INFO - Called inventory_service, response: {'stocks': {'b2926dc2-cc6d-4c3e-ae40-7a127c173b16': 0}, 'total_input_tokens': 0, 'total_output_tokens': 0, 'total_llm_calls': 0}
2026-08-18 20:59:30,809 - INFO - Calling pricing_service, req: {'items': [], 'promo_codes': []}
2026-08-18 20:59:30,812 - INFO - Calling inventory_service for stock check, skus: ['b2926dc2-cc6d-4c3e-ae40-7a127c173b16']
2026-08-18 20:59:30,817 - INFO - HTTP Request: GET http://localhost:8001/stock?skus=b2926dc2-cc6d-4c3e-ae40-7a127c173b16 "HTTP/1.1 200 OK"
2026-08-18 20:59:30,819 - INFO - Called inventory_service, response: {'stocks': {'b2926dc2-cc6d-4c3e-ae40-7a127c173b16': 0}, 'total_input_tokens': 0, 'total_output_tokens': 0, 'total_llm_calls': 0}
2026-08-18 20:59:30,819 - INFO - Calling pricing_service, req: {'items': [], 'promo_codes': []}
2026-08-18 20:59:30,820 - INFO - Calling inventory_service for stock check, skus: ['b2926dc2-cc6d-4c3e-ae40-7a127c173b16']
2026-08-18 20:59:30,825 - INFO - HTTP Request: GET http://localhost:8001/stock?skus=b2926dc2-cc6d-4c3e-ae40-7a127c173b16 "HTTP/1.1 200 OK"
2026-08-18 20:59:30,828 - INFO - Called inventory_service, response: {'stocks': {'b2926dc2-cc6d-4c3e-ae40-7a127c173b16': 0}, 'total_input_tokens': 0, 'total_output_tokens': 0, 'total_llm_calls': 0}
2026-08-18 20:59:30,828 - INFO - Calling pricing_service, req: {'items': [], 'promo_codes': []}
2026-08-18 20:59:30,832 - INFO - HTTP Request: POST http://localhost:8002/price "HTTP/1.1 200 OK"
2026-08-18 20:59:30,833 - INFO - HTTP Request: GET http://localhost:8001/stock?skus=b2926dc2-cc6d-4c3e-ae40-7a127c173b16 "HTTP/1.1 200 OK"
2026-08-18 20:59:30,835 - INFO - Called pricing_service, req: {'items': [], 'promo_codes': []}, response: {'items': [], 'subtotal': 0.0, 'total_discount': 0.0, 'total': 0.0, 'currency': 'USD', 'total_input_tokens': 0, 'total_output_tokens': 0, 'total_llm_calls': 0}
2026-08-18 20:59:30,835 - INFO - Request for search_products successfully processed, query: looking for headphone with noise cancelling, result: query='looking for headphone with noise cancelling' results=[] total_input_tokens=0 total_output_tokens=0 total_llm_calls=0
2026-08-18 20:59:30,838 - INFO - Called inventory_service, response: {'stocks': {'b2926dc2-cc6d-4c3e-ae40-7a127c173b16': 0}, 'total_input_tokens': 0, 'total_output_tokens': 0, 'total_llm_calls': 0}
2026-08-18 20:59:30,838 - INFO - Calling pricing_service, req: {'items': [], 'promo_codes': []}
2026-08-18 20:59:30,842 - INFO - HTTP Request: GET http://localhost:8001/stock?skus=b2926dc2-cc6d-4c3e-ae40-7a127c173b16 "HTTP/1.1 200 OK"
2026-08-18 20:59:30,843 - INFO - HTTP Request: POST http://localhost:8002/price "HTTP/1.1 200 OK"
2026-08-18 20:59:30,847 - INFO - Called pricing_service, req: {'items': [], 'promo_codes': []}, response: {'items': [], 'subtotal': 0.0, 'total_discount': 0.0, 'total': 0.0, 'currency': 'USD', 'total_input_tokens': 0, 'total_output_tokens': 0, 'total_llm_calls': 0}
2026-08-18 20:59:30,847 - INFO - Request for search_products successfully processed, query: looking for headphone with noise cancelling, result: query='looking for headphone with noise cancelling' results=[] total_input_tokens=0 total_output_tokens=0 total_llm_calls=0
2026-08-18 20:59:30,850 - INFO - HTTP Request: POST http://localhost:8002/price "HTTP/1.1 200 OK"
2026-08-18 20:59:30,853 - INFO - Called inventory_service, response: {'stocks': {'b2926dc2-cc6d-4c3e-ae40-7a127c173b16': 0}, 'total_input_tokens': 0, 'total_output_tokens': 0, 'total_llm_calls': 0}
2026-08-18 20:59:30,853 - INFO - Calling pricing_service, req: {'items': [], 'promo_codes': []}
2026-08-18 20:59:30,858 - INFO - Called pricing_service, req: {'items': [], 'promo_codes': []}, response: {'items': [], 'subtotal': 0.0, 'total_discount': 0.0, 'total': 0.0, 'currency': 'USD', 'total_input_tokens': 0, 'total_output_tokens': 0, 'total_llm_calls': 0}
2026-08-18 20:59:30,858 - INFO - Request for search_products successfully processed, query: looking for headphone with noise cancelling, result: query='looking for headphone with noise cancelling' results=[] total_input_tokens=0 total_output_tokens=0 total_llm_calls=0
2026-08-18 20:59:30,860 - INFO - HTTP Request: GET http://localhost:8001/stock?skus=b2926dc2-cc6d-4c3e-ae40-7a127c173b16 "HTTP/1.1 200 OK"
2026-08-18 20:59:30,861 - INFO - HTTP Request: POST http://localhost:8002/price "HTTP/1.1 200 OK"
2026-08-18 20:59:30,863 - INFO - Called inventory_service, response: {'stocks': {'b2926dc2-cc6d-4c3e-ae40-7a127c173b16': 0}, 'total_input_tokens': 0, 'total_output_tokens': 0, 'total_llm_calls': 0}
2026-08-18 20:59:30,863 - INFO - Calling pricing_service, req: {'items': [], 'promo_codes': []}
2026-08-18 20:59:30,865 - INFO - Called pricing_service, req: {'items': [], 'promo_codes': []}, response: {'items': [], 'subtotal': 0.0, 'total_discount': 0.0, 'total': 0.0, 'currency': 'USD', 'total_input_tokens': 0, 'total_output_tokens': 0, 'total_llm_calls': 0}
2026-08-18 20:59:30,865 - INFO - Request for search_products successfully processed, query: looking for headphone with noise cancelling, result: query='looking for headphone with noise cancelling' results=[] total_input_tokens=0 total_output_tokens=0 total_llm_calls=0
2026-08-18 20:59:30,873 - INFO - HTTP Request: POST http://localhost:8002/price "HTTP/1.1 200 OK"
2026-08-18 20:59:30,875 - INFO - Called pricing_service, req: {'items': [], 'promo_codes': []}, response: {'items': [], 'subtotal': 0.0, 'total_discount': 0.0, 'total': 0.0, 'currency': 'USD', 'total_input_tokens': 0, 'total_output_tokens': 0, 'total_llm_calls': 0}
2026-08-18 20:59:30,875 - INFO - Request for search_products successfully processed, query: looking for headphone with noise cancelling, result: query='looking for headphone with noise cancelling' results=[] total_input_tokens=0 total_output_tokens=0 total_llm_calls=0
2026-08-18 20:59:30,876 - INFO - HTTP Request: GET http://localhost:8001/stock?skus=b2926dc2-cc6d-4c3e-ae40-7a127c173b16 "HTTP/1.1 200 OK"
2026-08-18 20:59:30,877 - INFO - HTTP Request: POST http://localhost:8002/price "HTTP/1.1 200 OK"
2026-08-18 20:59:30,879 - INFO - Called inventory_service, response: {'stocks': {'b2926dc2-cc6d-4c3e-ae40-7a127c173b16': 0}, 'total_input_tokens': 0, 'total_output_tokens': 0, 'total_llm_calls': 0}
2026-08-18 20:59:30,879 - INFO - Calling pricing_service, req: {'items': [], 'promo_codes': []}
2026-08-18 20:59:30,882 - INFO - Called pricing_service, req: {'items': [], 'promo_codes': []}, response: {'items': [], 'subtotal': 0.0, 'total_discount': 0.0, 'total': 0.0, 'currency': 'USD', 'total_input_tokens': 0, 'total_output_tokens': 0, 'total_llm_calls': 0}
2026-08-18 20:59:30,882 - INFO - Request for search_products successfully processed, query: looking for headphone with noise cancelling, result: query='looking for headphone with noise cancelling' results=[] total_input_tokens=0 total_output_tokens=0 total_llm_calls=0
2026-08-18 20:59:30,888 - INFO - HTTP Request: POST http://localhost:8002/price "HTTP/1.1 200 OK"
2026-08-18 20:59:30,890 - INFO - Called pricing_service, req: {'items': [], 'promo_codes': []}, response: {'items': [], 'subtotal': 0.0, 'total_discount': 0.0, 'total': 0.0, 'currency': 'USD', 'total_input_tokens': 0, 'total_output_tokens': 0, 'total_llm_calls': 0}
2026-08-18 20:59:30,891 - INFO - Request for search_products successfully processed, query: looking for headphone with noise cancelling, result: query='looking for headphone with noise cancelling' results=[] total_input_tokens=0 total_output_tokens=0 total_llm_calls=0
2026-08-18 21:00:22,497 - INFO - Request for search_products, query: looking for headphone with noise cancelling
2026-08-18 21:00:22,499 - INFO - Request for search_products, query: looking for headphone with noise cancelling
2026-08-18 21:00:22,503 - INFO - Request for search_products, query: looking for headphone with noise cancelling
2026-08-18 21:00:22,505 - INFO - Calling inventory_service for stock check, skus: ['b2926dc2-cc6d-4c3e-ae40-7a127c173b16']
2026-08-18 21:00:22,507 - INFO - Calling inventory_service for stock check, skus: ['b2926dc2-cc6d-4c3e-ae40-7a127c173b16']
2026-08-18 21:00:22,509 - INFO - Request for search_products, query: looking for headphone with noise cancelling
2026-08-18 21:00:22,511 - INFO - Calling inventory_service for stock check, skus: ['b2926dc2-cc6d-4c3e-ae40-7a127c173b16']
2026-08-18 21:00:22,517 - INFO - Request for search_products, query: looking for headphone with noise cancelling
2026-08-18 21:00:22,520 - INFO - Request for search_products, query: looking for headphone with noise cancelling
2026-08-18 21:00:22,522 - INFO - Calling inventory_service for stock check, skus: ['b2926dc2-cc6d-4c3e-ae40-7a127c173b16']
2026-08-18 21:00:22,524 - INFO - Request for search_products, query: looking for headphone with noise cancelling
2026-08-18 21:00:22,526 - INFO - Request for search_products, query: looking for headphone with noise cancelling
2026-08-18 21:00:22,527 - INFO - Request for search_products, query: looking for headphone with noise cancelling
2026-08-18 21:00:22,530 - INFO - Calling inventory_service for stock check, skus: ['b2926dc2-cc6d-4c3e-ae40-7a127c173b16']
2026-08-18 21:00:22,531 - INFO - Calling inventory_service for stock check, skus: ['b2926dc2-cc6d-4c3e-ae40-7a127c173b16']
2026-08-18 21:00:22,532 - INFO - Request for search_products, query: looking for headphone with noise cancelling
2026-08-18 21:00:22,535 - INFO - Calling inventory_service for stock check, skus: ['b2926dc2-cc6d-4c3e-ae40-7a127c173b16']
2026-08-18 21:00:22,537 - INFO - Calling inventory_service for stock check, skus: ['b2926dc2-cc6d-4c3e-ae40-7a127c173b16']
2026-08-18 21:00:22,539 - INFO - HTTP Request: GET http://localhost:8001/stock?skus=b2926dc2-cc6d-4c3e-ae40-7a127c173b16 "HTTP/1.1 200 OK"
2026-08-18 21:00:22,540 - INFO - Calling inventory_service for stock check, skus: ['b2926dc2-cc6d-4c3e-ae40-7a127c173b16']
2026-08-18 21:00:22,541 - INFO - Called inventory_service, response: {'stocks': {'b2926dc2-cc6d-4c3e-ae40-7a127c173b16': 10}, 'total_input_tokens': 0, 'total_output_tokens': 0, 'total_llm_calls': 0}
2026-08-18 21:00:22,541 - INFO - Calling pricing_service, req: {'items': [{'product_id': 'b2926dc2-cc6d-4c3e-ae40-7a127c173b16', 'qty': 1}], 'promo_codes': []}
2026-08-18 21:00:22,543 - INFO - HTTP Request: GET http://localhost:8001/stock?skus=b2926dc2-cc6d-4c3e-ae40-7a127c173b16 "HTTP/1.1 200 OK"
2026-08-18 21:00:22,544 - INFO - Calling inventory_service for stock check, skus: ['b2926dc2-cc6d-4c3e-ae40-7a127c173b16']
2026-08-18 21:00:22,545 - INFO - Called inventory_service, response: {'stocks': {'b2926dc2-cc6d-4c3e-ae40-7a127c173b16': 10}, 'total_input_tokens': 0, 'total_output_tokens': 0, 'total_llm_calls': 0}
2026-08-18 21:00:22,545 - INFO - Calling pricing_service, req: {'items': [{'product_id': 'b2926dc2-cc6d-4c3e-ae40-7a127c173b16', 'qty': 1}], 'promo_codes': []}
2026-08-18 21:00:22,552 - INFO - HTTP Request: GET http://localhost:8001/stock?skus=b2926dc2-cc6d-4c3e-ae40-7a127c173b16 "HTTP/1.1 200 OK"
2026-08-18 21:00:22,553 - INFO - Called inventory_service, response: {'stocks': {'b2926dc2-cc6d-4c3e-ae40-7a127c173b16': 10}, 'total_input_tokens': 0, 'total_output_tokens': 0, 'total_llm_calls': 0}
2026-08-18 21:00:22,553 - INFO - Calling pricing_service, req: {'items': [{'product_id': 'b2926dc2-cc6d-4c3e-ae40-7a127c173b16', 'qty': 1}], 'promo_codes': []}
2026-08-18 21:00:22,558 - INFO - HTTP Request: GET http://localhost:8001/stock?skus=b2926dc2-cc6d-4c3e-ae40-7a127c173b16 "HTTP/1.1 200 OK"
2026-08-18 21:00:22,560 - INFO - Called inventory_service, response: {'stocks': {'b2926dc2-cc6d-4c3e-ae40-7a127c173b16': 10}, 'total_input_tokens': 0, 'total_output_tokens': 0, 'total_llm_calls': 0}
2026-08-18 21:00:22,561 - INFO - Calling pricing_service, req: {'items': [{'product_id': 'b2926dc2-cc6d-4c3e-ae40-7a127c173b16', 'qty': 1}], 'promo_codes': []}
2026-08-18 21:00:22,565 - INFO - HTTP Request: GET http://localhost:8001/stock?skus=b2926dc2-cc6d-4c3e-ae40-7a127c173b16 "HTTP/1.1 200 OK"
2026-08-18 21:00:22,566 - INFO - HTTP Request: GET http://localhost:8001/stock?skus=b2926dc2-cc6d-4c3e-ae40-7a127c173b16 "HTTP/1.1 200 OK"
2026-08-18 21:00:22,568 - INFO - Called inventory_service, response: {'stocks': {'b2926dc2-cc6d-4c3e-ae40-7a127c173b16': 10}, 'total_input_tokens': 0, 'total_output_tokens': 0, 'total_llm_calls': 0}
2026-08-18 21:00:22,568 - INFO - Calling pricing_service, req: {'items': [{'product_id': 'b2926dc2-cc6d-4c3e-ae40-7a127c173b16', 'qty': 1}], 'promo_codes': []}
2026-08-18 21:00:22,570 - INFO - Called inventory_service, response: {'stocks': {'b2926dc2-cc6d-4c3e-ae40-7a127c173b16': 10}, 'total_input_tokens': 0, 'total_output_tokens': 0, 'total_llm_calls': 0}
2026-08-18 21:00:22,571 - INFO - Calling pricing_service, req: {'items': [{'product_id': 'b2926dc2-cc6d-4c3e-ae40-7a127c173b16', 'qty': 1}], 'promo_codes': []}
2026-08-18 21:00:22,572 - INFO - HTTP Request: GET http://localhost:8001/stock?skus=b2926dc2-cc6d-4c3e-ae40-7a127c173b16 "HTTP/1.1 200 OK"
2026-08-18 21:00:22,573 - INFO - HTTP Request: GET http://localhost:8001/stock?skus=b2926dc2-cc6d-4c3e-ae40-7a127c173b16 "HTTP/1.1 200 OK"
2026-08-18 21:00:22,574 - INFO - Called inventory_service, response: {'stocks': {'b2926dc2-cc6d-4c3e-ae40-7a127c173b16': 10}, 'total_input_tokens': 0, 'total_output_tokens': 0, 'total_llm_calls': 0}
2026-08-18 21:00:22,574 - INFO - Calling pricing_service, req: {'items': [{'product_id': 'b2926dc2-cc6d-4c3e-ae40-7a127c173b16', 'qty': 1}], 'promo_codes': []}
2026-08-18 21:00:22,576 - INFO - Called inventory_service, response: {'stocks': {'b2926dc2-cc6d-4c3e-ae40-7a127c173b16': 10}, 'total_input_tokens': 0, 'total_output_tokens': 0, 'total_llm_calls': 0}
2026-08-18 21:00:22,576 - INFO - Calling pricing_service, req: {'items': [{'product_id': 'b2926dc2-cc6d-4c3e-ae40-7a127c173b16', 'qty': 1}], 'promo_codes': []}
2026-08-18 21:00:22,577 - INFO - HTTP Request: POST http://localhost:8002/price "HTTP/1.1 200 OK"
2026-08-18 21:00:22,578 - INFO - HTTP Request: GET http://localhost:8001/stock?skus=b2926dc2-cc6d-4c3e-ae40-7a127c173b16 "HTTP/1.1 200 OK"
2026-08-18 21:00:22,578 - INFO - HTTP Request: GET http://localhost:8001/stock?skus=b2926dc2-cc6d-4c3e-ae40-7a127c173b16 "HTTP/1.1 200 OK"
2026-08-18 21:00:22,579 - INFO - HTTP Request: POST http://localhost:8002/price "HTTP/1.1 200 OK"
2026-08-18 21:00:22,581 - INFO - Called pricing_service, req: {'items': [{'product_id': 'b2926dc2-cc6d-4c3e-ae40-7a127c173b16', 'qty': 1}], 'promo_codes': []}, response: {'items': [{'product_id': 'b2926dc2-cc6d-4c3e-ae40-7a127c173b16', 'qty': 1, 'unit_price': 150.0, 'line_total': 150.0, 'discounts': 0.0}], 'subtotal': 150.0, 'total_discount': 0.0, 'total': 150.0, 'currency': 'USD', 'total_input_tokens': 0, 'total_output_tokens': 0, 'total_llm_calls': 0}
2026-08-18 21:00:22,581 - INFO - Request for search_products successfully processed, query: looking for headphone with noise cancelling, result: query='looking for headphone with noise cancelling' results=[ProductSearchResultItem(sku='b2926dc2-cc6d-4c3e-ae40-7a127c173b16', name='Airpod', description='Noise cancelling headphone Airpod', price=150.0, score=1.875)] total_input_tokens=0 total_output_tokens=0 total_llm_calls=0
2026-08-18 21:00:22,582 - INFO - Called inventory_service, response: {'stocks': {'b2926dc2-cc6d-4c3e-ae40-7a127c173b16': 10}, 'total_input_tokens': 0, 'total_output_tokens': 0, 'total_llm_calls': 0}
2026-08-18 21:00:22,582 - INFO - Calling pricing_service, req: {'items': [{'product_id': 'b2926dc2-cc6d-4c3e-ae40-7a127c173b16', 'qty': 1}], 'promo_codes': []}
2026-08-18 21:00:22,584 - INFO - Called inventory_service, response: {'stocks': {'b2926dc2-cc6d-4c3e-ae40-7a127c173b16': 10}, 'total_input_tokens': 0, 'total_output_tokens': 0, 'total_llm_calls': 0}
2026-08-18 21:00:22,584 - INFO - Calling pricing_service, req: {'items': [{'product_id': 'b2926dc2-cc6d-4c3e-ae40-7a127c173b16', 'qty': 1}], 'promo_codes': []}
2026-08-18 21:00:22,585 - INFO - Called pricing_service, req: {'items': [{'product_id': 'b2926dc2-cc6d-4c3e-ae40-7a127c173b16', 'qty': 1}], 'promo_codes': []}, response: {'items': [{'product_id': 'b2926dc2-cc6d-4c3e-ae40-7a127c173b16', 'qty': 1, 'unit_price': 150.0, 'line_total': 150.0, 'discounts': 0.0}], 'subtotal': 150.0, 'total_discount': 0.0, 'total': 150.0, 'currency': 'USD', 'total_input_tokens': 0, 'total_output_tokens': 0, 'total_llm_calls': 0}
2026-08-18 21:00:22,585 - INFO - Request for search_products successfully processed, query: looking for headphone with noise cancelling, result: query='looking for headphone with noise cancelling' results=[ProductSearchResultItem(sku='b2926dc2-cc6d-4c3e-ae40-7a127c173b16', name='Airpod', description='Noise cancelling headphone Airpod', price=150.0, score=1.875)] total_input_tokens=0 total_output_tokens=0 total_llm_calls=0
2026-08-18 21:00:22,596 - INFO - HTTP Request: POST http://localhost:8002/price "HTTP/1.1 200 OK"
2026-08-18 21:00:22,598 - INFO - Called pricing_service, req: {'items': [{'product_id': 'b2926dc2-cc6d-4c3e-ae40-7a127c173b16', 'qty': 1}], 'promo_codes': []}, response: {'items': [{'product_id': 'b2926dc2-cc6d-4c3e-ae40-7a127c173b16', 'qty': 1, 'unit_price': 150.0, 'line_total': 150.0, 'discounts': 0.0}], 'subtotal': 150.0, 'total_discount': 0.0, 'total': 150.0, 'currency': 'USD', 'total_input_tokens': 0, 'total_output_tokens': 0, 'total_llm_calls': 0}
2026-08-18 21:00:22,598 - INFO - Request for search_products successfully processed, query: looking for headphone with noise cancelling, result: query='looking for headphone with noise cancelling' results=[ProductSearchResultItem(sku='b2926dc2-cc6d-4c3e-ae40-7a127c173b16', name='Airpod', description='Noise cancelling headphone Airpod', price=150.0, score=1.875)] total_input_tokens=0 total_output_tokens=0 total_llm_calls=0
2026-08-18 21:00:22,605 - INFO - HTTP Request: POST http://localhost:8002/price "HTTP/1.1 200 OK"
2026-08-18 21:00:22,606 - INFO - Called pricing_service, req: {'items': [{'product_id': 'b2926dc2-cc6d-4c3e-ae40-7a127c173b16', 'qty': 1}], 'promo_codes': []}, response: {'items': [{'product_id': 'b2926dc2-cc6d-4c3e-ae40-7a127c173b16', 'qty': 1, 'unit_price': 150.0, 'line_total': 150.0, 'discounts': 0.0}], 'subtotal': 150.0, 'total_discount': 0.0, 'total': 150.0, 'currency': 'USD', 'total_input_tokens': 0, 'total_output_tokens': 0, 'total_llm_calls': 0}
2026-08-18 21:00:22,607 - INFO - Request for search_products successfully processed, query: looking for headphone with noise cancelling, result: query='looking for headphone with noise cancelling' results=[ProductSearchResultItem(sku='b2926dc2-cc6d-4c3e-ae40-7a127c173b16', name='Airpod', description='Noise cancelling headphone Airpod', price=150.0, score=1.875)] total_input_tokens=0 total_output_tokens=0 total_llm_calls=0
2026-08-18 21:00:22,608 - INFO - HTTP Request: POST http://localhost:8002/price "HTTP/1.1 200 OK"
2026-08-18 21:00:22,611 - INFO - Called pricing_service, req: {'items': [{'product_id': 'b2926dc2-cc6d-4c3e-ae40-7a127c173b16', 'qty': 1}], 'promo_codes': []}, response: {'items': [{'product_id': 'b2926dc2-cc6d-4c3e-ae40-7a127c173b16', 'qty': 1, 'unit_price': 150.0, 'line_total': 150.0, 'discounts': 0.0}], 'subtotal': 150.0, 'total_discount': 0.0, 'total': 150.0, 'currency': 'USD', 'total_input_tokens': 0, 'total_output_tokens': 0, 'total_llm_calls': 0}
2026-08-18 21:00:22,612 - INFO - Request for search_products successfully processed, query: looking for headphone with noise cancelling, result: query='looking for headphone with noise cancelling' results=[ProductSearchResultItem(sku='b2926dc2-cc6d-4c3e-ae40-7a127c173b16', name='Airpod', description='Noise cancelling headphone Airpod', price=150.0, score=1.875)] total_input_tokens=0 total_output_tokens=0 total_llm_calls=0
2026-08-18 21:00:22,613 - INFO - HTTP Request: POST http://localhost:8002/price "HTTP/1.1 200 OK"
2026-08-18 21:00:22,614 - INFO - HTTP Request: POST http://localhost:8002/price "HTTP/1.1 200 OK"
2026-08-18 21:00:22,615 - INFO - HTTP Request: POST http://localhost:8002/price "HTTP/1.1 200 OK"
2026-08-18 21:00:22,616 - INFO - Called pricing_service, req: {'items': [{'product_id': 'b2926dc2-cc6d-4c3e-ae40-7a127c173b16', 'qty': 1}], 'promo_codes': []}, response: {'items': [{'product_id': 'b2926dc2-cc6d-4c3e-ae40-7a127c173b16', 'qty': 1, 'unit_price': 150.0, 'line_total': 150.0, 'discounts': 0.0}], 'subtotal': 150.0, 'total_discount': 0.0, 'total': 150.0, 'currency': 'USD', 'total_input_tokens': 0, 'total_output_tokens': 0, 'total_llm_calls': 0}
2026-08-18 21:00:22,617 - INFO - Request for search_products successfully processed, query: looking for headphone with noise cancelling, result: query='looking for headphone with noise cancelling' results=[ProductSearchResultItem(sku='b2926dc2-cc6d-4c3e-ae40-7a127c173b16', name='Airpod', description='Noise cancelling headphone Airpod', price=150.0, score=1.875)] total_input_tokens=0 total_output_tokens=0 total_llm_calls=0
2026-08-18 21:00:22,618 - INFO - Called pricing_service, req: {'items': [{'product_id': 'b2926dc2-cc6d-4c3e-ae40-7a127c173b16', 'qty': 1}], 'promo_codes': []}, response: {'items': [{'product_id': 'b2926dc2-cc6d-4c3e-ae40-7a127c173b16', 'qty': 1, 'unit_price': 150.0, 'line_total': 150.0, 'discounts': 0.0}], 'subtotal': 150.0, 'total_discount': 0.0, 'total': 150.0, 'currency': 'USD', 'total_input_tokens': 0, 'total_output_tokens': 0, 'total_llm_calls': 0}
2026-08-18 21:00:22,618 - INFO - Request for search_products successfully processed, query: looking for headphone with noise cancelling, result: query='looking for headphone with noise cancelling' results=[ProductSearchResultItem(sku='b2926dc2-cc6d-4c3e-ae40-7a127c173b16', name='Airpod', description='Noise cancelling headphone Airpod', price=150.0, score=1.875)] total_input_tokens=0 total_output_tokens=0 total_llm_calls=0
2026-08-18 21:00:22,619 - INFO - Called pricing_service, req: {'items': [{'product_id': 'b2926dc2-cc6d-4c3e-ae40-7a127c173b16', 'qty': 1}], 'promo_codes': []}, response: {'items': [{'product_id': 'b2926dc2-cc6d-4c3e-ae40-7a127c173b16', 'qty': 1, 'unit_price': 150.0, 'line_total': 150.0, 'discounts': 0.0}], 'subtotal': 150.0, 'total_discount': 0.0, 'total': 150.0, 'currency': 'USD', 'total_input_tokens': 0, 'total_output_tokens': 0, 'total_llm_calls': 0}
2026-08-18 21:00:22,620 - INFO - Request for search_products successfully processed, query: looking for headphone with noise cancelling, result: query='looking for headphone with noise cancelling' results=[ProductSearchResultItem(sku='b2926dc2-cc6d-4c3e-ae40-7a127c173b16', name='Airpod', description='Noise cancelling headphone Airpod', price=150.0, score=1.875)] total_input_tokens=0 total_output_tokens=0 total_llm_calls=0
2026-08-18 21:00:22,620 - INFO - HTTP Request: POST http://localhost:8002/price "HTTP/1.1 200 OK"
2026-08-18 21:00:22,622 - INFO - HTTP Request: POST http://localhost:8002/price "HTTP/1.1 200 OK"
2026-08-18 21:00:22,623 - INFO - Called pricing_service, req: {'items': [{'product_id': 'b2926dc2-cc6d-4c3e-ae40-7a127c173b16', 'qty': 1}], 'promo_codes': []}, response: {'items': [{'product_id': 'b2926dc2-cc6d-4c3e-ae40-7a127c173b16', 'qty': 1, 'unit_price': 150.0, 'line_total': 150.0, 'discounts': 0.0}], 'subtotal': 150.0, 'total_discount': 0.0, 'total': 150.0, 'currency': 'USD', 'total_input_tokens': 0, 'total_output_tokens': 0, 'total_llm_calls': 0}
2026-08-18 21:00:22,624 - INFO - Request for search_products successfully processed, query: looking for headphone with noise cancelling, result: query='looking for headphone with noise cancelling' results=[ProductSearchResultItem(sku='b2926dc2-cc6d-4c3e-ae40-7a127c173b16', name='Airpod', description='Noise cancelling headphone Airpod', price=150.0, score=1.875)] total_input_tokens=0 total_output_tokens=0 total_llm_calls=0
2026-08-18 21:00:22,625 - INFO - Called pricing_service, req: {'items': [{'product_id': 'b2926dc2-cc6d-4c3e-ae40-7a127c173b16', 'qty': 1}], 'promo_codes': []}, response: {'items': [{'product_id': 'b2926dc2-cc6d-4c3e-ae40-7a127c173b16', 'qty': 1, 'unit_price': 150.0, 'line_total': 150.0, 'discounts': 0.0}], 'subtotal': 150.0, 'total_discount': 0.0, 'total': 150.0, 'currency': 'USD', 'total_input_tokens': 0, 'total_output_tokens': 0, 'total_llm_calls': 0}
2026-08-18 21:00:22,625 - INFO - Request for search_products successfully processed, query: looking for headphone with noise cancelling, result: query='looking for headphone with noise cancelling' results=[ProductSearchResultItem(sku='b2926dc2-cc6d-4c3e-ae40-7a127c173b16', name='Airpod', description='Noise cancelling headphone Airpod', price=150.0, score=1.875)] total_input_tokens=0 total_output_tokens=0 total_llm_calls=0
2026-08-18 21:00:23,224 - INFO - Request for search_products, query: looking for headphone with noise cancelling
2026-08-18 21:00:23,233 - INFO - Calling inventory_service for stock check, skus: ['b2926dc2-cc6d-4c3e-ae40-7a127c173b16']
2026-08-18 21:00:23,252 - INFO - HTTP Request: GET http://localhost:8001/stock?skus=b2926dc2-cc6d-4c3e-ae40-7a127c173b16 "HTTP/1.1 200 OK"
2026-08-18 21:00:23,257 - INFO - Called inventory_service, response: {'stocks': {'b2926dc2-cc6d-4c3e-ae40-7a127c173b16': 8}, 'total_input_tokens': 0, 'total_output_tokens': 0, 'total_llm_calls': 0}
2026-08-18 21:00:23,258 - INFO - Calling pricing_service, req: {'items': [{'product_id': 'b2926dc2-cc6d-4c3e-ae40-7a127c173b16', 'qty': 1}], 'promo_codes': []}
2026-08-18 21:00:23,278 - INFO - HTTP Request: POST http://localhost:8002/price "HTTP/1.1 200 OK"
2026-08-18 21:00:23,282 - INFO - Called pricing_service, req: {'items': [{'product_id': 'b2926dc2-cc6d-4c3e-ae40-7a127c173b16', 'qty': 1}], 'promo_codes': []}, response: {'items': [{'product_id': 'b2926dc2-cc6d-4c3e-ae40-7a127c173b16', 'qty': 1, 'unit_price': 150.0, 'line_total': 150.0, 'discounts': 0.0}], 'subtotal': 150.0, 'total_discount': 0.0, 'total': 150.0, 'currency': 'USD', 'total_input_tokens': 0, 'total_output_tokens': 0, 'total_llm_calls': 0}
2026-08-18 21:00:23,283 - INFO - Request for search_products successfully processed, query: looking for headphone with noise cancelling, result: query='looking for headphone with noise cancelling' results=[ProductSearchResultItem(sku='b2926dc2-cc6d-4c3e-ae40-7a127c173b16', name='Airpod', description='Noise cancelling headphone Airpod', price=150.0, score=1.875)] total_input_tokens=0 total_output_tokens=0 total_llm_calls=0
2026-08-18 21:00:24,406 - INFO - Request for search_products, query: looking for headphone with noise cancelling
2026-08-18 21:00:24,410 - INFO - Request for search_products, query: looking for headphone with noise cancelling
2026-08-18 21:00:24,413 - INFO - Calling inventory_service for stock check, skus: ['b2926dc2-cc6d-4c3e-ae40-7a127c173b16']
2026-08-18 21:00:24,422 - INFO - Calling inventory_service for stock check, skus: ['b2926dc2-cc6d-4c3e-ae40-7a127c173b16']
2026-08-18 21:00:24,437 - INFO - HTTP Request: GET http://localhost:8001/stock?skus=b2926dc2-cc6d-4c3e-ae40-7a127c173b16 "HTTP/1.1 200 OK"
2026-08-18 21:00:24,440 - INFO - Called inventory_service, response: {'stocks': {'b2926dc2-cc6d-4c3e-ae40-7a127c173b16': 2}, 'total_input_tokens': 0, 'total_output_tokens': 0, 'total_llm_calls': 0}
2026-08-18 21:00:24,441 - INFO - Calling pricing_service, req: {'items': [{'product_id': 'b2926dc2-cc6d-4c3e-ae40-7a127c173b16', 'qty': 1}], 'promo_codes': []}
2026-08-18 21:00:24,445 - INFO - HTTP Request: GET http://localhost:8001/stock?skus=b2926dc2-cc6d-4c3e-ae40-7a127c173b16 "HTTP/1.1 200 OK"
2026-08-18 21:00:24,447 - INFO - Called inventory_service, response: {'stocks': {'b2926dc2-cc6d-4c3e-ae40-7a127c173b16': 2}, 'total_input_tokens': 0, 'total_output_tokens': 0, 'total_llm_calls': 0}
2026-08-18 21:00:24,447 - INFO - Calling pricing_service, req: {'items': [{'product_id': 'b2926dc2-cc6d-4c3e-ae40-7a127c173b16', 'qty': 1}], 'promo_codes': []}
2026-08-18 21:00:24,463 - INFO - HTTP Request: POST http://localhost:8002/price "HTTP/1.1 200 OK"
2026-08-18 21:00:24,464 - INFO - HTTP Request: POST http://localhost:8002/price "HTTP/1.1 200 OK"
2026-08-18 21:00:24,466 - INFO - Called pricing_service, req: {'items': [{'product_id': 'b2926dc2-cc6d-4c3e-ae40-7a127c173b16', 'qty': 1}], 'promo_codes': []}, response: {'items': [{'product_id': 'b2926dc2-cc6d-4c3e-ae40-7a127c173b16', 'qty': 1, 'unit_price': 150.0, 'line_total': 150.0, 'discounts': 0.0}], 'subtotal': 150.0, 'total_discount': 0.0, 'total': 150.0, 'currency': 'USD', 'total_input_tokens': 0, 'total_output_tokens': 0, 'total_llm_calls': 0}
2026-08-18 21:00:24,468 - INFO - Request for search_products successfully processed, query: looking for headphone with noise cancelling, result: query='looking for headphone with noise cancelling' results=[ProductSearchResultItem(sku='b2926dc2-cc6d-4c3e-ae40-7a127c173b16', name='Airpod', description='Noise cancelling headphone Airpod', price=150.0, score=1.875)] total_input_tokens=0 total_output_tokens=0 total_llm_calls=0
2026-08-18 21:00:24,469 - INFO - Called pricing_service, req: {'items': [{'product_id': 'b2926dc2-cc6d-4c3e-ae40-7a127c173b16', 'qty': 1}], 'promo_codes': []}, response: {'items': [{'product_id': 'b2926dc2-cc6d-4c3e-ae40-7a127c173b16', 'qty': 1, 'unit_price': 150.0, 'line_total': 150.0, 'discounts': 0.0}], 'subtotal': 150.0, 'total_discount': 0.0, 'total': 150.0, 'currency': 'USD', 'total_input_tokens': 0, 'total_output_tokens': 0, 'total_llm_calls': 0}
2026-08-18 21:00:24,470 - INFO - Request for search_products successfully processed, query: looking for headphone with noise cancelling, result: query='looking for headphone with noise cancelling' results=[ProductSearchResultItem(sku='b2926dc2-cc6d-4c3e-ae40-7a127c173b16', name='Airpod', description='Noise cancelling headphone Airpod', price=150.0, score=1.875)] total_input_tokens=0 total_output_tokens=0 total_llm_calls=0
2026-08-18 21:00:25,006 - INFO - Request for search_products, query: looking for headphone with noise cancelling
2026-08-18 21:00:25,015 - INFO - Calling inventory_service for stock check, skus: ['b2926dc2-cc6d-4c3e-ae40-7a127c173b16']
2026-08-18 21:00:25,024 - INFO - HTTP Request: GET http://localhost:8001/stock?skus=b2926dc2-cc6d-4c3e-ae40-7a127c173b16 "HTTP/1.1 200 OK"
2026-08-18 21:00:25,025 - INFO - Called inventory_service, response: {'stocks': {'b2926dc2-cc6d-4c3e-ae40-7a127c173b16': 2}, 'total_input_tokens': 0, 'total_output_tokens': 0, 'total_llm_calls': 0}
2026-08-18 21:00:25,026 - INFO - Calling pricing_service, req: {'items': [{'product_id': 'b2926dc2-cc6d-4c3e-ae40-7a127c173b16', 'qty': 1}], 'promo_codes': []}
2026-08-18 21:00:25,036 - INFO - HTTP Request: POST http://localhost:8002/price "HTTP/1.1 200 OK"
2026-08-18 21:00:25,039 - INFO - Called pricing_service, req: {'items': [{'product_id': 'b2926dc2-cc6d-4c3e-ae40-7a127c173b16', 'qty': 1}], 'promo_codes': []}, response: {'items': [{'product_id': 'b2926dc2-cc6d-4c3e-ae40-7a127c173b16', 'qty': 1, 'unit_price': 150.0, 'line_total': 150.0, 'discounts': 0.0}], 'subtotal': 150.0, 'total_discount': 0.0, 'total': 150.0, 'currency': 'USD', 'total_input_tokens': 0, 'total_output_tokens': 0, 'total_llm_calls': 0}
2026-08-18 21:00:25,040 - INFO - Request for search_products successfully processed, query: looking for headphone with noise cancelling, result: query='looking for headphone with noise cancelling' results=[ProductSearchResultItem(sku='b2926dc2-cc6d-4c3e-ae40-7a127c173b16', name='Airpod', description='Noise cancelling headphone Airpod', price=150.0, score=1.875)] total_input_tokens=0 total_output_tokens=0 total_llm_calls=0
2026-08-18 21:00:25,577 - INFO - Request for search_products, query: looking for headphone with noise cancelling
2026-08-18 21:00:25,579 - INFO - Calling inventory_service for stock check, skus: ['b2926dc2-cc6d-4c3e-ae40-7a127c173b16']
2026-08-18 21:00:25,589 - INFO - HTTP Request: GET http://localhost:8001/stock?skus=b2926dc2-cc6d-4c3e-ae40-7a127c173b16 "HTTP/1.1 200 OK"
2026-08-18 21:00:25,591 - INFO - Called inventory_service, response: {'stocks': {'b2926dc2-cc6d-4c3e-ae40-7a127c173b16': 0}, 'total_input_tokens': 0, 'total_output_tokens': 0, 'total_llm_calls': 0}
2026-08-18 21:00:25,591 - INFO - Calling pricing_service, req: {'items': [], 'promo_codes': []}
2026-08-18 21:00:25,597 - INFO - HTTP Request: POST http://localhost:8002/price "HTTP/1.1 200 OK"
2026-08-18 21:00:25,602 - INFO - Called pricing_service, req: {'items': [], 'promo_codes': []}, response: {'items': [], 'subtotal': 0.0, 'total_discount': 0.0, 'total': 0.0, 'currency': 'USD', 'total_input_tokens': 0, 'total_output_tokens': 0, 'total_llm_calls': 0}
2026-08-18 21:00:25,602 - INFO - Request for search_products successfully processed, query: looking for headphone with noise cancelling, result: query='looking for headphone with noise cancelling' results=[] total_input_tokens=0 total_output_tokens=0 total_llm_calls=0
2026-08-18 21:00:25,615 - INFO - Request for search_products, query: looking for headphone with noise cancelling
2026-08-18 21:00:25,620 - INFO - Calling inventory_service for stock check, skus: ['b2926dc2-cc6d-4c3e-ae40-7a127c173b16']
2026-08-18 21:00:25,627 - INFO - HTTP Request: GET http://localhost:8001/stock?skus=b2926dc2-cc6d-4c3e-ae40-7a127c173b16 "HTTP/1.1 200 OK"
2026-08-18 21:00:25,629 - INFO - Called inventory_service, response: {'stocks': {'b2926dc2-cc6d-4c3e-ae40-7a127c173b16': 0}, 'total_input_tokens': 0, 'total_output_tokens': 0, 'total_llm_calls': 0}
2026-08-18 21:00:25,629 - INFO - Calling pricing_service, req: {'items': [], 'promo_codes': []}
2026-08-18 21:00:25,637 - INFO - Request for search_products, query: looking for headphone with noise cancelling
2026-08-18 21:00:25,639 - INFO - HTTP Request: POST http://localhost:8002/price "HTTP/1.1 200 OK"
2026-08-18 21:00:25,642 - INFO - Called pricing_service, req: {'items': [], 'promo_codes': []}, response: {'items': [], 'subtotal': 0.0, 'total_discount': 0.0, 'total': 0.0, 'currency': 'USD', 'total_input_tokens': 0, 'total_output_tokens': 0, 'total_llm_calls': 0}
2026-08-18 21:00:25,643 - INFO - Request for search_products successfully processed, query: looking for headphone with noise cancelling, result: query='looking for headphone with noise cancelling' results=[] total_input_tokens=0 total_output_tokens=0 total_llm_calls=0
2026-08-18 21:00:25,644 - INFO - Calling inventory_service for stock check, skus: ['b2926dc2-cc6d-4c3e-ae40-7a127c173b16']
2026-08-18 21:00:25,655 - INFO - HTTP Request: GET http://localhost:8001/stock?skus=b2926dc2-cc6d-4c3e-ae40-7a127c173b16 "HTTP/1.1 200 OK"
2026-08-18 21:00:25,657 - INFO - Called inventory_service, response: {'stocks': {'b2926dc2-cc6d-4c3e-ae40-7a127c173b16': 0}, 'total_input_tokens': 0, 'total_output_tokens': 0, 'total_llm_calls': 0}
2026-08-18 21:00:25,657 - INFO - Calling pricing_service, req: {'items': [], 'promo_codes': []}
2026-08-18 21:00:25,664 - INFO - HTTP Request: POST http://localhost:8002/price "HTTP/1.1 200 OK"
2026-08-18 21:00:25,665 - INFO - Called pricing_service, req: {'items': [], 'promo_codes': []}, response: {'items': [], 'subtotal': 0.0, 'total_discount': 0.0, 'total': 0.0, 'currency': 'USD', 'total_input_tokens': 0, 'total_output_tokens': 0, 'total_llm_calls': 0}
2026-08-18 21:00:25,666 - INFO - Request for search_products successfully processed, query: looking for headphone with noise cancelling, result: query='looking for headphone with noise cancelling' results=[] total_input_tokens=0 total_output_tokens=0 total_llm_calls=0
2026-08-18 21:00:25,688 - INFO - Request for search_products, query: looking for headphone with noise cancelling
2026-08-18 21:00:25,691 - INFO - Request for search_products, query: looking for headphone with noise cancelling
2026-08-18 21:00:25,692 - INFO - Request for search_products, query: looking for headphone with noise cancelling
2026-08-18 21:00:25,694 - INFO - Calling inventory_service for stock check, skus: ['b2926dc2-cc6d-4c3e-ae40-7a127c173b16']
2026-08-18 21:00:25,698 - INFO - Calling inventory_service for stock check, skus: ['b2926dc2-cc6d-4c3e-ae40-7a127c173b16']
2026-08-18 21:00:25,702 - INFO - HTTP Request: GET http://localhost:8001/stock?skus=b2926dc2-cc6d-4c3e-ae40-7a127c173b16 "HTTP/1.1 200 OK"
2026-08-18 21:00:25,705 - INFO - Called inventory_service, response: {'stocks': {'b2926dc2-cc6d-4c3e-ae40-7a127c173b16': 0}, 'total_input_tokens': 0, 'total_output_tokens': 0, 'total_llm_calls': 0}
2026-08-18 21:00:25,706 - INFO - Calling pricing_service, req: {'items': [], 'promo_codes': []}
2026-08-18 21:00:25,708 - INFO - Calling inventory_service for stock check, skus: ['b2926dc2-cc6d-4c3e-ae40-7a127c173b16']
2026-08-18 21:00:25,719 - INFO - HTTP Request: GET http://localhost:8001/stock?skus=b2926dc2-cc6d-4c3e-ae40-7a127c173b16 "HTTP/1.1 200 OK"
2026-08-18 21:00:25,721 - INFO - Called inventory_service, response: {'stocks': {'b2926dc2-cc6d-4c3e-ae40-7a127c173b16': 0}, 'total_input_tokens': 0, 'total_output_tokens': 0, 'total_llm_calls': 0}
2026-08-18 21:00:25,721 - INFO - Calling pricing_service, req: {'items': [], 'promo_codes': []}
2026-08-18 21:00:25,724 - INFO - HTTP Request: POST http://localhost:8002/price "HTTP/1.1 200 OK"
2026-08-18 21:00:25,726 - INFO - Called pricing_service, req: {'items': [], 'promo_codes': []}, response: {'items': [], 'subtotal': 0.0, 'total_discount': 0.0, 'total': 0.0, 'currency': 'USD', 'total_input_tokens': 0, 'total_output_tokens': 0, 'total_llm_calls': 0}
2026-08-18 21:00:25,726 - INFO - Request for search_products successfully processed, query: looking for headphone with noise cancelling, result: query='looking for headphone with noise cancelling' results=[] total_input_tokens=0 total_output_tokens=0 total_llm_calls=0
2026-08-18 21:00:25,728 - INFO - HTTP Request: GET http://localhost:8001/stock?skus=b2926dc2-cc6d-4c3e-ae40-7a127c173b16 "HTTP/1.1 200 OK"
2026-08-18 21:00:25,730 - INFO - Called inventory_service, response: {'stocks': {'b2926dc2-cc6d-4c3e-ae40-7a127c173b16': 0}, 'total_input_tokens': 0, 'total_output_tokens': 0, 'total_llm_calls': 0}
2026-08-18 21:00:25,730 - INFO - Calling pricing_service, req: {'items': [], 'promo_codes': []}
2026-08-18 21:00:25,733 - INFO - HTTP Request: POST http://localhost:8002/price "HTTP/1.1 200 OK"
2026-08-18 21:00:25,736 - INFO - Called pricing_service, req: {'items': [], 'promo_codes': []}, response: {'items': [], 'subtotal': 0.0, 'total_discount': 0.0, 'total': 0.0, 'currency': 'USD', 'total_input_tokens': 0, 'total_output_tokens': 0, 'total_llm_calls': 0}
2026-08-18 21:00:25,736 - INFO - Request for search_products successfully processed, query: looking for headphone with noise cancelling, result: query='looking for headphone with noise cancelling' results=[] total_input_tokens=0 total_output_tokens=0 total_llm_calls=0
2026-08-18 21:00:25,743 - INFO - HTTP Request: POST http://localhost:8002/price "HTTP/1.1 200 OK"
2026-08-18 21:00:25,745 - INFO - Called pricing_service, req: {'items': [], 'promo_codes': []}, response: {'items': [], 'subtotal': 0.0, 'total_discount': 0.0, 'total': 0.0, 'currency': 'USD', 'total_input_tokens': 0, 'total_output_tokens': 0, 'total_llm_calls': 0}
2026-08-18 21:00:25,745 - INFO - Request for search_products successfully processed, query: looking for headphone with noise cancelling, result: query='looking for headphone with noise cancelling' results=[] total_input_tokens=0 total_output_tokens=0 total_llm_calls=0
2026-08-18 21:11:58,161 - INFO - Request for search_products, query: looking for headphone with noise cancelling
2026-08-18 21:11:58,162 - INFO - Request for search_products, query: looking for headphone with noise cancelling
2026-08-18 21:11:58,163 - INFO - Request for search_products, query: looking for headphone with noise cancelling
2026-08-18 21:11:58,168 - INFO - Request for search_products, query: looking for headphone with noise cancelling
2026-08-18 21:11:58,170 - INFO - Request for search_products, query: looking for headphone with noise cancelling
2026-08-18 21:11:58,172 - INFO - Request for search_products, query: looking for headphone with noise cancelling
2026-08-18 21:11:58,173 - INFO - Calling inventory_service for stock check, skus: ['b2926dc2-cc6d-4c3e-ae40-7a127c173b16']
2026-08-18 21:11:58,174 - INFO - Calling inventory_service for stock check, skus: ['b2926dc2-cc6d-4c3e-ae40-7a127c173b16']
2026-08-18 21:11:58,176 - INFO - Calling inventory_service for stock check, skus: ['b2926dc2-cc6d-4c3e-ae40-7a127c173b16']
2026-08-18 21:11:58,178 - INFO - Request for search_products, query: looking for headphone with noise cancelling
2026-08-18 21:11:58,180 - INFO - Calling inventory_service for stock check, skus: ['b2926dc2-cc6d-4c3e-ae40-7a127c173b16']
2026-08-18 21:11:58,181 - INFO - Request for search_products, query: looking for headphone with noise cancelling
2026-08-18 21:11:58,184 - INFO - Request for search_products, query: looking for headphone with noise cancelling
2026-08-18 21:11:58,185 - INFO - Calling inventory_service for stock check, skus: ['b2926dc2-cc6d-4c3e-ae40-7a127c173b16']
2026-08-18 21:11:58,186 - INFO - Calling inventory_service for stock check, skus: ['b2926dc2-cc6d-4c3e-ae40-7a127c173b16']
2026-08-18 21:11:58,187 - INFO - Request for search_products, query: looking for headphone with noise cancelling
2026-08-18 21:11:58,189 - INFO - Calling inventory_service for stock check, skus: ['b2926dc2-cc6d-4c3e-ae40-7a127c173b16']
2026-08-18 21:11:58,190 - INFO - Calling inventory_service for stock check, skus: ['b2926dc2-cc6d-4c3e-ae40-7a127c173b16']
2026-08-18 21:11:58,191 - INFO - Calling inventory_service for stock check, skus: ['b2926dc2-cc6d-4c3e-ae40-7a127c173b16']
2026-08-18 21:11:58,194 - INFO - Calling inventory_service for stock check, skus: ['b2926dc2-cc6d-4c3e-ae40-7a127c173b16']
2026-08-18 21:11:58,205 - INFO - HTTP Request: GET http://localhost:8001/stock?skus=b2926dc2-cc6d-4c3e-ae40-7a127c173b16 "HTTP/1.1 200 OK"
2026-08-18 21:11:58,206 - INFO - Called inventory_service, response: {'stocks': {'b2926dc2-cc6d-4c3e-ae40-7a127c173b16': 10}, 'total_input_tokens': 0, 'total_output_tokens': 0, 'total_llm_calls': 0}
2026-08-18 21:11:58,206 - INFO - Calling pricing_service, req: {'items': [{'product_id': 'b2926dc2-cc6d-4c3e-ae40-7a127c173b16', 'qty': 1}], 'promo_codes': []}
2026-08-18 21:11:58,211 - INFO - HTTP Request: GET http://localhost:8001/stock?skus=b2926dc2-cc6d-4c3e-ae40-7a127c173b16 "HTTP/1.1 200 OK"
2026-08-18 21:11:58,212 - INFO - Called inventory_service, response: {'stocks': {'b2926dc2-cc6d-4c3e-ae40-7a127c173b16': 10}, 'total_input_tokens': 0, 'total_output_tokens': 0, 'total_llm_calls': 0}
2026-08-18 21:11:58,213 - INFO - Calling pricing_service, req: {'items': [{'product_id': 'b2926dc2-cc6d-4c3e-ae40-7a127c173b16', 'qty': 1}], 'promo_codes': []}
2026-08-18 21:11:58,215 - INFO - HTTP Request: GET http://localhost:8001/stock?skus=b2926dc2-cc6d-4c3e-ae40-7a127c173b16 "HTTP/1.1 200 OK"
2026-08-18 21:11:58,217 - INFO - Called inventory_service, response: {'stocks': {'b2926dc2-cc6d-4c3e-ae40-7a127c173b16': 10}, 'total_input_tokens': 0, 'total_output_tokens': 0, 'total_llm_calls': 0}
2026-08-18 21:11:58,217 - INFO - Calling pricing_service, req: {'items': [{'product_id': 'b2926dc2-cc6d-4c3e-ae40-7a127c173b16', 'qty': 1}], 'promo_codes': []}
2026-08-18 21:11:58,219 - INFO - HTTP Request: POST http://localhost:8002/price "HTTP/1.1 200 OK"
2026-08-18 21:11:58,220 - INFO - HTTP Request: GET http://localhost:8001/stock?skus=b2926dc2-cc6d-4c3e-ae40-7a127c173b16 "HTTP/1.1 200 OK"
2026-08-18 21:11:58,221 - INFO - HTTP Request: GET http://localhost:8001/stock?skus=b2926dc2-cc6d-4c3e-ae40-7a127c173b16 "HTTP/1.1 200 OK"
2026-08-18 21:11:58,222 - INFO - HTTP Request: GET http://localhost:8001/stock?skus=b2926dc2-cc6d-4c3e-ae40-7a127c173b16 "HTTP/1.1 200 OK"
2026-08-18 21:11:58,223 - INFO - Called pricing_service, req: {'items': [{'product_id': 'b2926dc2-cc6d-4c3e-ae40-7a127c173b16', 'qty': 1}], 'promo_codes': []}, response: {'items': [{'product_id': 'b2926dc2-cc6d-4c3e-ae40-7a127c173b16', 'qty': 1, 'unit_price': 150.0, 'line_total': 150.0, 'discounts': 0.0}], 'subtotal': 150.0, 'total_discount': 0.0, 'total': 150.0, 'currency': 'USD', 'total_input_tokens': 0, 'total_output_tokens': 0, 'total_llm_calls': 0}
2026-08-18 21:11:58,223 - INFO - Request for search_products successfully processed, query: looking for headphone with noise cancelling, result: query='looking for headphone with noise cancelling' results=[ProductSearchResultItem(sku='b2926dc2-cc6d-4c3e-ae40-7a127c173b16', name='Airpod', description='Noise cancelling headphone Airpod', price=150.0, score=1.875)] total_input_tokens=0 total_output_tokens=0 total_llm_calls=0
2026-08-18 21:11:58,224 - INFO - Called inventory_service, response: {'stocks': {'b2926dc2-cc6d-4c3e-ae40-7a127c173b16': 10}, 'total_input_tokens': 0, 'total_output_tokens': 0, 'total_llm_calls': 0}
2026-08-18 21:11:58,224 - INFO - Calling pricing_service, req: {'items': [{'product_id': 'b2926dc2-cc6d-4c3e-ae40-7a127c173b16', 'qty': 1}], 'promo_codes': []}
2026-08-18 21:11:58,225 - INFO - Called inventory_service, response: {'stocks': {'b2926dc2-cc6d-4c3e-ae40-7a127c173b16': 10}, 'total_input_tokens': 0, 'total_output_tokens': 0, 'total_llm_calls': 0}
2026-08-18 21:11:58,225 - INFO - Calling pricing_service, req: {'items': [{'product_id': 'b2926dc2-cc6d-4c3e-ae40-7a127c173b16', 'qty': 1}], 'promo_codes': []}
2026-08-18 21:11:58,226 - INFO - Called inventory_service, response: {'stocks': {'b2926dc2-cc6d-4c3e-ae40-7a127c173b16': 10}, 'total_input_tokens': 0, 'total_output_tokens': 0, 'total_llm_calls': 0}
2026-08-18 21:11:58,226 - INFO - Calling pricing_service, req: {'items': [{'product_id': 'b2926dc2-cc6d-4c3e-ae40-7a127c173b16', 'qty': 1}], 'promo_codes': []}
2026-08-18 21:11:58,228 - INFO - HTTP Request: GET http://localhost:8001/stock?skus=b2926dc2-cc6d-4c3e-ae40-7a127c173b16 "HTTP/1.1 200 OK"
2026-08-18 21:11:58,228 - INFO - HTTP Request: GET http://localhost:8001/stock?skus=b2926dc2-cc6d-4c3e-ae40-7a127c173b16 "HTTP/1.1 200 OK"
2026-08-18 21:11:58,229 - INFO - HTTP Request: GET http://localhost:8001/stock?skus=b2926dc2-cc6d-4c3e-ae40-7a127c173b16 "HTTP/1.1 200 OK"
2026-08-18 21:11:58,230 - INFO - HTTP Request: GET http://localhost:8001/stock?skus=b2926dc2-cc6d-4c3e-ae40-7a127c173b16 "HTTP/1.1 200 OK"
2026-08-18 21:11:58,231 - INFO - Called inventory_service, response: {'stocks': {'b2926dc2-cc6d-4c3e-ae40-7a127c173b16': 10}, 'total_input_tokens': 0, 'total_output_tokens': 0, 'total_llm_calls': 0}
2026-08-18 21:11:58,232 - INFO - Calling pricing_service, req: {'items': [{'product_id': 'b2926dc2-cc6d-4c3e-ae40-7a127c173b16', 'qty': 1}], 'promo_codes': []}
2026-08-18 21:11:58,233 - INFO - Called inventory_service, response: {'stocks': {'b2926dc2-cc6d-4c3e-ae40-7a127c173b16': 10}, 'total_input_tokens': 0, 'total_output_tokens': 0, 'total_llm_calls': 0}
2026-08-18 21:11:58,234 - INFO - Calling pricing_service, req: {'items': [{'product_id': 'b2926dc2-cc6d-4c3e-ae40-7a127c173b16', 'qty': 1}], 'promo_codes': []}
2026-08-18 21:11:58,235 - INFO - Called inventory_service, response: {'stocks': {'b2926dc2-cc6d-4c3e-ae40-7a127c173b16': 10}, 'total_input_tokens': 0, 'total_output_tokens': 0, 'total_llm_calls': 0}
2026-08-18 21:11:58,235 - INFO - Calling pricing_service, req: {'items': [{'product_id': 'b2926dc2-cc6d-4c3e-ae40-7a127c173b16', 'qty': 1}], 'promo_codes': []}
2026-08-18 21:11:58,237 - INFO - Called inventory_service, response: {'stocks': {'b2926dc2-cc6d-4c3e-ae40-7a127c173b16': 10}, 'total_input_tokens': 0, 'total_output_tokens': 0, 'total_llm_calls': 0}
2026-08-18 21:11:58,237 - INFO - Calling pricing_service, req: {'items': [{'product_id': 'b2926dc2-cc6d-4c3e-ae40-7a127c173b16', 'qty': 1}], 'promo_codes': []}
2026-08-18 21:11:58,248 - INFO - HTTP Request: POST http://localhost:8002/price "HTTP/1.1 200 OK"
2026-08-18 21:11:58,251 - INFO - Called pricing_service, req: {'items': [{'product_id': 'b2926dc2-cc6d-4c3e-ae40-7a127c173b16', 'qty': 1}], 'promo_codes': []}, response: {'items': [{'product_id': 'b2926dc2-cc6d-4c3e-ae40-7a127c173b16', 'qty': 1, 'unit_price': 150.0, 'line_total': 150.0, 'discounts': 0.0}], 'subtotal': 150.0, 'total_discount': 0.0, 'total': 150.0, 'currency': 'USD', 'total_input_tokens': 0, 'total_output_tokens': 0, 'total_llm_calls': 0}
2026-08-18 21:11:58,251 - INFO - Request for search_products successfully processed, query: looking for headphone with noise cancelling, result: query='looking for headphone with noise cancelling' results=[ProductSearchResultItem(sku='b2926dc2-cc6d-4c3e-ae40-7a127c173b16', name='Airpod', description='Noise cancelling headphone Airpod', price=150.0, score=1.875)] total_input_tokens=0 total_output_tokens=0 total_llm_calls=0
2026-08-18 21:11:58,260 - INFO - HTTP Request: POST http://localhost:8002/price "HTTP/1.1 200 OK"
2026-08-18 21:11:58,262 - INFO - Called pricing_service, req: {'items': [{'product_id': 'b2926dc2-cc6d-4c3e-ae40-7a127c173b16', 'qty': 1}], 'promo_codes': []}, response: {'items': [{'product_id': 'b2926dc2-cc6d-4c3e-ae40-7a127c173b16', 'qty': 1, 'unit_price': 150.0, 'line_total': 150.0, 'discounts': 0.0}], 'subtotal': 150.0, 'total_discount': 0.0, 'total': 150.0, 'currency': 'USD', 'total_input_tokens': 0, 'total_output_tokens': 0, 'total_llm_calls': 0}
2026-08-18 21:11:58,263 - INFO - Request for search_products successfully processed, query: looking for headphone with noise cancelling, result: query='looking for headphone with noise cancelling' results=[ProductSearchResultItem(sku='b2926dc2-cc6d-4c3e-ae40-7a127c173b16', name='Airpod', description='Noise cancelling headphone Airpod', price=150.0, score=1.875)] total_input_tokens=0 total_output_tokens=0 total_llm_calls=0
2026-08-18 21:11:58,270 - INFO - HTTP Request: POST http://localhost:8002/price "HTTP/1.1 200 OK"
2026-08-18 21:11:58,272 - INFO - Called pricing_service, req: {'items': [{'product_id': 'b2926dc2-cc6d-4c3e-ae40-7a127c173b16', 'qty': 1}], 'promo_codes': []}, response: {'items': [{'product_id': 'b2926dc2-cc6d-4c3e-ae40-7a127c173b16', 'qty': 1, 'unit_price': 150.0, 'line_total': 150.0, 'discounts': 0.0}], 'subtotal': 150.0, 'total_discount': 0.0, 'total': 150.0, 'currency': 'USD', 'total_input_tokens': 0, 'total_output_tokens': 0, 'total_llm_calls': 0}
2026-08-18 21:11:58,272 - INFO - Request for search_products successfully processed, query: looking for headphone with noise cancelling, result: query='looking for headphone with noise cancelling' results=[ProductSearchResultItem(sku='b2926dc2-cc6d-4c3e-ae40-7a127c173b16', name='Airpod', description='Noise cancelling headphone Airpod', price=150.0, score=1.875)] total_input_tokens=0 total_output_tokens=0 total_llm_calls=0
2026-08-18 21:11:58,282 - INFO - HTTP Request: POST http://localhost:8002/price "HTTP/1.1 200 OK"
2026-08-18 21:11:58,283 - INFO - Called pricing_service, req: {'items': [{'product_id': 'b2926dc2-cc6d-4c3e-ae40-7a127c173b16', 'qty': 1}], 'promo_codes': []}, response: {'items': [{'product_id': 'b2926dc2-cc6d-4c3e-ae40-7a127c173b16', 'qty': 1, 'unit_price': 150.0, 'line_total': 150.0, 'discounts': 0.0}], 'subtotal': 150.0, 'total_discount': 0.0, 'total': 150.0, 'currency': 'USD', 'total_input_tokens': 0, 'total_output_tokens': 0, 'total_llm_calls': 0}
2026-08-18 21:11:58,283 - INFO - Request for search_products successfully processed, query: looking for headphone with noise cancelling, result: query='looking for headphone with noise cancelling' results=[ProductSearchResultItem(sku='b2926dc2-cc6d-4c3e-ae40-7a127c173b16', name='Airpod', description='Noise cancelling headphone Airpod', price=150.0, score=1.875)] total_input_tokens=0 total_output_tokens=0 total_llm_calls=0
2026-08-18 21:11:58,285 - INFO - HTTP Request: POST http://localhost:8002/price "HTTP/1.1 200 OK"
2026-08-18 21:11:58,286 - INFO - Called pricing_service, req: {'items': [{'product_id': 'b2926dc2-cc6d-4c3e-ae40-7a127c173b16', 'qty': 1}], 'promo_codes': []}, response: {'items': [{'product_id': 'b2926dc2-cc6d-4c3e-ae40-7a127c173b16', 'qty': 1, 'unit_price': 150.0, 'line_total': 150.0, 'discounts': 0.0}], 'subtotal': 150.0, 'total_discount': 0.0, 'total': 150.0, 'currency': 'USD', 'total_input_tokens': 0, 'total_output_tokens': 0, 'total_llm_calls': 0}
2026-08-18 21:11:58,286 - INFO - Request for search_products successfully processed, query: looking for headphone with noise cancelling, result: query='looking for headphone with noise cancelling' results=[ProductSearchResultItem(sku='b2926dc2-cc6d-4c3e-ae40-7a127c173b16', name='Airpod', description='Noise cancelling headphone Airpod', price=150.0, score=1.875)] total_input_tokens=0 total_output_tokens=0 total_llm_calls=0
2026-08-18 21:11:58,288 - INFO - HTTP Request: POST http://localhost:8002/price "HTTP/1.1 200 OK"
2026-08-18 21:11:58,289 - INFO - HTTP Request: POST http://localhost:8002/price "HTTP/1.1 200 OK"
2026-08-18 21:11:58,289 - INFO - HTTP Request: POST http://localhost:8002/price "HTTP/1.1 200 OK"
2026-08-18 21:11:58,290 - INFO - HTTP Request: POST http://localhost:8002/price "HTTP/1.1 200 OK"
2026-08-18 21:11:58,292 - INFO - Called pricing_service, req: {'items': [{'product_id': 'b2926dc2-cc6d-4c3e-ae40-7a127c173b16', 'qty': 1}], 'promo_codes': []}, response: {'items': [{'product_id': 'b2926dc2-cc6d-4c3e-ae40-7a127c173b16', 'qty': 1, 'unit_price': 150.0, 'line_total': 150.0, 'discounts': 0.0}], 'subtotal': 150.0, 'total_discount': 0.0, 'total': 150.0, 'currency': 'USD', 'total_input_tokens': 0, 'total_output_tokens': 0, 'total_llm_calls': 0}
2026-08-18 21:11:58,292 - INFO - Request for search_products successfully processed, query: looking for headphone with noise cancelling, result: query='looking for headphone with noise cancelling' results=[ProductSearchResultItem(sku='b2926dc2-cc6d-4c3e-ae40-7a127c173b16', name='Airpod', description='Noise cancelling headphone Airpod', price=150.0, score=1.875)] total_input_tokens=0 total_output_tokens=0 total_llm_calls=0
2026-08-18 21:11:58,293 - INFO - Called pricing_service, req: {'items': [{'product_id': 'b2926dc2-cc6d-4c3e-ae40-7a127c173b16', 'qty': 1}], 'promo_codes': []}, response: {'items': [{'product_id': 'b2926dc2-cc6d-4c3e-ae40-7a127c173b16', 'qty': 1, 'unit_price': 150.0, 'line_total': 150.0, 'discounts': 0.0}], 'subtotal': 150.0, 'total_discount': 0.0, 'total': 150.0, 'currency': 'USD', 'total_input_tokens': 0, 'total_output_tokens': 0, 'total_llm_calls': 0}
2026-08-18 21:11:58,293 - INFO - Request for search_products successfully processed, query: looking for headphone with noise cancelling, result: query='looking for headphone with noise cancelling' results=[ProductSearchResultItem(sku='b2926dc2-cc6d-4c3e-ae40-7a127c173b16', name='Airpod', description='Noise cancelling headphone Airpod', price=150.0, score=1.875)] total_input_tokens=0 total_output_tokens=0 total_llm_calls=0
2026-08-18 21:11:58,295 - INFO - Called pricing_service, req: {'items': [{'product_id': 'b2926dc2-cc6d-4c3e-ae40-7a127c173b16', 'qty': 1}], 'promo_codes': []}, response: {'items': [{'product_id': 'b2926dc2-cc6d-4c3e-ae40-7a127c173b16', 'qty': 1, 'unit_price': 150.0, 'line_total': 150.0, 'discounts': 0.0}], 'subtotal': 150.0, 'total_discount': 0.0, 'total': 150.0, 'currency': 'USD', 'total_input_tokens': 0, 'total_output_tokens': 0, 'total_llm_calls': 0}
2026-08-18 21:11:58,295 - INFO - Request for search_products successfully processed, query: looking for headphone with noise cancelling, result: query='looking for headphone with noise cancelling' results=[ProductSearchResultItem(sku='b2926dc2-cc6d-4c3e-ae40-7a127c173b16', name='Airpod', description='Noise cancelling headphone Airpod', price=150.0, score=1.875)] total_input_tokens=0 total_output_tokens=0 total_llm_calls=0
2026-08-18 21:11:58,297 - INFO - Called pricing_service, req: {'items': [{'product_id': 'b2926dc2-cc6d-4c3e-ae40-7a127c173b16', 'qty': 1}], 'promo_codes': []}, response: {'items': [{'product_id': 'b2926dc2-cc6d-4c3e-ae40-7a127c173b16', 'qty': 1, 'unit_price': 150.0, 'line_total': 150.0, 'discounts': 0.0}], 'subtotal': 150.0, 'total_discount': 0.0, 'total': 150.0, 'currency': 'USD', 'total_input_tokens': 0, 'total_output_tokens': 0, 'total_llm_calls': 0}
2026-08-18 21:11:58,298 - INFO - Request for search_products successfully processed, query: looking for headphone with noise cancelling, result: query='looking for headphone with noise cancelling' results=[ProductSearchResultItem(sku='b2926dc2-cc6d-4c3e-ae40-7a127c173b16', name='Airpod', description='Noise cancelling headphone Airpod', price=150.0, score=1.875)] total_input_tokens=0 total_output_tokens=0 total_llm_calls=0
2026-08-18 21:11:58,803 - INFO - Request for search_products, query: looking for headphone with noise cancelling
2026-08-18 21:11:58,807 - INFO - Calling inventory_service for stock check, skus: ['b2926dc2-cc6d-4c3e-ae40-7a127c173b16']
2026-08-18 21:11:58,816 - INFO - HTTP Request: GET http://localhost:8001/stock?skus=b2926dc2-cc6d-4c3e-ae40-7a127c173b16 "HTTP/1.1 200 OK"
2026-08-18 21:11:58,819 - INFO - Called inventory_service, response: {'stocks': {'b2926dc2-cc6d-4c3e-ae40-7a127c173b16': 8}, 'total_input_tokens': 0, 'total_output_tokens': 0, 'total_llm_calls': 0}
2026-08-18 21:11:58,820 - INFO - Calling pricing_service, req: {'items': [{'product_id': 'b2926dc2-cc6d-4c3e-ae40-7a127c173b16', 'qty': 1}], 'promo_codes': []}
2026-08-18 21:11:58,835 - INFO - HTTP Request: POST http://localhost:8002/price "HTTP/1.1 200 OK"
2026-08-18 21:11:58,838 - INFO - Called pricing_service, req: {'items': [{'product_id': 'b2926dc2-cc6d-4c3e-ae40-7a127c173b16', 'qty': 1}], 'promo_codes': []}, response: {'items': [{'product_id': 'b2926dc2-cc6d-4c3e-ae40-7a127c173b16', 'qty': 1, 'unit_price': 150.0, 'line_total': 150.0, 'discounts': 0.0}], 'subtotal': 150.0, 'total_discount': 0.0, 'total': 150.0, 'currency': 'USD', 'total_input_tokens': 0, 'total_output_tokens': 0, 'total_llm_calls': 0}
2026-08-18 21:11:58,839 - INFO - Request for search_products successfully processed, query: looking for headphone with noise cancelling, result: query='looking for headphone with noise cancelling' results=[ProductSearchResultItem(sku='b2926dc2-cc6d-4c3e-ae40-7a127c173b16', name='Airpod', description='Noise cancelling headphone Airpod', price=150.0, score=1.875)] total_input_tokens=0 total_output_tokens=0 total_llm_calls=0
2026-08-18 21:11:59,478 - INFO - Request for search_products, query: looking for headphone with noise cancelling
2026-08-18 21:11:59,482 - INFO - Calling inventory_service for stock check, skus: ['b2926dc2-cc6d-4c3e-ae40-7a127c173b16']
2026-08-18 21:11:59,492 - INFO - HTTP Request: GET http://localhost:8001/stock?skus=b2926dc2-cc6d-4c3e-ae40-7a127c173b16 "HTTP/1.1 200 OK"
2026-08-18 21:11:59,494 - INFO - Called inventory_service, response: {'stocks': {'b2926dc2-cc6d-4c3e-ae40-7a127c173b16': 6}, 'total_input_tokens': 0, 'total_output_tokens': 0, 'total_llm_calls': 0}
2026-08-18 21:11:59,494 - INFO - Calling pricing_service, req: {'items': [{'product_id': 'b2926dc2-cc6d-4c3e-ae40-7a127c173b16', 'qty': 1}], 'promo_codes': []}
2026-08-18 21:11:59,503 - INFO - HTTP Request: POST http://localhost:8002/price "HTTP/1.1 200 OK"
2026-08-18 21:11:59,508 - INFO - Called pricing_service, req: {'items': [{'product_id': 'b2926dc2-cc6d-4c3e-ae40-7a127c173b16', 'qty': 1}], 'promo_codes': []}, response: {'items': [{'product_id': 'b2926dc2-cc6d-4c3e-ae40-7a127c173b16', 'qty': 1, 'unit_price': 150.0, 'line_total': 150.0, 'discounts': 0.0}], 'subtotal': 150.0, 'total_discount': 0.0, 'total': 150.0, 'currency': 'USD', 'total_input_tokens': 0, 'total_output_tokens': 0, 'total_llm_calls': 0}
2026-08-18 21:11:59,509 - INFO - Request for search_products successfully processed, query: looking for headphone with noise cancelling, result: query='looking for headphone with noise cancelling' results=[ProductSearchResultItem(sku='b2926dc2-cc6d-4c3e-ae40-7a127c173b16', name='Airpod', description='Noise cancelling headphone Airpod', price=150.0, score=1.875)] total_input_tokens=0 total_output_tokens=0 total_llm_calls=0
2026-08-18 21:12:00,085 - INFO - Request for search_products, query: looking for headphone with noise cancelling
2026-08-18 21:12:00,087 - INFO - Calling inventory_service for stock check, skus: ['b2926dc2-cc6d-4c3e-ae40-7a127c173b16']
2026-08-18 21:12:00,094 - INFO - HTTP Request: GET http://localhost:8001/stock?skus=b2926dc2-cc6d-4c3e-ae40-7a127c173b16 "HTTP/1.1 200 OK"
2026-08-18 21:12:00,095 - INFO - Called inventory_service, response: {'stocks': {'b2926dc2-cc6d-4c3e-ae40-7a127c173b16': 4}, 'total_input_tokens': 0, 'total_output_tokens': 0, 'total_llm_calls': 0}
2026-08-18 21:12:00,096 - INFO - Calling pricing_service, req: {'items': [{'product_id': 'b2926dc2-cc6d-4c3e-ae40-7a127c173b16', 'qty': 1}], 'promo_codes': []}
2026-08-18 21:12:00,104 - INFO - HTTP Request: POST http://localhost:8002/price "HTTP/1.1 200 OK"
2026-08-18 21:12:00,105 - INFO - Called pricing_service, req: {'items': [{'product_id': 'b2926dc2-cc6d-4c3e-ae40-7a127c173b16', 'qty': 1}], 'promo_codes': []}, response: {'items': [{'product_id': 'b2926dc2-cc6d-4c3e-ae40-7a127c173b16', 'qty': 1, 'unit_price': 150.0, 'line_total': 150.0, 'discounts': 0.0}], 'subtotal': 150.0, 'total_discount': 0.0, 'total': 150.0, 'currency': 'USD', 'total_input_tokens': 0, 'total_output_tokens': 0, 'total_llm_calls': 0}
2026-08-18 21:12:00,106 - INFO - Request for search_products successfully processed, query: looking for headphone with noise cancelling, result: query='looking for headphone with noise cancelling' results=[ProductSearchResultItem(sku='b2926dc2-cc6d-4c3e-ae40-7a127c173b16', name='Airpod', description='Noise cancelling headphone Airpod', price=150.0, score=1.875)] total_input_tokens=0 total_output_tokens=0 total_llm_calls=0
2026-08-18 21:12:01,342 - INFO - Request for search_products, query: looking for headphone with noise cancelling
2026-08-18 21:12:01,351 - INFO - Request for search_products, query: looking for headphone with noise cancelling
2026-08-18 21:12:01,361 - INFO - Calling inventory_service for stock check, skus: ['b2926dc2-cc6d-4c3e-ae40-7a127c173b16']
2026-08-18 21:12:01,364 - INFO - Calling inventory_service for stock check, skus: ['b2926dc2-cc6d-4c3e-ae40-7a127c173b16']
2026-08-18 21:12:01,369 - INFO - Request for search_products, query: looking for headphone with noise cancelling
2026-08-18 21:12:01,376 - INFO - Request for search_products, query: looking for headphone with noise cancelling
2026-08-18 21:12:01,380 - INFO - Request for search_products, query: looking for headphone with noise cancelling
2026-08-18 21:12:01,385 - INFO - Request for search_products, query: looking for headphone with noise cancelling
2026-08-18 21:12:01,387 - INFO - HTTP Request: GET http://localhost:8001/stock?skus=b2926dc2-cc6d-4c3e-ae40-7a127c173b16 "HTTP/1.1 200 OK"
2026-08-18 21:12:01,391 - INFO - Request for search_products, query: looking for headphone with noise cancelling
2026-08-18 21:12:01,392 - INFO - Calling inventory_service for stock check, skus: ['b2926dc2-cc6d-4c3e-ae40-7a127c173b16']
2026-08-18 21:12:01,395 - INFO - Called inventory_service, response: {'stocks': {'b2926dc2-cc6d-4c3e-ae40-7a127c173b16': 0}, 'total_input_tokens': 0, 'total_output_tokens': 0, 'total_llm_calls': 0}
2026-08-18 21:12:01,396 - INFO - Calling pricing_service, req: {'items': [], 'promo_codes': []}
2026-08-18 21:12:01,398 - INFO - Calling inventory_service for stock check, skus: ['b2926dc2-cc6d-4c3e-ae40-7a127c173b16']
2026-08-18 21:12:01,401 - INFO - Calling inventory_service for stock check, skus: ['b2926dc2-cc6d-4c3e-ae40-7a127c173b16']
2026-08-18 21:12:01,406 - INFO - Calling inventory_service for stock check, skus: ['b2926dc2-cc6d-4c3e-ae40-7a127c173b16']
2026-08-18 21:12:01,410 - INFO - Calling inventory_service for stock check, skus: ['b2926dc2-cc6d-4c3e-ae40-7a127c173b16']
2026-08-18 21:12:01,414 - INFO - HTTP Request: GET http://localhost:8001/stock?skus=b2926dc2-cc6d-4c3e-ae40-7a127c173b16 "HTTP/1.1 200 OK"
2026-08-18 21:12:01,415 - INFO - Called inventory_service, response: {'stocks': {'b2926dc2-cc6d-4c3e-ae40-7a127c173b16': 0}, 'total_input_tokens': 0, 'total_output_tokens': 0, 'total_llm_calls': 0}
2026-08-18 21:12:01,416 - INFO - Calling pricing_service, req: {'items': [], 'promo_codes': []}
2026-08-18 21:12:01,420 - INFO - HTTP Request: GET http://localhost:8001/stock?skus=b2926dc2-cc6d-4c3e-ae40-7a127c173b16 "HTTP/1.1 200 OK"
2026-08-18 21:12:01,424 - INFO - Called inventory_service, response: {'stocks': {'b2926dc2-cc6d-4c3e-ae40-7a127c173b16': 0}, 'total_input_tokens': 0, 'total_output_tokens': 0, 'total_llm_calls': 0}
2026-08-18 21:12:01,424 - INFO - Calling pricing_service, req: {'items': [], 'promo_codes': []}
2026-08-18 21:12:01,427 - INFO - HTTP Request: POST http://localhost:8002/price "HTTP/1.1 200 OK"
2026-08-18 21:12:01,428 - INFO - HTTP Request: GET http://localhost:8001/stock?skus=b2926dc2-cc6d-4c3e-ae40-7a127c173b16 "HTTP/1.1 200 OK"
2026-08-18 21:12:01,429 - INFO - Called pricing_service, req: {'items': [], 'promo_codes': []}, response: {'items': [], 'subtotal': 0.0, 'total_discount': 0.0, 'total': 0.0, 'currency': 'USD', 'total_input_tokens': 0, 'total_output_tokens': 0, 'total_llm_calls': 0}
2026-08-18 21:12:01,429 - INFO - Request for search_products successfully processed, query: looking for headphone with noise cancelling, result: query='looking for headphone with noise cancelling' results=[] total_input_tokens=0 total_output_tokens=0 total_llm_calls=0
2026-08-18 21:12:01,430 - INFO - Called inventory_service, response: {'stocks': {'b2926dc2-cc6d-4c3e-ae40-7a127c173b16': 0}, 'total_input_tokens': 0, 'total_output_tokens': 0, 'total_llm_calls': 0}
2026-08-18 21:12:01,431 - INFO - Calling pricing_service, req: {'items': [], 'promo_codes': []}
2026-08-18 21:12:01,437 - INFO - HTTP Request: GET http://localhost:8001/stock?skus=b2926dc2-cc6d-4c3e-ae40-7a127c173b16 "HTTP/1.1 200 OK"
2026-08-18 21:12:01,444 - INFO - Called inventory_service, response: {'stocks': {'b2926dc2-cc6d-4c3e-ae40-7a127c173b16': 0}, 'total_input_tokens': 0, 'total_output_tokens': 0, 'total_llm_calls': 0}
2026-08-18 21:12:01,445 - INFO - Calling pricing_service, req: {'items': [], 'promo_codes': []}
2026-08-18 21:12:01,452 - INFO - HTTP Request: POST http://localhost:8002/price "HTTP/1.1 200 OK"
2026-08-18 21:12:01,454 - INFO - Called pricing_service, req: {'items': [], 'promo_codes': []}, response: {'items': [], 'subtotal': 0.0, 'total_discount': 0.0, 'total': 0.0, 'currency': 'USD', 'total_input_tokens': 0, 'total_output_tokens': 0, 'total_llm_calls': 0}
2026-08-18 21:12:01,455 - INFO - Request for search_products successfully processed, query: looking for headphone with noise cancelling, result: query='looking for headphone with noise cancelling' results=[] total_input_tokens=0 total_output_tokens=0 total_llm_calls=0
2026-08-18 21:12:01,460 - INFO - HTTP Request: POST http://localhost:8002/price "HTTP/1.1 200 OK"
2026-08-18 21:12:01,462 - INFO - Called pricing_service, req: {'items': [], 'promo_codes': []}, response: {'items': [], 'subtotal': 0.0, 'total_discount': 0.0, 'total': 0.0, 'currency': 'USD', 'total_input_tokens': 0, 'total_output_tokens': 0, 'total_llm_calls': 0}
2026-08-18 21:12:01,463 - INFO - Request for search_products successfully processed, query: looking for headphone with noise cancelling, result: query='looking for headphone with noise cancelling' results=[] total_input_tokens=0 total_output_tokens=0 total_llm_calls=0
2026-08-18 21:12:01,464 - INFO - HTTP Request: GET http://localhost:8001/stock?skus=b2926dc2-cc6d-4c3e-ae40-7a127c173b16 "HTTP/1.1 200 OK"
2026-08-18 21:12:01,466 - INFO - Called inventory_service, response: {'stocks': {'b2926dc2-cc6d-4c3e-ae40-7a127c173b16': 0}, 'total_input_tokens': 0, 'total_output_tokens': 0, 'total_llm_calls': 0}
2026-08-18 21:12:01,466 - INFO - Calling pricing_service, req: {'items': [], 'promo_codes': []}
2026-08-18 21:12:01,469 - INFO - HTTP Request: GET http://localhost:8001/stock?skus=b2926dc2-cc6d-4c3e-ae40-7a127c173b16 "HTTP/1.1 200 OK"
2026-08-18 21:12:01,473 - INFO - Called inventory_service, response: {'stocks': {'b2926dc2-cc6d-4c3e-ae40-7a127c173b16': 0}, 'total_input_tokens': 0, 'total_output_tokens': 0, 'total_llm_calls': 0}
2026-08-18 21:12:01,474 - INFO - Calling pricing_service, req: {'items': [], 'promo_codes': []}
2026-08-18 21:12:01,478 - INFO - HTTP Request: POST http://localhost:8002/price "HTTP/1.1 200 OK"
2026-08-18 21:12:01,480 - INFO - Called pricing_service, req: {'items': [], 'promo_codes': []}, response: {'items': [], 'subtotal': 0.0, 'total_discount': 0.0, 'total': 0.0, 'currency': 'USD', 'total_input_tokens': 0, 'total_output_tokens': 0, 'total_llm_calls': 0}
2026-08-18 21:12:01,480 - INFO - Request for search_products successfully processed, query: looking for headphone with noise cancelling, result: query='looking for headphone with noise cancelling' results=[] total_input_tokens=0 total_output_tokens=0 total_llm_calls=0
2026-08-18 21:12:01,484 - INFO - HTTP Request: POST http://localhost:8002/price "HTTP/1.1 200 OK"
2026-08-18 21:12:01,489 - INFO - Called pricing_service, req: {'items': [], 'promo_codes': []}, response: {'items': [], 'subtotal': 0.0, 'total_discount': 0.0, 'total': 0.0, 'currency': 'USD', 'total_input_tokens': 0, 'total_output_tokens': 0, 'total_llm_calls': 0}
2026-08-18 21:12:01,489 - INFO - Request for search_products successfully processed, query: looking for headphone with noise cancelling, result: query='looking for headphone with noise cancelling' results=[] total_input_tokens=0 total_output_tokens=0 total_llm_calls=0
2026-08-18 21:12:01,494 - INFO - HTTP Request: POST http://localhost:8002/price "HTTP/1.1 200 OK"
2026-08-18 21:12:01,496 - INFO - Called pricing_service, req: {'items': [], 'promo_codes': []}, response: {'items': [], 'subtotal': 0.0, 'total_discount': 0.0, 'total': 0.0, 'currency': 'USD', 'total_input_tokens': 0, 'total_output_tokens': 0, 'total_llm_calls': 0}
2026-08-18 21:12:01,496 - INFO - Request for search_products successfully processed, query: looking for headphone with noise cancelling, result: query='looking for headphone with noise cancelling' results=[] total_input_tokens=0 total_output_tokens=0 total_llm_calls=0
2026-08-18 21:12:01,498 - INFO - HTTP Request: POST http://localhost:8002/price "HTTP/1.1 200 OK"
2026-08-18 21:12:01,499 - INFO - Called pricing_service, req: {'items': [], 'promo_codes': []}, response: {'items': [], 'subtotal': 0.0, 'total_discount': 0.0, 'total': 0.0, 'currency': 'USD', 'total_input_tokens': 0, 'total_output_tokens': 0, 'total_llm_calls': 0}
2026-08-18 21:12:01,500 - INFO - Request for search_products successfully processed, query: looking for headphone with noise cancelling, result: query='looking for headphone with noise cancelling' results=[] total_input_tokens=0 total_output_tokens=0 total_llm_calls=0
2026-08-18 21:13:18,662 - INFO - Request for search_products, query: looking for headphone with noise cancelling
2026-08-18 21:13:18,663 - INFO - Request for search_products, query: looking for headphone with noise cancelling
2026-08-18 21:13:18,665 - INFO - Request for search_products, query: looking for headphone with noise cancelling
2026-08-18 21:13:18,667 - INFO - Calling inventory_service for stock check, skus: ['b2926dc2-cc6d-4c3e-ae40-7a127c173b16']
2026-08-18 21:13:18,670 - INFO - Calling inventory_service for stock check, skus: ['b2926dc2-cc6d-4c3e-ae40-7a127c173b16']
2026-08-18 21:13:18,671 - INFO - Calling inventory_service for stock check, skus: ['b2926dc2-cc6d-4c3e-ae40-7a127c173b16']
2026-08-18 21:13:18,673 - INFO - Request for search_products, query: looking for headphone with noise cancelling
2026-08-18 21:13:18,677 - INFO - Request for search_products, query: looking for headphone with noise cancelling
2026-08-18 21:13:18,679 - INFO - Request for search_products, query: looking for headphone with noise cancelling
2026-08-18 21:13:18,681 - INFO - Request for search_products, query: looking for headphone with noise cancelling
2026-08-18 21:13:18,682 - INFO - Request for search_products, query: looking for headphone with noise cancelling
2026-08-18 21:13:18,683 - INFO - Calling inventory_service for stock check, skus: ['b2926dc2-cc6d-4c3e-ae40-7a127c173b16']
2026-08-18 21:13:18,684 - INFO - Request for search_products, query: looking for headphone with noise cancelling
2026-08-18 21:13:18,689 - INFO - Calling inventory_service for stock check, skus: ['b2926dc2-cc6d-4c3e-ae40-7a127c173b16']
2026-08-18 21:13:18,690 - INFO - Request for search_products, query: looking for headphone with noise cancelling
2026-08-18 21:13:18,692 - INFO - Calling inventory_service for stock check, skus: ['b2926dc2-cc6d-4c3e-ae40-7a127c173b16']
2026-08-18 21:13:18,695 - INFO - Calling inventory_service for stock check, skus: ['b2926dc2-cc6d-4c3e-ae40-7a127c173b16']
2026-08-18 21:13:18,696 - INFO - Calling inventory_service for stock check, skus: ['b2926dc2-cc6d-4c3e-ae40-7a127c173b16']
2026-08-18 21:13:18,697 - INFO - Calling inventory_service for stock check, skus: ['b2926dc2-cc6d-4c3e-ae40-7a127c173b16']
2026-08-18 21:13:18,699 - INFO - Calling inventory_service for stock check, skus: ['b2926dc2-cc6d-4c3e-ae40-7a127c173b16']
2026-08-18 21:13:18,700 - INFO - HTTP Request: GET http://localhost:8001/stock?skus=b2926dc2-cc6d-4c3e-ae40-7a127c173b16 "HTTP/1.1 200 OK"
2026-08-18 21:13:18,701 - INFO - Called inventory_service, response: {'stocks': {'b2926dc2-cc6d-4c3e-ae40-7a127c173b16': 10}, 'total_input_tokens': 0, 'total_output_tokens': 0, 'total_llm_calls': 0}
2026-08-18 21:13:18,701 - INFO - Calling pricing_service, req: {'items': [{'product_id': 'b2926dc2-cc6d-4c3e-ae40-7a127c173b16', 'qty': 1}], 'promo_codes': []}
2026-08-18 21:13:18,702 - INFO - HTTP Request: GET http://localhost:8001/stock?skus=b2926dc2-cc6d-4c3e-ae40-7a127c173b16 "HTTP/1.1 200 OK"
2026-08-18 21:13:18,704 - INFO - Called inventory_service, response: {'stocks': {'b2926dc2-cc6d-4c3e-ae40-7a127c173b16': 10}, 'total_input_tokens': 0, 'total_output_tokens': 0, 'total_llm_calls': 0}
2026-08-18 21:13:18,704 - INFO - Calling pricing_service, req: {'items': [{'product_id': 'b2926dc2-cc6d-4c3e-ae40-7a127c173b16', 'qty': 1}], 'promo_codes': []}
2026-08-18 21:13:18,714 - INFO - HTTP Request: GET http://localhost:8001/stock?skus=b2926dc2-cc6d-4c3e-ae40-7a127c173b16 "HTTP/1.1 200 OK"
2026-08-18 21:13:18,716 - INFO - Called inventory_service, response: {'stocks': {'b2926dc2-cc6d-4c3e-ae40-7a127c173b16': 10}, 'total_input_tokens': 0, 'total_output_tokens': 0, 'total_llm_calls': 0}
2026-08-18 21:13:18,716 - INFO - Calling pricing_service, req: {'items': [{'product_id': 'b2926dc2-cc6d-4c3e-ae40-7a127c173b16', 'qty': 1}], 'promo_codes': []}
2026-08-18 21:13:18,718 - INFO - HTTP Request: GET http://localhost:8001/stock?skus=b2926dc2-cc6d-4c3e-ae40-7a127c173b16 "HTTP/1.1 200 OK"
2026-08-18 21:13:18,720 - INFO - Called inventory_service, response: {'stocks': {'b2926dc2-cc6d-4c3e-ae40-7a127c173b16': 10}, 'total_input_tokens': 0, 'total_output_tokens': 0, 'total_llm_calls': 0}
2026-08-18 21:13:18,720 - INFO - Calling pricing_service, req: {'items': [{'product_id': 'b2926dc2-cc6d-4c3e-ae40-7a127c173b16', 'qty': 1}], 'promo_codes': []}
2026-08-18 21:13:18,723 - INFO - HTTP Request: GET http://localhost:8001/stock?skus=b2926dc2-cc6d-4c3e-ae40-7a127c173b16 "HTTP/1.1 200 OK"
2026-08-18 21:13:18,724 - INFO - Called inventory_service, response: {'stocks': {'b2926dc2-cc6d-4c3e-ae40-7a127c173b16': 10}, 'total_input_tokens': 0, 'total_output_tokens': 0, 'total_llm_calls': 0}
2026-08-18 21:13:18,725 - INFO - Calling pricing_service, req: {'items': [{'product_id': 'b2926dc2-cc6d-4c3e-ae40-7a127c173b16', 'qty': 1}], 'promo_codes': []}
2026-08-18 21:13:18,726 - INFO - HTTP Request: POST http://localhost:8002/price "HTTP/1.1 200 OK"
2026-08-18 21:13:18,728 - INFO - Called pricing_service, req: {'items': [{'product_id': 'b2926dc2-cc6d-4c3e-ae40-7a127c173b16', 'qty': 1}], 'promo_codes': []}, response: {'items': [{'product_id': 'b2926dc2-cc6d-4c3e-ae40-7a127c173b16', 'qty': 1, 'unit_price': 150.0, 'line_total': 150.0, 'discounts': 0.0}], 'subtotal': 150.0, 'total_discount': 0.0, 'total': 150.0, 'currency': 'USD', 'total_input_tokens': 0, 'total_output_tokens': 0, 'total_llm_calls': 0}
2026-08-18 21:13:18,728 - INFO - Request for search_products successfully processed, query: looking for headphone with noise cancelling, result: query='looking for headphone with noise cancelling' results=[ProductSearchResultItem(sku='b2926dc2-cc6d-4c3e-ae40-7a127c173b16', name='Airpod', description='Noise cancelling headphone Airpod', price=150.0, score=1.875)] total_input_tokens=0 total_output_tokens=0 total_llm_calls=0
2026-08-18 21:13:18,729 - INFO - HTTP Request: POST http://localhost:8002/price "HTTP/1.1 200 OK"
2026-08-18 21:13:18,730 - INFO - HTTP Request: GET http://localhost:8001/stock?skus=b2926dc2-cc6d-4c3e-ae40-7a127c173b16 "HTTP/1.1 200 OK"
2026-08-18 21:13:18,731 - INFO - HTTP Request: GET http://localhost:8001/stock?skus=b2926dc2-cc6d-4c3e-ae40-7a127c173b16 "HTTP/1.1 200 OK"
2026-08-18 21:13:18,732 - INFO - Called pricing_service, req: {'items': [{'product_id': 'b2926dc2-cc6d-4c3e-ae40-7a127c173b16', 'qty': 1}], 'promo_codes': []}, response: {'items': [{'product_id': 'b2926dc2-cc6d-4c3e-ae40-7a127c173b16', 'qty': 1, 'unit_price': 150.0, 'line_total': 150.0, 'discounts': 0.0}], 'subtotal': 150.0, 'total_discount': 0.0, 'total': 150.0, 'currency': 'USD', 'total_input_tokens': 0, 'total_output_tokens': 0, 'total_llm_calls': 0}
2026-08-18 21:13:18,732 - INFO - Request for search_products successfully processed, query: looking for headphone with noise cancelling, result: query='looking for headphone with noise cancelling' results=[ProductSearchResultItem(sku='b2926dc2-cc6d-4c3e-ae40-7a127c173b16', name='Airpod', description='Noise cancelling headphone Airpod', price=150.0, score=1.875)] total_input_tokens=0 total_output_tokens=0 total_llm_calls=0
2026-08-18 21:13:18,733 - INFO - Called inventory_service, response: {'stocks': {'b2926dc2-cc6d-4c3e-ae40-7a127c173b16': 10}, 'total_input_tokens': 0, 'total_output_tokens': 0, 'total_llm_calls': 0}
2026-08-18 21:13:18,733 - INFO - Calling pricing_service, req: {'items': [{'product_id': 'b2926dc2-cc6d-4c3e-ae40-7a127c173b16', 'qty': 1}], 'promo_codes': []}
2026-08-18 21:13:18,735 - INFO - Called inventory_service, response: {'stocks': {'b2926dc2-cc6d-4c3e-ae40-7a127c173b16': 10}, 'total_input_tokens': 0, 'total_output_tokens': 0, 'total_llm_calls': 0}
2026-08-18 21:13:18,735 - INFO - Calling pricing_service, req: {'items': [{'product_id': 'b2926dc2-cc6d-4c3e-ae40-7a127c173b16', 'qty': 1}], 'promo_codes': []}
2026-08-18 21:13:18,737 - INFO - HTTP Request: GET http://localhost:8001/stock?skus=b2926dc2-cc6d-4c3e-ae40-7a127c173b16 "HTTP/1.1 200 OK"
2026-08-18 21:13:18,738 - INFO - HTTP Request: GET http://localhost:8001/stock?skus=b2926dc2-cc6d-4c3e-ae40-7a127c173b16 "HTTP/1.1 200 OK"
2026-08-18 21:13:18,739 - INFO - HTTP Request: GET http://localhost:8001/stock?skus=b2926dc2-cc6d-4c3e-ae40-7a127c173b16 "HTTP/1.1 200 OK"
2026-08-18 21:13:18,740 - INFO - Called inventory_service, response: {'stocks': {'b2926dc2-cc6d-4c3e-ae40-7a127c173b16': 10}, 'total_input_tokens': 0, 'total_output_tokens': 0, 'total_llm_calls': 0}
2026-08-18 21:13:18,740 - INFO - Calling pricing_service, req: {'items': [{'product_id': 'b2926dc2-cc6d-4c3e-ae40-7a127c173b16', 'qty': 1}], 'promo_codes': []}
2026-08-18 21:13:18,742 - INFO - Called inventory_service, response: {'stocks': {'b2926dc2-cc6d-4c3e-ae40-7a127c173b16': 10}, 'total_input_tokens': 0, 'total_output_tokens': 0, 'total_llm_calls': 0}
2026-08-18 21:13:18,742 - INFO - Calling pricing_service, req: {'items': [{'product_id': 'b2926dc2-cc6d-4c3e-ae40-7a127c173b16', 'qty': 1}], 'promo_codes': []}
2026-08-18 21:13:18,744 - INFO - Called inventory_service, response: {'stocks': {'b2926dc2-cc6d-4c3e-ae40-7a127c173b16': 10}, 'total_input_tokens': 0, 'total_output_tokens': 0, 'total_llm_calls': 0}
2026-08-18 21:13:18,745 - INFO - Calling pricing_service, req: {'items': [{'product_id': 'b2926dc2-cc6d-4c3e-ae40-7a127c173b16', 'qty': 1}], 'promo_codes': []}
2026-08-18 21:13:18,759 - INFO - HTTP Request: POST http://localhost:8002/price "HTTP/1.1 200 OK"
2026-08-18 21:13:18,761 - INFO - Called pricing_service, req: {'items': [{'product_id': 'b2926dc2-cc6d-4c3e-ae40-7a127c173b16', 'qty': 1}], 'promo_codes': []}, response: {'items': [{'product_id': 'b2926dc2-cc6d-4c3e-ae40-7a127c173b16', 'qty': 1, 'unit_price': 150.0, 'line_total': 150.0, 'discounts': 0.0}], 'subtotal': 150.0, 'total_discount': 0.0, 'total': 150.0, 'currency': 'USD', 'total_input_tokens': 0, 'total_output_tokens': 0, 'total_llm_calls': 0}
2026-08-18 21:13:18,761 - INFO - Request for search_products successfully processed, query: looking for headphone with noise cancelling, result: query='looking for headphone with noise cancelling' results=[ProductSearchResultItem(sku='b2926dc2-cc6d-4c3e-ae40-7a127c173b16', name='Airpod', description='Noise cancelling headphone Airpod', price=150.0, score=1.875)] total_input_tokens=0 total_output_tokens=0 total_llm_calls=0
2026-08-18 21:13:18,766 - INFO - HTTP Request: POST http://localhost:8002/price "HTTP/1.1 200 OK"
2026-08-18 21:13:18,767 - INFO - HTTP Request: POST http://localhost:8002/price "HTTP/1.1 200 OK"
2026-08-18 21:13:18,769 - INFO - Called pricing_service, req: {'items': [{'product_id': 'b2926dc2-cc6d-4c3e-ae40-7a127c173b16', 'qty': 1}], 'promo_codes': []}, response: {'items': [{'product_id': 'b2926dc2-cc6d-4c3e-ae40-7a127c173b16', 'qty': 1, 'unit_price': 150.0, 'line_total': 150.0, 'discounts': 0.0}], 'subtotal': 150.0, 'total_discount': 0.0, 'total': 150.0, 'currency': 'USD', 'total_input_tokens': 0, 'total_output_tokens': 0, 'total_llm_calls': 0}
2026-08-18 21:13:18,770 - INFO - Request for search_products successfully processed, query: looking for headphone with noise cancelling, result: query='looking for headphone with noise cancelling' results=[ProductSearchResultItem(sku='b2926dc2-cc6d-4c3e-ae40-7a127c173b16', name='Airpod', description='Noise cancelling headphone Airpod', price=150.0, score=1.875)] total_input_tokens=0 total_output_tokens=0 total_llm_calls=0
2026-08-18 21:13:18,771 - INFO - Called pricing_service, req: {'items': [{'product_id': 'b2926dc2-cc6d-4c3e-ae40-7a127c173b16', 'qty': 1}], 'promo_codes': []}, response: {'items': [{'product_id': 'b2926dc2-cc6d-4c3e-ae40-7a127c173b16', 'qty': 1, 'unit_price': 150.0, 'line_total': 150.0, 'discounts': 0.0}], 'subtotal': 150.0, 'total_discount': 0.0, 'total': 150.0, 'currency': 'USD', 'total_input_tokens': 0, 'total_output_tokens': 0, 'total_llm_calls': 0}
2026-08-18 21:13:18,772 - INFO - Request for search_products successfully processed, query: looking for headphone with noise cancelling, result: query='looking for headphone with noise cancelling' results=[ProductSearchResultItem(sku='b2926dc2-cc6d-4c3e-ae40-7a127c173b16', name='Airpod', description='Noise cancelling headphone Airpod', price=150.0, score=1.875)] total_input_tokens=0 total_output_tokens=0 total_llm_calls=0
2026-08-18 21:13:18,776 - INFO - HTTP Request: POST http://localhost:8002/price "HTTP/1.1 200 OK"
2026-08-18 21:13:18,777 - INFO - Called pricing_service, req: {'items': [{'product_id': 'b2926dc2-cc6d-4c3e-ae40-7a127c173b16', 'qty': 1}], 'promo_codes': []}, response: {'items': [{'product_id': 'b2926dc2-cc6d-4c3e-ae40-7a127c173b16', 'qty': 1, 'unit_price': 150.0, 'line_total': 150.0, 'discounts': 0.0}], 'subtotal': 150.0, 'total_discount': 0.0, 'total': 150.0, 'currency': 'USD', 'total_input_tokens': 0, 'total_output_tokens': 0, 'total_llm_calls': 0}
2026-08-18 21:13:18,777 - INFO - Request for search_products successfully processed, query: looking for headphone with noise cancelling, result: query='looking for headphone with noise cancelling' results=[ProductSearchResultItem(sku='b2926dc2-cc6d-4c3e-ae40-7a127c173b16', name='Airpod', description='Noise cancelling headphone Airpod', price=150.0, score=1.875)] total_input_tokens=0 total_output_tokens=0 total_llm_calls=0
2026-08-18 21:13:18,780 - INFO - HTTP Request: POST http://localhost:8002/price "HTTP/1.1 200 OK"
2026-08-18 21:13:18,783 - INFO - Called pricing_service, req: {'items': [{'product_id': 'b2926dc2-cc6d-4c3e-ae40-7a127c173b16', 'qty': 1}], 'promo_codes': []}, response: {'items': [{'product_id': 'b2926dc2-cc6d-4c3e-ae40-7a127c173b16', 'qty': 1, 'unit_price': 150.0, 'line_total': 150.0, 'discounts': 0.0}], 'subtotal': 150.0, 'total_discount': 0.0, 'total': 150.0, 'currency': 'USD', 'total_input_tokens': 0, 'total_output_tokens': 0, 'total_llm_calls': 0}
2026-08-18 21:13:18,783 - INFO - Request for search_products successfully processed, query: looking for headphone with noise cancelling, result: query='looking for headphone with noise cancelling' results=[ProductSearchResultItem(sku='b2926dc2-cc6d-4c3e-ae40-7a127c173b16', name='Airpod', description='Noise cancelling headphone Airpod', price=150.0, score=1.875)] total_input_tokens=0 total_output_tokens=0 total_llm_calls=0
2026-08-18 21:13:18,785 - INFO - HTTP Request: POST http://localhost:8002/price "HTTP/1.1 200 OK"
2026-08-18 21:13:18,787 - INFO - Called pricing_service, req: {'items': [{'product_id': 'b2926dc2-cc6d-4c3e-ae40-7a127c173b16', 'qty': 1}], 'promo_codes': []}, response: {'items': [{'product_id': 'b2926dc2-cc6d-4c3e-ae40-7a127c173b16', 'qty': 1, 'unit_price': 150.0, 'line_total': 150.0, 'discounts': 0.0}], 'subtotal': 150.0, 'total_discount': 0.0, 'total': 150.0, 'currency': 'USD', 'total_input_tokens': 0, 'total_output_tokens': 0, 'total_llm_calls': 0}
2026-08-18 21:13:18,788 - INFO - Request for search_products successfully processed, query: looking for headphone with noise cancelling, result: query='looking for headphone with noise cancelling' results=[ProductSearchResultItem(sku='b2926dc2-cc6d-4c3e-ae40-7a127c173b16', name='Airpod', description='Noise cancelling headphone Airpod', price=150.0, score=1.875)] total_input_tokens=0 total_output_tokens=0 total_llm_calls=0
2026-08-18 21:13:18,789 - INFO - HTTP Request: POST http://localhost:8002/price "HTTP/1.1 200 OK"
2026-08-18 21:13:18,790 - INFO - HTTP Request: POST http://localhost:8002/price "HTTP/1.1 200 OK"
2026-08-18 21:13:18,792 - INFO - Called pricing_service, req: {'items': [{'product_id': 'b2926dc2-cc6d-4c3e-ae40-7a127c173b16', 'qty': 1}], 'promo_codes': []}, response: {'items': [{'product_id': 'b2926dc2-cc6d-4c3e-ae40-7a127c173b16', 'qty': 1, 'unit_price': 150.0, 'line_total': 150.0, 'discounts': 0.0}], 'subtotal': 150.0, 'total_discount': 0.0, 'total': 150.0, 'currency': 'USD', 'total_input_tokens': 0, 'total_output_tokens': 0, 'total_llm_calls': 0}
2026-08-18 21:13:18,792 - INFO - Request for search_products successfully processed, query: looking for headphone with noise cancelling, result: query='looking for headphone with noise cancelling' results=[ProductSearchResultItem(sku='b2926dc2-cc6d-4c3e-ae40-7a127c173b16', name='Airpod', description='Noise cancelling headphone Airpod', price=150.0, score=1.875)] total_input_tokens=0 total_output_tokens=0 total_llm_calls=0
2026-08-18 21:13:18,794 - INFO - Called pricing_service, req: {'items': [{'product_id': 'b2926dc2-cc6d-4c3e-ae40-7a127c173b16', 'qty': 1}], 'promo_codes': []}, response: {'items': [{'product_id': 'b2926dc2-cc6d-4c3e-ae40-7a127c173b16', 'qty': 1, 'unit_price': 150.0, 'line_total': 150.0, 'discounts': 0.0}], 'subtotal': 150.0, 'total_discount': 0.0, 'total': 150.0, 'currency': 'USD', 'total_input_tokens': 0, 'total_output_tokens': 0, 'total_llm_calls': 0}
2026-08-18 21:13:18,794 - INFO - Request for search_products successfully processed, query: looking for headphone with noise cancelling, result: query='looking for headphone with noise cancelling' results=[ProductSearchResultItem(sku='b2926dc2-cc6d-4c3e-ae40-7a127c173b16', name='Airpod', description='Noise cancelling headphone Airpod', price=150.0, score=1.875)] total_input_tokens=0 total_output_tokens=0 total_llm_calls=0
2026-08-18 21:13:19,324 - INFO - Request for search_products, query: looking for headphone with noise cancelling
2026-08-18 21:13:19,329 - INFO - Calling inventory_service for stock check, skus: ['b2926dc2-cc6d-4c3e-ae40-7a127c173b16']
2026-08-18 21:13:19,354 - INFO - HTTP Request: GET http://localhost:8001/stock?skus=b2926dc2-cc6d-4c3e-ae40-7a127c173b16 "HTTP/1.1 200 OK"
2026-08-18 21:13:19,371 - INFO - Called inventory_service, response: {'stocks': {'b2926dc2-cc6d-4c3e-ae40-7a127c173b16': 6}, 'total_input_tokens': 0, 'total_output_tokens': 0, 'total_llm_calls': 0}
2026-08-18 21:13:19,373 - INFO - Calling pricing_service, req: {'items': [{'product_id': 'b2926dc2-cc6d-4c3e-ae40-7a127c173b16', 'qty': 1}], 'promo_codes': []}
2026-08-18 21:13:19,400 - INFO - HTTP Request: POST http://localhost:8002/price "HTTP/1.1 200 OK"
2026-08-18 21:13:19,409 - INFO - Called pricing_service, req: {'items': [{'product_id': 'b2926dc2-cc6d-4c3e-ae40-7a127c173b16', 'qty': 1}], 'promo_codes': []}, response: {'items': [{'product_id': 'b2926dc2-cc6d-4c3e-ae40-7a127c173b16', 'qty': 1, 'unit_price': 150.0, 'line_total': 150.0, 'discounts': 0.0}], 'subtotal': 150.0, 'total_discount': 0.0, 'total': 150.0, 'currency': 'USD', 'total_input_tokens': 0, 'total_output_tokens': 0, 'total_llm_calls': 0}
2026-08-18 21:13:19,410 - INFO - Request for search_products successfully processed, query: looking for headphone with noise cancelling, result: query='looking for headphone with noise cancelling' results=[ProductSearchResultItem(sku='b2926dc2-cc6d-4c3e-ae40-7a127c173b16', name='Airpod', description='Noise cancelling headphone Airpod', price=150.0, score=1.875)] total_input_tokens=0 total_output_tokens=0 total_llm_calls=0
2026-08-18 21:13:19,924 - INFO - Request for search_products, query: looking for headphone with noise cancelling
2026-08-18 21:13:19,940 - INFO - Calling inventory_service for stock check, skus: ['b2926dc2-cc6d-4c3e-ae40-7a127c173b16']
2026-08-18 21:13:19,959 - INFO - HTTP Request: GET http://localhost:8001/stock?skus=b2926dc2-cc6d-4c3e-ae40-7a127c173b16 "HTTP/1.1 200 OK"
2026-08-18 21:13:19,966 - INFO - Called inventory_service, response: {'stocks': {'b2926dc2-cc6d-4c3e-ae40-7a127c173b16': 6}, 'total_input_tokens': 0, 'total_output_tokens': 0, 'total_llm_calls': 0}
2026-08-18 21:13:19,967 - INFO - Calling pricing_service, req: {'items': [{'product_id': 'b2926dc2-cc6d-4c3e-ae40-7a127c173b16', 'qty': 1}], 'promo_codes': []}
2026-08-18 21:13:19,991 - INFO - HTTP Request: POST http://localhost:8002/price "HTTP/1.1 200 OK"
2026-08-18 21:13:20,000 - INFO - Called pricing_service, req: {'items': [{'product_id': 'b2926dc2-cc6d-4c3e-ae40-7a127c173b16', 'qty': 1}], 'promo_codes': []}, response: {'items': [{'product_id': 'b2926dc2-cc6d-4c3e-ae40-7a127c173b16', 'qty': 1, 'unit_price': 150.0, 'line_total': 150.0, 'discounts': 0.0}], 'subtotal': 150.0, 'total_discount': 0.0, 'total': 150.0, 'currency': 'USD', 'total_input_tokens': 0, 'total_output_tokens': 0, 'total_llm_calls': 0}
2026-08-18 21:13:20,001 - INFO - Request for search_products successfully processed, query: looking for headphone with noise cancelling, result: query='looking for headphone with noise cancelling' results=[ProductSearchResultItem(sku='b2926dc2-cc6d-4c3e-ae40-7a127c173b16', name='Airpod', description='Noise cancelling headphone Airpod', price=150.0, score=1.875)] total_input_tokens=0 total_output_tokens=0 total_llm_calls=0
2026-08-18 21:13:20,603 - INFO - Request for search_products, query: looking for headphone with noise cancelling
2026-08-18 21:13:20,609 - INFO - Calling inventory_service for stock check, skus: ['b2926dc2-cc6d-4c3e-ae40-7a127c173b16']
2026-08-18 21:13:20,619 - INFO - HTTP Request: GET http://localhost:8001/stock?skus=b2926dc2-cc6d-4c3e-ae40-7a127c173b16 "HTTP/1.1 200 OK"
2026-08-18 21:13:20,621 - INFO - Called inventory_service, response: {'stocks': {'b2926dc2-cc6d-4c3e-ae40-7a127c173b16': 4}, 'total_input_tokens': 0, 'total_output_tokens': 0, 'total_llm_calls': 0}
2026-08-18 21:13:20,621 - INFO - Calling pricing_service, req: {'items': [{'product_id': 'b2926dc2-cc6d-4c3e-ae40-7a127c173b16', 'qty': 1}], 'promo_codes': []}
2026-08-18 21:13:20,629 - INFO - HTTP Request: POST http://localhost:8002/price "HTTP/1.1 200 OK"
2026-08-18 21:13:20,630 - INFO - Called pricing_service, req: {'items': [{'product_id': 'b2926dc2-cc6d-4c3e-ae40-7a127c173b16', 'qty': 1}], 'promo_codes': []}, response: {'items': [{'product_id': 'b2926dc2-cc6d-4c3e-ae40-7a127c173b16', 'qty': 1, 'unit_price': 150.0, 'line_total': 150.0, 'discounts': 0.0}], 'subtotal': 150.0, 'total_discount': 0.0, 'total': 150.0, 'currency': 'USD', 'total_input_tokens': 0, 'total_output_tokens': 0, 'total_llm_calls': 0}
2026-08-18 21:13:20,631 - INFO - Request for search_products successfully processed, query: looking for headphone with noise cancelling, result: query='looking for headphone with noise cancelling' results=[ProductSearchResultItem(sku='b2926dc2-cc6d-4c3e-ae40-7a127c173b16', name='Airpod', description='Noise cancelling headphone Airpod', price=150.0, score=1.875)] total_input_tokens=0 total_output_tokens=0 total_llm_calls=0
2026-08-18 21:13:21,183 - INFO - Request for search_products, query: looking for headphone with noise cancelling
2026-08-18 21:13:21,191 - INFO - Calling inventory_service for stock check, skus: ['b2926dc2-cc6d-4c3e-ae40-7a127c173b16']
2026-08-18 21:13:21,219 - INFO - HTTP Request: GET http://localhost:8001/stock?skus=b2926dc2-cc6d-4c3e-ae40-7a127c173b16 "HTTP/1.1 200 OK"
2026-08-18 21:13:21,225 - INFO - Called inventory_service, response: {'stocks': {'b2926dc2-cc6d-4c3e-ae40-7a127c173b16': 2}, 'total_input_tokens': 0, 'total_output_tokens': 0, 'total_llm_calls': 0}
2026-08-18 21:13:21,229 - INFO - Calling pricing_service, req: {'items': [{'product_id': 'b2926dc2-cc6d-4c3e-ae40-7a127c173b16', 'qty': 1}], 'promo_codes': []}
2026-08-18 21:13:21,238 - INFO - HTTP Request: POST http://localhost:8002/price "HTTP/1.1 200 OK"
2026-08-18 21:13:21,243 - INFO - Called pricing_service, req: {'items': [{'product_id': 'b2926dc2-cc6d-4c3e-ae40-7a127c173b16', 'qty': 1}], 'promo_codes': []}, response: {'items': [{'product_id': 'b2926dc2-cc6d-4c3e-ae40-7a127c173b16', 'qty': 1, 'unit_price': 150.0, 'line_total': 150.0, 'discounts': 0.0}], 'subtotal': 150.0, 'total_discount': 0.0, 'total': 150.0, 'currency': 'USD', 'total_input_tokens': 0, 'total_output_tokens': 0, 'total_llm_calls': 0}
2026-08-18 21:13:21,243 - INFO - Request for search_products successfully processed, query: looking for headphone with noise cancelling, result: query='looking for headphone with noise cancelling' results=[ProductSearchResultItem(sku='b2926dc2-cc6d-4c3e-ae40-7a127c173b16', name='Airpod', description='Noise cancelling headphone Airpod', price=150.0, score=1.875)] total_input_tokens=0 total_output_tokens=0 total_llm_calls=0
2026-08-18 21:13:21,793 - INFO - Request for search_products, query: looking for headphone with noise cancelling
2026-08-18 21:13:21,803 - INFO - Calling inventory_service for stock check, skus: ['b2926dc2-cc6d-4c3e-ae40-7a127c173b16']
2026-08-18 21:13:21,833 - INFO - HTTP Request: GET http://localhost:8001/stock?skus=b2926dc2-cc6d-4c3e-ae40-7a127c173b16 "HTTP/1.1 200 OK"
2026-08-18 21:13:21,844 - INFO - Called inventory_service, response: {'stocks': {'b2926dc2-cc6d-4c3e-ae40-7a127c173b16': 0}, 'total_input_tokens': 0, 'total_output_tokens': 0, 'total_llm_calls': 0}
2026-08-18 21:13:21,845 - INFO - Calling pricing_service, req: {'items': [], 'promo_codes': []}
2026-08-18 21:13:21,866 - INFO - HTTP Request: POST http://localhost:8002/price "HTTP/1.1 200 OK"
2026-08-18 21:13:21,869 - INFO - Called pricing_service, req: {'items': [], 'promo_codes': []}, response: {'items': [], 'subtotal': 0.0, 'total_discount': 0.0, 'total': 0.0, 'currency': 'USD', 'total_input_tokens': 0, 'total_output_tokens': 0, 'total_llm_calls': 0}
2026-08-18 21:13:21,870 - INFO - Request for search_products successfully processed, query: looking for headphone with noise cancelling, result: query='looking for headphone with noise cancelling' results=[] total_input_tokens=0 total_output_tokens=0 total_llm_calls=0
2026-08-18 21:13:21,893 - INFO - Request for search_products, query: looking for headphone with noise cancelling
2026-08-18 21:13:21,895 - INFO - Request for search_products, query: looking for headphone with noise cancelling
2026-08-18 21:13:21,897 - INFO - Calling inventory_service for stock check, skus: ['b2926dc2-cc6d-4c3e-ae40-7a127c173b16']
2026-08-18 21:13:21,904 - INFO - Calling inventory_service for stock check, skus: ['b2926dc2-cc6d-4c3e-ae40-7a127c173b16']
2026-08-18 21:13:21,907 - INFO - HTTP Request: GET http://localhost:8001/stock?skus=b2926dc2-cc6d-4c3e-ae40-7a127c173b16 "HTTP/1.1 200 OK"
2026-08-18 21:13:21,909 - INFO - Called inventory_service, response: {'stocks': {'b2926dc2-cc6d-4c3e-ae40-7a127c173b16': 0}, 'total_input_tokens': 0, 'total_output_tokens': 0, 'total_llm_calls': 0}
2026-08-18 21:13:21,910 - INFO - Calling pricing_service, req: {'items': [], 'promo_codes': []}
2026-08-18 21:13:21,915 - INFO - Request for search_products, query: looking for headphone with noise cancelling
2026-08-18 21:13:21,916 - INFO - HTTP Request: GET http://localhost:8001/stock?skus=b2926dc2-cc6d-4c3e-ae40-7a127c173b16 "HTTP/1.1 200 OK"
2026-08-18 21:13:21,919 - INFO - Called inventory_service, response: {'stocks': {'b2926dc2-cc6d-4c3e-ae40-7a127c173b16': 0}, 'total_input_tokens': 0, 'total_output_tokens': 0, 'total_llm_calls': 0}
2026-08-18 21:13:21,919 - INFO - Calling pricing_service, req: {'items': [], 'promo_codes': []}
2026-08-18 21:13:21,921 - INFO - Calling inventory_service for stock check, skus: ['b2926dc2-cc6d-4c3e-ae40-7a127c173b16']
2026-08-18 21:13:21,928 - INFO - HTTP Request: POST http://localhost:8002/price "HTTP/1.1 200 OK"
2026-08-18 21:13:21,930 - INFO - Called pricing_service, req: {'items': [], 'promo_codes': []}, response: {'items': [], 'subtotal': 0.0, 'total_discount': 0.0, 'total': 0.0, 'currency': 'USD', 'total_input_tokens': 0, 'total_output_tokens': 0, 'total_llm_calls': 0}
2026-08-18 21:13:21,930 - INFO - Request for search_products successfully processed, query: looking for headphone with noise cancelling, result: query='looking for headphone with noise cancelling' results=[] total_input_tokens=0 total_output_tokens=0 total_llm_calls=0
2026-08-18 21:13:21,932 - INFO - HTTP Request: POST http://localhost:8002/price "HTTP/1.1 200 OK"
2026-08-18 21:13:21,935 - INFO - Called pricing_service, req: {'items': [], 'promo_codes': []}, response: {'items': [], 'subtotal': 0.0, 'total_discount': 0.0, 'total': 0.0, 'currency': 'USD', 'total_input_tokens': 0, 'total_output_tokens': 0, 'total_llm_calls': 0}
2026-08-18 21:13:21,935 - INFO - Request for search_products successfully processed, query: looking for headphone with noise cancelling, result: query='looking for headphone with noise cancelling' results=[] total_input_tokens=0 total_output_tokens=0 total_llm_calls=0
2026-08-18 21:13:21,936 - INFO - HTTP Request: GET http://localhost:8001/stock?skus=b2926dc2-cc6d-4c3e-ae40-7a127c173b16 "HTTP/1.1 200 OK"
2026-08-18 21:13:21,938 - INFO - Called inventory_service, response: {'stocks': {'b2926dc2-cc6d-4c3e-ae40-7a127c173b16': 0}, 'total_input_tokens': 0, 'total_output_tokens': 0, 'total_llm_calls': 0}
2026-08-18 21:13:21,938 - INFO - Calling pricing_service, req: {'items': [], 'promo_codes': []}
2026-08-18 21:13:21,944 - INFO - Request for search_products, query: looking for headphone with noise cancelling
2026-08-18 21:13:21,948 - INFO - Calling inventory_service for stock check, skus: ['b2926dc2-cc6d-4c3e-ae40-7a127c173b16']
2026-08-18 21:13:21,956 - INFO - HTTP Request: POST http://localhost:8002/price "HTTP/1.1 200 OK"
2026-08-18 21:13:21,963 - INFO - Called pricing_service, req: {'items': [], 'promo_codes': []}, response: {'items': [], 'subtotal': 0.0, 'total_discount': 0.0, 'total': 0.0, 'currency': 'USD', 'total_input_tokens': 0, 'total_output_tokens': 0, 'total_llm_calls': 0}
2026-08-18 21:13:21,964 - INFO - Request for search_products successfully processed, query: looking for headphone with noise cancelling, result: query='looking for headphone with noise cancelling' results=[] total_input_tokens=0 total_output_tokens=0 total_llm_calls=0
2026-08-18 21:13:21,967 - INFO - Request for search_products, query: looking for headphone with noise cancelling
2026-08-18 21:13:21,969 - INFO - HTTP Request: GET http://localhost:8001/stock?skus=b2926dc2-cc6d-4c3e-ae40-7a127c173b16 "HTTP/1.1 200 OK"
2026-08-18 21:13:21,973 - INFO - Called inventory_service, response: {'stocks': {'b2926dc2-cc6d-4c3e-ae40-7a127c173b16': 0}, 'total_input_tokens': 0, 'total_output_tokens': 0, 'total_llm_calls': 0}
2026-08-18 21:13:21,975 - INFO - Calling pricing_service, req: {'items': [], 'promo_codes': []}
2026-08-18 21:13:21,980 - INFO - Calling inventory_service for stock check, skus: ['b2926dc2-cc6d-4c3e-ae40-7a127c173b16']
2026-08-18 21:13:21,989 - INFO - HTTP Request: POST http://localhost:8002/price "HTTP/1.1 200 OK"
2026-08-18 21:13:21,993 - INFO - Called pricing_service, req: {'items': [], 'promo_codes': []}, response: {'items': [], 'subtotal': 0.0, 'total_discount': 0.0, 'total': 0.0, 'currency': 'USD', 'total_input_tokens': 0, 'total_output_tokens': 0, 'total_llm_calls': 0}
2026-08-18 21:13:21,993 - INFO - Request for search_products successfully processed, query: looking for headphone with noise cancelling, result: query='looking for headphone with noise cancelling' results=[] total_input_tokens=0 total_output_tokens=0 total_llm_calls=0
2026-08-18 21:13:21,995 - INFO - HTTP Request: GET http://localhost:8001/stock?skus=b2926dc2-cc6d-4c3e-ae40-7a127c173b16 "HTTP/1.1 200 OK"
2026-08-18 21:13:21,996 - INFO - Called inventory_service, response: {'stocks': {'b2926dc2-cc6d-4c3e-ae40-7a127c173b16': 0}, 'total_input_tokens': 0, 'total_output_tokens': 0, 'total_llm_calls': 0}
2026-08-18 21:13:21,996 - INFO - Calling pricing_service, req: {'items': [], 'promo_codes': []}
2026-08-18 21:13:22,009 - INFO - HTTP Request: POST http://localhost:8002/price "HTTP/1.1 200 OK"
2026-08-18 21:13:22,011 - INFO - Called pricing_service, req: {'items': [], 'promo_codes': []}, response: {'items': [], 'subtotal': 0.0, 'total_discount': 0.0, 'total': 0.0, 'currency': 'USD', 'total_input_tokens': 0, 'total_output_tokens': 0, 'total_llm_calls': 0}
2026-08-18 21:13:22,011 - INFO - Request for search_products successfully processed, query: looking for headphone with noise cancelling, result: query='looking for headphone with noise cancelling' results=[] total_input_tokens=0 total_output_tokens=0 total_llm_calls=0
2026-08-18 21:13:37,420 - INFO - Request for search_products, query: looking for headphone with noise cancelling
2026-08-18 21:13:37,422 - INFO - Request for search_products, query: looking for headphone with noise cancelling
2026-08-18 21:13:37,424 - INFO - Request for search_products, query: looking for headphone with noise cancelling
2026-08-18 21:13:37,425 - INFO - Request for search_products, query: looking for headphone with noise cancelling
2026-08-18 21:13:37,426 - INFO - Calling inventory_service for stock check, skus: ['b2926dc2-cc6d-4c3e-ae40-7a127c173b16']
2026-08-18 21:13:37,430 - INFO - Request for search_products, query: looking for headphone with noise cancelling
2026-08-18 21:13:37,432 - INFO - Calling inventory_service for stock check, skus: ['b2926dc2-cc6d-4c3e-ae40-7a127c173b16']
2026-08-18 21:13:37,434 - INFO - Calling inventory_service for stock check, skus: ['b2926dc2-cc6d-4c3e-ae40-7a127c173b16']
2026-08-18 21:13:37,435 - INFO - Calling inventory_service for stock check, skus: ['b2926dc2-cc6d-4c3e-ae40-7a127c173b16']
2026-08-18 21:13:37,438 - INFO - Calling inventory_service for stock check, skus: ['b2926dc2-cc6d-4c3e-ae40-7a127c173b16']
2026-08-18 21:13:37,441 - INFO - Request for search_products, query: looking for headphone with noise cancelling
2026-08-18 21:13:37,444 - INFO - Request for search_products, query: looking for headphone with noise cancelling
2026-08-18 21:13:37,450 - INFO - Request for search_products, query: looking for headphone with noise cancelling
2026-08-18 21:13:37,452 - INFO - Request for search_products, query: looking for headphone with noise cancelling
2026-08-18 21:13:37,453 - INFO - Calling inventory_service for stock check, skus: ['b2926dc2-cc6d-4c3e-ae40-7a127c173b16']
2026-08-18 21:13:37,454 - INFO - Calling inventory_service for stock check, skus: ['b2926dc2-cc6d-4c3e-ae40-7a127c173b16']
2026-08-18 21:13:37,455 - INFO - Request for search_products, query: looking for headphone with noise cancelling
2026-08-18 21:13:37,459 - INFO - Calling inventory_service for stock check, skus: ['b2926dc2-cc6d-4c3e-ae40-7a127c173b16']
2026-08-18 21:13:37,461 - INFO - Calling inventory_service for stock check, skus: ['b2926dc2-cc6d-4c3e-ae40-7a127c173b16']
2026-08-18 21:13:37,465 - INFO - Calling inventory_service for stock check, skus: ['b2926dc2-cc6d-4c3e-ae40-7a127c173b16']
2026-08-18 21:13:37,468 - INFO - HTTP Request: GET http://localhost:8001/stock?skus=b2926dc2-cc6d-4c3e-ae40-7a127c173b16 "HTTP/1.1 200 OK"
2026-08-18 21:13:37,469 - INFO - Called inventory_service, response: {'stocks': {'b2926dc2-cc6d-4c3e-ae40-7a127c173b16': 10}, 'total_input_tokens': 0, 'total_output_tokens': 0, 'total_llm_calls': 0}
2026-08-18 21:13:37,469 - INFO - Calling pricing_service, req: {'items': [{'product_id': 'b2926dc2-cc6d-4c3e-ae40-7a127c173b16', 'qty': 1}], 'promo_codes': []}
2026-08-18 21:13:37,472 - INFO - HTTP Request: GET http://localhost:8001/stock?skus=b2926dc2-cc6d-4c3e-ae40-7a127c173b16 "HTTP/1.1 200 OK"
2026-08-18 21:13:37,473 - INFO - HTTP Request: GET http://localhost:8001/stock?skus=b2926dc2-cc6d-4c3e-ae40-7a127c173b16 "HTTP/1.1 200 OK"
2026-08-18 21:13:37,475 - INFO - Called inventory_service, response: {'stocks': {'b2926dc2-cc6d-4c3e-ae40-7a127c173b16': 10}, 'total_input_tokens': 0, 'total_output_tokens': 0, 'total_llm_calls': 0}
2026-08-18 21:13:37,475 - INFO - Calling pricing_service, req: {'items': [{'product_id': 'b2926dc2-cc6d-4c3e-ae40-7a127c173b16', 'qty': 1}], 'promo_codes': []}
2026-08-18 21:13:37,477 - INFO - Called inventory_service, response: {'stocks': {'b2926dc2-cc6d-4c3e-ae40-7a127c173b16': 10}, 'total_input_tokens': 0, 'total_output_tokens': 0, 'total_llm_calls': 0}
2026-08-18 21:13:37,477 - INFO - Calling pricing_service, req: {'items': [{'product_id': 'b2926dc2-cc6d-4c3e-ae40-7a127c173b16', 'qty': 1}], 'promo_codes': []}
2026-08-18 21:13:37,479 - INFO - HTTP Request: GET http://localhost:8001/stock?skus=b2926dc2-cc6d-4c3e-ae40-7a127c173b16 "HTTP/1.1 200 OK"
2026-08-18 21:13:37,481 - INFO - Called inventory_service, response: {'stocks': {'b2926dc2-cc6d-4c3e-ae40-7a127c173b16': 10}, 'total_input_tokens': 0, 'total_output_tokens': 0, 'total_llm_calls': 0}
2026-08-18 21:13:37,481 - INFO - Calling pricing_service, req: {'items': [{'product_id': 'b2926dc2-cc6d-4c3e-ae40-7a127c173b16', 'qty': 1}], 'promo_codes': []}
2026-08-18 21:13:37,482 - INFO - HTTP Request: GET http://localhost:8001/stock?skus=b2926dc2-cc6d-4c3e-ae40-7a127c173b16 "HTTP/1.1 200 OK"
2026-08-18 21:13:37,484 - INFO - Called inventory_service, response: {'stocks': {'b2926dc2-cc6d-4c3e-ae40-7a127c173b16': 10}, 'total_input_tokens': 0, 'total_output_tokens': 0, 'total_llm_calls': 0}
2026-08-18 21:13:37,485 - INFO - Calling pricing_service, req: {'items': [{'product_id': 'b2926dc2-cc6d-4c3e-ae40-7a127c173b16', 'qty': 1}], 'promo_codes': []}
2026-08-18 21:13:37,513 - INFO - HTTP Request: GET http://localhost:8001/stock?skus=b2926dc2-cc6d-4c3e-ae40-7a127c173b16 "HTTP/1.1 200 OK"
2026-08-18 21:13:37,514 - INFO - Called inventory_service, response: {'stocks': {'b2926dc2-cc6d-4c3e-ae40-7a127c173b16': 10}, 'total_input_tokens': 0, 'total_output_tokens': 0, 'total_llm_calls': 0}
2026-08-18 21:13:37,514 - INFO - Calling pricing_service, req: {'items': [{'product_id': 'b2926dc2-cc6d-4c3e-ae40-7a127c173b16', 'qty': 1}], 'promo_codes': []}
2026-08-18 21:13:37,515 - INFO - HTTP Request: GET http://localhost:8001/stock?skus=b2926dc2-cc6d-4c3e-ae40-7a127c173b16 "HTTP/1.1 200 OK"
2026-08-18 21:13:37,516 - INFO - HTTP Request: GET http://localhost:8001/stock?skus=b2926dc2-cc6d-4c3e-ae40-7a127c173b16 "HTTP/1.1 200 OK"
2026-08-18 21:13:37,517 - INFO - HTTP Request: GET http://localhost:8001/stock?skus=b2926dc2-cc6d-4c3e-ae40-7a127c173b16 "HTTP/1.1 200 OK"
2026-08-18 21:13:37,517 - INFO - HTTP Request: GET http://localhost:8001/stock?skus=b2926dc2-cc6d-4c3e-ae40-7a127c173b16 "HTTP/1.1 200 OK"
2026-08-18 21:13:37,519 - INFO - Called inventory_service, response: {'stocks': {'b2926dc2-cc6d-4c3e-ae40-7a127c173b16': 10}, 'total_input_tokens': 0, 'total_output_tokens': 0, 'total_llm_calls': 0}
2026-08-18 21:13:37,519 - INFO - Calling pricing_service, req: {'items': [{'product_id': 'b2926dc2-cc6d-4c3e-ae40-7a127c173b16', 'qty': 1}], 'promo_codes': []}
2026-08-18 21:13:37,520 - INFO - Called inventory_service, response: {'stocks': {'b2926dc2-cc6d-4c3e-ae40-7a127c173b16': 10}, 'total_input_tokens': 0, 'total_output_tokens': 0, 'total_llm_calls': 0}
2026-08-18 21:13:37,520 - INFO - Calling pricing_service, req: {'items': [{'product_id': 'b2926dc2-cc6d-4c3e-ae40-7a127c173b16', 'qty': 1}], 'promo_codes': []}
2026-08-18 21:13:37,521 - INFO - Called inventory_service, response: {'stocks': {'b2926dc2-cc6d-4c3e-ae40-7a127c173b16': 10}, 'total_input_tokens': 0, 'total_output_tokens': 0, 'total_llm_calls': 0}
2026-08-18 21:13:37,521 - INFO - Calling pricing_service, req: {'items': [{'product_id': 'b2926dc2-cc6d-4c3e-ae40-7a127c173b16', 'qty': 1}], 'promo_codes': []}
2026-08-18 21:13:37,522 - INFO - Called inventory_service, response: {'stocks': {'b2926dc2-cc6d-4c3e-ae40-7a127c173b16': 10}, 'total_input_tokens': 0, 'total_output_tokens': 0, 'total_llm_calls': 0}
2026-08-18 21:13:37,523 - INFO - Calling pricing_service, req: {'items': [{'product_id': 'b2926dc2-cc6d-4c3e-ae40-7a127c173b16', 'qty': 1}], 'promo_codes': []}
2026-08-18 21:13:37,530 - INFO - HTTP Request: POST http://localhost:8002/price "HTTP/1.1 200 OK"
2026-08-18 21:13:37,533 - INFO - Called pricing_service, req: {'items': [{'product_id': 'b2926dc2-cc6d-4c3e-ae40-7a127c173b16', 'qty': 1}], 'promo_codes': []}, response: {'items': [{'product_id': 'b2926dc2-cc6d-4c3e-ae40-7a127c173b16', 'qty': 1, 'unit_price': 150.0, 'line_total': 150.0, 'discounts': 0.0}], 'subtotal': 150.0, 'total_discount': 0.0, 'total': 150.0, 'currency': 'USD', 'total_input_tokens': 0, 'total_output_tokens': 0, 'total_llm_calls': 0}
2026-08-18 21:13:37,534 - INFO - Request for search_products successfully processed, query: looking for headphone with noise cancelling, result: query='looking for headphone with noise cancelling' results=[ProductSearchResultItem(sku='b2926dc2-cc6d-4c3e-ae40-7a127c173b16', name='Airpod', description='Noise cancelling headphone Airpod', price=150.0, score=1.875)] total_input_tokens=0 total_output_tokens=0 total_llm_calls=0
2026-08-18 21:13:37,538 - INFO - HTTP Request: POST http://localhost:8002/price "HTTP/1.1 200 OK"
2026-08-18 21:13:37,539 - INFO - Called pricing_service, req: {'items': [{'product_id': 'b2926dc2-cc6d-4c3e-ae40-7a127c173b16', 'qty': 1}], 'promo_codes': []}, response: {'items': [{'product_id': 'b2926dc2-cc6d-4c3e-ae40-7a127c173b16', 'qty': 1, 'unit_price': 150.0, 'line_total': 150.0, 'discounts': 0.0}], 'subtotal': 150.0, 'total_discount': 0.0, 'total': 150.0, 'currency': 'USD', 'total_input_tokens': 0, 'total_output_tokens': 0, 'total_llm_calls': 0}
2026-08-18 21:13:37,539 - INFO - Request for search_products successfully processed, query: looking for headphone with noise cancelling, result: query='looking for headphone with noise cancelling' results=[ProductSearchResultItem(sku='b2926dc2-cc6d-4c3e-ae40-7a127c173b16', name='Airpod', description='Noise cancelling headphone Airpod', price=150.0, score=1.875)] total_input_tokens=0 total_output_tokens=0 total_llm_calls=0
2026-08-18 21:13:37,550 - INFO - HTTP Request: POST http://localhost:8002/price "HTTP/1.1 200 OK"
2026-08-18 21:13:37,551 - INFO - Called pricing_service, req: {'items': [{'product_id': 'b2926dc2-cc6d-4c3e-ae40-7a127c173b16', 'qty': 1}], 'promo_codes': []}, response: {'items': [{'product_id': 'b2926dc2-cc6d-4c3e-ae40-7a127c173b16', 'qty': 1, 'unit_price': 150.0, 'line_total': 150.0, 'discounts': 0.0}], 'subtotal': 150.0, 'total_discount': 0.0, 'total': 150.0, 'currency': 'USD', 'total_input_tokens': 0, 'total_output_tokens': 0, 'total_llm_calls': 0}
2026-08-18 21:13:37,552 - INFO - Request for search_products successfully processed, query: looking for headphone with noise cancelling, result: query='looking for headphone with noise cancelling' results=[ProductSearchResultItem(sku='b2926dc2-cc6d-4c3e-ae40-7a127c173b16', name='Airpod', description='Noise cancelling headphone Airpod', price=150.0, score=1.875)] total_input_tokens=0 total_output_tokens=0 total_llm_calls=0
2026-08-18 21:13:37,553 - INFO - HTTP Request: POST http://localhost:8002/price "HTTP/1.1 200 OK"
2026-08-18 21:13:37,555 - INFO - Called pricing_service, req: {'items': [{'product_id': 'b2926dc2-cc6d-4c3e-ae40-7a127c173b16', 'qty': 1}], 'promo_codes': []}, response: {'items': [{'product_id': 'b2926dc2-cc6d-4c3e-ae40-7a127c173b16', 'qty': 1, 'unit_price': 150.0, 'line_total': 150.0, 'discounts': 0.0}], 'subtotal': 150.0, 'total_discount': 0.0, 'total': 150.0, 'currency': 'USD', 'total_input_tokens': 0, 'total_output_tokens': 0, 'total_llm_calls': 0}
2026-08-18 21:13:37,555 - INFO - Request for search_products successfully processed, query: looking for headphone with noise cancelling, result: query='looking for headphone with noise cancelling' results=[ProductSearchResultItem(sku='b2926dc2-cc6d-4c3e-ae40-7a127c173b16', name='Airpod', description='Noise cancelling headphone Airpod', price=150.0, score=1.875)] total_input_tokens=0 total_output_tokens=0 total_llm_calls=0
2026-08-18 21:13:37,557 - INFO - HTTP Request: POST http://localhost:8002/price "HTTP/1.1 200 OK"
2026-08-18 21:13:37,559 - INFO - HTTP Request: POST http://localhost:8002/price "HTTP/1.1 200 OK"
2026-08-18 21:13:37,561 - INFO - HTTP Request: POST http://localhost:8002/price "HTTP/1.1 200 OK"
2026-08-18 21:13:37,562 - INFO - HTTP Request: POST http://localhost:8002/price "HTTP/1.1 200 OK"
2026-08-18 21:13:37,564 - INFO - Called pricing_service, req: {'items': [{'product_id': 'b2926dc2-cc6d-4c3e-ae40-7a127c173b16', 'qty': 1}], 'promo_codes': []}, response: {'items': [{'product_id': 'b2926dc2-cc6d-4c3e-ae40-7a127c173b16', 'qty': 1, 'unit_price': 150.0, 'line_total': 150.0, 'discounts': 0.0}], 'subtotal': 150.0, 'total_discount': 0.0, 'total': 150.0, 'currency': 'USD', 'total_input_tokens': 0, 'total_output_tokens': 0, 'total_llm_calls': 0}
2026-08-18 21:13:37,564 - INFO - Request for search_products successfully processed, query: looking for headphone with noise cancelling, result: query='looking for headphone with noise cancelling' results=[ProductSearchResultItem(sku='b2926dc2-cc6d-4c3e-ae40-7a127c173b16', name='Airpod', description='Noise cancelling headphone Airpod', price=150.0, score=1.875)] total_input_tokens=0 total_output_tokens=0 total_llm_calls=0
2026-08-18 21:13:37,567 - INFO - Called pricing_service, req: {'items': [{'product_id': 'b2926dc2-cc6d-4c3e-ae40-7a127c173b16', 'qty': 1}], 'promo_codes': []}, response: {'items': [{'product_id': 'b2926dc2-cc6d-4c3e-ae40-7a127c173b16', 'qty': 1, 'unit_price': 150.0, 'line_total': 150.0, 'discounts': 0.0}], 'subtotal': 150.0, 'total_discount': 0.0, 'total': 150.0, 'currency': 'USD', 'total_input_tokens': 0, 'total_output_tokens': 0, 'total_llm_calls': 0}
2026-08-18 21:13:37,567 - INFO - Request for search_products successfully processed, query: looking for headphone with noise cancelling, result: query='looking for headphone with noise cancelling' results=[ProductSearchResultItem(sku='b2926dc2-cc6d-4c3e-ae40-7a127c173b16', name='Airpod', description='Noise cancelling headphone Airpod', price=150.0, score=1.875)] total_input_tokens=0 total_output_tokens=0 total_llm_calls=0
2026-08-18 21:13:37,569 - INFO - Called pricing_service, req: {'items': [{'product_id': 'b2926dc2-cc6d-4c3e-ae40-7a127c173b16', 'qty': 1}], 'promo_codes': []}, response: {'items': [{'product_id': 'b2926dc2-cc6d-4c3e-ae40-7a127c173b16', 'qty': 1, 'unit_price': 150.0, 'line_total': 150.0, 'discounts': 0.0}], 'subtotal': 150.0, 'total_discount': 0.0, 'total': 150.0, 'currency': 'USD', 'total_input_tokens': 0, 'total_output_tokens': 0, 'total_llm_calls': 0}
2026-08-18 21:13:37,569 - INFO - Request for search_products successfully processed, query: looking for headphone with noise cancelling, result: query='looking for headphone with noise cancelling' results=[ProductSearchResultItem(sku='b2926dc2-cc6d-4c3e-ae40-7a127c173b16', name='Airpod', description='Noise cancelling headphone Airpod', price=150.0, score=1.875)] total_input_tokens=0 total_output_tokens=0 total_llm_calls=0
2026-08-18 21:13:37,571 - INFO - Called pricing_service, req: {'items': [{'product_id': 'b2926dc2-cc6d-4c3e-ae40-7a127c173b16', 'qty': 1}], 'promo_codes': []}, response: {'items': [{'product_id': 'b2926dc2-cc6d-4c3e-ae40-7a127c173b16', 'qty': 1, 'unit_price': 150.0, 'line_total': 150.0, 'discounts': 0.0}], 'subtotal': 150.0, 'total_discount': 0.0, 'total': 150.0, 'currency': 'USD', 'total_input_tokens': 0, 'total_output_tokens': 0, 'total_llm_calls': 0}
2026-08-18 21:13:37,572 - INFO - Request for search_products successfully processed, query: looking for headphone with noise cancelling, result: query='looking for headphone with noise cancelling' results=[ProductSearchResultItem(sku='b2926dc2-cc6d-4c3e-ae40-7a127c173b16', name='Airpod', description='Noise cancelling headphone Airpod', price=150.0, score=1.875)] total_input_tokens=0 total_output_tokens=0 total_llm_calls=0
2026-08-18 21:13:37,573 - INFO - HTTP Request: POST http://localhost:8002/price "HTTP/1.1 200 OK"
2026-08-18 21:13:37,574 - INFO - HTTP Request: POST http://localhost:8002/price "HTTP/1.1 200 OK"
2026-08-18 21:13:37,577 - INFO - Called pricing_service, req: {'items': [{'product_id': 'b2926dc2-cc6d-4c3e-ae40-7a127c173b16', 'qty': 1}], 'promo_codes': []}, response: {'items': [{'product_id': 'b2926dc2-cc6d-4c3e-ae40-7a127c173b16', 'qty': 1, 'unit_price': 150.0, 'line_total': 150.0, 'discounts': 0.0}], 'subtotal': 150.0, 'total_discount': 0.0, 'total': 150.0, 'currency': 'USD', 'total_input_tokens': 0, 'total_output_tokens': 0, 'total_llm_calls': 0}
2026-08-18 21:13:37,577 - INFO - Request for search_products successfully processed, query: looking for headphone with noise cancelling, result: query='looking for headphone with noise cancelling' results=[ProductSearchResultItem(sku='b2926dc2-cc6d-4c3e-ae40-7a127c173b16', name='Airpod', description='Noise cancelling headphone Airpod', price=150.0, score=1.875)] total_input_tokens=0 total_output_tokens=0 total_llm_calls=0
2026-08-18 21:13:37,579 - INFO - Called pricing_service, req: {'items': [{'product_id': 'b2926dc2-cc6d-4c3e-ae40-7a127c173b16', 'qty': 1}], 'promo_codes': []}, response: {'items': [{'product_id': 'b2926dc2-cc6d-4c3e-ae40-7a127c173b16', 'qty': 1, 'unit_price': 150.0, 'line_total': 150.0, 'discounts': 0.0}], 'subtotal': 150.0, 'total_discount': 0.0, 'total': 150.0, 'currency': 'USD', 'total_input_tokens': 0, 'total_output_tokens': 0, 'total_llm_calls': 0}
2026-08-18 21:13:37,580 - INFO - Request for search_products successfully processed, query: looking for headphone with noise cancelling, result: query='looking for headphone with noise cancelling' results=[ProductSearchResultItem(sku='b2926dc2-cc6d-4c3e-ae40-7a127c173b16', name='Airpod', description='Noise cancelling headphone Airpod', price=150.0, score=1.875)] total_input_tokens=0 total_output_tokens=0 total_llm_calls=0
2026-08-18 21:13:38,757 - INFO - Request for search_products, query: looking for headphone with noise cancelling
2026-08-18 21:13:38,766 - INFO - Request for search_products, query: looking for headphone with noise cancelling
2026-08-18 21:13:38,767 - INFO - Calling inventory_service for stock check, skus: ['b2926dc2-cc6d-4c3e-ae40-7a127c173b16']
2026-08-18 21:13:38,776 - INFO - Calling inventory_service for stock check, skus: ['b2926dc2-cc6d-4c3e-ae40-7a127c173b16']
2026-08-18 21:13:38,783 - INFO - HTTP Request: GET http://localhost:8001/stock?skus=b2926dc2-cc6d-4c3e-ae40-7a127c173b16 "HTTP/1.1 200 OK"
2026-08-18 21:13:38,786 - INFO - Called inventory_service, response: {'stocks': {'b2926dc2-cc6d-4c3e-ae40-7a127c173b16': 6}, 'total_input_tokens': 0, 'total_output_tokens': 0, 'total_llm_calls': 0}
2026-08-18 21:13:38,786 - INFO - Calling pricing_service, req: {'items': [{'product_id': 'b2926dc2-cc6d-4c3e-ae40-7a127c173b16', 'qty': 1}], 'promo_codes': []}
2026-08-18 21:13:38,799 - INFO - HTTP Request: GET http://localhost:8001/stock?skus=b2926dc2-cc6d-4c3e-ae40-7a127c173b16 "HTTP/1.1 200 OK"
2026-08-18 21:13:38,801 - INFO - Called inventory_service, response: {'stocks': {'b2926dc2-cc6d-4c3e-ae40-7a127c173b16': 6}, 'total_input_tokens': 0, 'total_output_tokens': 0, 'total_llm_calls': 0}
2026-08-18 21:13:38,801 - INFO - Calling pricing_service, req: {'items': [{'product_id': 'b2926dc2-cc6d-4c3e-ae40-7a127c173b16', 'qty': 1}], 'promo_codes': []}
2026-08-18 21:13:38,812 - INFO - HTTP Request: POST http://localhost:8002/price "HTTP/1.1 200 OK"
2026-08-18 21:13:38,816 - INFO - Called pricing_service, req: {'items': [{'product_id': 'b2926dc2-cc6d-4c3e-ae40-7a127c173b16', 'qty': 1}], 'promo_codes': []}, response: {'items': [{'product_id': 'b2926dc2-cc6d-4c3e-ae40-7a127c173b16', 'qty': 1, 'unit_price': 150.0, 'line_total': 150.0, 'discounts': 0.0}], 'subtotal': 150.0, 'total_discount': 0.0, 'total': 150.0, 'currency': 'USD', 'total_input_tokens': 0, 'total_output_tokens': 0, 'total_llm_calls': 0}
2026-08-18 21:13:38,816 - INFO - Request for search_products successfully processed, query: looking for headphone with noise cancelling, result: query='looking for headphone with noise cancelling' results=[ProductSearchResultItem(sku='b2926dc2-cc6d-4c3e-ae40-7a127c173b16', name='Airpod', description='Noise cancelling headphone Airpod', price=150.0, score=1.875)] total_input_tokens=0 total_output_tokens=0 total_llm_calls=0
2026-08-18 21:13:38,828 - INFO - HTTP Request: POST http://localhost:8002/price "HTTP/1.1 200 OK"
2026-08-18 21:13:38,830 - INFO - Called pricing_service, req: {'items': [{'product_id': 'b2926dc2-cc6d-4c3e-ae40-7a127c173b16', 'qty': 1}], 'promo_codes': []}, response: {'items': [{'product_id': 'b2926dc2-cc6d-4c3e-ae40-7a127c173b16', 'qty': 1, 'unit_price': 150.0, 'line_total': 150.0, 'discounts': 0.0}], 'subtotal': 150.0, 'total_discount': 0.0, 'total': 150.0, 'currency': 'USD', 'total_input_tokens': 0, 'total_output_tokens': 0, 'total_llm_calls': 0}
2026-08-18 21:13:38,831 - INFO - Request for search_products successfully processed, query: looking for headphone with noise cancelling, result: query='looking for headphone with noise cancelling' results=[ProductSearchResultItem(sku='b2926dc2-cc6d-4c3e-ae40-7a127c173b16', name='Airpod', description='Noise cancelling headphone Airpod', price=150.0, score=1.875)] total_input_tokens=0 total_output_tokens=0 total_llm_calls=0
2026-08-18 21:13:39,438 - INFO - Request for search_products, query: looking for headphone with noise cancelling
2026-08-18 21:13:39,444 - INFO - Calling inventory_service for stock check, skus: ['b2926dc2-cc6d-4c3e-ae40-7a127c173b16']
2026-08-18 21:13:39,451 - INFO - HTTP Request: GET http://localhost:8001/stock?skus=b2926dc2-cc6d-4c3e-ae40-7a127c173b16 "HTTP/1.1 200 OK"
2026-08-18 21:13:39,453 - INFO - Called inventory_service, response: {'stocks': {'b2926dc2-cc6d-4c3e-ae40-7a127c173b16': 4}, 'total_input_tokens': 0, 'total_output_tokens': 0, 'total_llm_calls': 0}
2026-08-18 21:13:39,453 - INFO - Calling pricing_service, req: {'items': [{'product_id': 'b2926dc2-cc6d-4c3e-ae40-7a127c173b16', 'qty': 1}], 'promo_codes': []}
2026-08-18 21:13:39,466 - INFO - HTTP Request: POST http://localhost:8002/price "HTTP/1.1 200 OK"
2026-08-18 21:13:39,468 - INFO - Called pricing_service, req: {'items': [{'product_id': 'b2926dc2-cc6d-4c3e-ae40-7a127c173b16', 'qty': 1}], 'promo_codes': []}, response: {'items': [{'product_id': 'b2926dc2-cc6d-4c3e-ae40-7a127c173b16', 'qty': 1, 'unit_price': 150.0, 'line_total': 150.0, 'discounts': 0.0}], 'subtotal': 150.0, 'total_discount': 0.0, 'total': 150.0, 'currency': 'USD', 'total_input_tokens': 0, 'total_output_tokens': 0, 'total_llm_calls': 0}
2026-08-18 21:13:39,469 - INFO - Request for search_products successfully processed, query: looking for headphone with noise cancelling, result: query='looking for headphone with noise cancelling' results=[ProductSearchResultItem(sku='b2926dc2-cc6d-4c3e-ae40-7a127c173b16', name='Airpod', description='Noise cancelling headphone Airpod', price=150.0, score=1.875)] total_input_tokens=0 total_output_tokens=0 total_llm_calls=0
2026-08-18 21:13:40,018 - INFO - Request for search_products, query: looking for headphone with noise cancelling
2026-08-18 21:13:40,023 - INFO - Calling inventory_service for stock check, skus: ['b2926dc2-cc6d-4c3e-ae40-7a127c173b16']
2026-08-18 21:13:40,030 - INFO - HTTP Request: GET http://localhost:8001/stock?skus=b2926dc2-cc6d-4c3e-ae40-7a127c173b16 "HTTP/1.1 200 OK"
2026-08-18 21:13:40,032 - INFO - Called inventory_service, response: {'stocks': {'b2926dc2-cc6d-4c3e-ae40-7a127c173b16': 2}, 'total_input_tokens': 0, 'total_output_tokens': 0, 'total_llm_calls': 0}
2026-08-18 21:13:40,032 - INFO - Calling pricing_service, req: {'items': [{'product_id': 'b2926dc2-cc6d-4c3e-ae40-7a127c173b16', 'qty': 1}], 'promo_codes': []}
2026-08-18 21:13:40,047 - INFO - HTTP Request: POST http://localhost:8002/price "HTTP/1.1 200 OK"
2026-08-18 21:13:40,049 - INFO - Called pricing_service, req: {'items': [{'product_id': 'b2926dc2-cc6d-4c3e-ae40-7a127c173b16', 'qty': 1}], 'promo_codes': []}, response: {'items': [{'product_id': 'b2926dc2-cc6d-4c3e-ae40-7a127c173b16', 'qty': 1, 'unit_price': 150.0, 'line_total': 150.0, 'discounts': 0.0}], 'subtotal': 150.0, 'total_discount': 0.0, 'total': 150.0, 'currency': 'USD', 'total_input_tokens': 0, 'total_output_tokens': 0, 'total_llm_calls': 0}
2026-08-18 21:13:40,049 - INFO - Request for search_products successfully processed, query: looking for headphone with noise cancelling, result: query='looking for headphone with noise cancelling' results=[ProductSearchResultItem(sku='b2926dc2-cc6d-4c3e-ae40-7a127c173b16', name='Airpod', description='Noise cancelling headphone Airpod', price=150.0, score=1.875)] total_input_tokens=0 total_output_tokens=0 total_llm_calls=0
2026-08-18 21:13:40,618 - INFO - Request for search_products, query: looking for headphone with noise cancelling
2026-08-18 21:13:40,627 - INFO - Calling inventory_service for stock check, skus: ['b2926dc2-cc6d-4c3e-ae40-7a127c173b16']
2026-08-18 21:13:40,643 - INFO - HTTP Request: GET http://localhost:8001/stock?skus=b2926dc2-cc6d-4c3e-ae40-7a127c173b16 "HTTP/1.1 200 OK"
2026-08-18 21:13:40,647 - INFO - Called inventory_service, response: {'stocks': {'b2926dc2-cc6d-4c3e-ae40-7a127c173b16': 0}, 'total_input_tokens': 0, 'total_output_tokens': 0, 'total_llm_calls': 0}
2026-08-18 21:13:40,647 - INFO - Calling pricing_service, req: {'items': [], 'promo_codes': []}
2026-08-18 21:13:40,657 - INFO - HTTP Request: POST http://localhost:8002/price "HTTP/1.1 200 OK"
2026-08-18 21:13:40,658 - INFO - Called pricing_service, req: {'items': [], 'promo_codes': []}, response: {'items': [], 'subtotal': 0.0, 'total_discount': 0.0, 'total': 0.0, 'currency': 'USD', 'total_input_tokens': 0, 'total_output_tokens': 0, 'total_llm_calls': 0}
2026-08-18 21:13:40,660 - INFO - Request for search_products successfully processed, query: looking for headphone with noise cancelling, result: query='looking for headphone with noise cancelling' results=[] total_input_tokens=0 total_output_tokens=0 total_llm_calls=0
2026-08-18 21:13:40,677 - INFO - Request for search_products, query: looking for headphone with noise cancelling
2026-08-18 21:13:40,680 - INFO - Request for search_products, query: looking for headphone with noise cancelling
2026-08-18 21:13:40,682 - INFO - Calling inventory_service for stock check, skus: ['b2926dc2-cc6d-4c3e-ae40-7a127c173b16']
2026-08-18 21:13:40,684 - INFO - Calling inventory_service for stock check, skus: ['b2926dc2-cc6d-4c3e-ae40-7a127c173b16']
2026-08-18 21:13:40,694 - INFO - Request for search_products, query: looking for headphone with noise cancelling
2026-08-18 21:13:40,699 - INFO - Calling inventory_service for stock check, skus: ['b2926dc2-cc6d-4c3e-ae40-7a127c173b16']
2026-08-18 21:13:40,701 - INFO - HTTP Request: GET http://localhost:8001/stock?skus=b2926dc2-cc6d-4c3e-ae40-7a127c173b16 "HTTP/1.1 200 OK"
2026-08-18 21:13:40,703 - INFO - Called inventory_service, response: {'stocks': {'b2926dc2-cc6d-4c3e-ae40-7a127c173b16': 0}, 'total_input_tokens': 0, 'total_output_tokens': 0, 'total_llm_calls': 0}
2026-08-18 21:13:40,703 - INFO - Calling pricing_service, req: {'items': [], 'promo_codes': []}
2026-08-18 21:13:40,709 - INFO - HTTP Request: GET http://localhost:8001/stock?skus=b2926dc2-cc6d-4c3e-ae40-7a127c173b16 "HTTP/1.1 200 OK"
2026-08-18 21:13:40,712 - INFO - Called inventory_service, response: {'stocks': {'b2926dc2-cc6d-4c3e-ae40-7a127c173b16': 0}, 'total_input_tokens': 0, 'total_output_tokens': 0, 'total_llm_calls': 0}
2026-08-18 21:13:40,713 - INFO - Calling pricing_service, req: {'items': [], 'promo_codes': []}
2026-08-18 21:13:40,716 - INFO - HTTP Request: GET http://localhost:8001/stock?skus=b2926dc2-cc6d-4c3e-ae40-7a127c173b16 "HTTP/1.1 200 OK"
2026-08-18 21:13:40,718 - INFO - Called inventory_service, response: {'stocks': {'b2926dc2-cc6d-4c3e-ae40-7a127c173b16': 0}, 'total_input_tokens': 0, 'total_output_tokens': 0, 'total_llm_calls': 0}
2026-08-18 21:13:40,719 - INFO - Calling pricing_service, req: {'items': [], 'promo_codes': []}
2026-08-18 21:13:40,724 - INFO - HTTP Request: POST http://localhost:8002/price "HTTP/1.1 200 OK"
2026-08-18 21:13:40,729 - INFO - Called pricing_service, req: {'items': [], 'promo_codes': []}, response: {'items': [], 'subtotal': 0.0, 'total_discount': 0.0, 'total': 0.0, 'currency': 'USD', 'total_input_tokens': 0, 'total_output_tokens': 0, 'total_llm_calls': 0}
2026-08-18 21:13:40,730 - INFO - Request for search_products successfully processed, query: looking for headphone with noise cancelling, result: query='looking for headphone with noise cancelling' results=[] total_input_tokens=0 total_output_tokens=0 total_llm_calls=0
2026-08-18 21:13:40,732 - INFO - HTTP Request: POST http://localhost:8002/price "HTTP/1.1 200 OK"
2026-08-18 21:13:40,734 - INFO - Called pricing_service, req: {'items': [], 'promo_codes': []}, response: {'items': [], 'subtotal': 0.0, 'total_discount': 0.0, 'total': 0.0, 'currency': 'USD', 'total_input_tokens': 0, 'total_output_tokens': 0, 'total_llm_calls': 0}
2026-08-18 21:13:40,735 - INFO - Request for search_products successfully processed, query: looking for headphone with noise cancelling, result: query='looking for headphone with noise cancelling' results=[] total_input_tokens=0 total_output_tokens=0 total_llm_calls=0
2026-08-18 21:13:40,745 - INFO - Request for search_products, query: looking for headphone with noise cancelling
2026-08-18 21:13:40,748 - INFO - HTTP Request: POST http://localhost:8002/price "HTTP/1.1 200 OK"
2026-08-18 21:13:40,750 - INFO - Called pricing_service, req: {'items': [], 'promo_codes': []}, response: {'items': [], 'subtotal': 0.0, 'total_discount': 0.0, 'total': 0.0, 'currency': 'USD', 'total_input_tokens': 0, 'total_output_tokens': 0, 'total_llm_calls': 0}
2026-08-18 21:13:40,750 - INFO - Request for search_products successfully processed, query: looking for headphone with noise cancelling, result: query='looking for headphone with noise cancelling' results=[] total_input_tokens=0 total_output_tokens=0 total_llm_calls=0
2026-08-18 21:13:40,752 - INFO - Calling inventory_service for stock check, skus: ['b2926dc2-cc6d-4c3e-ae40-7a127c173b16']
2026-08-18 21:13:40,762 - INFO - Request for search_products, query: looking for headphone with noise cancelling
2026-08-18 21:13:40,765 - INFO - HTTP Request: GET http://localhost:8001/stock?skus=b2926dc2-cc6d-4c3e-ae40-7a127c173b16 "HTTP/1.1 200 OK"
2026-08-18 21:13:40,767 - INFO - Called inventory_service, response: {'stocks': {'b2926dc2-cc6d-4c3e-ae40-7a127c173b16': 0}, 'total_input_tokens': 0, 'total_output_tokens': 0, 'total_llm_calls': 0}
2026-08-18 21:13:40,768 - INFO - Calling pricing_service, req: {'items': [], 'promo_codes': []}
2026-08-18 21:13:40,772 - INFO - Calling inventory_service for stock check, skus: ['b2926dc2-cc6d-4c3e-ae40-7a127c173b16']
2026-08-18 21:13:40,781 - INFO - HTTP Request: GET http://localhost:8001/stock?skus=b2926dc2-cc6d-4c3e-ae40-7a127c173b16 "HTTP/1.1 200 OK"
2026-08-18 21:13:40,782 - INFO - Called inventory_service, response: {'stocks': {'b2926dc2-cc6d-4c3e-ae40-7a127c173b16': 0}, 'total_input_tokens': 0, 'total_output_tokens': 0, 'total_llm_calls': 0}
2026-08-18 21:13:40,783 - INFO - Calling pricing_service, req: {'items': [], 'promo_codes': []}
2026-08-18 21:13:40,785 - INFO - HTTP Request: POST http://localhost:8002/price "HTTP/1.1 200 OK"
2026-08-18 21:13:40,786 - INFO - Called pricing_service, req: {'items': [], 'promo_codes': []}, response: {'items': [], 'subtotal': 0.0, 'total_discount': 0.0, 'total': 0.0, 'currency': 'USD', 'total_input_tokens': 0, 'total_output_tokens': 0, 'total_llm_calls': 0}
2026-08-18 21:13:40,786 - INFO - Request for search_products successfully processed, query: looking for headphone with noise cancelling, result: query='looking for headphone with noise cancelling' results=[] total_input_tokens=0 total_output_tokens=0 total_llm_calls=0
2026-08-18 21:13:40,797 - INFO - HTTP Request: POST http://localhost:8002/price "HTTP/1.1 200 OK"
2026-08-18 21:13:40,799 - INFO - Called pricing_service, req: {'items': [], 'promo_codes': []}, response: {'items': [], 'subtotal': 0.0, 'total_discount': 0.0, 'total': 0.0, 'currency': 'USD', 'total_input_tokens': 0, 'total_output_tokens': 0, 'total_llm_calls': 0}
2026-08-18 21:13:40,800 - INFO - Request for search_products successfully processed, query: looking for headphone with noise cancelling, result: query='looking for headphone with noise cancelling' results=[] total_input_tokens=0 total_output_tokens=0 total_llm_calls=0
2026-08-18 21:18:57,663 - INFO - Request for search_products, query: looking for headphone with noise cancelling
2026-08-18 21:18:57,663 - INFO - Request for search_products, query: looking for headphone with noise cancelling
2026-08-18 21:18:57,667 - INFO - Calling inventory_service for stock check, skus: ['b2926dc2-cc6d-4c3e-ae40-7a127c173b16']
2026-08-18 21:18:57,668 - INFO - Calling inventory_service for stock check, skus: ['b2926dc2-cc6d-4c3e-ae40-7a127c173b16']
2026-08-18 21:18:57,670 - INFO - Request for search_products, query: looking for headphone with noise cancelling
2026-08-18 21:18:57,674 - INFO - Request for search_products, query: looking for headphone with noise cancelling
2026-08-18 21:18:57,676 - INFO - Request for search_products, query: looking for headphone with noise cancelling
2026-08-18 21:18:57,679 - INFO - Request for search_products, query: looking for headphone with noise cancelling
2026-08-18 21:18:57,681 - INFO - Request for search_products, query: looking for headphone with noise cancelling
2026-08-18 21:18:57,682 - INFO - Calling inventory_service for stock check, skus: ['b2926dc2-cc6d-4c3e-ae40-7a127c173b16']
2026-08-18 21:18:57,683 - INFO - Request for search_products, query: looking for headphone with noise cancelling
2026-08-18 21:18:57,685 - INFO - Calling inventory_service for stock check, skus: ['b2926dc2-cc6d-4c3e-ae40-7a127c173b16']
2026-08-18 21:18:57,686 - INFO - Request for search_products, query: looking for headphone with noise cancelling
2026-08-18 21:18:57,687 - INFO - Calling inventory_service for stock check, skus: ['b2926dc2-cc6d-4c3e-ae40-7a127c173b16']
2026-08-18 21:18:57,689 - INFO - Request for search_products, query: looking for headphone with noise cancelling
2026-08-18 21:18:57,690 - INFO - Calling inventory_service for stock check, skus: ['b2926dc2-cc6d-4c3e-ae40-7a127c173b16']
2026-08-18 21:18:57,692 - INFO - Calling inventory_service for stock check, skus: ['b2926dc2-cc6d-4c3e-ae40-7a127c173b16']
2026-08-18 21:18:57,694 - INFO - Calling inventory_service for stock check, skus: ['b2926dc2-cc6d-4c3e-ae40-7a127c173b16']
2026-08-18 21:18:57,695 - INFO - HTTP Request: GET http://localhost:8001/stock?skus=b2926dc2-cc6d-4c3e-ae40-7a127c173b16 "HTTP/1.1 200 OK"
2026-08-18 21:18:57,696 - INFO - Calling inventory_service for stock check, skus: ['b2926dc2-cc6d-4c3e-ae40-7a127c173b16']
2026-08-18 21:18:57,697 - INFO - Called inventory_service, response: {'stocks': {'b2926dc2-cc6d-4c3e-ae40-7a127c173b16': 10}, 'total_input_tokens': 0, 'total_output_tokens': 0, 'total_llm_calls': 0}
2026-08-18 21:18:57,697 - INFO - Calling pricing_service, req: {'items': [{'product_id': 'b2926dc2-cc6d-4c3e-ae40-7a127c173b16', 'qty': 1}], 'promo_codes': []}
2026-08-18 21:18:57,698 - INFO - Calling inventory_service for stock check, skus: ['b2926dc2-cc6d-4c3e-ae40-7a127c173b16']
2026-08-18 21:18:57,711 - INFO - HTTP Request: GET http://localhost:8001/stock?skus=b2926dc2-cc6d-4c3e-ae40-7a127c173b16 "HTTP/1.1 200 OK"
2026-08-18 21:18:57,712 - INFO - HTTP Request: GET http://localhost:8001/stock?skus=b2926dc2-cc6d-4c3e-ae40-7a127c173b16 "HTTP/1.1 200 OK"
2026-08-18 21:18:57,713 - INFO - Called inventory_service, response: {'stocks': {'b2926dc2-cc6d-4c3e-ae40-7a127c173b16': 10}, 'total_input_tokens': 0, 'total_output_tokens': 0, 'total_llm_calls': 0}
2026-08-18 21:18:57,713 - INFO - Calling pricing_service, req: {'items': [{'product_id': 'b2926dc2-cc6d-4c3e-ae40-7a127c173b16', 'qty': 1}], 'promo_codes': []}
2026-08-18 21:18:57,714 - INFO - Called inventory_service, response: {'stocks': {'b2926dc2-cc6d-4c3e-ae40-7a127c173b16': 10}, 'total_input_tokens': 0, 'total_output_tokens': 0, 'total_llm_calls': 0}
2026-08-18 21:18:57,715 - INFO - Calling pricing_service, req: {'items': [{'product_id': 'b2926dc2-cc6d-4c3e-ae40-7a127c173b16', 'qty': 1}], 'promo_codes': []}
2026-08-18 21:18:57,717 - INFO - HTTP Request: GET http://localhost:8001/stock?skus=b2926dc2-cc6d-4c3e-ae40-7a127c173b16 "HTTP/1.1 200 OK"
2026-08-18 21:18:57,719 - INFO - Called inventory_service, response: {'stocks': {'b2926dc2-cc6d-4c3e-ae40-7a127c173b16': 10}, 'total_input_tokens': 0, 'total_output_tokens': 0, 'total_llm_calls': 0}
2026-08-18 21:18:57,720 - INFO - Calling pricing_service, req: {'items': [{'product_id': 'b2926dc2-cc6d-4c3e-ae40-7a127c173b16', 'qty': 1}], 'promo_codes': []}
2026-08-18 21:18:57,722 - INFO - HTTP Request: POST http://localhost:8002/price "HTTP/1.1 200 OK"
2026-08-18 21:18:57,724 - INFO - Called pricing_service, req: {'items': [{'product_id': 'b2926dc2-cc6d-4c3e-ae40-7a127c173b16', 'qty': 1}], 'promo_codes': []}, response: {'items': [{'product_id': 'b2926dc2-cc6d-4c3e-ae40-7a127c173b16', 'qty': 1, 'unit_price': 150.0, 'line_total': 150.0, 'discounts': 0.0}], 'subtotal': 150.0, 'total_discount': 0.0, 'total': 150.0, 'currency': 'USD', 'total_input_tokens': 0, 'total_output_tokens': 0, 'total_llm_calls': 0}
2026-08-18 21:18:57,724 - INFO - Request for search_products successfully processed, query: looking for headphone with noise cancelling, result: query='looking for headphone with noise cancelling' results=[ProductSearchResultItem(sku='b2926dc2-cc6d-4c3e-ae40-7a127c173b16', name='Airpod', description='Noise cancelling headphone Airpod', price=150.0, score=1.875)] total_input_tokens=0 total_output_tokens=0 total_llm_calls=0
2026-08-18 21:18:57,727 - INFO - HTTP Request: GET http://localhost:8001/stock?skus=b2926dc2-cc6d-4c3e-ae40-7a127c173b16 "HTTP/1.1 200 OK"
2026-08-18 21:18:57,728 - INFO - HTTP Request: GET http://localhost:8001/stock?skus=b2926dc2-cc6d-4c3e-ae40-7a127c173b16 "HTTP/1.1 200 OK"
2026-08-18 21:18:57,732 - INFO - HTTP Request: GET http://localhost:8001/stock?skus=b2926dc2-cc6d-4c3e-ae40-7a127c173b16 "HTTP/1.1 200 OK"
2026-08-18 21:18:57,735 - INFO - Called inventory_service, response: {'stocks': {'b2926dc2-cc6d-4c3e-ae40-7a127c173b16': 10}, 'total_input_tokens': 0, 'total_output_tokens': 0, 'total_llm_calls': 0}
2026-08-18 21:18:57,737 - INFO - Calling pricing_service, req: {'items': [{'product_id': 'b2926dc2-cc6d-4c3e-ae40-7a127c173b16', 'qty': 1}], 'promo_codes': []}
2026-08-18 21:18:57,739 - INFO - Called inventory_service, response: {'stocks': {'b2926dc2-cc6d-4c3e-ae40-7a127c173b16': 10}, 'total_input_tokens': 0, 'total_output_tokens': 0, 'total_llm_calls': 0}
2026-08-18 21:18:57,742 - INFO - Calling pricing_service, req: {'items': [{'product_id': 'b2926dc2-cc6d-4c3e-ae40-7a127c173b16', 'qty': 1}], 'promo_codes': []}
2026-08-18 21:18:57,743 - INFO - Called inventory_service, response: {'stocks': {'b2926dc2-cc6d-4c3e-ae40-7a127c173b16': 10}, 'total_input_tokens': 0, 'total_output_tokens': 0, 'total_llm_calls': 0}
2026-08-18 21:18:57,744 - INFO - Calling pricing_service, req: {'items': [{'product_id': 'b2926dc2-cc6d-4c3e-ae40-7a127c173b16', 'qty': 1}], 'promo_codes': []}
2026-08-18 21:18:57,746 - INFO - HTTP Request: GET http://localhost:8001/stock?skus=b2926dc2-cc6d-4c3e-ae40-7a127c173b16 "HTTP/1.1 200 OK"
2026-08-18 21:18:57,747 - INFO - HTTP Request: GET http://localhost:8001/stock?skus=b2926dc2-cc6d-4c3e-ae40-7a127c173b16 "HTTP/1.1 200 OK"
2026-08-18 21:18:57,749 - INFO - Called inventory_service, response: {'stocks': {'b2926dc2-cc6d-4c3e-ae40-7a127c173b16': 10}, 'total_input_tokens': 0, 'total_output_tokens': 0, 'total_llm_calls': 0}
2026-08-18 21:18:57,749 - INFO - Calling pricing_service, req: {'items': [{'product_id': 'b2926dc2-cc6d-4c3e-ae40-7a127c173b16', 'qty': 1}], 'promo_codes': []}
2026-08-18 21:18:57,751 - INFO - Called inventory_service, response: {'stocks': {'b2926dc2-cc6d-4c3e-ae40-7a127c173b16': 10}, 'total_input_tokens': 0, 'total_output_tokens': 0, 'total_llm_calls': 0}
2026-08-18 21:18:57,752 - INFO - Calling pricing_service, req: {'items': [{'product_id': 'b2926dc2-cc6d-4c3e-ae40-7a127c173b16', 'qty': 1}], 'promo_codes': []}
2026-08-18 21:18:57,754 - INFO - HTTP Request: GET http://localhost:8001/stock?skus=b2926dc2-cc6d-4c3e-ae40-7a127c173b16 "HTTP/1.1 200 OK"
2026-08-18 21:18:57,756 - INFO - Called inventory_service, response: {'stocks': {'b2926dc2-cc6d-4c3e-ae40-7a127c173b16': 10}, 'total_input_tokens': 0, 'total_output_tokens': 0, 'total_llm_calls': 0}
2026-08-18 21:18:57,757 - INFO - Calling pricing_service, req: {'items': [{'product_id': 'b2926dc2-cc6d-4c3e-ae40-7a127c173b16', 'qty': 1}], 'promo_codes': []}
2026-08-18 21:18:57,770 - INFO - HTTP Request: POST http://localhost:8002/price "HTTP/1.1 200 OK"
2026-08-18 21:18:57,771 - INFO - Called pricing_service, req: {'items': [{'product_id': 'b2926dc2-cc6d-4c3e-ae40-7a127c173b16', 'qty': 1}], 'promo_codes': []}, response: {'items': [{'product_id': 'b2926dc2-cc6d-4c3e-ae40-7a127c173b16', 'qty': 1, 'unit_price': 150.0, 'line_total': 150.0, 'discounts': 0.0}], 'subtotal': 150.0, 'total_discount': 0.0, 'total': 150.0, 'currency': 'USD', 'total_input_tokens': 0, 'total_output_tokens': 0, 'total_llm_calls': 0}
2026-08-18 21:18:57,772 - INFO - Request for search_products successfully processed, query: looking for headphone with noise cancelling, result: query='looking for headphone with noise cancelling' results=[ProductSearchResultItem(sku='b2926dc2-cc6d-4c3e-ae40-7a127c173b16', name='Airpod', description='Noise cancelling headphone Airpod', price=150.0, score=1.875)] total_input_tokens=0 total_output_tokens=0 total_llm_calls=0
2026-08-18 21:18:57,773 - INFO - HTTP Request: POST http://localhost:8002/price "HTTP/1.1 200 OK"
2026-08-18 21:18:57,774 - INFO - HTTP Request: POST http://localhost:8002/price "HTTP/1.1 200 OK"
2026-08-18 21:18:57,775 - INFO - HTTP Request: POST http://localhost:8002/price "HTTP/1.1 200 OK"
2026-08-18 21:18:57,776 - INFO - Called pricing_service, req: {'items': [{'product_id': 'b2926dc2-cc6d-4c3e-ae40-7a127c173b16', 'qty': 1}], 'promo_codes': []}, response: {'items': [{'product_id': 'b2926dc2-cc6d-4c3e-ae40-7a127c173b16', 'qty': 1, 'unit_price': 150.0, 'line_total': 150.0, 'discounts': 0.0}], 'subtotal': 150.0, 'total_discount': 0.0, 'total': 150.0, 'currency': 'USD', 'total_input_tokens': 0, 'total_output_tokens': 0, 'total_llm_calls': 0}
2026-08-18 21:18:57,779 - INFO - Request for search_products successfully processed, query: looking for headphone with noise cancelling, result: query='looking for headphone with noise cancelling' results=[ProductSearchResultItem(sku='b2926dc2-cc6d-4c3e-ae40-7a127c173b16', name='Airpod', description='Noise cancelling headphone Airpod', price=150.0, score=1.875)] total_input_tokens=0 total_output_tokens=0 total_llm_calls=0
2026-08-18 21:18:57,781 - INFO - Called pricing_service, req: {'items': [{'product_id': 'b2926dc2-cc6d-4c3e-ae40-7a127c173b16', 'qty': 1}], 'promo_codes': []}, response: {'items': [{'product_id': 'b2926dc2-cc6d-4c3e-ae40-7a127c173b16', 'qty': 1, 'unit_price': 150.0, 'line_total': 150.0, 'discounts': 0.0}], 'subtotal': 150.0, 'total_discount': 0.0, 'total': 150.0, 'currency': 'USD', 'total_input_tokens': 0, 'total_output_tokens': 0, 'total_llm_calls': 0}
2026-08-18 21:18:57,781 - INFO - Request for search_products successfully processed, query: looking for headphone with noise cancelling, result: query='looking for headphone with noise cancelling' results=[ProductSearchResultItem(sku='b2926dc2-cc6d-4c3e-ae40-7a127c173b16', name='Airpod', description='Noise cancelling headphone Airpod', price=150.0, score=1.875)] total_input_tokens=0 total_output_tokens=0 total_llm_calls=0
2026-08-18 21:18:57,783 - INFO - Called pricing_service, req: {'items': [{'product_id': 'b2926dc2-cc6d-4c3e-ae40-7a127c173b16', 'qty': 1}], 'promo_codes': []}, response: {'items': [{'product_id': 'b2926dc2-cc6d-4c3e-ae40-7a127c173b16', 'qty': 1, 'unit_price': 150.0, 'line_total': 150.0, 'discounts': 0.0}], 'subtotal': 150.0, 'total_discount': 0.0, 'total': 150.0, 'currency': 'USD', 'total_input_tokens': 0, 'total_output_tokens': 0, 'total_llm_calls': 0}
2026-08-18 21:18:57,783 - INFO - Request for search_products successfully processed, query: looking for headphone with noise cancelling, result: query='looking for headphone with noise cancelling' results=[ProductSearchResultItem(sku='b2926dc2-cc6d-4c3e-ae40-7a127c173b16', name='Airpod', description='Noise cancelling headphone Airpod', price=150.0, score=1.875)] total_input_tokens=0 total_output_tokens=0 total_llm_calls=0
2026-08-18 21:18:57,799 - INFO - HTTP Request: POST http://localhost:8002/price "HTTP/1.1 200 OK"
2026-08-18 21:18:57,801 - INFO - Called pricing_service, req: {'items': [{'product_id': 'b2926dc2-cc6d-4c3e-ae40-7a127c173b16', 'qty': 1}], 'promo_codes': []}, response: {'items': [{'product_id': 'b2926dc2-cc6d-4c3e-ae40-7a127c173b16', 'qty': 1, 'unit_price': 150.0, 'line_total': 150.0, 'discounts': 0.0}], 'subtotal': 150.0, 'total_discount': 0.0, 'total': 150.0, 'currency': 'USD', 'total_input_tokens': 0, 'total_output_tokens': 0, 'total_llm_calls': 0}
2026-08-18 21:18:57,801 - INFO - Request for search_products successfully processed, query: looking for headphone with noise cancelling, result: query='looking for headphone with noise cancelling' results=[ProductSearchResultItem(sku='b2926dc2-cc6d-4c3e-ae40-7a127c173b16', name='Airpod', description='Noise cancelling headphone Airpod', price=150.0, score=1.875)] total_input_tokens=0 total_output_tokens=0 total_llm_calls=0
2026-08-18 21:18:57,803 - INFO - HTTP Request: POST http://localhost:8002/price "HTTP/1.1 200 OK"
2026-08-18 21:18:57,804 - INFO - Called pricing_service, req: {'items': [{'product_id': 'b2926dc2-cc6d-4c3e-ae40-7a127c173b16', 'qty': 1}], 'promo_codes': []}, response: {'items': [{'product_id': 'b2926dc2-cc6d-4c3e-ae40-7a127c173b16', 'qty': 1, 'unit_price': 150.0, 'line_total': 150.0, 'discounts': 0.0}], 'subtotal': 150.0, 'total_discount': 0.0, 'total': 150.0, 'currency': 'USD', 'total_input_tokens': 0, 'total_output_tokens': 0, 'total_llm_calls': 0}
2026-08-18 21:18:57,805 - INFO - Request for search_products successfully processed, query: looking for headphone with noise cancelling, result: query='looking for headphone with noise cancelling' results=[ProductSearchResultItem(sku='b2926dc2-cc6d-4c3e-ae40-7a127c173b16', name='Airpod', description='Noise cancelling headphone Airpod', price=150.0, score=1.875)] total_input_tokens=0 total_output_tokens=0 total_llm_calls=0
2026-08-18 21:18:57,806 - INFO - HTTP Request: POST http://localhost:8002/price "HTTP/1.1 200 OK"
2026-08-18 21:18:57,807 - INFO - HTTP Request: POST http://localhost:8002/price "HTTP/1.1 200 OK"
2026-08-18 21:18:57,808 - INFO - HTTP Request: POST http://localhost:8002/price "HTTP/1.1 200 OK"
2026-08-18 21:18:57,810 - INFO - Called pricing_service, req: {'items': [{'product_id': 'b2926dc2-cc6d-4c3e-ae40-7a127c173b16', 'qty': 1}], 'promo_codes': []}, response: {'items': [{'product_id': 'b2926dc2-cc6d-4c3e-ae40-7a127c173b16', 'qty': 1, 'unit_price': 150.0, 'line_total': 150.0, 'discounts': 0.0}], 'subtotal': 150.0, 'total_discount': 0.0, 'total': 150.0, 'currency': 'USD', 'total_input_tokens': 0, 'total_output_tokens': 0, 'total_llm_calls': 0}
2026-08-18 21:18:57,810 - INFO - Request for search_products successfully processed, query: looking for headphone with noise cancelling, result: query='looking for headphone with noise cancelling' results=[ProductSearchResultItem(sku='b2926dc2-cc6d-4c3e-ae40-7a127c173b16', name='Airpod', description='Noise cancelling headphone Airpod', price=150.0, score=1.875)] total_input_tokens=0 total_output_tokens=0 total_llm_calls=0
2026-08-18 21:18:57,812 - INFO - Called pricing_service, req: {'items': [{'product_id': 'b2926dc2-cc6d-4c3e-ae40-7a127c173b16', 'qty': 1}], 'promo_codes': []}, response: {'items': [{'product_id': 'b2926dc2-cc6d-4c3e-ae40-7a127c173b16', 'qty': 1, 'unit_price': 150.0, 'line_total': 150.0, 'discounts': 0.0}], 'subtotal': 150.0, 'total_discount': 0.0, 'total': 150.0, 'currency': 'USD', 'total_input_tokens': 0, 'total_output_tokens': 0, 'total_llm_calls': 0}
2026-08-18 21:18:57,813 - INFO - Request for search_products successfully processed, query: looking for headphone with noise cancelling, result: query='looking for headphone with noise cancelling' results=[ProductSearchResultItem(sku='b2926dc2-cc6d-4c3e-ae40-7a127c173b16', name='Airpod', description='Noise cancelling headphone Airpod', price=150.0, score=1.875)] total_input_tokens=0 total_output_tokens=0 total_llm_calls=0
2026-08-18 21:18:57,815 - INFO - Called pricing_service, req: {'items': [{'product_id': 'b2926dc2-cc6d-4c3e-ae40-7a127c173b16', 'qty': 1}], 'promo_codes': []}, response: {'items': [{'product_id': 'b2926dc2-cc6d-4c3e-ae40-7a127c173b16', 'qty': 1, 'unit_price': 150.0, 'line_total': 150.0, 'discounts': 0.0}], 'subtotal': 150.0, 'total_discount': 0.0, 'total': 150.0, 'currency': 'USD', 'total_input_tokens': 0, 'total_output_tokens': 0, 'total_llm_calls': 0}
2026-08-18 21:18:57,815 - INFO - Request for search_products successfully processed, query: looking for headphone with noise cancelling, result: query='looking for headphone with noise cancelling' results=[ProductSearchResultItem(sku='b2926dc2-cc6d-4c3e-ae40-7a127c173b16', name='Airpod', description='Noise cancelling headphone Airpod', price=150.0, score=1.875)] total_input_tokens=0 total_output_tokens=0 total_llm_calls=0
2026-08-18 21:18:58,288 - INFO - Request for search_products, query: looking for headphone with noise cancelling
2026-08-18 21:18:58,290 - INFO - Calling inventory_service for stock check, skus: ['b2926dc2-cc6d-4c3e-ae40-7a127c173b16']
2026-08-18 21:18:58,297 - INFO - HTTP Request: GET http://localhost:8001/stock?skus=b2926dc2-cc6d-4c3e-ae40-7a127c173b16 "HTTP/1.1 200 OK"
2026-08-18 21:18:58,299 - INFO - Called inventory_service, response: {'stocks': {'b2926dc2-cc6d-4c3e-ae40-7a127c173b16': 8}, 'total_input_tokens': 0, 'total_output_tokens': 0, 'total_llm_calls': 0}
2026-08-18 21:18:58,299 - INFO - Calling pricing_service, req: {'items': [{'product_id': 'b2926dc2-cc6d-4c3e-ae40-7a127c173b16', 'qty': 1}], 'promo_codes': []}
2026-08-18 21:18:58,304 - INFO - HTTP Request: POST http://localhost:8002/price "HTTP/1.1 200 OK"
2026-08-18 21:18:58,305 - INFO - Called pricing_service, req: {'items': [{'product_id': 'b2926dc2-cc6d-4c3e-ae40-7a127c173b16', 'qty': 1}], 'promo_codes': []}, response: {'items': [{'product_id': 'b2926dc2-cc6d-4c3e-ae40-7a127c173b16', 'qty': 1, 'unit_price': 150.0, 'line_total': 150.0, 'discounts': 0.0}], 'subtotal': 150.0, 'total_discount': 0.0, 'total': 150.0, 'currency': 'USD', 'total_input_tokens': 0, 'total_output_tokens': 0, 'total_llm_calls': 0}
2026-08-18 21:18:58,306 - INFO - Request for search_products successfully processed, query: looking for headphone with noise cancelling, result: query='looking for headphone with noise cancelling' results=[ProductSearchResultItem(sku='b2926dc2-cc6d-4c3e-ae40-7a127c173b16', name='Airpod', description='Noise cancelling headphone Airpod', price=150.0, score=1.875)] total_input_tokens=0 total_output_tokens=0 total_llm_calls=0
2026-08-18 21:18:58,941 - INFO - Request for search_products, query: looking for headphone with noise cancelling
2026-08-18 21:18:58,954 - INFO - Calling inventory_service for stock check, skus: ['b2926dc2-cc6d-4c3e-ae40-7a127c173b16']
2026-08-18 21:18:58,990 - INFO - HTTP Request: GET http://localhost:8001/stock?skus=b2926dc2-cc6d-4c3e-ae40-7a127c173b16 "HTTP/1.1 200 OK"
2026-08-18 21:18:58,994 - INFO - Called inventory_service, response: {'stocks': {'b2926dc2-cc6d-4c3e-ae40-7a127c173b16': 6}, 'total_input_tokens': 0, 'total_output_tokens': 0, 'total_llm_calls': 0}
2026-08-18 21:18:58,995 - INFO - Calling pricing_service, req: {'items': [{'product_id': 'b2926dc2-cc6d-4c3e-ae40-7a127c173b16', 'qty': 1}], 'promo_codes': []}
2026-08-18 21:18:59,039 - INFO - HTTP Request: POST http://localhost:8002/price "HTTP/1.1 200 OK"
2026-08-18 21:18:59,044 - INFO - Called pricing_service, req: {'items': [{'product_id': 'b2926dc2-cc6d-4c3e-ae40-7a127c173b16', 'qty': 1}], 'promo_codes': []}, response: {'items': [{'product_id': 'b2926dc2-cc6d-4c3e-ae40-7a127c173b16', 'qty': 1, 'unit_price': 150.0, 'line_total': 150.0, 'discounts': 0.0}], 'subtotal': 150.0, 'total_discount': 0.0, 'total': 150.0, 'currency': 'USD', 'total_input_tokens': 0, 'total_output_tokens': 0, 'total_llm_calls': 0}
2026-08-18 21:18:59,046 - INFO - Request for search_products successfully processed, query: looking for headphone with noise cancelling, result: query='looking for headphone with noise cancelling' results=[ProductSearchResultItem(sku='b2926dc2-cc6d-4c3e-ae40-7a127c173b16', name='Airpod', description='Noise cancelling headphone Airpod', price=150.0, score=1.875)] total_input_tokens=0 total_output_tokens=0 total_llm_calls=0
2026-08-18 21:18:59,574 - INFO - Request for search_products, query: looking for headphone with noise cancelling
2026-08-18 21:18:59,579 - INFO - Calling inventory_service for stock check, skus: ['b2926dc2-cc6d-4c3e-ae40-7a127c173b16']
2026-08-18 21:18:59,585 - INFO - HTTP Request: GET http://localhost:8001/stock?skus=b2926dc2-cc6d-4c3e-ae40-7a127c173b16 "HTTP/1.1 200 OK"
2026-08-18 21:18:59,586 - INFO - Called inventory_service, response: {'stocks': {'b2926dc2-cc6d-4c3e-ae40-7a127c173b16': 4}, 'total_input_tokens': 0, 'total_output_tokens': 0, 'total_llm_calls': 0}
2026-08-18 21:18:59,588 - INFO - Calling pricing_service, req: {'items': [{'product_id': 'b2926dc2-cc6d-4c3e-ae40-7a127c173b16', 'qty': 1}], 'promo_codes': []}
2026-08-18 21:18:59,595 - INFO - HTTP Request: POST http://localhost:8002/price "HTTP/1.1 200 OK"
2026-08-18 21:18:59,597 - INFO - Called pricing_service, req: {'items': [{'product_id': 'b2926dc2-cc6d-4c3e-ae40-7a127c173b16', 'qty': 1}], 'promo_codes': []}, response: {'items': [{'product_id': 'b2926dc2-cc6d-4c3e-ae40-7a127c173b16', 'qty': 1, 'unit_price': 150.0, 'line_total': 150.0, 'discounts': 0.0}], 'subtotal': 150.0, 'total_discount': 0.0, 'total': 150.0, 'currency': 'USD', 'total_input_tokens': 0, 'total_output_tokens': 0, 'total_llm_calls': 0}
2026-08-18 21:18:59,597 - INFO - Request for search_products successfully processed, query: looking for headphone with noise cancelling, result: query='looking for headphone with noise cancelling' results=[ProductSearchResultItem(sku='b2926dc2-cc6d-4c3e-ae40-7a127c173b16', name='Airpod', description='Noise cancelling headphone Airpod', price=150.0, score=1.875)] total_input_tokens=0 total_output_tokens=0 total_llm_calls=0
2026-08-18 21:19:00,760 - INFO - Request for search_products, query: looking for headphone with noise cancelling
2026-08-18 21:19:00,764 - INFO - Request for search_products, query: looking for headphone with noise cancelling
2026-08-18 21:19:00,764 - INFO - Request for search_products, query: looking for headphone with noise cancelling
2026-08-18 21:19:00,767 - INFO - Request for search_products, query: looking for headphone with noise cancelling
2026-08-18 21:19:00,777 - INFO - Request for search_products, query: looking for headphone with noise cancelling
2026-08-18 21:19:00,779 - INFO - Request for search_products, query: looking for headphone with noise cancelling
2026-08-18 21:19:00,780 - INFO - Calling inventory_service for stock check, skus: ['b2926dc2-cc6d-4c3e-ae40-7a127c173b16']
2026-08-18 21:19:00,783 - INFO - Calling inventory_service for stock check, skus: ['b2926dc2-cc6d-4c3e-ae40-7a127c173b16']
2026-08-18 21:19:00,786 - INFO - Calling inventory_service for stock check, skus: ['b2926dc2-cc6d-4c3e-ae40-7a127c173b16']
2026-08-18 21:19:00,790 - INFO - Calling inventory_service for stock check, skus: ['b2926dc2-cc6d-4c3e-ae40-7a127c173b16']
2026-08-18 21:19:00,792 - INFO - Request for search_products, query: looking for headphone with noise cancelling
2026-08-18 21:19:00,798 - INFO - Calling inventory_service for stock check, skus: ['b2926dc2-cc6d-4c3e-ae40-7a127c173b16']
2026-08-18 21:19:00,806 - INFO - Calling inventory_service for stock check, skus: ['b2926dc2-cc6d-4c3e-ae40-7a127c173b16']
2026-08-18 21:19:00,812 - INFO - HTTP Request: GET http://localhost:8001/stock?skus=b2926dc2-cc6d-4c3e-ae40-7a127c173b16 "HTTP/1.1 200 OK"
2026-08-18 21:19:00,815 - INFO - Calling inventory_service for stock check, skus: ['b2926dc2-cc6d-4c3e-ae40-7a127c173b16']
2026-08-18 21:19:00,820 - INFO - Called inventory_service, response: {'stocks': {'b2926dc2-cc6d-4c3e-ae40-7a127c173b16': 0}, 'total_input_tokens': 0, 'total_output_tokens': 0, 'total_llm_calls': 0}
2026-08-18 21:19:00,820 - INFO - Calling pricing_service, req: {'items': [], 'promo_codes': []}
2026-08-18 21:19:00,828 - INFO - HTTP Request: GET http://localhost:8001/stock?skus=b2926dc2-cc6d-4c3e-ae40-7a127c173b16 "HTTP/1.1 200 OK"
2026-08-18 21:19:00,830 - INFO - Called inventory_service, response: {'stocks': {'b2926dc2-cc6d-4c3e-ae40-7a127c173b16': 0}, 'total_input_tokens': 0, 'total_output_tokens': 0, 'total_llm_calls': 0}
2026-08-18 21:19:00,830 - INFO - Calling pricing_service, req: {'items': [], 'promo_codes': []}
2026-08-18 21:19:00,837 - INFO - HTTP Request: GET http://localhost:8001/stock?skus=b2926dc2-cc6d-4c3e-ae40-7a127c173b16 "HTTP/1.1 200 OK"
2026-08-18 21:19:00,842 - INFO - Called inventory_service, response: {'stocks': {'b2926dc2-cc6d-4c3e-ae40-7a127c173b16': 0}, 'total_input_tokens': 0, 'total_output_tokens': 0, 'total_llm_calls': 0}
2026-08-18 21:19:00,843 - INFO - Calling pricing_service, req: {'items': [], 'promo_codes': []}
2026-08-18 21:19:00,851 - INFO - HTTP Request: GET http://localhost:8001/stock?skus=b2926dc2-cc6d-4c3e-ae40-7a127c173b16 "HTTP/1.1 200 OK"
2026-08-18 21:19:00,852 - INFO - HTTP Request: POST http://localhost:8002/price "HTTP/1.1 200 OK"
2026-08-18 21:19:00,855 - INFO - Called inventory_service, response: {'stocks': {'b2926dc2-cc6d-4c3e-ae40-7a127c173b16': 0}, 'total_input_tokens': 0, 'total_output_tokens': 0, 'total_llm_calls': 0}
2026-08-18 21:19:00,856 - INFO - Calling pricing_service, req: {'items': [], 'promo_codes': []}
2026-08-18 21:19:00,857 - INFO - Called pricing_service, req: {'items': [], 'promo_codes': []}, response: {'items': [], 'subtotal': 0.0, 'total_discount': 0.0, 'total': 0.0, 'currency': 'USD', 'total_input_tokens': 0, 'total_output_tokens': 0, 'total_llm_calls': 0}
2026-08-18 21:19:00,857 - INFO - Request for search_products successfully processed, query: looking for headphone with noise cancelling, result: query='looking for headphone with noise cancelling' results=[] total_input_tokens=0 total_output_tokens=0 total_llm_calls=0
2026-08-18 21:19:00,859 - INFO - HTTP Request: POST http://localhost:8002/price "HTTP/1.1 200 OK"
2026-08-18 21:19:00,860 - INFO - HTTP Request: GET http://localhost:8001/stock?skus=b2926dc2-cc6d-4c3e-ae40-7a127c173b16 "HTTP/1.1 200 OK"
2026-08-18 21:19:00,863 - INFO - Called pricing_service, req: {'items': [], 'promo_codes': []}, response: {'items': [], 'subtotal': 0.0, 'total_discount': 0.0, 'total': 0.0, 'currency': 'USD', 'total_input_tokens': 0, 'total_output_tokens': 0, 'total_llm_calls': 0}
2026-08-18 21:19:00,863 - INFO - Request for search_products successfully processed, query: looking for headphone with noise cancelling, result: query='looking for headphone with noise cancelling' results=[] total_input_tokens=0 total_output_tokens=0 total_llm_calls=0
2026-08-18 21:19:00,864 - INFO - Called inventory_service, response: {'stocks': {'b2926dc2-cc6d-4c3e-ae40-7a127c173b16': 0}, 'total_input_tokens': 0, 'total_output_tokens': 0, 'total_llm_calls': 0}
2026-08-18 21:19:00,864 - INFO - Calling pricing_service, req: {'items': [], 'promo_codes': []}
2026-08-18 21:19:00,869 - INFO - HTTP Request: GET http://localhost:8001/stock?skus=b2926dc2-cc6d-4c3e-ae40-7a127c173b16 "HTTP/1.1 200 OK"
2026-08-18 21:19:00,870 - INFO - HTTP Request: POST http://localhost:8002/price "HTTP/1.1 200 OK"
2026-08-18 21:19:00,874 - INFO - Called inventory_service, response: {'stocks': {'b2926dc2-cc6d-4c3e-ae40-7a127c173b16': 0}, 'total_input_tokens': 0, 'total_output_tokens': 0, 'total_llm_calls': 0}
2026-08-18 21:19:00,874 - INFO - Calling pricing_service, req: {'items': [], 'promo_codes': []}
2026-08-18 21:19:00,876 - INFO - Called pricing_service, req: {'items': [], 'promo_codes': []}, response: {'items': [], 'subtotal': 0.0, 'total_discount': 0.0, 'total': 0.0, 'currency': 'USD', 'total_input_tokens': 0, 'total_output_tokens': 0, 'total_llm_calls': 0}
2026-08-18 21:19:00,876 - INFO - Request for search_products successfully processed, query: looking for headphone with noise cancelling, result: query='looking for headphone with noise cancelling' results=[] total_input_tokens=0 total_output_tokens=0 total_llm_calls=0
2026-08-18 21:19:00,880 - INFO - HTTP Request: POST http://localhost:8002/price "HTTP/1.1 200 OK"
2026-08-18 21:19:00,883 - INFO - Called pricing_service, req: {'items': [], 'promo_codes': []}, response: {'items': [], 'subtotal': 0.0, 'total_discount': 0.0, 'total': 0.0, 'currency': 'USD', 'total_input_tokens': 0, 'total_output_tokens': 0, 'total_llm_calls': 0}
2026-08-18 21:19:00,883 - INFO - Request for search_products successfully processed, query: looking for headphone with noise cancelling, result: query='looking for headphone with noise cancelling' results=[] total_input_tokens=0 total_output_tokens=0 total_llm_calls=0
2026-08-18 21:19:00,889 - INFO - HTTP Request: POST http://localhost:8002/price "HTTP/1.1 200 OK"
2026-08-18 21:19:00,890 - INFO - HTTP Request: GET http://localhost:8001/stock?skus=b2926dc2-cc6d-4c3e-ae40-7a127c173b16 "HTTP/1.1 200 OK"
2026-08-18 21:19:00,893 - INFO - Called pricing_service, req: {'items': [], 'promo_codes': []}, response: {'items': [], 'subtotal': 0.0, 'total_discount': 0.0, 'total': 0.0, 'currency': 'USD', 'total_input_tokens': 0, 'total_output_tokens': 0, 'total_llm_calls': 0}
2026-08-18 21:19:00,893 - INFO - Request for search_products successfully processed, query: looking for headphone with noise cancelling, result: query='looking for headphone with noise cancelling' results=[] total_input_tokens=0 total_output_tokens=0 total_llm_calls=0
2026-08-18 21:19:00,896 - INFO - Called inventory_service, response: {'stocks': {'b2926dc2-cc6d-4c3e-ae40-7a127c173b16': 0}, 'total_input_tokens': 0, 'total_output_tokens': 0, 'total_llm_calls': 0}
2026-08-18 21:19:00,896 - INFO - Calling pricing_service, req: {'items': [], 'promo_codes': []}
2026-08-18 21:19:00,899 - INFO - HTTP Request: POST http://localhost:8002/price "HTTP/1.1 200 OK"
2026-08-18 21:19:00,901 - INFO - Called pricing_service, req: {'items': [], 'promo_codes': []}, response: {'items': [], 'subtotal': 0.0, 'total_discount': 0.0, 'total': 0.0, 'currency': 'USD', 'total_input_tokens': 0, 'total_output_tokens': 0, 'total_llm_calls': 0}
2026-08-18 21:19:00,901 - INFO - Request for search_products successfully processed, query: looking for headphone with noise cancelling, result: query='looking for headphone with noise cancelling' results=[] total_input_tokens=0 total_output_tokens=0 total_llm_calls=0
2026-08-18 21:19:00,909 - INFO - HTTP Request: POST http://localhost:8002/price "HTTP/1.1 200 OK"
2026-08-18 21:19:00,911 - INFO - Called pricing_service, req: {'items': [], 'promo_codes': []}, response: {'items': [], 'subtotal': 0.0, 'total_discount': 0.0, 'total': 0.0, 'currency': 'USD', 'total_input_tokens': 0, 'total_output_tokens': 0, 'total_llm_calls': 0}
2026-08-18 21:19:00,911 - INFO - Request for search_products successfully processed, query: looking for headphone with noise cancelling, result: query='looking for headphone with noise cancelling' results=[] total_input_tokens=0 total_output_tokens=0 total_llm_calls=0
