2026-05-17 17:35:15,568 - INFO - Shipment connected to mongo
2026-05-17 17:35:16,002 - INFO - Request for book_shipment, order_id=1ea6f06e-2911-42cf-bd33-8cad913d07ce, request: order_id='1ea6f06e-2911-42cf-bd33-8cad913d07ce' address='SAMPLE_ADDRESS'
2026-05-17 17:35:16,202 - INFO - Request for book_shipment, external carrier service called successfully, order_id=1ea6f06e-2911-42cf-bd33-8cad913d07ce, request: order_id='1ea6f06e-2911-42cf-bd33-8cad913d07ce' address='SAMPLE_ADDRESS'
2026-05-17 17:35:16,206 - INFO - Request for book_shipment successfully processed, request: order_id='1ea6f06e-2911-42cf-bd33-8cad913d07ce' address='SAMPLE_ADDRESS', order_id=1ea6f06e-2911-42cf-bd33-8cad913d07ce, result: shipment_id='a29f3423-1adc-4d98-89d4-6dce716f3c6b' tracking_id='d09c3ac3-6f4e-455d-9d3a-1cb730afe7f2' total_input_tokens=0 total_output_tokens=0 total_llm_calls=0
2026-05-17 17:35:16,699 - INFO - Request for book_shipment, order_id=a8ccfd3d-0f15-4854-9565-6abfa2fba03e, request: order_id='a8ccfd3d-0f15-4854-9565-6abfa2fba03e' address='SAMPLE_ADDRESS'
2026-05-17 17:35:16,899 - INFO - Request for book_shipment, external carrier service called successfully, order_id=a8ccfd3d-0f15-4854-9565-6abfa2fba03e, request: order_id='a8ccfd3d-0f15-4854-9565-6abfa2fba03e' address='SAMPLE_ADDRESS'
2026-05-17 17:35:16,902 - INFO - Request for book_shipment successfully processed, request: order_id='a8ccfd3d-0f15-4854-9565-6abfa2fba03e' address='SAMPLE_ADDRESS', order_id=a8ccfd3d-0f15-4854-9565-6abfa2fba03e, result: shipment_id='5043731d-3f34-4924-a049-8c1886ced41f' tracking_id='107508da-8155-427f-b6ee-83699a84aa6a' total_input_tokens=0 total_output_tokens=0 total_llm_calls=0
2026-05-17 17:35:17,304 - INFO - Request for book_shipment, order_id=974b8379-8087-4568-bda6-b1d1d0abb981, request: order_id='974b8379-8087-4568-bda6-b1d1d0abb981' address='SAMPLE_ADDRESS'
2026-05-17 17:35:17,505 - INFO - Request for book_shipment, external carrier service called successfully, order_id=974b8379-8087-4568-bda6-b1d1d0abb981, request: order_id='974b8379-8087-4568-bda6-b1d1d0abb981' address='SAMPLE_ADDRESS'
2026-05-17 17:35:17,509 - INFO - Request for book_shipment successfully processed, request: order_id='974b8379-8087-4568-bda6-b1d1d0abb981' address='SAMPLE_ADDRESS', order_id=974b8379-8087-4568-bda6-b1d1d0abb981, result: shipment_id='3f3731c7-24bf-482a-a9e1-87d8c8c0cf9b' tracking_id='bdbf2498-a938-4cd3-8fb3-b2dc5671c1ba' total_input_tokens=0 total_output_tokens=0 total_llm_calls=0
2026-05-17 17:35:17,893 - INFO - Request for book_shipment, order_id=7b9e20dd-db60-4fab-a916-5f124748b142, request: order_id='7b9e20dd-db60-4fab-a916-5f124748b142' address='SAMPLE_ADDRESS'
2026-05-17 17:35:18,093 - INFO - Request for book_shipment, external carrier service called successfully, order_id=7b9e20dd-db60-4fab-a916-5f124748b142, request: order_id='7b9e20dd-db60-4fab-a916-5f124748b142' address='SAMPLE_ADDRESS'
2026-05-17 17:35:18,099 - INFO - Request for book_shipment successfully processed, request: order_id='7b9e20dd-db60-4fab-a916-5f124748b142' address='SAMPLE_ADDRESS', order_id=7b9e20dd-db60-4fab-a916-5f124748b142, result: shipment_id='9ce6e6f7-437a-47cd-bfc4-2597675f0ede' tracking_id='799908fe-fe4a-4c11-b8a0-6f2a155d9878' total_input_tokens=0 total_output_tokens=0 total_llm_calls=0
2026-05-17 17:35:18,470 - INFO - Request for book_shipment, order_id=2cf87fb8-17c5-4094-ae20-97a16f2d8b58, request: order_id='2cf87fb8-17c5-4094-ae20-97a16f2d8b58' address='SAMPLE_ADDRESS'
2026-05-17 17:35:18,671 - INFO - Request for book_shipment, external carrier service called successfully, order_id=2cf87fb8-17c5-4094-ae20-97a16f2d8b58, request: order_id='2cf87fb8-17c5-4094-ae20-97a16f2d8b58' address='SAMPLE_ADDRESS'
2026-05-17 17:35:18,676 - INFO - Request for book_shipment successfully processed, request: order_id='2cf87fb8-17c5-4094-ae20-97a16f2d8b58' address='SAMPLE_ADDRESS', order_id=2cf87fb8-17c5-4094-ae20-97a16f2d8b58, result: shipment_id='ad25ff34-6f8e-4011-9361-6666b3f1b77a' tracking_id='3edc9459-3e12-404c-a8bf-a904857b6df1' total_input_tokens=0 total_output_tokens=0 total_llm_calls=0
2026-05-18 16:26:22,304 - INFO - Shipment connected to mongo
2026-05-18 16:32:25,649 - INFO - Shipment connected to mongo
2026-07-16 14:59:21,726 - INFO - Shipment connected to mongo
2026-07-16 14:59:21,768 - INFO - Shipment connected to mongo
2026-07-16 15:06:49,830 - INFO - Request for book_shipment, order_id=bc224cd3-8449-4db6-a2d5-e0e4a39060c9, request: order_id='bc224cd3-8449-4db6-a2d5-e0e4a39060c9' address='SAMPLE_ADDRESS' shipment_date=datetime.datetime(2026, 7, 18, 14, 59, 21, 621972)
2026-07-16 15:06:50,031 - INFO - Request for book_shipment, external carrier service called successfully, order_id=bc224cd3-8449-4db6-a2d5-e0e4a39060c9, request: order_id='bc224cd3-8449-4db6-a2d5-e0e4a39060c9' address='SAMPLE_ADDRESS' shipment_date=datetime.datetime(2026, 7, 18, 14, 59, 21, 621972)
2026-07-16 15:06:50,052 - INFO - Request for book_shipment successfully processed, request: order_id='bc224cd3-8449-4db6-a2d5-e0e4a39060c9' address='SAMPLE_ADDRESS' shipment_date=datetime.datetime(2026, 7, 18, 14, 59, 21, 621972), order_id=bc224cd3-8449-4db6-a2d5-e0e4a39060c9, result: shipment_id='bd9ea14a-8049-4d20-8e75-b9d01ae251a1' tracking_id='1aaf2de9-972c-4b88-ab86-abe893f63023' total_input_tokens=0 total_output_tokens=0 total_llm_calls=0
2026-07-16 15:07:10,009 - INFO - Request for book_shipment, order_id=721f2e6d-63d9-4547-aba3-8909f555edd0, request: order_id='721f2e6d-63d9-4547-aba3-8909f555edd0' address='SAMPLE_ADDRESS' shipment_date=datetime.datetime(2026, 7, 18, 14, 59, 21, 621972)
2026-07-16 15:07:10,210 - INFO - Request for book_shipment, external carrier service called successfully, order_id=721f2e6d-63d9-4547-aba3-8909f555edd0, request: order_id='721f2e6d-63d9-4547-aba3-8909f555edd0' address='SAMPLE_ADDRESS' shipment_date=datetime.datetime(2026, 7, 18, 14, 59, 21, 621972)
2026-07-16 15:07:10,225 - INFO - Request for book_shipment successfully processed, request: order_id='721f2e6d-63d9-4547-aba3-8909f555edd0' address='SAMPLE_ADDRESS' shipment_date=datetime.datetime(2026, 7, 18, 14, 59, 21, 621972), order_id=721f2e6d-63d9-4547-aba3-8909f555edd0, result: shipment_id='34829894-ef67-44fd-9803-285aba8aea32' tracking_id='90937f0b-9c01-4bab-84fb-148976d68a32' total_input_tokens=0 total_output_tokens=0 total_llm_calls=0
2026-07-16 15:07:17,902 - INFO - Request for book_shipment, order_id=38d8bc5e-f040-4fd0-9ffd-b6a97bdfa809, request: order_id='38d8bc5e-f040-4fd0-9ffd-b6a97bdfa809' address='SAMPLE_ADDRESS' shipment_date=datetime.datetime(2026, 7, 18, 14, 59, 21, 621972)
2026-07-16 15:07:18,103 - INFO - Request for book_shipment, external carrier service called successfully, order_id=38d8bc5e-f040-4fd0-9ffd-b6a97bdfa809, request: order_id='38d8bc5e-f040-4fd0-9ffd-b6a97bdfa809' address='SAMPLE_ADDRESS' shipment_date=datetime.datetime(2026, 7, 18, 14, 59, 21, 621972)
2026-07-16 15:07:18,114 - INFO - Request for book_shipment successfully processed, request: order_id='38d8bc5e-f040-4fd0-9ffd-b6a97bdfa809' address='SAMPLE_ADDRESS' shipment_date=datetime.datetime(2026, 7, 18, 14, 59, 21, 621972), order_id=38d8bc5e-f040-4fd0-9ffd-b6a97bdfa809, result: shipment_id='700a67fd-6084-45cb-9bc1-7581b0e521ea' tracking_id='a468887c-a227-4f81-97a5-e0ca616497a6' total_input_tokens=0 total_output_tokens=0 total_llm_calls=0
2026-07-16 15:07:47,249 - INFO - Request for book_shipment, order_id=0e635522-d4ae-430d-9df7-9d8ef57a9ada, request: order_id='0e635522-d4ae-430d-9df7-9d8ef57a9ada' address='SAMPLE_ADDRESS' shipment_date=datetime.datetime(2026, 7, 18, 14, 59, 21, 621972)
2026-07-16 15:07:47,450 - INFO - Request for book_shipment, external carrier service called successfully, order_id=0e635522-d4ae-430d-9df7-9d8ef57a9ada, request: order_id='0e635522-d4ae-430d-9df7-9d8ef57a9ada' address='SAMPLE_ADDRESS' shipment_date=datetime.datetime(2026, 7, 18, 14, 59, 21, 621972)
2026-07-16 15:07:47,462 - INFO - Request for book_shipment successfully processed, request: order_id='0e635522-d4ae-430d-9df7-9d8ef57a9ada' address='SAMPLE_ADDRESS' shipment_date=datetime.datetime(2026, 7, 18, 14, 59, 21, 621972), order_id=0e635522-d4ae-430d-9df7-9d8ef57a9ada, result: shipment_id='695b03c4-cdfc-4b5b-898b-e66e16f34ec4' tracking_id='7556766d-a61c-43d5-b9f7-8f566797e8ea' total_input_tokens=0 total_output_tokens=0 total_llm_calls=0
2026-07-16 15:24:16,690 - INFO - Shipment connected to mongo
2026-07-16 15:24:16,859 - INFO - Shipment connected to mongo
2026-07-16 15:53:34,071 - INFO - Request for book_shipment, order_id=9e001ae5-3932-4e4e-9db4-0a07d015dec0, request: order_id='9e001ae5-3932-4e4e-9db4-0a07d015dec0' address='SAMPLE_ADDRESS' shipment_date=datetime.datetime(2026, 7, 18, 15, 24, 16, 458809)
2026-07-16 15:53:34,287 - INFO - Request for book_shipment, external carrier service called successfully, order_id=9e001ae5-3932-4e4e-9db4-0a07d015dec0, request: order_id='9e001ae5-3932-4e4e-9db4-0a07d015dec0' address='SAMPLE_ADDRESS' shipment_date=datetime.datetime(2026, 7, 18, 15, 24, 16, 458809)
2026-07-16 15:53:34,341 - INFO - Request for book_shipment successfully processed, request: order_id='9e001ae5-3932-4e4e-9db4-0a07d015dec0' address='SAMPLE_ADDRESS' shipment_date=datetime.datetime(2026, 7, 18, 15, 24, 16, 458809), order_id=9e001ae5-3932-4e4e-9db4-0a07d015dec0, result: shipment_id='e2751339-4309-4ce3-98cd-472546c5dd21' tracking_id='61b34947-d374-4407-ac9e-7ed91cba2913' total_input_tokens=0 total_output_tokens=0 total_llm_calls=0
2026-07-16 15:57:08,973 - INFO - Request for book_shipment, order_id=25fa27d0-8130-4e6e-9f2b-5bcfd019255b, request: order_id='25fa27d0-8130-4e6e-9f2b-5bcfd019255b' address='SAMPLE_ADDRESS' shipment_date=datetime.datetime(2026, 7, 18, 15, 24, 16, 458809)
2026-07-16 15:57:09,174 - INFO - Request for book_shipment, external carrier service called successfully, order_id=25fa27d0-8130-4e6e-9f2b-5bcfd019255b, request: order_id='25fa27d0-8130-4e6e-9f2b-5bcfd019255b' address='SAMPLE_ADDRESS' shipment_date=datetime.datetime(2026, 7, 18, 15, 24, 16, 458809)
2026-07-16 15:57:09,185 - INFO - Request for book_shipment successfully processed, request: order_id='25fa27d0-8130-4e6e-9f2b-5bcfd019255b' address='SAMPLE_ADDRESS' shipment_date=datetime.datetime(2026, 7, 18, 15, 24, 16, 458809), order_id=25fa27d0-8130-4e6e-9f2b-5bcfd019255b, result: shipment_id='14e05ff8-658f-49d1-a23e-fc77eb11c706' tracking_id='f0ad38c9-2308-49c0-937d-9ffe82f19f01' total_input_tokens=0 total_output_tokens=0 total_llm_calls=0
2026-07-16 16:03:14,654 - INFO - Request for book_shipment, order_id=1ef56f29-a618-4f54-843b-0af381b57b72, request: order_id='1ef56f29-a618-4f54-843b-0af381b57b72' address='SAMPLE_ADDRESS' shipment_date=datetime.datetime(2026, 7, 18, 15, 24, 16, 458809)
2026-07-16 16:03:14,857 - INFO - Request for book_shipment, external carrier service called successfully, order_id=1ef56f29-a618-4f54-843b-0af381b57b72, request: order_id='1ef56f29-a618-4f54-843b-0af381b57b72' address='SAMPLE_ADDRESS' shipment_date=datetime.datetime(2026, 7, 18, 15, 24, 16, 458809)
2026-07-16 16:03:14,867 - INFO - Request for book_shipment successfully processed, request: order_id='1ef56f29-a618-4f54-843b-0af381b57b72' address='SAMPLE_ADDRESS' shipment_date=datetime.datetime(2026, 7, 18, 15, 24, 16, 458809), order_id=1ef56f29-a618-4f54-843b-0af381b57b72, result: shipment_id='8805f3fd-0bfe-4c27-b37c-6bd42df874f9' tracking_id='61e217d5-989d-4cfc-a7cb-de772c945a8d' total_input_tokens=0 total_output_tokens=0 total_llm_calls=0
2026-07-16 16:14:18,623 - INFO - Request for book_shipment, order_id=847448d6-27fd-4f98-b025-a13bb2674ea5, request: order_id='847448d6-27fd-4f98-b025-a13bb2674ea5' address='SAMPLE_ADDRESS' shipment_date=datetime.datetime(2026, 7, 18, 15, 24, 16, 458809)
2026-07-16 16:14:18,823 - INFO - Request for book_shipment, external carrier service called successfully, order_id=847448d6-27fd-4f98-b025-a13bb2674ea5, request: order_id='847448d6-27fd-4f98-b025-a13bb2674ea5' address='SAMPLE_ADDRESS' shipment_date=datetime.datetime(2026, 7, 18, 15, 24, 16, 458809)
2026-07-16 16:14:18,831 - INFO - Request for book_shipment successfully processed, request: order_id='847448d6-27fd-4f98-b025-a13bb2674ea5' address='SAMPLE_ADDRESS' shipment_date=datetime.datetime(2026, 7, 18, 15, 24, 16, 458809), order_id=847448d6-27fd-4f98-b025-a13bb2674ea5, result: shipment_id='bd9920e8-ef23-475e-b453-655be73e6bbc' tracking_id='f4c79d39-76d1-4154-bd7d-2bafbff25fa4' total_input_tokens=0 total_output_tokens=0 total_llm_calls=0
2026-08-17 16:09:52,150 - INFO - Shipment connected to mongo
2026-08-17 16:09:52,943 - INFO - Shipment connected to mongo
2026-08-17 16:12:34,314 - INFO - Shipment connected to mongo
2026-08-17 16:12:34,778 - INFO - Shipment connected to mongo
2026-08-17 16:18:26,420 - INFO - Request for book_shipment, order_id=val-1, request: order_id='val-1' address='abc' shipment_date=datetime.datetime(2026, 8, 19, 16, 12, 34, 171928)
2026-08-17 16:18:26,423 - INFO - Request for book_shipment, order_id=val-2, request: order_id='val-2' address='123 Main St PO Box 5' shipment_date=datetime.datetime(2026, 8, 19, 16, 12, 34, 171928)
2026-08-17 16:18:26,423 - WARNING - Request for book_shipment, booking failed due to invalid address, order_id=val-2, request: order_id='val-2' address='123 Main St PO Box 5' shipment_date=datetime.datetime(2026, 8, 19, 16, 12, 34, 171928)
2026-08-17 16:18:26,426 - INFO - Request for book_shipment, order_id=order-shipment-1, request: order_id='order-shipment-1' address='101 Commercial Way, Suite 200' shipment_date=datetime.datetime(2026, 8, 19, 16, 12, 34, 171928)
2026-08-17 16:18:26,627 - INFO - Request for book_shipment, external carrier service called successfully, order_id=order-shipment-1, request: order_id='order-shipment-1' address='101 Commercial Way, Suite 200' shipment_date=datetime.datetime(2026, 8, 19, 16, 12, 34, 171928)
2026-08-17 16:18:26,632 - INFO - Request for book_shipment successfully processed, request: order_id='order-shipment-1' address='101 Commercial Way, Suite 200' shipment_date=datetime.datetime(2026, 8, 19, 16, 12, 34, 171928), order_id=order-shipment-1, result: shipment_id='cc69d497-577c-43c0-b1c9-cdcd6f4f9c98' tracking_id='26c670ed-ca59-4e4f-b128-660e581756d2' total_input_tokens=0 total_output_tokens=0 total_llm_calls=0
2026-08-17 16:18:26,646 - INFO - Request for book_shipment, order_id=order-shipment-2, request: order_id='order-shipment-2' address='102 Commercial Way, Suite 200' shipment_date=datetime.datetime(2026, 8, 19, 16, 12, 34, 171928)
2026-08-17 16:18:26,847 - INFO - Request for book_shipment, external carrier service called successfully, order_id=order-shipment-2, request: order_id='order-shipment-2' address='102 Commercial Way, Suite 200' shipment_date=datetime.datetime(2026, 8, 19, 16, 12, 34, 171928)
2026-08-17 16:18:26,848 - INFO - Request for book_shipment successfully processed, request: order_id='order-shipment-2' address='102 Commercial Way, Suite 200' shipment_date=datetime.datetime(2026, 8, 19, 16, 12, 34, 171928), order_id=order-shipment-2, result: shipment_id='4d448f8a-e341-427a-86a9-e7bca7ce7a2e' tracking_id='790f07d0-4548-4755-b277-653bb8a7f87f' total_input_tokens=0 total_output_tokens=0 total_llm_calls=0
2026-08-17 16:18:26,852 - INFO - Request for book_shipment, order_id=order-shipment-3, request: order_id='order-shipment-3' address='103 Commercial Way, Suite 200' shipment_date=datetime.datetime(2026, 8, 19, 16, 12, 34, 171928)
2026-08-17 16:18:27,053 - INFO - Request for book_shipment, external carrier service called successfully, order_id=order-shipment-3, request: order_id='order-shipment-3' address='103 Commercial Way, Suite 200' shipment_date=datetime.datetime(2026, 8, 19, 16, 12, 34, 171928)
2026-08-17 16:18:27,055 - INFO - Request for book_shipment successfully processed, request: order_id='order-shipment-3' address='103 Commercial Way, Suite 200' shipment_date=datetime.datetime(2026, 8, 19, 16, 12, 34, 171928), order_id=order-shipment-3, result: shipment_id='a65df983-5f4c-49bf-aeb2-0d27def9643f' tracking_id='7ebf6725-5d37-4101-bb9b-7fd7e6a32068' total_input_tokens=0 total_output_tokens=0 total_llm_calls=0
2026-08-17 16:18:27,062 - INFO - Request for book_shipment, order_id=order-shipment-4, request: order_id='order-shipment-4' address='104 Commercial Way, Suite 200' shipment_date=datetime.datetime(2026, 8, 19, 16, 12, 34, 171928)
2026-08-17 16:18:27,263 - INFO - Request for book_shipment, external carrier service called successfully, order_id=order-shipment-4, request: order_id='order-shipment-4' address='104 Commercial Way, Suite 200' shipment_date=datetime.datetime(2026, 8, 19, 16, 12, 34, 171928)
2026-08-17 16:18:27,265 - INFO - Request for book_shipment successfully processed, request: order_id='order-shipment-4' address='104 Commercial Way, Suite 200' shipment_date=datetime.datetime(2026, 8, 19, 16, 12, 34, 171928), order_id=order-shipment-4, result: shipment_id='0fce907a-60d9-4217-a3e4-4c54de90203e' tracking_id='cb2e9388-550f-43ca-9f52-fe2cffa9dbb0' total_input_tokens=0 total_output_tokens=0 total_llm_calls=0
2026-08-17 16:18:27,271 - INFO - Request for book_shipment, order_id=order-shipment-5, request: order_id='order-shipment-5' address='105 Commercial Way, Suite 200' shipment_date=datetime.datetime(2026, 8, 19, 16, 12, 34, 171928)
2026-08-17 16:18:27,472 - INFO - Request for book_shipment, external carrier service called successfully, order_id=order-shipment-5, request: order_id='order-shipment-5' address='105 Commercial Way, Suite 200' shipment_date=datetime.datetime(2026, 8, 19, 16, 12, 34, 171928)
2026-08-17 16:18:27,475 - INFO - Request for book_shipment successfully processed, request: order_id='order-shipment-5' address='105 Commercial Way, Suite 200' shipment_date=datetime.datetime(2026, 8, 19, 16, 12, 34, 171928), order_id=order-shipment-5, result: shipment_id='89d4c329-5b58-4cfd-91b3-4e24aca9d110' tracking_id='6d9400d4-c950-4c71-b53d-bf6753825c80' total_input_tokens=0 total_output_tokens=0 total_llm_calls=0
2026-08-17 16:18:27,486 - INFO - Request for book_shipment, order_id=order-shipment-6, request: order_id='order-shipment-6' address='106 Commercial Way, Suite 200' shipment_date=datetime.datetime(2026, 8, 19, 16, 12, 34, 171928)
2026-08-17 16:18:27,686 - INFO - Request for book_shipment, external carrier service called successfully, order_id=order-shipment-6, request: order_id='order-shipment-6' address='106 Commercial Way, Suite 200' shipment_date=datetime.datetime(2026, 8, 19, 16, 12, 34, 171928)
2026-08-17 16:18:27,689 - INFO - Request for book_shipment successfully processed, request: order_id='order-shipment-6' address='106 Commercial Way, Suite 200' shipment_date=datetime.datetime(2026, 8, 19, 16, 12, 34, 171928), order_id=order-shipment-6, result: shipment_id='15f09331-00c7-42f2-a289-1f4a90516073' tracking_id='69c681ad-0e63-4a4c-994c-532385f46e1b' total_input_tokens=0 total_output_tokens=0 total_llm_calls=0
2026-08-17 16:18:27,696 - INFO - Request for book_shipment, order_id=order-shipment-7, request: order_id='order-shipment-7' address='107 Commercial Way, Suite 200' shipment_date=datetime.datetime(2026, 8, 19, 16, 12, 34, 171928)
2026-08-17 16:18:27,897 - INFO - Request for book_shipment, external carrier service called successfully, order_id=order-shipment-7, request: order_id='order-shipment-7' address='107 Commercial Way, Suite 200' shipment_date=datetime.datetime(2026, 8, 19, 16, 12, 34, 171928)
2026-08-17 16:18:27,899 - INFO - Request for book_shipment successfully processed, request: order_id='order-shipment-7' address='107 Commercial Way, Suite 200' shipment_date=datetime.datetime(2026, 8, 19, 16, 12, 34, 171928), order_id=order-shipment-7, result: shipment_id='54274d83-d9c6-45fc-9e8d-484365409d37' tracking_id='2e377af0-fa82-4325-b608-f6247bb4c904' total_input_tokens=0 total_output_tokens=0 total_llm_calls=0
2026-08-17 16:18:27,905 - INFO - Request for book_shipment, order_id=order-shipment-8, request: order_id='order-shipment-8' address='108 Commercial Way, Suite 200' shipment_date=datetime.datetime(2026, 8, 19, 16, 12, 34, 171928)
2026-08-17 16:18:28,105 - INFO - Request for book_shipment, external carrier service called successfully, order_id=order-shipment-8, request: order_id='order-shipment-8' address='108 Commercial Way, Suite 200' shipment_date=datetime.datetime(2026, 8, 19, 16, 12, 34, 171928)
2026-08-17 16:18:28,107 - INFO - Request for book_shipment successfully processed, request: order_id='order-shipment-8' address='108 Commercial Way, Suite 200' shipment_date=datetime.datetime(2026, 8, 19, 16, 12, 34, 171928), order_id=order-shipment-8, result: shipment_id='369d134e-f4f4-43e6-a24b-d758c944c791' tracking_id='903ca0a1-a2d4-452c-837a-4dfa9e1dbb51' total_input_tokens=0 total_output_tokens=0 total_llm_calls=0
2026-08-17 16:18:28,111 - INFO - Request for book_shipment, order_id=order-shipment-9, request: order_id='order-shipment-9' address='109 Commercial Way, Suite 200' shipment_date=datetime.datetime(2026, 8, 19, 16, 12, 34, 171928)
2026-08-17 16:18:28,312 - INFO - Request for book_shipment, external carrier service called successfully, order_id=order-shipment-9, request: order_id='order-shipment-9' address='109 Commercial Way, Suite 200' shipment_date=datetime.datetime(2026, 8, 19, 16, 12, 34, 171928)
2026-08-17 16:18:28,313 - INFO - Request for book_shipment successfully processed, request: order_id='order-shipment-9' address='109 Commercial Way, Suite 200' shipment_date=datetime.datetime(2026, 8, 19, 16, 12, 34, 171928), order_id=order-shipment-9, result: shipment_id='2e45c02a-d83f-45e3-851d-a38b891fc80b' tracking_id='dc096c1b-7397-4ab6-a15a-acc289074299' total_input_tokens=0 total_output_tokens=0 total_llm_calls=0
2026-08-17 16:18:28,320 - INFO - Request for book_shipment, order_id=order-shipment-10, request: order_id='order-shipment-10' address='110 Commercial Way, Suite 200' shipment_date=datetime.datetime(2026, 8, 19, 16, 12, 34, 171928)
2026-08-17 16:18:28,520 - INFO - Request for book_shipment, external carrier service called successfully, order_id=order-shipment-10, request: order_id='order-shipment-10' address='110 Commercial Way, Suite 200' shipment_date=datetime.datetime(2026, 8, 19, 16, 12, 34, 171928)
2026-08-17 16:18:28,521 - INFO - Request for book_shipment successfully processed, request: order_id='order-shipment-10' address='110 Commercial Way, Suite 200' shipment_date=datetime.datetime(2026, 8, 19, 16, 12, 34, 171928), order_id=order-shipment-10, result: shipment_id='d1e271b1-f8fb-4fea-8f3b-b5e088247244' tracking_id='7c74f09a-e71c-4ce1-b5e8-647a6ac934dc' total_input_tokens=0 total_output_tokens=0 total_llm_calls=0
2026-08-17 16:18:34,371 - INFO - Request for book_shipment, order_id=val-1, request: order_id='val-1' address='abc' shipment_date=datetime.datetime(2026, 8, 19, 16, 12, 34, 171928)
2026-08-17 16:18:34,374 - INFO - Request for book_shipment, order_id=val-2, request: order_id='val-2' address='123 Main St PO Box 5' shipment_date=datetime.datetime(2026, 8, 19, 16, 12, 34, 171928)
2026-08-17 16:18:34,374 - WARNING - Request for book_shipment, booking failed due to invalid address, order_id=val-2, request: order_id='val-2' address='123 Main St PO Box 5' shipment_date=datetime.datetime(2026, 8, 19, 16, 12, 34, 171928)
2026-08-17 16:18:34,377 - INFO - Request for book_shipment, order_id=order-shipment-1, request: order_id='order-shipment-1' address='101 Commercial Way, Suite 200' shipment_date=datetime.datetime(2026, 8, 19, 16, 12, 34, 171928)
2026-08-17 16:18:34,577 - INFO - Request for book_shipment, external carrier service called successfully, order_id=order-shipment-1, request: order_id='order-shipment-1' address='101 Commercial Way, Suite 200' shipment_date=datetime.datetime(2026, 8, 19, 16, 12, 34, 171928)
2026-08-17 16:18:34,582 - INFO - Request for book_shipment successfully processed, request: order_id='order-shipment-1' address='101 Commercial Way, Suite 200' shipment_date=datetime.datetime(2026, 8, 19, 16, 12, 34, 171928), order_id=order-shipment-1, result: shipment_id='ff7a3702-12de-4e83-9230-5cfe09b49552' tracking_id='caea67e4-f1e6-4237-911c-e6327f35917e' total_input_tokens=0 total_output_tokens=0 total_llm_calls=0
2026-08-17 16:18:34,592 - INFO - Request for book_shipment, order_id=order-shipment-2, request: order_id='order-shipment-2' address='102 Commercial Way, Suite 200' shipment_date=datetime.datetime(2026, 8, 19, 16, 12, 34, 171928)
2026-08-17 16:18:34,793 - INFO - Request for book_shipment, external carrier service called successfully, order_id=order-shipment-2, request: order_id='order-shipment-2' address='102 Commercial Way, Suite 200' shipment_date=datetime.datetime(2026, 8, 19, 16, 12, 34, 171928)
2026-08-17 16:18:34,796 - INFO - Request for book_shipment successfully processed, request: order_id='order-shipment-2' address='102 Commercial Way, Suite 200' shipment_date=datetime.datetime(2026, 8, 19, 16, 12, 34, 171928), order_id=order-shipment-2, result: shipment_id='99067f39-3743-460b-a953-44796699d9b3' tracking_id='3c7f9d91-da37-4ecd-b313-9ba1e18ba062' total_input_tokens=0 total_output_tokens=0 total_llm_calls=0
2026-08-17 16:18:34,801 - INFO - Request for book_shipment, order_id=order-shipment-3, request: order_id='order-shipment-3' address='103 Commercial Way, Suite 200' shipment_date=datetime.datetime(2026, 8, 19, 16, 12, 34, 171928)
2026-08-17 16:18:35,002 - INFO - Request for book_shipment, external carrier service called successfully, order_id=order-shipment-3, request: order_id='order-shipment-3' address='103 Commercial Way, Suite 200' shipment_date=datetime.datetime(2026, 8, 19, 16, 12, 34, 171928)
2026-08-17 16:18:35,005 - INFO - Request for book_shipment successfully processed, request: order_id='order-shipment-3' address='103 Commercial Way, Suite 200' shipment_date=datetime.datetime(2026, 8, 19, 16, 12, 34, 171928), order_id=order-shipment-3, result: shipment_id='05aa1938-2386-4bb1-bee5-76fd2ee9d6e4' tracking_id='ec2ed1ac-25d4-4ff4-9466-e2277c14d867' total_input_tokens=0 total_output_tokens=0 total_llm_calls=0
2026-08-17 16:18:35,015 - INFO - Request for book_shipment, order_id=order-shipment-4, request: order_id='order-shipment-4' address='104 Commercial Way, Suite 200' shipment_date=datetime.datetime(2026, 8, 19, 16, 12, 34, 171928)
2026-08-17 16:18:35,215 - INFO - Request for book_shipment, external carrier service called successfully, order_id=order-shipment-4, request: order_id='order-shipment-4' address='104 Commercial Way, Suite 200' shipment_date=datetime.datetime(2026, 8, 19, 16, 12, 34, 171928)
2026-08-17 16:18:35,218 - INFO - Request for book_shipment successfully processed, request: order_id='order-shipment-4' address='104 Commercial Way, Suite 200' shipment_date=datetime.datetime(2026, 8, 19, 16, 12, 34, 171928), order_id=order-shipment-4, result: shipment_id='26df8632-9b1f-424b-81c4-05d27d9f24d5' tracking_id='1b2e6d20-917e-484f-9dcc-b91b1f70b680' total_input_tokens=0 total_output_tokens=0 total_llm_calls=0
2026-08-17 16:18:35,226 - INFO - Request for book_shipment, order_id=order-shipment-5, request: order_id='order-shipment-5' address='105 Commercial Way, Suite 200' shipment_date=datetime.datetime(2026, 8, 19, 16, 12, 34, 171928)
2026-08-17 16:18:35,427 - INFO - Request for book_shipment, external carrier service called successfully, order_id=order-shipment-5, request: order_id='order-shipment-5' address='105 Commercial Way, Suite 200' shipment_date=datetime.datetime(2026, 8, 19, 16, 12, 34, 171928)
2026-08-17 16:18:35,429 - INFO - Request for book_shipment successfully processed, request: order_id='order-shipment-5' address='105 Commercial Way, Suite 200' shipment_date=datetime.datetime(2026, 8, 19, 16, 12, 34, 171928), order_id=order-shipment-5, result: shipment_id='11aa617d-6048-4237-bb2c-c3aab553f04a' tracking_id='763f4ee7-26b1-4339-8225-c18d594ddcc7' total_input_tokens=0 total_output_tokens=0 total_llm_calls=0
2026-08-17 16:18:35,432 - INFO - Request for book_shipment, order_id=order-shipment-6, request: order_id='order-shipment-6' address='106 Commercial Way, Suite 200' shipment_date=datetime.datetime(2026, 8, 19, 16, 12, 34, 171928)
2026-08-17 16:18:35,633 - INFO - Request for book_shipment, external carrier service called successfully, order_id=order-shipment-6, request: order_id='order-shipment-6' address='106 Commercial Way, Suite 200' shipment_date=datetime.datetime(2026, 8, 19, 16, 12, 34, 171928)
2026-08-17 16:18:35,635 - INFO - Request for book_shipment successfully processed, request: order_id='order-shipment-6' address='106 Commercial Way, Suite 200' shipment_date=datetime.datetime(2026, 8, 19, 16, 12, 34, 171928), order_id=order-shipment-6, result: shipment_id='d30a3698-92ed-4719-bdaf-5a37e98e67bf' tracking_id='5005b2e7-22f9-4d3a-9392-9b63e63502e3' total_input_tokens=0 total_output_tokens=0 total_llm_calls=0
2026-08-17 16:18:35,640 - INFO - Request for book_shipment, order_id=order-shipment-7, request: order_id='order-shipment-7' address='107 Commercial Way, Suite 200' shipment_date=datetime.datetime(2026, 8, 19, 16, 12, 34, 171928)
2026-08-17 16:18:35,840 - INFO - Request for book_shipment, external carrier service called successfully, order_id=order-shipment-7, request: order_id='order-shipment-7' address='107 Commercial Way, Suite 200' shipment_date=datetime.datetime(2026, 8, 19, 16, 12, 34, 171928)
2026-08-17 16:18:35,842 - INFO - Request for book_shipment successfully processed, request: order_id='order-shipment-7' address='107 Commercial Way, Suite 200' shipment_date=datetime.datetime(2026, 8, 19, 16, 12, 34, 171928), order_id=order-shipment-7, result: shipment_id='d113abbc-585a-405b-b4c5-72de59810413' tracking_id='36c07e4a-bb91-481f-9a10-cefebfdf03af' total_input_tokens=0 total_output_tokens=0 total_llm_calls=0
2026-08-17 16:18:35,847 - INFO - Request for book_shipment, order_id=order-shipment-8, request: order_id='order-shipment-8' address='108 Commercial Way, Suite 200' shipment_date=datetime.datetime(2026, 8, 19, 16, 12, 34, 171928)
2026-08-17 16:18:36,050 - INFO - Request for book_shipment, external carrier service called successfully, order_id=order-shipment-8, request: order_id='order-shipment-8' address='108 Commercial Way, Suite 200' shipment_date=datetime.datetime(2026, 8, 19, 16, 12, 34, 171928)
2026-08-17 16:18:36,054 - INFO - Request for book_shipment successfully processed, request: order_id='order-shipment-8' address='108 Commercial Way, Suite 200' shipment_date=datetime.datetime(2026, 8, 19, 16, 12, 34, 171928), order_id=order-shipment-8, result: shipment_id='a231dc47-5b5e-4769-9fcd-11813f94bc8b' tracking_id='55164e17-b7a6-410c-9756-9185893fef3a' total_input_tokens=0 total_output_tokens=0 total_llm_calls=0
2026-08-17 16:18:36,064 - INFO - Request for book_shipment, order_id=order-shipment-9, request: order_id='order-shipment-9' address='109 Commercial Way, Suite 200' shipment_date=datetime.datetime(2026, 8, 19, 16, 12, 34, 171928)
2026-08-17 16:18:36,267 - INFO - Request for book_shipment, external carrier service called successfully, order_id=order-shipment-9, request: order_id='order-shipment-9' address='109 Commercial Way, Suite 200' shipment_date=datetime.datetime(2026, 8, 19, 16, 12, 34, 171928)
2026-08-17 16:18:36,269 - INFO - Request for book_shipment successfully processed, request: order_id='order-shipment-9' address='109 Commercial Way, Suite 200' shipment_date=datetime.datetime(2026, 8, 19, 16, 12, 34, 171928), order_id=order-shipment-9, result: shipment_id='0df0d244-d952-41d6-8eff-c80e02b2a0c1' tracking_id='7f9473d6-533c-4827-919e-a89904d79276' total_input_tokens=0 total_output_tokens=0 total_llm_calls=0
2026-08-17 16:18:36,277 - INFO - Request for book_shipment, order_id=order-shipment-10, request: order_id='order-shipment-10' address='110 Commercial Way, Suite 200' shipment_date=datetime.datetime(2026, 8, 19, 16, 12, 34, 171928)
2026-08-17 16:18:36,478 - INFO - Request for book_shipment, external carrier service called successfully, order_id=order-shipment-10, request: order_id='order-shipment-10' address='110 Commercial Way, Suite 200' shipment_date=datetime.datetime(2026, 8, 19, 16, 12, 34, 171928)
2026-08-17 16:18:36,481 - INFO - Request for book_shipment successfully processed, request: order_id='order-shipment-10' address='110 Commercial Way, Suite 200' shipment_date=datetime.datetime(2026, 8, 19, 16, 12, 34, 171928), order_id=order-shipment-10, result: shipment_id='8e648ca3-ddec-4863-89e7-a83e3307ec56' tracking_id='6a28a6ea-1ecc-4805-9e50-39f766e4bb95' total_input_tokens=0 total_output_tokens=0 total_llm_calls=0
2026-08-17 16:18:36,490 - INFO - Request for book_shipment, order_id=order-shipment-11, request: order_id='order-shipment-11' address='111 Commercial Way, Suite 200' shipment_date=datetime.datetime(2026, 8, 19, 16, 12, 34, 171928)
2026-08-17 16:18:36,691 - INFO - Request for book_shipment, external carrier service called successfully, order_id=order-shipment-11, request: order_id='order-shipment-11' address='111 Commercial Way, Suite 200' shipment_date=datetime.datetime(2026, 8, 19, 16, 12, 34, 171928)
2026-08-17 16:18:36,693 - INFO - Request for book_shipment successfully processed, request: order_id='order-shipment-11' address='111 Commercial Way, Suite 200' shipment_date=datetime.datetime(2026, 8, 19, 16, 12, 34, 171928), order_id=order-shipment-11, result: shipment_id='4311dd25-7b7f-4ace-96ef-a5723c6a735f' tracking_id='7d163b8b-cea0-4fc8-a898-c5983968c649' total_input_tokens=0 total_output_tokens=0 total_llm_calls=0
2026-08-17 16:18:36,697 - INFO - Request for book_shipment, order_id=order-shipment-12, request: order_id='order-shipment-12' address='112 Commercial Way, Suite 200' shipment_date=datetime.datetime(2026, 8, 19, 16, 12, 34, 171928)
2026-08-17 16:18:36,898 - INFO - Request for book_shipment, external carrier service called successfully, order_id=order-shipment-12, request: order_id='order-shipment-12' address='112 Commercial Way, Suite 200' shipment_date=datetime.datetime(2026, 8, 19, 16, 12, 34, 171928)
2026-08-17 16:18:36,900 - INFO - Request for book_shipment successfully processed, request: order_id='order-shipment-12' address='112 Commercial Way, Suite 200' shipment_date=datetime.datetime(2026, 8, 19, 16, 12, 34, 171928), order_id=order-shipment-12, result: shipment_id='4297c62c-532f-42fc-826a-91e81b274bbb' tracking_id='4e1174ab-c84e-4068-9a7d-ca30aaee749d' total_input_tokens=0 total_output_tokens=0 total_llm_calls=0
2026-08-17 16:18:36,906 - INFO - Request for book_shipment, order_id=order-shipment-13, request: order_id='order-shipment-13' address='113 Commercial Way, Suite 200' shipment_date=datetime.datetime(2026, 8, 19, 16, 12, 34, 171928)
2026-08-17 16:18:37,107 - INFO - Request for book_shipment, external carrier service called successfully, order_id=order-shipment-13, request: order_id='order-shipment-13' address='113 Commercial Way, Suite 200' shipment_date=datetime.datetime(2026, 8, 19, 16, 12, 34, 171928)
2026-08-17 16:18:37,109 - INFO - Request for book_shipment successfully processed, request: order_id='order-shipment-13' address='113 Commercial Way, Suite 200' shipment_date=datetime.datetime(2026, 8, 19, 16, 12, 34, 171928), order_id=order-shipment-13, result: shipment_id='de2c5253-0e75-46e8-aced-b2f3582e53b3' tracking_id='23c049cb-da1f-45ff-8024-9ec8e01dbf86' total_input_tokens=0 total_output_tokens=0 total_llm_calls=0
2026-08-17 16:18:37,112 - INFO - Request for book_shipment, order_id=order-shipment-14, request: order_id='order-shipment-14' address='114 Commercial Way, Suite 200' shipment_date=datetime.datetime(2026, 8, 19, 16, 12, 34, 171928)
2026-08-17 16:18:37,312 - INFO - Request for book_shipment, external carrier service called successfully, order_id=order-shipment-14, request: order_id='order-shipment-14' address='114 Commercial Way, Suite 200' shipment_date=datetime.datetime(2026, 8, 19, 16, 12, 34, 171928)
2026-08-17 16:18:37,314 - INFO - Request for book_shipment successfully processed, request: order_id='order-shipment-14' address='114 Commercial Way, Suite 200' shipment_date=datetime.datetime(2026, 8, 19, 16, 12, 34, 171928), order_id=order-shipment-14, result: shipment_id='aa63d9aa-736a-4ee6-8e4a-c8d8b8fa6d67' tracking_id='a60fe4b3-d35c-4409-aea9-c0e859a85a4f' total_input_tokens=0 total_output_tokens=0 total_llm_calls=0
2026-08-17 16:18:37,320 - INFO - Request for book_shipment, order_id=order-shipment-15, request: order_id='order-shipment-15' address='115 Commercial Way, Suite 200' shipment_date=datetime.datetime(2026, 8, 19, 16, 12, 34, 171928)
2026-08-17 16:18:37,521 - INFO - Request for book_shipment, external carrier service called successfully, order_id=order-shipment-15, request: order_id='order-shipment-15' address='115 Commercial Way, Suite 200' shipment_date=datetime.datetime(2026, 8, 19, 16, 12, 34, 171928)
2026-08-17 16:18:37,523 - INFO - Request for book_shipment successfully processed, request: order_id='order-shipment-15' address='115 Commercial Way, Suite 200' shipment_date=datetime.datetime(2026, 8, 19, 16, 12, 34, 171928), order_id=order-shipment-15, result: shipment_id='d9d584d7-b6c3-4cbd-8961-f08b65e81e72' tracking_id='6fc49875-cfb2-49f0-a4ae-541530a399fa' total_input_tokens=0 total_output_tokens=0 total_llm_calls=0
2026-08-17 16:18:37,528 - INFO - Request for book_shipment, order_id=order-shipment-16, request: order_id='order-shipment-16' address='116 Commercial Way, Suite 200' shipment_date=datetime.datetime(2026, 8, 19, 16, 12, 34, 171928)
2026-08-17 16:18:37,729 - INFO - Request for book_shipment, external carrier service called successfully, order_id=order-shipment-16, request: order_id='order-shipment-16' address='116 Commercial Way, Suite 200' shipment_date=datetime.datetime(2026, 8, 19, 16, 12, 34, 171928)
2026-08-17 16:18:37,731 - INFO - Request for book_shipment successfully processed, request: order_id='order-shipment-16' address='116 Commercial Way, Suite 200' shipment_date=datetime.datetime(2026, 8, 19, 16, 12, 34, 171928), order_id=order-shipment-16, result: shipment_id='d67f1ff2-4ae0-45d0-9351-818208c1dab2' tracking_id='ed4ff26c-d029-4f14-8e6d-11258ea4f87d' total_input_tokens=0 total_output_tokens=0 total_llm_calls=0
2026-08-17 16:18:37,735 - INFO - Request for book_shipment, order_id=order-shipment-17, request: order_id='order-shipment-17' address='117 Commercial Way, Suite 200' shipment_date=datetime.datetime(2026, 8, 19, 16, 12, 34, 171928)
2026-08-17 16:18:37,936 - INFO - Request for book_shipment, external carrier service called successfully, order_id=order-shipment-17, request: order_id='order-shipment-17' address='117 Commercial Way, Suite 200' shipment_date=datetime.datetime(2026, 8, 19, 16, 12, 34, 171928)
2026-08-17 16:18:37,939 - INFO - Request for book_shipment successfully processed, request: order_id='order-shipment-17' address='117 Commercial Way, Suite 200' shipment_date=datetime.datetime(2026, 8, 19, 16, 12, 34, 171928), order_id=order-shipment-17, result: shipment_id='f8e46e4d-04db-4cd2-9d1c-52e1fe7854f3' tracking_id='6cf63800-867e-439b-b66d-6621126726e1' total_input_tokens=0 total_output_tokens=0 total_llm_calls=0
2026-08-17 16:18:37,947 - INFO - Request for book_shipment, order_id=order-shipment-18, request: order_id='order-shipment-18' address='118 Commercial Way, Suite 200' shipment_date=datetime.datetime(2026, 8, 19, 16, 12, 34, 171928)
2026-08-17 16:18:38,147 - INFO - Request for book_shipment, external carrier service called successfully, order_id=order-shipment-18, request: order_id='order-shipment-18' address='118 Commercial Way, Suite 200' shipment_date=datetime.datetime(2026, 8, 19, 16, 12, 34, 171928)
2026-08-17 16:18:38,149 - INFO - Request for book_shipment successfully processed, request: order_id='order-shipment-18' address='118 Commercial Way, Suite 200' shipment_date=datetime.datetime(2026, 8, 19, 16, 12, 34, 171928), order_id=order-shipment-18, result: shipment_id='b0e44ee9-d803-4483-ad77-9fc7a6082b05' tracking_id='75e2c816-ffce-48ae-9402-063b1bfc118e' total_input_tokens=0 total_output_tokens=0 total_llm_calls=0
2026-08-17 16:18:38,155 - INFO - Request for book_shipment, order_id=order-shipment-19, request: order_id='order-shipment-19' address='119 Commercial Way, Suite 200' shipment_date=datetime.datetime(2026, 8, 19, 16, 12, 34, 171928)
2026-08-17 16:18:38,355 - INFO - Request for book_shipment, external carrier service called successfully, order_id=order-shipment-19, request: order_id='order-shipment-19' address='119 Commercial Way, Suite 200' shipment_date=datetime.datetime(2026, 8, 19, 16, 12, 34, 171928)
2026-08-17 16:18:38,358 - INFO - Request for book_shipment successfully processed, request: order_id='order-shipment-19' address='119 Commercial Way, Suite 200' shipment_date=datetime.datetime(2026, 8, 19, 16, 12, 34, 171928), order_id=order-shipment-19, result: shipment_id='61761fad-070b-4a93-8731-452ee202efad' tracking_id='405044af-8439-4bed-9c8b-4aacaa50ed94' total_input_tokens=0 total_output_tokens=0 total_llm_calls=0
2026-08-17 16:18:38,364 - INFO - Request for book_shipment, order_id=order-shipment-20, request: order_id='order-shipment-20' address='120 Commercial Way, Suite 200' shipment_date=datetime.datetime(2026, 8, 19, 16, 12, 34, 171928)
2026-08-17 16:18:38,564 - INFO - Request for book_shipment, external carrier service called successfully, order_id=order-shipment-20, request: order_id='order-shipment-20' address='120 Commercial Way, Suite 200' shipment_date=datetime.datetime(2026, 8, 19, 16, 12, 34, 171928)
2026-08-17 16:18:38,567 - INFO - Request for book_shipment successfully processed, request: order_id='order-shipment-20' address='120 Commercial Way, Suite 200' shipment_date=datetime.datetime(2026, 8, 19, 16, 12, 34, 171928), order_id=order-shipment-20, result: shipment_id='b8f59a8f-114c-45e4-9513-3945828903a4' tracking_id='fb161c20-a47f-481d-a7e5-8d5e5af6ec2c' total_input_tokens=0 total_output_tokens=0 total_llm_calls=0
2026-08-17 16:18:38,574 - INFO - Request for book_shipment, order_id=order-shipment-21, request: order_id='order-shipment-21' address='121 Commercial Way, Suite 200' shipment_date=datetime.datetime(2026, 8, 19, 16, 12, 34, 171928)
2026-08-17 16:18:38,775 - INFO - Request for book_shipment, external carrier service called successfully, order_id=order-shipment-21, request: order_id='order-shipment-21' address='121 Commercial Way, Suite 200' shipment_date=datetime.datetime(2026, 8, 19, 16, 12, 34, 171928)
2026-08-17 16:18:38,777 - INFO - Request for book_shipment successfully processed, request: order_id='order-shipment-21' address='121 Commercial Way, Suite 200' shipment_date=datetime.datetime(2026, 8, 19, 16, 12, 34, 171928), order_id=order-shipment-21, result: shipment_id='f2637e40-0e6a-4739-9a8e-b7041a21eb54' tracking_id='14732e2e-8256-4efb-9e81-c0fac2ab64e4' total_input_tokens=0 total_output_tokens=0 total_llm_calls=0
2026-08-17 16:18:38,786 - INFO - Request for book_shipment, order_id=order-shipment-22, request: order_id='order-shipment-22' address='122 Commercial Way, Suite 200' shipment_date=datetime.datetime(2026, 8, 19, 16, 12, 34, 171928)
2026-08-17 16:18:38,987 - INFO - Request for book_shipment, external carrier service called successfully, order_id=order-shipment-22, request: order_id='order-shipment-22' address='122 Commercial Way, Suite 200' shipment_date=datetime.datetime(2026, 8, 19, 16, 12, 34, 171928)
2026-08-17 16:18:38,990 - INFO - Request for book_shipment successfully processed, request: order_id='order-shipment-22' address='122 Commercial Way, Suite 200' shipment_date=datetime.datetime(2026, 8, 19, 16, 12, 34, 171928), order_id=order-shipment-22, result: shipment_id='08b86302-fafa-491e-8f63-a87a23e26b3c' tracking_id='07bfdfad-604f-452e-b925-8520151788aa' total_input_tokens=0 total_output_tokens=0 total_llm_calls=0
2026-08-17 16:18:38,997 - INFO - Request for book_shipment, order_id=order-shipment-23, request: order_id='order-shipment-23' address='123 Commercial Way, Suite 200' shipment_date=datetime.datetime(2026, 8, 19, 16, 12, 34, 171928)
2026-08-17 16:18:39,198 - INFO - Request for book_shipment, external carrier service called successfully, order_id=order-shipment-23, request: order_id='order-shipment-23' address='123 Commercial Way, Suite 200' shipment_date=datetime.datetime(2026, 8, 19, 16, 12, 34, 171928)
2026-08-17 16:18:39,200 - INFO - Request for book_shipment successfully processed, request: order_id='order-shipment-23' address='123 Commercial Way, Suite 200' shipment_date=datetime.datetime(2026, 8, 19, 16, 12, 34, 171928), order_id=order-shipment-23, result: shipment_id='9fe72496-f803-40ec-a05f-c37efb92195c' tracking_id='80d3f3bd-889b-469d-9a46-1e3a52fc62e5' total_input_tokens=0 total_output_tokens=0 total_llm_calls=0
2026-08-17 16:18:39,207 - INFO - Request for book_shipment, order_id=order-shipment-24, request: order_id='order-shipment-24' address='124 Commercial Way, Suite 200' shipment_date=datetime.datetime(2026, 8, 19, 16, 12, 34, 171928)
2026-08-17 16:18:39,408 - INFO - Request for book_shipment, external carrier service called successfully, order_id=order-shipment-24, request: order_id='order-shipment-24' address='124 Commercial Way, Suite 200' shipment_date=datetime.datetime(2026, 8, 19, 16, 12, 34, 171928)
2026-08-17 16:18:39,411 - INFO - Request for book_shipment successfully processed, request: order_id='order-shipment-24' address='124 Commercial Way, Suite 200' shipment_date=datetime.datetime(2026, 8, 19, 16, 12, 34, 171928), order_id=order-shipment-24, result: shipment_id='d1eb5c30-92f0-4a63-8e0a-025280449e82' tracking_id='36c37447-fc99-40d3-8201-0cddd720471a' total_input_tokens=0 total_output_tokens=0 total_llm_calls=0
2026-08-17 16:18:39,417 - INFO - Request for book_shipment, order_id=order-shipment-25, request: order_id='order-shipment-25' address='125 Commercial Way, Suite 200' shipment_date=datetime.datetime(2026, 8, 19, 16, 12, 34, 171928)
2026-08-17 16:18:39,618 - INFO - Request for book_shipment, external carrier service called successfully, order_id=order-shipment-25, request: order_id='order-shipment-25' address='125 Commercial Way, Suite 200' shipment_date=datetime.datetime(2026, 8, 19, 16, 12, 34, 171928)
2026-08-17 16:18:39,620 - INFO - Request for book_shipment successfully processed, request: order_id='order-shipment-25' address='125 Commercial Way, Suite 200' shipment_date=datetime.datetime(2026, 8, 19, 16, 12, 34, 171928), order_id=order-shipment-25, result: shipment_id='87b73b35-6013-4970-9c0a-a7724888cbcf' tracking_id='f900797e-036f-4515-b21c-2b6f58a64a06' total_input_tokens=0 total_output_tokens=0 total_llm_calls=0
2026-08-17 16:18:39,625 - INFO - Request for book_shipment, order_id=order-shipment-26, request: order_id='order-shipment-26' address='126 Commercial Way, Suite 200' shipment_date=datetime.datetime(2026, 8, 19, 16, 12, 34, 171928)
2026-08-17 16:18:39,826 - INFO - Request for book_shipment, external carrier service called successfully, order_id=order-shipment-26, request: order_id='order-shipment-26' address='126 Commercial Way, Suite 200' shipment_date=datetime.datetime(2026, 8, 19, 16, 12, 34, 171928)
2026-08-17 16:18:39,828 - INFO - Request for book_shipment successfully processed, request: order_id='order-shipment-26' address='126 Commercial Way, Suite 200' shipment_date=datetime.datetime(2026, 8, 19, 16, 12, 34, 171928), order_id=order-shipment-26, result: shipment_id='45eee923-16be-4a42-97e2-2204ef50b63a' tracking_id='f922a22d-0720-4212-bc9b-860f4c1d1835' total_input_tokens=0 total_output_tokens=0 total_llm_calls=0
2026-08-17 16:18:39,833 - INFO - Request for book_shipment, order_id=order-shipment-27, request: order_id='order-shipment-27' address='127 Commercial Way, Suite 200' shipment_date=datetime.datetime(2026, 8, 19, 16, 12, 34, 171928)
2026-08-17 16:18:40,034 - INFO - Request for book_shipment, external carrier service called successfully, order_id=order-shipment-27, request: order_id='order-shipment-27' address='127 Commercial Way, Suite 200' shipment_date=datetime.datetime(2026, 8, 19, 16, 12, 34, 171928)
2026-08-17 16:18:40,036 - INFO - Request for book_shipment successfully processed, request: order_id='order-shipment-27' address='127 Commercial Way, Suite 200' shipment_date=datetime.datetime(2026, 8, 19, 16, 12, 34, 171928), order_id=order-shipment-27, result: shipment_id='db85626b-3853-4316-91f8-9240572abdb0' tracking_id='39f6284c-0c0a-41da-87f5-06668b89d58e' total_input_tokens=0 total_output_tokens=0 total_llm_calls=0
2026-08-17 16:18:40,042 - INFO - Request for book_shipment, order_id=order-shipment-28, request: order_id='order-shipment-28' address='128 Commercial Way, Suite 200' shipment_date=datetime.datetime(2026, 8, 19, 16, 12, 34, 171928)
2026-08-17 16:18:40,243 - INFO - Request for book_shipment, external carrier service called successfully, order_id=order-shipment-28, request: order_id='order-shipment-28' address='128 Commercial Way, Suite 200' shipment_date=datetime.datetime(2026, 8, 19, 16, 12, 34, 171928)
2026-08-17 16:18:40,245 - INFO - Request for book_shipment successfully processed, request: order_id='order-shipment-28' address='128 Commercial Way, Suite 200' shipment_date=datetime.datetime(2026, 8, 19, 16, 12, 34, 171928), order_id=order-shipment-28, result: shipment_id='05ab2322-91bd-4f69-8a8f-b6b3d6961a52' tracking_id='31a4837a-e30a-46a6-9224-6e98850ec1a4' total_input_tokens=0 total_output_tokens=0 total_llm_calls=0
2026-08-17 16:18:40,249 - INFO - Request for book_shipment, order_id=order-shipment-29, request: order_id='order-shipment-29' address='129 Commercial Way, Suite 200' shipment_date=datetime.datetime(2026, 8, 19, 16, 12, 34, 171928)
2026-08-17 16:18:40,449 - INFO - Request for book_shipment, external carrier service called successfully, order_id=order-shipment-29, request: order_id='order-shipment-29' address='129 Commercial Way, Suite 200' shipment_date=datetime.datetime(2026, 8, 19, 16, 12, 34, 171928)
2026-08-17 16:18:40,452 - INFO - Request for book_shipment successfully processed, request: order_id='order-shipment-29' address='129 Commercial Way, Suite 200' shipment_date=datetime.datetime(2026, 8, 19, 16, 12, 34, 171928), order_id=order-shipment-29, result: shipment_id='95cf51c6-dce9-4716-94dd-e73c25d38902' tracking_id='cdd807de-9d2a-451c-a56b-efdd90bce928' total_input_tokens=0 total_output_tokens=0 total_llm_calls=0
2026-08-17 16:18:40,462 - INFO - Request for book_shipment, order_id=order-shipment-30, request: order_id='order-shipment-30' address='130 Commercial Way, Suite 200' shipment_date=datetime.datetime(2026, 8, 19, 16, 12, 34, 171928)
2026-08-17 16:18:40,662 - INFO - Request for book_shipment, external carrier service called successfully, order_id=order-shipment-30, request: order_id='order-shipment-30' address='130 Commercial Way, Suite 200' shipment_date=datetime.datetime(2026, 8, 19, 16, 12, 34, 171928)
2026-08-17 16:18:40,665 - INFO - Request for book_shipment successfully processed, request: order_id='order-shipment-30' address='130 Commercial Way, Suite 200' shipment_date=datetime.datetime(2026, 8, 19, 16, 12, 34, 171928), order_id=order-shipment-30, result: shipment_id='3d272ea9-522a-41ce-8789-be9d65dfb861' tracking_id='02676680-b84b-445b-a9ec-7ed4b3c9a167' total_input_tokens=0 total_output_tokens=0 total_llm_calls=0
2026-08-17 16:18:40,673 - INFO - Request for book_shipment, order_id=order-shipment-31, request: order_id='order-shipment-31' address='131 Commercial Way, Suite 200' shipment_date=datetime.datetime(2026, 8, 19, 16, 12, 34, 171928)
2026-08-17 16:18:40,874 - INFO - Request for book_shipment, external carrier service called successfully, order_id=order-shipment-31, request: order_id='order-shipment-31' address='131 Commercial Way, Suite 200' shipment_date=datetime.datetime(2026, 8, 19, 16, 12, 34, 171928)
2026-08-17 16:18:40,876 - INFO - Request for book_shipment successfully processed, request: order_id='order-shipment-31' address='131 Commercial Way, Suite 200' shipment_date=datetime.datetime(2026, 8, 19, 16, 12, 34, 171928), order_id=order-shipment-31, result: shipment_id='24aedc6a-f5ff-4085-a49e-ec1349a7c3a7' tracking_id='93e9330f-4db7-4067-9e29-b5870fd6240e' total_input_tokens=0 total_output_tokens=0 total_llm_calls=0
2026-08-17 16:18:40,880 - INFO - Request for book_shipment, order_id=order-shipment-32, request: order_id='order-shipment-32' address='132 Commercial Way, Suite 200' shipment_date=datetime.datetime(2026, 8, 19, 16, 12, 34, 171928)
2026-08-17 16:18:41,081 - INFO - Request for book_shipment, external carrier service called successfully, order_id=order-shipment-32, request: order_id='order-shipment-32' address='132 Commercial Way, Suite 200' shipment_date=datetime.datetime(2026, 8, 19, 16, 12, 34, 171928)
2026-08-17 16:18:41,083 - INFO - Request for book_shipment successfully processed, request: order_id='order-shipment-32' address='132 Commercial Way, Suite 200' shipment_date=datetime.datetime(2026, 8, 19, 16, 12, 34, 171928), order_id=order-shipment-32, result: shipment_id='6fd4761a-0f5e-4ad6-a9fd-7a5ffdd9fb34' tracking_id='7dfe1c1e-8912-4365-be31-9bb745969ec0' total_input_tokens=0 total_output_tokens=0 total_llm_calls=0
2026-08-17 16:18:41,090 - INFO - Request for book_shipment, order_id=order-shipment-33, request: order_id='order-shipment-33' address='133 Commercial Way, Suite 200' shipment_date=datetime.datetime(2026, 8, 19, 16, 12, 34, 171928)
2026-08-17 16:18:41,290 - INFO - Request for book_shipment, external carrier service called successfully, order_id=order-shipment-33, request: order_id='order-shipment-33' address='133 Commercial Way, Suite 200' shipment_date=datetime.datetime(2026, 8, 19, 16, 12, 34, 171928)
2026-08-17 16:18:41,292 - INFO - Request for book_shipment successfully processed, request: order_id='order-shipment-33' address='133 Commercial Way, Suite 200' shipment_date=datetime.datetime(2026, 8, 19, 16, 12, 34, 171928), order_id=order-shipment-33, result: shipment_id='2161a883-3e59-4d61-a39b-6c964cd7cef2' tracking_id='a5d0da40-9b4f-4dc7-80f5-45883cff4455' total_input_tokens=0 total_output_tokens=0 total_llm_calls=0
2026-08-17 16:18:41,297 - INFO - Request for book_shipment, order_id=order-shipment-34, request: order_id='order-shipment-34' address='134 Commercial Way, Suite 200' shipment_date=datetime.datetime(2026, 8, 19, 16, 12, 34, 171928)
2026-08-17 16:18:41,498 - INFO - Request for book_shipment, external carrier service called successfully, order_id=order-shipment-34, request: order_id='order-shipment-34' address='134 Commercial Way, Suite 200' shipment_date=datetime.datetime(2026, 8, 19, 16, 12, 34, 171928)
2026-08-17 16:18:41,501 - INFO - Request for book_shipment successfully processed, request: order_id='order-shipment-34' address='134 Commercial Way, Suite 200' shipment_date=datetime.datetime(2026, 8, 19, 16, 12, 34, 171928), order_id=order-shipment-34, result: shipment_id='3f7e6a9d-dde8-43dc-a4c6-fad84f07c434' tracking_id='7bf965d9-f0bc-49ef-8f3d-ecf7a9e3696e' total_input_tokens=0 total_output_tokens=0 total_llm_calls=0
2026-08-17 16:18:41,511 - INFO - Request for book_shipment, order_id=order-shipment-35, request: order_id='order-shipment-35' address='135 Commercial Way, Suite 200' shipment_date=datetime.datetime(2026, 8, 19, 16, 12, 34, 171928)
2026-08-17 16:18:41,712 - INFO - Request for book_shipment, external carrier service called successfully, order_id=order-shipment-35, request: order_id='order-shipment-35' address='135 Commercial Way, Suite 200' shipment_date=datetime.datetime(2026, 8, 19, 16, 12, 34, 171928)
2026-08-17 16:18:41,715 - INFO - Request for book_shipment successfully processed, request: order_id='order-shipment-35' address='135 Commercial Way, Suite 200' shipment_date=datetime.datetime(2026, 8, 19, 16, 12, 34, 171928), order_id=order-shipment-35, result: shipment_id='cadaf70e-5a39-4a24-921f-31f95772bb3f' tracking_id='512e520f-1ae5-4af4-baa8-ffda65e9b6fa' total_input_tokens=0 total_output_tokens=0 total_llm_calls=0
2026-08-17 16:18:41,725 - INFO - Request for book_shipment, order_id=order-shipment-36, request: order_id='order-shipment-36' address='136 Commercial Way, Suite 200' shipment_date=datetime.datetime(2026, 8, 19, 16, 12, 34, 171928)
2026-08-17 16:18:41,925 - INFO - Request for book_shipment, external carrier service called successfully, order_id=order-shipment-36, request: order_id='order-shipment-36' address='136 Commercial Way, Suite 200' shipment_date=datetime.datetime(2026, 8, 19, 16, 12, 34, 171928)
2026-08-17 16:18:41,927 - INFO - Request for book_shipment successfully processed, request: order_id='order-shipment-36' address='136 Commercial Way, Suite 200' shipment_date=datetime.datetime(2026, 8, 19, 16, 12, 34, 171928), order_id=order-shipment-36, result: shipment_id='e36f6f09-9bf2-41b4-9a0d-c31062fbc538' tracking_id='eb35f7e0-e02e-4c3a-921d-5306e24145d5' total_input_tokens=0 total_output_tokens=0 total_llm_calls=0
2026-08-17 16:18:41,933 - INFO - Request for book_shipment, order_id=order-shipment-37, request: order_id='order-shipment-37' address='137 Commercial Way, Suite 200' shipment_date=datetime.datetime(2026, 8, 19, 16, 12, 34, 171928)
2026-08-17 16:18:42,133 - INFO - Request for book_shipment, external carrier service called successfully, order_id=order-shipment-37, request: order_id='order-shipment-37' address='137 Commercial Way, Suite 200' shipment_date=datetime.datetime(2026, 8, 19, 16, 12, 34, 171928)
2026-08-17 16:18:42,136 - INFO - Request for book_shipment successfully processed, request: order_id='order-shipment-37' address='137 Commercial Way, Suite 200' shipment_date=datetime.datetime(2026, 8, 19, 16, 12, 34, 171928), order_id=order-shipment-37, result: shipment_id='add66e36-c532-4c1a-b0fa-30f05807a363' tracking_id='d374f510-72d0-4271-b3d4-c69f8702bf72' total_input_tokens=0 total_output_tokens=0 total_llm_calls=0
2026-08-17 16:18:42,143 - INFO - Request for book_shipment, order_id=order-shipment-38, request: order_id='order-shipment-38' address='138 Commercial Way, Suite 200' shipment_date=datetime.datetime(2026, 8, 19, 16, 12, 34, 171928)
2026-08-17 16:18:42,343 - INFO - Request for book_shipment, external carrier service called successfully, order_id=order-shipment-38, request: order_id='order-shipment-38' address='138 Commercial Way, Suite 200' shipment_date=datetime.datetime(2026, 8, 19, 16, 12, 34, 171928)
2026-08-17 16:18:42,345 - INFO - Request for book_shipment successfully processed, request: order_id='order-shipment-38' address='138 Commercial Way, Suite 200' shipment_date=datetime.datetime(2026, 8, 19, 16, 12, 34, 171928), order_id=order-shipment-38, result: shipment_id='9e1be1b4-b06c-4d20-aeb6-cbba286ef350' tracking_id='e0ae55e4-ab5e-4491-915f-088002e8245c' total_input_tokens=0 total_output_tokens=0 total_llm_calls=0
2026-08-17 16:18:42,354 - INFO - Request for book_shipment, order_id=order-shipment-39, request: order_id='order-shipment-39' address='139 Commercial Way, Suite 200' shipment_date=datetime.datetime(2026, 8, 19, 16, 12, 34, 171928)
2026-08-17 16:18:42,555 - INFO - Request for book_shipment, external carrier service called successfully, order_id=order-shipment-39, request: order_id='order-shipment-39' address='139 Commercial Way, Suite 200' shipment_date=datetime.datetime(2026, 8, 19, 16, 12, 34, 171928)
2026-08-17 16:18:42,558 - INFO - Request for book_shipment successfully processed, request: order_id='order-shipment-39' address='139 Commercial Way, Suite 200' shipment_date=datetime.datetime(2026, 8, 19, 16, 12, 34, 171928), order_id=order-shipment-39, result: shipment_id='88b0a25c-1429-4731-aa6c-4d6df5f86967' tracking_id='ab5e9c82-bc24-4bca-9f07-c55b7d74bd76' total_input_tokens=0 total_output_tokens=0 total_llm_calls=0
2026-08-17 16:18:42,568 - INFO - Request for book_shipment, order_id=order-shipment-40, request: order_id='order-shipment-40' address='140 Commercial Way, Suite 200' shipment_date=datetime.datetime(2026, 8, 19, 16, 12, 34, 171928)
2026-08-17 16:18:42,768 - INFO - Request for book_shipment, external carrier service called successfully, order_id=order-shipment-40, request: order_id='order-shipment-40' address='140 Commercial Way, Suite 200' shipment_date=datetime.datetime(2026, 8, 19, 16, 12, 34, 171928)
2026-08-17 16:18:42,771 - INFO - Request for book_shipment successfully processed, request: order_id='order-shipment-40' address='140 Commercial Way, Suite 200' shipment_date=datetime.datetime(2026, 8, 19, 16, 12, 34, 171928), order_id=order-shipment-40, result: shipment_id='be192271-ef92-484f-b498-b881c8700ea1' tracking_id='12b77eb0-ab8a-4eff-b569-0c0c05257a6a' total_input_tokens=0 total_output_tokens=0 total_llm_calls=0
2026-08-17 16:18:42,777 - INFO - Request for book_shipment, order_id=order-shipment-41, request: order_id='order-shipment-41' address='141 Commercial Way, Suite 200' shipment_date=datetime.datetime(2026, 8, 19, 16, 12, 34, 171928)
2026-08-17 16:18:42,977 - INFO - Request for book_shipment, external carrier service called successfully, order_id=order-shipment-41, request: order_id='order-shipment-41' address='141 Commercial Way, Suite 200' shipment_date=datetime.datetime(2026, 8, 19, 16, 12, 34, 171928)
2026-08-17 16:18:42,979 - INFO - Request for book_shipment successfully processed, request: order_id='order-shipment-41' address='141 Commercial Way, Suite 200' shipment_date=datetime.datetime(2026, 8, 19, 16, 12, 34, 171928), order_id=order-shipment-41, result: shipment_id='866a6de6-e119-4ad6-9349-231208bf9019' tracking_id='f29749ab-c633-4cb7-ac7c-95740ba8fcfd' total_input_tokens=0 total_output_tokens=0 total_llm_calls=0
2026-08-17 16:18:42,985 - INFO - Request for book_shipment, order_id=order-shipment-42, request: order_id='order-shipment-42' address='142 Commercial Way, Suite 200' shipment_date=datetime.datetime(2026, 8, 19, 16, 12, 34, 171928)
2026-08-17 16:18:43,186 - INFO - Request for book_shipment, external carrier service called successfully, order_id=order-shipment-42, request: order_id='order-shipment-42' address='142 Commercial Way, Suite 200' shipment_date=datetime.datetime(2026, 8, 19, 16, 12, 34, 171928)
2026-08-17 16:18:43,188 - INFO - Request for book_shipment successfully processed, request: order_id='order-shipment-42' address='142 Commercial Way, Suite 200' shipment_date=datetime.datetime(2026, 8, 19, 16, 12, 34, 171928), order_id=order-shipment-42, result: shipment_id='ee01b397-3509-41e8-9058-6e1e1dd5e38e' tracking_id='85c991f1-ded8-4dd5-95f4-434c01f39ac5' total_input_tokens=0 total_output_tokens=0 total_llm_calls=0
2026-08-17 16:18:43,194 - INFO - Request for book_shipment, order_id=order-shipment-43, request: order_id='order-shipment-43' address='143 Commercial Way, Suite 200' shipment_date=datetime.datetime(2026, 8, 19, 16, 12, 34, 171928)
2026-08-17 16:18:43,395 - INFO - Request for book_shipment, external carrier service called successfully, order_id=order-shipment-43, request: order_id='order-shipment-43' address='143 Commercial Way, Suite 200' shipment_date=datetime.datetime(2026, 8, 19, 16, 12, 34, 171928)
2026-08-17 16:18:43,398 - INFO - Request for book_shipment successfully processed, request: order_id='order-shipment-43' address='143 Commercial Way, Suite 200' shipment_date=datetime.datetime(2026, 8, 19, 16, 12, 34, 171928), order_id=order-shipment-43, result: shipment_id='49f19202-5951-4885-b04a-19dd34dd8454' tracking_id='2bce08ab-058b-4783-a974-fbfcb1ccbddd' total_input_tokens=0 total_output_tokens=0 total_llm_calls=0
2026-08-17 16:18:43,405 - INFO - Request for book_shipment, order_id=order-shipment-44, request: order_id='order-shipment-44' address='144 Commercial Way, Suite 200' shipment_date=datetime.datetime(2026, 8, 19, 16, 12, 34, 171928)
2026-08-17 16:18:43,606 - INFO - Request for book_shipment, external carrier service called successfully, order_id=order-shipment-44, request: order_id='order-shipment-44' address='144 Commercial Way, Suite 200' shipment_date=datetime.datetime(2026, 8, 19, 16, 12, 34, 171928)
2026-08-17 16:18:43,608 - INFO - Request for book_shipment successfully processed, request: order_id='order-shipment-44' address='144 Commercial Way, Suite 200' shipment_date=datetime.datetime(2026, 8, 19, 16, 12, 34, 171928), order_id=order-shipment-44, result: shipment_id='87951218-15aa-436c-8fe2-e38c9dc9b7c9' tracking_id='e415d890-1f51-4ce6-ac9f-cf9a3c56e3db' total_input_tokens=0 total_output_tokens=0 total_llm_calls=0
2026-08-17 16:18:43,615 - INFO - Request for book_shipment, order_id=order-shipment-45, request: order_id='order-shipment-45' address='145 Commercial Way, Suite 200' shipment_date=datetime.datetime(2026, 8, 19, 16, 12, 34, 171928)
2026-08-17 16:18:43,816 - INFO - Request for book_shipment, external carrier service called successfully, order_id=order-shipment-45, request: order_id='order-shipment-45' address='145 Commercial Way, Suite 200' shipment_date=datetime.datetime(2026, 8, 19, 16, 12, 34, 171928)
2026-08-17 16:18:43,818 - INFO - Request for book_shipment successfully processed, request: order_id='order-shipment-45' address='145 Commercial Way, Suite 200' shipment_date=datetime.datetime(2026, 8, 19, 16, 12, 34, 171928), order_id=order-shipment-45, result: shipment_id='132f41ce-d439-4401-af78-6387bb9b5a0c' tracking_id='632a7a76-1d7b-42de-bdc6-2bc3a148f595' total_input_tokens=0 total_output_tokens=0 total_llm_calls=0
2026-08-17 16:18:43,824 - INFO - Request for book_shipment, order_id=order-shipment-46, request: order_id='order-shipment-46' address='146 Commercial Way, Suite 200' shipment_date=datetime.datetime(2026, 8, 19, 16, 12, 34, 171928)
2026-08-17 16:18:44,024 - INFO - Request for book_shipment, external carrier service called successfully, order_id=order-shipment-46, request: order_id='order-shipment-46' address='146 Commercial Way, Suite 200' shipment_date=datetime.datetime(2026, 8, 19, 16, 12, 34, 171928)
2026-08-17 16:18:44,026 - INFO - Request for book_shipment successfully processed, request: order_id='order-shipment-46' address='146 Commercial Way, Suite 200' shipment_date=datetime.datetime(2026, 8, 19, 16, 12, 34, 171928), order_id=order-shipment-46, result: shipment_id='430d594e-c0fd-4980-8194-9b4b63d39791' tracking_id='e7b4091f-5a71-415b-952d-cc613cbd743b' total_input_tokens=0 total_output_tokens=0 total_llm_calls=0
2026-08-17 16:18:44,031 - INFO - Request for book_shipment, order_id=order-shipment-47, request: order_id='order-shipment-47' address='147 Commercial Way, Suite 200' shipment_date=datetime.datetime(2026, 8, 19, 16, 12, 34, 171928)
2026-08-17 16:18:44,231 - INFO - Request for book_shipment, external carrier service called successfully, order_id=order-shipment-47, request: order_id='order-shipment-47' address='147 Commercial Way, Suite 200' shipment_date=datetime.datetime(2026, 8, 19, 16, 12, 34, 171928)
2026-08-17 16:18:44,234 - INFO - Request for book_shipment successfully processed, request: order_id='order-shipment-47' address='147 Commercial Way, Suite 200' shipment_date=datetime.datetime(2026, 8, 19, 16, 12, 34, 171928), order_id=order-shipment-47, result: shipment_id='e7fdebe9-ae24-4a8c-a615-3325947a6428' tracking_id='9bac2fae-02a3-4af2-b629-6dfa4df9ce99' total_input_tokens=0 total_output_tokens=0 total_llm_calls=0
2026-08-17 16:18:44,240 - INFO - Request for book_shipment, order_id=order-shipment-48, request: order_id='order-shipment-48' address='148 Commercial Way, Suite 200' shipment_date=datetime.datetime(2026, 8, 19, 16, 12, 34, 171928)
2026-08-17 16:18:44,440 - INFO - Request for book_shipment, external carrier service called successfully, order_id=order-shipment-48, request: order_id='order-shipment-48' address='148 Commercial Way, Suite 200' shipment_date=datetime.datetime(2026, 8, 19, 16, 12, 34, 171928)
2026-08-17 16:18:44,442 - INFO - Request for book_shipment successfully processed, request: order_id='order-shipment-48' address='148 Commercial Way, Suite 200' shipment_date=datetime.datetime(2026, 8, 19, 16, 12, 34, 171928), order_id=order-shipment-48, result: shipment_id='6a6856b2-0b7d-4dab-874e-cd6390aaa43d' tracking_id='140a5dde-909e-4891-867e-bd8351599ce1' total_input_tokens=0 total_output_tokens=0 total_llm_calls=0
2026-08-17 16:18:44,447 - INFO - Request for book_shipment, order_id=order-shipment-49, request: order_id='order-shipment-49' address='149 Commercial Way, Suite 200' shipment_date=datetime.datetime(2026, 8, 19, 16, 12, 34, 171928)
2026-08-17 16:18:44,648 - INFO - Request for book_shipment, external carrier service called successfully, order_id=order-shipment-49, request: order_id='order-shipment-49' address='149 Commercial Way, Suite 200' shipment_date=datetime.datetime(2026, 8, 19, 16, 12, 34, 171928)
2026-08-17 16:18:44,649 - INFO - Request for book_shipment successfully processed, request: order_id='order-shipment-49' address='149 Commercial Way, Suite 200' shipment_date=datetime.datetime(2026, 8, 19, 16, 12, 34, 171928), order_id=order-shipment-49, result: shipment_id='59f9b87b-6f63-4c84-8b40-7b7a70c1b3bd' tracking_id='ca02df6c-48af-4129-8c43-bc697f0ee23d' total_input_tokens=0 total_output_tokens=0 total_llm_calls=0
2026-08-17 16:18:44,653 - INFO - Request for book_shipment, order_id=order-shipment-50, request: order_id='order-shipment-50' address='150 Commercial Way, Suite 200' shipment_date=datetime.datetime(2026, 8, 19, 16, 12, 34, 171928)
2026-08-17 16:18:44,854 - INFO - Request for book_shipment, external carrier service called successfully, order_id=order-shipment-50, request: order_id='order-shipment-50' address='150 Commercial Way, Suite 200' shipment_date=datetime.datetime(2026, 8, 19, 16, 12, 34, 171928)
2026-08-17 16:18:44,857 - INFO - Request for book_shipment successfully processed, request: order_id='order-shipment-50' address='150 Commercial Way, Suite 200' shipment_date=datetime.datetime(2026, 8, 19, 16, 12, 34, 171928), order_id=order-shipment-50, result: shipment_id='8a75289a-9d10-4caa-b7c3-1267ca31f7ad' tracking_id='9fbfccc5-2b83-4a84-9c28-baf106cb5fa0' total_input_tokens=0 total_output_tokens=0 total_llm_calls=0
2026-08-17 16:18:44,863 - INFO - Request for book_shipment, order_id=order-shipment-51, request: order_id='order-shipment-51' address='151 Commercial Way, Suite 200' shipment_date=datetime.datetime(2026, 8, 19, 16, 12, 34, 171928)
2026-08-17 16:18:45,064 - INFO - Request for book_shipment, external carrier service called successfully, order_id=order-shipment-51, request: order_id='order-shipment-51' address='151 Commercial Way, Suite 200' shipment_date=datetime.datetime(2026, 8, 19, 16, 12, 34, 171928)
2026-08-17 16:18:45,066 - INFO - Request for book_shipment successfully processed, request: order_id='order-shipment-51' address='151 Commercial Way, Suite 200' shipment_date=datetime.datetime(2026, 8, 19, 16, 12, 34, 171928), order_id=order-shipment-51, result: shipment_id='8c475a8c-c804-4b84-b79e-b8de36df5e1f' tracking_id='ab71ab89-5bce-452b-b945-c492928aebcd' total_input_tokens=0 total_output_tokens=0 total_llm_calls=0
2026-08-17 16:18:45,071 - INFO - Request for book_shipment, order_id=order-shipment-52, request: order_id='order-shipment-52' address='152 Commercial Way, Suite 200' shipment_date=datetime.datetime(2026, 8, 19, 16, 12, 34, 171928)
2026-08-17 16:18:45,272 - INFO - Request for book_shipment, external carrier service called successfully, order_id=order-shipment-52, request: order_id='order-shipment-52' address='152 Commercial Way, Suite 200' shipment_date=datetime.datetime(2026, 8, 19, 16, 12, 34, 171928)
2026-08-17 16:18:45,274 - INFO - Request for book_shipment successfully processed, request: order_id='order-shipment-52' address='152 Commercial Way, Suite 200' shipment_date=datetime.datetime(2026, 8, 19, 16, 12, 34, 171928), order_id=order-shipment-52, result: shipment_id='a530308b-a0a4-4f94-a1df-1a39993d7a35' tracking_id='cb266a7f-5dd1-425e-9b64-1a07292b0c59' total_input_tokens=0 total_output_tokens=0 total_llm_calls=0
2026-08-17 16:18:45,281 - INFO - Request for book_shipment, order_id=order-shipment-53, request: order_id='order-shipment-53' address='153 Commercial Way, Suite 200' shipment_date=datetime.datetime(2026, 8, 19, 16, 12, 34, 171928)
2026-08-17 16:18:45,481 - INFO - Request for book_shipment, external carrier service called successfully, order_id=order-shipment-53, request: order_id='order-shipment-53' address='153 Commercial Way, Suite 200' shipment_date=datetime.datetime(2026, 8, 19, 16, 12, 34, 171928)
2026-08-17 16:18:45,484 - INFO - Request for book_shipment successfully processed, request: order_id='order-shipment-53' address='153 Commercial Way, Suite 200' shipment_date=datetime.datetime(2026, 8, 19, 16, 12, 34, 171928), order_id=order-shipment-53, result: shipment_id='be7b9b92-0416-4e7d-a013-8c44664e3d4c' tracking_id='f0ef336f-f044-472b-9ae8-0265c034532e' total_input_tokens=0 total_output_tokens=0 total_llm_calls=0
2026-08-17 16:18:45,491 - INFO - Request for book_shipment, order_id=order-shipment-54, request: order_id='order-shipment-54' address='154 Commercial Way, Suite 200' shipment_date=datetime.datetime(2026, 8, 19, 16, 12, 34, 171928)
2026-08-17 16:18:45,692 - INFO - Request for book_shipment, external carrier service called successfully, order_id=order-shipment-54, request: order_id='order-shipment-54' address='154 Commercial Way, Suite 200' shipment_date=datetime.datetime(2026, 8, 19, 16, 12, 34, 171928)
2026-08-17 16:18:45,694 - INFO - Request for book_shipment successfully processed, request: order_id='order-shipment-54' address='154 Commercial Way, Suite 200' shipment_date=datetime.datetime(2026, 8, 19, 16, 12, 34, 171928), order_id=order-shipment-54, result: shipment_id='9d6b2cb3-862b-459c-9fb8-98e4b5ef81b7' tracking_id='b1d55907-303c-4874-89e3-b23026f7a9ca' total_input_tokens=0 total_output_tokens=0 total_llm_calls=0
2026-08-17 16:18:45,702 - INFO - Request for book_shipment, order_id=order-shipment-55, request: order_id='order-shipment-55' address='155 Commercial Way, Suite 200' shipment_date=datetime.datetime(2026, 8, 19, 16, 12, 34, 171928)
2026-08-17 16:18:45,903 - INFO - Request for book_shipment, external carrier service called successfully, order_id=order-shipment-55, request: order_id='order-shipment-55' address='155 Commercial Way, Suite 200' shipment_date=datetime.datetime(2026, 8, 19, 16, 12, 34, 171928)
2026-08-17 16:18:45,906 - INFO - Request for book_shipment successfully processed, request: order_id='order-shipment-55' address='155 Commercial Way, Suite 200' shipment_date=datetime.datetime(2026, 8, 19, 16, 12, 34, 171928), order_id=order-shipment-55, result: shipment_id='521f5b29-02c7-41ec-8205-d1a8cc477df3' tracking_id='79dd9745-f5d5-470e-8593-d597c07f1eb0' total_input_tokens=0 total_output_tokens=0 total_llm_calls=0
2026-08-17 16:18:45,914 - INFO - Request for book_shipment, order_id=order-shipment-56, request: order_id='order-shipment-56' address='156 Commercial Way, Suite 200' shipment_date=datetime.datetime(2026, 8, 19, 16, 12, 34, 171928)
2026-08-17 16:18:46,115 - INFO - Request for book_shipment, external carrier service called successfully, order_id=order-shipment-56, request: order_id='order-shipment-56' address='156 Commercial Way, Suite 200' shipment_date=datetime.datetime(2026, 8, 19, 16, 12, 34, 171928)
2026-08-17 16:18:46,118 - INFO - Request for book_shipment successfully processed, request: order_id='order-shipment-56' address='156 Commercial Way, Suite 200' shipment_date=datetime.datetime(2026, 8, 19, 16, 12, 34, 171928), order_id=order-shipment-56, result: shipment_id='fbe9544e-910d-4734-bcc7-5ccb3587dda8' tracking_id='e74e3d85-5fac-41b8-88e5-ae4059640a32' total_input_tokens=0 total_output_tokens=0 total_llm_calls=0
2026-08-17 16:18:46,125 - INFO - Request for book_shipment, order_id=order-shipment-57, request: order_id='order-shipment-57' address='157 Commercial Way, Suite 200' shipment_date=datetime.datetime(2026, 8, 19, 16, 12, 34, 171928)
2026-08-17 16:18:46,326 - INFO - Request for book_shipment, external carrier service called successfully, order_id=order-shipment-57, request: order_id='order-shipment-57' address='157 Commercial Way, Suite 200' shipment_date=datetime.datetime(2026, 8, 19, 16, 12, 34, 171928)
2026-08-17 16:18:46,328 - INFO - Request for book_shipment successfully processed, request: order_id='order-shipment-57' address='157 Commercial Way, Suite 200' shipment_date=datetime.datetime(2026, 8, 19, 16, 12, 34, 171928), order_id=order-shipment-57, result: shipment_id='f7b7f91c-9027-48f6-b3a5-7be1dbdb505c' tracking_id='9e09e867-a671-45bb-97bb-12ff2ac002eb' total_input_tokens=0 total_output_tokens=0 total_llm_calls=0
2026-08-17 16:18:46,335 - INFO - Request for book_shipment, order_id=order-shipment-58, request: order_id='order-shipment-58' address='158 Commercial Way, Suite 200' shipment_date=datetime.datetime(2026, 8, 19, 16, 12, 34, 171928)
2026-08-17 16:18:46,536 - INFO - Request for book_shipment, external carrier service called successfully, order_id=order-shipment-58, request: order_id='order-shipment-58' address='158 Commercial Way, Suite 200' shipment_date=datetime.datetime(2026, 8, 19, 16, 12, 34, 171928)
2026-08-17 16:18:46,538 - INFO - Request for book_shipment successfully processed, request: order_id='order-shipment-58' address='158 Commercial Way, Suite 200' shipment_date=datetime.datetime(2026, 8, 19, 16, 12, 34, 171928), order_id=order-shipment-58, result: shipment_id='2a4fa473-ecce-4735-9e22-62853ac5d1f7' tracking_id='49de9c1f-6dcd-4c81-948c-bcb72e0d0ba6' total_input_tokens=0 total_output_tokens=0 total_llm_calls=0
2026-08-17 16:18:46,544 - INFO - Request for book_shipment, order_id=order-shipment-59, request: order_id='order-shipment-59' address='159 Commercial Way, Suite 200' shipment_date=datetime.datetime(2026, 8, 19, 16, 12, 34, 171928)
2026-08-17 16:18:46,745 - INFO - Request for book_shipment, external carrier service called successfully, order_id=order-shipment-59, request: order_id='order-shipment-59' address='159 Commercial Way, Suite 200' shipment_date=datetime.datetime(2026, 8, 19, 16, 12, 34, 171928)
2026-08-17 16:18:46,755 - INFO - Request for book_shipment successfully processed, request: order_id='order-shipment-59' address='159 Commercial Way, Suite 200' shipment_date=datetime.datetime(2026, 8, 19, 16, 12, 34, 171928), order_id=order-shipment-59, result: shipment_id='b10d971d-5b6f-4760-b993-02a2ed5e7634' tracking_id='8f7f7289-1e72-4ff4-9a4a-e7d9980bef00' total_input_tokens=0 total_output_tokens=0 total_llm_calls=0
2026-08-17 16:18:46,769 - INFO - Request for book_shipment, order_id=order-shipment-60, request: order_id='order-shipment-60' address='160 Commercial Way, Suite 200' shipment_date=datetime.datetime(2026, 8, 19, 16, 12, 34, 171928)
2026-08-17 16:18:46,969 - INFO - Request for book_shipment, external carrier service called successfully, order_id=order-shipment-60, request: order_id='order-shipment-60' address='160 Commercial Way, Suite 200' shipment_date=datetime.datetime(2026, 8, 19, 16, 12, 34, 171928)
2026-08-17 16:18:46,970 - INFO - Request for book_shipment successfully processed, request: order_id='order-shipment-60' address='160 Commercial Way, Suite 200' shipment_date=datetime.datetime(2026, 8, 19, 16, 12, 34, 171928), order_id=order-shipment-60, result: shipment_id='bdb78f91-6d3f-4bb4-9a36-59a4a024732d' tracking_id='9f4ab85a-c808-4114-853d-73335cd180fe' total_input_tokens=0 total_output_tokens=0 total_llm_calls=0
2026-08-17 16:18:46,974 - INFO - Request for book_shipment, order_id=order-shipment-61, request: order_id='order-shipment-61' address='161 Commercial Way, Suite 200' shipment_date=datetime.datetime(2026, 8, 19, 16, 12, 34, 171928)
2026-08-17 16:18:47,174 - INFO - Request for book_shipment, external carrier service called successfully, order_id=order-shipment-61, request: order_id='order-shipment-61' address='161 Commercial Way, Suite 200' shipment_date=datetime.datetime(2026, 8, 19, 16, 12, 34, 171928)
2026-08-17 16:18:47,176 - INFO - Request for book_shipment successfully processed, request: order_id='order-shipment-61' address='161 Commercial Way, Suite 200' shipment_date=datetime.datetime(2026, 8, 19, 16, 12, 34, 171928), order_id=order-shipment-61, result: shipment_id='6ea37628-774c-474c-b384-919bed0c594f' tracking_id='8f06d5dd-6900-4416-b311-abf1df2ee1e0' total_input_tokens=0 total_output_tokens=0 total_llm_calls=0
2026-08-17 16:18:47,181 - INFO - Request for book_shipment, order_id=order-shipment-62, request: order_id='order-shipment-62' address='162 Commercial Way, Suite 200' shipment_date=datetime.datetime(2026, 8, 19, 16, 12, 34, 171928)
2026-08-17 16:18:47,381 - INFO - Request for book_shipment, external carrier service called successfully, order_id=order-shipment-62, request: order_id='order-shipment-62' address='162 Commercial Way, Suite 200' shipment_date=datetime.datetime(2026, 8, 19, 16, 12, 34, 171928)
2026-08-17 16:18:47,384 - INFO - Request for book_shipment successfully processed, request: order_id='order-shipment-62' address='162 Commercial Way, Suite 200' shipment_date=datetime.datetime(2026, 8, 19, 16, 12, 34, 171928), order_id=order-shipment-62, result: shipment_id='45a6b456-0fcd-4a03-ae21-484b044614be' tracking_id='67a983f9-6fb1-4c4d-a905-bc38262539e6' total_input_tokens=0 total_output_tokens=0 total_llm_calls=0
2026-08-17 16:18:47,391 - INFO - Request for book_shipment, order_id=order-shipment-63, request: order_id='order-shipment-63' address='163 Commercial Way, Suite 200' shipment_date=datetime.datetime(2026, 8, 19, 16, 12, 34, 171928)
2026-08-17 16:18:47,592 - INFO - Request for book_shipment, external carrier service called successfully, order_id=order-shipment-63, request: order_id='order-shipment-63' address='163 Commercial Way, Suite 200' shipment_date=datetime.datetime(2026, 8, 19, 16, 12, 34, 171928)
2026-08-17 16:18:47,594 - INFO - Request for book_shipment successfully processed, request: order_id='order-shipment-63' address='163 Commercial Way, Suite 200' shipment_date=datetime.datetime(2026, 8, 19, 16, 12, 34, 171928), order_id=order-shipment-63, result: shipment_id='84537693-6ec1-4d58-84e4-e91120934f95' tracking_id='8dcba530-6b14-451f-9393-ff19cbb17aa5' total_input_tokens=0 total_output_tokens=0 total_llm_calls=0
2026-08-17 16:18:47,600 - INFO - Request for book_shipment, order_id=order-shipment-64, request: order_id='order-shipment-64' address='164 Commercial Way, Suite 200' shipment_date=datetime.datetime(2026, 8, 19, 16, 12, 34, 171928)
2026-08-17 16:18:47,801 - INFO - Request for book_shipment, external carrier service called successfully, order_id=order-shipment-64, request: order_id='order-shipment-64' address='164 Commercial Way, Suite 200' shipment_date=datetime.datetime(2026, 8, 19, 16, 12, 34, 171928)
2026-08-17 16:18:47,804 - INFO - Request for book_shipment successfully processed, request: order_id='order-shipment-64' address='164 Commercial Way, Suite 200' shipment_date=datetime.datetime(2026, 8, 19, 16, 12, 34, 171928), order_id=order-shipment-64, result: shipment_id='bab47102-9856-4135-9d19-6ab62214996e' tracking_id='c22f797c-ea3d-4690-b103-6a8e8759fcd8' total_input_tokens=0 total_output_tokens=0 total_llm_calls=0
2026-08-17 16:18:47,812 - INFO - Request for book_shipment, order_id=order-shipment-65, request: order_id='order-shipment-65' address='165 Commercial Way, Suite 200' shipment_date=datetime.datetime(2026, 8, 19, 16, 12, 34, 171928)
2026-08-17 16:18:48,013 - INFO - Request for book_shipment, external carrier service called successfully, order_id=order-shipment-65, request: order_id='order-shipment-65' address='165 Commercial Way, Suite 200' shipment_date=datetime.datetime(2026, 8, 19, 16, 12, 34, 171928)
2026-08-17 16:18:48,016 - INFO - Request for book_shipment successfully processed, request: order_id='order-shipment-65' address='165 Commercial Way, Suite 200' shipment_date=datetime.datetime(2026, 8, 19, 16, 12, 34, 171928), order_id=order-shipment-65, result: shipment_id='c8c9e4a3-ceed-462f-a1ca-bd23d6f52f07' tracking_id='c5337002-1f97-4544-830b-bb455c73b48e' total_input_tokens=0 total_output_tokens=0 total_llm_calls=0
2026-08-17 16:18:48,023 - INFO - Request for book_shipment, order_id=order-shipment-66, request: order_id='order-shipment-66' address='166 Commercial Way, Suite 200' shipment_date=datetime.datetime(2026, 8, 19, 16, 12, 34, 171928)
2026-08-17 16:18:48,224 - INFO - Request for book_shipment, external carrier service called successfully, order_id=order-shipment-66, request: order_id='order-shipment-66' address='166 Commercial Way, Suite 200' shipment_date=datetime.datetime(2026, 8, 19, 16, 12, 34, 171928)
2026-08-17 16:18:48,226 - INFO - Request for book_shipment successfully processed, request: order_id='order-shipment-66' address='166 Commercial Way, Suite 200' shipment_date=datetime.datetime(2026, 8, 19, 16, 12, 34, 171928), order_id=order-shipment-66, result: shipment_id='25be6939-3450-4c5a-be69-d7be32c09cf6' tracking_id='61ae60e5-3bef-432f-99ba-2e0b9c5da5b1' total_input_tokens=0 total_output_tokens=0 total_llm_calls=0
2026-08-17 16:18:48,231 - INFO - Request for book_shipment, order_id=order-shipment-67, request: order_id='order-shipment-67' address='167 Commercial Way, Suite 200' shipment_date=datetime.datetime(2026, 8, 19, 16, 12, 34, 171928)
2026-08-17 16:18:48,431 - INFO - Request for book_shipment, external carrier service called successfully, order_id=order-shipment-67, request: order_id='order-shipment-67' address='167 Commercial Way, Suite 200' shipment_date=datetime.datetime(2026, 8, 19, 16, 12, 34, 171928)
2026-08-17 16:18:48,434 - INFO - Request for book_shipment successfully processed, request: order_id='order-shipment-67' address='167 Commercial Way, Suite 200' shipment_date=datetime.datetime(2026, 8, 19, 16, 12, 34, 171928), order_id=order-shipment-67, result: shipment_id='8a339746-205b-49ab-8138-d63ea4238e44' tracking_id='f05eef71-f2eb-4e7f-bca6-124535f4008f' total_input_tokens=0 total_output_tokens=0 total_llm_calls=0
2026-08-17 16:18:48,441 - INFO - Request for book_shipment, order_id=order-shipment-68, request: order_id='order-shipment-68' address='168 Commercial Way, Suite 200' shipment_date=datetime.datetime(2026, 8, 19, 16, 12, 34, 171928)
2026-08-17 16:18:48,641 - INFO - Request for book_shipment, external carrier service called successfully, order_id=order-shipment-68, request: order_id='order-shipment-68' address='168 Commercial Way, Suite 200' shipment_date=datetime.datetime(2026, 8, 19, 16, 12, 34, 171928)
2026-08-17 16:18:48,643 - INFO - Request for book_shipment successfully processed, request: order_id='order-shipment-68' address='168 Commercial Way, Suite 200' shipment_date=datetime.datetime(2026, 8, 19, 16, 12, 34, 171928), order_id=order-shipment-68, result: shipment_id='331acc8c-6745-4931-be16-1f3c3b3813dd' tracking_id='b6524d3a-8d14-40d1-8cd1-15ef055f7c19' total_input_tokens=0 total_output_tokens=0 total_llm_calls=0
2026-08-17 16:18:48,649 - INFO - Request for book_shipment, order_id=order-shipment-69, request: order_id='order-shipment-69' address='169 Commercial Way, Suite 200' shipment_date=datetime.datetime(2026, 8, 19, 16, 12, 34, 171928)
2026-08-17 16:18:48,850 - INFO - Request for book_shipment, external carrier service called successfully, order_id=order-shipment-69, request: order_id='order-shipment-69' address='169 Commercial Way, Suite 200' shipment_date=datetime.datetime(2026, 8, 19, 16, 12, 34, 171928)
2026-08-17 16:18:48,852 - INFO - Request for book_shipment successfully processed, request: order_id='order-shipment-69' address='169 Commercial Way, Suite 200' shipment_date=datetime.datetime(2026, 8, 19, 16, 12, 34, 171928), order_id=order-shipment-69, result: shipment_id='c705d357-1428-4362-8efb-bf5bb4b132e7' tracking_id='c2df6123-0e5c-4100-9ba3-afdf79fa9bcf' total_input_tokens=0 total_output_tokens=0 total_llm_calls=0
2026-08-17 16:18:48,859 - INFO - Request for book_shipment, order_id=order-shipment-70, request: order_id='order-shipment-70' address='170 Commercial Way, Suite 200' shipment_date=datetime.datetime(2026, 8, 19, 16, 12, 34, 171928)
2026-08-17 16:18:49,060 - INFO - Request for book_shipment, external carrier service called successfully, order_id=order-shipment-70, request: order_id='order-shipment-70' address='170 Commercial Way, Suite 200' shipment_date=datetime.datetime(2026, 8, 19, 16, 12, 34, 171928)
2026-08-17 16:18:49,062 - INFO - Request for book_shipment successfully processed, request: order_id='order-shipment-70' address='170 Commercial Way, Suite 200' shipment_date=datetime.datetime(2026, 8, 19, 16, 12, 34, 171928), order_id=order-shipment-70, result: shipment_id='aa9a0a9a-9605-45b7-b752-6a3c01597bc7' tracking_id='b1a46fd5-97d4-42ae-8f28-2f33d5bb6813' total_input_tokens=0 total_output_tokens=0 total_llm_calls=0
2026-08-17 16:18:49,067 - INFO - Request for book_shipment, order_id=order-shipment-71, request: order_id='order-shipment-71' address='171 Commercial Way, Suite 200' shipment_date=datetime.datetime(2026, 8, 19, 16, 12, 34, 171928)
2026-08-17 16:18:49,267 - INFO - Request for book_shipment, external carrier service called successfully, order_id=order-shipment-71, request: order_id='order-shipment-71' address='171 Commercial Way, Suite 200' shipment_date=datetime.datetime(2026, 8, 19, 16, 12, 34, 171928)
2026-08-17 16:18:49,269 - INFO - Request for book_shipment successfully processed, request: order_id='order-shipment-71' address='171 Commercial Way, Suite 200' shipment_date=datetime.datetime(2026, 8, 19, 16, 12, 34, 171928), order_id=order-shipment-71, result: shipment_id='48f7bcfb-4378-4457-8537-9e612ebfe7b5' tracking_id='8cdc5e87-0c7f-4629-9a81-2c38e7adf69e' total_input_tokens=0 total_output_tokens=0 total_llm_calls=0
2026-08-17 16:18:49,275 - INFO - Request for book_shipment, order_id=order-shipment-72, request: order_id='order-shipment-72' address='172 Commercial Way, Suite 200' shipment_date=datetime.datetime(2026, 8, 19, 16, 12, 34, 171928)
2026-08-17 16:18:49,476 - INFO - Request for book_shipment, external carrier service called successfully, order_id=order-shipment-72, request: order_id='order-shipment-72' address='172 Commercial Way, Suite 200' shipment_date=datetime.datetime(2026, 8, 19, 16, 12, 34, 171928)
2026-08-17 16:18:49,478 - INFO - Request for book_shipment successfully processed, request: order_id='order-shipment-72' address='172 Commercial Way, Suite 200' shipment_date=datetime.datetime(2026, 8, 19, 16, 12, 34, 171928), order_id=order-shipment-72, result: shipment_id='3399eac9-f0b3-4dbd-8b0e-7bb3285db69b' tracking_id='49ee47c3-caa7-4a23-9f60-3ebf8415b77d' total_input_tokens=0 total_output_tokens=0 total_llm_calls=0
2026-08-17 16:18:49,484 - INFO - Request for book_shipment, order_id=order-shipment-73, request: order_id='order-shipment-73' address='173 Commercial Way, Suite 200' shipment_date=datetime.datetime(2026, 8, 19, 16, 12, 34, 171928)
2026-08-17 16:18:49,685 - INFO - Request for book_shipment, external carrier service called successfully, order_id=order-shipment-73, request: order_id='order-shipment-73' address='173 Commercial Way, Suite 200' shipment_date=datetime.datetime(2026, 8, 19, 16, 12, 34, 171928)
2026-08-17 16:18:49,687 - INFO - Request for book_shipment successfully processed, request: order_id='order-shipment-73' address='173 Commercial Way, Suite 200' shipment_date=datetime.datetime(2026, 8, 19, 16, 12, 34, 171928), order_id=order-shipment-73, result: shipment_id='7c3e1830-7c74-4b0a-8247-69cb49711d65' tracking_id='a100320d-6d7a-48b9-93d2-c8bd64888a46' total_input_tokens=0 total_output_tokens=0 total_llm_calls=0
2026-08-17 16:18:49,694 - INFO - Request for book_shipment, order_id=order-shipment-74, request: order_id='order-shipment-74' address='174 Commercial Way, Suite 200' shipment_date=datetime.datetime(2026, 8, 19, 16, 12, 34, 171928)
2026-08-17 16:18:49,895 - INFO - Request for book_shipment, external carrier service called successfully, order_id=order-shipment-74, request: order_id='order-shipment-74' address='174 Commercial Way, Suite 200' shipment_date=datetime.datetime(2026, 8, 19, 16, 12, 34, 171928)
2026-08-17 16:18:49,898 - INFO - Request for book_shipment successfully processed, request: order_id='order-shipment-74' address='174 Commercial Way, Suite 200' shipment_date=datetime.datetime(2026, 8, 19, 16, 12, 34, 171928), order_id=order-shipment-74, result: shipment_id='2d3b44a5-b1cf-44bc-8138-40e76eaaaafc' tracking_id='89a9ab76-e3d3-41db-9b0e-a98e4b315463' total_input_tokens=0 total_output_tokens=0 total_llm_calls=0
2026-08-17 16:18:49,906 - INFO - Request for book_shipment, order_id=order-shipment-75, request: order_id='order-shipment-75' address='175 Commercial Way, Suite 200' shipment_date=datetime.datetime(2026, 8, 19, 16, 12, 34, 171928)
2026-08-17 16:18:50,107 - INFO - Request for book_shipment, external carrier service called successfully, order_id=order-shipment-75, request: order_id='order-shipment-75' address='175 Commercial Way, Suite 200' shipment_date=datetime.datetime(2026, 8, 19, 16, 12, 34, 171928)
2026-08-17 16:18:50,109 - INFO - Request for book_shipment successfully processed, request: order_id='order-shipment-75' address='175 Commercial Way, Suite 200' shipment_date=datetime.datetime(2026, 8, 19, 16, 12, 34, 171928), order_id=order-shipment-75, result: shipment_id='477d10b6-3145-4b2f-8514-4d7d95d3dfcd' tracking_id='1e9cf671-8af1-44f1-9282-80acdcf61fa8' total_input_tokens=0 total_output_tokens=0 total_llm_calls=0
2026-08-17 16:18:50,116 - INFO - Request for book_shipment, order_id=order-shipment-76, request: order_id='order-shipment-76' address='176 Commercial Way, Suite 200' shipment_date=datetime.datetime(2026, 8, 19, 16, 12, 34, 171928)
2026-08-17 16:18:50,316 - INFO - Request for book_shipment, external carrier service called successfully, order_id=order-shipment-76, request: order_id='order-shipment-76' address='176 Commercial Way, Suite 200' shipment_date=datetime.datetime(2026, 8, 19, 16, 12, 34, 171928)
2026-08-17 16:18:50,319 - INFO - Request for book_shipment successfully processed, request: order_id='order-shipment-76' address='176 Commercial Way, Suite 200' shipment_date=datetime.datetime(2026, 8, 19, 16, 12, 34, 171928), order_id=order-shipment-76, result: shipment_id='5e83cca6-c337-433b-819d-15b5b80ab62a' tracking_id='49a8099a-495a-4013-93a8-fd708240fa46' total_input_tokens=0 total_output_tokens=0 total_llm_calls=0
2026-08-17 16:18:50,325 - INFO - Request for book_shipment, order_id=order-shipment-77, request: order_id='order-shipment-77' address='177 Commercial Way, Suite 200' shipment_date=datetime.datetime(2026, 8, 19, 16, 12, 34, 171928)
2026-08-17 16:18:50,526 - INFO - Request for book_shipment, external carrier service called successfully, order_id=order-shipment-77, request: order_id='order-shipment-77' address='177 Commercial Way, Suite 200' shipment_date=datetime.datetime(2026, 8, 19, 16, 12, 34, 171928)
2026-08-17 16:18:50,529 - INFO - Request for book_shipment successfully processed, request: order_id='order-shipment-77' address='177 Commercial Way, Suite 200' shipment_date=datetime.datetime(2026, 8, 19, 16, 12, 34, 171928), order_id=order-shipment-77, result: shipment_id='89b341f4-cf12-47d0-bef6-47639109d2d1' tracking_id='b6aa8b38-4d47-403e-b41e-7a9cfd4a0546' total_input_tokens=0 total_output_tokens=0 total_llm_calls=0
2026-08-17 16:18:50,536 - INFO - Request for book_shipment, order_id=order-shipment-78, request: order_id='order-shipment-78' address='178 Commercial Way, Suite 200' shipment_date=datetime.datetime(2026, 8, 19, 16, 12, 34, 171928)
2026-08-17 16:18:50,736 - INFO - Request for book_shipment, external carrier service called successfully, order_id=order-shipment-78, request: order_id='order-shipment-78' address='178 Commercial Way, Suite 200' shipment_date=datetime.datetime(2026, 8, 19, 16, 12, 34, 171928)
2026-08-17 16:18:50,738 - INFO - Request for book_shipment successfully processed, request: order_id='order-shipment-78' address='178 Commercial Way, Suite 200' shipment_date=datetime.datetime(2026, 8, 19, 16, 12, 34, 171928), order_id=order-shipment-78, result: shipment_id='df713564-fb5e-4545-a332-d23af2f90ffe' tracking_id='5aec39c8-e414-4f7b-9bc2-e47e882114ae' total_input_tokens=0 total_output_tokens=0 total_llm_calls=0
2026-08-17 16:18:50,744 - INFO - Request for book_shipment, order_id=order-shipment-79, request: order_id='order-shipment-79' address='179 Commercial Way, Suite 200' shipment_date=datetime.datetime(2026, 8, 19, 16, 12, 34, 171928)
2026-08-17 16:18:50,945 - INFO - Request for book_shipment, external carrier service called successfully, order_id=order-shipment-79, request: order_id='order-shipment-79' address='179 Commercial Way, Suite 200' shipment_date=datetime.datetime(2026, 8, 19, 16, 12, 34, 171928)
2026-08-17 16:18:50,947 - INFO - Request for book_shipment successfully processed, request: order_id='order-shipment-79' address='179 Commercial Way, Suite 200' shipment_date=datetime.datetime(2026, 8, 19, 16, 12, 34, 171928), order_id=order-shipment-79, result: shipment_id='4bbb586c-14c1-4069-8b23-254d9332865f' tracking_id='7a6ea844-be5c-40a8-8fcc-0fbc867c199c' total_input_tokens=0 total_output_tokens=0 total_llm_calls=0
2026-08-17 16:18:50,953 - INFO - Request for book_shipment, order_id=order-shipment-80, request: order_id='order-shipment-80' address='180 Commercial Way, Suite 200' shipment_date=datetime.datetime(2026, 8, 19, 16, 12, 34, 171928)
2026-08-17 16:18:51,154 - INFO - Request for book_shipment, external carrier service called successfully, order_id=order-shipment-80, request: order_id='order-shipment-80' address='180 Commercial Way, Suite 200' shipment_date=datetime.datetime(2026, 8, 19, 16, 12, 34, 171928)
2026-08-17 16:18:51,156 - INFO - Request for book_shipment successfully processed, request: order_id='order-shipment-80' address='180 Commercial Way, Suite 200' shipment_date=datetime.datetime(2026, 8, 19, 16, 12, 34, 171928), order_id=order-shipment-80, result: shipment_id='4a27688b-f8f3-4b28-b99a-7916bd12d976' tracking_id='a0c58f90-ba5f-40a0-9849-15cdbad0b34f' total_input_tokens=0 total_output_tokens=0 total_llm_calls=0
2026-08-17 16:18:51,160 - INFO - Request for book_shipment, order_id=order-shipment-81, request: order_id='order-shipment-81' address='181 Commercial Way, Suite 200' shipment_date=datetime.datetime(2026, 8, 19, 16, 12, 34, 171928)
2026-08-17 16:18:51,361 - INFO - Request for book_shipment, external carrier service called successfully, order_id=order-shipment-81, request: order_id='order-shipment-81' address='181 Commercial Way, Suite 200' shipment_date=datetime.datetime(2026, 8, 19, 16, 12, 34, 171928)
2026-08-17 16:18:51,363 - INFO - Request for book_shipment successfully processed, request: order_id='order-shipment-81' address='181 Commercial Way, Suite 200' shipment_date=datetime.datetime(2026, 8, 19, 16, 12, 34, 171928), order_id=order-shipment-81, result: shipment_id='713d06af-88bb-48b7-830b-8ed47128d0b7' tracking_id='490344c4-1696-4a49-96d8-2214ed1117e9' total_input_tokens=0 total_output_tokens=0 total_llm_calls=0
2026-08-17 16:18:51,369 - INFO - Request for book_shipment, order_id=order-shipment-82, request: order_id='order-shipment-82' address='182 Commercial Way, Suite 200' shipment_date=datetime.datetime(2026, 8, 19, 16, 12, 34, 171928)
2026-08-17 16:18:51,569 - INFO - Request for book_shipment, external carrier service called successfully, order_id=order-shipment-82, request: order_id='order-shipment-82' address='182 Commercial Way, Suite 200' shipment_date=datetime.datetime(2026, 8, 19, 16, 12, 34, 171928)
2026-08-17 16:18:51,571 - INFO - Request for book_shipment successfully processed, request: order_id='order-shipment-82' address='182 Commercial Way, Suite 200' shipment_date=datetime.datetime(2026, 8, 19, 16, 12, 34, 171928), order_id=order-shipment-82, result: shipment_id='e060a12e-6001-41d2-8773-c3add12faf62' tracking_id='d3681aa9-d3b8-44b6-aa80-baefbab3d1ab' total_input_tokens=0 total_output_tokens=0 total_llm_calls=0
2026-08-17 16:18:51,576 - INFO - Request for book_shipment, order_id=order-shipment-83, request: order_id='order-shipment-83' address='183 Commercial Way, Suite 200' shipment_date=datetime.datetime(2026, 8, 19, 16, 12, 34, 171928)
2026-08-17 16:18:51,777 - INFO - Request for book_shipment, external carrier service called successfully, order_id=order-shipment-83, request: order_id='order-shipment-83' address='183 Commercial Way, Suite 200' shipment_date=datetime.datetime(2026, 8, 19, 16, 12, 34, 171928)
2026-08-17 16:18:51,779 - INFO - Request for book_shipment successfully processed, request: order_id='order-shipment-83' address='183 Commercial Way, Suite 200' shipment_date=datetime.datetime(2026, 8, 19, 16, 12, 34, 171928), order_id=order-shipment-83, result: shipment_id='be67b683-bac1-40b8-a4e5-21f2827c85bb' tracking_id='dacb3d74-66d9-4c3d-9348-cc6dd0219b53' total_input_tokens=0 total_output_tokens=0 total_llm_calls=0
2026-08-17 16:18:51,785 - INFO - Request for book_shipment, order_id=order-shipment-84, request: order_id='order-shipment-84' address='184 Commercial Way, Suite 200' shipment_date=datetime.datetime(2026, 8, 19, 16, 12, 34, 171928)
2026-08-17 16:18:51,985 - INFO - Request for book_shipment, external carrier service called successfully, order_id=order-shipment-84, request: order_id='order-shipment-84' address='184 Commercial Way, Suite 200' shipment_date=datetime.datetime(2026, 8, 19, 16, 12, 34, 171928)
2026-08-17 16:18:51,987 - INFO - Request for book_shipment successfully processed, request: order_id='order-shipment-84' address='184 Commercial Way, Suite 200' shipment_date=datetime.datetime(2026, 8, 19, 16, 12, 34, 171928), order_id=order-shipment-84, result: shipment_id='1e8ef77d-a02c-4470-a4fa-2e5fb9e84f0c' tracking_id='bc79569b-66cb-4453-81bc-9da7bf3b1ac6' total_input_tokens=0 total_output_tokens=0 total_llm_calls=0
2026-08-17 16:18:51,992 - INFO - Request for book_shipment, order_id=order-shipment-85, request: order_id='order-shipment-85' address='185 Commercial Way, Suite 200' shipment_date=datetime.datetime(2026, 8, 19, 16, 12, 34, 171928)
2026-08-17 16:18:52,193 - INFO - Request for book_shipment, external carrier service called successfully, order_id=order-shipment-85, request: order_id='order-shipment-85' address='185 Commercial Way, Suite 200' shipment_date=datetime.datetime(2026, 8, 19, 16, 12, 34, 171928)
2026-08-17 16:18:52,195 - INFO - Request for book_shipment successfully processed, request: order_id='order-shipment-85' address='185 Commercial Way, Suite 200' shipment_date=datetime.datetime(2026, 8, 19, 16, 12, 34, 171928), order_id=order-shipment-85, result: shipment_id='13755c1d-8b28-4f20-8ef5-0c127c42e36b' tracking_id='005243a1-116d-4800-89af-a4adc15298d0' total_input_tokens=0 total_output_tokens=0 total_llm_calls=0
2026-08-17 16:18:52,202 - INFO - Request for book_shipment, order_id=order-shipment-86, request: order_id='order-shipment-86' address='186 Commercial Way, Suite 200' shipment_date=datetime.datetime(2026, 8, 19, 16, 12, 34, 171928)
2026-08-17 16:18:52,402 - INFO - Request for book_shipment, external carrier service called successfully, order_id=order-shipment-86, request: order_id='order-shipment-86' address='186 Commercial Way, Suite 200' shipment_date=datetime.datetime(2026, 8, 19, 16, 12, 34, 171928)
2026-08-17 16:18:52,407 - INFO - Request for book_shipment successfully processed, request: order_id='order-shipment-86' address='186 Commercial Way, Suite 200' shipment_date=datetime.datetime(2026, 8, 19, 16, 12, 34, 171928), order_id=order-shipment-86, result: shipment_id='96a6cbed-f7c3-4ad4-b07d-b72617174d79' tracking_id='7a01d846-b6f0-41bd-9239-8801c3301733' total_input_tokens=0 total_output_tokens=0 total_llm_calls=0
2026-08-17 16:18:52,416 - INFO - Request for book_shipment, order_id=order-shipment-87, request: order_id='order-shipment-87' address='187 Commercial Way, Suite 200' shipment_date=datetime.datetime(2026, 8, 19, 16, 12, 34, 171928)
2026-08-17 16:18:52,619 - INFO - Request for book_shipment, external carrier service called successfully, order_id=order-shipment-87, request: order_id='order-shipment-87' address='187 Commercial Way, Suite 200' shipment_date=datetime.datetime(2026, 8, 19, 16, 12, 34, 171928)
2026-08-17 16:18:52,621 - INFO - Request for book_shipment successfully processed, request: order_id='order-shipment-87' address='187 Commercial Way, Suite 200' shipment_date=datetime.datetime(2026, 8, 19, 16, 12, 34, 171928), order_id=order-shipment-87, result: shipment_id='3ba7fdb9-c194-4b4f-9b78-eeecb21ef9f6' tracking_id='5a3b9660-76ce-44b9-82ca-9bd75f6ed6c4' total_input_tokens=0 total_output_tokens=0 total_llm_calls=0
2026-08-17 16:18:52,624 - INFO - Request for book_shipment, order_id=order-shipment-88, request: order_id='order-shipment-88' address='188 Commercial Way, Suite 200' shipment_date=datetime.datetime(2026, 8, 19, 16, 12, 34, 171928)
2026-08-17 16:18:52,825 - INFO - Request for book_shipment, external carrier service called successfully, order_id=order-shipment-88, request: order_id='order-shipment-88' address='188 Commercial Way, Suite 200' shipment_date=datetime.datetime(2026, 8, 19, 16, 12, 34, 171928)
2026-08-17 16:18:52,829 - INFO - Request for book_shipment successfully processed, request: order_id='order-shipment-88' address='188 Commercial Way, Suite 200' shipment_date=datetime.datetime(2026, 8, 19, 16, 12, 34, 171928), order_id=order-shipment-88, result: shipment_id='4a5495ce-45a1-4ce1-ab68-a43febb1cb72' tracking_id='9e9b176d-72f8-4fa1-a445-2c2cbf5b32a8' total_input_tokens=0 total_output_tokens=0 total_llm_calls=0
2026-08-17 16:18:52,840 - INFO - Request for book_shipment, order_id=order-shipment-89, request: order_id='order-shipment-89' address='189 Commercial Way, Suite 200' shipment_date=datetime.datetime(2026, 8, 19, 16, 12, 34, 171928)
2026-08-17 16:18:53,041 - INFO - Request for book_shipment, external carrier service called successfully, order_id=order-shipment-89, request: order_id='order-shipment-89' address='189 Commercial Way, Suite 200' shipment_date=datetime.datetime(2026, 8, 19, 16, 12, 34, 171928)
2026-08-17 16:18:53,043 - INFO - Request for book_shipment successfully processed, request: order_id='order-shipment-89' address='189 Commercial Way, Suite 200' shipment_date=datetime.datetime(2026, 8, 19, 16, 12, 34, 171928), order_id=order-shipment-89, result: shipment_id='2b5bf4be-9f1f-4713-9aeb-8ffe191d55d1' tracking_id='5d88fdcc-4704-4575-8c78-da6730670bc2' total_input_tokens=0 total_output_tokens=0 total_llm_calls=0
2026-08-17 16:18:53,050 - INFO - Request for book_shipment, order_id=order-shipment-90, request: order_id='order-shipment-90' address='190 Commercial Way, Suite 200' shipment_date=datetime.datetime(2026, 8, 19, 16, 12, 34, 171928)
2026-08-17 16:18:53,250 - INFO - Request for book_shipment, external carrier service called successfully, order_id=order-shipment-90, request: order_id='order-shipment-90' address='190 Commercial Way, Suite 200' shipment_date=datetime.datetime(2026, 8, 19, 16, 12, 34, 171928)
2026-08-17 16:18:53,252 - INFO - Request for book_shipment successfully processed, request: order_id='order-shipment-90' address='190 Commercial Way, Suite 200' shipment_date=datetime.datetime(2026, 8, 19, 16, 12, 34, 171928), order_id=order-shipment-90, result: shipment_id='27a67be2-63fb-482a-9c42-eaeb42c7296f' tracking_id='abc81e64-502f-408a-8b1c-05c002635060' total_input_tokens=0 total_output_tokens=0 total_llm_calls=0
2026-08-17 16:18:53,258 - INFO - Request for book_shipment, order_id=order-shipment-91, request: order_id='order-shipment-91' address='191 Commercial Way, Suite 200' shipment_date=datetime.datetime(2026, 8, 19, 16, 12, 34, 171928)
2026-08-17 16:18:53,459 - INFO - Request for book_shipment, external carrier service called successfully, order_id=order-shipment-91, request: order_id='order-shipment-91' address='191 Commercial Way, Suite 200' shipment_date=datetime.datetime(2026, 8, 19, 16, 12, 34, 171928)
2026-08-17 16:18:53,461 - INFO - Request for book_shipment successfully processed, request: order_id='order-shipment-91' address='191 Commercial Way, Suite 200' shipment_date=datetime.datetime(2026, 8, 19, 16, 12, 34, 171928), order_id=order-shipment-91, result: shipment_id='ed80fefe-ecc7-4498-b075-15e2d3b1b2dc' tracking_id='8e901d8c-d58c-4d05-abd9-236bdbc821bb' total_input_tokens=0 total_output_tokens=0 total_llm_calls=0
2026-08-17 16:18:53,468 - INFO - Request for book_shipment, order_id=order-shipment-92, request: order_id='order-shipment-92' address='192 Commercial Way, Suite 200' shipment_date=datetime.datetime(2026, 8, 19, 16, 12, 34, 171928)
2026-08-17 16:18:53,669 - INFO - Request for book_shipment, external carrier service called successfully, order_id=order-shipment-92, request: order_id='order-shipment-92' address='192 Commercial Way, Suite 200' shipment_date=datetime.datetime(2026, 8, 19, 16, 12, 34, 171928)
2026-08-17 16:18:53,671 - INFO - Request for book_shipment successfully processed, request: order_id='order-shipment-92' address='192 Commercial Way, Suite 200' shipment_date=datetime.datetime(2026, 8, 19, 16, 12, 34, 171928), order_id=order-shipment-92, result: shipment_id='24e17106-a479-4f8b-b401-d85567ad1ac2' tracking_id='49cfcb07-d1a8-4f6b-8839-c745c184ee3b' total_input_tokens=0 total_output_tokens=0 total_llm_calls=0
2026-08-17 16:18:53,677 - INFO - Request for book_shipment, order_id=order-shipment-93, request: order_id='order-shipment-93' address='193 Commercial Way, Suite 200' shipment_date=datetime.datetime(2026, 8, 19, 16, 12, 34, 171928)
2026-08-17 16:18:53,877 - INFO - Request for book_shipment, external carrier service called successfully, order_id=order-shipment-93, request: order_id='order-shipment-93' address='193 Commercial Way, Suite 200' shipment_date=datetime.datetime(2026, 8, 19, 16, 12, 34, 171928)
2026-08-17 16:18:53,881 - INFO - Request for book_shipment successfully processed, request: order_id='order-shipment-93' address='193 Commercial Way, Suite 200' shipment_date=datetime.datetime(2026, 8, 19, 16, 12, 34, 171928), order_id=order-shipment-93, result: shipment_id='19a94f08-88b3-492c-9461-bb8324f6b852' tracking_id='bac1ea8a-f661-4d0e-bd8c-53b1000e562f' total_input_tokens=0 total_output_tokens=0 total_llm_calls=0
2026-08-17 16:18:53,893 - INFO - Request for book_shipment, order_id=order-shipment-94, request: order_id='order-shipment-94' address='194 Commercial Way, Suite 200' shipment_date=datetime.datetime(2026, 8, 19, 16, 12, 34, 171928)
2026-08-17 16:18:54,094 - INFO - Request for book_shipment, external carrier service called successfully, order_id=order-shipment-94, request: order_id='order-shipment-94' address='194 Commercial Way, Suite 200' shipment_date=datetime.datetime(2026, 8, 19, 16, 12, 34, 171928)
2026-08-17 16:18:54,096 - INFO - Request for book_shipment successfully processed, request: order_id='order-shipment-94' address='194 Commercial Way, Suite 200' shipment_date=datetime.datetime(2026, 8, 19, 16, 12, 34, 171928), order_id=order-shipment-94, result: shipment_id='42f5bb2a-71e0-45dc-a6f5-7831f25a21b2' tracking_id='e929de99-79ed-4658-a164-c332bbfee2f0' total_input_tokens=0 total_output_tokens=0 total_llm_calls=0
2026-08-17 16:18:54,102 - INFO - Request for book_shipment, order_id=order-shipment-95, request: order_id='order-shipment-95' address='195 Commercial Way, Suite 200' shipment_date=datetime.datetime(2026, 8, 19, 16, 12, 34, 171928)
2026-08-17 16:18:54,303 - INFO - Request for book_shipment, external carrier service called successfully, order_id=order-shipment-95, request: order_id='order-shipment-95' address='195 Commercial Way, Suite 200' shipment_date=datetime.datetime(2026, 8, 19, 16, 12, 34, 171928)
2026-08-17 16:18:54,305 - INFO - Request for book_shipment successfully processed, request: order_id='order-shipment-95' address='195 Commercial Way, Suite 200' shipment_date=datetime.datetime(2026, 8, 19, 16, 12, 34, 171928), order_id=order-shipment-95, result: shipment_id='59f201b0-3617-4aca-9dcf-ef69f8ee2645' tracking_id='32b099f2-245f-4bbf-8344-70bd5b0cf94b' total_input_tokens=0 total_output_tokens=0 total_llm_calls=0
2026-08-17 16:18:54,311 - INFO - Request for book_shipment, order_id=order-shipment-96, request: order_id='order-shipment-96' address='196 Commercial Way, Suite 200' shipment_date=datetime.datetime(2026, 8, 19, 16, 12, 34, 171928)
2026-08-17 16:18:54,511 - INFO - Request for book_shipment, external carrier service called successfully, order_id=order-shipment-96, request: order_id='order-shipment-96' address='196 Commercial Way, Suite 200' shipment_date=datetime.datetime(2026, 8, 19, 16, 12, 34, 171928)
2026-08-17 16:18:54,513 - INFO - Request for book_shipment successfully processed, request: order_id='order-shipment-96' address='196 Commercial Way, Suite 200' shipment_date=datetime.datetime(2026, 8, 19, 16, 12, 34, 171928), order_id=order-shipment-96, result: shipment_id='cad104b2-7493-4e4a-9bc4-11e8a739ce5d' tracking_id='55363753-d61d-477e-ad0d-6f300c2ad854' total_input_tokens=0 total_output_tokens=0 total_llm_calls=0
2026-08-17 16:18:54,518 - INFO - Request for book_shipment, order_id=order-shipment-97, request: order_id='order-shipment-97' address='197 Commercial Way, Suite 200' shipment_date=datetime.datetime(2026, 8, 19, 16, 12, 34, 171928)
2026-08-17 16:18:54,719 - INFO - Request for book_shipment, external carrier service called successfully, order_id=order-shipment-97, request: order_id='order-shipment-97' address='197 Commercial Way, Suite 200' shipment_date=datetime.datetime(2026, 8, 19, 16, 12, 34, 171928)
2026-08-17 16:18:54,722 - INFO - Request for book_shipment successfully processed, request: order_id='order-shipment-97' address='197 Commercial Way, Suite 200' shipment_date=datetime.datetime(2026, 8, 19, 16, 12, 34, 171928), order_id=order-shipment-97, result: shipment_id='a1b259b3-01c5-4fed-8fad-e53960f138ab' tracking_id='14e653a4-d857-4858-a2b0-86e680bcc905' total_input_tokens=0 total_output_tokens=0 total_llm_calls=0
2026-08-17 16:18:54,729 - INFO - Request for book_shipment, order_id=order-shipment-98, request: order_id='order-shipment-98' address='198 Commercial Way, Suite 200' shipment_date=datetime.datetime(2026, 8, 19, 16, 12, 34, 171928)
2026-08-17 16:18:54,930 - INFO - Request for book_shipment, external carrier service called successfully, order_id=order-shipment-98, request: order_id='order-shipment-98' address='198 Commercial Way, Suite 200' shipment_date=datetime.datetime(2026, 8, 19, 16, 12, 34, 171928)
2026-08-17 16:18:54,933 - INFO - Request for book_shipment successfully processed, request: order_id='order-shipment-98' address='198 Commercial Way, Suite 200' shipment_date=datetime.datetime(2026, 8, 19, 16, 12, 34, 171928), order_id=order-shipment-98, result: shipment_id='2491d8da-f120-40f3-b97a-e4deff6abf49' tracking_id='92f2aa4b-3f83-4758-8076-742e7fdf562e' total_input_tokens=0 total_output_tokens=0 total_llm_calls=0
2026-08-17 16:18:54,939 - INFO - Request for book_shipment, order_id=order-shipment-99, request: order_id='order-shipment-99' address='199 Commercial Way, Suite 200' shipment_date=datetime.datetime(2026, 8, 19, 16, 12, 34, 171928)
2026-08-17 16:18:55,140 - INFO - Request for book_shipment, external carrier service called successfully, order_id=order-shipment-99, request: order_id='order-shipment-99' address='199 Commercial Way, Suite 200' shipment_date=datetime.datetime(2026, 8, 19, 16, 12, 34, 171928)
2026-08-17 16:18:55,145 - INFO - Request for book_shipment successfully processed, request: order_id='order-shipment-99' address='199 Commercial Way, Suite 200' shipment_date=datetime.datetime(2026, 8, 19, 16, 12, 34, 171928), order_id=order-shipment-99, result: shipment_id='8f9e1d1b-6104-451f-a860-e0734ff38fdd' tracking_id='fb0d604b-cef4-4a3c-9fc1-87ba58532d6f' total_input_tokens=0 total_output_tokens=0 total_llm_calls=0
2026-08-17 16:18:55,158 - INFO - Request for book_shipment, order_id=order-shipment-100, request: order_id='order-shipment-100' address='200 Commercial Way, Suite 200' shipment_date=datetime.datetime(2026, 8, 19, 16, 12, 34, 171928)
2026-08-17 16:18:55,359 - INFO - Request for book_shipment, external carrier service called successfully, order_id=order-shipment-100, request: order_id='order-shipment-100' address='200 Commercial Way, Suite 200' shipment_date=datetime.datetime(2026, 8, 19, 16, 12, 34, 171928)
2026-08-17 16:18:55,361 - INFO - Request for book_shipment successfully processed, request: order_id='order-shipment-100' address='200 Commercial Way, Suite 200' shipment_date=datetime.datetime(2026, 8, 19, 16, 12, 34, 171928), order_id=order-shipment-100, result: shipment_id='269392ae-46f2-4b03-816c-0ff6dd01b31c' tracking_id='d459c5ed-286f-4bd5-9fd3-0b10cc20913a' total_input_tokens=0 total_output_tokens=0 total_llm_calls=0
2026-08-17 17:33:18,939 - INFO - Request for book_shipment, order_id=ff7bdf29-37b3-43fb-bb23-68f4f4981c59, request: order_id='ff7bdf29-37b3-43fb-bb23-68f4f4981c59' address='SAMPLE_ADDRESS' shipment_date=datetime.datetime(2026, 8, 19, 16, 12, 34, 171928)
2026-08-17 17:33:19,141 - INFO - Request for book_shipment, external carrier service called successfully, order_id=ff7bdf29-37b3-43fb-bb23-68f4f4981c59, request: order_id='ff7bdf29-37b3-43fb-bb23-68f4f4981c59' address='SAMPLE_ADDRESS' shipment_date=datetime.datetime(2026, 8, 19, 16, 12, 34, 171928)
2026-08-17 17:33:19,143 - INFO - Request for book_shipment successfully processed, request: order_id='ff7bdf29-37b3-43fb-bb23-68f4f4981c59' address='SAMPLE_ADDRESS' shipment_date=datetime.datetime(2026, 8, 19, 16, 12, 34, 171928), order_id=ff7bdf29-37b3-43fb-bb23-68f4f4981c59, result: shipment_id='e4218d87-d5ad-4bd7-b351-d75e106a3169' tracking_id='94c2d14f-adf0-4193-aa94-656396b72644' total_input_tokens=0 total_output_tokens=0 total_llm_calls=0
2026-08-17 17:33:19,507 - INFO - Request for book_shipment, order_id=a51637b6-71df-4f24-83a1-2f7eebaf356e, request: order_id='a51637b6-71df-4f24-83a1-2f7eebaf356e' address='SAMPLE_ADDRESS' shipment_date=datetime.datetime(2026, 8, 19, 16, 12, 34, 171928)
2026-08-17 17:33:19,708 - INFO - Request for book_shipment, external carrier service called successfully, order_id=a51637b6-71df-4f24-83a1-2f7eebaf356e, request: order_id='a51637b6-71df-4f24-83a1-2f7eebaf356e' address='SAMPLE_ADDRESS' shipment_date=datetime.datetime(2026, 8, 19, 16, 12, 34, 171928)
2026-08-17 17:33:19,710 - INFO - Request for book_shipment successfully processed, request: order_id='a51637b6-71df-4f24-83a1-2f7eebaf356e' address='SAMPLE_ADDRESS' shipment_date=datetime.datetime(2026, 8, 19, 16, 12, 34, 171928), order_id=a51637b6-71df-4f24-83a1-2f7eebaf356e, result: shipment_id='758629e0-d14d-40ff-82fc-c625b4a936ed' tracking_id='20de569d-d62d-4255-9aa6-149b966525ba' total_input_tokens=0 total_output_tokens=0 total_llm_calls=0
2026-08-17 17:33:20,043 - INFO - Request for book_shipment, order_id=6eb780a9-c93c-41f4-b73b-2c5e07873059, request: order_id='6eb780a9-c93c-41f4-b73b-2c5e07873059' address='SAMPLE_ADDRESS' shipment_date=datetime.datetime(2026, 8, 19, 16, 12, 34, 171928)
2026-08-17 17:33:20,244 - INFO - Request for book_shipment, external carrier service called successfully, order_id=6eb780a9-c93c-41f4-b73b-2c5e07873059, request: order_id='6eb780a9-c93c-41f4-b73b-2c5e07873059' address='SAMPLE_ADDRESS' shipment_date=datetime.datetime(2026, 8, 19, 16, 12, 34, 171928)
2026-08-17 17:33:20,246 - INFO - Request for book_shipment successfully processed, request: order_id='6eb780a9-c93c-41f4-b73b-2c5e07873059' address='SAMPLE_ADDRESS' shipment_date=datetime.datetime(2026, 8, 19, 16, 12, 34, 171928), order_id=6eb780a9-c93c-41f4-b73b-2c5e07873059, result: shipment_id='314f47f5-7eb8-480b-accf-82728a0a5d9c' tracking_id='7f2de9c1-1f67-4993-8bcf-c31a324b1bcb' total_input_tokens=0 total_output_tokens=0 total_llm_calls=0
2026-08-17 17:33:20,600 - INFO - Request for book_shipment, order_id=3c702dc6-deb5-4d24-be44-56b82835d4d3, request: order_id='3c702dc6-deb5-4d24-be44-56b82835d4d3' address='SAMPLE_ADDRESS' shipment_date=datetime.datetime(2026, 8, 19, 16, 12, 34, 171928)
2026-08-17 17:33:20,801 - INFO - Request for book_shipment, external carrier service called successfully, order_id=3c702dc6-deb5-4d24-be44-56b82835d4d3, request: order_id='3c702dc6-deb5-4d24-be44-56b82835d4d3' address='SAMPLE_ADDRESS' shipment_date=datetime.datetime(2026, 8, 19, 16, 12, 34, 171928)
2026-08-17 17:33:20,804 - INFO - Request for book_shipment successfully processed, request: order_id='3c702dc6-deb5-4d24-be44-56b82835d4d3' address='SAMPLE_ADDRESS' shipment_date=datetime.datetime(2026, 8, 19, 16, 12, 34, 171928), order_id=3c702dc6-deb5-4d24-be44-56b82835d4d3, result: shipment_id='15dde083-77d1-456a-be38-e00a5efaf0f5' tracking_id='884ff053-b30d-43ae-bd76-707cfa25246e' total_input_tokens=0 total_output_tokens=0 total_llm_calls=0
2026-08-17 17:33:21,163 - INFO - Request for book_shipment, order_id=b5145129-9240-465f-a11d-57965b2bc450, request: order_id='b5145129-9240-465f-a11d-57965b2bc450' address='SAMPLE_ADDRESS' shipment_date=datetime.datetime(2026, 8, 19, 16, 12, 34, 171928)
2026-08-17 17:33:21,364 - INFO - Request for book_shipment, external carrier service called successfully, order_id=b5145129-9240-465f-a11d-57965b2bc450, request: order_id='b5145129-9240-465f-a11d-57965b2bc450' address='SAMPLE_ADDRESS' shipment_date=datetime.datetime(2026, 8, 19, 16, 12, 34, 171928)
2026-08-17 17:33:21,367 - INFO - Request for book_shipment successfully processed, request: order_id='b5145129-9240-465f-a11d-57965b2bc450' address='SAMPLE_ADDRESS' shipment_date=datetime.datetime(2026, 8, 19, 16, 12, 34, 171928), order_id=b5145129-9240-465f-a11d-57965b2bc450, result: shipment_id='7d58c19d-a621-4023-8eff-2d98604cbe92' tracking_id='ef6b883a-89d7-40ec-89eb-260b400862a7' total_input_tokens=0 total_output_tokens=0 total_llm_calls=0
2026-08-18 20:41:18,680 - INFO - Shipment connected to mongo
2026-08-18 20:41:18,889 - INFO - Shipment connected to mongo
2026-08-18 20:47:27,472 - INFO - Request for book_shipment, order_id=5873cf1e-ff95-4ba5-bd70-bb1691d3263e, request: order_id='5873cf1e-ff95-4ba5-bd70-bb1691d3263e' address='SAMPLE_ADDRESS' shipment_date=datetime.datetime(2026, 8, 20, 20, 41, 18, 439675)
2026-08-18 20:47:27,674 - INFO - Request for book_shipment, external carrier service called successfully, order_id=5873cf1e-ff95-4ba5-bd70-bb1691d3263e, request: order_id='5873cf1e-ff95-4ba5-bd70-bb1691d3263e' address='SAMPLE_ADDRESS' shipment_date=datetime.datetime(2026, 8, 20, 20, 41, 18, 439675)
2026-08-18 20:47:27,676 - INFO - Request for book_shipment successfully processed, request: order_id='5873cf1e-ff95-4ba5-bd70-bb1691d3263e' address='SAMPLE_ADDRESS' shipment_date=datetime.datetime(2026, 8, 20, 20, 41, 18, 439675), order_id=5873cf1e-ff95-4ba5-bd70-bb1691d3263e, result: shipment_id='880cd9ea-bb9d-4676-9219-623df0942df4' tracking_id='c54b5fdb-324a-4e97-86a6-a5b18d24a0bb' total_input_tokens=0 total_output_tokens=0 total_llm_calls=0
2026-08-18 20:47:28,067 - INFO - Request for book_shipment, order_id=ba70f03b-7bbf-4706-9f9b-8c520101b5c4, request: order_id='ba70f03b-7bbf-4706-9f9b-8c520101b5c4' address='SAMPLE_ADDRESS' shipment_date=datetime.datetime(2026, 8, 20, 20, 41, 18, 439675)
2026-08-18 20:47:28,269 - INFO - Request for book_shipment, external carrier service called successfully, order_id=ba70f03b-7bbf-4706-9f9b-8c520101b5c4, request: order_id='ba70f03b-7bbf-4706-9f9b-8c520101b5c4' address='SAMPLE_ADDRESS' shipment_date=datetime.datetime(2026, 8, 20, 20, 41, 18, 439675)
2026-08-18 20:47:28,273 - INFO - Request for book_shipment successfully processed, request: order_id='ba70f03b-7bbf-4706-9f9b-8c520101b5c4' address='SAMPLE_ADDRESS' shipment_date=datetime.datetime(2026, 8, 20, 20, 41, 18, 439675), order_id=ba70f03b-7bbf-4706-9f9b-8c520101b5c4, result: shipment_id='d10e2b4e-2710-430a-a255-0dc9747cf831' tracking_id='09aae7e9-7fdc-4b34-bc18-87d5cf95eddf' total_input_tokens=0 total_output_tokens=0 total_llm_calls=0
2026-08-18 20:47:28,722 - INFO - Request for book_shipment, order_id=c672c9e0-9127-4dde-b2de-f0650a4fc16b, request: order_id='c672c9e0-9127-4dde-b2de-f0650a4fc16b' address='SAMPLE_ADDRESS' shipment_date=datetime.datetime(2026, 8, 20, 20, 41, 18, 439675)
2026-08-18 20:47:28,922 - INFO - Request for book_shipment, external carrier service called successfully, order_id=c672c9e0-9127-4dde-b2de-f0650a4fc16b, request: order_id='c672c9e0-9127-4dde-b2de-f0650a4fc16b' address='SAMPLE_ADDRESS' shipment_date=datetime.datetime(2026, 8, 20, 20, 41, 18, 439675)
2026-08-18 20:47:28,924 - INFO - Request for book_shipment successfully processed, request: order_id='c672c9e0-9127-4dde-b2de-f0650a4fc16b' address='SAMPLE_ADDRESS' shipment_date=datetime.datetime(2026, 8, 20, 20, 41, 18, 439675), order_id=c672c9e0-9127-4dde-b2de-f0650a4fc16b, result: shipment_id='8eb764d1-c4c3-499a-a1fd-704c574246e3' tracking_id='83fa83ee-8d32-42e9-a4c4-6e6b88b9bf1d' total_input_tokens=0 total_output_tokens=0 total_llm_calls=0
2026-08-18 20:47:29,287 - INFO - Request for book_shipment, order_id=21600351-dd9d-4173-b2ca-5233c7cc5e24, request: order_id='21600351-dd9d-4173-b2ca-5233c7cc5e24' address='SAMPLE_ADDRESS' shipment_date=datetime.datetime(2026, 8, 20, 20, 41, 18, 439675)
2026-08-18 20:47:29,488 - INFO - Request for book_shipment, external carrier service called successfully, order_id=21600351-dd9d-4173-b2ca-5233c7cc5e24, request: order_id='21600351-dd9d-4173-b2ca-5233c7cc5e24' address='SAMPLE_ADDRESS' shipment_date=datetime.datetime(2026, 8, 20, 20, 41, 18, 439675)
2026-08-18 20:47:29,492 - INFO - Request for book_shipment successfully processed, request: order_id='21600351-dd9d-4173-b2ca-5233c7cc5e24' address='SAMPLE_ADDRESS' shipment_date=datetime.datetime(2026, 8, 20, 20, 41, 18, 439675), order_id=21600351-dd9d-4173-b2ca-5233c7cc5e24, result: shipment_id='ad3fe61d-1d51-4aad-bcd1-2c0eb00e1fa4' tracking_id='866b7ea1-83bc-48ef-87f4-e6d7deb87318' total_input_tokens=0 total_output_tokens=0 total_llm_calls=0
2026-08-18 20:47:29,886 - INFO - Request for book_shipment, order_id=ae7eb2cd-95b4-4f1e-98b4-cf38f666b7fa, request: order_id='ae7eb2cd-95b4-4f1e-98b4-cf38f666b7fa' address='SAMPLE_ADDRESS' shipment_date=datetime.datetime(2026, 8, 20, 20, 41, 18, 439675)
2026-08-18 20:47:30,087 - INFO - Request for book_shipment, external carrier service called successfully, order_id=ae7eb2cd-95b4-4f1e-98b4-cf38f666b7fa, request: order_id='ae7eb2cd-95b4-4f1e-98b4-cf38f666b7fa' address='SAMPLE_ADDRESS' shipment_date=datetime.datetime(2026, 8, 20, 20, 41, 18, 439675)
2026-08-18 20:47:30,091 - INFO - Request for book_shipment successfully processed, request: order_id='ae7eb2cd-95b4-4f1e-98b4-cf38f666b7fa' address='SAMPLE_ADDRESS' shipment_date=datetime.datetime(2026, 8, 20, 20, 41, 18, 439675), order_id=ae7eb2cd-95b4-4f1e-98b4-cf38f666b7fa, result: shipment_id='88b37f5c-c910-465c-a314-a6f3c31b3246' tracking_id='1da9bdef-c97a-4ed8-8a27-5788e01b4bae' total_input_tokens=0 total_output_tokens=0 total_llm_calls=0
2026-08-18 20:49:58,729 - INFO - Request for book_shipment, order_id=41d01782-b12c-4b48-8af7-232b85991ea5, request: order_id='41d01782-b12c-4b48-8af7-232b85991ea5' address='SAMPLE_ADDRESS' shipment_date=datetime.datetime(2026, 8, 20, 20, 41, 18, 439675)
2026-08-18 20:49:58,930 - INFO - Request for book_shipment, external carrier service called successfully, order_id=41d01782-b12c-4b48-8af7-232b85991ea5, request: order_id='41d01782-b12c-4b48-8af7-232b85991ea5' address='SAMPLE_ADDRESS' shipment_date=datetime.datetime(2026, 8, 20, 20, 41, 18, 439675)
2026-08-18 20:49:58,931 - INFO - Request for book_shipment successfully processed, request: order_id='41d01782-b12c-4b48-8af7-232b85991ea5' address='SAMPLE_ADDRESS' shipment_date=datetime.datetime(2026, 8, 20, 20, 41, 18, 439675), order_id=41d01782-b12c-4b48-8af7-232b85991ea5, result: shipment_id='9003a94d-6f2e-45c4-a157-3d24cab54007' tracking_id='59f483a6-0495-4373-a5aa-b9c43ac59d04' total_input_tokens=0 total_output_tokens=0 total_llm_calls=0
2026-08-18 20:49:59,287 - INFO - Request for book_shipment, order_id=fd8ff9e4-d56a-40f5-b13a-579b178ee629, request: order_id='fd8ff9e4-d56a-40f5-b13a-579b178ee629' address='SAMPLE_ADDRESS' shipment_date=datetime.datetime(2026, 8, 20, 20, 41, 18, 439675)
2026-08-18 20:49:59,488 - INFO - Request for book_shipment, external carrier service called successfully, order_id=fd8ff9e4-d56a-40f5-b13a-579b178ee629, request: order_id='fd8ff9e4-d56a-40f5-b13a-579b178ee629' address='SAMPLE_ADDRESS' shipment_date=datetime.datetime(2026, 8, 20, 20, 41, 18, 439675)
2026-08-18 20:49:59,489 - INFO - Request for book_shipment successfully processed, request: order_id='fd8ff9e4-d56a-40f5-b13a-579b178ee629' address='SAMPLE_ADDRESS' shipment_date=datetime.datetime(2026, 8, 20, 20, 41, 18, 439675), order_id=fd8ff9e4-d56a-40f5-b13a-579b178ee629, result: shipment_id='0656dbf9-597a-4254-8838-56a13dd69ef5' tracking_id='0862c7bd-ca11-43ae-b885-674ef457a78f' total_input_tokens=0 total_output_tokens=0 total_llm_calls=0
2026-08-18 20:49:59,843 - INFO - Request for book_shipment, order_id=7a81adce-85d3-44de-b5a9-a5e6a1c8e6d0, request: order_id='7a81adce-85d3-44de-b5a9-a5e6a1c8e6d0' address='SAMPLE_ADDRESS' shipment_date=datetime.datetime(2026, 8, 20, 20, 41, 18, 439675)
2026-08-18 20:50:00,043 - INFO - Request for book_shipment, external carrier service called successfully, order_id=7a81adce-85d3-44de-b5a9-a5e6a1c8e6d0, request: order_id='7a81adce-85d3-44de-b5a9-a5e6a1c8e6d0' address='SAMPLE_ADDRESS' shipment_date=datetime.datetime(2026, 8, 20, 20, 41, 18, 439675)
2026-08-18 20:50:00,046 - INFO - Request for book_shipment successfully processed, request: order_id='7a81adce-85d3-44de-b5a9-a5e6a1c8e6d0' address='SAMPLE_ADDRESS' shipment_date=datetime.datetime(2026, 8, 20, 20, 41, 18, 439675), order_id=7a81adce-85d3-44de-b5a9-a5e6a1c8e6d0, result: shipment_id='ec383116-8208-4567-b92f-012d14a7db51' tracking_id='69a0368d-fab7-4e02-be18-9bc02e77617f' total_input_tokens=0 total_output_tokens=0 total_llm_calls=0
2026-08-18 20:50:00,414 - INFO - Request for book_shipment, order_id=c611b263-3a40-45ed-8021-5b35130d74f0, request: order_id='c611b263-3a40-45ed-8021-5b35130d74f0' address='SAMPLE_ADDRESS' shipment_date=datetime.datetime(2026, 8, 20, 20, 41, 18, 439675)
2026-08-18 20:50:00,615 - INFO - Request for book_shipment, external carrier service called successfully, order_id=c611b263-3a40-45ed-8021-5b35130d74f0, request: order_id='c611b263-3a40-45ed-8021-5b35130d74f0' address='SAMPLE_ADDRESS' shipment_date=datetime.datetime(2026, 8, 20, 20, 41, 18, 439675)
2026-08-18 20:50:00,619 - INFO - Request for book_shipment successfully processed, request: order_id='c611b263-3a40-45ed-8021-5b35130d74f0' address='SAMPLE_ADDRESS' shipment_date=datetime.datetime(2026, 8, 20, 20, 41, 18, 439675), order_id=c611b263-3a40-45ed-8021-5b35130d74f0, result: shipment_id='8bfbdd10-4ef2-4358-b495-a033a3b17fa8' tracking_id='0bb9abd8-2247-4334-abd2-6f00f3b74287' total_input_tokens=0 total_output_tokens=0 total_llm_calls=0
2026-08-18 20:50:01,073 - INFO - Request for book_shipment, order_id=5d6c4905-0d9f-4064-a5d3-a9c6820e10c4, request: order_id='5d6c4905-0d9f-4064-a5d3-a9c6820e10c4' address='SAMPLE_ADDRESS' shipment_date=datetime.datetime(2026, 8, 20, 20, 41, 18, 439675)
2026-08-18 20:50:01,274 - INFO - Request for book_shipment, external carrier service called successfully, order_id=5d6c4905-0d9f-4064-a5d3-a9c6820e10c4, request: order_id='5d6c4905-0d9f-4064-a5d3-a9c6820e10c4' address='SAMPLE_ADDRESS' shipment_date=datetime.datetime(2026, 8, 20, 20, 41, 18, 439675)
2026-08-18 20:50:01,278 - INFO - Request for book_shipment successfully processed, request: order_id='5d6c4905-0d9f-4064-a5d3-a9c6820e10c4' address='SAMPLE_ADDRESS' shipment_date=datetime.datetime(2026, 8, 20, 20, 41, 18, 439675), order_id=5d6c4905-0d9f-4064-a5d3-a9c6820e10c4, result: shipment_id='7c105b17-0f98-40d4-8f77-0823420cc6b7' tracking_id='d5bb16cc-f3f0-4786-a622-2313f568b226' total_input_tokens=0 total_output_tokens=0 total_llm_calls=0
2026-08-18 20:51:33,103 - INFO - Request for book_shipment, order_id=21ed6bce-e77a-472d-bdd4-6bb89b0a424d, request: order_id='21ed6bce-e77a-472d-bdd4-6bb89b0a424d' address='SAMPLE_ADDRESS' shipment_date=datetime.datetime(2026, 8, 20, 20, 41, 18, 439675)
2026-08-18 20:51:33,304 - INFO - Request for book_shipment, external carrier service called successfully, order_id=21ed6bce-e77a-472d-bdd4-6bb89b0a424d, request: order_id='21ed6bce-e77a-472d-bdd4-6bb89b0a424d' address='SAMPLE_ADDRESS' shipment_date=datetime.datetime(2026, 8, 20, 20, 41, 18, 439675)
2026-08-18 20:51:33,306 - INFO - Request for book_shipment successfully processed, request: order_id='21ed6bce-e77a-472d-bdd4-6bb89b0a424d' address='SAMPLE_ADDRESS' shipment_date=datetime.datetime(2026, 8, 20, 20, 41, 18, 439675), order_id=21ed6bce-e77a-472d-bdd4-6bb89b0a424d, result: shipment_id='76cae6f4-9b0a-427c-a454-a64a0a0e27c9' tracking_id='25ff8d37-65ac-4614-b387-b83c06bb8ad1' total_input_tokens=0 total_output_tokens=0 total_llm_calls=0
2026-08-18 20:51:33,665 - INFO - Request for book_shipment, order_id=502a9916-a631-4723-9351-688c3ed4dd85, request: order_id='502a9916-a631-4723-9351-688c3ed4dd85' address='SAMPLE_ADDRESS' shipment_date=datetime.datetime(2026, 8, 20, 20, 41, 18, 439675)
2026-08-18 20:51:33,866 - INFO - Request for book_shipment, external carrier service called successfully, order_id=502a9916-a631-4723-9351-688c3ed4dd85, request: order_id='502a9916-a631-4723-9351-688c3ed4dd85' address='SAMPLE_ADDRESS' shipment_date=datetime.datetime(2026, 8, 20, 20, 41, 18, 439675)
2026-08-18 20:51:33,868 - INFO - Request for book_shipment successfully processed, request: order_id='502a9916-a631-4723-9351-688c3ed4dd85' address='SAMPLE_ADDRESS' shipment_date=datetime.datetime(2026, 8, 20, 20, 41, 18, 439675), order_id=502a9916-a631-4723-9351-688c3ed4dd85, result: shipment_id='1a8b8d66-20e1-4dea-b8a1-aaea3437024f' tracking_id='c4799689-cb08-4651-befd-cc50347f375e' total_input_tokens=0 total_output_tokens=0 total_llm_calls=0
2026-08-18 20:51:34,240 - INFO - Request for book_shipment, order_id=c44dce83-10ec-40e3-9603-bd64f560827a, request: order_id='c44dce83-10ec-40e3-9603-bd64f560827a' address='SAMPLE_ADDRESS' shipment_date=datetime.datetime(2026, 8, 20, 20, 41, 18, 439675)
2026-08-18 20:51:34,441 - INFO - Request for book_shipment, external carrier service called successfully, order_id=c44dce83-10ec-40e3-9603-bd64f560827a, request: order_id='c44dce83-10ec-40e3-9603-bd64f560827a' address='SAMPLE_ADDRESS' shipment_date=datetime.datetime(2026, 8, 20, 20, 41, 18, 439675)
2026-08-18 20:51:34,443 - INFO - Request for book_shipment successfully processed, request: order_id='c44dce83-10ec-40e3-9603-bd64f560827a' address='SAMPLE_ADDRESS' shipment_date=datetime.datetime(2026, 8, 20, 20, 41, 18, 439675), order_id=c44dce83-10ec-40e3-9603-bd64f560827a, result: shipment_id='d891cfa2-9761-4a8a-acea-af312bb52144' tracking_id='b907457b-b5df-4dc7-8bd1-85b803d80de0' total_input_tokens=0 total_output_tokens=0 total_llm_calls=0
2026-08-18 20:51:34,811 - INFO - Request for book_shipment, order_id=be12a2cf-c38e-4027-b959-5146c06dbe19, request: order_id='be12a2cf-c38e-4027-b959-5146c06dbe19' address='SAMPLE_ADDRESS' shipment_date=datetime.datetime(2026, 8, 20, 20, 41, 18, 439675)
2026-08-18 20:51:35,012 - INFO - Request for book_shipment, external carrier service called successfully, order_id=be12a2cf-c38e-4027-b959-5146c06dbe19, request: order_id='be12a2cf-c38e-4027-b959-5146c06dbe19' address='SAMPLE_ADDRESS' shipment_date=datetime.datetime(2026, 8, 20, 20, 41, 18, 439675)
2026-08-18 20:51:35,017 - INFO - Request for book_shipment successfully processed, request: order_id='be12a2cf-c38e-4027-b959-5146c06dbe19' address='SAMPLE_ADDRESS' shipment_date=datetime.datetime(2026, 8, 20, 20, 41, 18, 439675), order_id=be12a2cf-c38e-4027-b959-5146c06dbe19, result: shipment_id='5e1d5e6d-07fa-406e-ab8b-08b32d3fbb22' tracking_id='7412bfe1-d4e7-4317-8774-6e1a5234dd9b' total_input_tokens=0 total_output_tokens=0 total_llm_calls=0
2026-08-18 20:51:35,403 - INFO - Request for book_shipment, order_id=373f8e53-0554-4988-bc7b-5aea75bae9db, request: order_id='373f8e53-0554-4988-bc7b-5aea75bae9db' address='SAMPLE_ADDRESS' shipment_date=datetime.datetime(2026, 8, 20, 20, 41, 18, 439675)
2026-08-18 20:51:35,604 - INFO - Request for book_shipment, external carrier service called successfully, order_id=373f8e53-0554-4988-bc7b-5aea75bae9db, request: order_id='373f8e53-0554-4988-bc7b-5aea75bae9db' address='SAMPLE_ADDRESS' shipment_date=datetime.datetime(2026, 8, 20, 20, 41, 18, 439675)
2026-08-18 20:51:35,609 - INFO - Request for book_shipment successfully processed, request: order_id='373f8e53-0554-4988-bc7b-5aea75bae9db' address='SAMPLE_ADDRESS' shipment_date=datetime.datetime(2026, 8, 20, 20, 41, 18, 439675), order_id=373f8e53-0554-4988-bc7b-5aea75bae9db, result: shipment_id='fdc8eb1b-0192-4817-9950-182e06492249' tracking_id='29a6b887-f21d-4ded-894f-6cf3ac95f162' total_input_tokens=0 total_output_tokens=0 total_llm_calls=0
2026-08-18 20:52:59,421 - INFO - Request for book_shipment, order_id=7a366cab-10c9-4dd8-aa19-ba2a540d33eb, request: order_id='7a366cab-10c9-4dd8-aa19-ba2a540d33eb' address='SAMPLE_ADDRESS' shipment_date=datetime.datetime(2026, 8, 20, 20, 41, 18, 439675)
2026-08-18 20:52:59,622 - INFO - Request for book_shipment, external carrier service called successfully, order_id=7a366cab-10c9-4dd8-aa19-ba2a540d33eb, request: order_id='7a366cab-10c9-4dd8-aa19-ba2a540d33eb' address='SAMPLE_ADDRESS' shipment_date=datetime.datetime(2026, 8, 20, 20, 41, 18, 439675)
2026-08-18 20:52:59,626 - INFO - Request for book_shipment successfully processed, request: order_id='7a366cab-10c9-4dd8-aa19-ba2a540d33eb' address='SAMPLE_ADDRESS' shipment_date=datetime.datetime(2026, 8, 20, 20, 41, 18, 439675), order_id=7a366cab-10c9-4dd8-aa19-ba2a540d33eb, result: shipment_id='a89f445f-9e4c-450f-87bb-a0c723f11852' tracking_id='3aedd0c4-8b1d-4ce5-adae-573d36feeaa2' total_input_tokens=0 total_output_tokens=0 total_llm_calls=0
2026-08-18 20:53:00,035 - INFO - Request for book_shipment, order_id=9b23cf9e-a4fb-42ff-8a84-2839a8d28c5c, request: order_id='9b23cf9e-a4fb-42ff-8a84-2839a8d28c5c' address='SAMPLE_ADDRESS' shipment_date=datetime.datetime(2026, 8, 20, 20, 41, 18, 439675)
2026-08-18 20:53:00,237 - INFO - Request for book_shipment, external carrier service called successfully, order_id=9b23cf9e-a4fb-42ff-8a84-2839a8d28c5c, request: order_id='9b23cf9e-a4fb-42ff-8a84-2839a8d28c5c' address='SAMPLE_ADDRESS' shipment_date=datetime.datetime(2026, 8, 20, 20, 41, 18, 439675)
2026-08-18 20:53:00,241 - INFO - Request for book_shipment successfully processed, request: order_id='9b23cf9e-a4fb-42ff-8a84-2839a8d28c5c' address='SAMPLE_ADDRESS' shipment_date=datetime.datetime(2026, 8, 20, 20, 41, 18, 439675), order_id=9b23cf9e-a4fb-42ff-8a84-2839a8d28c5c, result: shipment_id='02e3d1bb-ae47-435c-8174-77d463872cbc' tracking_id='76d8291e-0a0b-4139-9e57-6af5aa8d8036' total_input_tokens=0 total_output_tokens=0 total_llm_calls=0
2026-08-18 20:53:00,653 - INFO - Request for book_shipment, order_id=0790784d-927b-4bd5-9a80-9e62ce3bd2d3, request: order_id='0790784d-927b-4bd5-9a80-9e62ce3bd2d3' address='SAMPLE_ADDRESS' shipment_date=datetime.datetime(2026, 8, 20, 20, 41, 18, 439675)
2026-08-18 20:53:00,854 - INFO - Request for book_shipment, external carrier service called successfully, order_id=0790784d-927b-4bd5-9a80-9e62ce3bd2d3, request: order_id='0790784d-927b-4bd5-9a80-9e62ce3bd2d3' address='SAMPLE_ADDRESS' shipment_date=datetime.datetime(2026, 8, 20, 20, 41, 18, 439675)
2026-08-18 20:53:00,855 - INFO - Request for book_shipment successfully processed, request: order_id='0790784d-927b-4bd5-9a80-9e62ce3bd2d3' address='SAMPLE_ADDRESS' shipment_date=datetime.datetime(2026, 8, 20, 20, 41, 18, 439675), order_id=0790784d-927b-4bd5-9a80-9e62ce3bd2d3, result: shipment_id='be0e65b1-eab0-4ebe-81a3-492d1aa763b4' tracking_id='602831b8-2ead-422b-b3aa-805cecb12755' total_input_tokens=0 total_output_tokens=0 total_llm_calls=0
2026-08-18 20:53:01,224 - INFO - Request for book_shipment, order_id=b777b80e-0be8-4c0e-8e7e-cc77ac8aad0d, request: order_id='b777b80e-0be8-4c0e-8e7e-cc77ac8aad0d' address='SAMPLE_ADDRESS' shipment_date=datetime.datetime(2026, 8, 20, 20, 41, 18, 439675)
2026-08-18 20:53:01,425 - INFO - Request for book_shipment, external carrier service called successfully, order_id=b777b80e-0be8-4c0e-8e7e-cc77ac8aad0d, request: order_id='b777b80e-0be8-4c0e-8e7e-cc77ac8aad0d' address='SAMPLE_ADDRESS' shipment_date=datetime.datetime(2026, 8, 20, 20, 41, 18, 439675)
2026-08-18 20:53:01,430 - INFO - Request for book_shipment successfully processed, request: order_id='b777b80e-0be8-4c0e-8e7e-cc77ac8aad0d' address='SAMPLE_ADDRESS' shipment_date=datetime.datetime(2026, 8, 20, 20, 41, 18, 439675), order_id=b777b80e-0be8-4c0e-8e7e-cc77ac8aad0d, result: shipment_id='ed5afc7c-5ce3-4f83-a1b9-64a7400e2cfe' tracking_id='d50e2fbc-52d7-44f3-a8b9-eee57b1aa6b8' total_input_tokens=0 total_output_tokens=0 total_llm_calls=0
2026-08-18 20:53:01,809 - INFO - Request for book_shipment, order_id=4f33130e-46ee-4bd1-9709-0650278b89e0, request: order_id='4f33130e-46ee-4bd1-9709-0650278b89e0' address='SAMPLE_ADDRESS' shipment_date=datetime.datetime(2026, 8, 20, 20, 41, 18, 439675)
2026-08-18 20:53:02,009 - INFO - Request for book_shipment, external carrier service called successfully, order_id=4f33130e-46ee-4bd1-9709-0650278b89e0, request: order_id='4f33130e-46ee-4bd1-9709-0650278b89e0' address='SAMPLE_ADDRESS' shipment_date=datetime.datetime(2026, 8, 20, 20, 41, 18, 439675)
2026-08-18 20:53:02,011 - INFO - Request for book_shipment successfully processed, request: order_id='4f33130e-46ee-4bd1-9709-0650278b89e0' address='SAMPLE_ADDRESS' shipment_date=datetime.datetime(2026, 8, 20, 20, 41, 18, 439675), order_id=4f33130e-46ee-4bd1-9709-0650278b89e0, result: shipment_id='7057e85a-4ee1-4ae2-a9ac-3f7013e2e430' tracking_id='fd676340-dd54-443e-b521-9a4526a7e01e' total_input_tokens=0 total_output_tokens=0 total_llm_calls=0
2026-08-18 20:54:36,606 - INFO - Request for book_shipment, order_id=16b30459-037b-4827-8cf4-c3acaf89530c, request: order_id='16b30459-037b-4827-8cf4-c3acaf89530c' address='SAMPLE_ADDRESS' shipment_date=datetime.datetime(2026, 8, 20, 20, 41, 18, 439675)
2026-08-18 20:54:36,806 - INFO - Request for book_shipment, external carrier service called successfully, order_id=16b30459-037b-4827-8cf4-c3acaf89530c, request: order_id='16b30459-037b-4827-8cf4-c3acaf89530c' address='SAMPLE_ADDRESS' shipment_date=datetime.datetime(2026, 8, 20, 20, 41, 18, 439675)
2026-08-18 20:54:36,808 - INFO - Request for book_shipment successfully processed, request: order_id='16b30459-037b-4827-8cf4-c3acaf89530c' address='SAMPLE_ADDRESS' shipment_date=datetime.datetime(2026, 8, 20, 20, 41, 18, 439675), order_id=16b30459-037b-4827-8cf4-c3acaf89530c, result: shipment_id='2e2c5ef6-d6f9-4f76-a029-e89561494fd2' tracking_id='c7d6d4cc-0e97-47f7-bf84-a5f5157d4d16' total_input_tokens=0 total_output_tokens=0 total_llm_calls=0
2026-08-18 20:54:37,174 - INFO - Request for book_shipment, order_id=b300e2d1-991d-447d-bec1-dbc3323e802e, request: order_id='b300e2d1-991d-447d-bec1-dbc3323e802e' address='SAMPLE_ADDRESS' shipment_date=datetime.datetime(2026, 8, 20, 20, 41, 18, 439675)
2026-08-18 20:54:37,375 - INFO - Request for book_shipment, external carrier service called successfully, order_id=b300e2d1-991d-447d-bec1-dbc3323e802e, request: order_id='b300e2d1-991d-447d-bec1-dbc3323e802e' address='SAMPLE_ADDRESS' shipment_date=datetime.datetime(2026, 8, 20, 20, 41, 18, 439675)
2026-08-18 20:54:37,380 - INFO - Request for book_shipment successfully processed, request: order_id='b300e2d1-991d-447d-bec1-dbc3323e802e' address='SAMPLE_ADDRESS' shipment_date=datetime.datetime(2026, 8, 20, 20, 41, 18, 439675), order_id=b300e2d1-991d-447d-bec1-dbc3323e802e, result: shipment_id='cc557bcf-038e-40b5-bdbb-f7aa8b9ea67d' tracking_id='c08c0741-37e7-4d7c-8d4c-0f12fe1c98d7' total_input_tokens=0 total_output_tokens=0 total_llm_calls=0
2026-08-18 20:54:37,800 - INFO - Request for book_shipment, order_id=0609f3ec-30ee-42c0-85a6-9c7183434f29, request: order_id='0609f3ec-30ee-42c0-85a6-9c7183434f29' address='SAMPLE_ADDRESS' shipment_date=datetime.datetime(2026, 8, 20, 20, 41, 18, 439675)
2026-08-18 20:54:38,002 - INFO - Request for book_shipment, external carrier service called successfully, order_id=0609f3ec-30ee-42c0-85a6-9c7183434f29, request: order_id='0609f3ec-30ee-42c0-85a6-9c7183434f29' address='SAMPLE_ADDRESS' shipment_date=datetime.datetime(2026, 8, 20, 20, 41, 18, 439675)
2026-08-18 20:54:38,005 - INFO - Request for book_shipment successfully processed, request: order_id='0609f3ec-30ee-42c0-85a6-9c7183434f29' address='SAMPLE_ADDRESS' shipment_date=datetime.datetime(2026, 8, 20, 20, 41, 18, 439675), order_id=0609f3ec-30ee-42c0-85a6-9c7183434f29, result: shipment_id='fcdc97f8-af19-403f-ad51-eb7244b6ffdb' tracking_id='718aa2ae-267e-4091-996d-97f32843222b' total_input_tokens=0 total_output_tokens=0 total_llm_calls=0
2026-08-18 20:54:38,391 - INFO - Request for book_shipment, order_id=4a67773f-d46f-4b83-8d80-6f27ca2655e7, request: order_id='4a67773f-d46f-4b83-8d80-6f27ca2655e7' address='SAMPLE_ADDRESS' shipment_date=datetime.datetime(2026, 8, 20, 20, 41, 18, 439675)
2026-08-18 20:54:38,592 - INFO - Request for book_shipment, external carrier service called successfully, order_id=4a67773f-d46f-4b83-8d80-6f27ca2655e7, request: order_id='4a67773f-d46f-4b83-8d80-6f27ca2655e7' address='SAMPLE_ADDRESS' shipment_date=datetime.datetime(2026, 8, 20, 20, 41, 18, 439675)
2026-08-18 20:54:38,596 - INFO - Request for book_shipment successfully processed, request: order_id='4a67773f-d46f-4b83-8d80-6f27ca2655e7' address='SAMPLE_ADDRESS' shipment_date=datetime.datetime(2026, 8, 20, 20, 41, 18, 439675), order_id=4a67773f-d46f-4b83-8d80-6f27ca2655e7, result: shipment_id='8ef79c43-069b-4225-a5d8-fd1e9c59e2fe' tracking_id='bf1afd16-7a99-457b-ab19-701dcf487e99' total_input_tokens=0 total_output_tokens=0 total_llm_calls=0
2026-08-18 20:54:38,992 - INFO - Request for book_shipment, order_id=dd24e1d4-e018-415a-98dd-8234a0777f9c, request: order_id='dd24e1d4-e018-415a-98dd-8234a0777f9c' address='SAMPLE_ADDRESS' shipment_date=datetime.datetime(2026, 8, 20, 20, 41, 18, 439675)
2026-08-18 20:54:39,193 - INFO - Request for book_shipment, external carrier service called successfully, order_id=dd24e1d4-e018-415a-98dd-8234a0777f9c, request: order_id='dd24e1d4-e018-415a-98dd-8234a0777f9c' address='SAMPLE_ADDRESS' shipment_date=datetime.datetime(2026, 8, 20, 20, 41, 18, 439675)
2026-08-18 20:54:39,196 - INFO - Request for book_shipment successfully processed, request: order_id='dd24e1d4-e018-415a-98dd-8234a0777f9c' address='SAMPLE_ADDRESS' shipment_date=datetime.datetime(2026, 8, 20, 20, 41, 18, 439675), order_id=dd24e1d4-e018-415a-98dd-8234a0777f9c, result: shipment_id='6dd5c7e7-cebe-417a-b344-b021b106f77a' tracking_id='7573fa42-1fe3-46e1-a475-b8eda93d30fd' total_input_tokens=0 total_output_tokens=0 total_llm_calls=0
2026-08-18 20:56:35,809 - INFO - Request for book_shipment, order_id=ec31d4fd-813c-48b2-a6c2-944eb83f6757, request: order_id='ec31d4fd-813c-48b2-a6c2-944eb83f6757' address='SAMPLE_ADDRESS' shipment_date=datetime.datetime(2026, 8, 20, 20, 41, 18, 439675)
2026-08-18 20:56:36,010 - INFO - Request for book_shipment, external carrier service called successfully, order_id=ec31d4fd-813c-48b2-a6c2-944eb83f6757, request: order_id='ec31d4fd-813c-48b2-a6c2-944eb83f6757' address='SAMPLE_ADDRESS' shipment_date=datetime.datetime(2026, 8, 20, 20, 41, 18, 439675)
2026-08-18 20:56:36,012 - INFO - Request for book_shipment successfully processed, request: order_id='ec31d4fd-813c-48b2-a6c2-944eb83f6757' address='SAMPLE_ADDRESS' shipment_date=datetime.datetime(2026, 8, 20, 20, 41, 18, 439675), order_id=ec31d4fd-813c-48b2-a6c2-944eb83f6757, result: shipment_id='6bc07115-943c-4615-9b9a-8b1b3d1b887b' tracking_id='b276fef6-9e50-4134-b065-a1c3d8ed1ac7' total_input_tokens=0 total_output_tokens=0 total_llm_calls=0
2026-08-18 20:56:36,377 - INFO - Request for book_shipment, order_id=77489223-5ed7-427d-8796-1f58686b1f36, request: order_id='77489223-5ed7-427d-8796-1f58686b1f36' address='SAMPLE_ADDRESS' shipment_date=datetime.datetime(2026, 8, 20, 20, 41, 18, 439675)
2026-08-18 20:56:36,578 - INFO - Request for book_shipment, external carrier service called successfully, order_id=77489223-5ed7-427d-8796-1f58686b1f36, request: order_id='77489223-5ed7-427d-8796-1f58686b1f36' address='SAMPLE_ADDRESS' shipment_date=datetime.datetime(2026, 8, 20, 20, 41, 18, 439675)
2026-08-18 20:56:36,583 - INFO - Request for book_shipment successfully processed, request: order_id='77489223-5ed7-427d-8796-1f58686b1f36' address='SAMPLE_ADDRESS' shipment_date=datetime.datetime(2026, 8, 20, 20, 41, 18, 439675), order_id=77489223-5ed7-427d-8796-1f58686b1f36, result: shipment_id='6193f79e-eba0-4f6f-8566-f1fba864b231' tracking_id='1250cce5-840f-4b3c-8c92-57c88c5d4beb' total_input_tokens=0 total_output_tokens=0 total_llm_calls=0
2026-08-18 20:56:36,988 - INFO - Request for book_shipment, order_id=64673708-3ae8-4121-8f8f-d5f5248f21c5, request: order_id='64673708-3ae8-4121-8f8f-d5f5248f21c5' address='SAMPLE_ADDRESS' shipment_date=datetime.datetime(2026, 8, 20, 20, 41, 18, 439675)
2026-08-18 20:56:37,189 - INFO - Request for book_shipment, external carrier service called successfully, order_id=64673708-3ae8-4121-8f8f-d5f5248f21c5, request: order_id='64673708-3ae8-4121-8f8f-d5f5248f21c5' address='SAMPLE_ADDRESS' shipment_date=datetime.datetime(2026, 8, 20, 20, 41, 18, 439675)
2026-08-18 20:56:37,194 - INFO - Request for book_shipment successfully processed, request: order_id='64673708-3ae8-4121-8f8f-d5f5248f21c5' address='SAMPLE_ADDRESS' shipment_date=datetime.datetime(2026, 8, 20, 20, 41, 18, 439675), order_id=64673708-3ae8-4121-8f8f-d5f5248f21c5, result: shipment_id='c0756865-7004-4bae-b808-d5850ccb7cf9' tracking_id='e3f5d10d-4684-4803-9907-2ee9a757c787' total_input_tokens=0 total_output_tokens=0 total_llm_calls=0
2026-08-18 20:56:37,568 - INFO - Request for book_shipment, order_id=28fad622-9837-4d9f-b32d-66c84bc43d24, request: order_id='28fad622-9837-4d9f-b32d-66c84bc43d24' address='SAMPLE_ADDRESS' shipment_date=datetime.datetime(2026, 8, 20, 20, 41, 18, 439675)
2026-08-18 20:56:37,769 - INFO - Request for book_shipment, external carrier service called successfully, order_id=28fad622-9837-4d9f-b32d-66c84bc43d24, request: order_id='28fad622-9837-4d9f-b32d-66c84bc43d24' address='SAMPLE_ADDRESS' shipment_date=datetime.datetime(2026, 8, 20, 20, 41, 18, 439675)
2026-08-18 20:56:37,773 - INFO - Request for book_shipment successfully processed, request: order_id='28fad622-9837-4d9f-b32d-66c84bc43d24' address='SAMPLE_ADDRESS' shipment_date=datetime.datetime(2026, 8, 20, 20, 41, 18, 439675), order_id=28fad622-9837-4d9f-b32d-66c84bc43d24, result: shipment_id='c9d031e0-c3cf-4062-8363-4ce49e81e48d' tracking_id='30d9f76d-f121-4753-aea6-6f4d8fb79b12' total_input_tokens=0 total_output_tokens=0 total_llm_calls=0
2026-08-18 20:56:38,159 - INFO - Request for book_shipment, order_id=fe12adf2-7261-48f9-be38-fb8b90c5a133, request: order_id='fe12adf2-7261-48f9-be38-fb8b90c5a133' address='SAMPLE_ADDRESS' shipment_date=datetime.datetime(2026, 8, 20, 20, 41, 18, 439675)
2026-08-18 20:56:38,360 - INFO - Request for book_shipment, external carrier service called successfully, order_id=fe12adf2-7261-48f9-be38-fb8b90c5a133, request: order_id='fe12adf2-7261-48f9-be38-fb8b90c5a133' address='SAMPLE_ADDRESS' shipment_date=datetime.datetime(2026, 8, 20, 20, 41, 18, 439675)
2026-08-18 20:56:38,365 - INFO - Request for book_shipment successfully processed, request: order_id='fe12adf2-7261-48f9-be38-fb8b90c5a133' address='SAMPLE_ADDRESS' shipment_date=datetime.datetime(2026, 8, 20, 20, 41, 18, 439675), order_id=fe12adf2-7261-48f9-be38-fb8b90c5a133, result: shipment_id='8e744306-caa6-4d0d-b9b6-a1834d5f989b' tracking_id='d1b34ec2-b189-47a8-a291-952491c0a222' total_input_tokens=0 total_output_tokens=0 total_llm_calls=0
2026-08-18 20:57:19,227 - INFO - Request for book_shipment, order_id=9494eefb-56df-4ee9-a776-2886ff249e8c, request: order_id='9494eefb-56df-4ee9-a776-2886ff249e8c' address='SAMPLE_ADDRESS' shipment_date=datetime.datetime(2026, 8, 20, 20, 41, 18, 439675)
2026-08-18 20:57:19,428 - INFO - Request for book_shipment, external carrier service called successfully, order_id=9494eefb-56df-4ee9-a776-2886ff249e8c, request: order_id='9494eefb-56df-4ee9-a776-2886ff249e8c' address='SAMPLE_ADDRESS' shipment_date=datetime.datetime(2026, 8, 20, 20, 41, 18, 439675)
2026-08-18 20:57:19,430 - INFO - Request for book_shipment successfully processed, request: order_id='9494eefb-56df-4ee9-a776-2886ff249e8c' address='SAMPLE_ADDRESS' shipment_date=datetime.datetime(2026, 8, 20, 20, 41, 18, 439675), order_id=9494eefb-56df-4ee9-a776-2886ff249e8c, result: shipment_id='36a569a1-d99c-47bf-bb67-067109ef2727' tracking_id='5843f0b8-f41d-4bbe-87ba-d0d372500e94' total_input_tokens=0 total_output_tokens=0 total_llm_calls=0
2026-08-18 20:57:19,810 - INFO - Request for book_shipment, order_id=db847308-56ad-4879-8429-aff08d353fa8, request: order_id='db847308-56ad-4879-8429-aff08d353fa8' address='SAMPLE_ADDRESS' shipment_date=datetime.datetime(2026, 8, 20, 20, 41, 18, 439675)
2026-08-18 20:57:20,015 - INFO - Request for book_shipment, external carrier service called successfully, order_id=db847308-56ad-4879-8429-aff08d353fa8, request: order_id='db847308-56ad-4879-8429-aff08d353fa8' address='SAMPLE_ADDRESS' shipment_date=datetime.datetime(2026, 8, 20, 20, 41, 18, 439675)
2026-08-18 20:57:20,018 - INFO - Request for book_shipment successfully processed, request: order_id='db847308-56ad-4879-8429-aff08d353fa8' address='SAMPLE_ADDRESS' shipment_date=datetime.datetime(2026, 8, 20, 20, 41, 18, 439675), order_id=db847308-56ad-4879-8429-aff08d353fa8, result: shipment_id='79a93f94-ca04-42d6-87bd-05ff1f0b62b5' tracking_id='45c1ff15-d3ed-49e2-88d0-2e1387197680' total_input_tokens=0 total_output_tokens=0 total_llm_calls=0
2026-08-18 20:57:20,411 - INFO - Request for book_shipment, order_id=c6354b2a-4d7f-46ac-aadf-9f4f30c855df, request: order_id='c6354b2a-4d7f-46ac-aadf-9f4f30c855df' address='SAMPLE_ADDRESS' shipment_date=datetime.datetime(2026, 8, 20, 20, 41, 18, 439675)
2026-08-18 20:57:20,612 - INFO - Request for book_shipment, external carrier service called successfully, order_id=c6354b2a-4d7f-46ac-aadf-9f4f30c855df, request: order_id='c6354b2a-4d7f-46ac-aadf-9f4f30c855df' address='SAMPLE_ADDRESS' shipment_date=datetime.datetime(2026, 8, 20, 20, 41, 18, 439675)
2026-08-18 20:57:20,618 - INFO - Request for book_shipment successfully processed, request: order_id='c6354b2a-4d7f-46ac-aadf-9f4f30c855df' address='SAMPLE_ADDRESS' shipment_date=datetime.datetime(2026, 8, 20, 20, 41, 18, 439675), order_id=c6354b2a-4d7f-46ac-aadf-9f4f30c855df, result: shipment_id='87fa2218-6864-4ce4-88b1-4d2584ff5db6' tracking_id='1f5faea2-4544-4393-95ce-2b6a4c2dab09' total_input_tokens=0 total_output_tokens=0 total_llm_calls=0
2026-08-18 20:57:21,034 - INFO - Request for book_shipment, order_id=e928f7ab-0435-427e-b9ff-3a2f4bc7a129, request: order_id='e928f7ab-0435-427e-b9ff-3a2f4bc7a129' address='SAMPLE_ADDRESS' shipment_date=datetime.datetime(2026, 8, 20, 20, 41, 18, 439675)
2026-08-18 20:57:21,234 - INFO - Request for book_shipment, external carrier service called successfully, order_id=e928f7ab-0435-427e-b9ff-3a2f4bc7a129, request: order_id='e928f7ab-0435-427e-b9ff-3a2f4bc7a129' address='SAMPLE_ADDRESS' shipment_date=datetime.datetime(2026, 8, 20, 20, 41, 18, 439675)
2026-08-18 20:57:21,241 - INFO - Request for book_shipment successfully processed, request: order_id='e928f7ab-0435-427e-b9ff-3a2f4bc7a129' address='SAMPLE_ADDRESS' shipment_date=datetime.datetime(2026, 8, 20, 20, 41, 18, 439675), order_id=e928f7ab-0435-427e-b9ff-3a2f4bc7a129, result: shipment_id='9ccea127-0285-434b-9160-8245a3cad944' tracking_id='59f9804b-1584-4c80-a291-94902ba6dc8e' total_input_tokens=0 total_output_tokens=0 total_llm_calls=0
2026-08-18 20:57:21,665 - INFO - Request for book_shipment, order_id=25455fd6-b7a8-4900-ad90-5aeedaefe4ef, request: order_id='25455fd6-b7a8-4900-ad90-5aeedaefe4ef' address='SAMPLE_ADDRESS' shipment_date=datetime.datetime(2026, 8, 20, 20, 41, 18, 439675)
2026-08-18 20:57:21,866 - INFO - Request for book_shipment, external carrier service called successfully, order_id=25455fd6-b7a8-4900-ad90-5aeedaefe4ef, request: order_id='25455fd6-b7a8-4900-ad90-5aeedaefe4ef' address='SAMPLE_ADDRESS' shipment_date=datetime.datetime(2026, 8, 20, 20, 41, 18, 439675)
2026-08-18 20:57:21,870 - INFO - Request for book_shipment successfully processed, request: order_id='25455fd6-b7a8-4900-ad90-5aeedaefe4ef' address='SAMPLE_ADDRESS' shipment_date=datetime.datetime(2026, 8, 20, 20, 41, 18, 439675), order_id=25455fd6-b7a8-4900-ad90-5aeedaefe4ef, result: shipment_id='305dbfe6-2a56-4372-800c-ed8aeb5357bb' tracking_id='daaacb94-95f6-4bed-b5f3-8096f98ce1cd' total_input_tokens=0 total_output_tokens=0 total_llm_calls=0
2026-08-18 20:58:14,769 - INFO - Request for book_shipment, order_id=6fdfb269-ce3a-4a92-8263-0be07f4f0bc2, request: order_id='6fdfb269-ce3a-4a92-8263-0be07f4f0bc2' address='SAMPLE_ADDRESS' shipment_date=datetime.datetime(2026, 8, 20, 20, 41, 18, 439675)
2026-08-18 20:58:14,970 - INFO - Request for book_shipment, external carrier service called successfully, order_id=6fdfb269-ce3a-4a92-8263-0be07f4f0bc2, request: order_id='6fdfb269-ce3a-4a92-8263-0be07f4f0bc2' address='SAMPLE_ADDRESS' shipment_date=datetime.datetime(2026, 8, 20, 20, 41, 18, 439675)
2026-08-18 20:58:14,974 - INFO - Request for book_shipment successfully processed, request: order_id='6fdfb269-ce3a-4a92-8263-0be07f4f0bc2' address='SAMPLE_ADDRESS' shipment_date=datetime.datetime(2026, 8, 20, 20, 41, 18, 439675), order_id=6fdfb269-ce3a-4a92-8263-0be07f4f0bc2, result: shipment_id='0a7fb216-cb35-439c-9303-90dc87111fe5' tracking_id='b9b82137-81c5-42e5-a22b-bf702a782de9' total_input_tokens=0 total_output_tokens=0 total_llm_calls=0
2026-08-18 20:58:15,392 - INFO - Request for book_shipment, order_id=9fecd78b-d5bf-4b47-8beb-e16361b78eee, request: order_id='9fecd78b-d5bf-4b47-8beb-e16361b78eee' address='SAMPLE_ADDRESS' shipment_date=datetime.datetime(2026, 8, 20, 20, 41, 18, 439675)
2026-08-18 20:58:15,593 - INFO - Request for book_shipment, external carrier service called successfully, order_id=9fecd78b-d5bf-4b47-8beb-e16361b78eee, request: order_id='9fecd78b-d5bf-4b47-8beb-e16361b78eee' address='SAMPLE_ADDRESS' shipment_date=datetime.datetime(2026, 8, 20, 20, 41, 18, 439675)
2026-08-18 20:58:15,598 - INFO - Request for book_shipment successfully processed, request: order_id='9fecd78b-d5bf-4b47-8beb-e16361b78eee' address='SAMPLE_ADDRESS' shipment_date=datetime.datetime(2026, 8, 20, 20, 41, 18, 439675), order_id=9fecd78b-d5bf-4b47-8beb-e16361b78eee, result: shipment_id='ef857b89-afe4-4bc0-bbc3-ed0f19613f8d' tracking_id='700ec383-4fc5-4948-9ff2-1bd074373518' total_input_tokens=0 total_output_tokens=0 total_llm_calls=0
2026-08-18 20:58:15,945 - INFO - Request for book_shipment, order_id=673c47ac-f52d-4f8d-9f75-bcd7c3395411, request: order_id='673c47ac-f52d-4f8d-9f75-bcd7c3395411' address='SAMPLE_ADDRESS' shipment_date=datetime.datetime(2026, 8, 20, 20, 41, 18, 439675)
2026-08-18 20:58:16,146 - INFO - Request for book_shipment, external carrier service called successfully, order_id=673c47ac-f52d-4f8d-9f75-bcd7c3395411, request: order_id='673c47ac-f52d-4f8d-9f75-bcd7c3395411' address='SAMPLE_ADDRESS' shipment_date=datetime.datetime(2026, 8, 20, 20, 41, 18, 439675)
2026-08-18 20:58:16,147 - INFO - Request for book_shipment successfully processed, request: order_id='673c47ac-f52d-4f8d-9f75-bcd7c3395411' address='SAMPLE_ADDRESS' shipment_date=datetime.datetime(2026, 8, 20, 20, 41, 18, 439675), order_id=673c47ac-f52d-4f8d-9f75-bcd7c3395411, result: shipment_id='4a63c27b-20ba-44c6-88c0-bd6133b4fe02' tracking_id='a6f1d156-c19f-4c50-ae38-16cb5e6e6e4f' total_input_tokens=0 total_output_tokens=0 total_llm_calls=0
2026-08-18 20:58:16,474 - INFO - Request for book_shipment, order_id=92066bae-c062-46e9-a172-96369a6dd931, request: order_id='92066bae-c062-46e9-a172-96369a6dd931' address='SAMPLE_ADDRESS' shipment_date=datetime.datetime(2026, 8, 20, 20, 41, 18, 439675)
2026-08-18 20:58:16,675 - INFO - Request for book_shipment, external carrier service called successfully, order_id=92066bae-c062-46e9-a172-96369a6dd931, request: order_id='92066bae-c062-46e9-a172-96369a6dd931' address='SAMPLE_ADDRESS' shipment_date=datetime.datetime(2026, 8, 20, 20, 41, 18, 439675)
2026-08-18 20:58:16,679 - INFO - Request for book_shipment successfully processed, request: order_id='92066bae-c062-46e9-a172-96369a6dd931' address='SAMPLE_ADDRESS' shipment_date=datetime.datetime(2026, 8, 20, 20, 41, 18, 439675), order_id=92066bae-c062-46e9-a172-96369a6dd931, result: shipment_id='4becd09a-feb3-4fbb-b476-a4fd8dabca48' tracking_id='21506cf0-c75c-42b0-8fbc-5a8e5db985aa' total_input_tokens=0 total_output_tokens=0 total_llm_calls=0
2026-08-18 20:58:17,019 - INFO - Request for book_shipment, order_id=cfd83a80-1dfe-4c2b-89af-784665930b81, request: order_id='cfd83a80-1dfe-4c2b-89af-784665930b81' address='SAMPLE_ADDRESS' shipment_date=datetime.datetime(2026, 8, 20, 20, 41, 18, 439675)
2026-08-18 20:58:17,219 - INFO - Request for book_shipment, external carrier service called successfully, order_id=cfd83a80-1dfe-4c2b-89af-784665930b81, request: order_id='cfd83a80-1dfe-4c2b-89af-784665930b81' address='SAMPLE_ADDRESS' shipment_date=datetime.datetime(2026, 8, 20, 20, 41, 18, 439675)
2026-08-18 20:58:17,221 - INFO - Request for book_shipment successfully processed, request: order_id='cfd83a80-1dfe-4c2b-89af-784665930b81' address='SAMPLE_ADDRESS' shipment_date=datetime.datetime(2026, 8, 20, 20, 41, 18, 439675), order_id=cfd83a80-1dfe-4c2b-89af-784665930b81, result: shipment_id='2b9ef6b6-23a3-43e1-9d0b-0e7cf5f8771a' tracking_id='540017b9-8aba-4a11-826b-3d3a6cff2d6e' total_input_tokens=0 total_output_tokens=0 total_llm_calls=0
2026-08-18 20:59:28,055 - INFO - Request for book_shipment, order_id=a1e9189c-f9b0-4150-9c1f-6c6175677012, request: order_id='a1e9189c-f9b0-4150-9c1f-6c6175677012' address='SAMPLE_ADDRESS' shipment_date=datetime.datetime(2026, 8, 20, 20, 41, 18, 439675)
2026-08-18 20:59:28,256 - INFO - Request for book_shipment, external carrier service called successfully, order_id=a1e9189c-f9b0-4150-9c1f-6c6175677012, request: order_id='a1e9189c-f9b0-4150-9c1f-6c6175677012' address='SAMPLE_ADDRESS' shipment_date=datetime.datetime(2026, 8, 20, 20, 41, 18, 439675)
2026-08-18 20:59:28,257 - INFO - Request for book_shipment successfully processed, request: order_id='a1e9189c-f9b0-4150-9c1f-6c6175677012' address='SAMPLE_ADDRESS' shipment_date=datetime.datetime(2026, 8, 20, 20, 41, 18, 439675), order_id=a1e9189c-f9b0-4150-9c1f-6c6175677012, result: shipment_id='3cda9cca-497e-4986-834c-e2e49c1f4a86' tracking_id='cc069fc2-6afc-452f-968f-d9b58ae0adce' total_input_tokens=0 total_output_tokens=0 total_llm_calls=0
2026-08-18 20:59:28,646 - INFO - Request for book_shipment, order_id=0b1ca97a-4215-4ab3-98f8-9a20058334e0, request: order_id='0b1ca97a-4215-4ab3-98f8-9a20058334e0' address='SAMPLE_ADDRESS' shipment_date=datetime.datetime(2026, 8, 20, 20, 41, 18, 439675)
2026-08-18 20:59:28,848 - INFO - Request for book_shipment, external carrier service called successfully, order_id=0b1ca97a-4215-4ab3-98f8-9a20058334e0, request: order_id='0b1ca97a-4215-4ab3-98f8-9a20058334e0' address='SAMPLE_ADDRESS' shipment_date=datetime.datetime(2026, 8, 20, 20, 41, 18, 439675)
2026-08-18 20:59:28,853 - INFO - Request for book_shipment successfully processed, request: order_id='0b1ca97a-4215-4ab3-98f8-9a20058334e0' address='SAMPLE_ADDRESS' shipment_date=datetime.datetime(2026, 8, 20, 20, 41, 18, 439675), order_id=0b1ca97a-4215-4ab3-98f8-9a20058334e0, result: shipment_id='a8840af8-e55b-4f2e-9e4a-f152ef0fa9d8' tracking_id='15266ecb-3f27-456f-8f2e-61c9f439c1b8' total_input_tokens=0 total_output_tokens=0 total_llm_calls=0
2026-08-18 20:59:29,337 - INFO - Request for book_shipment, order_id=acfc47f6-d352-443f-8d97-814626fb7c9d, request: order_id='acfc47f6-d352-443f-8d97-814626fb7c9d' address='SAMPLE_ADDRESS' shipment_date=datetime.datetime(2026, 8, 20, 20, 41, 18, 439675)
2026-08-18 20:59:29,537 - INFO - Request for book_shipment, external carrier service called successfully, order_id=acfc47f6-d352-443f-8d97-814626fb7c9d, request: order_id='acfc47f6-d352-443f-8d97-814626fb7c9d' address='SAMPLE_ADDRESS' shipment_date=datetime.datetime(2026, 8, 20, 20, 41, 18, 439675)
2026-08-18 20:59:29,539 - INFO - Request for book_shipment successfully processed, request: order_id='acfc47f6-d352-443f-8d97-814626fb7c9d' address='SAMPLE_ADDRESS' shipment_date=datetime.datetime(2026, 8, 20, 20, 41, 18, 439675), order_id=acfc47f6-d352-443f-8d97-814626fb7c9d, result: shipment_id='abf349ab-f23d-4aac-85a3-0b74ae16a412' tracking_id='55aab937-cfb1-4dc1-9ee0-749c4bcddeae' total_input_tokens=0 total_output_tokens=0 total_llm_calls=0
2026-08-18 20:59:29,888 - INFO - Request for book_shipment, order_id=2705e0af-53a0-4c51-8295-c849fe9a05bc, request: order_id='2705e0af-53a0-4c51-8295-c849fe9a05bc' address='SAMPLE_ADDRESS' shipment_date=datetime.datetime(2026, 8, 20, 20, 41, 18, 439675)
2026-08-18 20:59:30,090 - INFO - Request for book_shipment, external carrier service called successfully, order_id=2705e0af-53a0-4c51-8295-c849fe9a05bc, request: order_id='2705e0af-53a0-4c51-8295-c849fe9a05bc' address='SAMPLE_ADDRESS' shipment_date=datetime.datetime(2026, 8, 20, 20, 41, 18, 439675)
2026-08-18 20:59:30,094 - INFO - Request for book_shipment successfully processed, request: order_id='2705e0af-53a0-4c51-8295-c849fe9a05bc' address='SAMPLE_ADDRESS' shipment_date=datetime.datetime(2026, 8, 20, 20, 41, 18, 439675), order_id=2705e0af-53a0-4c51-8295-c849fe9a05bc, result: shipment_id='0101f6a5-05ca-468f-9892-d75618214a23' tracking_id='274097d8-b18e-4429-9c31-8f70aede48a0' total_input_tokens=0 total_output_tokens=0 total_llm_calls=0
2026-08-18 20:59:30,452 - INFO - Request for book_shipment, order_id=3fd54242-dc95-41c6-834a-61a773d615a9, request: order_id='3fd54242-dc95-41c6-834a-61a773d615a9' address='SAMPLE_ADDRESS' shipment_date=datetime.datetime(2026, 8, 20, 20, 41, 18, 439675)
2026-08-18 20:59:30,653 - INFO - Request for book_shipment, external carrier service called successfully, order_id=3fd54242-dc95-41c6-834a-61a773d615a9, request: order_id='3fd54242-dc95-41c6-834a-61a773d615a9' address='SAMPLE_ADDRESS' shipment_date=datetime.datetime(2026, 8, 20, 20, 41, 18, 439675)
2026-08-18 20:59:30,658 - INFO - Request for book_shipment successfully processed, request: order_id='3fd54242-dc95-41c6-834a-61a773d615a9' address='SAMPLE_ADDRESS' shipment_date=datetime.datetime(2026, 8, 20, 20, 41, 18, 439675), order_id=3fd54242-dc95-41c6-834a-61a773d615a9, result: shipment_id='9b632aa6-8123-4bd3-a1a5-fd4870123009' tracking_id='7c405cbc-018d-4a76-8977-493a742271d4' total_input_tokens=0 total_output_tokens=0 total_llm_calls=0
2026-08-18 21:00:22,979 - INFO - Request for book_shipment, order_id=0fa439f3-c98d-4e63-ae44-affaae320268, request: order_id='0fa439f3-c98d-4e63-ae44-affaae320268' address='SAMPLE_ADDRESS' shipment_date=datetime.datetime(2026, 8, 20, 20, 41, 18, 439675)
2026-08-18 21:00:23,179 - INFO - Request for book_shipment, external carrier service called successfully, order_id=0fa439f3-c98d-4e63-ae44-affaae320268, request: order_id='0fa439f3-c98d-4e63-ae44-affaae320268' address='SAMPLE_ADDRESS' shipment_date=datetime.datetime(2026, 8, 20, 20, 41, 18, 439675)
2026-08-18 21:00:23,184 - INFO - Request for book_shipment successfully processed, request: order_id='0fa439f3-c98d-4e63-ae44-affaae320268' address='SAMPLE_ADDRESS' shipment_date=datetime.datetime(2026, 8, 20, 20, 41, 18, 439675), order_id=0fa439f3-c98d-4e63-ae44-affaae320268, result: shipment_id='4eabe909-79a3-416f-a810-8ecc0456d6f3' tracking_id='08dfcf33-89e4-4493-9d7a-4d1e6c4ba28a' total_input_tokens=0 total_output_tokens=0 total_llm_calls=0
2026-08-18 21:00:23,643 - INFO - Request for book_shipment, order_id=f77a38b3-7136-45d7-9707-9a1af2cb299d, request: order_id='f77a38b3-7136-45d7-9707-9a1af2cb299d' address='SAMPLE_ADDRESS' shipment_date=datetime.datetime(2026, 8, 20, 20, 41, 18, 439675)
2026-08-18 21:00:23,844 - INFO - Request for book_shipment, external carrier service called successfully, order_id=f77a38b3-7136-45d7-9707-9a1af2cb299d, request: order_id='f77a38b3-7136-45d7-9707-9a1af2cb299d' address='SAMPLE_ADDRESS' shipment_date=datetime.datetime(2026, 8, 20, 20, 41, 18, 439675)
2026-08-18 21:00:23,846 - INFO - Request for book_shipment successfully processed, request: order_id='f77a38b3-7136-45d7-9707-9a1af2cb299d' address='SAMPLE_ADDRESS' shipment_date=datetime.datetime(2026, 8, 20, 20, 41, 18, 439675), order_id=f77a38b3-7136-45d7-9707-9a1af2cb299d, result: shipment_id='4b5be539-a4c2-479a-a7f0-4b964f4c7d92' tracking_id='1fc9aa8c-6403-46ca-ab96-1e95b9c0d008' total_input_tokens=0 total_output_tokens=0 total_llm_calls=0
2026-08-18 21:00:24,166 - INFO - Request for book_shipment, order_id=267a6fc7-ffc3-4478-ada7-7bc28adadf1c, request: order_id='267a6fc7-ffc3-4478-ada7-7bc28adadf1c' address='SAMPLE_ADDRESS' shipment_date=datetime.datetime(2026, 8, 20, 20, 41, 18, 439675)
2026-08-18 21:00:24,367 - INFO - Request for book_shipment, external carrier service called successfully, order_id=267a6fc7-ffc3-4478-ada7-7bc28adadf1c, request: order_id='267a6fc7-ffc3-4478-ada7-7bc28adadf1c' address='SAMPLE_ADDRESS' shipment_date=datetime.datetime(2026, 8, 20, 20, 41, 18, 439675)
2026-08-18 21:00:24,373 - INFO - Request for book_shipment successfully processed, request: order_id='267a6fc7-ffc3-4478-ada7-7bc28adadf1c' address='SAMPLE_ADDRESS' shipment_date=datetime.datetime(2026, 8, 20, 20, 41, 18, 439675), order_id=267a6fc7-ffc3-4478-ada7-7bc28adadf1c, result: shipment_id='0fc320f4-a133-4c04-9f68-2bd240d84493' tracking_id='82c5f19d-c6fd-475b-a9d8-8c8ed9d8845c' total_input_tokens=0 total_output_tokens=0 total_llm_calls=0
2026-08-18 21:00:24,753 - INFO - Request for book_shipment, order_id=5057bbe1-11c3-4f2e-ad48-5c622fdd8411, request: order_id='5057bbe1-11c3-4f2e-ad48-5c622fdd8411' address='SAMPLE_ADDRESS' shipment_date=datetime.datetime(2026, 8, 20, 20, 41, 18, 439675)
2026-08-18 21:00:24,954 - INFO - Request for book_shipment, external carrier service called successfully, order_id=5057bbe1-11c3-4f2e-ad48-5c622fdd8411, request: order_id='5057bbe1-11c3-4f2e-ad48-5c622fdd8411' address='SAMPLE_ADDRESS' shipment_date=datetime.datetime(2026, 8, 20, 20, 41, 18, 439675)
2026-08-18 21:00:24,964 - INFO - Request for book_shipment successfully processed, request: order_id='5057bbe1-11c3-4f2e-ad48-5c622fdd8411' address='SAMPLE_ADDRESS' shipment_date=datetime.datetime(2026, 8, 20, 20, 41, 18, 439675), order_id=5057bbe1-11c3-4f2e-ad48-5c622fdd8411, result: shipment_id='35623b15-f285-4086-b4ad-3cab70680dec' tracking_id='1094ffac-d8b9-4553-8957-1979d00184bc' total_input_tokens=0 total_output_tokens=0 total_llm_calls=0
2026-08-18 21:00:25,357 - INFO - Request for book_shipment, order_id=c31715dd-490f-4e1b-89be-b58de20c956a, request: order_id='c31715dd-490f-4e1b-89be-b58de20c956a' address='SAMPLE_ADDRESS' shipment_date=datetime.datetime(2026, 8, 20, 20, 41, 18, 439675)
2026-08-18 21:00:25,558 - INFO - Request for book_shipment, external carrier service called successfully, order_id=c31715dd-490f-4e1b-89be-b58de20c956a, request: order_id='c31715dd-490f-4e1b-89be-b58de20c956a' address='SAMPLE_ADDRESS' shipment_date=datetime.datetime(2026, 8, 20, 20, 41, 18, 439675)
2026-08-18 21:00:25,559 - INFO - Request for book_shipment successfully processed, request: order_id='c31715dd-490f-4e1b-89be-b58de20c956a' address='SAMPLE_ADDRESS' shipment_date=datetime.datetime(2026, 8, 20, 20, 41, 18, 439675), order_id=c31715dd-490f-4e1b-89be-b58de20c956a, result: shipment_id='d1fdb084-06bd-41c7-b7cf-9f0ec802dd01' tracking_id='0bc6a0cb-5cf9-4ec2-b6be-ff8bee40f61c' total_input_tokens=0 total_output_tokens=0 total_llm_calls=0
2026-08-18 21:11:58,592 - INFO - Request for book_shipment, order_id=0a7257a7-dc44-4b97-bbf1-c015935de4d1, request: order_id='0a7257a7-dc44-4b97-bbf1-c015935de4d1' address='SAMPLE_ADDRESS' shipment_date=datetime.datetime(2026, 8, 20, 20, 41, 18, 439675)
2026-08-18 21:11:58,793 - INFO - Request for book_shipment, external carrier service called successfully, order_id=0a7257a7-dc44-4b97-bbf1-c015935de4d1, request: order_id='0a7257a7-dc44-4b97-bbf1-c015935de4d1' address='SAMPLE_ADDRESS' shipment_date=datetime.datetime(2026, 8, 20, 20, 41, 18, 439675)
2026-08-18 21:11:58,795 - INFO - Request for book_shipment successfully processed, request: order_id='0a7257a7-dc44-4b97-bbf1-c015935de4d1' address='SAMPLE_ADDRESS' shipment_date=datetime.datetime(2026, 8, 20, 20, 41, 18, 439675), order_id=0a7257a7-dc44-4b97-bbf1-c015935de4d1, result: shipment_id='434a28ab-5389-4344-b16f-08a05a04f4c6' tracking_id='c8823f4c-1943-43d3-b0fb-ab949afa0133' total_input_tokens=0 total_output_tokens=0 total_llm_calls=0
2026-08-18 21:11:59,229 - INFO - Request for book_shipment, order_id=74838c55-8d86-4817-bfb9-3cf46c849fbd, request: order_id='74838c55-8d86-4817-bfb9-3cf46c849fbd' address='SAMPLE_ADDRESS' shipment_date=datetime.datetime(2026, 8, 20, 20, 41, 18, 439675)
2026-08-18 21:11:59,430 - INFO - Request for book_shipment, external carrier service called successfully, order_id=74838c55-8d86-4817-bfb9-3cf46c849fbd, request: order_id='74838c55-8d86-4817-bfb9-3cf46c849fbd' address='SAMPLE_ADDRESS' shipment_date=datetime.datetime(2026, 8, 20, 20, 41, 18, 439675)
2026-08-18 21:11:59,438 - INFO - Request for book_shipment successfully processed, request: order_id='74838c55-8d86-4817-bfb9-3cf46c849fbd' address='SAMPLE_ADDRESS' shipment_date=datetime.datetime(2026, 8, 20, 20, 41, 18, 439675), order_id=74838c55-8d86-4817-bfb9-3cf46c849fbd, result: shipment_id='bd23f941-ae36-4896-8c1a-4ba83ce10d2b' tracking_id='314cea01-5be6-48d4-9c51-0f22b7fdd997' total_input_tokens=0 total_output_tokens=0 total_llm_calls=0
2026-08-18 21:11:59,877 - INFO - Request for book_shipment, order_id=f584ad0c-6d2b-4167-a4f8-ee1dbb828df0, request: order_id='f584ad0c-6d2b-4167-a4f8-ee1dbb828df0' address='SAMPLE_ADDRESS' shipment_date=datetime.datetime(2026, 8, 20, 20, 41, 18, 439675)
2026-08-18 21:12:00,078 - INFO - Request for book_shipment, external carrier service called successfully, order_id=f584ad0c-6d2b-4167-a4f8-ee1dbb828df0, request: order_id='f584ad0c-6d2b-4167-a4f8-ee1dbb828df0' address='SAMPLE_ADDRESS' shipment_date=datetime.datetime(2026, 8, 20, 20, 41, 18, 439675)
2026-08-18 21:12:00,079 - INFO - Request for book_shipment successfully processed, request: order_id='f584ad0c-6d2b-4167-a4f8-ee1dbb828df0' address='SAMPLE_ADDRESS' shipment_date=datetime.datetime(2026, 8, 20, 20, 41, 18, 439675), order_id=f584ad0c-6d2b-4167-a4f8-ee1dbb828df0, result: shipment_id='d55c4998-cb82-43d5-8bd0-1d93cb64ff55' tracking_id='bf1a6161-1209-4f55-bf25-65bdd3a4fec7' total_input_tokens=0 total_output_tokens=0 total_llm_calls=0
2026-08-18 21:12:00,418 - INFO - Request for book_shipment, order_id=d417715f-ed83-4dac-b6c7-1a549376f7cb, request: order_id='d417715f-ed83-4dac-b6c7-1a549376f7cb' address='SAMPLE_ADDRESS' shipment_date=datetime.datetime(2026, 8, 20, 20, 41, 18, 439675)
2026-08-18 21:12:00,618 - INFO - Request for book_shipment, external carrier service called successfully, order_id=d417715f-ed83-4dac-b6c7-1a549376f7cb, request: order_id='d417715f-ed83-4dac-b6c7-1a549376f7cb' address='SAMPLE_ADDRESS' shipment_date=datetime.datetime(2026, 8, 20, 20, 41, 18, 439675)
2026-08-18 21:12:00,622 - INFO - Request for book_shipment successfully processed, request: order_id='d417715f-ed83-4dac-b6c7-1a549376f7cb' address='SAMPLE_ADDRESS' shipment_date=datetime.datetime(2026, 8, 20, 20, 41, 18, 439675), order_id=d417715f-ed83-4dac-b6c7-1a549376f7cb, result: shipment_id='90e30505-f489-461b-ace1-d4a592ecd6e0' tracking_id='55f0f67a-e0eb-4444-98d3-bca5a9e9820d' total_input_tokens=0 total_output_tokens=0 total_llm_calls=0
2026-08-18 21:12:00,951 - INFO - Request for book_shipment, order_id=253ee8d6-782b-4c5b-afc9-5ccef55636ea, request: order_id='253ee8d6-782b-4c5b-afc9-5ccef55636ea' address='SAMPLE_ADDRESS' shipment_date=datetime.datetime(2026, 8, 20, 20, 41, 18, 439675)
2026-08-18 21:12:01,153 - INFO - Request for book_shipment, external carrier service called successfully, order_id=253ee8d6-782b-4c5b-afc9-5ccef55636ea, request: order_id='253ee8d6-782b-4c5b-afc9-5ccef55636ea' address='SAMPLE_ADDRESS' shipment_date=datetime.datetime(2026, 8, 20, 20, 41, 18, 439675)
2026-08-18 21:12:01,157 - INFO - Request for book_shipment successfully processed, request: order_id='253ee8d6-782b-4c5b-afc9-5ccef55636ea' address='SAMPLE_ADDRESS' shipment_date=datetime.datetime(2026, 8, 20, 20, 41, 18, 439675), order_id=253ee8d6-782b-4c5b-afc9-5ccef55636ea, result: shipment_id='620b7b26-7e45-4c8d-b7bf-8eac3cbf65e0' tracking_id='70e0397f-b966-410d-9b54-db9ddaf2af97' total_input_tokens=0 total_output_tokens=0 total_llm_calls=0
2026-08-18 21:13:19,108 - INFO - Request for book_shipment, order_id=c7aff5ce-9ea6-469e-892f-ee966204ba66, request: order_id='c7aff5ce-9ea6-469e-892f-ee966204ba66' address='SAMPLE_ADDRESS' shipment_date=datetime.datetime(2026, 8, 20, 20, 41, 18, 439675)
2026-08-18 21:13:19,309 - INFO - Request for book_shipment, external carrier service called successfully, order_id=c7aff5ce-9ea6-469e-892f-ee966204ba66, request: order_id='c7aff5ce-9ea6-469e-892f-ee966204ba66' address='SAMPLE_ADDRESS' shipment_date=datetime.datetime(2026, 8, 20, 20, 41, 18, 439675)
2026-08-18 21:13:19,311 - INFO - Request for book_shipment successfully processed, request: order_id='c7aff5ce-9ea6-469e-892f-ee966204ba66' address='SAMPLE_ADDRESS' shipment_date=datetime.datetime(2026, 8, 20, 20, 41, 18, 439675), order_id=c7aff5ce-9ea6-469e-892f-ee966204ba66, result: shipment_id='344473f4-9fed-424d-a90a-ccdc36170867' tracking_id='9851e73b-f5c1-4c3d-8be9-528439ae18fb' total_input_tokens=0 total_output_tokens=0 total_llm_calls=0
2026-08-18 21:13:19,677 - INFO - Request for book_shipment, order_id=d806318c-b7d4-4383-bff5-e0aa16f79b5a, request: order_id='d806318c-b7d4-4383-bff5-e0aa16f79b5a' address='SAMPLE_ADDRESS' shipment_date=datetime.datetime(2026, 8, 20, 20, 41, 18, 439675)
2026-08-18 21:13:19,878 - INFO - Request for book_shipment, external carrier service called successfully, order_id=d806318c-b7d4-4383-bff5-e0aa16f79b5a, request: order_id='d806318c-b7d4-4383-bff5-e0aa16f79b5a' address='SAMPLE_ADDRESS' shipment_date=datetime.datetime(2026, 8, 20, 20, 41, 18, 439675)
2026-08-18 21:13:19,884 - INFO - Request for book_shipment successfully processed, request: order_id='d806318c-b7d4-4383-bff5-e0aa16f79b5a' address='SAMPLE_ADDRESS' shipment_date=datetime.datetime(2026, 8, 20, 20, 41, 18, 439675), order_id=d806318c-b7d4-4383-bff5-e0aa16f79b5a, result: shipment_id='79c6aefb-e952-4b4b-8afd-d506455a03fc' tracking_id='79f2d81c-a766-4884-997b-e734b75c1e63' total_input_tokens=0 total_output_tokens=0 total_llm_calls=0
2026-08-18 21:13:20,383 - INFO - Request for book_shipment, order_id=08bcde86-6216-453f-8e9d-27b029ad4b9f, request: order_id='08bcde86-6216-453f-8e9d-27b029ad4b9f' address='SAMPLE_ADDRESS' shipment_date=datetime.datetime(2026, 8, 20, 20, 41, 18, 439675)
2026-08-18 21:13:20,585 - INFO - Request for book_shipment, external carrier service called successfully, order_id=08bcde86-6216-453f-8e9d-27b029ad4b9f, request: order_id='08bcde86-6216-453f-8e9d-27b029ad4b9f' address='SAMPLE_ADDRESS' shipment_date=datetime.datetime(2026, 8, 20, 20, 41, 18, 439675)
2026-08-18 21:13:20,586 - INFO - Request for book_shipment successfully processed, request: order_id='08bcde86-6216-453f-8e9d-27b029ad4b9f' address='SAMPLE_ADDRESS' shipment_date=datetime.datetime(2026, 8, 20, 20, 41, 18, 439675), order_id=08bcde86-6216-453f-8e9d-27b029ad4b9f, result: shipment_id='99b0f498-6846-4ed4-a103-273cd75f832b' tracking_id='3af475f6-7dc4-419f-82f8-938dc1c6087b' total_input_tokens=0 total_output_tokens=0 total_llm_calls=0
2026-08-18 21:13:20,940 - INFO - Request for book_shipment, order_id=bdcf9bb1-8a1c-417b-8041-8d715b8d2b74, request: order_id='bdcf9bb1-8a1c-417b-8041-8d715b8d2b74' address='SAMPLE_ADDRESS' shipment_date=datetime.datetime(2026, 8, 20, 20, 41, 18, 439675)
2026-08-18 21:13:21,141 - INFO - Request for book_shipment, external carrier service called successfully, order_id=bdcf9bb1-8a1c-417b-8041-8d715b8d2b74, request: order_id='bdcf9bb1-8a1c-417b-8041-8d715b8d2b74' address='SAMPLE_ADDRESS' shipment_date=datetime.datetime(2026, 8, 20, 20, 41, 18, 439675)
2026-08-18 21:13:21,146 - INFO - Request for book_shipment successfully processed, request: order_id='bdcf9bb1-8a1c-417b-8041-8d715b8d2b74' address='SAMPLE_ADDRESS' shipment_date=datetime.datetime(2026, 8, 20, 20, 41, 18, 439675), order_id=bdcf9bb1-8a1c-417b-8041-8d715b8d2b74, result: shipment_id='9e23c4c9-2fe5-4122-961f-017392deb5f0' tracking_id='b0ab7188-d966-4000-bfc0-63de175a3edb' total_input_tokens=0 total_output_tokens=0 total_llm_calls=0
2026-08-18 21:13:21,562 - INFO - Request for book_shipment, order_id=871612e4-1d12-4ab7-9ed2-b032f9fd698a, request: order_id='871612e4-1d12-4ab7-9ed2-b032f9fd698a' address='SAMPLE_ADDRESS' shipment_date=datetime.datetime(2026, 8, 20, 20, 41, 18, 439675)
2026-08-18 21:13:21,764 - INFO - Request for book_shipment, external carrier service called successfully, order_id=871612e4-1d12-4ab7-9ed2-b032f9fd698a, request: order_id='871612e4-1d12-4ab7-9ed2-b032f9fd698a' address='SAMPLE_ADDRESS' shipment_date=datetime.datetime(2026, 8, 20, 20, 41, 18, 439675)
2026-08-18 21:13:21,768 - INFO - Request for book_shipment successfully processed, request: order_id='871612e4-1d12-4ab7-9ed2-b032f9fd698a' address='SAMPLE_ADDRESS' shipment_date=datetime.datetime(2026, 8, 20, 20, 41, 18, 439675), order_id=871612e4-1d12-4ab7-9ed2-b032f9fd698a, result: shipment_id='d404c636-30fc-4881-87a2-7b8c7c11c536' tracking_id='dbe1729a-754c-4953-8945-d6f69bf4b00e' total_input_tokens=0 total_output_tokens=0 total_llm_calls=0
2026-08-18 21:13:37,916 - INFO - Request for book_shipment, order_id=937b7bb8-8066-4770-8358-0e122f9e4352, request: order_id='937b7bb8-8066-4770-8358-0e122f9e4352' address='SAMPLE_ADDRESS' shipment_date=datetime.datetime(2026, 8, 20, 20, 41, 18, 439675)
2026-08-18 21:13:38,116 - INFO - Request for book_shipment, external carrier service called successfully, order_id=937b7bb8-8066-4770-8358-0e122f9e4352, request: order_id='937b7bb8-8066-4770-8358-0e122f9e4352' address='SAMPLE_ADDRESS' shipment_date=datetime.datetime(2026, 8, 20, 20, 41, 18, 439675)
2026-08-18 21:13:38,122 - INFO - Request for book_shipment successfully processed, request: order_id='937b7bb8-8066-4770-8358-0e122f9e4352' address='SAMPLE_ADDRESS' shipment_date=datetime.datetime(2026, 8, 20, 20, 41, 18, 439675), order_id=937b7bb8-8066-4770-8358-0e122f9e4352, result: shipment_id='770ee479-92ae-41c0-97ca-66a8cef51eba' tracking_id='1f6f6d64-95a3-4a9f-8b60-b2a44691efc9' total_input_tokens=0 total_output_tokens=0 total_llm_calls=0
2026-08-18 21:13:38,498 - INFO - Request for book_shipment, order_id=dd31ce6d-60c0-4993-a175-745ac54624b1, request: order_id='dd31ce6d-60c0-4993-a175-745ac54624b1' address='SAMPLE_ADDRESS' shipment_date=datetime.datetime(2026, 8, 20, 20, 41, 18, 439675)
2026-08-18 21:13:38,700 - INFO - Request for book_shipment, external carrier service called successfully, order_id=dd31ce6d-60c0-4993-a175-745ac54624b1, request: order_id='dd31ce6d-60c0-4993-a175-745ac54624b1' address='SAMPLE_ADDRESS' shipment_date=datetime.datetime(2026, 8, 20, 20, 41, 18, 439675)
2026-08-18 21:13:38,705 - INFO - Request for book_shipment successfully processed, request: order_id='dd31ce6d-60c0-4993-a175-745ac54624b1' address='SAMPLE_ADDRESS' shipment_date=datetime.datetime(2026, 8, 20, 20, 41, 18, 439675), order_id=dd31ce6d-60c0-4993-a175-745ac54624b1, result: shipment_id='01427c47-9ff6-469c-9b47-99543c33423e' tracking_id='99903a57-7322-4bd8-8e5b-51fb73ec8af3' total_input_tokens=0 total_output_tokens=0 total_llm_calls=0
2026-08-18 21:13:39,215 - INFO - Request for book_shipment, order_id=01bec240-c2a2-49ca-9b52-8311474785f1, request: order_id='01bec240-c2a2-49ca-9b52-8311474785f1' address='SAMPLE_ADDRESS' shipment_date=datetime.datetime(2026, 8, 20, 20, 41, 18, 439675)
2026-08-18 21:13:39,416 - INFO - Request for book_shipment, external carrier service called successfully, order_id=01bec240-c2a2-49ca-9b52-8311474785f1, request: order_id='01bec240-c2a2-49ca-9b52-8311474785f1' address='SAMPLE_ADDRESS' shipment_date=datetime.datetime(2026, 8, 20, 20, 41, 18, 439675)
2026-08-18 21:13:39,418 - INFO - Request for book_shipment successfully processed, request: order_id='01bec240-c2a2-49ca-9b52-8311474785f1' address='SAMPLE_ADDRESS' shipment_date=datetime.datetime(2026, 8, 20, 20, 41, 18, 439675), order_id=01bec240-c2a2-49ca-9b52-8311474785f1, result: shipment_id='e5e0ec22-5604-4808-b45a-8d861b5f519e' tracking_id='ba55294d-c048-4854-9f31-812cc25b794e' total_input_tokens=0 total_output_tokens=0 total_llm_calls=0
2026-08-18 21:13:39,795 - INFO - Request for book_shipment, order_id=cc02a51c-edc8-4be6-9818-b4f85dbd67f3, request: order_id='cc02a51c-edc8-4be6-9818-b4f85dbd67f3' address='SAMPLE_ADDRESS' shipment_date=datetime.datetime(2026, 8, 20, 20, 41, 18, 439675)
2026-08-18 21:13:39,996 - INFO - Request for book_shipment, external carrier service called successfully, order_id=cc02a51c-edc8-4be6-9818-b4f85dbd67f3, request: order_id='cc02a51c-edc8-4be6-9818-b4f85dbd67f3' address='SAMPLE_ADDRESS' shipment_date=datetime.datetime(2026, 8, 20, 20, 41, 18, 439675)
2026-08-18 21:13:39,999 - INFO - Request for book_shipment successfully processed, request: order_id='cc02a51c-edc8-4be6-9818-b4f85dbd67f3' address='SAMPLE_ADDRESS' shipment_date=datetime.datetime(2026, 8, 20, 20, 41, 18, 439675), order_id=cc02a51c-edc8-4be6-9818-b4f85dbd67f3, result: shipment_id='8da355e1-1d98-4a62-89bd-e24891a53d4c' tracking_id='7508f459-fdd2-4477-81a3-910e3fdf59d2' total_input_tokens=0 total_output_tokens=0 total_llm_calls=0
2026-08-18 21:13:40,373 - INFO - Request for book_shipment, order_id=0240b2ce-5a35-4abc-b5c5-982690c20c5a, request: order_id='0240b2ce-5a35-4abc-b5c5-982690c20c5a' address='SAMPLE_ADDRESS' shipment_date=datetime.datetime(2026, 8, 20, 20, 41, 18, 439675)
2026-08-18 21:13:40,574 - INFO - Request for book_shipment, external carrier service called successfully, order_id=0240b2ce-5a35-4abc-b5c5-982690c20c5a, request: order_id='0240b2ce-5a35-4abc-b5c5-982690c20c5a' address='SAMPLE_ADDRESS' shipment_date=datetime.datetime(2026, 8, 20, 20, 41, 18, 439675)
2026-08-18 21:13:40,581 - INFO - Request for book_shipment successfully processed, request: order_id='0240b2ce-5a35-4abc-b5c5-982690c20c5a' address='SAMPLE_ADDRESS' shipment_date=datetime.datetime(2026, 8, 20, 20, 41, 18, 439675), order_id=0240b2ce-5a35-4abc-b5c5-982690c20c5a, result: shipment_id='1c1c163c-cf6a-470f-8db3-21001e814c03' tracking_id='df1dd6cb-ae37-4519-9191-db031648c6b3' total_input_tokens=0 total_output_tokens=0 total_llm_calls=0
2026-08-18 21:18:58,079 - INFO - Request for book_shipment, order_id=58bc9a8c-d62d-4f95-9007-dea618267171, request: order_id='58bc9a8c-d62d-4f95-9007-dea618267171' address='SAMPLE_ADDRESS' shipment_date=datetime.datetime(2026, 8, 20, 20, 41, 18, 439675)
2026-08-18 21:18:58,280 - INFO - Request for book_shipment, external carrier service called successfully, order_id=58bc9a8c-d62d-4f95-9007-dea618267171, request: order_id='58bc9a8c-d62d-4f95-9007-dea618267171' address='SAMPLE_ADDRESS' shipment_date=datetime.datetime(2026, 8, 20, 20, 41, 18, 439675)
2026-08-18 21:18:58,281 - INFO - Request for book_shipment successfully processed, request: order_id='58bc9a8c-d62d-4f95-9007-dea618267171' address='SAMPLE_ADDRESS' shipment_date=datetime.datetime(2026, 8, 20, 20, 41, 18, 439675), order_id=58bc9a8c-d62d-4f95-9007-dea618267171, result: shipment_id='9aba8fd0-83b6-4bc9-8733-6524963149ac' tracking_id='cff6f9cf-323e-45cb-b72d-3c0e967b5173' total_input_tokens=0 total_output_tokens=0 total_llm_calls=0
2026-08-18 21:18:58,678 - INFO - Request for book_shipment, order_id=f83fa2ba-6fd8-4f6b-b614-fcd7409e7831, request: order_id='f83fa2ba-6fd8-4f6b-b614-fcd7409e7831' address='SAMPLE_ADDRESS' shipment_date=datetime.datetime(2026, 8, 20, 20, 41, 18, 439675)
2026-08-18 21:18:58,879 - INFO - Request for book_shipment, external carrier service called successfully, order_id=f83fa2ba-6fd8-4f6b-b614-fcd7409e7831, request: order_id='f83fa2ba-6fd8-4f6b-b614-fcd7409e7831' address='SAMPLE_ADDRESS' shipment_date=datetime.datetime(2026, 8, 20, 20, 41, 18, 439675)
2026-08-18 21:18:58,883 - INFO - Request for book_shipment successfully processed, request: order_id='f83fa2ba-6fd8-4f6b-b614-fcd7409e7831' address='SAMPLE_ADDRESS' shipment_date=datetime.datetime(2026, 8, 20, 20, 41, 18, 439675), order_id=f83fa2ba-6fd8-4f6b-b614-fcd7409e7831, result: shipment_id='fd508fcb-813c-47c6-a486-a60296d0b11e' tracking_id='d3e55809-8254-49f9-8769-9a86b95a9999' total_input_tokens=0 total_output_tokens=0 total_llm_calls=0
2026-08-18 21:18:59,365 - INFO - Request for book_shipment, order_id=ea9f97ed-d8d5-43ef-b441-a38e4a28b1f6, request: order_id='ea9f97ed-d8d5-43ef-b441-a38e4a28b1f6' address='SAMPLE_ADDRESS' shipment_date=datetime.datetime(2026, 8, 20, 20, 41, 18, 439675)
2026-08-18 21:18:59,567 - INFO - Request for book_shipment, external carrier service called successfully, order_id=ea9f97ed-d8d5-43ef-b441-a38e4a28b1f6, request: order_id='ea9f97ed-d8d5-43ef-b441-a38e4a28b1f6' address='SAMPLE_ADDRESS' shipment_date=datetime.datetime(2026, 8, 20, 20, 41, 18, 439675)
2026-08-18 21:18:59,568 - INFO - Request for book_shipment successfully processed, request: order_id='ea9f97ed-d8d5-43ef-b441-a38e4a28b1f6' address='SAMPLE_ADDRESS' shipment_date=datetime.datetime(2026, 8, 20, 20, 41, 18, 439675), order_id=ea9f97ed-d8d5-43ef-b441-a38e4a28b1f6, result: shipment_id='e849cfba-5068-4487-8d8f-c674725d70ee' tracking_id='3ba6e5d1-2550-4da2-bab3-8b2beda58483' total_input_tokens=0 total_output_tokens=0 total_llm_calls=0
2026-08-18 21:18:59,904 - INFO - Request for book_shipment, order_id=4be6199c-7394-4345-928b-e8567f29a1d0, request: order_id='4be6199c-7394-4345-928b-e8567f29a1d0' address='SAMPLE_ADDRESS' shipment_date=datetime.datetime(2026, 8, 20, 20, 41, 18, 439675)
2026-08-18 21:19:00,105 - INFO - Request for book_shipment, external carrier service called successfully, order_id=4be6199c-7394-4345-928b-e8567f29a1d0, request: order_id='4be6199c-7394-4345-928b-e8567f29a1d0' address='SAMPLE_ADDRESS' shipment_date=datetime.datetime(2026, 8, 20, 20, 41, 18, 439675)
2026-08-18 21:19:00,109 - INFO - Request for book_shipment successfully processed, request: order_id='4be6199c-7394-4345-928b-e8567f29a1d0' address='SAMPLE_ADDRESS' shipment_date=datetime.datetime(2026, 8, 20, 20, 41, 18, 439675), order_id=4be6199c-7394-4345-928b-e8567f29a1d0, result: shipment_id='c9a6801a-91fa-4001-8d97-0125e54930c1' tracking_id='d6376c9b-d9c0-4317-8042-7c3f7d324949' total_input_tokens=0 total_output_tokens=0 total_llm_calls=0
2026-08-18 21:19:00,458 - INFO - Request for book_shipment, order_id=5d0544d2-4f2c-4a99-9acb-0499251ee173, request: order_id='5d0544d2-4f2c-4a99-9acb-0499251ee173' address='SAMPLE_ADDRESS' shipment_date=datetime.datetime(2026, 8, 20, 20, 41, 18, 439675)
2026-08-18 21:19:00,659 - INFO - Request for book_shipment, external carrier service called successfully, order_id=5d0544d2-4f2c-4a99-9acb-0499251ee173, request: order_id='5d0544d2-4f2c-4a99-9acb-0499251ee173' address='SAMPLE_ADDRESS' shipment_date=datetime.datetime(2026, 8, 20, 20, 41, 18, 439675)
2026-08-18 21:19:00,663 - INFO - Request for book_shipment successfully processed, request: order_id='5d0544d2-4f2c-4a99-9acb-0499251ee173' address='SAMPLE_ADDRESS' shipment_date=datetime.datetime(2026, 8, 20, 20, 41, 18, 439675), order_id=5d0544d2-4f2c-4a99-9acb-0499251ee173, result: shipment_id='d8b6bc9b-c356-4c6a-8319-965decf12bea' tracking_id='422fff04-e127-498d-9653-7e7416781531' total_input_tokens=0 total_output_tokens=0 total_llm_calls=0
